sample_id,area,longitude,latitude,is_top200,temperature,rainfall,label,elevation,distance_to_nearest_settlement_km,nearest_settlement_name
1,0.950522098,74.06189099,34.82899441,True,0.22,1.74,0,3681,9.746248432251416,Khawaja Seri
2,0.034728361,74.08633956,34.8200792,False,-0.81,1.73,0,3663,7.396566755187103,Khawaja Seri
3,0.019693202,74.07199024,34.80645933,False,-0.81,1.73,0,3656,7.619067441375813,Khawaja Seri
4,0.206074468,74.07676326,34.85749696,True,-0.81,1.73,0,3680,8.773069852484932,Bakwali
5,0.021374535,74.0782622,34.8611627,False,-0.81,1.73,0,3689,8.521194594123237,Bakwali
6,0.00073464,74.07709179,34.86212171,False,-0.81,1.73,0,3686,8.595120836905345,Bakwali
7,0.019091254,74.08737154,34.85647831,False,-0.81,1.73,0,3936,7.901621595782387,Bakwali
8,0.003892363,74.08900043,34.91214152,False,-0.81,1.73,0,3283,7.9248070576184055,Bakwali
9,0.001057498,74.08982955,34.90983314,False,-0.81,1.73,0,3276,7.75183749471955,Bakwali
10,0.001867557,74.07301453,34.93985521,False,-0.81,1.73,0,4098,10.759005295581801,Bakwali
11,0.00106368,74.07006201,34.94211262,False,-0.81,1.73,0,4185,11.124634468033548,Bakwali
12,0.002289383,74.08106762,34.94943634,False,-0.81,1.73,0,4155,10.8768498144707,Bakwali
13,0.014796554,74.0840106,34.94963879,False,-0.81,1.73,0,4134,10.698599441544925,Bakwali
14,0.006490048,74.08687314,34.95436444,False,-0.81,1.73,0,4067,10.892933225996419,Bakwali
15,0.002289994,74.07401803,34.95673787,False,-0.81,1.73,0,3961,11.901943067474313,Bakwali
16,0.010953177,74.0756251,34.95714655,False,-0.81,1.73,0,3959,11.828750523061673,Bakwali
17,0.300042567,74.10030032,34.96223809,True,-0.81,1.73,0,3605,10.807915410139435,Bakwali
18,0.027935232,74.117285,34.95900102,False,-0.81,1.73,0,4083,9.68700801113309,Bakwali
19,0.059931822,74.13008771,34.95656774,False,-0.81,1.73,0,3799,8.937258633850922,Bakwali
20,0.198136871,74.13842658,34.94793356,True,-0.81,1.73,0,4014,7.7649240622901425,Bakwali
21,0.004052756,74.14108063,34.94333046,False,-0.81,1.73,0,4017,7.201095367745099,Bakwali
22,0.196994664,74.1555706,34.9262382,True,-0.81,1.73,0,3926,4.999537423882604,Bakwali
23,0.300729844,74.09028527,35.0178167,True,-0.81,1.73,0,3893,14.084989282670033,Jalkhad
24,0.027285304,74.09652296,35.04198724,False,-0.81,1.73,0,3977,15.247764046547937,Jalkhad
25,0.047214298,74.11421817,35.07012639,False,-0.81,1.73,0,4196,15.78347650204513,Babusar
26,0.022111235,74.10483304,35.07308481,False,-0.81,1.73,0,4027,15.166294475142164,Babusar
27,0.026123395,74.12869151,35.08034104,False,-0.81,1.73,0,4173,15.32944175887509,Babusar
28,0.020752368,74.14808283,35.09140121,False,-0.81,1.73,0,4316,15.25042664101052,Babusar
29,0.00715117,74.12440705,35.10436818,False,-0.81,1.73,0,4186,12.834382235464192,Babusar
30,0.005218218,74.14455504,35.12115546,False,-0.81,1.73,0,4261,12.528372943318962,Babusar
31,0.026402789,74.21879852,35.10494894,False,-0.81,1.73,0,4404,15.150406443992305,Garul
32,0.002361446,74.21838499,35.10289113,False,-0.81,1.73,0,4428,15.35575252264189,Garul
33,0.008699161,74.21697416,35.10045216,False,-0.81,1.73,0,4448,15.64989089506585,Garul
34,0.001741513,74.21504603,35.10080893,False,-0.81,1.73,0,4442,15.723476878284991,Garul
35,0.00302369,74.19078405,35.09662396,False,-0.81,1.73,0,4348,17.458087429736104,Babusar
36,0.026828355,74.19835689,35.08756943,False,-0.81,1.73,0,4376,17.816934641190024,Garul
37,0.025998731,74.22515598,35.07046505,False,-0.81,1.73,0,4408,18.06892269686112,Garul
38,0.016978644,74.22254699,35.062034,False,-0.81,1.73,0,4398,19.008100639419542,Garul
39,0.028634279,74.18089311,35.03726559,False,-0.81,1.73,0,4025,17.255278254499746,Bakwali
40,0.002439057,74.19138381,35.03883492,False,-0.81,1.73,0,3824,17.519842175783744,Bakwali
41,0.023585798,74.14694608,35.04657285,False,-0.81,1.73,0,4196,18.350606486938993,Bakwali
42,0.064902028,74.15042157,35.05089764,False,-0.81,1.73,0,4200,18.799311812486316,Bakwali
43,0.001826209,74.14603749,35.04954782,False,-0.81,1.73,0,4198,18.688306845183362,Bakwali
44,0.005803908,74.28289021,34.85935138,False,-0.81,1.73,0,4050,7.236086728588514,Dogian
45,0.007400137,74.28176518,34.86384275,False,-0.81,1.73,0,4216,7.456155085660781,Dogian
46,0.047286329,74.27045377,34.86481901,False,-0.81,1.73,0,4067,6.7998071117052445,Surgan Det
47,0.010192533,74.26972956,34.86807655,False,-0.81,1.73,0,4130,6.699930007298888,Surgan Det
48,0.005545481,74.27258279,34.87107546,False,-0.81,1.73,0,4269,6.945837638436641,Surgan Det
49,0.007220898,74.27250738,34.87339806,False,-0.81,1.73,0,4306,6.939245857855719,Surgan Det
50,0.009669159,74.28104922,34.8773095,False,-0.81,1.73,0,4099,7.738254445191524,Surgan Det
51,0.0183238,74.28734101,34.87807078,False,-0.81,1.73,0,3993,7.579852066728107,Dogian
52,0.000550488,74.28819035,34.87775436,False,-0.81,1.73,0,3998,7.494966222385707,Dogian
53,0.004585308,74.29165842,34.88089191,False,-0.81,1.73,0,3895,7.397117773576461,Dogian
54,0.009992423,74.29315392,34.88257619,False,-0.81,1.73,0,3888,7.384251653891601,Dogian
55,0.002713219,74.25739938,34.86961775,False,-0.81,1.73,0,4157,5.566806078079532,Surgan Det
56,0.096159655,74.2501474,34.8738647,False,-0.81,1.73,0,4039,4.9017340920093915,Surgan Det
57,0.042144851,74.24740011,34.87954239,False,-0.81,1.73,0,3950,4.7194682970262285,Surgan Det
58,0.045135424,74.28595576,34.88968736,False,-0.81,1.73,0,4155,8.374722813457627,Dogian
59,0.007744976,74.30421112,34.95925824,False,-0.81,1.73,0,4187,11.492084998891897,Domel
60,0.001519449,74.32756059,34.96456666,False,-0.81,1.73,0,4163,10.065763139485387,Domel
61,0.007531323,74.29220132,35.00268236,False,-0.81,1.73,0,4189,15.28754284949229,Domel
62,0.001324219,74.27956099,35.03218249,False,-0.81,1.73,0,4443,18.452835145709916,Domel
63,0.006262633,74.27051762,35.03424086,False,-0.81,1.73,0,4211,19.17493536808659,Domel
64,0.003331451,74.26216638,35.04384006,False,-0.81,1.73,0,4313,19.566539759522115,Garul
65,0.001460655,74.278914,35.05153027,False,-0.81,1.73,0,4197,18.377209637307843,Garul
66,0.007277967,74.27883909,35.0532169,False,-0.81,1.73,0,4188,18.19494067014197,Garul
67,0.003130972,74.29684743,35.05912433,False,-0.81,1.73,0,4481,17.280194866816313,Garul
68,0.002023044,74.26928218,35.06208345,False,-0.81,1.73,0,3915,17.438858511730974,Garul
69,0.001066896,74.26995854,35.09670217,False,-0.81,1.73,0,4302,13.741266746823047,Garul
70,0.007291193,74.28735471,35.12268651,False,-0.81,1.73,0,4543,10.506414812255787,Garul
71,0.079399207,74.3763953,35.1972932,False,-0.81,1.73,0,4642,5.455672828113641,Garul
72,0.003027491,74.37392754,35.0128905,False,-0.81,1.73,0,3864,11.00082041969732,Upper Domail
73,0.005580415,74.37697665,34.96838023,False,-0.81,1.73,0,3404,7.4429331760818735,Liam
74,0.009904528,74.34220828,34.89789041,False,-0.81,1.73,0,3967,6.043516545222543,Dogian
75,0.008394886,74.36179248,34.90302733,False,-0.81,1.73,0,4135,4.73943672778728,Domel
76,0.006073095,74.30747407,34.86712201,False,-0.81,1.73,0,4017,5.388776243811909,Dogian
77,0.00259134,74.27980466,34.86295733,False,-0.81,1.73,0,4213,7.6029722668194335,Dogian
78,0.000808335,74.26098517,34.86987802,False,-0.81,1.73,0,4168,5.89222300513656,Surgan Det
79,0.021818263,74.44343641,34.87704871,False,-0.81,1.73,0,3858,4.367808718293793,Domel
80,0.016662246,74.44832788,34.88010748,False,-0.81,1.73,0,3694,4.417588745588661,Domel
81,0.001848374,74.46815361,34.8742305,False,-0.81,1.73,0,3649,6.222729085879751,Domel
82,0.004240915,74.46835404,34.87335603,False,-0.81,1.73,0,3649,6.295881048904913,Domel
83,0.754965753,74.5216406,34.91927913,True,-0.81,1.73,0,4045,6.140383090308157,Upper Domail
84,0.005635789,74.52854645,34.91412366,False,-0.81,1.73,0,4060,6.989340819789172,Upper Domail
85,0.045357093,74.54360491,34.91449218,False,-0.81,1.73,0,4173,7.970873065351662,Upper Domail
86,0.217292385,74.52268361,34.84895856,True,-0.81,1.73,0,4018,5.826726285206552,Jandar Seri
87,0.014106051,74.50773085,34.88268408,False,-0.81,1.73,0,3583,7.822610794721371,Liam
88,0.029394611,74.57868324,34.92999291,False,-0.81,1.73,0,4287,9.947020481146787,Upper Domail
89,0.007266541,74.58610155,34.87835345,False,-0.81,1.73,0,3818,10.27537764469952,Phullawai
90,0.001072802,74.58712869,34.87732973,False,-0.81,1.73,0,3812,10.183005649827347,Phullawai
91,0.010498989,74.58627554,34.88048022,False,-0.81,1.73,0,3848,10.510367605507263,Phullawai
92,0.01635248,74.60211252,34.87199342,False,-0.81,1.73,0,3564,9.955940163774411,Marnat
93,0.009063474,74.65902658,34.87000376,False,-0.81,1.73,0,3567,11.117070356091755,Marnat
94,0.111364795,74.67585275,34.83949363,False,-0.81,1.73,0,3868,9.373722542135491,Shundas
95,0.051222856,74.69584546,34.85904898,False,-2.4,1.63,0,4033,12.035063564055811,Shundas
96,0.248067301,74.6801604,34.90818862,True,-0.81,1.73,0,3865,15.769965709138424,Marnat
97,0.052792729,74.6612636,34.89459665,False,-0.81,1.73,0,4202,13.657451274490093,Marnat
98,0.058166805,74.66334375,34.89914626,False,-0.81,1.73,0,4283,14.19674607145165,Marnat
99,0.015314678,74.66109142,34.89794925,False,-0.81,1.73,0,4289,13.992300393315197,Marnat
100,0.040081308,74.65523659,34.9089458,False,-0.81,1.73,0,3954,14.933940658747588,Marnat
101,0.004798301,74.65700038,34.9112918,False,-0.81,1.73,0,3924,15.233859023001106,Marnat
102,0.022870294,74.67170067,34.91750142,False,-0.81,1.73,0,3685,16.371837599750652,Marnat
103,0.070218064,74.63777549,34.91427735,False,-0.81,1.73,0,4025,15.052379569867586,Marnat
104,0.007837067,74.64149452,34.908184,False,-0.81,1.73,0,4235,14.478181618022337,Marnat
105,0.006702339,74.66943133,34.84968327,False,-0.81,1.73,0,4381,9.789038168416488,Marnat
106,0.002600632,74.61985869,34.88768104,False,-0.81,1.73,0,4155,11.835866349318332,Marnat
107,0.013224256,74.70387386,34.93927691,False,-2.4,1.63,0,4407,15.481996260274267,Chechri Kadal
108,0.001779995,74.69752986,34.94427016,False,-2.4,1.63,0,4401,15.951447270052821,Chechri Kadal
109,0.002401558,74.70105045,34.94410298,False,-2.4,1.63,0,4430,15.637739319819842,Chechri Kadal
110,0.037073374,74.70481959,34.94588415,False,-2.4,1.63,0,4502,15.267105760907699,Chechri Kadal
111,0.004281044,74.69266512,34.92979535,False,-2.4,1.63,0,4256,16.714224375372062,Chechri Kadal
112,0.001337982,74.7013803,34.93388233,False,-2.4,1.63,0,4326,15.833726838032167,Chechri Kadal
113,0.000720789,74.70231031,34.93488782,False,-2.4,1.63,0,4342,15.725481248046043,Chechri Kadal
114,0.014837403,74.67969938,34.94624562,False,-0.81,1.73,0,4045,17.52746881757138,Chechri Kadal
115,0.003865366,74.67902526,34.94555156,False,-0.81,1.73,0,4046,17.59871353804198,Chechri Kadal
116,0.002970242,74.63292619,34.95850199,False,-0.81,1.73,0,4307,14.324661470023093,Upper Domail
117,0.014775581,74.62434194,34.9763622,False,-0.81,1.73,0,4090,13.666421152598893,Upper Domail
118,0.002605537,74.62221615,34.97618927,False,-0.81,1.73,0,4090,13.471914085176982,Upper Domail
119,0.002370531,74.62260571,34.9750584,False,-0.81,1.73,0,4097,13.49068076890668,Upper Domail
120,0.009916075,74.62626473,34.97401623,False,-0.81,1.73,0,4118,13.807728394795415,Upper Domail
121,0.007814578,74.57913492,34.98624845,False,-0.81,1.73,0,4394,9.872051301288579,Upper Domail
122,0.007036089,74.56810286,34.98634912,False,-0.81,1.73,0,4414,8.921620633149887,Upper Domail
123,0.045758286,74.72677336,34.98920829,False,-2.4,1.63,0,4331,11.61286938407702,Darla Bala
124,0.008643049,74.71408814,34.96681237,False,-2.4,1.63,0,4367,14.022738810984814,Darla Bala
125,0.001655075,74.71904414,34.96831927,False,-2.4,1.63,0,4417,13.568034187624443,Darla Bala
126,0.002716493,74.71860977,34.96664379,False,-2.4,1.63,0,4418,13.71851905510611,Darla Bala
127,0.033998073,74.58905736,35.00718898,False,-0.81,1.73,0,4447,11.595253305055701,Upper Domail
128,0.006086882,74.57130681,35.00818822,False,-0.81,1.73,0,4466,10.2402044341116,Upper Domail
129,0.008929872,74.64284011,35.03326017,False,-0.81,1.73,0,4561,16.29548451003862,Faqirkot
130,0.009609989,74.55165716,35.02151992,False,-0.81,1.73,0,4418,9.75043995035771,Upper Domail
131,0.00712462,74.44605283,35.06650357,False,-0.81,1.73,0,3754,12.179825206573557,Upper Domail
132,0.001658927,74.4954593,35.05536548,False,-0.81,1.73,0,3851,10.787814174356921,Upper Domail
133,0.00149061,74.49389571,35.05745938,False,-0.81,1.73,0,3882,10.995152904287389,Upper Domail
134,0.004357877,74.70881434,35.0983914,False,-2.4,1.63,0,4531,8.445253342462454,Shain
135,0.00243958,74.68531016,35.0515191,False,-0.81,1.73,0,4234,11.951767436753215,Shain
136,0.002225349,74.68580173,35.05200085,False,-0.81,1.73,0,4231,11.887249878425349,Shain
137,0.011703045,74.63480063,35.04426149,False,-0.81,1.73,0,4323,16.458185116675345,Shain
138,0.045414669,74.56548827,35.16665434,False,-0.81,1.73,0,3749,10.94575699669942,Yakme
139,0.007681813,74.51519235,35.14988652,False,-0.81,1.73,0,4116,15.883129532606338,Yakme
140,0.081593171,74.61605261,35.19271716,False,-0.81,1.73,0,3601,5.64634299993153,Yakme
141,0.144879733,74.78566511,35.33011429,True,1.52,1.06,0,3476,3.1754579072761184,Rama
142,0.002602659,74.77453727,35.3327117,False,1.52,1.06,0,3664,3.582447089080678,Rama
143,0.002475688,74.77247274,35.33907494,False,1.52,1.06,0,3594,3.2977165738417797,Rama
144,0.007675641,74.7534562,35.32318645,False,1.52,1.06,0,3759,5.726638071680301,Rama
145,0.00316577,74.75961412,35.33208302,False,1.52,1.06,0,3682,4.699052597100795,Rama
146,0.166998319,74.67515644,35.3995404,True,5.99,1.02,0,3387,2.800073327858992,Muthath
147,0.01608893,74.66847493,35.41212792,False,5.99,1.02,0,3108,1.275480720134124,Muthath
148,0.004986959,74.0523068,34.83389651,False,0.22,1.74,0,3546,10.772304642112571,Khawaja Seri
149,0.000854494,74.04752147,34.86540498,False,0.22,1.74,0,3814,11.152256350827624,Bakwali
150,0.05902182,74.05034249,34.8657307,False,0.22,1.74,0,3819,10.892477041925863,Bakwali
151,0.003372502,74.09311957,34.83634007,False,-0.81,1.73,0,3713,8.293841849488247,Kharigam
152,0.000671565,74.09156809,34.83716701,False,-0.81,1.73,0,3715,8.460044098040608,Kharigam
153,0.000522017,74.11346041,34.86356357,False,-0.81,1.73,0,4119,5.399750850476657,Bakwali
154,0.003418232,74.09757709,34.86017989,False,-0.81,1.73,0,3690,6.884545285868371,Bakwali
155,0.005699431,74.10550667,34.98459103,False,-0.81,1.73,0,3437,12.7063825802069,Bakwali
156,0.039218784,74.17846435,35.09351066,False,-0.81,1.73,0,4101,16.883058833772992,Babusar
157,0.000556991,74.18272625,35.08497822,False,-0.81,1.73,0,4245,17.833863590461274,Babusar
158,0.000883882,74.17987832,35.08635132,False,-0.81,1.73,0,4207,17.544882360842387,Babusar
159,0.003667438,74.20178219,35.07265082,False,-0.81,1.73,0,4336,18.97011379168073,Garul
160,0.046522634,74.1774635,35.0741868,False,-0.81,1.73,0,4042,18.4113680344277,Babusar
161,0.006053636,74.17690056,35.08390104,False,-0.81,1.73,0,4155,17.56177947101476,Babusar
162,0.017931692,74.14545526,34.86060714,False,-0.81,1.73,0,3929,3.181874466726485,Bakwali
163,0.004327633,74.24018039,35.02785494,False,-0.81,1.73,0,4421,17.45594290768809,Bakwali
164,0.000968107,74.23841107,35.02842331,False,-0.81,1.73,0,4409,17.454562221106507,Bakwali
165,0.000670544,74.23629909,35.15572917,False,-0.81,1.73,0,4590,9.926941115046786,Garul
166,0.007587649,74.23570024,35.15530164,False,-0.81,1.73,0,4589,9.999210139664918,Garul
167,0.003334568,74.23666471,35.16099572,False,-0.81,1.73,0,4681,9.532565468125638,Garul
168,0.004126431,74.23537187,35.17349236,False,-0.81,1.73,0,4690,8.853410975968925,Garul
169,0.000831677,74.23499267,35.17281798,False,-0.81,1.73,0,4689,8.920970297482427,Garul
170,0.008332244,74.36086327,34.88031995,False,-0.81,1.73,0,4008,3.857459195574897,Dogian
171,0.002813905,74.37935923,35.10961563,False,-0.81,1.73,0,4267,12.752330801019207,Garul
172,0.004169869,74.39931634,35.20127644,False,-0.81,1.73,0,4613,7.360115984186423,Garul
173,0.002324768,74.39775161,35.21338636,False,-0.81,1.73,0,4418,7.092846564901825,Garul
174,0.002280068,74.46982972,35.27277642,False,5.99,1.02,0,3898,7.221621827218372,Sar
175,0.001220265,74.48616708,35.26389096,False,5.99,1.02,0,3991,8.993177219411578,Sar
176,0.000956787,74.47605463,35.27118854,False,5.99,1.02,0,3926,7.806419190220411,Sar
177,0.002138409,74.47594082,35.27197844,False,5.99,1.02,0,3917,7.759007072345519,Sar
178,0.001775073,74.46680745,35.27036937,False,5.99,1.02,0,3878,7.105918173332837,Sar
179,0.001671253,74.46294945,35.27377298,False,5.99,1.02,0,3837,6.616275199464157,Sar
180,0.002316434,74.48153044,35.26919981,False,5.99,1.02,0,3944,8.350189283679974,Sar
181,0.000711293,74.47627043,35.26874793,False,5.99,1.02,0,3933,7.9464161108757425,Sar
182,0.004421206,74.45095577,35.21706839,False,-0.81,1.73,0,4766,10.55997086776158,Sar
183,0.00769109,74.55224266,34.91579598,False,-0.81,1.73,0,4268,8.512255455672069,Upper Domail
184,0.000373784,74.55081943,34.91616479,False,-0.81,1.73,0,4252,8.382545851966697,Upper Domail
185,0.002800037,74.51326186,34.97318281,False,-0.81,1.73,0,3093,3.7328247706594517,Upper Domail
186,0.00187164,74.5425938,35.17284305,False,-0.81,1.73,0,3928,12.671435669170544,Yakme
187,0.003585569,74.71249725,35.4288492,False,1.52,1.06,0,4825,4.592193488668867,Muthath
188,0.004220404,74.70881358,35.42906386,False,1.52,1.06,0,4760,4.2667411142340566,Muthath
189,0.0026012,74.67752876,35.02898605,False,-0.81,1.73,0,3879,13.45773863137841,Faqirkot
190,0.002594436,74.65091158,34.9113641,False,-0.81,1.73,0,4113,15.061443250510331,Marnat
191,0.004160333,74.78777517,35.35076051,False,1.52,1.06,0,3393,1.4787058427191162,Rama
192,0.000803326,74.7945702,35.33624945,False,1.52,1.06,0,3456,2.207516565075843,Rama
193,0.001889601,74.79391974,35.33575105,False,1.52,1.06,0,3453,2.2807106636525987,Rama
194,0.000667741,74.7911331,35.33176378,False,1.52,1.06,0,3481,2.787269599515359,Rama
195,0.002394383,74.73796965,35.2814975,False,1.52,1.06,0,4393,2.4508818935740844,Hussain Nori Baihk
196,0.018216347,74.68127495,35.36421345,False,5.99,1.02,0,4207,6.7009326304133,Muthath
197,0.021013819,74.70944522,35.44748321,False,1.52,1.06,0,4548,5.086987346659503,Muthath
198,0.00014662,74.70845651,35.44821834,False,1.52,1.06,0,4555,5.057985003726276,Muthath
199,0.005997156,74.62691722,34.9385985,False,-0.81,1.73,0,4276,13.97650099744565,Upper Domail
200,0.005753862,74.61667102,34.9181976,False,-0.81,1.73,0,4088,13.649696567002017,Upper Domail
201,0.001136409,74.59289673,34.98203261,False,-0.81,1.73,0,4011,10.959585006507561,Upper Domail
202,0.000886358,74.60714406,35.01355005,False,-0.81,1.73,0,4562,13.384483260622963,Upper Domail
203,0.004917332,74.60605749,35.01323541,False,-0.81,1.73,0,4559,13.2803291292988,Upper Domail
204,0.005143507,74.60071182,35.04835115,False,-0.81,1.73,0,4413,15.05720793469971,Upper Domail
205,0.004451816,74.6120123,35.10472955,False,-0.81,1.73,0,4241,12.619157396099839,Yakme
206,0.002216133,74.56700403,35.17463519,False,-0.81,1.73,0,3732,10.497607436352201,Yakme
207,0.007525629,74.5162856,35.10417475,False,-0.81,1.73,0,4925,16.483297657907382,Upper Domail
208,0.001234364,74.48058725,35.00809999,False,-0.81,1.73,0,4158,5.399713342364668,Upper Domail
209,0.00178117,74.44136211,34.99498901,False,-0.81,1.73,0,3151,5.0209494331647,Upper Domail
210,0.002082331,72.01837296,36.43187072,False,-4.58,0.64,0,3758,14.032704285899143,Shagrom Mulkhow
211,0.008813377,72.01547532,36.43303777,False,-4.58,0.64,0,3761,14.30852601149852,Shagrom Mulkhow
212,0.002672722,72.01835987,36.4350035,False,-4.58,0.64,0,3790,14.280706894617596,Shagrom Mulkhow
213,0.000445158,72.01643589,36.43677515,False,-4.58,0.64,0,3810,14.541911506997494,Shagrom Mulkhow
214,0.003412868,72.01373995,36.43692057,False,-4.58,0.64,0,3822,14.72267405119083,Shagrom Mulkhow
215,0.000517341,72.02075028,36.44020202,False,-4.58,0.64,0,3808,14.555653207011488,Shagrom Mulkhow
216,0.000819689,72.00994964,36.44311858,False,-4.58,0.64,0,3891,15.452218637521478,Shagrom Mulkhow
217,0.000282954,72.01063894,36.44390607,False,-4.58,0.64,0,3885,15.472786910135016,Shagrom Mulkhow
218,0.001429009,72.0089609,36.44406348,False,-4.58,0.64,0,3906,15.58924313836979,Shagrom Mulkhow
219,0.000990743,72.00821611,36.44461575,False,-4.58,0.64,0,3907,15.679691333541369,Shagrom Mulkhow
220,0.008931604,72.00497141,36.446495,False,-4.58,0.64,0,3918,16.031699235738827,Shagrom Mulkhow
221,0.006052926,72.00284606,36.44794995,False,-4.58,0.64,0,3948,16.280229018340677,Shagrom Mulkhow
222,0.002512921,72.00237148,36.44876667,False,-4.58,0.64,0,3954,16.374920704287543,Shagrom Mulkhow
223,0.000386847,71.99715946,36.44931448,False,-4.58,0.64,0,3983,16.745930483140498,Shagrom Mulkhow
224,0.000692535,71.9959074,36.44828746,False,-4.58,0.64,0,3979,16.745576664269123,Shagrom Mulkhow
225,0.000684891,72.0007375,36.45156103,False,-4.58,0.64,0,3955,16.700022819509226,Shagrom Mulkhow
226,0.000567758,72.00111963,36.45126478,False,-4.58,0.64,0,3956,16.652591795231302,Shagrom Mulkhow
227,0.001924058,72.00279883,36.45093978,False,-4.58,0.64,0,3947,16.522813600745103,Shagrom Mulkhow
228,0.000485713,72.0042859,36.45041616,False,-4.58,0.64,0,3939,16.389143668930245,Shagrom Mulkhow
229,0.001258353,72.00882712,36.44816062,False,-4.58,0.64,0,3906,15.928575983160028,Shagrom Mulkhow
230,0.000133385,72.00570821,36.44984487,False,-4.58,0.64,0,3935,16.255757942100967,Shagrom Mulkhow
231,0.000132932,72.00501149,36.45118228,False,-4.58,0.64,0,3934,16.407011722026812,Shagrom Mulkhow
232,0.000229043,72.00949889,36.45009464,False,-4.58,0.64,0,3906,16.046566118337225,Shagrom Mulkhow
233,0.000466546,72.00935267,36.45038592,False,-4.58,0.64,0,3903,16.07935948643602,Shagrom Mulkhow
234,0.010962815,72.00765445,36.45350185,False,-4.58,0.64,0,3922,16.4386821199723,Shagrom Mulkhow
235,0.006418057,72.00597158,36.45374275,False,-4.58,0.64,0,3939,16.55906741900794,Shagrom Mulkhow
236,0.015208504,72.00395403,36.45481165,False,-4.58,0.64,0,3925,16.768245242738143,Shagrom Mulkhow
237,0.001917511,71.99873458,36.45347213,False,-4.58,0.64,0,3949,16.97740773274343,Shagrom Mulkhow
238,0.00095821,71.99813789,36.45215627,False,-4.58,0.64,0,3968,16.909113730223094,Shagrom Mulkhow
239,0.001544791,71.9974688,36.45255002,False,-4.58,0.64,0,3968,16.982225305606054,Shagrom Mulkhow
240,0.001360288,71.99612276,36.45384237,False,-4.58,0.64,0,3959,17.169175519330267,Shagrom Mulkhow
241,0.000491131,71.99519876,36.45367658,False,-4.58,0.64,0,3967,17.213708015491513,Shagrom Mulkhow
242,0.001130981,71.99550824,36.45216603,False,-4.58,0.64,0,3971,17.074661060253238,Shagrom Mulkhow
243,0.001262701,71.99382275,36.45181709,False,-4.58,0.64,0,3974,17.153775675370593,Shagrom Mulkhow
244,0.00206093,71.99163416,36.44989487,False,-4.58,0.64,0,3992,17.14453967021146,Shagrom Mulkhow
245,0.005351389,71.98615039,36.45597796,False,-4.58,0.64,0,4028,17.967384085004905,Shagrom Mulkhow
246,0.000460347,71.99165541,36.45813202,False,-4.58,0.64,0,4021,17.789747335368812,Shagrom Mulkhow
247,0.00317983,71.98837256,36.45771107,False,-4.58,0.64,0,4040,17.961856699806436,Shagrom Mulkhow
248,0.000503606,71.98459732,36.45912526,False,-4.58,0.64,0,4062,18.311842537150536,Shagrom Mulkhow
249,0.001271524,71.9866383,36.45996562,False,-4.58,0.64,0,4052,18.249128066722864,Shagrom Mulkhow
250,0.002228025,71.98448498,36.46201099,False,-4.58,0.64,0,4076,18.54629081609573,Shagrom Mulkhow
251,0.001909807,71.98300415,36.46384498,False,-4.58,0.64,0,4099,18.784589762817593,Shagrom Mulkhow
252,0.001467989,71.98239825,36.46390783,False,-4.58,0.64,0,4098,18.827520976858953,Shagrom Mulkhow
253,0.000272465,71.98160173,36.46457509,False,-4.58,0.64,0,4100,18.93036683489709,Shagrom Mulkhow
254,0.000233463,71.98180824,36.46559807,False,-4.58,0.64,0,4093,18.99878966169259,Shagrom Mulkhow
255,0.000784515,71.98057207,36.46515194,False,-4.58,0.64,0,4104,19.040664640540637,Shagrom Mulkhow
256,0.000683736,71.97987695,36.46475869,False,-4.58,0.64,0,4105,19.05326994565856,Shagrom Mulkhow
257,0.000378764,71.98106229,36.46848612,False,-4.58,0.64,0,4124,19.276277036633516,Shagrom Mulkhow
258,0.000831825,71.9793647,36.46841634,False,-4.58,0.64,0,4129,19.375871193363253,Shagrom Mulkhow
259,0.000295609,71.9770595,36.46880303,False,-4.58,0.64,0,4130,19.550422572156737,Shagrom Mulkhow
260,0.005117803,71.97697942,36.47123163,False,-4.58,0.64,0,4154,19.749287906888863,Shagrom Mulkhow
261,0.000524334,71.97675784,36.47162957,False,-4.58,0.64,0,4144,19.79493142846803,Shagrom Mulkhow
262,0.000487467,71.98046554,36.46165547,False,-4.58,0.64,0,4090,18.772405546677195,Shagrom Mulkhow
263,0.002638553,71.9840959,36.46588275,False,-4.58,0.64,0,4088,18.879573105026804,Shagrom Mulkhow
264,0.00111114,71.98314102,36.46619284,False,-4.58,0.64,0,4099,18.963534639067042,Shagrom Mulkhow
265,0.000760719,71.96276802,36.47493044,False,-4.58,0.64,0,4205,20.93577028324512,Shagrom Mulkhow
266,0.00020384,71.96200983,36.4749877,False,-4.58,0.64,0,4201,20.988694056381288,Shagrom Mulkhow
267,0.000139301,71.9642946,36.47477725,False,-4.58,0.64,0,4200,20.826517380931307,Shagrom Mulkhow
268,0.000542988,71.9635594,36.47480597,False,-4.58,0.64,0,4201,20.87557824156395,Shagrom Mulkhow
269,0.000190885,71.97270028,36.46534093,False,-4.58,0.64,0,4141,19.555625691446558,Shagrom Mulkhow
270,0.013735925,71.9079335,36.48056294,False,-4.58,0.64,0,4516,22.694534412996543,Wark
271,0.004206382,71.92179827,36.48117075,False,-4.58,0.64,0,4448,23.043461231872083,Wark
272,0.000637401,71.92104482,36.47618687,False,-4.58,0.64,0,4449,23.538468822190797,Wark
273,0.002824286,71.9416531,36.47443343,False,-4.58,0.64,0,4350,22.28737893178233,Shagrom Mulkhow
274,0.001552178,71.93746103,36.47513572,False,-4.58,0.64,0,4358,22.622589654510584,Shagrom Mulkhow
275,0.000660395,71.95164625,36.47297038,False,-4.58,0.64,0,4293,21.510484217309656,Shagrom Mulkhow
276,0.000528268,71.95396713,36.47153415,False,-4.58,0.64,0,4284,21.249461591303003,Shagrom Mulkhow
277,0.000956253,71.878368,36.47145424,False,-4.58,0.64,0,4630,23.017198375636454,Wark
278,0.000807689,71.87834745,36.47111832,False,-4.58,0.64,0,4631,23.053529328749637,Wark
279,0.000339686,71.87267118,36.47224878,False,-4.58,0.64,0,4667,22.839113670057092,Wark
280,0.0002249,71.8749398,36.47263727,False,-4.58,0.64,0,4656,22.831661813697703,Wark
281,0.003454159,71.87565092,36.47564582,False,-4.58,0.64,0,4660,22.514050028694815,Wark
282,0.000809531,71.93654054,36.43052637,False,-4.58,0.64,0,4409,19.841604057979442,Shagrom Mulkhow
283,0.001739372,71.94232135,36.42916859,False,-4.58,0.64,0,4358,19.317081362595747,Shagrom Mulkhow
284,0.009023196,71.9464867,36.42992858,False,-4.58,0.64,0,4331,19.036834509790342,Shagrom Mulkhow
285,0.000834557,71.94874264,36.42893561,False,-4.58,0.64,0,4322,18.806886708946717,Shagrom Mulkhow
286,0.001876617,71.95735463,36.42142673,False,-4.58,0.64,0,4258,17.722454503659286,Shagrom Mulkhow
287,0.015942659,71.95526988,36.41761986,False,-4.58,0.64,0,4256,17.68311803929031,Shagrom Mulkhow
288,0.011396127,71.96057838,36.41590419,False,-4.58,0.64,0,4269,17.174150700412753,Shagrom Mulkhow
289,0.000331292,71.96219564,36.41686432,False,-4.58,0.64,0,4250,17.097539682759137,Shagrom Mulkhow
290,0.000476057,71.95993703,36.4195163,False,-4.58,0.64,0,4259,17.417004242212823,Shagrom Mulkhow
291,0.001140471,71.95892697,36.41916589,False,-4.58,0.64,0,4272,17.477101345902703,Shagrom Mulkhow
292,0.000765973,71.9582178,36.41889309,False,-4.58,0.64,0,4270,17.51807262883716,Shagrom Mulkhow
293,0.000174963,71.93461778,36.4268082,False,-4.58,0.64,0,4387,19.794296032882542,Shagrom Mulkhow
294,0.000831684,71.96716899,36.42555139,False,-4.58,0.64,0,4191,17.20277087085342,Shagrom Mulkhow
295,0.001590084,71.96884788,36.424816,False,-4.58,0.64,0,4202,17.032087909108437,Shagrom Mulkhow
296,0.000248949,71.96884542,36.42307725,False,-4.58,0.64,0,4190,16.929990545161527,Shagrom Mulkhow
297,0.00028832,71.96698605,36.42258765,False,-4.58,0.64,0,4202,17.043540170239893,Shagrom Mulkhow
298,0.000154067,71.96795625,36.42248198,False,-4.58,0.64,0,4193,16.9632448751781,Shagrom Mulkhow
299,0.000884468,71.96755242,36.42999653,False,-4.58,0.64,0,4187,17.442442611121823,Shagrom Mulkhow
300,0.000773392,71.96683256,36.42954311,False,-4.58,0.64,0,4184,17.468337686087107,Shagrom Mulkhow
301,0.0012226,71.96957525,36.43082394,False,-4.58,0.64,0,4170,17.343567979773095,Shagrom Mulkhow
302,0.000400211,71.97339704,36.42585786,False,-4.58,0.64,0,4184,16.752468778841074,Shagrom Mulkhow
303,0.000307483,71.97804047,36.43409603,False,-4.58,0.64,0,4112,16.937330390621025,Shagrom Mulkhow
304,0.002464765,71.97823702,36.43512314,False,-4.58,0.64,0,4115,16.991728554418675,Shagrom Mulkhow
305,0.00184183,71.97895445,36.435755,False,-4.58,0.64,0,4111,16.983032350666686,Shagrom Mulkhow
306,0.003449848,71.98640947,36.44098729,False,-4.58,0.64,0,4066,16.827907600925283,Shagrom Mulkhow
307,0.0004905,71.98509943,36.44168517,False,-4.58,0.64,0,4050,16.967485603847692,Shagrom Mulkhow
308,0.001036747,71.98848989,36.44191917,False,-4.58,0.64,0,4062,16.754135457679837,Shagrom Mulkhow
309,0.000468245,71.9887568,36.44362749,False,-4.58,0.64,0,4036,16.86140319226284,Shagrom Mulkhow
310,0.00194488,71.98845689,36.44766446,False,-4.58,0.64,0,4011,17.18194089735414,Shagrom Mulkhow
311,0.001385327,71.98879036,36.44682457,False,-4.58,0.64,0,4016,17.096864076395054,Shagrom Mulkhow
312,0.001735676,71.98947233,36.4468753,False,-4.58,0.64,0,4011,17.055689249301594,Shagrom Mulkhow
313,0.001177612,71.99554566,36.37491436,False,-4.58,0.64,0,4464,12.52766274531821,Shagrom Mulkhow
314,0.000930926,71.99337982,36.37486146,False,-4.58,0.64,0,4486,12.712172037228147,Shagrom Mulkhow
315,0.000233228,71.9896056,36.37593153,False,-4.58,0.64,0,4526,13.069837898037282,Shagrom Mulkhow
316,0.000969011,71.98395336,36.37520013,False,-4.58,0.64,0,4604,13.534854389381529,Shagrom Mulkhow
317,0.000703742,71.97697179,36.38176064,False,-4.58,0.64,0,4793,14.340087010159763,Shagrom Mulkhow
318,0.00016164,71.97698437,36.38002286,False,-4.58,0.64,0,4777,14.28233764458426,Shagrom Mulkhow
319,0.000335532,71.97817323,36.38382155,False,-4.58,0.64,0,4794,14.30828909803277,Shagrom Mulkhow
320,0.000401815,71.97811067,36.38345721,False,-4.58,0.64,0,4774,14.300851502441711,Shagrom Mulkhow
321,0.001126924,71.94968524,36.35531742,False,-4.58,0.64,0,4433,16.182406680437854,Shagrom Mulkhow
322,0.000496518,71.95172835,36.3459094,False,-4.58,0.64,0,4332,15.945947976348814,Shagrom Mulkhow
323,0.001517888,71.95193242,36.34541787,False,-4.58,0.64,0,4328,15.926726185277207,Shagrom Mulkhow
324,0.000563283,71.95057275,36.34540169,False,-4.58,0.64,0,4339,16.048459671900435,Shagrom Mulkhow
325,0.000459038,71.9506153,36.34272562,False,-4.58,0.64,0,4336,16.042828564384344,Shagrom Mulkhow
326,0.010575837,71.95326379,36.34287145,False,-4.58,0.64,0,4310,15.805571871421646,Shagrom Mulkhow
327,0.000283511,71.94678677,36.32792937,False,-4.58,0.64,0,4115,16.473245715492414,Shagrom Mulkhow
328,0.001921968,71.94407433,36.32145034,False,-4.58,0.64,0,4034,16.803394787499176,Shagrom Mulkhow
329,0.011286762,71.96946331,36.30635573,False,-4.58,0.64,0,3754,14.822914547718916,Gabushandeh and Dokandeh
330,0.00067634,71.97836554,36.31046406,False,-4.58,0.64,0,3669,14.03579891324269,Shagrom Mulkhow
331,0.000867034,71.9809045,36.30898407,False,-4.58,0.64,0,3667,13.860367754741334,Shagrom Mulkhow
332,0.000988424,71.94304846,36.30993156,False,-4.58,0.64,0,3947,16.859625925925805,Gabushandeh and Dokandeh
333,0.001252129,71.94986761,36.30903698,False,-4.58,0.64,0,3892,16.326412208872814,Gabushandeh and Dokandeh
334,0.013073423,71.91624851,36.30737418,False,-4.58,0.64,0,4024,18.62124459716374,Gabushandeh and Dokandeh
335,0.000637201,71.9155063,36.30245557,False,-4.58,0.64,0,4123,18.37825953473783,Gabushandeh and Dokandeh
336,0.000251252,71.9150797,36.30229431,False,-4.58,0.64,0,4124,18.401004312242566,Gabushandeh and Dokandeh
337,0.005532346,71.91406162,36.30183177,False,-4.58,0.64,0,4121,18.450991339454706,Gabushandeh and Dokandeh
338,0.003744374,71.91274487,36.30026457,False,-4.58,0.64,0,4120,18.460146725329146,Gabushandeh and Dokandeh
339,0.000600992,71.91765777,36.3158925,False,-4.58,0.64,0,4020,19.06349866534464,Gabushandeh and Dokandeh
340,0.000238776,71.91731448,36.31464513,False,-4.58,0.64,0,4021,19.00629329124993,Gabushandeh and Dokandeh
341,0.000180959,71.91743067,36.3140484,False,-4.58,0.64,0,4022,18.958886193459826,Gabushandeh and Dokandeh
342,0.001170135,71.89955679,36.32908051,False,-4.58,0.64,0,4224,19.942572332253132,Oweer Lasht Bala
343,0.000430436,71.89610515,36.3300868,False,-4.58,0.64,0,4263,19.659473586378127,Oweer Lasht Bala
344,0.007918125,71.89544459,36.33078212,False,-4.58,0.64,0,4280,19.616223706437992,Oweer Lasht Bala
345,0.000953169,71.8935074,36.33319448,False,-4.58,0.64,0,4299,19.500270333161588,Oweer Lasht Bala
346,0.000667951,71.89107914,36.33258063,False,-4.58,0.64,0,4324,19.273305849666855,Oweer Lasht Bala
347,0.00109089,71.89053143,36.33398018,False,-4.58,0.64,0,4330,19.258338959630258,Oweer Lasht Bala
348,0.000253474,71.89008189,36.33426138,False,-4.58,0.64,0,4330,19.225817637283143,Oweer Lasht Bala
349,0.001291637,71.88953402,36.33407075,False,-4.58,0.64,0,4331,19.17330316884805,Oweer Lasht Bala
350,0.00017559,71.88786219,36.33455399,False,-4.58,0.64,0,4343,19.039014490717506,Oweer Lasht Bala
351,0.000356729,71.87552245,36.34180076,False,-4.58,0.64,0,4429,18.16945436760258,Oweer Lasht Bala
352,0.000595419,71.87427347,36.34250891,False,-4.58,0.64,0,4433,18.08409322802089,Oweer Lasht Bala
353,0.000197073,71.87479035,36.3408827,False,-4.58,0.64,0,4424,18.078345789937487,Oweer Lasht Bala
354,0.00019463,71.87224066,36.34192482,False,-4.58,0.64,0,4435,17.891090876373198,Oweer Lasht Bala
355,0.000223936,71.87025321,36.34188593,False,-4.58,0.64,0,4438,17.719152704789042,Oweer Lasht Bala
356,0.004050966,71.8714255,36.34400302,False,-4.58,0.64,0,4443,17.88788413324902,Oweer Lasht Bala
357,0.000545244,71.86827394,36.34554449,False,-4.58,0.64,0,4458,17.670503157790446,Oweer Lasht Bala
358,0.000789566,71.86560585,36.34416761,False,-4.58,0.64,0,4453,17.39611328430872,Oweer Lasht Bala
359,0.001155386,71.86625205,36.34542322,False,-4.58,0.64,0,4457,17.494141407514896,Oweer Lasht Bala
360,0.001130798,71.86596091,36.34510354,False,-4.58,0.64,0,4457,17.45832758995779,Oweer Lasht Bala
361,0.003150732,71.86441799,36.34549123,False,-4.58,0.64,0,4451,17.34046315752248,Oweer Lasht Bala
362,0.00099115,71.86509686,36.34650778,False,-4.58,0.64,0,4460,17.43390833966174,Oweer Lasht Bala
363,0.000128034,71.86268414,36.3460833,False,-4.58,0.64,0,4462,17.214066155672,Oweer Lasht Bala
364,0.000293578,71.8642958,36.34191018,False,-4.58,0.64,0,4471,17.20910354784979,Oweer Lasht Bala
365,0.000476998,71.86242566,36.34222507,False,-4.58,0.64,0,4469,17.059437769466484,Oweer Lasht Bala
366,0.000324858,71.86917471,36.34046517,False,-4.58,0.64,0,4443,17.58201790955707,Oweer Lasht Bala
367,0.00024609,71.86907071,36.34079669,False,-4.58,0.64,0,4442,17.583354608045692,Oweer Lasht Bala
368,0.006313843,71.85507099,36.34708241,False,-4.58,0.64,0,4498,16.606851963107946,Oweer Lasht Bala
369,0.002138328,71.8538562,36.34417056,False,-4.58,0.64,0,4498,16.397015812362064,Oweer Lasht Bala
370,0.000143316,71.85452925,36.34389048,False,-4.58,0.64,0,4501,16.444066635024104,Oweer Lasht Bala
371,0.000363965,71.85433816,36.34415469,False,-4.58,0.64,0,4500,16.43730177535481,Oweer Lasht Bala
372,0.000369756,71.85332298,36.34360231,False,-4.58,0.64,0,4512,16.331456950520376,Oweer Lasht Bala
373,0.000559377,71.85309046,36.33999946,False,-4.58,0.64,0,4503,16.187549678238813,Oweer Lasht Bala
374,0.00062368,71.85223593,36.33904065,False,-4.58,0.64,0,4496,16.08284351851572,Oweer Lasht Bala
375,0.00089983,71.85295363,36.33895173,False,-4.58,0.64,0,4496,16.141401725212756,Oweer Lasht Bala
376,0.000327206,71.85219623,36.33829416,False,-4.58,0.64,0,4500,16.05522224030087,Oweer Lasht Bala
377,0.000613856,71.8521048,36.34798383,False,-4.58,0.64,0,4505,16.39187897110618,Oweer Lasht Bala
378,0.001085595,71.85213677,36.34766527,False,-4.58,0.64,0,4505,16.38222674676057,Oweer Lasht Bala
379,0.002800715,71.84990811,36.34561542,False,-4.58,0.64,0,4527,16.116535967743552,Oweer Lasht Bala
380,0.000281267,71.84926271,36.34744305,False,-4.58,0.64,0,4515,16.132400836857155,Oweer Lasht Bala
381,0.004413107,71.84572748,36.34672984,False,-4.58,0.64,0,4540,15.808140654464134,Oweer Lasht Bala
382,0.000508932,71.84080315,36.34531487,False,-4.58,0.64,0,4547,15.339964985382233,Oweer Lasht Bala
383,0.000147443,71.84181895,36.34689974,False,-4.58,0.64,0,4559,15.487996984167747,Oweer Lasht Bala
384,0.002126451,71.83646655,36.34068858,False,-4.58,0.64,0,4586,14.798599906014509,Oweer Lasht Bala
385,0.00068889,71.83997394,36.33887819,False,-4.58,0.64,0,4552,15.030929671625307,Oweer Lasht Bala
386,0.000699283,71.84075251,36.33789645,False,-4.58,0.64,0,4557,15.063435512580943,Oweer Lasht Bala
387,0.00037234,71.83483757,36.33597141,False,-4.58,0.64,0,4578,14.4936048336983,Oweer Lasht Bala
388,0.000524922,71.83412309,36.33808941,False,-4.58,0.64,0,4569,14.50602598207649,Oweer Lasht Bala
389,0.000513806,71.83281174,36.34210066,False,-4.58,0.64,0,4592,14.544267807493721,Oweer Lasht Bala
390,0.000186038,71.81643885,36.35699202,False,-4.58,0.64,0,4695,13.901803819876585,Oweer Lasht Bala
391,0.001125027,71.81594182,36.35833232,False,-4.58,0.64,0,4707,13.93585442347114,Oweer Lasht Bala
392,0.001540971,71.75111626,36.49057911,False,-4.58,0.64,0,4220,19.828045512182715,Ishtirāgh
393,0.000469933,71.75006206,36.48761676,False,-4.58,0.64,0,4257,20.150884902956705,Ishtirāgh
394,0.001068559,71.74887998,36.48036193,False,-4.58,0.64,0,4307,20.950374759416746,Ishtirāgh
395,0.004479986,71.7442007,36.47056166,False,-4.58,0.64,0,4362,20.184897272967632,Oweer Lasht Bala
396,0.003244984,71.74467867,36.46709109,False,-4.58,0.64,0,4387,19.82724810497599,Oweer Lasht Bala
397,0.002126206,71.74825083,36.46506492,False,-4.58,0.64,0,4407,19.707420705712405,Oweer Lasht Bala
398,0.000578546,71.75279606,36.45922456,False,-4.58,0.64,0,4488,19.22317714542416,Oweer Lasht Bala
399,0.00140907,71.75625852,36.45457997,False,-4.58,0.64,0,4553,18.846565970232657,Oweer Lasht Bala
400,0.000635564,71.75619148,36.45569926,False,-4.58,0.64,0,4540,18.960630930719876,Oweer Lasht Bala
401,0.001110429,71.75428231,36.45385019,False,-4.58,0.64,0,4551,18.707837468300742,Oweer Lasht Bala
402,0.157124723,71.79971964,36.18071721,True,-0.61,0.98,1,4584,9.28606299854087,Rabat Mukhi
403,0.03929937,71.78323257,36.16819302,False,-0.61,0.98,0,4433,8.639139828977324,Rabat Mukhi
404,0.007713603,71.77880482,36.14537324,False,-0.61,0.98,0,4772,7.285367362297589,Gram Breshgram
405,0.000446279,71.77235005,36.1375953,False,-0.61,0.98,0,4598,6.680418363292422,Kuloom
406,0.000779249,71.77173655,36.13826662,False,-0.61,0.98,0,4589,6.77059286148986,Kuloom
407,0.025467232,71.77369181,36.13814136,False,-0.61,0.98,0,4602,6.691210467303616,Kuloom
408,0.000470067,71.7702199,36.13901389,False,-0.61,0.98,0,4544,6.900794955587272,Kuloom
409,0.033308309,71.76946434,36.13774442,False,-0.61,0.98,0,4530,6.799840200178978,Kuloom
410,0.048173611,71.76362663,36.13894417,False,-0.61,0.98,0,4524,7.152455767830609,Kuloom
411,0.005616847,71.77312068,36.12881559,False,-0.61,0.98,0,4553,5.761791420860665,Kuloom
412,0.032119067,71.77806454,36.12677725,False,-0.61,0.98,0,4563,5.372639011117813,Kuloom
413,0.022231467,71.77994608,36.12414154,False,-0.61,0.98,0,4543,5.037279401202912,Kuloom
414,0.000377424,71.78432209,36.12330676,False,-0.61,0.98,0,4610,4.814393754655814,Kuloom
415,0.000266711,71.78117399,36.12255322,False,-0.61,0.98,0,4591,4.8322504862082685,Kuloom
416,0.002158,71.78361903,36.11611801,False,-0.61,0.98,0,4583,4.086673771310015,Kuloom
417,0.003359944,71.85042912,36.18366872,False,-0.61,0.98,1,4749,8.954410017526522,Kresp Karimabad
418,0.000447873,71.84846713,36.18412972,False,-0.61,0.98,1,4782,8.997819142404156,Kresp Karimabad
419,0.000592099,71.8466118,36.18715629,False,-0.61,0.98,1,4790,9.330132718782458,Kresp Karimabad
420,0.000384791,71.84529228,36.18842218,False,-0.61,0.98,0,4789,9.469833377036217,Kresp Karimabad
421,0.001619402,71.84381266,36.18929555,False,-0.61,0.98,0,4813,9.567534082233172,Kresp Karimabad
422,0.000437417,71.83720043,36.17914058,False,-0.61,0.98,0,4641,8.466924616480178,Kresp Karimabad
423,0.000182566,71.83659702,36.17869593,False,-0.61,0.98,0,4638,8.422348166420223,Kresp Karimabad
424,0.006719873,71.83407497,36.17136786,False,-0.61,0.98,0,4592,7.636996215517384,Kresp Karimabad
425,6.53e-05,71.83303012,36.17167626,False,-0.61,0.98,0,4598,7.683593465486243,Kresp Karimabad
426,0.000145132,71.83677449,36.16503846,False,-0.61,0.98,0,4542,6.909474416079186,Kresp Karimabad
427,0.000358117,71.83634466,36.16465792,False,-0.61,0.98,0,4537,6.871676786981756,Kresp Karimabad
428,0.002353449,71.82916649,36.15191318,False,-0.61,0.98,0,4356,5.594482473830568,Kresp Karimabad
429,0.000478461,71.81637221,36.15785376,False,-0.61,0.98,0,4768,6.593549533227691,Kresp Karimabad
430,0.000248916,71.81702876,36.15691131,False,-0.61,0.98,0,4769,6.47407215570883,Kresp Karimabad
431,0.000247848,71.81487106,36.15598849,False,-0.61,0.98,0,4780,6.458468340146514,Kresp Karimabad
432,0.000984448,71.81835348,36.14770012,False,-0.61,0.98,0,4634,5.491644404544384,Kresp Karimabad
433,7.81e-05,71.79409721,36.14341543,False,-0.61,0.98,0,4631,6.392224558341963,Kresp Karimabad
434,0.004392332,71.86513248,36.17009939,False,-0.61,0.98,1,4597,7.648646227927952,Kresp Karimabad
435,0.000250362,71.88415319,36.18211047,False,-0.61,0.98,1,4686,9.445821252792863,Kresp Karimabad
436,0.001717862,71.89109623,36.17191793,False,-0.61,0.98,1,4498,8.683646986576846,Kresp Karimabad
437,0.000186387,71.38167267,35.98566793,False,-3.03,0.97,0,4390,4.895802820993291,Darband
438,0.001707496,71.38059291,35.98445737,False,-3.03,0.97,0,4390,5.061196049455856,Darband
439,0.000185662,71.38263777,35.98491463,False,-3.03,0.97,0,4394,4.903896864115659,Darband
440,0.000479215,71.38228827,35.98466496,False,-3.03,0.97,0,4392,4.9453162564058655,Darband
441,0.08047433,71.37301315,35.97956748,False,-3.03,0.97,0,4607,5.920291386478306,Darband
442,0.003928566,71.38048981,35.97367016,False,-3.03,0.97,0,4533,6.027116601964595,Darband
443,0.002518604,71.35609947,35.97514121,False,-3.03,0.97,0,4429,7.350897972604068,Darband
444,0.005312525,71.36219284,35.96130487,False,-3.03,0.97,0,4411,8.103997189441392,Darband
445,0.067229098,71.37632135,35.95180727,False,-3.03,0.97,0,4656,8.193376502062334,Mushin
446,0.000902895,71.3701962,35.96076937,False,-3.03,0.97,0,4598,7.734705762511827,Darband
447,0.000395307,71.38476474,35.96436765,False,-3.03,0.97,0,4572,6.634859964091587,Mushin
448,0.002351142,71.38663889,35.96358568,False,-3.03,0.97,0,4532,6.591533623649734,Mushin
449,0.000211155,71.3883923,35.96253832,False,-3.03,0.97,0,4586,6.583356675301854,Mushin
450,0.001855807,71.39446301,35.9696031,False,-3.03,0.97,0,4333,5.628170145045966,Mushin
451,0.018422599,71.40264964,35.96236049,False,-3.03,0.97,0,4531,5.899007568526195,Mushin
452,0.001123815,71.40409906,35.95985484,False,-3.03,0.97,0,4592,6.088824544426077,Mushin
453,0.016035912,71.42905606,35.89476705,False,-3.03,0.97,0,4545,8.243315335076304,Darband Garamchashma
454,0.002584224,71.4252534,35.89547186,False,-3.03,0.97,0,4489,8.550053120809002,Darband Garamchashma
455,0.000238704,71.42536882,35.89747309,False,-3.03,0.97,0,4510,8.482341245906104,Darband Garamchashma
456,0.001430291,71.43585475,35.89854747,False,-3.03,0.97,0,4477,7.538501238562231,Darband Garamchashma
457,0.008647637,71.42174526,35.88042361,False,-3.03,0.97,0,4509,9.432075332324683,Darband Garamchashma
458,0.00525291,71.47881288,36.14440914,False,-3.03,0.97,0,4580,9.790975437136355,Besti
459,0.000612566,71.4699051,36.13959805,False,-3.03,0.97,0,4562,9.614515076010873,Densik
460,0.004685752,71.47523802,36.12514546,False,-3.03,0.97,0,4947,9.246644608993934,Densik
461,0.000158195,71.47581533,36.12468205,False,-3.03,0.97,0,4956,9.27302032992123,Densik
462,0.000212671,71.46894741,36.11114507,False,-3.03,0.97,0,4641,8.178892257653256,Densik
463,0.000107615,71.46957476,36.11135032,False,-3.03,0.97,0,4650,8.239346519056282,Densik
464,0.000139539,71.46899785,36.11160851,False,-3.03,0.97,0,4644,8.197506413012663,Densik
465,0.000569785,71.47848502,36.11429532,False,-3.03,0.97,0,4762,9.09940330004821,Densik
466,0.000786499,71.47151103,36.11222944,False,-3.03,0.97,0,4652,8.433568298987277,Densik
467,0.002037426,71.49681234,36.12853444,False,-3.03,0.97,0,4421,8.903094784220565,Besti
468,0.052116557,71.38399468,36.18394411,False,-3.03,0.97,0,4757,10.341121572687811,Densik
469,0.000617613,71.38608438,36.18484985,False,-3.03,0.97,0,4750,10.4476750032996,Densik
470,0.000794496,71.38858264,36.18322894,False,-3.03,0.97,0,4716,10.279214093456455,Densik
471,0.000650412,71.38777773,36.18165569,False,-3.03,0.97,0,4746,10.100273651432378,Densik
472,0.000389594,71.38979488,36.18255082,False,-3.03,0.97,0,4726,10.211415471963054,Densik
473,8.61e-05,71.39178033,36.18262995,False,-3.03,0.97,0,4722,10.234880057294328,Densik
474,7.76e-05,71.39246363,36.18302579,False,-3.03,0.97,0,4715,10.284457318335667,Densik
475,0.00046917,71.39662025,36.18502827,False,-3.03,0.97,0,4656,10.547935250862086,Densik
476,0.000217035,71.38608684,36.1885773,False,-3.03,0.97,0,4706,10.861834021418295,Densik
477,0.000425196,71.37557631,36.19082525,False,-3.03,0.97,0,4901,11.115979586719765,Densik
478,0.000287752,71.37470774,36.16650465,False,-3.03,0.97,0,4676,8.420831149270965,Densik
479,0.032340516,71.35763108,36.13926264,False,-3.03,0.97,0,4756,5.7791733564918815,Densik
480,0.002741934,71.36309963,36.11584797,False,-3.03,0.97,0,4602,3.2184256783592318,Densik
481,0.000640992,71.33014335,36.01077072,False,-3.03,0.97,0,3891,6.958264815372164,Noghore/ Merdin
482,0.003992943,71.32021723,36.01264644,False,-3.03,0.97,0,4212,7.529979473852942,Noghore/ Merdin
483,0.001550607,71.29988338,35.85788272,False,-3.03,0.97,0,3410,20.578608282486968,Darband Garamchashma
484,0.000532418,71.34619681,36.04896618,False,-3.03,0.97,0,3983,3.025235043631869,Deghali
485,0.004422218,71.36670517,36.01892661,False,-3.03,0.97,0,4459,3.6174526322723835,Irjiak
486,0.000429385,71.42846465,36.21506667,False,-3.03,0.97,0,4844,14.431559972154247,Densik
487,0.005961708,71.42831058,36.21427878,False,-3.03,0.97,0,4827,14.343751214194954,Densik
488,0.000902006,71.44965282,36.07102563,False,-3.03,0.97,0,4870,5.719207000823003,Amardan
489,0.00149854,71.46591275,36.07343015,False,-3.03,0.97,0,4713,6.879033909666606,Isphukht
490,0.000161605,71.46753669,36.07380874,False,-3.03,0.97,0,4697,7.0088979767231,Isphukht
491,0.001211018,71.46746581,36.07223322,False,-3.03,0.97,0,4693,6.877358326337437,Isphukht
492,0.009568859,71.46663828,36.07231007,False,-3.03,0.97,0,4700,6.83215868951571,Isphukht
493,0.000144747,71.46651351,36.07127694,False,-3.03,0.97,0,4704,6.74141159818545,Isphukht
494,0.013489808,71.47228579,36.06635224,False,-3.03,0.97,0,4817,6.750715849600956,Isphukht
495,0.001048516,71.48458949,36.06047131,False,-3.03,0.97,0,4679,6.504612729018383,Ughuti
496,0.000722161,71.46988234,36.06023527,False,-3.03,0.97,0,4910,6.095900010061133,Gohik
497,0.000805139,71.4729155,36.05752108,False,-3.03,0.97,0,4819,5.86933466139819,Gohik
498,0.001476445,71.49270956,36.048342,False,-3.03,0.97,0,4378,5.535194778646815,Ughuti
499,0.005139903,71.48183906,35.81394712,False,-3.03,0.97,0,4698,11.803865413951096,Darband Garamchashma
500,0.000189129,71.48149854,35.81516544,False,-3.03,0.97,0,4729,11.681592601908573,Darband Garamchashma
501,0.020974728,71.48800878,35.81363828,False,-3.03,0.97,0,4607,11.701970358980564,Darband Garamchashma
502,0.008964461,71.49625698,35.81495472,False,-3.03,0.97,0,4697,11.416349180915665,Darband Garamchashma
503,0.000128018,71.49595209,35.81425104,False,-3.03,0.97,0,4697,11.498006272471779,Darband Garamchashma
504,0.000604678,71.49969597,35.8160702,False,-3.03,0.97,0,4766,11.247703928963714,Darband Garamchashma
505,0.000782534,71.50891027,35.82508945,False,-3.03,0.97,0,4613,10.164584899966412,Darband Garamchashma
506,0.00026611,71.50319113,35.82656184,False,-3.03,0.97,0,4625,10.050296817291484,Darband Garamchashma
507,0.04589649,71.50637949,35.82607324,False,-3.03,0.97,0,4588,10.07381611658401,Darband Garamchashma
508,0.000600246,71.48747392,35.79870099,False,-3.03,0.97,0,4686,13.336543758688325,Darband Garamchashma
509,0.018216339,71.49420623,35.78496883,False,-3.03,0.97,0,4715,14.741227631688925,Darband Garamchashma
510,0.012610873,71.48998305,35.78463166,False,-3.03,0.97,0,4738,14.835235522642668,Darband Garamchashma
511,0.029339409,71.463555,35.77383557,False,-3.03,0.97,0,4220,15.452864649466473,Barg-e-Matal
512,0.000487016,71.46456336,35.77389693,False,-3.03,0.97,0,4234,15.521182072339036,Barg-e-Matal
513,0.001113399,71.48195686,35.74642054,False,2.7,1.35,0,4349,14.794985428277991,Barg-e-Matal
514,0.045184305,71.51738271,35.74042142,False,2.7,1.35,0,4614,15.175882125888112,Bumburait
515,0.000451915,71.52003892,35.74085869,False,2.7,1.35,0,4618,14.968343851818767,Bumburait
516,0.000317632,71.52066096,35.74145837,False,2.7,1.35,0,4612,14.93968258763204,Bumburait
517,0.018543966,71.53816127,35.74680302,False,2.7,1.35,0,4433,13.725327745358568,Bumburait
518,0.008936286,71.54193396,35.74334962,False,2.7,1.35,0,4352,13.253281980378153,Bumburait
519,0.009228678,71.54004338,35.73674111,False,2.7,1.35,0,4553,13.119421258581319,Bumburait
520,0.013078512,71.53166918,35.7280958,False,2.7,1.35,0,4522,13.517780899594639,Bumburait
521,0.050321696,71.52534436,35.72824295,False,2.7,1.35,0,4468,14.070128777919845,Bumburait
522,0.053788775,71.5295831,35.72310496,False,2.7,1.35,0,4523,13.551396375798756,Bumburait
523,0.001318697,71.51584969,35.72739345,False,2.7,1.35,0,4327,14.871095337051145,Bumburait
524,0.024930721,71.51826069,35.72656956,False,2.7,1.35,0,4322,14.63730205030212,Bumburait
525,0.148855459,71.53233098,35.71399166,True,2.7,1.35,0,4484,13.094491971358837,Bumburait
526,0.003568067,71.53530611,35.71012985,False,2.7,1.35,0,4596,12.759700809877767,Bumburait
527,0.015639151,71.54306599,35.70623958,False,2.7,1.35,0,4589,12.00717889777351,Bumburait
528,0.010003569,71.54732858,35.69926573,False,2.7,1.35,0,4741,11.55381652138762,Bumburait
529,0.009287023,71.55653709,35.69844004,False,2.7,1.35,0,4683,10.718402662914947,Bumburait
530,0.015484786,71.53994901,35.69505359,False,2.7,1.35,0,4483,12.20205663191821,Bumburait
531,0.009455505,71.52772326,35.6911286,False,2.7,1.35,0,4598,13.306268179528443,Bumburait
532,0.014077264,71.52158768,35.6791393,False,2.7,1.35,0,4444,13.946127354914443,Bumburait
533,0.002545132,71.51120835,35.67190243,False,2.7,1.35,0,4200,14.984025336181894,Bumburait
534,0.005496745,71.53837763,35.68266674,False,2.7,1.35,0,4737,12.397226346476224,Bumburait
535,0.010379592,71.53759615,35.68103143,False,2.7,1.35,0,4721,12.485835733949454,Bumburait
536,0.071438365,71.51643788,35.65856064,False,2.7,1.35,0,4489,14.832055414643827,Bumburait
537,0.001316777,71.49829122,35.6547208,False,2.7,1.35,0,4571,14.055573953429983,Barg-e-Matal
538,0.029112266,71.48821726,35.64888252,False,2.7,1.35,0,4200,13.278342147931152,Barg-e-Matal
539,0.002062806,71.49447116,35.64357974,False,2.7,1.35,0,4372,13.962531908608529,Barg-e-Matal
540,0.034504129,71.4964384,35.64359879,False,2.7,1.35,0,4370,14.134540030804084,Barg-e-Matal
541,0.00223844,71.48653004,35.63668784,False,2.7,1.35,0,4230,13.483606275960256,Barg-e-Matal
542,0.026401501,71.47606383,35.63577378,False,2.7,1.35,0,4379,12.621031243252967,Barg-e-Matal
543,0.016294177,71.46888281,35.63785764,False,2.7,1.35,0,4290,11.931947946657258,Barg-e-Matal
544,0.105025636,71.46767095,35.63316993,False,2.7,1.35,0,4180,12.016132623979345,Barg-e-Matal
545,0.123778391,71.44690988,35.61998343,True,2.7,1.35,0,4137,11.02854093190137,Barg-e-Matal
546,0.031736687,71.4480451,35.61484628,False,2.7,1.35,0,4141,11.433582966642984,Barg-e-Matal
547,0.020404879,71.42311907,35.62489962,False,2.7,1.35,0,4294,8.955714599611186,Barg-e-Matal
548,0.042945095,71.40184999,35.63124082,False,2.7,1.35,0,4241,7.02864966876309,Barg-e-Matal
549,0.033086796,71.47633876,35.62101252,False,2.7,1.35,0,3747,13.286937473514234,Barg-e-Matal
550,0.004931091,71.51916275,35.68541445,False,2.7,1.35,0,4325,14.103904248513132,Bumburait
551,0.07398846,71.51861027,35.68911588,False,2.7,1.35,0,4315,14.134543716274976,Bumburait
552,0.006055445,71.54161205,35.72298368,False,2.7,1.35,0,4606,12.49803706897338,Bumburait
553,0.000862679,71.53621977,35.8535316,False,-3.03,0.97,0,4422,7.197562794915885,Darband Garamchashma
554,0.000420277,71.53995729,35.852731,False,-3.03,0.97,0,4450,7.372688637878367,Darband Garamchashma
555,0.004862544,71.51419773,35.86341869,False,-3.03,0.97,0,3926,5.88279256082778,Darband Garamchashma
556,0.027912417,71.55152787,35.87341732,False,-3.03,0.97,0,4293,5.70957867917496,Darband Garamchashma
557,0.000114437,71.56663878,35.8757287,False,-0.61,0.98,0,4619,6.3735792020209905,Darband Garamchashma
558,0.00578511,71.56798225,35.87492709,False,-0.61,0.98,0,4605,6.522218783284311,Darband Garamchashma
559,0.001019008,71.58045181,35.88123368,False,-0.61,0.98,0,4523,6.944728460456834,Darband Garamchashma
560,0.000350205,71.59058417,35.88072477,False,-0.61,0.98,0,4498,7.74586095153992,Darband Garamchashma
561,0.001353577,71.60196982,35.88297386,False,-0.61,0.98,0,4378,8.531965487510288,Darband Garamchashma
562,0.007773697,71.60623605,35.88023246,False,-0.61,0.98,0,4460,9.01124577069346,Darband Garamchashma
563,0.005777481,71.63352878,35.88767251,False,-0.61,0.98,0,4419,10.043532725105583,Munoor
564,0.001944102,71.8800367,36.19504677,False,-0.61,0.98,1,4984,10.679636866286403,Kresp Karimabad
565,0.59658151,71.7729024,36.15784358,True,-0.61,0.98,0,4830,8.651908507292779,Rabat Mukhi
566,0.001336312,71.76390465,36.14598258,False,-0.61,0.98,0,4868,7.841004644601621,Kuloom
567,0.002742284,71.60620247,35.59052439,False,5.7,1.41,0,4165,8.536195004300204,Behal Birir
568,0.002719541,71.60213087,35.5890407,False,5.7,1.41,0,4050,8.933935189839406,Behal Birir
569,0.002823995,71.63591122,35.92152207,False,-0.61,0.98,0,4517,7.846631045926685,Munoor
570,0.006327759,71.6544076,35.92710645,False,-0.61,0.98,0,4376,7.993076119606441,Ucho Gole
571,0.002627251,71.6542194,35.92761351,False,-0.61,0.98,0,4378,7.934370055145564,Ucho Gole
572,0.053473759,71.58640574,35.74836219,False,5.7,1.41,0,4074,10.090125924185157,Bumburait
573,0.002664436,71.56096963,35.5965947,False,2.7,1.35,0,3972,11.894381581233299,Behal Birir
574,0.008321559,71.54201823,35.61107136,False,2.7,1.35,0,3853,13.11654408568878,Behal Birir
575,0.022475996,71.53888518,35.61134514,False,2.7,1.35,0,3839,13.389063680109993,Behal Birir
576,0.002522618,71.49351748,35.65856658,False,2.7,1.35,0,4581,13.568612646201418,Barg-e-Matal
577,0.00200349,71.49903555,36.07920756,False,-3.03,0.97,0,4497,8.571682944612041,Bekhi
578,0.004088754,71.49036369,36.06875369,False,-3.03,0.97,0,4520,7.540203607078563,Ughuti
579,0.010952054,71.48483303,36.10239167,False,-3.03,0.97,0,4832,9.37929192792678,Densik
580,0.000682085,71.48710297,36.24858297,False,-3.03,0.97,0,4021,12.70648454611673,Besti
581,0.000802996,71.4946759,36.28003634,False,-1.35,0.68,0,4471,15.055988112782831,Besti
582,0.020085872,71.48443155,36.28706685,False,-1.35,0.68,0,4931,16.212188960129748,Besti
583,0.000510292,71.48958448,36.28960205,False,-1.35,0.68,0,4839,16.1995433240311,Besti
584,0.000182524,71.49059245,36.28945565,False,-1.35,0.68,0,4834,16.13827034922499,Besti
585,0.001761702,71.47038675,36.29923532,False,-1.35,0.68,0,4572,15.058110876712107,Dehgool
586,0.00209208,71.43984597,36.2764439,False,-1.35,0.68,0,4482,16.548673624396788,Dehgool
587,0.000281555,71.43402063,36.27420864,False,-1.35,0.68,0,4369,16.681162676052228,Dehgool
588,0.001244938,71.43458724,36.2741622,False,-1.35,0.68,0,4373,16.696201402836103,Dehgool
589,0.001792039,71.43231148,36.25933114,False,-1.35,0.68,0,4617,17.177765841407194,Besti
590,0.000305324,71.4312904,36.25947604,False,-1.35,0.68,0,4622,17.26044439278909,Besti
591,0.000825839,71.41852228,35.90375333,False,-3.03,0.97,0,4228,8.945826641099057,Darband Garamchashma
592,0.001477639,71.45298344,36.06497758,False,-3.03,0.97,0,5003,5.406380146358152,Isphukht
593,0.002224884,71.45031779,36.0640251,False,-3.03,0.97,0,5101,5.172672396169668,Isphukht
594,0.000803222,71.44932669,36.06430453,False,-3.03,0.97,0,5088,5.142075081905268,Isphukht
595,0.000600923,71.44803184,36.06471897,False,-3.03,0.97,0,5066,5.108876847011877,Isphukht
596,0.000532196,71.44293172,36.0753358,False,-3.03,0.97,0,4823,5.547910682364853,Noghore/ Merdin
597,0.001813155,71.4642454,36.23571436,False,-3.03,0.97,0,4344,13.313410136410996,Besti
598,0.001380241,71.4617054,36.23338339,False,-3.03,0.97,0,4367,13.351352892878067,Besti
599,0.000258629,71.45778571,36.24301867,False,-3.03,0.97,0,4567,14.261651402165246,Besti
600,0.000168623,71.45311067,36.24359998,False,-3.03,0.97,0,4615,14.636683746329673,Besti
601,0.000572795,71.45260587,36.2442518,False,-3.03,0.97,0,4610,14.716075309060587,Besti
602,0.001073647,71.45129157,36.24777661,False,-3.03,0.97,0,4710,15.045355940894908,Besti
603,0.000315255,71.45074357,36.25111971,False,-1.35,0.68,0,4805,15.311994391087458,Besti
604,0.000216287,71.45091045,36.2503497,False,-1.35,0.68,0,4787,15.247305816007373,Besti
605,0.001981475,71.39875967,36.20744454,False,-3.03,0.97,0,4824,13.045041212073688,Densik
606,0.000893145,71.40207806,36.20678881,False,-3.03,0.97,0,4762,13.011806466726231,Densik
607,0.000622771,71.38783663,36.19650974,False,-3.03,0.97,0,4820,11.749943619417492,Densik
608,0.006937183,71.38731752,36.19578244,False,-3.03,0.97,0,4806,11.666955827548831,Densik
609,0.007713915,71.33685072,36.16003544,False,-3.03,0.97,0,4833,7.9612631729603125,Shah Saleem
610,0.012438799,71.34242913,36.15184104,False,-3.03,0.97,0,4892,7.148533495887576,Shah Saleem
611,0.009074052,71.25552379,36.02721044,False,-3.03,0.97,0,4533,9.314963355051063,Shah Saleem
612,0.000746734,71.23920522,36.03136906,False,-3.03,0.97,0,4747,10.060570509380154,Shah Saleem
613,0.003865249,71.24170543,36.03149548,False,-3.03,0.97,0,4743,9.879308776660412,Shah Saleem
614,0.017870724,71.23954918,36.0395868,False,-3.03,0.97,0,4647,9.478785144927262,Shah Saleem
615,0.000398015,71.2333507,36.04478799,False,-3.03,0.97,0,4498,9.62974134365019,Shah Saleem
616,0.000581262,71.23203806,36.04308505,False,-3.03,0.97,0,4514,9.828518913287288,Shah Saleem
617,0.000878529,71.23090937,36.04297509,False,-3.03,0.97,0,4515,9.921636008202547,Shah Saleem
618,0.000314943,71.22862487,36.04211469,False,-3.03,0.97,0,4542,10.14695737360787,Shah Saleem
619,0.00097119,71.22631097,36.0409647,False,-3.03,0.97,0,4567,10.391145629759139,Shah Saleem
620,0.000227137,71.22336729,36.04152373,False,-3.03,0.97,0,4566,10.58774195553806,Shah Saleem
621,0.000975172,71.22309881,36.04117673,False,-3.03,0.97,0,4563,10.627946454951912,Shah Saleem
622,0.002847932,71.24349799,36.01704934,False,-3.03,0.97,0,4845,10.878659025035418,Shah Saleem
623,0.002115616,71.24442103,36.01576728,False,-3.03,0.97,0,4833,10.928528830142133,Shah Saleem
624,0.000299379,71.2471361,36.01843107,False,-3.03,0.97,0,4801,10.54496304447417,Shah Saleem
625,0.002078372,71.31942072,35.9771513,False,-3.03,0.97,0,4402,9.737978882403748,Irjiak
626,0.004437786,71.29700005,36.16413303,False,-3.03,0.97,0,4542,8.732971405040582,Shah Saleem
627,0.001776485,71.29768447,36.16317111,False,-3.03,0.97,0,4573,8.612753977514615,Shah Saleem
628,0.000627139,71.27460793,36.1515547,False,-3.03,0.97,0,4570,8.317889191786543,Shah Saleem
629,0.000929828,71.27661592,36.15061207,False,-3.03,0.97,0,4563,8.13180956394711,Shah Saleem
630,0.000686698,71.27310084,36.1487913,False,-3.03,0.97,0,4609,8.140316009117498,Shah Saleem
631,0.000201183,71.27221381,36.14853723,False,-3.03,0.97,0,4615,8.16368870767014,Shah Saleem
632,0.004405645,71.23752309,36.05956482,False,-3.03,0.97,0,4250,8.554773791451527,Shah Saleem
633,0.005737047,71.24226907,36.07075435,False,-3.03,0.97,0,4131,7.74668104700186,Shah Saleem
634,0.001941503,71.2279777,36.10243604,False,-3.03,0.97,0,4439,8.883775917744021,Shah Saleem
635,0.000311993,71.22792652,36.10155511,False,-3.03,0.97,0,4439,8.87245832162394,Shah Saleem
636,0.001596365,71.23828261,36.10112228,False,-3.03,0.97,0,4490,7.946575058885838,Shah Saleem
637,0.05066744,71.23411147,36.10044619,False,-3.03,0.97,0,4478,8.30440603176965,Shah Saleem
638,0.013466878,71.24011213,36.10531106,False,-3.03,0.97,0,4510,7.8782141049096515,Shah Saleem
639,0.067357407,71.19428919,36.08738674,False,-3.03,0.97,0,3944,11.787303149915155,Shah Saleem
640,0.00622367,71.20646482,36.10746884,False,-3.03,0.97,0,3851,10.885220998762538,Shah Saleem
641,0.84791573,71.20751214,36.11990939,True,-3.03,0.97,0,3851,11.137883778865817,Shah Saleem
642,0.00188199,71.32313894,36.14576754,False,-3.03,0.97,0,4362,6.312042662736771,Shah Saleem
643,0.000161871,71.31333733,36.14930287,False,-3.03,0.97,0,4555,6.789485933153806,Shah Saleem
644,0.009231655,71.23683482,36.12604498,False,-3.03,0.97,0,4602,8.961771548849365,Shah Saleem
645,0.00079694,71.2500398,36.13533049,False,-3.03,0.97,0,4695,8.508366714824001,Shah Saleem
646,0.005101034,71.24898472,36.13640259,False,-3.03,0.97,0,4702,8.656002083922104,Shah Saleem
647,0.000102826,71.2476911,36.13559833,False,-3.03,0.97,0,4711,8.69498035127954,Shah Saleem
648,0.000270846,71.24772501,36.1367246,False,-3.03,0.97,0,4711,8.767669348052245,Shah Saleem
649,0.009346608,71.24630412,36.13619857,False,-3.03,0.97,0,4702,8.834820559536075,Shah Saleem
650,0.024950205,71.24237438,36.14293545,False,-3.03,0.97,0,4564,9.57142481254343,Shah Saleem
651,0.053949914,71.24290728,36.14659613,False,-3.03,0.97,0,4551,9.795031011394364,Shah Saleem
652,0.005537441,71.24553308,36.15130666,False,-3.03,0.97,0,4569,9.973830234409382,Shah Saleem
653,0.04134387,71.19523999,36.15811473,False,-3.03,0.97,0,3720,13.992273246363409,Shah Saleem
654,0.015923523,71.15929326,36.13259555,False,-3.03,0.97,0,4414,15.692571836731421,Shah Saleem
655,0.001396201,71.16591368,36.11913192,False,-3.03,0.97,0,4682,14.718331461435627,Shah Saleem
656,0.001359838,71.16466386,36.11897774,False,-3.03,0.97,0,4688,14.823848828654732,Shah Saleem
657,0.001858969,71.16377344,36.11855684,False,-3.03,0.97,0,4685,14.891460791831808,Shah Saleem
658,0.006869466,71.16309924,36.11952091,False,-3.03,0.97,0,4678,14.974364248417274,Shah Saleem
659,0.004547857,71.16489093,36.05944163,False,-3.03,0.97,0,4548,14.80049481786318,Shah Saleem
660,0.000196593,71.16413833,36.03835447,False,-3.03,0.97,0,4504,15.556223825884416,Shah Saleem
661,0.005496141,71.16240941,36.03770352,False,-3.03,0.97,0,4544,15.727355128095672,Shah Saleem
662,0.030784055,71.20034025,36.02454637,False,-3.03,0.97,0,4664,13.338053851026961,Shah Saleem
663,0.001046558,71.20073132,36.01350233,False,-3.03,0.97,0,4493,14.008973967939982,Shah Saleem
664,0.0005609,71.21359612,36.06687183,False,-3.03,0.97,0,4644,10.349936722732078,Shah Saleem
665,0.000101572,71.21346581,36.06708693,False,-3.03,0.97,0,4648,10.355635628315248,Shah Saleem
666,0.001437459,71.21404217,36.06725716,False,-3.03,0.97,0,4648,10.300827995878269,Shah Saleem
667,0.000981061,71.64795238,35.93293759,False,-0.61,0.98,0,4270,7.247529561962657,Ucho Gole
668,0.000784781,71.65960559,35.93698248,False,-0.61,0.98,0,4353,7.055328910670938,Ucho Gole
669,0.007958273,71.66745399,35.93873549,False,-0.61,0.98,0,4355,7.126623412066211,Ucho Gole
670,0.001653584,71.66805592,35.94435126,False,-0.61,0.98,0,4251,6.5848757788040375,Ucho Gole
671,0.001555108,71.66757201,35.94949262,False,-0.61,0.98,0,4158,6.057994979004579,Ucho Gole
672,0.002602171,71.14899979,36.12221575,False,-3.03,0.97,0,4735,16.275738002507047,Shah Saleem
673,0.002598649,71.19851252,36.02954776,False,-3.03,0.97,0,4702,13.18908093059334,Shah Saleem
674,0.000893288,71.20053592,36.02689364,False,-3.03,0.97,0,4690,13.184445985177652,Shah Saleem
675,0.003309957,71.19569117,36.02643887,False,-3.03,0.97,0,4649,13.583148502446395,Shah Saleem
676,0.001430717,71.19669586,36.02337234,False,-3.03,0.97,0,4641,13.684706640487017,Shah Saleem
677,0.000384847,71.20601816,36.05070004,False,-3.03,0.97,0,4769,11.549733905514445,Shah Saleem
678,0.000124249,71.20758704,36.05002996,False,-3.03,0.97,0,4746,11.446860456172763,Shah Saleem
679,0.000382246,71.2299546,36.10272233,False,-3.03,0.97,0,4441,8.714210393485324,Shah Saleem
680,0.000552312,71.26458566,36.11895389,False,-3.03,0.97,0,4420,6.400745847408802,Shah Saleem
681,0.001494795,71.26426195,36.1222309,False,-3.03,0.97,0,4447,6.6215291790897615,Shah Saleem
682,0.001101355,71.26673152,36.14633197,False,-3.03,0.97,0,4643,8.271262688823839,Shah Saleem
683,0.00984784,71.32472673,36.1742967,False,-3.03,0.97,0,4616,9.48114710317358,Shah Saleem
684,5.94e-05,71.32955485,36.17433365,False,-3.03,0.97,0,4678,9.492192103436707,Shah Saleem
685,7.23e-05,71.32929478,36.1743633,False,-3.03,0.97,0,4670,9.494608583115056,Shah Saleem
686,0.001548703,71.33123995,36.18067655,False,-3.03,0.97,0,4662,10.20358542249277,Shah Saleem
687,0.00053831,71.33066337,36.18039225,False,-3.03,0.97,0,4660,10.169498873673845,Shah Saleem
688,0.000549464,71.34825519,36.18988975,False,-3.03,0.97,0,4913,11.395298105675504,Densik
689,0.003391971,71.34893132,36.19011789,False,-3.03,0.97,0,4909,11.404110458629086,Densik
690,0.000906681,71.35844227,36.15269226,False,-3.03,0.97,0,4903,7.166640256673996,Densik
691,0.000698449,71.4472672,36.23389158,False,-3.03,0.97,0,4702,14.469559145983407,Besti
692,0.001356411,71.43901196,36.1701314,False,-3.03,0.97,0,3814,10.210434908967935,Densik
693,0.001137106,71.45148214,35.91129497,False,-3.03,0.97,0,4462,5.894114212878661,Darband Garamchashma
694,0.001133009,71.46775956,35.91999951,False,-3.03,0.97,0,4562,4.421100004099215,Darband Garamchashma
695,0.000984941,71.47636836,36.08103997,False,-3.03,0.97,0,4696,8.138324651896772,Isphukht
696,0.000668685,71.47438035,36.08205898,False,-3.03,0.97,0,4670,8.101224517988358,Isphukht
697,0.001581902,71.47367931,36.09005755,False,-3.03,0.97,0,4676,8.291999936110223,Densik
698,0.000107005,71.47475881,36.0906443,False,-3.03,0.97,0,4682,8.388426786518377,Densik
699,0.001365577,71.48260186,36.08920025,False,-3.03,0.97,0,4802,9.095293103138728,Densik
700,0.000193506,71.47992354,36.1069216,False,-3.03,0.97,0,5072,9.027528078726995,Densik
701,0.000139176,71.48060335,36.10643188,False,-3.03,0.97,0,5098,9.076977155716804,Densik
702,0.008023341,71.48118556,36.19902634,False,-3.03,0.97,0,5141,9.99507092540216,Besti
703,0.000208578,71.47995741,36.19975665,False,-3.03,0.97,0,5041,10.12755957352129,Besti
704,0.000627374,71.48099149,36.19975897,False,-3.03,0.97,0,5037,10.041632289285312,Besti
705,0.001794835,71.50133031,36.34122867,False,-1.35,0.68,0,4751,12.863307328097958,Dehgool
706,0.000177409,71.50231864,36.34111064,False,-1.35,0.68,0,4756,12.936331764870884,Dehgool
707,0.002637207,71.51083963,36.31273242,False,-1.35,0.68,0,4748,14.87295918140605,Oweer Arkari
708,0.000446167,71.49087872,36.17350255,False,-3.03,0.97,0,4484,8.459413024319423,Besti
709,0.000757538,71.4915483,35.8105066,False,-3.03,0.97,0,4710,11.977596037755978,Darband Garamchashma
710,0.000586586,71.54181384,35.85543701,False,-3.03,0.97,0,4498,7.136152315290011,Darband Garamchashma
711,0.000118578,71.5419997,35.85593787,False,-3.03,0.97,0,4503,7.088744853301074,Darband Garamchashma
712,0.000417473,71.75181535,36.45673228,False,-4.58,0.64,0,4500,18.932693371914805,Oweer Lasht Bala
713,0.000532726,71.7315339,36.41634756,False,-4.58,0.64,0,4361,14.094863170179087,Oweer Lasht Bala
714,0.001237455,71.73490768,36.41289507,False,-4.58,0.64,0,4401,13.835180065406185,Oweer Lasht Bala
715,0.000434131,71.76534317,36.48057023,False,-4.58,0.64,0,4532,21.05592514457358,Ishtirāgh
716,0.001397376,71.76338002,36.48128239,False,-4.58,0.64,0,4460,20.956555150613692,Ishtirāgh
717,0.000281162,71.75458955,36.45794768,False,-4.58,0.64,0,4519,19.14438485584521,Oweer Lasht Bala
718,9.32e-05,71.75514869,36.45704069,False,-4.58,0.64,0,4525,19.067223440192382,Oweer Lasht Bala
719,0.000213217,71.75602553,36.45679862,False,-4.58,0.64,0,4535,19.0696228668524,Oweer Lasht Bala
720,0.002328521,71.92113921,36.35192374,False,-4.58,0.64,0,5107,18.707790615753016,Shagrom Mulkhow
721,0.004546792,71.97499285,36.47277923,False,-4.58,0.64,0,4153,19.996449631929973,Shagrom Mulkhow
722,0.002523665,72.23922072,35.26995082,False,0.55,1.36,0,3805,7.387391238998113,Gorkoye
723,0.027970358,72.2302589,35.27454999,False,0.55,1.36,0,3942,7.658867708407024,Gorkoye
724,0.002725366,72.24656242,35.2862585,False,0.55,1.36,0,4175,9.319127927175833,Gorkoye
725,0.001004998,72.21725167,35.27190475,False,0.55,1.36,0,3922,7.203941484337081,Gorkoye
726,0.001076922,72.24313704,35.27889978,False,0.55,1.36,0,3915,8.444053857840231,Gorkoye
727,0.005667528,72.21712161,35.26808907,False,0.55,1.36,0,3852,6.779752411722038,Gorkoye
728,0.000436269,72.16422284,35.26436614,False,5.7,1.41,0,3898,7.711067038160481,Gorkoye
729,0.012462224,72.16280766,35.26457754,False,5.7,1.41,0,3903,7.803846906548835,Gorkoye
730,0.001989905,72.15917328,35.26780062,False,5.7,1.41,0,3873,8.287176644100466,Gorkoye
731,0.026487602,72.15664566,35.26773683,False,5.7,1.41,0,3841,8.417377437442811,Gorkoye
732,0.029129207,72.15362884,35.27394725,False,5.7,1.41,0,3600,9.13593538821818,Gorkoye
733,0.000998058,72.1633011,35.27377173,False,5.7,1.41,0,3821,8.635827071754344,Gorkoye
734,0.000944079,72.16292925,35.27355014,False,5.7,1.41,0,3822,8.632245683723216,Gorkoye
735,0.008054028,72.16375936,35.27273642,False,5.7,1.41,0,3825,8.515785943820743,Gorkoye
736,0.051781307,72.13823278,35.26046826,False,5.7,1.41,0,3705,8.964123925044722,Gorkoye
737,0.021029176,72.12763825,35.25252118,False,5.7,1.41,0,3740,8.702937981741524,Nashnamal
738,0.016340055,72.12383041,35.25449363,False,5.7,1.41,0,3702,9.069445012430547,Nashnamal
739,0.002843367,72.12358484,35.25608669,False,5.7,1.41,0,3706,9.232149857778149,Nashnamal
740,0.003171348,72.24726323,35.29705716,False,0.55,1.36,0,3799,10.477900111763521,Gorkoye
741,0.567737188,72.23330841,35.30005667,True,0.55,1.36,0,3598,10.49441881554926,Gorkoye
742,0.089903636,72.21981583,35.30314231,False,0.55,1.36,0,3435,10.685156870971701,Gorkoye
743,0.008628913,72.21467813,35.31032036,False,0.55,1.36,0,3418,11.463780158579574,Gorkoye
744,0.125401652,72.22563755,35.32052369,True,0.55,1.36,0,3569,11.517560553362953,Kalkot
745,0.005632558,72.24119615,35.31615522,False,0.55,1.36,0,4121,12.390437476266923,Gorkoye
746,0.046461896,72.24209395,35.32047627,False,0.55,1.36,0,3925,12.126382833740186,Kalkot
747,0.0104075,72.24241509,35.34665511,False,0.55,1.36,0,3781,9.644168849713038,Kalkot
748,0.065406756,72.13285853,35.52498877,False,5.7,1.41,0,4035,11.984643513929683,Lamutai
749,0.017135037,72.15925347,35.53052034,False,5.7,1.41,0,4202,10.629702537871115,Lamutai
750,0.002562931,72.14122371,35.54388845,False,5.7,1.41,0,4258,12.828936026148119,Lamutai
751,0.051411121,72.13507906,35.54706734,False,5.7,1.41,0,3938,13.468379993606286,Lamutai
752,0.136788376,72.13958071,35.51112384,True,5.7,1.41,0,4065,10.60370396385812,Lamutai
753,0.000208753,72.1224014,35.50713426,False,5.7,1.41,0,3849,11.293166432137417,Kalkot
754,0.006877285,72.12342569,35.50622107,False,5.7,1.41,0,3848,11.159978266022751,Kalkot
755,0.032217816,72.31027921,35.53015249,False,0.55,1.36,0,4207,9.350807058563024,Bela Gabral
756,0.002599358,72.32476303,35.54799023,False,0.55,1.36,0,4146,7.983369430563511,Khu
757,0.01057182,72.31524955,35.55015841,False,0.55,1.36,0,3997,8.860577262287062,Khu
758,0.021710981,72.30891438,35.54636881,False,0.55,1.36,0,4144,9.405391258704505,Khu
759,0.000773469,72.30068805,35.54626759,False,0.55,1.36,0,4125,10.148702898847704,Khu
760,0.00779469,72.30140908,35.54718877,False,0.55,1.36,0,4109,10.087704840858002,Khu
761,0.011158961,72.29288296,35.54687971,False,0.55,1.36,0,3955,10.856912926515937,Khu
762,0.003842568,72.29058436,35.54725107,False,0.55,1.36,0,3964,10.808077257879411,Lamutai
763,0.010625168,72.30169161,35.54417161,False,0.55,1.36,0,4143,10.052280992034095,Khu
764,0.00397979,72.29956919,35.5442952,False,0.55,1.36,0,4160,10.24447462739705,Khu
765,0.001947895,72.28645033,35.54982591,False,0.55,1.36,0,3937,10.911478678607587,Lamutai
766,0.002599,72.28500638,35.55971805,False,0.55,1.36,0,3861,11.709052090356689,Khu
767,0.001030195,72.28554305,35.55733955,False,0.55,1.36,0,3866,11.62196895803756,Khu
768,0.001937139,72.27733733,35.56382676,False,0.55,1.36,0,4012,12.088248416039358,Lamutai
769,0.000270778,72.27107623,35.56581965,False,0.55,1.36,0,4138,12.149811288052465,Lamutai
770,0.003173302,72.27104086,35.56516745,False,0.55,1.36,0,4142,12.078711805399942,Lamutai
771,0.004052975,72.26892823,35.56458805,False,0.55,1.36,0,4151,11.970582744882893,Lamutai
772,0.002332807,72.32798258,35.5534881,False,0.55,1.36,0,4034,7.760974729343182,Khu
773,0.013164201,72.27370894,35.57758408,False,0.55,1.36,0,3936,12.734458282389332,Gul Abad
774,0.00286449,72.26208542,35.57909045,False,0.55,1.36,0,4068,13.431574575926662,Lamutai
775,0.025824684,72.21424206,35.59523884,False,0.55,1.36,0,4098,15.210985412023135,Lamutai
776,0.170583534,72.23462907,35.6081569,True,0.55,1.36,0,3870,15.546616780289156,Gul Abad
777,0.016570756,72.22664428,35.61420115,False,0.55,1.36,0,4111,16.243840254427532,Gul Abad
778,0.006828289,72.21586103,35.62369379,False,0.55,1.36,0,4312,17.236556223000782,Gul Abad
779,0.151146337,72.23237893,35.62532578,True,0.55,1.36,0,4287,15.75598824182015,Gul Abad
780,0.00772403,72.32426465,35.61423685,False,0.55,1.36,0,4425,7.420998890160073,Gul Abad
781,0.02853903,72.2995577,35.61079492,False,0.55,1.36,0,4176,9.669903546243967,Gul Abad
782,0.006416238,72.29937299,35.61776378,False,0.55,1.36,0,4454,9.66949734855571,Gul Abad
783,0.000516215,72.3019563,35.6355484,False,0.55,1.36,0,4106,9.67674516229915,Gul Abad
784,0.265907077,72.29681282,35.63589031,True,0.55,1.36,0,4072,10.138606237764549,Gul Abad
785,0.067726103,72.28669028,35.65874885,False,0.55,1.36,0,3496,11.803637818015789,Gul Abad
786,0.014144038,72.26884172,35.67998371,False,0.55,1.36,0,4387,14.307638903082841,Gul Abad
787,0.003656374,72.26939855,35.68497917,False,0.55,1.36,0,4414,14.548038459497455,Gul Abad
788,0.011946221,72.27325515,35.68711449,False,0.55,1.36,0,4466,14.381630724626016,Gul Abad
789,0.000874813,72.0306093,35.54823078,False,5.7,1.41,0,3966,16.13138666636967,Gowch
790,0.011908024,72.02950978,35.54959458,False,5.7,1.41,0,3946,15.955692993782222,Gowch
791,0.007224899,72.05768933,35.55763995,False,5.7,1.41,0,4029,17.36028946424291,Ziarat Drosh
792,0.080945506,72.12438897,35.57278336,False,5.7,1.41,0,4092,16.248849963482556,Lamutai
793,0.065869867,72.13246773,35.58295581,False,5.7,1.41,0,3864,16.70790933224732,Lamutai
794,0.007692177,72.13244582,35.58685261,False,5.7,1.41,0,3833,17.06569140266433,Lamutai
795,0.038038132,72.10709992,35.61170879,False,5.7,1.41,0,4149,17.827359274926646,Ziarat Drosh
796,0.034717419,72.10760157,35.61892375,False,5.7,1.41,0,4296,17.600553030492083,Ziarat Drosh
797,0.001013975,71.99220446,35.56149801,False,5.7,1.41,0,3503,12.634601566866804,Gowch
798,0.004985868,72.03662634,35.57030689,False,5.7,1.41,0,3734,15.023948992211718,Ziarat Drosh
799,0.065601046,72.03418678,35.57283754,False,5.7,1.41,0,3722,14.667832871110488,Ziarat Drosh
800,0.005011212,72.05278692,35.58310408,False,5.7,1.41,0,4135,15.126329511493196,Ziarat Drosh
801,0.022581671,72.04913371,35.58597121,False,5.7,1.41,0,4038,14.668993921458584,Ziarat Drosh
802,0.018781398,72.0569487,35.59339908,False,5.7,1.41,0,4414,14.740936391411173,Ziarat Drosh
803,0.034512066,72.09806384,35.64118748,False,5.7,1.41,0,4116,15.387311781023287,Matio Drosh
804,0.003414275,72.09897179,35.64187688,False,5.7,1.41,0,4125,15.357780164988815,Matio Drosh
805,0.000339277,72.09775701,35.64239747,False,5.7,1.41,0,4121,15.255282195006844,Matio Drosh
806,0.000539001,72.1176333,35.64341368,False,5.7,1.41,0,3932,16.075431077151897,Matio Drosh
807,0.094318408,72.11748813,35.64115232,False,5.7,1.41,0,3922,16.27830516760261,Matio Drosh
808,0.098366711,71.9967167,35.83173679,False,-0.61,0.98,1,3679,6.938868017216985,Madak Lusht
809,0.082503674,71.99380389,35.81705323,False,-0.61,0.98,1,3778,5.662332581279041,Madak Lusht
810,0.204421874,72.16398728,35.77158094,True,-0.61,0.98,1,4172,12.081769267390557,Madak Lusht
811,0.000743305,72.17923947,35.78414296,False,-0.61,0.98,1,4186,13.482712776702797,Madak Lusht
812,0.187984668,72.17571474,35.78081804,True,-0.61,0.98,1,4188,13.144141409471494,Madak Lusht
813,0.54730227,72.19410652,35.79947493,True,-2.76,0.9,1,4135,15.026084303095452,Madak Lusht
814,0.001407726,72.19766282,35.79962756,False,-2.76,0.9,1,4187,15.344834696150112,Madak Lusht
815,0.011747427,72.21670416,35.82635988,False,-2.76,0.9,0,4028,17.74772239586435,Madak Lusht
816,0.001513303,72.21708162,35.8250165,False,-2.76,0.9,0,4043,17.733216101535252,Madak Lusht
817,0.005034534,72.21775516,35.82365574,False,-2.76,0.9,0,4065,17.744899518371785,Madak Lusht
818,0.000669813,72.21664835,35.9383763,False,-2.76,0.9,0,4283,20.66905626208828,Moroi Bala
819,0.001859645,72.21498033,35.9374473,False,-2.76,0.9,0,4296,20.580752244571432,Moroi Bala
820,0.000267452,72.21393305,35.93805736,False,-2.76,0.9,0,4291,20.466041712552702,Moroi Bala
821,0.000484327,72.21570523,35.93108281,False,-2.76,0.9,0,4369,20.965920906447778,Moroi Bala
822,0.00023126,72.21691749,35.93127517,False,-2.76,0.9,0,4364,21.051917448311702,Moroi Bala
823,0.000373439,72.21169852,35.9276007,False,-2.76,0.9,0,4409,20.838733083791382,Moroi Bala
824,0.000245251,72.21328918,35.92646966,False,-2.76,0.9,0,4415,21.025539193100247,Moroi Bala
825,0.001538771,72.21697648,35.92647463,False,-2.76,0.9,0,4409,21.313789999022884,Moroi Bala
826,0.001143772,72.21977581,35.92583255,False,-2.76,0.9,0,4414,21.568486324005733,Moroi Bala
827,0.006134366,72.33608962,35.92564616,False,-2.76,0.9,0,3821,17.89237217308388,Rezud Balim
828,1.618183971,72.33440196,35.91196826,True,-2.76,0.9,0,3651,19.343081649319025,Rezud Balim
829,0.004450074,72.37422582,35.92451419,False,-2.76,0.9,0,4501,16.27960431502018,Sur Luspur
830,0.000959789,72.37109367,35.88140562,False,-2.76,0.9,1,4774,20.65389507438334,Sur Luspur
831,0.001106981,72.36987851,35.88139496,False,-2.76,0.9,1,4770,20.70115272429543,Sur Luspur
832,0.002416594,72.36899323,35.90357752,False,-2.76,0.9,0,4752,18.53482065687088,Sur Luspur
833,0.006089527,72.34854239,35.81847666,False,-2.76,0.9,1,4113,23.094632372017536,Gul Abad
834,0.000577257,72.1752182,35.81394316,False,-0.61,0.98,1,4654,13.76288683640379,Madak Lusht
835,0.001679271,72.17506379,35.81252929,False,-0.61,0.98,1,4641,13.701741964085983,Madak Lusht
836,0.006819096,71.97498703,35.80464932,False,-0.61,0.98,0,4181,5.936471663042757,Madak Lusht
837,0.002783067,72.33828601,35.73100186,False,0.55,1.36,0,4012,14.172907632541401,Gul Abad
838,0.000304169,72.34183023,35.73453084,False,0.55,1.36,0,3988,14.394923807148075,Gul Abad
839,0.001224522,72.34026904,35.73457839,False,0.55,1.36,0,3997,14.457385174668053,Gul Abad
840,0.00090595,72.33806631,35.73602256,False,0.55,1.36,0,4026,14.686197732281682,Gul Abad
841,0.000950265,72.33591428,35.73696989,False,0.55,1.36,0,4053,14.863983009566013,Gul Abad
842,0.000678973,72.35638504,35.73088606,False,0.55,1.36,0,3842,13.532168706388905,Gul Abad
843,0.000308441,72.24464571,35.72949973,False,0.55,1.36,0,3879,19.29129664670216,Gul Abad
844,0.191045983,72.24070614,35.72854676,True,0.55,1.36,0,3882,19.49404925585574,Gul Abad
845,0.084867966,72.2301627,35.7309097,False,0.55,1.36,0,3826,18.718175267723016,Madak Lusht
846,0.000970824,72.22111562,35.74364581,False,0.55,1.36,0,4022,17.59177145726936,Madak Lusht
847,0.000755669,72.2216069,35.74516287,False,0.55,1.36,0,4043,17.60188830698523,Madak Lusht
848,0.000431892,72.29578874,35.68886913,False,0.55,1.36,0,3875,12.85036298265559,Gul Abad
849,0.013555526,72.29428417,35.68911591,False,0.55,1.36,0,3861,12.973432236628174,Gul Abad
850,0.000656676,72.29253623,35.69385386,False,0.55,1.36,0,3993,13.429545923750613,Gul Abad
851,0.005341114,71.95796997,35.6001308,False,5.7,1.41,0,4033,7.390731671456591,Gowch
852,0.161762818,72.26306702,35.28757224,True,0.55,1.36,0,3837,10.049426260209016,Gorkoye
853,0.020764233,72.2567856,35.27896311,False,0.55,1.36,0,4074,8.937533504670387,Gorkoye
854,0.010340422,72.26871771,35.28125535,False,0.55,1.36,0,4049,9.691599770494467,Gorkoye
855,0.054095905,72.29480405,35.27640177,False,0.55,1.36,0,3911,10.175228547493656,Band
856,0.052182247,72.29170781,35.25872615,False,0.55,1.36,0,3910,9.203958096013352,Gorkoye
857,0.032133761,72.31900195,35.2600647,False,0.55,1.36,0,3872,7.509922639020415,Band
858,0.02781034,72.30293302,35.22792235,False,11.82,1.87,0,3877,8.543290708375029,Gorkoye
859,0.064273735,72.3000457,35.22109351,False,11.82,1.87,0,3792,8.113565421533181,Gorkoye
860,0.014975017,72.31364622,35.22003281,False,11.82,1.87,0,3865,8.118428649192865,Band
861,0.071366962,72.3126227,35.20868923,False,11.82,1.87,0,3756,8.67134394300524,Band
862,0.084468519,72.32154081,35.22071796,False,11.82,1.87,0,3790,7.41364969951481,Band
863,0.133691726,72.32583242,35.19189829,True,11.82,1.87,0,3674,6.681779571715341,Oghaz
864,0.014630334,72.33871735,35.20032968,False,11.82,1.87,0,3770,6.454434458473007,Oghaz
865,0.042378465,72.37432492,35.22491357,False,11.82,1.87,0,3175,2.942568665911651,Band
866,0.219465134,72.37530553,35.21728349,True,11.82,1.87,0,3212,3.5022530092066417,Band
867,0.029716954,72.38910318,35.21216059,False,11.82,1.87,0,3597,3.4613884242971116,Band
868,0.008329871,72.32092678,35.18274043,False,11.82,1.87,0,3678,6.531539382661373,Oghaz
869,0.049082543,72.33213314,35.19705137,False,11.82,1.87,0,3646,6.606417748253784,Oghaz
870,0.014276159,72.33120743,35.20063282,False,11.82,1.87,0,3636,6.943976142488548,Oghaz
871,0.523416602,72.32300927,35.31918397,True,0.55,1.36,0,3891,10.975227096273018,Band
872,0.138250127,72.3226926,35.33143603,True,0.55,1.36,0,3893,12.083221068503578,Band
873,0.001146221,72.32614953,35.3316196,False,0.55,1.36,0,3886,11.923664658731736,Band
874,0.08859842,72.35042457,35.33078856,False,0.55,1.36,0,3863,10.777281462306147,Band
875,0.02175485,72.36539037,35.32589336,False,0.55,1.36,0,3785,9.780172063868655,Band
876,0.012551145,72.36437997,35.32753662,False,0.55,1.36,0,3787,9.982357532642595,Band
877,0.138235138,72.3767215,35.31438723,True,0.55,1.36,0,3828,8.265499860889895,Band
878,0.130294735,72.40759986,35.31088966,True,0.55,1.36,0,3805,7.672175126248788,Band
879,0.062564827,72.42956708,35.30406153,False,0.55,1.36,0,3993,6.918909297832172,Atrang
880,0.024105671,72.43742309,35.3004039,False,0.55,1.36,0,3884,6.402928485744409,Atrang
881,0.057512892,72.40713909,35.3330867,False,0.55,1.36,0,3973,10.126952415300133,Band
882,0.026447066,72.40683396,35.33505861,False,0.55,1.36,0,3977,10.34362199696581,Band
883,0.039015449,72.40932468,35.34091511,False,0.55,1.36,0,3944,11.010638657104563,Band
884,0.019961614,72.41338396,35.34410672,False,0.55,1.36,0,3859,11.40115527813734,Band
885,0.011903903,72.40639206,35.33762704,False,0.55,1.36,0,3967,10.625841084446918,Band
886,0.037683828,72.41020414,35.33641986,False,0.55,1.36,0,3968,10.52033750819005,Band
887,0.266091367,72.46972024,35.32254759,True,0.55,1.36,0,3712,9.098144839776912,Atrang
888,0.181424881,72.50966379,35.35165232,True,0.55,1.36,0,4055,8.454435065330102,Laikot
889,0.147460459,72.51485128,35.35699847,True,0.55,1.36,0,4062,7.893152419388958,Laikot
890,0.203343151,72.51604514,35.36283452,True,0.55,1.36,0,4075,7.725805885863458,Laikot
891,0.176054767,72.53603362,35.34586543,True,0.55,1.36,0,3830,6.269331712381584,Asrit
892,0.061350331,72.46142057,35.34178536,False,0.55,1.36,0,3718,11.06070028058098,Atrang
893,0.019771491,72.42711085,35.35455805,False,0.55,1.36,0,4031,12.49412790208062,Atrang
894,0.067005244,72.3663405,35.33511225,False,0.55,1.36,0,3942,10.735465185140848,Band
895,0.759469005,72.34594043,35.3673378,True,0.55,1.36,0,3538,14.175107982150642,Lamutai
896,0.01515897,72.31068433,35.29554404,False,0.55,1.36,0,4012,9.95299870041657,Band
897,0.002581731,72.30839372,35.29522955,False,0.55,1.36,0,4041,10.100447581353414,Band
898,0.106332009,72.30498418,35.30484946,False,0.55,1.36,0,3907,10.996786783757228,Band
899,0.280539721,72.29234593,35.32121323,True,0.55,1.36,0,3634,13.053726768743678,Band
900,0.091273106,72.28887037,35.34997347,False,0.55,1.36,0,3497,12.324533584201886,Kalkot
901,0.147706248,72.33183752,35.3842815,True,0.55,1.36,0,3281,11.9335827657712,Lamutai
902,0.036029016,72.39770795,35.37790291,False,0.55,1.36,0,4105,13.498091244293445,Gall
903,0.008271472,72.40424953,35.37755964,False,0.55,1.36,0,4196,13.27402766400725,Gall
904,0.011560652,72.39530204,35.37633137,False,0.55,1.36,0,4064,13.753305678459727,Gall
905,0.006187096,72.39600481,35.37244684,False,0.55,1.36,0,4088,14.10942554458012,Gall
906,0.039436522,72.39589831,35.39891023,False,0.55,1.36,0,3930,11.554490896831238,Gall
907,0.032021506,72.4135725,35.40246282,False,0.55,1.36,0,4061,10.411997163646275,Gall
908,0.051425243,72.41392989,35.40640708,False,0.55,1.36,0,4045,10.007301007325301,Gall
909,0.044469174,72.49688888,35.36919575,False,0.55,1.36,0,4407,9.317137256567014,Kandaymar
910,0.44928143,72.4330335,35.41899998,True,0.55,1.36,0,3018,8.010349280160437,Gall
911,0.036156752,72.50010654,35.38930246,False,0.55,1.36,0,4265,8.410107244786252,Kandaymar
912,0.475528098,72.51398763,35.42223617,True,0.55,1.36,0,3830,7.219004980022023,Kuz Laikot
913,0.042217048,72.48125812,35.42457128,False,0.55,1.36,0,4228,6.984570258501812,Gall
914,0.018296345,72.50652644,35.43701367,False,0.55,1.36,0,3999,6.531545463861608,Kass
915,0.061230697,72.35359212,35.59280193,False,0.55,1.36,0,4336,5.428552149123745,Gul Abad
916,0.041547804,72.34707242,35.60471035,False,0.55,1.36,0,4344,5.505503758670702,Gul Abad
917,0.056303041,72.37654457,35.60069502,False,0.55,1.36,0,4186,3.194004753151284,Gul Abad
918,0.03191574,72.37342018,35.60992225,False,0.55,1.36,0,3759,3.054125310928743,Gul Abad
919,0.014728843,72.36046536,35.61544564,False,0.55,1.36,0,4259,4.146276502139593,Gul Abad
920,0.183271765,72.59828939,35.60258833,True,0.55,1.36,0,3885,7.743040844144181,Anakar
921,0.299158122,72.51210897,35.64580522,True,0.55,1.36,0,3349,10.113158215117277,Gul Abad
922,0.029748628,72.55399657,35.63448903,False,0.55,1.36,0,3902,10.311810289233511,Anakar
923,0.048762549,72.57729253,35.62272567,False,0.55,1.36,0,4284,9.193954476638298,Anakar
924,0.045477795,72.58485407,35.64302789,False,0.55,1.36,0,4366,10.305007767794018,Ushu
925,0.013499196,72.59534737,35.6446869,False,0.55,1.36,0,4248,9.514289918415722,Ushu
926,0.051215893,72.61436458,35.64484768,False,0.55,1.36,0,4508,8.009799133067684,Ushu
927,0.05711363,72.44026714,35.69041573,False,0.55,1.36,0,4237,8.809054415393872,Gul Abad
928,0.071272186,72.57414324,35.84789174,False,-2.76,0.9,0,4444,24.43358448449797,Sur Luspur
929,0.233739627,72.64258863,35.83354126,True,-2.76,0.9,0,4515,25.493027912344488,Ushu
930,0.020401378,72.63540474,35.8281132,False,-2.76,0.9,0,4564,25.018411491438826,Ushu
931,0.03811823,72.64230652,35.82390652,False,-2.76,0.9,0,4500,24.442225958825958,Ushu
932,0.01394436,72.6494386,35.82201686,False,-2.76,0.9,0,4293,24.128926721817354,Ushu
933,0.082588846,72.64994215,35.82714481,False,-2.76,0.9,0,4332,24.685866231625173,Ushu
934,0.01845421,72.64714804,35.86065668,False,-2.76,0.9,0,4737,26.5430147135086,Sur Luspur
935,0.137521359,72.58399553,35.6640784,True,0.55,1.36,0,4069,11.471517404344631,Ushu
936,0.009019826,72.57302556,35.66482922,False,0.55,1.36,0,4321,12.355636860272892,Ushu
937,0.00861697,72.57379312,35.67029809,False,0.55,1.36,0,4234,12.62161852196989,Ushu
938,0.013689032,72.5777301,35.6701039,False,0.55,1.36,0,4220,12.314499355645994,Ushu
939,0.045244199,72.55338354,35.70508537,False,0.55,1.36,0,4195,16.443085530600708,Ushu
940,0.012161527,72.59561906,35.70460779,False,0.55,1.36,0,4592,13.764383415974317,Ushu
941,0.067140515,72.56916987,35.72673819,False,0.55,1.36,0,4156,17.179560445581707,Ushu
942,1.129130045,72.53551941,36.07836614,True,-2.76,0.9,0,3684,6.8561692466037725,Herchin Laspur
943,0.085736771,72.56887506,36.08707939,False,-2.76,0.9,0,3686,8.878675159053044,Kamchai/ Sachu
944,2.024334068,72.61268886,35.99441426,True,-2.76,0.9,0,3622,14.443608849166392,Sur Luspur
945,1.026276039,72.59433924,35.9442336,True,-2.76,0.9,0,3761,16.38279289546331,Sur Luspur
946,0.061012091,72.59501679,35.96171684,False,-2.76,0.9,0,3673,15.094050204319856,Sur Luspur
947,0.047217886,72.59906427,35.96521703,False,-2.76,0.9,0,3682,15.126850012715131,Sur Luspur
948,0.01419775,72.67955442,35.9462263,False,-2.76,0.9,0,4627,22.29194695840271,Sur Luspur
949,0.000259855,72.67621885,35.96530729,False,-2.76,0.9,0,4776,21.000997487660214,Sur Luspur
950,0.026094937,73.06693782,35.56163654,False,4.27,1.28,0,4357,12.944465556755,Kandia
951,0.046194753,73.07727001,35.58220714,False,4.27,1.28,0,4033,14.316796108696566,Kandia
952,0.00926437,73.10892906,35.59112334,False,4.27,1.28,0,4469,14.072428426695367,Kandia
953,0.01536439,72.51866657,35.73522308,False,0.55,1.36,0,3918,16.68164956192309,Gul Abad
954,0.011422471,72.55016765,35.71766219,False,0.55,1.36,0,4673,17.21227318782931,Gul Abad
955,0.014853257,72.55998368,35.7296754,False,0.55,1.36,0,4306,17.964637291348325,Ushu
956,0.025517509,72.58411368,35.72257544,False,0.55,1.36,0,3740,15.981051430587964,Ushu
957,0.11431155,72.55066195,36.07968935,False,-2.76,0.9,0,3682,7.879780742061706,Herchin Laspur
958,0.018601087,72.55363069,36.08226534,False,-2.76,0.9,0,3689,7.963449957032903,Herchin Laspur
959,0.205124015,73.18446923,35.61133006,True,4.27,1.28,1,4102,15.874817097445602,Kandia
960,0.11753191,73.06230268,35.64113004,False,4.27,1.28,0,4226,20.450963560947653,Karang
961,0.007264913,73.06568763,35.64523011,False,4.27,1.28,0,4233,20.994850920123714,Karang
962,0.030727851,73.06172219,35.64856404,False,4.27,1.28,0,4200,21.175444462857257,Karang
963,0.00596187,73.06573471,35.65118403,False,4.27,1.28,0,4351,21.59302890766554,Karang
964,0.102027126,73.08588831,35.6368011,False,4.27,1.28,0,4047,19.548720488995716,Kandia
965,0.049078472,73.10306227,35.63152573,False,4.27,1.28,0,4001,18.53481256218924,Kandia
966,0.01026944,73.07076335,35.67558074,False,4.27,1.28,0,3703,24.071165747144512,Kandia
967,0.000980367,73.07276204,35.67513777,False,4.27,1.28,0,3703,23.967196563778042,Kandia
968,0.003592704,73.07360329,35.67493203,False,4.27,1.28,0,3701,23.921700683256695,Kandia
969,0.135865253,73.07673825,35.6728686,True,4.27,1.28,0,3706,23.61629997431491,Kandia
970,0.033615749,73.09718711,35.66690121,False,4.27,1.28,0,4264,22.47774514841053,Kandia
971,0.029093522,73.09732576,35.67168024,False,4.27,1.28,0,4337,22.991530330181124,Kandia
972,0.012178795,73.09663781,35.65896242,False,4.27,1.28,0,4011,21.63328743948362,Kandia
973,0.02988336,73.11267497,35.66328966,False,4.27,1.28,0,4414,21.79351864374143,Kandia
974,0.084423053,73.11718226,35.66835593,False,4.27,1.28,0,4563,22.280268998691934,Kandia
975,0.010987048,73.09735027,35.67630707,False,4.27,1.28,0,4529,23.49194054642574,Kandia
976,0.023669295,73.08847503,35.68169554,False,4.27,1.28,0,4396,24.265154236403752,Kandia
977,0.037211546,73.0951416,35.68371775,False,4.27,1.28,0,4591,24.339734229093875,Kandia
978,0.035356056,73.08996251,35.68929482,False,4.27,1.28,0,4570,25.051532217128493,Kandia
979,0.008327343,73.09001672,35.68655126,False,4.27,1.28,0,4552,24.754176288562302,Kandia
980,0.016882123,73.07530416,35.69427709,False,4.27,1.28,0,4512,25.930771669404454,Kandia
981,0.058933922,73.07818966,35.69278234,False,4.27,1.28,0,4525,25.698759735578996,Kandia
982,0.037656457,73.06452895,35.70835185,False,4.27,1.28,0,4526,27.43579722674716,Karang
983,0.056921787,73.07928426,35.72286908,False,4.27,1.28,0,3749,28.90707007261518,Kandia
984,0.005806221,73.07423481,35.69955162,False,4.27,1.28,0,4650,26.52084462473349,Kandia
985,0.004289461,73.05840711,35.71749318,False,4.27,1.28,0,4596,28.223160695336702,Karang
986,0.011633925,73.09810458,35.68528756,False,4.27,1.28,0,4601,24.451145208029462,Kandia
987,0.066443967,73.1028616,35.68147982,False,4.27,1.28,0,4663,23.947884385971406,Kandia
988,0.027065566,73.14152326,35.70891388,False,4.27,1.28,0,4549,26.54523360905132,Kandia
989,0.013535582,73.13959876,35.7044313,False,4.27,1.28,0,4436,26.056656254567592,Kandia
990,0.159264207,73.16594095,35.71438769,True,4.27,1.28,0,3946,26.749434349207657,Banda-i-Sazin
991,0.013588863,73.15400735,35.71788082,False,4.27,1.28,0,3995,27.511070901445418,Kandia
992,0.097864471,73.18007375,35.72777195,False,4.27,1.28,0,4474,26.64446076839177,Tangir
993,0.251094953,73.21543462,35.72999206,True,4.27,1.28,0,3972,23.817504096577462,Tangir
994,0.079782981,73.1530326,35.65832114,False,4.27,1.28,1,3661,20.88940323058908,Kandia
995,0.005400056,73.15605499,35.66439412,False,4.27,1.28,1,3683,21.563106139557462,Kandia
996,0.021795125,73.18769099,35.65792923,False,4.27,1.28,1,3914,20.363503438684273,Banda-i-Sazin
997,0.00893692,73.18521799,35.66232367,False,4.27,1.28,1,4129,20.894707118045694,Banda-i-Sazin
998,0.011837875,73.1881399,35.66281697,False,4.27,1.28,1,4096,20.798036956940287,Banda-i-Sazin
999,0.010330888,73.18576571,35.6159987,False,4.27,1.28,1,4194,16.406138958780865,Kandia
1000,0.014350627,73.18422781,35.61962287,False,4.27,1.28,1,4193,16.781910986245453,Kandia
1001,0.002133797,73.18550782,35.62034506,False,4.27,1.28,1,4200,16.879277855010965,Kandia
1002,0.009616149,73.00630784,35.79838144,False,-2.53,0.76,0,4543,35.56718823791866,Ushu
1003,0.031845589,73.02868189,35.81206765,False,-2.53,0.76,0,4397,37.86529415906507,Karang
1004,0.025380047,73.03374916,35.81158728,False,-2.53,0.76,0,4359,37.88646858808808,Karang
1005,0.003630941,73.0354917,35.80361332,False,-2.53,0.76,0,4230,37.03996374105384,Karang
1006,0.077834679,73.03192049,35.80416722,False,-2.53,0.76,0,4224,37.04543360578244,Karang
1007,0.033834501,73.02941574,35.79930258,False,-2.53,0.76,0,4401,36.47461862411295,Karang
1008,0.02308676,73.03886559,35.80711592,False,-2.53,0.76,0,4197,37.47757468818172,Karang
1009,0.030187615,72.97981434,35.80938741,False,-2.53,0.76,0,4254,34.460328963289264,Ushu
1010,0.055633603,72.98458867,35.81820731,False,-2.53,0.76,0,4569,35.42808367698144,Ushu
1011,0.015001872,73.0020913,35.82112837,False,-2.53,0.76,0,4786,36.83671327106312,Ushu
1012,0.014839626,73.00702552,35.81867125,False,-2.53,0.76,0,4744,37.00478396223896,Ushu
1013,0.052625649,73.02221212,35.82570118,False,-2.53,0.76,0,4478,38.178494777393375,Serbel
1014,0.147941032,72.99556359,35.8126494,True,-2.53,0.76,0,4499,35.78112707653044,Ushu
1015,0.104395241,72.98158314,35.82645544,False,-2.53,0.76,0,4780,35.8403705928644,Ushu
1016,0.006009575,72.97020551,35.82323675,False,-2.53,0.76,0,4533,34.84643186615595,Ushu
1017,0.004669996,72.97966356,35.75754973,False,-2.53,0.76,0,4306,31.012110802218263,Ushu
1018,0.106956224,72.9735136,35.75878277,False,-2.53,0.76,0,4387,30.620194352186093,Ushu
1019,0.043442291,72.94565063,35.75510414,False,-2.53,0.76,0,4086,28.312000235401122,Ushu
1020,0.046945083,72.94107647,35.7600091,False,-2.53,0.76,0,4081,28.299062090739127,Ushu
1021,0.015415628,72.94757488,35.7634439,False,-2.53,0.76,0,4548,28.997449560302403,Ushu
1022,0.0366527,72.98634725,35.76477296,False,-2.53,0.76,0,4009,31.9539284618112,Ushu
1023,0.009174194,72.95931113,35.77386911,False,-2.53,0.76,0,4394,30.540311385436475,Ushu
1024,0.032358586,72.96478707,35.77637813,False,-2.53,0.76,0,4229,31.10259272236116,Ushu
1025,0.005044218,72.9499833,35.78751318,False,-2.53,0.76,0,4378,30.834929250352822,Ushu
1026,0.00083325,73.02514796,35.8323859,False,-2.53,0.76,0,4539,37.49606073714749,Pingal
1027,0.013391469,73.02323596,35.83489392,False,-2.53,0.76,0,4534,37.22944763208614,Serbel
1028,0.002511696,73.02426457,35.83534593,False,-2.53,0.76,0,4537,37.190487693589894,Pingal
1029,0.013342683,73.03353413,35.83888729,False,-2.53,0.76,0,4641,36.63840183825198,Pingal
1030,0.007645634,73.03645223,35.83780102,False,-2.53,0.76,0,4578,36.70836022308348,Pingal
1031,0.038578048,73.04305162,35.83293805,False,-2.53,0.76,0,4416,37.138377653706755,Pingal
1032,0.010626518,73.04248044,35.82925187,False,-2.53,0.76,0,4413,37.5511693489387,Pingal
1033,0.013533062,73.09947754,35.77590736,False,-2.53,0.76,0,4267,34.34329073010403,Kandia
1034,0.019307817,73.09709987,35.78601475,False,-2.53,0.76,0,4533,35.48661019435092,Kandia
1035,0.007747052,73.0959297,35.78737295,False,-2.53,0.76,0,4556,35.65185332623353,Kandia
1036,0.058067229,73.11556061,35.78388387,False,-2.53,0.76,0,4221,34.56178186122107,Tangir
1037,0.014237551,73.11294798,35.79198902,False,-2.53,0.76,0,4520,35.198128435507044,Tangir
1038,0.000766096,73.11525464,35.79456236,False,-2.53,0.76,0,4547,35.156578749885824,Tangir
1039,0.083973084,73.12017152,35.79260997,False,-2.53,0.76,0,4515,34.66374451748482,Tangir
1040,0.092613911,73.1167265,35.79644196,False,-2.53,0.76,0,4562,35.14509740269039,Tangir
1041,0.001556299,73.07596381,35.78576419,False,-2.53,0.76,0,4352,35.79513266906401,Kandia
1042,0.004091928,73.0759227,35.7847237,False,-2.53,0.76,0,4347,35.682584812936106,Kandia
1043,0.015746669,73.07276703,35.78718273,False,-2.53,0.76,0,4236,36.00878503240876,Kandia
1044,0.062366759,73.07977157,35.78756218,False,-2.53,0.76,0,4381,35.92347218357391,Kandia
1045,0.006001126,73.09117074,35.80577413,False,-2.53,0.76,0,4341,37.66093426690618,Tangir
1046,0.017756828,73.09655378,35.80699635,False,-2.53,0.76,0,4415,37.30750352649847,Tangir
1047,0.005897063,73.09629882,35.80905474,False,-2.53,0.76,0,4411,37.44271252990023,Tangir
1048,0.043507673,73.09292381,35.81007122,False,-2.53,0.76,0,4395,37.76244558834313,Tangir
1049,0.035498493,73.07640985,35.80039132,False,-2.53,0.76,0,4219,37.381686413098635,Kandia
1050,0.024742313,73.17571428,35.73438223,False,4.27,1.28,0,4372,27.288933437388838,Tangir
1051,0.024299192,73.17145255,35.73458399,False,4.27,1.28,0,4329,27.652052472339022,Tangir
1052,0.004950419,73.17374235,35.73831833,False,4.27,1.28,0,4442,27.625892626761683,Tangir
1053,0.032020635,73.16393238,35.7420049,False,4.27,1.28,0,4444,28.601388753195153,Tangir
1054,0.01844361,73.17615964,35.74419161,False,4.27,1.28,0,4630,27.69722257944913,Tangir
1055,0.003985692,73.16357754,35.74578504,False,4.27,1.28,0,4523,28.802331219241204,Tangir
1056,0.021021073,73.15035075,35.76471349,False,-2.53,0.76,0,4267,30.793470047253976,Tangir
1057,0.004636087,73.15510666,35.76967865,False,-2.53,0.76,0,4282,30.670919514061783,Tangir
1058,0.008248495,73.15716236,35.77065059,False,-2.53,0.76,0,4286,30.559743551223843,Tangir
1059,0.002646216,73.21018017,35.76874461,False,-2.53,0.76,0,4440,26.349800225661728,Tangir
1060,0.004362471,73.20958869,35.77560786,False,-2.53,0.76,0,4488,26.82119383568354,Tangir
1061,0.015670948,73.20543916,35.78542032,False,-2.53,0.76,0,4495,27.75831258775481,Tangir
1062,0.01949147,73.20854584,35.78882987,False,-2.53,0.76,0,4393,27.75923766467177,Tangir
1063,0.018406758,73.21602454,35.7920797,False,-2.53,0.76,0,4197,27.44765435151562,Tangir
1064,0.033772608,73.20973028,35.80331348,False,-2.53,0.76,0,4142,28.67655759179722,Tangir
1065,0.008962482,73.19096735,35.79445344,False,-2.53,0.76,0,4568,29.404834537349274,Tangir
1066,0.04115754,73.18387598,35.81344173,False,-2.53,0.76,0,4249,31.195384224610137,Tangir
1067,0.012057569,73.15202112,35.80871814,False,-2.53,0.76,0,4538,33.185977915516034,Tangir
1068,0.003154207,73.15358179,35.80893366,False,-2.53,0.76,0,4541,33.08420646953685,Tangir
1069,0.022172992,73.16061001,35.81165499,False,-2.53,0.76,0,4464,32.74384906142116,Tangir
1070,0.00187185,73.13197759,35.8174685,False,-2.53,0.76,0,4448,35.226252539912124,Tangir
1071,0.021109084,73.13150353,35.82565433,False,-2.53,0.76,0,4430,34.79239034072277,Hamaran
1072,0.011842574,73.13757259,35.81918489,False,-2.53,0.76,0,4497,34.92057706926016,Tangir
1073,0.017461734,73.13682587,35.83049315,False,-2.53,0.76,0,4519,34.07745209098442,Hamaran
1074,0.037868027,73.13150851,35.83052207,False,-2.53,0.76,0,4487,34.346941258449284,Hamaran
1075,0.010463509,73.12260656,35.83410411,False,-2.53,0.76,0,4502,34.49106720641896,Hamaran
1076,0.020946057,73.12982966,35.84029697,False,-2.53,0.76,0,4693,33.55064184810085,Hamaran
1077,0.0384874,73.16255599,35.84215322,False,-2.53,0.76,0,4652,31.72222415387091,Hamaran
1078,0.07126667,73.16429737,35.83181923,False,-2.53,0.76,0,4467,32.62031928129648,Hamaran
1079,0.003103287,73.18181907,35.83683865,False,-2.53,0.76,0,4519,31.349853152535424,Hamaran
1080,0.005178042,73.1939834,35.83862097,False,-2.53,0.76,0,4518,30.658888615109372,Hamaran
1081,0.004345232,73.19489374,35.84039748,False,-2.53,0.76,0,4520,30.44571131105681,Hamaran
1082,0.03425685,73.19584943,35.83562639,False,-2.53,0.76,0,4442,30.879270604583983,Hamaran
1083,0.01317326,73.17681707,35.84109452,False,-2.53,0.76,0,4521,31.159438222943955,Hamaran
1084,0.0552613,73.17392871,35.84323848,False,-2.53,0.76,0,4522,31.085187424474867,Hamaran
1085,0.001781005,73.17589171,35.850021,False,-2.53,0.76,0,4764,30.347078334589025,Hamaran
1086,0.003723064,73.1731435,35.84799175,False,-2.53,0.76,0,4636,30.668370565204466,Hamaran
1087,0.017421305,73.22445907,35.85577073,False,-2.53,0.76,0,4385,27.74939105326452,Hamaran
1088,0.271240361,73.21112875,35.82497438,True,-2.53,0.76,0,4268,30.182238859838662,Tangir
1089,0.033613265,73.22050931,35.83155662,False,-2.53,0.76,0,4109,30.092044995573577,Tangir
1090,0.006236114,73.23249096,35.82863421,False,-2.53,0.76,0,4213,29.108879473191458,Tangir
1091,0.009676246,73.23602449,35.83314466,False,-2.53,0.76,0,4055,29.260498941748647,Tangir
1092,0.125535743,73.22757124,35.82957216,True,-2.53,0.76,0,4197,29.490296338892005,Tangir
1093,0.163425747,73.08423743,35.80055169,True,-2.53,0.76,0,4218,37.26980850637405,Kandia
1094,0.007106421,72.96628814,35.8447826,False,-2.53,0.76,0,4329,34.93376432206316,Serbel
1095,0.143185439,72.98023566,35.85538033,True,-2.53,0.76,0,4326,34.023196506242435,Serbel
1096,0.068714611,73.01742819,35.85682251,False,-2.53,0.76,0,4567,34.7474137424489,Serbel
1097,0.025150706,73.04248568,35.84059555,False,-2.53,0.76,0,4626,36.30719217510948,Pingal
1098,0.006697538,73.04929767,35.83823601,False,-2.53,0.76,0,4581,36.46802402484239,Pingal
1099,0.045137521,73.05382379,35.84033264,False,-2.53,0.76,0,4507,36.177778709067,Pingal
1100,0.168401273,73.06132923,35.84807413,True,-2.53,0.76,0,4431,35.234370403254545,Pingal
1101,0.028400048,73.06643958,35.84450963,False,-2.53,0.76,0,4263,35.573255449560065,Pingal
1102,0.026512362,73.0697717,35.84370279,False,-2.53,0.76,0,4256,35.6302073456062,Pingal
1103,0.029296777,73.07492936,35.85179009,False,-2.53,0.76,0,4528,34.68977318221777,Pingal
1104,0.04518988,73.0838966,35.8560126,False,-2.53,0.76,0,4380,34.155939033374445,Pingal
1105,0.0254276,73.05110743,35.87785971,False,-2.53,0.76,0,4701,32.09199000516422,Pingal
1106,0.029387577,73.05782739,35.87821515,False,-2.53,0.76,0,4683,31.957553139214507,Pingal
1107,0.041194041,73.054204,35.87527088,False,-2.53,0.76,0,4626,32.33094244515561,Pingal
1108,0.021944158,73.04605693,35.88319401,False,-2.53,0.76,0,4760,31.587699430942212,Pingal
1109,0.027639205,73.06936645,35.86894351,False,-2.53,0.76,0,4613,32.84389542628194,Pingal
1110,0.003867269,73.07149328,35.86947827,False,-2.53,0.76,0,4619,32.763684013938274,Pingal
1111,0.13174642,73.0735812,35.87159562,True,-2.53,0.76,0,4615,32.50980586625344,Pingal
1112,0.018380594,73.07451908,35.87658121,False,-2.53,0.76,0,4738,31.949704514239798,Pingal
1113,0.022668687,73.14866077,35.85339945,False,-2.53,0.76,0,4705,31.37666461305345,Hamaran
1114,0.029150375,73.13808285,35.86557272,False,-2.53,0.76,0,4616,30.86145254706265,Hamaran
1115,0.008775197,73.13025929,35.86764538,False,-2.53,0.76,0,4633,31.12365496917342,Hamaran
1116,0.007156928,73.13479722,35.87027045,False,-2.53,0.76,0,4733,30.638730265158745,Hamaran
1117,0.035675125,73.0899386,35.86352649,False,-2.53,0.76,0,4600,33.28768068067919,Pingal
1118,0.006671605,73.08361307,35.8602138,False,-2.53,0.76,0,4502,33.6917953975115,Pingal
1119,0.005046036,73.09733666,35.84468746,False,-2.53,0.76,0,4334,34.986393927225265,Hamaran
1120,0.006388285,73.10531347,35.85118451,False,-2.53,0.76,0,4587,33.970172533550944,Hamaran
1121,0.219462767,73.06385054,35.92015995,True,-2.53,0.76,0,4305,27.26510029830405,Pingal
1122,0.02350194,73.07399054,35.92394714,False,-2.53,0.76,0,4622,26.721300085623792,Pingal
1123,0.012012375,73.07017851,35.92597693,False,-2.53,0.76,0,4602,26.542181731936537,Pingal
1124,0.012157735,73.11236302,35.92395349,False,-2.53,0.76,0,4455,26.45589199316539,Sosat Gipus
1125,0.041879469,73.10603267,35.94223396,False,-2.53,0.76,0,4803,24.48260797306404,Sosat Gipus
1126,0.018562433,73.09269046,35.94705625,False,-2.53,0.76,0,4874,24.001823304053946,Pingal
1127,0.092189041,73.05351846,35.9602254,False,-2.53,0.76,0,4046,23.062622627092722,Pingal
1128,0.24645921,73.15447639,35.90591287,True,-2.53,0.76,0,4320,26.471314312565852,Hamaran
1129,0.028980375,73.15672506,35.93384699,False,-2.53,0.76,0,4447,24.09239008188946,Hamaran
1130,0.020865143,73.16783744,35.93448748,False,-2.53,0.76,0,4577,23.329513190039837,Hamaran
1131,0.030378954,73.17271935,35.93515643,False,-2.53,0.76,0,4630,22.96915613950475,Hamaran
1132,0.033383024,73.18756908,35.93004942,False,-2.53,0.76,0,4698,22.489546162978066,Hamaran
1133,0.080844949,73.24693309,35.92974683,False,-2.53,0.76,0,4326,19.470998318957054,Hamaran
1134,0.017324543,73.24377011,35.93910053,False,-2.53,0.76,0,4374,18.70763120617435,Hamaran
1135,0.114162105,73.26839345,35.9360676,False,-2.53,0.76,0,4362,17.98309439205609,Hamaran
1136,0.021570234,73.2707905,35.92211476,False,-2.53,0.76,0,4229,19.328248412339473,Hamaran
1137,0.015983821,73.24605768,35.88053061,False,-2.53,0.76,0,4585,24.450784288824924,Hamaran
1138,0.050685035,73.25999586,35.8967497,False,-2.53,0.76,0,4261,22.308752620924196,Hamaran
1139,0.017763231,73.25634787,35.90856045,False,-2.53,0.76,0,4274,21.219405210546036,Hamaran
1140,0.020455547,73.2535484,35.90683465,False,-2.53,0.76,0,4283,21.496334628115058,Hamaran
1141,0.013568695,73.2427419,35.90562574,False,-2.53,0.76,0,4130,22.028737170122394,Hamaran
1142,0.02657363,73.24577567,35.89433417,False,-2.53,0.76,0,4351,23.050850595025224,Hamaran
1143,0.002432357,73.24571936,35.89549226,False,-2.53,0.76,0,4353,22.93539032809136,Hamaran
1144,0.009469088,73.23423194,35.86949586,False,-2.53,0.76,0,4275,25.99743795654204,Hamaran
1145,0.036394385,73.09912655,35.89138467,False,-2.53,0.76,0,4493,30.15557483519669,Pingal
1146,0.015935946,73.09488704,35.89471418,False,-2.53,0.76,0,4630,29.801308288965927,Pingal
1147,0.01459435,73.19236551,35.96170652,False,-2.53,0.76,0,4292,19.632646094033497,Hamaran
1148,0.035359,73.19353643,35.95515657,False,-2.53,0.76,0,4424,20.068649813931216,Hamaran
1149,0.013733561,73.15498956,35.95288637,False,-2.53,0.76,0,4470,22.799234747714976,Hamaran
1150,0.005012756,73.15131423,35.92784478,False,-2.53,0.76,0,4603,24.90633392840178,Hamaran
1151,0.005574216,73.15493634,35.92893252,False,-2.53,0.76,0,4623,24.58839028975478,Hamaran
1152,0.005964338,73.18640107,35.92665415,False,-2.53,0.76,0,4640,22.84536009854154,Hamaran
1153,0.057976062,73.28570618,35.99280902,False,-2.53,0.76,0,4465,11.64680889536242,Hamaran
1154,0.032934333,73.28141282,35.99015272,False,-2.53,0.76,0,4529,12.09683660554701,Hamaran
1155,0.080799785,73.27342549,36.00421361,False,-2.53,0.76,0,4535,11.21115239314615,Hamaran
1156,0.046096016,73.23004982,36.01066403,False,-2.53,0.76,1,4608,13.514725079208777,Hamaran
1157,0.015438881,73.22979872,36.01528358,False,-2.53,0.76,1,4555,13.17334452820638,Bathi
1158,0.011299833,73.25285248,36.01948956,False,-2.53,0.76,0,4564,11.29430699592091,Hamaran
1159,0.009937992,73.25656829,36.0182345,False,-2.53,0.76,0,4577,11.127916619998546,Hamaran
1160,0.008759866,73.27209831,36.01414249,False,-2.53,0.76,0,4455,10.443888018969528,Hamaran
1161,0.006248241,73.27032976,36.00864591,False,-2.53,0.76,0,4550,11.006982933991825,Hamaran
1162,0.012324698,73.18431709,36.03209768,False,-2.53,0.76,1,4643,14.943573431359695,Bathi
1163,0.071445615,73.19261282,36.03748043,False,-2.53,0.76,1,4482,13.990596650823313,Bathi
1164,0.04164884,73.19539344,36.05561465,False,-2.53,0.76,1,4514,12.638757687720911,Thingai
1165,0.035881605,73.20461269,36.06159363,False,-2.53,0.76,1,4667,11.718389328451536,Bathi
1166,0.014609758,73.20254481,36.04930322,False,-2.53,0.76,1,4609,12.532132041014192,Bathi
1167,0.006345697,73.19966765,36.05085506,False,-2.53,0.76,1,4602,12.668084564213647,Bathi
1168,0.016696413,73.18592767,36.04041713,False,-2.53,0.76,1,4502,14.194652206571291,Thingai
1169,0.009841373,73.21400202,36.03777545,False,-2.53,0.76,1,4768,12.416645241984279,Bathi
1170,0.002533773,73.21541628,36.03722846,False,-2.53,0.76,1,4771,12.355713948904697,Bathi
1171,0.022285447,73.2329735,36.06052306,False,-2.53,0.76,1,4491,9.5508414126858,Bathi
1172,0.019967873,73.23070688,36.06356983,False,-2.53,0.76,1,4585,9.545252065142687,Bathi
1173,0.076501794,73.23223817,36.07693623,False,-2.53,0.76,0,4635,8.753069595432311,Bathi
1174,0.036715889,73.23977724,36.08192452,False,-2.53,0.76,0,4509,7.917899705296013,Bathi
1175,0.005890138,73.24197532,36.09001967,False,-2.53,0.76,0,4513,7.269901347265678,Rahimabad
1176,0.025506735,73.20393653,36.06782139,False,-2.53,0.76,1,4615,11.287163225612641,Rahimabad
1177,0.032339627,73.25805239,36.03638366,False,-2.53,0.76,0,4489,9.763386967606289,Bathi
1178,0.004659941,73.23902778,36.12558949,False,-2.53,0.76,0,4334,4.672773584530328,Rahimabad
1179,0.005346479,73.24252231,36.13182568,False,-2.53,0.76,0,4240,4.094471320992062,Rahimabad
1180,0.019378949,73.21930476,36.13224222,False,-2.53,0.76,0,4168,5.897216919191921,Thingai
1181,0.097371882,73.12117174,36.24590894,False,-2.53,0.76,0,4539,9.008603249976673,Majtulasht
1182,0.050109681,73.13726062,36.24726252,False,-2.53,0.76,0,4603,8.334914424038832,Majtulasht
1183,0.007021792,73.12319434,36.25170565,False,-2.91,0.48,0,4660,9.422132632313835,Majtulasht
1184,0.017170782,73.16157225,36.28204686,False,-2.91,0.48,0,4442,11.14206171685743,Saralokutu
1185,0.030595496,73.15803513,36.28773281,False,-2.91,0.48,0,4623,11.833977839773183,Saralokutu
1186,0.018102242,73.11513839,36.29371369,False,-2.91,0.48,0,4626,13.832915400302152,Majtulasht
1187,0.013685445,73.10558494,36.30185503,False,-2.91,0.48,0,4795,14.504573575597961,Kusundar
1188,0.012390354,73.11828494,36.30118865,False,-2.91,0.48,0,4404,14.469604400310105,Majtulasht
1189,0.010685776,73.12119595,36.29762258,False,-2.91,0.48,0,4355,14.002108251469169,Majtulasht
1190,0.004549477,73.12085941,36.29871411,False,-2.91,0.48,0,4352,14.125556309257322,Majtulasht
1191,0.016771922,73.14185705,36.27880162,False,-2.91,0.48,0,4583,11.372451118806227,Saralokutu
1192,0.025373841,73.16707391,36.28854442,False,-2.91,0.48,0,4484,11.738829124174833,Saralokutu
1193,0.047412653,73.17992368,36.28029293,False,-2.91,0.48,0,4187,10.659816293693915,Saralokutu
1194,0.017237506,73.18370216,36.21841454,False,-2.53,0.76,0,4323,3.7997192660015826,Saralokutu
1195,0.012781738,73.25181441,36.29722167,False,-2.91,0.48,0,4380,10.014025395579198,Atkash
1196,0.020890192,73.25145699,36.29966399,False,-2.91,0.48,0,4386,9.894835066043846,Bajyote
1197,0.096136112,73.24931273,36.30609807,False,-2.91,0.48,0,4608,9.697700494726398,Bajyote
1198,0.014665634,73.23427127,36.30135778,False,-2.91,0.48,0,4485,10.802458475768061,Baltering
1199,0.04117823,73.19775466,36.32748795,False,-2.91,0.48,0,4249,9.29051542590347,Baltering
1200,0.020234723,73.23159276,36.30926204,False,-2.91,0.48,0,4714,9.986328576865331,Baltering
1201,0.019288316,72.78823765,35.70555417,False,0.55,1.36,0,4354,14.043461048674208,Ushu
1202,0.034577558,72.77799384,35.70775463,False,0.55,1.36,0,4411,13.67727958661949,Ushu
1203,0.027093799,72.77093115,35.71461419,False,0.55,1.36,0,4321,13.961529221376498,Ushu
1204,0.058661728,72.7810472,35.71741141,False,0.55,1.36,0,4145,14.717097463161558,Ushu
1205,0.031451213,72.92763194,35.7742691,False,-2.53,0.76,0,4463,28.345574189313997,Ushu
1206,0.097082013,72.9267917,35.77852985,False,-2.53,0.76,0,4489,28.600492671776784,Ushu
1207,0.168363549,72.93458952,35.77525104,True,-2.53,0.76,0,4459,28.894084587325572,Ushu
1208,0.006189967,72.91919819,35.76932589,False,-2.53,0.76,0,4716,27.410518960916512,Ushu
1209,0.018658667,72.93316431,35.78860676,False,-2.53,0.76,0,4345,29.777705041972776,Ushu
1210,0.041355419,72.94075126,35.79323856,False,-2.53,0.76,0,4206,30.630348458207596,Ushu
1211,0.395546369,72.92076162,35.79877398,True,-2.53,0.76,0,4402,29.7583727733424,Ushu
1212,0.163083085,72.9447695,35.82062403,True,-2.53,0.76,0,4332,33.009156462995534,Ushu
1213,0.070154498,72.80085984,35.80882342,False,-2.76,0.9,0,4736,24.509394356925704,Ushu
1214,0.046621306,72.84826726,35.81353749,False,-2.53,0.76,0,4541,26.987102780988966,Ushu
1215,0.015814733,72.72476532,35.90773431,False,-2.76,0.9,0,4461,28.03503552730849,Sur Luspur
1216,0.009221199,72.80150132,35.89363007,False,-2.76,0.9,0,4566,30.069787648456696,Dalomal
1217,0.027923049,72.80999822,35.9073365,False,-2.76,0.9,0,5041,28.407900736376238,Dalomal
1218,0.079188095,72.91107503,35.84464153,False,-2.53,0.76,0,4545,33.054108374289335,Ushu
1219,0.020161822,72.91871797,35.84116065,False,-2.53,0.76,0,4440,33.171142021591116,Ushu
1220,0.199291437,72.9393638,35.86887868,True,-2.53,0.76,0,4385,31.929855146658667,Serbel
1221,0.016187225,72.92696282,35.85587913,False,-2.53,0.76,0,4743,33.26150468286902,Serbel
1222,0.004181139,72.92533128,35.85699251,False,-2.53,0.76,0,4765,33.12702531918575,Serbel
1223,0.033329386,72.94110757,36.10628642,False,-2.53,0.76,0,4295,6.555886982428941,Serbel
1224,0.022597902,72.91810317,36.03262075,False,-2.53,0.76,0,4916,13.6247496749985,Serbel
1225,0.009442086,72.90235565,35.82762513,False,-2.53,0.76,0,4511,31.075718149237034,Ushu
1226,0.00686456,72.67693287,35.83163748,False,-2.76,0.9,0,4727,24.94531083285922,Ushu
1227,0.020666238,72.67412078,35.85754199,False,-2.76,0.9,0,4447,27.83484910864799,Ushu
1228,0.016548745,72.82401631,35.84741633,False,-2.53,0.76,0,4616,29.27952751567864,Ushu
1229,0.017621091,72.8737411,35.8763871,False,-2.53,0.76,0,4863,30.961584767342337,Serbel
1230,0.007034227,72.80601606,35.8981563,False,-2.76,0.9,0,4744,29.484058581366366,Dalomal
1231,0.00298897,72.87181607,36.00932527,False,-2.53,0.76,0,4902,16.276430456366644,Serbel
1232,0.013782192,72.87504139,36.01238911,False,-2.53,0.76,0,4949,15.898620546169424,Serbel
1233,0.004398247,72.87999383,36.00757962,False,-2.53,0.76,0,4885,16.377908444112933,Serbel
1234,0.013559397,72.87667354,36.02274524,False,-2.53,0.76,0,4877,14.73777288428647,Serbel
1235,0.008730153,72.88715408,36.01487483,False,-2.53,0.76,0,4716,15.515847259755843,Serbel
1236,0.021251834,72.95079909,35.90911684,False,-2.53,0.76,0,4654,27.646644594836896,Serbel
1237,0.018822362,72.95013402,35.91857295,False,-2.53,0.76,0,4801,26.60057781060496,Serbel
1238,0.003823011,72.94737237,35.91622103,False,-2.53,0.76,0,4768,26.81624878666785,Serbel
1239,0.036779948,72.95068944,35.9232146,False,-2.53,0.76,0,4651,26.101472930587445,Serbel
1240,0.019414089,72.95150019,35.92739742,False,-2.53,0.76,0,4670,25.65753792249644,Serbel
1241,0.077388834,72.92960545,35.9299581,False,-2.53,0.76,0,4466,25.08226128181709,Serbel
1242,0.012652711,72.93036753,35.93404786,False,-2.53,0.76,0,4403,24.638287813100003,Serbel
1243,0.011034068,72.70490846,35.81951545,False,-2.76,0.9,0,4093,23.60614500082533,Ushu
1244,0.050194396,72.83598228,35.76452279,False,-2.53,0.76,0,4472,21.863698559955694,Ushu
1245,0.017089968,72.77175748,35.90578255,False,-2.76,0.9,0,3979,28.82920500570072,Handrap
1246,0.006152291,72.93865362,36.05135267,False,-2.53,0.76,0,4679,11.98462691721695,Serbel
1247,0.007812208,72.90337031,36.05846895,False,-2.53,0.76,0,4189,10.644605353446522,Serbel
1248,0.164378874,72.74532941,36.06875819,True,-2.76,0.9,0,3285,10.594391456688674,Helti Teru
1249,0.011232882,72.85919774,36.14144582,False,-2.53,0.76,0,3596,2.663997690509771,Dalomal
1250,0.067910319,73.01065133,36.24189859,False,-2.53,0.76,0,4249,6.046163778296251,Shingalath
1251,0.017695402,73.06054351,36.23845717,False,-2.53,0.76,0,4697,6.525274942152313,Shingalath
1252,0.062350166,73.0482634,36.23952485,False,-2.53,0.76,0,4699,6.13435945755819,Shingalath
1253,0.103960815,73.05254611,36.26950925,False,-2.91,0.48,0,4652,9.411556254893075,Shingalath
1254,0.219410996,73.04732705,36.26338914,True,-2.91,0.48,0,4618,8.629531980481394,Shingalath
1255,0.019518511,73.00723772,36.26035991,False,-2.91,0.48,0,4735,8.120949592555652,Shingalath
1256,0.025478692,73.01594704,36.25926036,False,-2.91,0.48,0,4687,7.903390746541265,Shingalath
1257,0.049920583,73.03835553,36.25922879,False,-2.91,0.48,0,4716,8.002869505764489,Shingalath
1258,0.050635981,73.05679341,36.2532196,False,-2.91,0.48,0,4425,7.834130506782302,Shingalath
1259,0.020690558,73.02976203,36.26237001,False,-2.91,0.48,0,4826,8.251511962594966,Shingalath
1260,0.003025961,73.03952558,36.26374784,False,-2.91,0.48,0,4768,8.516005460208781,Shingalath
1261,0.004611345,73.03657042,36.25599893,False,-2.91,0.48,0,4752,7.621689020754762,Shingalath
1262,0.148996008,72.9005885,36.41182823,True,-2.91,0.48,0,4261,16.210859759909624,Lushtdan Mastuj
1263,0.006467198,73.04491139,36.26777465,False,-2.91,0.48,0,4649,9.051315991453512,Shingalath
1264,0.009781905,73.18822766,36.26350403,False,-2.91,0.48,0,4167,8.743097762404107,Saralokutu
1265,0.073164025,73.06975073,35.89912059,False,-2.53,0.76,0,4386,29.507925230051217,Pingal
1266,0.015156757,73.18934827,35.8901372,False,-2.53,0.76,0,4767,25.932072338578305,Hamaran
1267,0.011129434,73.19516701,35.88187042,False,-2.53,0.76,0,4413,26.419649529583445,Hamaran
1268,0.013317346,73.15817642,35.89383862,False,-2.53,0.76,0,4470,27.276634737403946,Hamaran
1269,0.005036967,73.1932884,35.7842195,False,-2.53,0.76,0,4546,28.575286468393966,Tangir
1270,0.004761422,73.19439374,35.77905617,False,-2.53,0.76,0,4489,28.17043629325215,Tangir
1271,0.105680048,73.66769837,36.09651163,False,1.01,0.65,0,4426,12.910983836570507,Gahkuch
1272,0.039540322,73.68799995,36.09235792,False,1.01,0.65,0,4424,12.082968568881249,Gahkuch
1273,0.012213458,73.69532831,36.10637058,False,1.01,0.65,0,4395,10.445421608463112,Gahkuch
1274,0.008252393,73.67356618,36.1210627,False,1.01,0.65,0,4438,10.57567085808453,Damas
1275,0.065965443,73.68478078,36.10088891,False,1.01,0.65,0,4326,11.518273617824606,Gahkuch
1276,0.014414477,73.68207747,36.10074818,False,1.01,0.65,0,4331,11.688717273015145,Gahkuch
1277,0.042689806,73.77002118,36.0833485,False,1.01,0.65,0,4333,10.151254255650672,Gulmuti
1278,0.025200488,73.73556879,36.06954742,False,1.01,0.65,0,4335,12.599751541705233,Gahkuch
1279,0.004720813,73.74028152,36.06788064,False,1.01,0.65,0,4427,12.690868070280477,Gahkuch
1280,0.054052868,73.72768207,36.06152506,False,1.01,0.65,0,4365,13.639495287184658,Gahkuch
1281,0.03526807,73.71282665,36.05169416,False,1.01,0.65,0,4308,15.079785062801015,Gahkuch
1282,0.1050696,73.71330498,36.03023615,False,1.01,0.65,0,4320,17.339645646561202,Gahkuch
1283,0.04253116,73.65104068,36.03652372,False,1.01,0.65,0,4470,19.07865320118878,Gahkuch
1284,0.060376391,73.66480213,36.02076356,False,1.01,0.65,0,4208,19.962780763205103,Gahkuch
1285,0.020817143,73.66509678,36.01166748,False,1.01,0.65,0,4433,20.852648556251705,Gahkuch
1286,0.043435369,73.65116309,36.00864035,False,1.01,0.65,0,4484,21.730647418704137,Gahkuch
1287,0.068672368,73.66413904,35.99948568,False,1.01,0.65,0,4259,22.11179270367892,Gahkuch
1288,0.006427301,73.65138418,36.0034931,False,1.01,0.65,0,4420,22.224491662364017,Gahkuch
1289,0.033548841,73.65096932,36.00120579,False,1.01,0.65,0,4413,22.46666095180308,Gahkuch
1290,0.005147282,73.652768,35.99762892,False,1.01,0.65,0,4409,22.745193757425668,Gahkuch
1291,0.010864165,73.6553205,36.00021003,False,1.01,0.65,0,4417,22.385335089823727,Gahkuch
1292,0.069173556,73.71959264,36.04258758,False,1.01,0.65,0,4474,15.86323214765557,Gahkuch
1293,0.004038712,73.71623568,36.04725496,False,1.01,0.65,0,4353,15.452398253464935,Gahkuch
1294,0.00733481,73.74564271,36.05042096,False,1.01,0.65,0,4351,14.247137646422344,Gulmuti
1295,0.016208272,73.8044267,36.16127779,False,1.01,0.65,0,2045,1.7660136283477759,Kanchi
1296,0.037444931,73.93252002,36.02478081,False,1.01,0.65,0,4256,8.535088973255434,Gitch
1297,0.069274818,73.92168813,36.01893328,False,1.01,0.65,0,4465,9.257970591889388,Gitch
1298,0.010402063,73.88606197,36.00070917,False,1.01,0.65,0,4268,12.034522405343708,Gitch
1299,0.013232001,73.89211667,35.99078653,False,1.01,0.65,0,4353,12.89623920954517,Gitch
1300,0.038712117,73.92303613,35.98026461,False,1.01,0.65,0,4462,13.523922462646288,Gitch
1301,0.008662201,73.89367723,35.97205651,False,1.01,0.65,0,4448,14.862165972427483,Gitch
1302,0.016302246,73.89387085,35.97021606,False,1.01,0.65,0,4443,15.056220523503226,Gitch
1303,0.294150639,73.91077179,35.9722195,True,1.01,0.65,0,4425,14.538365067074684,Gitch
1304,0.023870637,73.87429116,35.98059768,False,1.01,0.65,0,4319,14.503852959595172,Gitch
1305,0.019682109,73.90577883,35.90396357,False,1.01,0.65,0,4178,16.138399739699928,Uthali Kai
1306,0.019282995,73.8793468,35.88789006,False,1.01,0.65,0,4093,18.88605763394945,Uthali Kai
1307,0.01756394,73.86757814,35.88713974,False,1.01,0.65,0,4196,19.92906363825598,Uthali Kai
1308,0.016407114,73.86833327,35.87574812,False,1.01,0.65,0,4250,20.23912128439983,Uthali Kai
1309,0.024856583,73.86700896,35.87264586,False,1.01,0.65,0,4331,20.466120048520423,Uthali Kai
1310,0.156570193,73.86913029,35.85840251,True,1.01,0.65,0,4213,20.88006064432724,Uthali Kai
1311,0.018169525,73.86999054,35.84870451,False,1.01,0.65,0,4274,21.272940374750206,Uthali Kai
1312,0.202198374,73.87687007,35.8518592,True,1.01,0.65,0,4165,20.561373803952037,Uthali Kai
1313,0.080105618,73.88360618,35.84398613,False,1.01,0.65,0,4152,20.439259682066442,Uthali Kai
1314,0.023179918,73.88418022,35.83422521,False,1.01,0.65,0,4057,20.953457179009067,Uthali Kai
1315,0.017697982,73.88700224,35.83478545,False,1.01,0.65,0,4065,20.7052886561755,Uthali Kai
1316,0.0054013,73.88443684,35.83267706,False,1.01,0.65,0,4062,21.02645412560661,Uthali Kai
1317,0.044414599,73.84546167,35.87490782,False,1.01,0.65,0,4235,22.225864919647098,Uthali Kai
1318,0.007271237,73.86028621,35.86269065,False,1.01,0.65,0,4284,21.427074963898487,Uthali Kai
1319,0.027003123,73.82446428,35.88329338,False,1.01,0.65,0,4240,23.79467091308589,Uthali Kai
1320,0.029336356,73.81030356,35.87266793,False,1.01,0.65,0,4121,25.332131984243667,Uthali Kai
1321,0.017287532,73.80091828,35.87049892,False,1.01,0.65,0,4222,26.21151161445183,Uthali Kai
1322,0.078115718,73.60457628,35.82370735,False,1.01,0.65,0,3704,18.01152630741238,Darel
1323,0.038028647,73.59706644,35.81781081,False,1.01,0.65,0,3972,17.416511149054262,Darel
1324,0.029178598,73.61129605,35.81433672,False,1.01,0.65,0,4095,16.9405988804916,Darel
1325,0.089802392,73.60355371,35.81216975,False,1.01,0.65,0,4049,16.738332772265352,Darel
1326,0.129767789,73.61438631,35.87695278,True,1.01,0.65,0,3999,23.89530406466843,Darel
1327,0.019030537,73.61354653,35.86751316,False,1.01,0.65,0,4179,22.846849808628548,Darel
1328,0.058620206,73.62451936,35.8662874,False,1.01,0.65,0,4117,22.716033611637553,Darel
1329,0.011312173,73.64239824,35.88126515,False,1.01,0.65,0,4277,24.47511709927131,Darel
1330,0.009418116,73.63476765,35.89657622,False,1.01,0.65,0,4313,26.121240455815414,Darel
1331,0.027989181,73.61937689,35.90845896,False,1.01,0.65,0,4227,27.397270386731375,Darel
1332,0.0312753,73.62357231,35.90972935,False,1.01,0.65,0,4272,27.543277353968694,Darel
1333,0.011333941,73.642954,35.92025752,False,1.01,0.65,0,4285,28.79938829867245,Darel
1334,0.036296492,73.64634282,35.9192658,False,1.01,0.65,0,4251,28.715402407309508,Darel
1335,0.050879566,73.63889706,35.93219747,False,1.01,0.65,0,4272,29.874917400926133,Gahkuch
1336,0.031520202,73.6327401,35.94598432,False,1.01,0.65,0,4249,28.69758826470151,Gahkuch
1337,0.010197453,73.63252884,35.94073839,False,1.01,0.65,0,4361,29.235208390549754,Gahkuch
1338,0.006772027,73.68891188,35.94611293,False,1.01,0.65,0,4363,25.888864730700302,Singal
1339,0.090930626,73.70330654,35.94418711,False,1.01,0.65,0,4225,25.14863283692703,Singal
1340,0.023130685,73.70849173,35.96314174,False,1.01,0.65,0,4361,23.303757451618342,Singal
1341,0.015064256,73.72006127,35.95228913,False,1.01,0.65,0,4375,23.471149771721436,Singal
1342,0.015801738,73.72679905,35.95707042,False,1.01,0.65,0,4496,22.67180819391476,Singal
1343,0.018576647,73.74137073,35.95680743,False,1.01,0.65,0,4284,21.856963014125956,Singal
1344,0.01620888,73.72754528,35.94617623,False,1.01,0.65,0,4467,23.55740167064445,Singal
1345,0.018374929,73.7574571,35.94876137,False,1.01,0.65,0,4402,21.726095855889415,Singal
1346,0.006538653,73.75292569,35.94657822,False,1.01,0.65,0,4418,22.155990000771695,Singal
1347,0.004855292,73.77310495,35.96008434,False,1.01,0.65,0,4288,19.901012336328346,Singal
1348,0.019221237,73.76697167,35.96085067,False,1.01,0.65,0,4376,20.132712034917844,Singal
1349,0.007777947,73.76089712,35.96249818,False,1.01,0.65,0,4482,20.29421644647825,Singal
1350,0.035828946,73.75830809,35.97087397,False,1.01,0.65,0,4259,19.68579756556502,Singal
1351,0.006513343,73.71841356,35.96583477,False,1.01,0.65,0,4469,22.46357004404874,Singal
1352,0.04417567,73.70928484,35.97119332,False,1.01,0.65,0,4443,22.629002762489677,Singal
1353,0.010305517,73.70467998,35.98201006,False,1.01,0.65,0,4348,22.1340182237534,Singal
1354,0.00919076,73.7131378,35.98819245,False,1.01,0.65,0,4554,21.10896222954521,Singal
1355,0.020944509,73.72449617,35.98912225,False,1.01,0.65,0,4494,20.27116217654481,Singal
1356,0.023377797,73.7276306,35.98044046,False,1.01,0.65,0,4412,20.726603850994263,Singal
1357,0.052379296,73.72954193,35.99724965,False,1.01,0.65,0,4461,19.332932030299443,Singal
1358,0.030811297,73.7356118,35.99650163,False,1.01,0.65,0,4357,18.978971855135992,Singal
1359,0.02623459,73.73693147,36.00443362,False,1.01,0.65,0,4432,18.308377950343477,Singal
1360,0.009832721,73.73383663,36.00751755,False,1.01,0.65,0,4489,18.304045517577446,Singal
1361,0.009974275,73.73186001,36.0120773,False,1.01,0.65,0,4512,18.130709274903474,Singal
1362,0.012549585,73.74623105,36.01148756,False,1.01,0.65,0,4397,17.163168193617395,Singal
1363,0.03992749,73.73591568,36.01833282,False,1.01,0.65,0,4499,17.42194124053007,Singal
1364,0.014949955,73.75079658,36.02062397,False,1.01,0.65,0,4350,16.202555177286403,Singal
1365,0.055064114,73.7462652,36.02167577,False,1.01,0.65,0,4380,16.45340331137942,Singal
1366,0.057970812,73.74068707,36.02447218,False,1.01,0.65,0,4437,16.67486859046526,Singal
1367,0.013450564,73.74646578,36.02549802,False,1.01,0.65,0,4369,16.185873153217642,Singal
1368,0.012557824,73.75340423,36.02449525,False,1.01,0.65,0,4275,15.75285251265965,Singal
1369,0.03408474,73.70432786,36.0099468,False,1.01,0.65,0,4434,19.73235154618762,Gahkuch
1370,0.022907633,73.71578242,36.02668004,False,1.01,0.65,0,4350,17.65907612264004,Gahkuch
1371,0.01854183,73.78229364,35.85131916,False,1.01,0.65,0,3977,25.75950701880536,Darel
1372,0.002737315,73.78313042,35.85294863,False,1.01,0.65,0,3977,25.951018848131753,Darel
1373,0.281663436,73.77480961,35.85568292,True,1.01,0.65,0,3958,25.779590242084684,Darel
1374,0.870225556,73.74548555,35.86461532,True,1.01,0.65,0,4140,25.303703713029254,Darel
1375,0.426740085,73.76280494,35.88243804,True,1.01,0.65,0,4102,27.783552742648887,Darel
1376,0.00909053,73.772311,35.87259534,False,1.01,0.65,0,4283,27.25270797184822,Darel
1377,0.033628359,73.78346239,35.89359391,False,1.01,0.65,0,4140,26.069739894884833,Singal
1378,0.046691445,73.7379129,35.887767,False,1.01,0.65,0,4397,27.341024225070946,Darel
1379,0.003790818,73.75223536,35.88762783,False,1.01,0.65,0,4308,27.83960721064871,Singal
1380,0.061560128,73.73366787,35.90237137,False,1.01,0.65,0,4350,27.224744146253414,Singal
1381,0.017440205,73.72922349,35.89914778,False,1.01,0.65,0,4487,27.74013205703466,Singal
1382,0.011654083,73.70920226,35.9268984,False,1.01,0.65,0,4373,26.262733942910682,Singal
1383,0.108160197,73.69176607,35.88925483,False,1.01,0.65,0,3992,26.13146644984561,Darel
1384,0.015845772,73.67820178,35.90545469,False,1.01,0.65,0,4233,27.608574946793286,Darel
1385,0.036528095,73.65800219,35.87630177,False,1.01,0.65,0,4101,24.09778966172916,Darel
1386,0.011436482,73.75068972,36.07716327,False,1.01,0.65,0,4289,11.518369652099082,Gahkuch
1387,0.01286778,73.67719644,36.09758999,False,1.01,0.65,0,4333,12.242190266286244,Gahkuch
1388,0.012628708,73.66206183,36.08097986,False,1.01,0.65,0,4563,14.527607807581111,Gahkuch
1389,0.013571782,73.68148664,35.97602789,False,1.01,0.65,0,4330,23.95283130312431,Gahkuch
1390,0.009331276,73.68530468,35.9772151,False,1.01,0.65,0,4353,23.718418413936345,Gahkuch
1391,0.032054543,73.67965026,35.86838234,False,1.01,0.65,0,4201,23.61284053732227,Darel
1392,0.043492954,73.76453482,35.77096911,False,1.01,0.65,0,3990,17.95788679706507,Darel
1393,0.009039494,73.80335035,35.78945017,False,1.01,0.65,0,4181,21.946167514606422,Darel
1394,0.017446794,73.7963706,35.80232912,False,1.01,0.65,0,4238,22.438408644254746,Darel
1395,0.007475031,73.81249548,35.80265994,False,1.01,0.65,0,4173,23.531020820846315,Darel
1396,0.028074732,73.77590325,35.82478259,False,1.01,0.65,0,4221,23.05080647244116,Darel
1397,0.013372894,73.78960029,35.82976974,False,1.01,0.65,0,4279,24.259811939781432,Darel
1398,0.017350804,73.7951486,35.82318279,False,1.01,0.65,0,4221,24.032738633109872,Darel
1399,0.116947367,74.19551438,35.77296673,False,1.74,0.72,0,4364,16.01113622758768,Dormushk
1400,0.129251013,74.20485571,35.77905994,True,1.74,0.72,0,4306,15.405757655578922,Dormushk
1401,0.095837077,74.17975857,35.76048958,False,1.74,0.72,0,4267,17.382989592250897,Dormushk
1402,0.008145969,74.17179743,35.76639972,False,1.74,0.72,0,4336,16.76480079232749,Dormushk
1403,0.024950217,74.16127192,35.78012607,False,1.74,0.72,0,4306,15.350849951598581,Dormushk
1404,0.054892146,74.143798,35.78708379,False,1.74,0.72,0,4288,14.905712542906189,Dormushk
1405,0.069859288,74.22429381,35.789075,False,1.74,0.72,0,4383,14.614038206518266,Dormushk
1406,0.026242213,74.14843338,35.76415223,False,1.74,0.72,0,4358,17.298061278081637,Dormushk
1407,0.012923194,74.14202726,35.77165968,False,1.74,0.72,0,4349,16.607589800989352,Dormushk
1408,0.011172591,74.14588624,35.77414368,False,1.74,0.72,0,4303,16.25894436234681,Dormushk
1409,0.0267444,74.10557756,35.83676222,False,1.74,0.72,0,4258,11.117593126338539,Uthali Kai
1410,0.067886316,74.09960643,35.84471053,False,1.74,0.72,0,4373,10.15016359373882,Uthali Kai
1411,0.03376084,74.0859868,35.82727295,False,1.74,0.72,0,4306,11.957302815767473,Uthali Kai
1412,0.152905529,74.08299088,35.81712499,True,1.74,0.72,0,4270,13.07832115225297,Uthali Kai
1413,0.003932572,74.07069836,35.81634565,False,1.74,0.72,0,4333,13.195834918001944,Uthali Kai
1414,0.016418494,74.07335527,35.81367146,False,1.74,0.72,0,4389,13.478256739480283,Uthali Kai
1415,0.044340642,74.08440804,35.79292846,False,1.74,0.72,0,4367,15.770653522288772,Uthali Kai
1416,0.005201722,74.10107029,35.78562799,False,1.74,0.72,0,4215,16.457525007445035,Dormushk
1417,0.00636203,74.06701245,35.81920506,False,1.74,0.72,0,4215,12.906678571411462,Uthali Kai
1418,0.007918468,74.0626348,35.81056468,False,1.74,0.72,0,4226,13.904432931927445,Uthali Kai
1419,0.004193521,74.08170419,35.80183324,False,1.74,0.72,0,4386,14.777524994941395,Uthali Kai
1420,0.002825913,74.08036992,35.79495223,False,1.74,0.72,0,4296,15.542569286334995,Uthali Kai
1421,0.067004451,74.10764456,35.82645315,False,1.74,0.72,0,4260,12.262495206684976,Dormushk
1422,0.039673811,74.12608612,35.74075452,False,5.99,1.02,0,4214,20.29556751151,Dormushk
1423,0.02811072,74.11851798,35.74728166,False,5.99,1.02,0,4170,19.794897575968488,Dormushk
1424,0.056107155,74.07040935,35.96976993,False,1.74,0.72,0,4232,4.009593250061232,Uthali Kai
1425,0.017062694,74.16381246,35.74149911,False,5.99,1.02,0,4311,19.586570680720456,Dormushk
1426,0.013513171,74.17104326,35.7474505,False,5.99,1.02,0,4373,18.871232150390945,Dormushk
1427,0.030556215,74.18869103,35.68577992,False,5.99,1.02,0,4246,25.683170801887286,Dormushk
1428,0.017383993,74.16972667,35.69718482,False,5.99,1.02,0,4324,24.456577854324127,Dormushk
1429,0.033098298,73.89834396,35.85078235,False,1.01,0.65,0,4209,18.91099060964432,Uthali Kai
1430,0.02534768,73.90268829,35.85087089,False,1.01,0.65,0,4231,18.566696621039295,Uthali Kai
1431,0.076276661,73.9119046,35.86978185,False,1.01,0.65,0,4064,16.849439752863915,Uthali Kai
1432,0.019839834,73.91642895,35.86724843,False,1.01,0.65,0,4164,16.607758777310224,Uthali Kai
1433,0.045838422,73.91567119,35.86347736,False,1.01,0.65,0,4193,16.86190858769643,Uthali Kai
1434,0.024801669,73.93761957,35.8524462,False,1.01,0.65,0,4234,15.822253198256464,Uthali Kai
1435,0.102678614,73.95620593,35.86623818,False,1.01,0.65,0,4101,13.57162951462945,Uthali Kai
1436,0.061312934,73.95523168,35.85848727,False,1.01,0.65,0,4132,14.143949686430533,Uthali Kai
1437,0.043295115,73.95324088,35.87703127,False,1.01,0.65,0,4119,13.168247770333325,Uthali Kai
1438,0.154853269,73.92106883,35.90586675,True,1.01,0.65,0,4225,14.748034943988703,Uthali Kai
1439,0.013920765,73.94054842,35.90376841,False,1.01,0.65,0,4405,13.101066674063775,Uthali Kai
1440,0.015005802,73.94291234,35.90608043,False,1.01,0.65,0,4413,12.829381532402111,Uthali Kai
1441,0.120193164,73.94524144,35.91669333,True,1.01,0.65,0,4180,12.380549561649815,Uthali Kai
1442,0.029916518,73.95218183,35.91288431,False,1.01,0.65,0,4270,11.844134929868442,Uthali Kai
1443,0.054091833,73.96447598,35.91226574,False,1.01,0.65,0,4341,10.778799763328243,Uthali Kai
1444,0.005615953,73.96854418,35.90665001,False,1.01,0.65,0,4341,10.590150812965632,Uthali Kai
1445,0.026053194,73.98009904,35.90796359,False,1.01,0.65,0,4135,9.554225453469616,Uthali Kai
1446,0.010651885,73.98879582,35.91136984,False,1.01,0.65,0,4295,8.692678974019792,Uthali Kai
1447,0.02254765,73.98929367,35.90483222,False,1.01,0.65,0,4337,8.89558383787982,Uthali Kai
1448,0.107211836,73.99203251,35.91646991,False,1.01,0.65,0,4312,8.257333488143901,Uthali Kai
1449,0.001885666,73.97224718,35.90417989,False,1.01,0.65,0,4291,10.3589283273446,Uthali Kai
1450,0.012096552,73.96477417,35.90588079,False,1.01,0.65,0,4446,10.939827912991488,Uthali Kai
1451,0.004722195,73.96679458,35.91544589,False,1.01,0.65,0,4298,10.497718220563288,Uthali Kai
1452,0.020435109,73.93225344,35.93042195,False,1.01,0.65,0,4452,13.393922118038354,Uthali Kai
1453,0.012413521,73.91654418,35.93487887,False,1.01,0.65,0,4358,14.79933804339636,Uthali Kai
1454,0.072518586,73.97100108,35.90046243,False,1.01,0.65,0,4326,10.606602817937764,Uthali Kai
1455,0.007471045,73.94868675,35.90149256,False,1.01,0.65,0,4351,12.468275919775406,Uthali Kai
1456,0.072888373,73.92650784,35.875333,False,1.01,0.65,0,4071,15.396065733670058,Uthali Kai
1457,0.160631371,73.92847095,35.86804837,True,1.01,0.65,0,4059,15.605291859378978,Uthali Kai
1458,0.041625262,73.98810976,35.86049575,False,1.01,0.65,0,3680,11.74838148173962,Uthali Kai
1459,0.038705183,74.01011051,35.84318382,False,1.01,0.65,0,4232,12.012957667756666,Uthali Kai
1460,0.010475683,73.9638617,35.82174148,False,1.01,0.65,0,4183,16.40362982080647,Uthali Kai
1461,0.014913336,74.00238383,35.81664631,False,1.01,0.65,0,4266,14.915612753917605,Uthali Kai
1462,0.045312345,74.00049541,35.8225698,False,1.01,0.65,0,4139,14.42378620336914,Uthali Kai
1463,0.004965999,73.98257958,35.82290022,False,1.01,0.65,0,4110,15.268542558243238,Uthali Kai
1464,0.018796871,73.99708867,35.83263211,False,1.01,0.65,0,3950,13.635407955089658,Uthali Kai
1465,0.005949744,74.0074404,35.81959269,False,1.01,0.65,0,4216,14.413100093602853,Uthali Kai
1466,0.023688218,74.01339896,35.86536845,False,1.01,0.65,0,4195,9.822064717618955,Uthali Kai
1467,0.015734269,74.01636037,35.86116774,False,1.01,0.65,0,4243,10.036161566379668,Uthali Kai
1468,0.013504098,74.0649951,35.86409285,False,1.74,0.72,0,4179,7.984326153800282,Uthali Kai
1469,0.035657476,74.11280959,35.87857643,False,1.74,0.72,0,4287,6.75248407040789,Kargah
1470,0.018168512,73.33851289,35.62966437,False,4.27,1.28,0,4165,10.446942366655373,Tangir
1471,0.155975932,73.35231353,35.64363309,True,4.27,1.28,0,3748,9.177372648276881,Tangir
1472,0.212191069,73.35714661,35.65191207,True,4.27,1.28,0,3735,8.853753774066389,Tangir
1473,0.015980746,73.35507234,35.64757557,False,4.27,1.28,0,3735,8.969304526642988,Tangir
1474,0.077091901,73.32022721,35.65049532,False,4.27,1.28,0,4193,12.13426952773402,Tangir
1475,0.258752591,73.34399491,35.67523421,True,4.27,1.28,0,3428,10.732589191049714,Tangir
1476,0.113720928,73.56570325,36.4314689,False,-0.87,0.45,0,4027,9.576087718963654,Qurqolti
1477,0.006605474,73.60984049,36.37406584,False,-0.87,0.45,0,3831,6.186231309314492,Kharabal Dramander
1478,0.012443704,73.59686106,36.35535334,False,-0.87,0.45,0,4446,5.369485374978557,Kharabal Dramander
1479,0.002454194,73.61075498,36.36055163,False,-0.87,0.45,0,4199,4.890960337570176,Kharabal Dramander
1480,0.028191568,73.59749095,36.34344504,False,-0.87,0.45,0,4152,4.628929035911338,Kharabal Dramander
1481,0.021412535,73.59358992,36.34397644,False,-0.87,0.45,0,4184,4.971503161717909,Kharabal Dramander
1482,0.00771476,73.55330309,36.36547845,False,-0.87,0.45,0,4107,9.266730863672516,Kharabal Dramander
1483,0.051426904,73.55383993,36.33890822,False,-0.87,0.45,0,4421,8.234901752600086,Kharabal Dramander
1484,0.025320683,73.57242315,36.34241318,False,-0.87,0.45,0,4376,6.699064236193272,Kharabal Dramander
1485,0.004653763,73.56792167,36.3431011,False,-0.87,0.45,0,4439,7.107857663733372,Kharabal Dramander
1486,0.07003245,73.555567,36.34346489,False,-0.87,0.45,0,4467,8.188540971501348,Kharabal Dramander
1487,0.028926497,73.55592015,36.3477646,False,-0.87,0.45,0,4551,8.28532955529749,Kharabal Dramander
1488,0.003611736,73.56400192,36.33991484,False,-0.87,0.45,0,4420,7.363482681490043,Kharabal Dramander
1489,0.005418144,73.54362866,36.32152952,False,-0.87,0.45,0,4359,8.089290625872412,Somal
1490,0.010957154,73.51125173,36.33129267,False,-0.87,0.45,0,4502,10.168355563576359,Qurqolti
1491,0.00496934,73.52056403,36.33557544,False,-0.87,0.45,0,4572,10.154706244562323,Qurqolti
1492,0.025983088,73.52387574,36.34756871,False,-0.87,0.45,0,4500,9.223726531289055,Qurqolti
1493,0.009694123,73.52127281,36.35250843,False,-0.87,0.45,0,4358,8.647440032421386,Qurqolti
1494,0.016267739,73.51990548,36.35305821,False,-0.87,0.45,0,4357,8.52353589003279,Qurqolti
1495,0.15999964,73.51364414,36.35075121,True,-0.87,0.45,0,4419,8.400371587316826,Qurqolti
1496,0.009553987,73.5728476,36.36272203,False,-0.87,0.45,0,4247,7.601915583215579,Kharabal Dramander
1497,0.009700018,73.55911891,36.37312245,False,-0.87,0.45,0,3884,9.26580459824529,Kharabal Dramander
1498,0.00816562,73.51065677,36.32333448,False,-0.87,0.45,0,4285,9.521654447535509,Somal
1499,0.007129637,73.61933469,36.41271375,False,-0.87,0.45,0,4371,9.913208000837884,Kharabal Dramander
1500,0.0011614,73.62509271,36.40833105,False,-0.87,0.45,0,4533,9.330312934228568,Kharabal Dramander
1501,0.009188943,73.64032638,36.40538929,False,-0.87,0.45,0,4223,8.8500600934456,Kharabal Dramander
1502,0.013701086,73.63674484,36.19562445,False,1.01,0.65,1,4428,6.828987107820639,Haim
1503,0.006642634,73.63487004,36.19154223,False,1.01,0.65,1,4467,7.2326136062299815,Haim
1504,0.002067368,73.58606618,36.32082791,False,-0.87,0.45,0,4341,4.989286377373312,Doli Darmador
1505,0.00062353,73.58461019,36.31999527,False,-0.87,0.45,0,4332,5.084744224098362,Doli Darmador
1506,0.012362134,73.61311044,36.15774931,False,1.01,0.65,1,4538,10.174357608313002,Rashon
1507,0.133866389,73.61615465,36.15398021,True,1.01,0.65,1,4543,10.665543832299432,Rashon
1508,0.177059567,73.63911075,36.14536188,True,1.01,0.65,1,4485,10.811171504177869,Damas
1509,0.198116068,73.42283662,36.11643894,True,-2.53,0.76,1,4452,7.470477704934981,Hamaran
1510,0.104675382,73.44898891,36.11222299,False,1.01,0.65,1,4427,9.421005826269434,Hamaran
1511,0.031148681,73.44878169,36.11893761,False,1.01,0.65,1,4372,9.681373526751798,Hamaran
1512,0.041717705,73.44732159,36.12747781,False,1.01,0.65,1,4354,9.989057526961222,Hamaran
1513,0.046996445,73.46682208,36.10291388,False,1.01,0.65,1,4530,10.68796322516896,Hamaran
1514,0.21127169,73.46432635,36.10825798,True,1.01,0.65,1,4491,10.605919436464655,Hamaran
1515,0.138361521,73.46037327,36.08581992,True,1.01,0.65,0,4588,9.894683859522022,Hamaran
1516,0.01880752,73.46957053,36.09045143,False,1.01,0.65,0,4491,10.74481558671722,Hamaran
1517,0.011582205,73.45790467,36.10256429,False,1.01,0.65,1,4701,9.896031500018307,Hamaran
1518,0.076196264,73.50573952,36.12055922,False,1.01,0.65,0,4502,10.777181867258163,Hakis
1519,0.065867704,73.50015894,36.13332687,False,1.01,0.65,0,4446,9.348731106542472,Hakis
1520,0.016576664,73.49950216,36.13955775,False,1.01,0.65,0,4358,8.656525733215247,Hakis
1521,0.040748861,73.52401607,36.13639804,False,1.01,0.65,0,4380,9.244003568595916,Hakis
1522,0.229170557,73.50476817,36.12868867,True,1.01,0.65,0,4475,9.870552866999814,Hakis
1523,0.042425617,73.66563382,36.1182528,False,1.01,0.65,0,4470,11.2360255358859,Damas
1524,0.013932282,73.66534443,36.11300166,False,1.01,0.65,0,4512,11.730982815855306,Damas
1525,0.020109204,73.66336371,36.11413777,False,1.01,0.65,0,4511,11.727439280339281,Damas
1526,0.019217222,73.66319346,36.09376787,False,1.01,0.65,0,4437,13.412018517419158,Gahkuch
1527,0.284196472,73.64579542,36.080091,True,1.01,0.65,0,4344,15.592553142232724,Gahkuch
1528,0.028602217,73.63070177,36.09247835,False,1.01,0.65,0,4467,15.416872448750986,Damas
1529,0.028000151,73.62167915,36.06809251,False,1.01,0.65,0,4516,18.070279472799232,Damas
1530,0.01063494,73.6255316,36.04683798,False,1.01,0.65,0,4391,19.547001667396263,Gahkuch
1531,0.037718093,73.61101668,36.01345437,False,1.01,0.65,0,4375,23.254392816947718,Gahkuch
1532,0.012929044,73.61948953,36.0172506,False,1.01,0.65,0,4261,22.459835960813773,Gahkuch
1533,0.060789934,73.59994896,36.02317657,False,1.01,0.65,0,4409,23.015333629180322,Rashon
1534,0.096068975,73.57929833,36.01579636,False,1.01,0.65,0,4398,21.924665631512827,Hamaran
1535,0.030281416,73.58991336,36.02231085,False,1.01,0.65,0,4559,22.593343204434653,Hamaran
1536,0.007135033,73.577409,36.02242234,False,1.01,0.65,0,4508,21.520319254919794,Hamaran
1537,0.032662379,73.57068754,36.02660076,False,1.01,0.65,0,4465,20.80118824458051,Hamaran
1538,0.193234097,73.59177703,36.03860165,True,1.01,0.65,0,4287,21.170368913176738,Rashon
1539,0.012041504,73.57982289,36.04307605,False,1.01,0.65,0,4406,20.444739180530085,Rashon
1540,0.018922531,73.57473129,36.05046726,False,1.01,0.65,0,4305,19.549419444102085,Rashon
1541,0.01673009,73.57884127,36.0484181,False,1.01,0.65,0,4316,19.84517208013994,Rashon
1542,0.001596041,73.5816812,36.04519768,False,1.01,0.65,0,4400,20.248508996512346,Rashon
1543,0.028902767,73.58409545,36.03612005,False,1.01,0.65,0,4390,21.280970651601457,Rashon
1544,0.023067942,73.51268415,36.04653636,False,1.01,0.65,0,4568,15.166672203119536,Hamaran
1545,0.011956216,73.516525,36.05736334,False,1.01,0.65,0,4495,15.222372192744414,Hamaran
1546,0.020468106,73.51814648,36.05510165,False,1.01,0.65,0,4476,15.41537020978865,Hamaran
1547,0.001896002,73.51980773,36.05525583,False,1.01,0.65,0,4478,15.558027190230183,Hamaran
1548,0.012033711,73.48177846,36.05183608,False,1.01,0.65,0,4551,12.33417713536547,Hamaran
1549,0.012209029,73.4799849,36.03705165,False,1.01,0.65,0,4477,12.754942800885095,Hamaran
1550,0.073155737,73.55937488,35.74282606,False,6.1,1.01,0,4130,10.407243798555156,Darel
1551,0.018306311,73.5507451,35.74842357,False,6.1,1.01,0,3939,11.343737326553793,Darel
1552,0.019924969,73.56641636,35.76784876,False,1.01,0.65,0,4140,12.638320836287646,Darel
1553,0.007341941,73.56845074,35.78518408,False,1.01,0.65,0,4086,14.391558391699549,Darel
1554,0.217860354,73.57153719,35.78218205,True,1.01,0.65,0,4084,13.98902481027985,Darel
1555,0.007410195,73.56566637,35.78892352,False,1.01,0.65,0,4045,14.865012156824921,Darel
1556,0.007553223,73.5764475,35.79875009,False,1.01,0.65,0,4271,15.646069583197642,Darel
1557,0.05071607,73.5996818,35.81608428,False,1.01,0.65,0,3975,17.201789628729173,Darel
1558,0.007268135,73.59779161,35.84518141,False,1.01,0.65,0,3441,20.43933801270935,Darel
1559,0.001440717,73.5989606,35.87819397,False,1.01,0.65,0,4078,24.090551973169813,Darel
1560,0.043075585,73.59883535,35.87634887,False,1.01,0.65,0,4077,23.886694829619106,Darel
1561,0.042835663,73.56668998,35.88599035,False,1.01,0.65,0,4349,25.319209873443924,Darel
1562,0.304415867,73.5763131,35.87991915,True,1.01,0.65,0,4058,24.5086559408559,Darel
1563,0.027193493,73.54432125,35.87221387,False,1.01,0.65,0,4241,24.28495825716217,Darel
1564,0.037980271,73.52494937,35.86075461,False,1.01,0.65,0,4182,23.62254261031636,Darel
1565,0.009487391,73.51884345,35.85908139,False,1.01,0.65,0,4220,23.650781108618983,Darel
1566,0.007659965,73.51689239,35.86021775,False,1.01,0.65,0,4217,23.834430950049576,Darel
1567,0.015894165,73.50686795,35.85758636,False,1.01,0.65,0,4343,23.92779023684065,Darel
1568,0.089099466,73.50392453,35.85130203,False,1.01,0.65,0,4285,23.410092607530405,Darel
1569,0.036014028,73.49726918,35.845582,False,1.01,0.65,0,4190,23.11633656808006,Darel
1570,0.088632686,73.48100719,35.79480756,False,1.01,0.65,0,4282,17.599371640341687,Tangir
1571,0.011709279,73.48314685,35.8055808,False,1.01,0.65,0,4265,18.812544808439835,Tangir
1572,0.006187205,73.48340362,35.80818621,False,1.01,0.65,0,4257,19.10261902318546,Tangir
1573,0.042425862,73.46662954,35.81583876,False,1.01,0.65,0,4221,19.798410724032564,Tangir
1574,0.025238118,73.46535678,35.81083641,False,1.01,0.65,0,4234,19.236523208445803,Tangir
1575,0.02532962,73.46104037,35.81584738,False,1.01,0.65,0,4190,19.775908124246698,Tangir
1576,0.006556933,73.48158171,35.82451176,False,1.01,0.65,0,4193,20.880918113533937,Tangir
1577,0.011598029,73.48102804,35.82835046,False,1.01,0.65,0,4127,21.29883480899499,Tangir
1578,0.024020911,73.46965347,35.83171315,False,1.01,0.65,0,4165,21.577272638075687,Tangir
1579,0.009031049,73.45090382,35.84477624,False,1.01,0.65,0,4020,22.98270056680708,Tangir
1580,0.027875925,73.48051766,35.83175184,False,1.01,0.65,0,4128,21.669328350756892,Tangir
1581,0.041781238,73.48434187,35.82669863,False,1.01,0.65,0,4134,21.15351535038994,Tangir
1582,0.039705066,73.47488493,35.830903,False,1.01,0.65,0,4168,21.524306540936,Tangir
1583,0.009469586,73.45762493,35.83873135,False,1.01,0.65,0,4115,22.31210615427857,Tangir
1584,0.008835459,73.54084968,35.8435076,False,1.01,0.65,0,3991,21.33157006539058,Darel
1585,0.016396308,73.52825871,35.84558463,False,1.01,0.65,0,4024,21.9418502115246,Darel
1586,0.011776145,73.5091504,35.87349509,False,1.01,0.65,0,4287,25.465456730522064,Darel
1587,0.038505272,73.49237232,35.86076482,False,1.01,0.65,0,4302,24.8170155390976,Darel
1588,0.026322701,73.48629813,35.87675621,False,1.01,0.65,0,4476,26.052893483382796,Hamaran
1589,0.049057552,73.48032865,35.87488783,False,1.01,0.65,0,4390,25.99035169750304,Hamaran
1590,0.052167557,73.47059109,35.88471925,False,1.01,0.65,0,4393,24.621151392060632,Hamaran
1591,0.014038769,73.51395262,35.88151092,False,1.01,0.65,0,4206,26.132140805041068,Darel
1592,0.009818397,73.51010076,35.88214968,False,1.01,0.65,0,4224,26.324545790732145,Darel
1593,0.0109668,73.49773981,35.88768948,False,1.01,0.65,0,4299,25.505714293081137,Hamaran
1594,0.012199734,73.50283914,35.89025889,False,1.01,0.65,0,4315,25.5059404728731,Hamaran
1595,0.011083219,73.50293305,35.88235987,False,1.01,0.65,0,4344,26.25530299714106,Hamaran
1596,0.181979608,73.56801907,35.90449693,True,1.01,0.65,0,4114,27.325414663760125,Darel
1597,0.033780538,73.55665992,35.9057986,False,1.01,0.65,0,4305,27.120946542887342,Hamaran
1598,0.044608214,73.55155596,35.90436473,False,1.01,0.65,0,4355,26.926621045966982,Hamaran
1599,0.013925461,73.55033034,35.88604464,False,1.01,0.65,0,4360,25.634158130301564,Darel
1600,0.023589643,73.54487235,35.89048299,False,1.01,0.65,0,4163,26.232723944584816,Darel
1601,0.045196582,73.53910039,35.89082739,False,1.01,0.65,0,4141,26.40473851220423,Darel
1602,0.072414108,73.58005573,35.92057043,False,1.01,0.65,0,4308,27.491774982318915,Hamaran
1603,0.01248975,73.62082673,35.91844116,False,1.01,0.65,0,4254,28.508240053220593,Darel
1604,0.014830916,73.58518602,35.9133771,False,1.01,0.65,0,4172,28.09664451979956,Darel
1605,0.03284677,73.54476759,35.92765072,False,1.01,0.65,0,4276,24.631391886172075,Hamaran
1606,0.048809474,73.54267148,35.91764861,False,1.01,0.65,0,4409,25.298052971094,Hamaran
1607,0.008949959,73.54452705,35.92094629,False,1.01,0.65,0,4372,25.14727838386059,Hamaran
1608,0.011605235,73.40480894,35.94225114,False,-2.53,0.76,0,4399,16.464224746256715,Hamaran
1609,0.010101031,73.40887753,35.94466038,False,-2.53,0.76,0,4374,16.323075705602395,Hamaran
1610,0.008531818,73.41975591,35.94642239,False,-2.53,0.76,0,4228,16.483145316090678,Hamaran
1611,0.015302722,73.47200276,35.92787352,False,1.01,0.65,0,4284,20.48640655439033,Hamaran
1612,0.078865157,73.47921636,35.92424082,False,1.01,0.65,0,4395,21.177339627144345,Hamaran
1613,0.073258074,73.48000127,35.91235943,False,1.01,0.65,0,4416,22.331804906859986,Hamaran
1614,0.030227514,73.49646371,35.90733552,False,1.01,0.65,0,4240,23.602129642251892,Hamaran
1615,0.006859276,73.49899137,35.89629254,False,1.01,0.65,0,4301,24.753974223335252,Hamaran
1616,0.008812041,73.46707368,35.9110922,False,1.01,0.65,0,4268,21.87029945517937,Hamaran
1617,0.025370224,73.47119598,35.9093336,False,1.01,0.65,0,4317,22.221209424933797,Hamaran
1618,0.098617224,73.470375,35.90279641,False,1.01,0.65,0,4289,22.823018209379512,Hamaran
1619,0.015106115,73.54690368,35.87475275,False,1.01,0.65,0,4261,24.49494685218964,Darel
1620,0.003147945,73.55422989,35.87290119,False,1.01,0.65,0,4379,24.13104712681949,Darel
1621,0.008164931,73.37557827,35.93877061,False,-2.53,0.76,0,4370,16.264002065440085,Hamaran
1622,0.011674487,73.38432103,35.93396101,False,-2.53,0.76,0,4291,16.918161986621115,Hamaran
1623,0.036551896,73.39233575,35.93437366,False,-2.53,0.76,0,4248,17.018563176720175,Hamaran
1624,0.017445393,73.37560661,35.94870068,False,-2.53,0.76,0,4416,15.17181986437258,Hamaran
1625,0.01450391,73.37839629,35.95684438,False,-2.53,0.76,0,4350,14.319300752447177,Hamaran
1626,0.128803003,73.37088398,35.9178616,True,-2.53,0.76,0,4500,18.522048449534072,Hamaran
1627,0.045477713,73.37961624,35.91161051,False,-2.53,0.76,0,4352,19.305347516047593,Hamaran
1628,0.003238422,73.37541583,35.89979983,False,-2.53,0.76,0,4466,20.562171218078312,Hamaran
1629,0.004808774,73.38364615,35.89955027,False,-2.53,0.76,0,4465,20.684122181617585,Hamaran
1630,0.047131975,73.48076144,35.77677418,False,1.01,0.65,0,4117,15.613092406228409,Tangir
1631,0.00346731,73.47731089,35.7705887,False,1.01,0.65,0,4331,14.886301471440538,Tangir
1632,0.003800109,73.47923539,35.76936473,False,1.01,0.65,0,4340,14.777803334530047,Tangir
1633,0.002492587,73.48192404,35.77123695,False,1.01,0.65,0,4371,15.022812215698568,Tangir
1634,0.003338123,73.48445183,35.77044017,False,1.01,0.65,0,4377,14.976227819782528,Tangir
1635,0.006498611,73.48086598,35.76734364,False,1.01,0.65,0,4349,14.579981060304515,Tangir
1636,0.009983625,73.48268544,35.76681826,False,1.01,0.65,0,4349,14.551113040507854,Tangir
1637,0.007875638,73.48049883,35.76532364,False,1.01,0.65,0,4345,14.352999413122138,Tangir
1638,0.12021149,73.50705649,35.78343649,True,1.01,0.65,0,3914,16.78619896598952,Darel
1639,0.046145002,73.64735141,36.05162268,False,1.01,0.65,0,4499,17.898422937687418,Gahkuch
1640,0.011883865,73.63053613,36.03030489,False,1.01,0.65,0,4381,20.702001674392932,Gahkuch
1641,0.010212336,73.5163911,36.01491503,False,1.01,0.65,0,4270,16.77200332339804,Hamaran
1642,0.016071773,73.53520193,36.00992989,False,1.01,0.65,0,4298,18.53258542691576,Hamaran
1643,0.247829314,73.55734988,36.01069482,True,1.01,0.65,0,4232,20.30357981462081,Hamaran
1644,0.002189573,73.61431137,35.99967377,False,1.01,0.65,0,4351,24.322547160576764,Gahkuch
1645,0.004673998,73.61398128,36.00215339,False,1.01,0.65,0,4371,24.112849382944777,Gahkuch
1646,0.009389881,73.58609893,35.99460402,False,1.01,0.65,0,4212,23.397551241059272,Hamaran
1647,0.010556078,73.56494028,36.03733958,False,1.01,0.65,0,4659,19.96805101077037,Hamaran
1648,0.005568266,73.59477749,36.02535344,False,1.01,0.65,0,4544,22.664870328451027,Rashon
1649,0.005967302,73.61249778,36.02166999,False,1.01,0.65,0,4333,22.45104830276054,Gahkuch
1650,0.001548557,73.60032304,36.01743507,False,1.01,0.65,0,4489,23.506919841053136,Gahkuch
1651,0.005467164,73.60614632,36.02498223,False,1.01,0.65,0,4406,22.527259202930054,Gahkuch
1652,0.00290184,73.60407228,36.02396984,False,1.01,0.65,0,4406,22.73362941949531,Gahkuch
1653,0.000841624,73.52026182,36.04007619,False,1.01,0.65,0,4476,16.02594757427917,Hamaran
1654,0.00317429,73.52171648,36.04225897,False,1.01,0.65,0,4461,16.07938025357255,Hamaran
1655,0.008112325,73.55578485,36.0688714,False,1.01,0.65,0,4502,17.236691310328528,Hakis
1656,0.047687063,73.54862716,36.06878656,False,1.01,0.65,0,4365,17.07298777916377,Hakis
1657,0.027652933,73.55209607,36.06409927,False,1.01,0.65,0,4466,17.656602427920454,Hakis
1658,0.013439887,73.5192032,36.07210598,False,1.01,0.65,0,4380,15.23320022060775,Hamaran
1659,0.010388304,73.43237107,36.05109853,False,-2.53,0.76,0,4463,8.2145864885019,Hamaran
1660,0.004606345,73.45582641,36.05195351,False,1.01,0.65,0,4440,10.116764177717814,Hamaran
1661,0.002132375,73.44276953,36.10229662,False,1.01,0.65,1,4529,8.56497956692086,Hamaran
1662,0.012332226,73.4489821,36.10466802,False,1.01,0.65,1,4486,9.171165016215676,Hamaran
1663,0.022348214,73.54706321,36.04435399,False,1.01,0.65,0,4494,18.21680282424631,Hamaran
1664,0.013246469,73.55297724,36.04799348,False,1.01,0.65,0,4565,18.64281277792753,Hamaran
1665,0.048800834,73.52082765,35.95079417,False,1.01,0.65,0,4367,21.290972323488305,Hamaran
1666,0.019094228,73.58915364,35.9305453,False,1.01,0.65,0,4152,27.409048718493118,Hamaran
1667,0.009754842,73.58351669,35.93055343,False,1.01,0.65,0,4255,27.01285376505808,Hamaran
1668,0.025049406,73.57765852,35.92882371,False,1.01,0.65,0,4346,26.72930565365236,Hamaran
1669,0.053367339,73.58328698,35.94948855,False,1.01,0.65,0,4207,25.719510503963367,Hamaran
1670,0.039084794,73.58276707,35.95553808,False,1.01,0.65,0,4112,25.296088544776023,Hamaran
1671,0.011372569,73.54424473,35.73506886,False,6.1,1.01,0,3855,10.479105658277703,Darel
1672,0.023366637,73.40078468,35.92324718,False,-2.53,0.76,0,4119,18.399682688170657,Hamaran
1673,0.204127198,73.39702235,35.96226173,True,-2.53,0.76,0,4342,14.13138122344791,Hamaran
1674,0.020508107,73.38522589,35.97007218,False,-2.53,0.76,0,4354,13.008591971890215,Hamaran
1675,0.013380194,73.42688413,35.97405888,False,-2.53,0.76,0,4384,13.99263368795707,Hamaran
1676,0.013056899,73.43362639,35.96379037,False,-2.53,0.76,0,4335,15.285255140189827,Hamaran
1677,0.005969562,73.44713358,35.96112065,False,1.01,0.65,0,4344,16.16542189207434,Hamaran
1678,0.001636092,73.44552151,35.96012756,False,1.01,0.65,0,4349,16.18139826977509,Hamaran
1679,0.00134628,73.44419613,35.96732095,False,1.01,0.65,0,4267,15.442799125830117,Hamaran
1680,0.019711484,73.39025861,35.9769716,False,-2.53,0.76,0,4229,12.389091549904759,Hamaran
1681,0.002717394,73.38692894,35.97529444,False,-2.53,0.76,0,4263,12.485377248652494,Hamaran
1682,0.001378731,73.5049435,36.07305101,False,1.01,0.65,0,4543,13.947304835287703,Hamaran
1683,0.214031449,73.26530645,35.65272554,True,4.27,1.28,0,3680,16.96167034106816,Banda-i-Sazin
1684,0.005674495,73.26851307,35.65044739,False,4.27,1.28,0,3673,16.646470076893227,Banda-i-Sazin
1685,0.278113338,73.25536214,35.73827051,True,4.27,1.28,0,4014,21.0887519668834,Tangir
1686,0.010707722,73.25064742,35.74872233,False,4.27,1.28,0,3956,22.076304313357436,Tangir
1687,0.067604378,73.25640395,35.74693938,False,4.27,1.28,0,3817,21.534686701534582,Tangir
1688,0.144087817,73.2972139,35.81709046,True,-2.53,0.76,0,2981,24.40312254359851,Tangir
1689,0.027788698,73.25910453,35.83230578,False,-2.53,0.76,0,3806,27.832474843255167,Tangir
1690,0.015159336,73.27982497,35.85679623,False,-2.53,0.76,0,4357,26.00459356884388,Hamaran
1691,0.076625362,73.29950427,35.85961223,False,-2.53,0.76,0,4114,25.322237857935907,Hamaran
1692,0.047118991,73.28805773,35.86090655,False,-2.53,0.76,0,4147,25.38788640361608,Hamaran
1693,0.038995449,73.28118541,35.86313291,False,-2.53,0.76,0,4208,25.291398673335685,Hamaran
1694,0.056022632,73.27492451,35.86349923,False,-2.53,0.76,0,4254,25.396548522522203,Hamaran
1695,0.01930207,73.26417816,35.86583475,False,-2.53,0.76,0,4427,25.424245285702817,Hamaran
1696,0.04156199,73.27267745,35.87803839,False,-2.53,0.76,0,4265,23.90062440290269,Hamaran
1697,0.011147972,73.28765678,35.879352,False,-2.53,0.76,0,3902,23.40026627721717,Hamaran
1698,0.001828229,73.28154204,35.87840081,False,-2.53,0.76,0,4001,23.64092588279815,Hamaran
1699,0.061786673,73.35627903,35.91561852,False,-2.53,0.76,0,4435,18.686403763929054,Hamaran
1700,0.114315263,73.34211392,35.92498129,False,-2.53,0.76,0,4398,17.652918423975485,Hamaran
1701,0.012481936,73.34062304,35.92963988,False,-2.53,0.76,0,4506,17.141654919988557,Hamaran
1702,0.038047436,73.34413834,35.93221594,False,-2.53,0.76,0,4507,16.842220795640703,Hamaran
1703,0.018496891,73.33183089,35.93358414,False,-2.53,0.76,0,4461,16.763467512011527,Hamaran
1704,0.015231488,73.3548479,35.94110344,False,-2.53,0.76,0,4339,15.850146090158711,Hamaran
1705,0.024680094,73.34995985,35.94991628,False,-2.53,0.76,0,4346,14.864949118787486,Hamaran
1706,0.073130156,73.34925776,35.95374482,False,-2.53,0.76,0,4336,14.439506710701266,Hamaran
1707,0.001600615,73.34118699,35.95096755,False,-2.53,0.76,0,4451,14.77076743779982,Hamaran
1708,0.001050974,73.34190716,35.95029413,False,-2.53,0.76,0,4453,14.842099623422554,Hamaran
1709,0.00283108,73.33825284,35.96581671,False,-2.53,0.76,0,4481,13.141587716459897,Hamaran
1710,0.067319544,73.28974161,35.93441295,False,-2.53,0.76,0,4297,17.460165557203133,Hamaran
1711,0.072072634,73.29821937,35.9338062,False,-2.53,0.76,0,4176,17.302451600732844,Hamaran
1712,0.016796267,73.30734487,35.93832335,False,-2.53,0.76,0,4393,16.609562317955923,Hamaran
1713,0.003131268,73.31012456,35.9430535,False,-2.53,0.76,0,4454,16.040294868275637,Hamaran
1714,0.371760636,73.29072277,35.94563583,True,-2.53,0.76,0,4228,16.249730301325812,Hamaran
1715,0.175181905,73.28433442,35.95699101,True,-2.53,0.76,0,4234,15.277126821602941,Hamaran
1716,0.014642098,73.30465994,35.95107296,False,-2.53,0.76,0,4493,15.297263307895735,Hamaran
1717,0.021271601,73.31611026,35.95749326,False,-2.53,0.76,0,4621,14.355522300196672,Hamaran
1718,0.030437174,73.3127892,35.96638076,False,-2.53,0.76,0,4600,13.463547810874182,Hamaran
1719,0.019173271,73.31982437,35.98997613,False,-2.53,0.76,0,4703,10.765020577470288,Hamaran
1720,0.002440052,73.31904389,35.98768227,False,-2.53,0.76,0,4686,11.029558802567102,Hamaran
1721,0.00959608,73.30589183,35.98412732,False,-2.53,0.76,0,4463,11.759488934251886,Hamaran
1722,0.009982721,73.31140823,35.9805925,False,-2.53,0.76,0,4541,11.975824847610768,Hamaran
1723,0.022905303,73.31359976,35.97882567,False,-2.53,0.76,0,4544,12.10868641735927,Hamaran
1724,0.015044788,73.31157173,35.9778812,False,-2.53,0.76,0,4538,12.260316989779495,Hamaran
1725,0.03829353,73.33826231,35.97227775,False,-2.53,0.76,0,4509,12.425660492119485,Hamaran
1726,0.013686642,73.31560659,35.9461968,False,-2.53,0.76,0,4494,15.59384946859285,Hamaran
1727,0.035678394,73.31780906,35.94856838,False,-2.53,0.76,0,4487,15.29648265280298,Hamaran
1728,0.001836523,73.33604123,35.95447637,False,-2.53,0.76,0,4555,14.414995224767162,Hamaran
1729,0.009784327,73.29173359,35.97028988,False,-2.53,0.76,0,4488,13.655884771291674,Hamaran
1730,0.019425549,73.29634787,35.97129978,False,-2.53,0.76,0,4519,13.396538008203091,Hamaran
1731,0.005025122,73.34529517,35.98543583,False,-2.53,0.76,0,4433,10.92458868905604,Hamaran
1732,0.032149179,73.33878359,35.99582579,False,-2.53,0.76,0,4463,9.814765941546115,Hamaran
1733,0.104707007,73.31294933,35.98679324,False,-2.53,0.76,0,4581,11.276089146524697,Hamaran
1734,0.132734966,73.31224659,35.99977097,True,-2.53,0.76,0,4615,9.929341350909555,Hamaran
1735,0.008873138,73.31061361,36.00236108,False,-2.53,0.76,0,4606,9.712430698662875,Hamaran
1736,0.055440567,73.30333044,36.00635585,False,-2.53,0.76,0,4481,9.571005355611586,Hamaran
1737,0.011741477,73.33391572,36.01324068,False,-2.53,0.76,0,4497,7.960984995272175,Hamaran
1738,0.007245611,73.33566415,36.01317613,False,-2.53,0.76,0,4503,7.940487381842407,Hamaran
1739,0.094497757,73.32748211,36.02378022,False,-2.53,0.76,0,4553,6.960667600065841,Hamaran
1740,0.037578156,73.30632396,36.01795977,False,-2.53,0.76,0,4544,8.300669863077337,Hamaran
1741,0.071967655,73.31588824,36.04264797,False,-2.53,0.76,0,4545,5.504703437390205,Hamaran
1742,0.005604132,73.33210791,36.02550424,False,-2.53,0.76,0,4516,6.663663014919693,Hamaran
1743,0.026511366,73.41563294,36.12607492,False,-2.53,0.76,1,4431,7.533910355684979,Hamaran
1744,0.003294997,73.40713319,36.13235919,False,-2.53,0.76,1,4501,7.447522610805921,Hamaran
1745,0.004577625,73.38964489,36.13601926,False,-2.53,0.76,1,4472,6.816804451914803,Hamaran
1746,0.002746041,73.39022284,36.13796011,False,-2.53,0.76,1,4468,7.003340400687271,Bathi
1747,0.046413532,73.38096854,36.1391807,False,-2.53,0.76,1,4370,6.364923488250996,Bathi
1748,0.114065816,73.38231419,36.13257253,False,-2.53,0.76,1,4501,6.093940750064468,Bathi
1749,0.119647112,73.38566799,36.12870026,True,-2.53,0.76,1,4506,5.936900136705275,Hamaran
1750,0.010608093,73.40488471,36.15809685,False,-2.53,0.76,1,4469,8.496971740262204,Dodoshot
1751,0.054628967,73.38207196,36.17074822,False,-2.53,0.76,1,4489,7.272279879717645,Chirmayon and Chartoi
1752,0.002953813,73.38593679,36.17260269,False,-2.53,0.76,1,4462,7.000129996256756,Chirmayon and Chartoi
1753,0.019235089,73.38901814,36.17540528,False,-2.53,0.76,1,4424,6.646912652427551,Chirmayon and Chartoi
1754,0.006229173,73.36035482,36.17989639,False,-2.53,0.76,1,4521,7.042968011833596,Chirmayon and Chartoi
1755,0.031046776,73.35944595,36.18819947,False,-2.53,0.76,1,4398,6.311096964993249,Chirmayon and Chartoi
1756,0.004632214,72.65478927,36.27029196,False,-3.05,0.57,0,4344,8.706481115160676,Chapali
1757,0.001210272,72.65647295,36.26795813,False,-3.05,0.57,0,4344,9.006259006340704,Chapali
1758,0.000440316,72.65053913,36.26868312,False,-3.05,0.57,0,4324,8.65304990567166,Chevinj
1759,0.019075699,72.77657744,35.53774672,False,0.55,1.36,0,4462,8.882623581988867,Churat
1760,0.071311606,72.7722504,35.55212881,False,0.55,1.36,0,4303,8.668884682185507,Churat
1761,0.005717729,72.77149309,35.5552466,False,0.55,1.36,0,4315,8.679098416868959,Churat
1762,0.015848871,72.78996955,35.5562275,False,0.55,1.36,0,4062,10.33159743226137,Churat
1763,0.008609084,72.7548797,35.55682182,False,0.55,1.36,0,4423,7.282867208761625,Churat
1764,0.028338324,72.76903535,35.57550028,False,0.55,1.36,0,4330,7.971146753312733,Ushu
1765,0.008914174,72.80206296,35.58572901,False,0.55,1.36,0,4228,10.402639029877525,Ushu
1766,0.011830738,72.82387736,35.58880834,False,4.27,1.28,0,4357,12.266130547338564,Ushu
1767,0.007578942,72.80799123,35.59370435,False,0.55,1.36,0,4257,10.761809126262927,Ushu
1768,0.073843999,72.84743159,35.60077423,False,4.27,1.28,0,3974,14.236246475959534,Ushu
1769,0.024316577,72.81013492,35.60894237,False,0.55,1.36,0,4329,10.844878518059263,Ushu
1770,0.003257993,72.78820695,35.59625401,False,0.55,1.36,0,4246,8.95080597148817,Ushu
1771,0.028323592,72.80977377,35.6142226,False,0.55,1.36,0,4501,10.836155521181535,Ushu
1772,0.010355342,72.83648217,35.61827651,False,4.27,1.28,0,4722,13.278497899567192,Ushu
1773,0.007477676,72.8069404,35.62501726,False,0.55,1.36,0,4490,10.731018594022585,Ushu
1774,0.014949329,72.79425262,35.63079428,False,0.55,1.36,0,4245,9.755104473521063,Ushu
1775,0.003324028,72.79646524,35.62963512,False,0.55,1.36,0,4277,9.91547408845342,Ushu
1776,0.018177818,72.7941883,35.62907131,False,0.55,1.36,0,4252,9.700580784039019,Ushu
1777,0.282657994,72.79816642,35.62388842,True,0.55,1.36,0,4266,9.928368033532776,Ushu
1778,0.010912585,72.83389133,35.64226755,False,4.27,1.28,0,4250,13.550054974211116,Ushu
1779,0.02392341,72.85929441,35.64541438,False,4.27,1.28,0,4123,15.853565555249457,Ushu
1780,0.007961173,72.85882693,35.64192999,False,4.27,1.28,0,4148,15.71445275597759,Ushu
1781,0.231290021,72.8272924,35.61268075,True,4.27,1.28,0,4561,12.40767535240639,Ushu
1782,0.03683691,72.82172136,35.66114701,False,4.27,1.28,0,3921,13.297293749435552,Ushu
1783,0.006765106,72.811236,35.65314457,False,0.55,1.36,0,4285,12.057608386879686,Ushu
1784,0.671743611,73.36477585,35.94507597,True,-2.53,0.76,0,4162,15.45808322401549,Hamaran
1785,0.110123415,73.2737681,35.92554156,False,-2.53,0.76,0,4226,18.875392621690573,Hamaran
1786,0.004753472,73.2552434,35.91466483,False,-2.53,0.76,0,4418,20.63940494934028,Hamaran
1787,0.027286726,73.35817782,35.90754175,False,-2.53,0.76,0,4325,19.589582910663037,Hamaran
1788,0.001955496,73.37357044,35.91553665,False,-2.53,0.76,0,4491,18.80466656713045,Hamaran
1789,0.018633945,73.2670748,35.89240373,False,-2.53,0.76,0,4297,22.540068888917205,Hamaran
1790,0.024823468,72.3703854,35.27250797,False,0.55,1.36,0,3980,4.237282758490354,Band
1791,0.026937992,72.37275735,35.27355718,False,0.55,1.36,0,4011,4.205761531319271,Band
1792,0.186129712,72.45195909,35.43372769,True,0.55,1.36,0,3185,5.943007538732686,Gall
1793,0.030258793,72.55576056,36.082918,False,-2.76,0.9,0,3682,8.096514699556948,Herchin Laspur
1794,0.001424958,73.11480319,35.66768067,False,4.27,1.28,0,4575,22.241052743859846,Kandia
1795,0.002696216,73.10045292,35.66874577,False,4.27,1.28,0,4380,22.609762764178427,Kandia
1796,0.003432337,73.20740238,35.84335001,False,-2.53,0.76,0,4425,29.648970596930383,Hamaran
1797,0.001731927,73.18284037,35.8603514,False,-2.53,0.76,0,4365,29.040074355254944,Hamaran
1798,0.00376706,73.03627325,35.91428644,False,-2.53,0.76,0,4871,28.390686279662884,Pingal
1799,0.003059037,73.03945688,35.91140839,False,-2.53,0.76,0,4721,28.63644944586345,Pingal
1800,0.021302389,73.01586058,35.93584527,False,-2.53,0.76,0,4699,26.467648771059626,Serbel
1801,0.0104163,73.03143259,35.9996117,False,-2.53,0.76,0,4715,19.275876933230585,Saleemabad
1802,0.002659299,73.03520417,35.99986468,False,-2.53,0.76,0,4701,19.170026132775025,Saleemabad
1803,0.004652282,73.14787513,35.90813442,False,-2.53,0.76,0,4319,26.688914307998854,Hamaran
1804,0.003885764,73.14552586,35.90968503,False,-2.53,0.76,0,4318,26.708337473955513,Hamaran
1805,0.001011708,73.14380484,35.90987721,False,-2.53,0.76,0,4320,26.799939122333218,Hamaran
1806,0.001668889,73.14694064,35.91202652,False,-2.53,0.76,0,4422,26.431989371318448,Hamaran
1807,0.005091957,73.15241924,35.9151602,False,-2.53,0.76,0,4547,25.839376752690935,Hamaran
1808,0.008451773,73.16435704,35.91054131,False,-2.53,0.76,0,4621,25.497300302222186,Hamaran
1809,0.003205761,73.16820507,35.93313201,False,-2.53,0.76,0,4575,23.41382647961547,Hamaran
1810,0.005536327,73.17493857,35.95364208,False,-2.53,0.76,0,4633,21.39053496889251,Hamaran
1811,0.002769243,73.17236111,35.96530905,False,-2.53,0.76,0,4557,20.71405131367141,Hamaran
1812,0.00346971,73.1712633,35.96578887,False,-2.53,0.76,0,4558,20.75666215852551,Hamaran
1813,0.001796162,73.18989688,35.94029339,False,-2.53,0.76,0,4533,21.495742429139693,Hamaran
1814,0.010999083,73.19156632,35.94001355,False,-2.53,0.76,0,4534,21.418453613575608,Hamaran
1815,0.009296131,73.24990788,35.95934137,False,-2.53,0.76,0,4510,16.505137767984046,Hamaran
1816,0.003066812,73.25054441,35.95851584,False,-2.53,0.76,0,4507,16.550984102714576,Hamaran
1817,0.004326232,73.25791203,35.95963245,False,-2.53,0.76,0,4370,16.09490444164522,Hamaran
1818,0.000651968,73.25684018,35.96069686,False,-2.53,0.76,0,4375,16.043912529427224,Hamaran
1819,0.026713243,73.24879954,35.95665122,False,-2.53,0.76,0,4540,16.810348602688865,Hamaran
1820,0.002587167,73.25889127,35.99229693,False,-2.53,0.76,0,4446,13.062173396803695,Hamaran
1821,0.009429286,73.21868616,36.04433628,False,-2.53,0.76,1,4674,11.636806565151309,Bathi
1822,0.005914209,73.19784958,36.03458843,False,-2.53,0.76,1,4557,13.787768359032214,Bathi
1823,0.003714603,73.19890319,36.07279861,False,-2.53,0.76,1,4544,10.835078120799318,Thingai
1824,0.007521244,73.07200368,36.10259439,False,-2.53,0.76,0,4356,7.327733640473497,Saleemabad
1825,0.006984125,73.07923825,36.08824756,False,-2.53,0.76,0,4563,8.717637127494001,Pingal
1826,0.002247973,73.08752289,36.0817347,False,-2.53,0.76,0,4330,9.209696411951503,Pingal
1827,0.00398827,73.29815461,36.31911917,False,-2.91,0.48,0,3645,5.209894369101351,Atkash
1828,0.004123334,73.18241085,36.23581753,False,-2.53,0.76,0,4415,5.725221073974504,Saralokutu
1829,0.00935009,73.26347875,36.3013186,False,-2.91,0.48,0,4644,8.877310679696494,Atkash
1830,0.002314353,73.07020141,36.24691379,False,-2.53,0.76,0,4516,7.783334929250934,Shingalath
1831,0.004637149,73.07221933,36.24578038,False,-2.53,0.76,0,4529,7.780400157741212,Shingalath
1832,0.004813839,73.07447968,36.24969767,False,-2.53,0.76,0,4348,8.25402574850687,Shingalath
1833,0.005774098,73.13229407,36.24863805,False,-2.53,0.76,0,4703,8.691865787412475,Majtulasht
1834,0.002447598,73.145308,36.27328158,False,-2.91,0.48,0,4487,10.686336068589725,Saralokutu
1835,0.002887178,73.1588148,36.28443096,False,-2.91,0.48,0,4489,11.461298277468405,Saralokutu
1836,0.002935253,73.17233811,36.2925205,False,-2.91,0.48,0,4587,12.094426201763735,Saralokutu
1837,0.001500381,73.14308996,36.29495517,False,-2.91,0.48,0,4376,13.002344887869766,Saralokutu
1838,0.009984685,72.76212771,35.8060593,False,-2.76,0.9,0,4531,23.00841512928055,Ushu
1839,0.009586301,72.77649296,35.81820773,False,-2.76,0.9,0,4797,24.685393507575494,Ushu
1840,0.007193974,72.88017481,36.04870024,False,-2.53,0.76,0,4748,11.835650875524868,Serbel
1841,0.003471878,72.88330061,36.05006858,False,-2.53,0.76,0,4689,11.648899934965264,Serbel
1842,0.001476239,72.88340938,36.05094645,False,-2.53,0.76,0,4693,11.550810945253017,Serbel
1843,0.000950836,72.89122925,36.01392178,False,-2.53,0.76,0,4731,15.602139111507897,Serbel
1844,0.001063276,72.89136821,36.01321247,False,-2.53,0.76,0,4739,15.680433693357068,Serbel
1845,0.005205088,72.96504112,36.17117354,False,-2.53,0.76,0,2715,0.7346779391813888,Chashi
1846,0.13016246,72.94710557,36.17283536,True,-2.53,0.76,0,2909,2.135357334254212,Chashi
1847,0.006844544,73.03501105,36.25648166,False,-2.91,0.48,0,4771,7.65306046028292,Shingalath
1848,0.02192537,73.06006083,36.26435421,False,-2.91,0.48,0,4500,9.090636039635656,Shingalath
1849,0.003928208,73.61527083,35.80772856,False,1.01,0.65,0,4224,16.197530761574644,Darel
1850,0.015265379,73.81566482,35.92871775,False,1.01,0.65,0,4249,21.396239494135695,Singal
1851,0.008444453,73.78352938,36.0328322,False,1.01,0.65,0,4199,13.073260198552685,Singal
1852,0.035812326,73.78293521,36.03613928,False,1.01,0.65,0,4197,12.872680357261757,Singal
1853,0.033486399,74.20681198,35.66888569,False,5.99,1.02,0,4228,26.758064637633932,Khinar
1854,0.018383464,74.2116084,35.67576523,False,5.99,1.02,0,4276,26.896441999835066,Dormushk
1855,0.000814382,73.95287268,35.87662642,False,1.01,0.65,0,4122,13.219186736463676,Uthali Kai
1856,0.040330075,74.00888747,35.92421727,False,1.01,0.65,0,4157,6.590318822890462,Uthali Kai
1857,0.017001707,74.00387418,35.93196246,False,1.01,0.65,0,4296,6.943703903021294,Uthali Kai
1858,0.031832622,73.9887835,35.93063634,False,1.01,0.65,0,4282,8.308111746290802,Uthali Kai
1859,0.035143958,73.99137492,35.93444807,False,1.01,0.65,0,4284,8.062184359159337,Uthali Kai
1860,0.02128579,74.01252504,35.94973646,False,1.01,0.65,0,4347,6.379436570202587,Uthali Kai
1861,0.042782833,74.00505976,35.96049865,False,1.01,0.65,0,4412,7.40572069904395,Uthali Kai
1862,0.153051928,74.01876439,35.96220219,True,1.01,0.65,0,4285,6.374810145404075,Uthali Kai
1863,0.055265719,73.98336926,35.96069406,False,1.01,0.65,0,4328,9.243883628653451,Uthali Kai
1864,0.028543818,73.99277694,35.94395817,False,1.01,0.65,0,4310,8.001498407634864,Uthali Kai
1865,0.006806183,73.99646425,35.94447619,False,1.01,0.65,0,4369,7.6802897835999975,Uthali Kai
1866,0.014800048,73.92431541,35.94982022,False,1.01,0.65,0,4430,14.197842753032138,Uthali Kai
1867,0.02247452,73.93185236,35.9683664,False,1.01,0.65,0,4386,13.929790073531834,Uthali Kai
1868,0.013665392,73.92666277,35.97354991,False,1.01,0.65,0,4471,14.247989206424963,Gitch
1869,0.015176124,74.01598034,35.96615809,False,1.01,0.65,0,4334,6.810635405517196,Uthali Kai
1870,0.002868428,73.5762894,35.79579311,False,1.01,0.65,0,4263,15.330374455005817,Darel
1871,0.003909103,73.61700688,35.9103166,False,1.01,0.65,0,4226,27.603444163383298,Darel
1872,0.006839619,73.54836765,35.91434647,False,1.01,0.65,0,4314,25.916953646219728,Hamaran
1873,0.002618167,73.55993881,35.93803156,False,1.01,0.65,0,4219,24.850864953717878,Hamaran
1874,0.003946113,73.56294505,35.93687351,False,1.01,0.65,0,4224,25.140141717179038,Hamaran
1875,0.003372724,73.57208631,35.94464133,False,1.01,0.65,0,4452,25.232495292675807,Hamaran
1876,0.003269516,73.5673937,36.01828298,False,1.01,0.65,0,4441,20.824599042529414,Hamaran
1877,0.003581492,73.63389777,36.01884771,False,1.01,0.65,0,4559,21.568904192498618,Gahkuch
1878,0.003985935,73.63381676,36.08229004,False,1.01,0.65,0,4565,16.151552167310715,Damas
1879,0.002086953,73.54593082,36.32558141,False,-0.87,0.45,0,4460,8.470600222867711,Somal
1880,0.002094586,73.56708147,36.34505678,False,-0.87,0.45,0,4452,7.241357100549363,Kharabal Dramander
1881,0.003756353,72.76565922,35.65251816,False,0.55,1.36,0,4511,8.457116755225947,Ushu
1882,0.004731373,72.76640246,35.65323339,False,0.55,1.36,0,4518,8.55832024669012,Ushu
1883,0.001778168,72.78374365,35.65215841,False,0.55,1.36,0,3974,9.802748931978927,Ushu
1884,0.004622726,72.75671591,35.53495694,False,0.55,1.36,0,4255,7.0858329636590565,Churat
1885,0.008347166,72.03474143,35.84102674,False,-0.61,0.98,0,4482,7.294046951498368,Madak Lusht
1886,0.000608036,72.29550743,35.30125044,False,0.55,1.36,0,3720,11.441803398758285,Band
1887,0.009988202,72.2996055,35.29566167,False,0.55,1.36,0,3771,10.78506449703044,Band
1888,0.000169495,72.29862017,35.29683662,False,0.55,1.36,0,3771,10.931773164549575,Band
1889,0.003623463,72.30101822,35.2936116,False,0.55,1.36,0,3774,10.553278332841508,Band
1890,0.007024786,72.28502141,35.28786283,False,0.55,1.36,0,3891,11.131236502540013,Gorkoye
1891,0.00558782,72.28933375,35.27139521,False,0.55,1.36,0,4067,9.987883234429589,Gorkoye
1892,0.014422477,72.27765466,35.27247677,False,0.55,1.36,0,3996,9.369253378009478,Gorkoye
1893,0.004847309,72.27231724,35.23257693,False,11.82,1.87,0,3709,6.132041573632608,Gorkoye
1894,0.00110197,72.33331679,35.20217125,False,11.82,1.87,0,3630,6.934402426237304,Oghaz
1895,0.001440898,72.37854618,35.22141969,False,11.82,1.87,0,3219,2.958528144783196,Band
1896,0.004870145,72.37780244,35.28091092,False,0.55,1.36,0,3660,4.7001466492626065,Band
1897,0.003460631,72.31894877,35.26929829,False,0.55,1.36,0,3799,7.847328665361289,Band
1898,0.002970603,72.36179262,35.2809196,False,0.55,1.36,0,3704,5.454397109314842,Band
1899,0.047332228,72.36570102,35.28886591,False,0.55,1.36,0,3760,5.988958734247975,Band
1900,0.012633276,72.35031449,35.30182659,False,0.55,1.36,0,3771,7.951011655557109,Band
1901,0.024934856,72.3564778,35.3033717,False,0.55,1.36,0,3937,7.804658974497274,Band
1902,0.011936308,72.35413555,35.3088809,False,0.55,1.36,0,3864,8.44332085335731,Band
1903,0.001415204,72.3399756,35.33188597,False,0.55,1.36,0,4228,11.30449466353681,Band
1904,0.014234656,72.39013464,35.33365641,False,0.55,1.36,0,3794,10.19213299790086,Band
1905,0.003286152,72.3360131,35.3367497,False,0.55,1.36,0,4404,11.951129496707358,Band
1906,0.001473009,72.37593665,35.35455768,False,0.55,1.36,0,3774,12.656950464017797,Band
1907,0.087891922,72.37871296,35.35612852,False,0.55,1.36,0,3763,12.790987868882448,Band
1908,0.005713258,72.39424178,35.33955441,False,0.55,1.36,0,3785,10.825537556068909,Band
1909,0.036619335,72.39238064,35.33692313,False,0.55,1.36,0,3786,10.541132332577053,Band
1910,0.004023551,72.37578144,35.40400306,False,0.55,1.36,0,3411,11.96943147448232,Jamra
1911,0.001004013,72.37651583,35.40471761,False,0.55,1.36,0,3409,11.870070053015938,Jamra
1912,0.184305767,72.3771493,35.3996515,True,0.55,1.36,0,3417,12.367610368556399,Jamra
1913,0.002512901,72.42340857,35.88200948,False,-2.76,0.9,0,4761,19.09262469207306,Sur Luspur
1914,0.000962835,72.41342768,35.90389149,False,-2.76,0.9,0,4724,16.95577201126729,Sur Luspur
1915,0.00675552,72.50577004,35.35316215,False,0.55,1.36,0,4072,8.77146766597256,Laikot
1916,0.001818785,72.49606318,35.35382404,False,0.55,1.36,0,4366,9.629519129699299,Laikot
1917,0.011308534,72.4697071,35.35660072,False,0.55,1.36,0,3948,11.967361353168169,Laikot
1918,0.004851982,72.46923316,35.35451502,False,0.55,1.36,0,3981,12.033445862405493,Laikot
1919,0.032043493,72.44841045,35.35174994,False,0.55,1.36,0,3427,12.075163971594776,Atrang
1920,0.002300254,72.41363747,35.34812198,False,0.55,1.36,0,3862,11.847311765919619,Band
1921,0.021735329,72.41484599,35.3520757,False,0.55,1.36,0,3826,12.29670751779046,Band
1922,0.003379803,72.42428569,35.35991049,False,0.55,1.36,0,3976,13.119155541541357,Atrang
1923,0.05416851,72.43053013,35.37850231,False,0.55,1.36,0,3511,12.368059367348275,Gall
1924,0.000321112,72.43359391,35.38027922,False,0.55,1.36,0,3489,12.108085087655594,Gall
1925,0.000883058,72.43205596,35.37993146,False,0.55,1.36,0,3510,12.179456216944786,Gall
1926,0.002269873,72.4242014,35.37605481,False,0.55,1.36,0,3535,12.786845826082203,Gall
1927,0.000876982,72.41963567,35.37210989,False,0.55,1.36,0,3639,13.329863008744915,Gall
1928,0.00251973,72.41866217,35.37236329,False,0.55,1.36,0,3635,13.330838595777509,Gall
1929,0.003512634,72.41682634,35.37099579,False,0.55,1.36,0,3645,13.528311750600144,Gall
1930,0.037329805,72.41438687,35.36763875,False,0.55,1.36,0,3674,13.95350254725633,Gall
1931,0.040450716,72.41301099,35.36280606,False,0.55,1.36,0,3686,13.465200210981552,Band
1932,0.020091819,72.50784036,35.41006916,False,0.55,1.36,0,4004,7.65290521137105,Kandaymar
1933,0.153479228,72.49673111,35.33193296,True,0.55,1.36,0,3532,8.769600975796571,Bar Gubaguz
1934,0.013307874,72.52875221,35.35935366,False,0.55,1.36,0,4118,6.609668794240799,Laikot
1935,0.002807983,72.46799275,35.36334763,False,0.55,1.36,0,3766,11.991681767766407,Kandaymar
1936,0.001806928,72.46115143,35.36949547,False,0.55,1.36,0,3753,12.358188263709353,Kandaymar
1937,0.022876081,72.46459068,35.36683454,False,0.55,1.36,0,3756,12.15124588044929,Kandaymar
1938,0.015518896,72.48124319,35.65403462,False,0.55,1.36,0,3706,7.974090176461792,Gul Abad
1939,0.083087918,72.48644216,35.69796414,False,0.55,1.36,0,4032,11.625663532802228,Gul Abad
1940,0.005714946,72.45932344,35.79652721,False,-2.76,0.9,0,3760,20.620020329053844,Gul Abad
1941,0.094444462,72.4653903,35.80712691,False,-2.76,0.9,0,3838,21.895050282029658,Gul Abad
1942,0.000190054,72.45273605,35.7952928,False,-2.76,0.9,0,3770,20.355823884941135,Gul Abad
1943,0.00042236,72.45176471,35.79375006,False,-2.76,0.9,0,3761,20.16996941094534,Gul Abad
1944,0.002603156,72.45093226,35.79361324,False,-2.76,0.9,0,3752,20.13990820367926,Gul Abad
1945,0.014967005,72.45050789,35.79431491,False,-2.76,0.9,0,3759,20.208757538713076,Gul Abad
1946,7.39e-05,72.44965307,35.79469003,False,-2.76,0.9,0,3773,20.234583447926873,Gul Abad
1947,0.000801266,72.47594335,35.82797832,False,-2.76,0.9,0,4300,24.378298602023193,Gul Abad
1948,0.012940647,72.47688241,35.8273989,False,-2.76,0.9,0,4276,24.33810767945711,Gul Abad
1949,0.000823974,72.47551611,35.82626968,False,-2.76,0.9,0,4315,24.184805665912872,Gul Abad
1950,0.053140164,72.47697323,35.83323271,False,-2.76,0.9,0,4477,24.114280191892654,Sur Luspur
1951,0.003991951,72.47511801,35.83239674,False,-2.76,0.9,0,4469,24.20187668328619,Sur Luspur
1952,0.001617328,72.43370643,35.77516455,False,-2.76,0.9,0,3597,17.853702771804656,Gul Abad
1953,0.006414313,72.46516283,35.78308697,False,-2.76,0.9,0,4280,19.30796564690081,Gul Abad
1954,0.000297247,72.46453937,35.7830373,False,-2.76,0.9,0,4281,19.287236326244066,Gul Abad
1955,0.007768638,72.4653646,35.78070433,False,-2.76,0.9,0,4300,19.058506352512293,Gul Abad
1956,0.043732518,72.46929578,35.78431624,False,-2.76,0.9,0,4293,19.544699015651677,Gul Abad
1957,0.000609264,72.46824164,35.7835888,False,-2.76,0.9,0,4285,19.439741809779463,Gul Abad
1958,0.002191224,72.46917861,35.78581884,False,-2.76,0.9,0,4276,19.70154722678984,Gul Abad
1959,0.000365438,72.46992196,35.78607572,False,-2.76,0.9,0,4284,19.748313462882308,Gul Abad
1960,0.000964045,72.46985216,35.78630293,False,-2.76,0.9,0,4274,19.770655642661012,Gul Abad
1961,0.005966037,72.5347876,35.86204817,False,-2.76,0.9,0,4515,21.75485162324705,Sur Luspur
1962,0.001954835,72.53662857,35.83517307,False,-2.76,0.9,0,3667,24.680683368464642,Sur Luspur
1963,0.022593931,72.53499346,35.83642764,False,-2.76,0.9,0,3659,24.50880033906971,Sur Luspur
1964,0.005247011,72.53302447,35.83555915,False,-2.76,0.9,0,3673,24.559209672091868,Sur Luspur
1965,0.00071114,72.5337251,35.83465113,False,-2.76,0.9,0,3655,24.67240494455236,Sur Luspur
1966,0.03876081,72.5220123,35.84991903,False,-2.76,0.9,0,3862,22.778382476529206,Sur Luspur
1967,0.015188586,72.58092636,35.9051928,False,-2.76,0.9,0,4739,19.06009148739164,Sur Luspur
1968,0.000727098,72.54526238,35.90556124,False,-2.76,0.9,0,4412,17.514717516077383,Sur Luspur
1969,0.00273224,72.54421375,35.90467448,False,-2.76,0.9,0,4426,17.56788606728869,Sur Luspur
1970,0.000721434,72.56438727,35.91991472,False,-2.76,0.9,0,4162,16.884518006924285,Sur Luspur
1971,0.005194227,72.56276893,35.91909036,False,-2.76,0.9,0,4167,16.88875188970997,Sur Luspur
1972,0.000591747,72.56469216,35.91758062,False,-2.76,0.9,0,4186,17.121383718529337,Sur Luspur
1973,0.000163672,72.56483601,35.91786864,False,-2.76,0.9,0,4185,17.100473059042553,Sur Luspur
1974,0.000899717,72.56437594,35.91790528,False,-2.76,0.9,0,4183,17.075807100655705,Sur Luspur
1975,0.000234484,72.56357872,35.91664579,False,-2.76,0.9,0,4181,17.16017931565291,Sur Luspur
1976,0.001559072,72.56402893,35.91628926,False,-2.76,0.9,0,4182,17.21484826071147,Sur Luspur
1977,0.00320813,72.53169523,35.96818181,False,-2.76,0.9,0,4801,10.771411244132317,Sur Luspur
1978,0.011479362,72.53455821,35.86490255,False,-2.76,0.9,0,4570,21.444334157581125,Sur Luspur
1979,0.005974234,72.5325783,35.86430627,False,-2.76,0.9,0,4569,21.458652920810977,Sur Luspur
1980,0.011562121,72.59974774,35.78990367,False,-2.76,0.9,0,3664,21.85888847804927,Ushu
1981,0.007607794,72.59485294,35.63416339,False,0.55,1.36,0,4113,9.110791356561505,Ushu
1982,0.008816778,72.55236539,35.61007819,False,0.55,1.36,0,3985,7.604362275186751,Anakar
1983,0.002527557,72.60349537,35.64085595,False,0.55,1.36,0,4237,8.66635552185079,Ushu
1984,0.001186241,72.61143514,35.65558227,False,0.55,1.36,0,4325,8.897905953133645,Ushu
1985,0.065735401,72.61431309,35.65601704,False,0.55,1.36,0,4310,8.72103130967028,Ushu
1986,0.004546233,72.72842367,35.81055444,False,-2.76,0.9,0,4688,22.83477539879102,Ushu
1987,0.001580688,72.82416918,35.82009106,False,-2.53,0.76,0,4573,26.548632623604718,Ushu
1988,0.026319521,72.82290978,35.81942338,False,-2.53,0.76,0,4563,26.43084572899338,Ushu
1989,0.002921513,72.83055304,35.608687,False,4.27,1.28,0,4676,12.690292971837575,Ushu
1990,0.002550497,72.81443796,35.63506891,False,4.27,1.28,0,4279,11.64014543466008,Ushu
1991,0.004836056,72.83588384,35.63711788,False,4.27,1.28,0,4438,13.57326951669865,Ushu
1992,0.000798928,72.78967154,35.89141525,False,-2.76,0.9,0,4230,30.344918019089256,Handrap
1993,0.004721182,72.79064199,35.8896857,False,-2.76,0.9,0,4235,30.535456383638852,Handrap
1994,0.000334766,72.78900259,35.89024879,False,-2.76,0.9,0,4221,30.47593673915488,Handrap
1995,6.13e-05,72.78878693,35.89052733,False,-2.76,0.9,0,4222,30.44543192270928,Handrap
1996,0.003213555,72.79582989,35.88054943,False,-2.76,0.9,0,4358,31.546313062149824,Handrap
1997,0.006287718,72.78134713,35.93996364,False,-2.76,0.9,0,4513,24.978806641850074,Handrap
1998,0.002878053,72.82422626,36.00794554,False,-2.53,0.76,0,4433,17.27762997265056,Dalomal
1999,0.004688293,72.82448174,36.00622863,False,-2.53,0.76,0,4438,17.45266021264884,Dalomal
2000,0.001142517,72.82364149,36.00523015,False,-2.53,0.76,0,4432,17.581295409283253,Dalomal
2001,0.000332703,72.82295709,36.00666775,False,-2.53,0.76,0,4434,17.447852357029554,Dalomal
2002,0.000403439,72.8229134,36.0071452,False,-2.53,0.76,0,4437,17.398566845934834,Dalomal
2003,0.023541948,72.80644222,36.18272247,False,-2.76,0.9,0,3035,1.313246428605666,Golukmuli Tori
2004,0.000360545,72.80470537,36.18396552,False,-2.76,0.9,0,3041,1.472699027493795,Golukmuli Tori
2005,0.000696649,72.80670712,36.18391331,False,-2.76,0.9,0,3035,1.2931217752751105,Golukmuli Tori
2006,0.007985717,72.82937292,36.18126448,False,-2.53,0.76,0,2983,0.769650926604252,Golukmuli Tori
2007,0.052144106,72.79986738,36.18002013,False,-2.76,0.9,0,3037,1.7734697147269094,Handrap
2008,0.043350703,74.22638684,35.69031903,False,5.99,1.02,0,4274,25.41210082304135,Baseen
2009,0.04241959,74.22856647,35.68624582,False,5.99,1.02,0,4337,25.836619313462283,Baseen
2010,0.001019406,74.22663876,35.68596602,False,5.99,1.02,0,4339,25.88913715677737,Baseen
2011,0.004751531,74.17052698,35.6542463,False,5.99,1.02,0,4234,24.716381531560106,Khinar
2012,0.001730714,74.18409853,35.71524103,False,5.99,1.02,0,4185,22.406423955919458,Dormushk
2013,0.026331102,74.17997965,35.71505302,False,5.99,1.02,0,4230,22.43292208122944,Dormushk
2014,0.006236598,74.14576269,35.71463223,False,5.99,1.02,0,4260,22.761502390028063,Dormushk
2015,0.02171251,74.16525695,35.72301356,False,5.99,1.02,0,4251,21.62101207087194,Dormushk
2016,0.037855296,74.16582932,35.71918621,False,5.99,1.02,0,4249,22.040792400036224,Dormushk
2017,0.008986239,74.19302362,35.74139077,False,5.99,1.02,0,4198,19.509106384978946,Dormushk
2018,0.024841735,74.164493,35.74678023,False,5.99,1.02,0,4238,18.996136564474693,Dormushk
2019,0.001041926,74.15012084,35.72855196,False,5.99,1.02,0,4234,21.17141037767924,Dormushk
2020,0.000963203,74.18066011,35.7441393,False,5.99,1.02,0,4348,19.198127423592418,Dormushk
2021,0.002407396,74.12234137,35.72711661,False,5.99,1.02,0,4283,21.847530527312195,Dormushk
2022,0.001656027,74.09769783,35.7187432,False,5.99,1.02,0,4157,23.405310191462213,Dormushk
2023,0.012806593,74.0961118,35.71777562,False,5.99,1.02,0,4160,23.555265116548032,Dormushk
2024,0.002403404,74.09253416,35.71581017,False,5.99,1.02,0,4258,23.872388762624528,Dormushk
2025,0.039450164,74.09029783,35.72609481,False,5.99,1.02,0,4194,22.880532078489654,Dormushk
2026,0.001428016,74.08727274,35.72392204,False,5.99,1.02,0,4253,23.207615309184362,Dormushk
2027,0.012841868,74.06048198,35.73184754,False,6.1,1.01,0,3986,22.63453185928646,Uthali Kai
2028,0.004569468,74.05762033,35.73543171,False,6.1,1.01,0,3978,22.26019206219609,Uthali Kai
2029,0.001244523,74.1007963,35.72889629,False,5.99,1.02,0,4050,22.24868096103052,Dormushk
2030,0.005319719,74.08009519,35.75638152,False,1.74,0.72,0,4236,19.831496915958013,Uthali Kai
2031,0.009955613,74.06925425,35.75735201,False,1.74,0.72,0,4266,19.751456750585668,Uthali Kai
2032,0.001628431,74.07322989,35.74904416,False,5.99,1.02,0,4301,20.658870189848898,Uthali Kai
2033,0.009218329,74.22486234,35.83795076,False,1.74,0.72,0,4302,9.435981661443336,Baseen
2034,0.002752996,74.25377785,35.83057676,False,1.74,0.72,0,4175,9.635402886799842,Baseen
2035,0.003053544,74.25320596,35.83098416,False,1.74,0.72,0,4181,9.595035618527083,Baseen
2036,0.000140598,74.25329611,35.82998291,False,1.74,0.72,0,4180,9.705114800595483,Baseen
2037,0.005930487,74.25341888,35.82868459,False,1.74,0.72,0,4181,9.847858429202178,Baseen
2038,0.004252545,74.23445089,35.78732324,False,1.74,0.72,0,4283,14.639538943205126,Baseen
2039,0.004420865,74.20072838,35.80280758,False,1.74,0.72,0,4195,12.740322282696985,Dormushk
2040,0.004056889,74.18262998,35.76561739,False,1.74,0.72,0,4225,16.806718774977746,Dormushk
2041,0.001973058,74.20643622,35.79584801,False,1.74,0.72,0,4347,13.57104177067599,Dormushk
2042,0.001737341,74.17508908,35.76850343,False,1.74,0.72,0,4264,16.51157116299619,Dormushk
2043,0.002120926,74.1488282,35.79433212,False,1.74,0.72,0,4230,14.01296093428597,Dormushk
2044,0.021723925,74.21312033,35.81823187,False,1.74,0.72,0,4281,11.227374360322909,Dormushk
2045,0.009028905,73.94778601,35.88810541,False,1.01,0.65,0,4158,13.062898501297783,Uthali Kai
2046,0.04730771,73.98004151,35.9486629,False,1.01,0.65,0,4174,9.212903403685528,Uthali Kai
2047,0.003962072,73.98196291,35.94307015,False,1.01,0.65,0,4258,8.957177500074309,Uthali Kai
2048,0.00815811,73.98093736,35.94486124,False,1.01,0.65,0,4263,9.0714897453077,Uthali Kai
2049,0.189685965,73.98506956,35.93921652,True,1.01,0.65,0,4260,8.64396806435189,Uthali Kai
2050,0.01877066,74.0029747,35.96543735,False,1.01,0.65,0,4341,7.8031443086145575,Uthali Kai
2051,0.086188335,74.00462927,35.97019534,False,1.01,0.65,0,4326,7.9190523648094695,Uthali Kai
2052,0.047727712,74.00343194,35.98191452,False,1.01,0.65,0,4250,8.727667595916815,Uthali Kai
2053,0.073408894,73.99385719,35.97445471,False,1.01,0.65,0,4426,8.995857213986053,Uthali Kai
2054,0.0030448,73.99106296,35.97170378,False,1.01,0.65,0,4429,9.073265259948036,Uthali Kai
2055,0.003216732,73.99234542,35.97174535,False,1.01,0.65,0,4428,8.972630109545358,Uthali Kai
2056,0.009595218,73.67435699,36.07342968,False,1.01,0.65,0,4404,14.507051821360822,Gahkuch
2057,0.005750041,73.66999768,36.07215051,False,1.01,0.65,0,4393,14.851592488405135,Gahkuch
2058,0.008078248,73.6726199,36.06017725,False,1.01,0.65,0,4407,15.81607272600489,Gahkuch
2059,0.032761159,73.65425465,36.02263613,False,1.01,0.65,0,4304,20.23938303500455,Gahkuch
2060,0.001351368,73.64547604,36.0221619,False,1.01,0.65,0,4370,20.69298523158887,Gahkuch
2061,0.032039904,73.64682652,36.0216617,False,1.01,0.65,0,4368,20.676082856820564,Gahkuch
2062,0.010402111,73.20456173,35.65170791,False,4.27,1.28,1,3694,18.969288841955468,Banda-i-Sazin
2063,0.029088203,73.20248442,35.6517642,False,4.27,1.28,1,3702,19.070903381501598,Banda-i-Sazin
2064,0.007139234,73.19644801,35.65809733,False,4.27,1.28,1,3832,19.955856053720463,Banda-i-Sazin
2065,0.004101452,73.19602192,35.65923136,False,4.27,1.28,1,3830,20.083578687182538,Banda-i-Sazin
2066,0.001568911,73.08810595,35.98045679,False,-2.53,0.76,0,4498,20.334784137481034,Pingal
2067,0.002574923,73.08279051,35.98013305,False,-2.53,0.76,0,4426,20.423722653024292,Pingal
2068,0.000283605,73.08102975,35.98010752,False,-2.53,0.76,0,4417,20.446564491959005,Pingal
2069,0.001183854,73.08209323,35.98223851,False,-2.53,0.76,0,4383,20.19926876812504,Pingal
2070,0.000265396,73.08193812,35.98084772,False,-2.53,0.76,0,4423,20.35443831521102,Pingal
2071,0.000343015,73.08217091,35.9810796,False,-2.53,0.76,0,4411,20.326214496736537,Pingal
2072,0.000562643,73.08316378,35.97779945,False,-2.53,0.76,0,4455,20.677234375419395,Pingal
2073,0.003569955,73.1016226,35.92424897,False,-2.53,0.76,0,4660,26.495844280013845,Pingal
2074,0.004628349,73.09562728,35.87582427,False,-2.53,0.76,0,4638,31.896652625925118,Pingal
2075,0.002253581,73.03189644,35.84786302,False,-2.53,0.76,0,4481,35.68780102038861,Pingal
2076,0.001091907,73.02997212,35.84774499,False,-2.53,0.76,0,4473,35.73542952527978,Pingal
2077,0.001145313,73.02643455,35.84479218,False,-2.53,0.76,0,4507,36.122427962959186,Pingal
2078,0.005862359,73.02359814,35.82766069,False,-2.53,0.76,0,4505,38.006859714106916,Serbel
2079,0.001940539,73.00468968,35.81430781,False,-2.53,0.76,0,4606,36.53536956262955,Ushu
2080,0.001976575,72.99014951,35.79793371,False,-2.53,0.76,0,4678,34.37662924481268,Ushu
2081,0.032959354,72.99793884,35.84331738,False,-2.53,0.76,0,4434,35.69980918837904,Serbel
2082,0.003400399,72.99599205,35.84464757,False,-2.53,0.76,0,4425,35.512935777557786,Serbel
2083,0.009539226,72.99505743,35.84100036,False,-2.53,0.76,0,4486,35.88563345194198,Serbel
2084,0.003887216,72.99473622,35.84249172,False,-2.53,0.76,0,4490,35.71772339098359,Serbel
2085,0.000815508,73.07935424,35.8745992,False,-2.53,0.76,0,4815,32.12790803845858,Pingal
2086,0.001324649,73.03881805,35.94320771,False,-2.53,0.76,0,4642,25.216819863574397,Pingal
2087,0.006047761,73.03748885,35.94225516,False,-2.53,0.76,0,4666,25.349981396760317,Pingal
2088,0.000597455,73.02041523,35.96324228,False,-2.53,0.76,0,4716,23.439701065539982,Saleemabad
2089,0.002085915,73.02070106,35.96532919,False,-2.53,0.76,0,4653,23.208248095394186,Saleemabad
2090,0.004921234,73.15397694,36.06928215,False,-2.53,0.76,0,4415,10.367628718369206,Sosat Gipus
2091,0.001603896,73.19551213,36.23934841,False,-2.53,0.76,0,4442,6.056971333486772,Saralokutu
2092,0.001014853,73.15928383,36.28054949,False,-2.91,0.48,0,4476,11.033966365521051,Saralokutu
2093,0.03033448,76.06760658,35.30553577,False,-5.92,0.8,0,4805,7.4572098278016945,Gomba Baltaro
2094,0.007454063,76.02795549,35.3206653,False,-5.92,0.8,0,4836,7.956747745158762,Bamchu
2095,0.009557099,76.52567651,35.47701792,False,-5.92,0.8,0,4360,15.468425961470034,Hushe
2096,0.001109991,76.52328414,35.47855588,False,-5.92,0.8,0,4359,15.290041321446235,Hushe
2097,0.000795075,76.52435402,35.4795095,False,-5.92,0.8,0,4358,15.406842228210529,Hushe
2098,0.001616504,76.53987789,35.48331113,False,-5.92,0.8,0,4799,16.870361953713946,Hushe
2099,0.007437046,76.64736,35.41370069,False,-12.07,0.63,0,3667,14.676249980144153,Karmanding
2100,0.001631355,76.64614749,35.41411814,False,-12.07,0.63,0,3664,14.757246629754407,Karmanding
2101,0.000561267,76.64954952,35.41473317,False,-12.07,0.63,0,3682,14.719198438394319,Karmanding
2102,0.005842485,76.65099733,35.42354985,False,-12.07,0.63,0,3728,15.6110748499278,Karmanding
2103,0.001404417,76.64921213,35.42501682,False,-12.07,0.63,0,3734,15.815089206488109,Karmanding
2104,0.000904877,76.6495713,35.42673696,False,-12.07,0.63,0,3749,15.987836214269223,Karmanding
2105,0.001005139,76.65399512,35.42326245,False,-12.07,0.63,0,3742,15.502246294622271,Karmanding
2106,0.004074733,76.65948412,35.42254185,False,-12.07,0.63,0,3738,15.292740141979998,Karmanding
2107,0.001511765,76.64251225,35.41698963,False,-12.07,0.63,0,3676,15.17140967450523,Karmanding
2108,0.001595702,76.65896076,35.4469579,False,-12.07,0.63,0,3857,17.77594506523721,Khorkondo
2109,0.000887679,76.65669857,35.44623886,False,-12.07,0.63,0,3862,17.794940310912974,Khorkondo
2110,0.002321948,76.65144459,35.44862843,False,-12.07,0.63,0,3889,18.24832225747058,Khorkondo
2111,0.000510262,76.65211634,35.44823726,False,-12.07,0.63,0,3894,18.18162387559356,Khorkondo
2112,0.002062092,76.65078489,35.45105614,False,-12.07,0.63,0,3898,18.515393943883993,Khorkondo
2113,0.000135496,76.64886496,35.45031617,False,-12.07,0.63,0,3907,18.523255942530398,Khorkondo
2114,0.001465038,76.66434138,35.43365147,False,-12.07,0.63,0,3803,16.233416317485247,Khorkondo
2115,0.006852026,76.74272071,35.4057687,False,-12.07,0.63,0,4819,11.413119663768036,Khorkondo
2116,0.001070716,76.74326325,35.40612667,False,-12.07,0.63,0,4822,11.452306026916082,Khorkondo
2117,0.002739557,76.70252203,35.46791859,False,-12.07,0.63,0,4127,18.71490024380504,Khorkondo
2118,0.000397223,76.68726965,35.4456573,False,-12.07,0.63,0,3924,16.677080033448142,Khorkondo
2119,0.001294001,76.69836101,35.48211259,False,-12.07,0.63,0,4226,20.336926512756154,Khorkondo
2120,0.000272312,76.70216571,35.48082919,False,-12.07,0.63,0,4223,20.12861301420154,Khorkondo
2121,0.002323116,76.71652531,35.4760228,False,-12.07,0.63,0,4162,19.391129799810933,Khorkondo
2122,0.003405058,76.01241714,35.36197476,False,-5.92,0.8,0,5010,8.471621593879577,Broq
2123,0.002551937,76.00753666,35.36739475,False,-5.92,0.8,0,4819,8.365108572452073,Broq
2124,0.003823832,76.00641211,35.3664519,False,-5.92,0.8,0,4809,8.51103582700069,Broq
2125,0.000706672,76.01212748,35.37490648,False,-5.92,0.8,0,5072,7.504991511603052,Broq
2126,0.000357631,76.00632843,35.38551671,False,-5.92,0.8,0,4785,7.2713343077619355,Broq
2127,0.00123709,76.00676981,35.38477583,False,-5.92,0.8,0,4791,7.277603092127983,Broq
2128,0.000600045,76.01214003,35.3907523,False,-5.92,0.8,0,4703,6.53096065178621,Broq
2129,0.029308832,75.94895941,35.37137813,False,-5.92,0.8,0,4736,9.6775820812214,Ghoro
2130,0.004009887,76.00210994,35.34444788,False,-5.92,0.8,0,4844,9.383120229815386,Taros
2131,0.001341124,76.00357032,35.34605761,False,-5.92,0.8,0,4876,9.60178368498108,Taros
2132,0.00155519,76.00454826,35.32345595,False,-5.92,0.8,0,4296,7.4688863870090945,Taros
2133,0.006098056,75.9737039,35.37407296,False,-5.92,0.8,0,4872,10.478139742268995,Broq
2134,0.000746189,75.97106728,35.34622142,False,-5.92,0.8,0,4571,8.753521799339314,Taros
2135,0.000138335,75.97087053,35.34740752,False,-5.92,0.8,0,4554,8.881713518073626,Taros
2136,0.000900567,76.03342668,35.32326995,False,-5.92,0.8,0,4880,8.443020807235264,Bamchu
2137,0.017486011,76.02744693,35.33699511,False,-5.92,0.8,0,4708,9.052003073449113,Khasholing
2138,0.011640974,76.03817769,35.33759556,False,-5.92,0.8,0,4934,8.360968052068408,Khasholing
2139,0.00476551,76.03893208,35.33449511,False,-5.92,0.8,0,4941,8.590716257091517,Khasholing
2140,0.000284813,76.04051477,35.33674589,False,-5.92,0.8,0,4953,8.304555858780079,Khasholing
2141,0.000633532,76.03318083,35.3369794,False,-5.92,0.8,0,4858,8.704215442068175,Khasholing
2142,0.001088018,76.03339195,35.33645317,False,-5.92,0.8,0,4858,8.736066074505036,Khasholing
2143,0.086765859,76.09073482,35.30874262,False,-5.92,0.8,0,4365,5.548621526033289,Chundo
2144,0.005498197,76.05620865,35.31534456,False,-5.92,0.8,0,5009,7.8165502229744765,Gomba Baltaro
2145,0.006132715,76.05588455,35.31082833,False,-5.92,0.8,0,4973,8.0617992732636,Gomba Baltaro
2146,0.004222331,76.07367077,35.33658485,False,-5.92,0.8,0,4679,5.571928129728707,Lodas
2147,0.000426951,76.03758204,35.37652917,False,-5.92,0.8,0,4836,5.731193363454563,Khasholing
2148,0.002198203,76.03816786,35.37634317,False,-5.92,0.8,0,4834,5.690085338559549,Khasholing
2149,0.000245912,76.0383701,35.37721584,False,-5.92,0.8,0,4831,5.636228592705007,Khasholing
2150,0.002462891,76.03300671,35.35894204,False,-5.92,0.8,0,5001,7.054965001283874,Khasholing
2151,0.042995268,76.07473601,35.35591401,False,-5.92,0.8,0,4597,4.84682905598805,Khasomic
2152,0.001791626,76.07757222,35.35795384,False,-5.92,0.8,0,4604,4.511892015263335,Khasomic
2153,0.000903927,76.19651873,35.36803477,False,-5.92,0.8,0,4603,6.077664417629622,Broqpa
2154,0.001342046,76.64859678,35.39943453,False,-12.07,0.63,0,3574,13.151952189515937,Karmanding
2155,0.00566454,76.64728626,35.39281342,False,-12.07,0.63,0,3545,12.516716574316346,Karmanding
2156,0.002773487,76.64322319,35.38854587,False,-12.07,0.63,0,3511,12.237981969385405,Karmanding
2157,0.000738209,76.64440141,35.38825939,False,-12.07,0.63,0,3509,12.163130484014086,Karmanding
2158,0.00290173,76.64878833,35.40263321,False,-12.07,0.63,0,3595,13.477152820944365,Karmanding
2159,0.002321458,76.64686688,35.40370648,False,-12.07,0.63,0,3601,13.65138077895933,Karmanding
2160,0.000210584,76.64436764,35.40421443,False,-12.07,0.63,0,3604,13.788080609939243,Karmanding
2161,0.002160514,76.64837274,35.39613216,False,-12.07,0.63,0,3560,12.81883539340182,Karmanding
2162,0.000740388,76.64780329,35.39710591,False,-12.07,0.63,0,3566,12.938595660623834,Karmanding
2163,0.000735265,76.64764978,35.39753081,False,-12.07,0.63,0,3566,12.987591172473142,Karmanding
2164,0.000886717,76.6493441,35.39770803,False,-12.07,0.63,0,3565,12.948517370043687,Karmanding
2165,0.001969317,76.65262971,35.36719167,False,-12.07,0.63,0,3242,9.732487860271872,Karmanding
2166,0.313206398,76.21092089,34.98672031,True,-0.46,0.89,0,2860,2.323679231165262,Ghambashagharan
2167,0.163499495,76.26115473,35.05566532,True,-0.46,0.89,0,4881,10.62652307234814,Chinithang
2168,0.047002994,76.39172274,34.98444496,False,-0.46,0.89,0,4803,8.277371722552287,Chomik Kindarik
2169,0.029480806,76.3811279,34.98430596,False,-0.46,0.89,0,4933,7.626488267354271,Chomik Kindarik
2170,0.037415601,76.38438699,34.98697257,False,-0.46,0.89,0,4930,8.043784834840476,Chomik Kindarik
2171,0.021167634,76.39945278,34.9795675,False,-0.46,0.89,0,4736,8.422937099788241,Chomik Kindarik
2172,0.018147109,76.3893477,34.97566497,False,-0.46,0.89,0,4886,7.443134242501544,Chomik Kindarik
2173,0.065264505,76.37081596,35.01913752,False,-0.46,0.89,0,4672,10.538924798301922,Chomik Kindarik
2174,0.006633212,76.36337719,35.024391,False,-0.46,0.89,0,4740,10.868598708185015,Chomik Kindarik
2175,0.026291443,76.35613954,35.02436198,False,-0.46,0.89,0,4837,10.692108699676014,Chomik Kindarik
2176,0.00398425,76.35254438,35.03642225,False,-0.46,0.89,0,4957,11.835354860263203,Kindarik
2177,0.078792387,76.37750371,35.06442129,False,-0.46,0.89,0,4772,8.942863834456771,Lunkha
2178,0.101512192,76.29300519,35.07425719,False,-0.46,0.89,0,4601,10.959567283256463,Khaplu
2179,0.052873498,76.31210504,35.05953362,False,-0.46,0.89,0,4703,11.922321615161021,Khaplu
2180,0.048137668,76.31417835,35.05295861,False,-0.46,0.89,0,4820,12.496923255928538,Kindarik
2181,0.042963425,76.30833806,35.03682645,False,-0.46,0.89,0,4887,10.644714200658305,Kindarik
2182,0.023227642,76.31046184,35.03359351,False,-0.46,0.89,0,4897,10.317206780614395,Kindarik
2183,0.020847022,76.322624,35.02933927,False,-0.46,0.89,0,4900,10.091966256580834,Kindarik
2184,0.028060881,76.31887591,35.02119595,False,-0.46,0.89,0,4754,9.12829042348048,Kindarik
2185,0.008443546,76.33713905,35.01925332,False,-0.46,0.89,0,5051,9.501545638032063,Kindarik
2186,0.00126236,76.33780428,35.01661556,False,-0.46,0.89,0,5023,9.263855457774902,Kindarik
2187,0.01120945,76.30904086,35.00337234,False,-0.46,0.89,0,4712,6.989664176424754,Kindarik
2188,0.132926702,76.32032005,35.01029661,True,-0.46,0.89,0,4745,8.005303383839825,Kindarik
2189,0.013867132,76.30598909,35.01021129,False,-0.46,0.89,0,4686,7.6855243875635395,Kindarik
2190,0.003164006,76.34600318,34.99892446,False,-0.46,0.89,0,4888,7.7295777649401485,Chomik Kindarik
2191,0.002183229,76.35645616,34.99637417,False,-0.46,0.89,0,4933,7.71075787784187,Chomik Kindarik
2192,0.017719335,76.37567802,35.00197727,False,-0.46,0.89,0,5005,8.992354589432937,Chomik Kindarik
2193,0.015139238,76.37129817,35.00609597,False,-0.46,0.89,0,5104,9.222318750680614,Chomik Kindarik
2194,0.0013572,76.37177581,35.01183712,False,-0.46,0.89,0,4927,9.822224923328838,Chomik Kindarik
2195,0.002512733,76.38805287,35.00693869,False,-0.46,0.89,0,4809,10.041120214052041,Chomik Kindarik
2196,0.000903036,76.3873847,35.00852265,False,-0.46,0.89,0,4803,10.157670212604687,Chomik Kindarik
2197,0.001072876,76.38952315,35.01338625,False,-0.46,0.89,0,4705,10.720566299094477,Chomik Kindarik
2198,0.000212735,76.38889805,35.01313818,False,-0.46,0.89,0,4709,10.667552409625541,Chomik Kindarik
2199,0.003433699,76.64976865,35.04928879,False,-5.8,0.73,0,4879,10.84068169597479,Palit
2200,0.014347893,77.17593214,35.26550087,False,-12.07,0.63,0,3987,9.188622933380298,Tsamskangchan
2201,0.000332371,77.19461215,35.2556156,False,-13.37,0.46,0,4070,7.550330479227172,Tsamskangchan
2202,0.000744392,77.20654154,35.27769714,False,-13.37,0.46,0,4168,9.742675181057821,Tsamskangchan
2203,0.001839729,77.20818697,35.27009781,False,-13.37,0.46,0,4141,8.886279762319598,Tsamskangchan
2204,0.000445835,77.20755207,35.26682819,False,-13.37,0.46,0,4136,8.53167184499407,Tsamskangchan
2205,0.000784781,77.20579166,35.26867448,False,-13.37,0.46,0,4143,8.755673063856829,Tsamskangchan
2206,0.000667708,77.20693801,35.26830762,False,-13.37,0.46,0,4144,8.701745910040147,Tsamskangchan
2207,0.005958946,77.1990775,35.20505795,False,-9.14,0.58,0,3671,2.403856949507414,Tsamskangchan
2208,0.000667768,77.20073165,35.20561358,False,-9.14,0.58,0,3674,2.3375176745473447,Tsamskangchan
2209,0.00232244,77.2015619,35.20310425,False,-9.14,0.58,0,3659,2.0908211481047725,Tsamskangchan
2210,0.00072505,77.20029664,35.20404329,False,-9.14,0.58,0,3655,2.246108681929247,Tsamskangchan
2211,0.00101444,77.20013823,35.20439377,False,-9.14,0.58,0,3655,2.28280066082391,Tsamskangchan
2212,9.84e-05,77.19683396,35.19784652,False,-9.14,0.58,0,3642,2.1507147234479493,Tsamskangchan
2213,0.001957767,77.1971101,35.19764155,False,-9.14,0.58,0,3639,2.118981340540333,Tsamskangchan
2214,0.001152398,77.18065952,35.23681761,False,-5.8,0.73,0,3923,6.19343734398409,Tsamskangchan
2215,0.000536634,77.17891161,35.23867157,False,-5.8,0.73,0,3932,6.45314356460441,Tsamskangchan
2216,0.001385887,77.18038067,35.242094,False,-5.8,0.73,0,3931,6.700872911373182,Tsamskangchan
2217,0.000208452,77.18111916,35.24214173,False,-5.8,0.73,0,3935,6.670725872272633,Tsamskangchan
2218,0.00731658,77.18582021,35.24077578,False,-5.8,0.73,0,3906,6.3277886795075995,Tsamskangchan
2219,0.000419834,77.18677165,35.24078211,False,-5.8,0.73,0,3897,6.287943593738145,Tsamskangchan
2220,0.000383502,77.18267592,35.24511694,False,-5.8,0.73,0,3924,6.888210346528775,Tsamskangchan
2221,0.000534621,77.17847901,35.22947966,False,-5.8,0.73,0,3849,5.662244861910574,Tsamskangchan
2222,0.217050579,76.23366411,35.09639991,True,-0.46,0.89,0,4512,11.48864380474863,Kharfaq
2223,0.008572104,76.21747327,35.08960987,False,-0.46,0.89,0,4773,10.427726357526762,Ghorkun Pari
2224,0.002981392,77.15883451,35.23281874,False,-5.8,0.73,0,3914,7.1879048691244325,Tsamskangchan
2225,0.002806413,77.15770517,35.23457836,False,-5.8,0.73,0,3922,7.393701864370268,Tsamskangchan
2226,0.004581968,77.15784054,35.23581124,False,-5.8,0.73,0,3931,7.475823046321825,Tsamskangchan
2227,0.007976065,77.15628433,35.23648471,False,-5.8,0.73,0,3929,7.630946367782282,Tsamskangchan
2228,0.017946747,76.22992056,35.0894069,False,-0.46,0.89,0,4612,11.23549800485803,Ghorkun Pari
2229,0.001951598,76.25528403,35.08510376,False,-0.46,0.89,0,4540,11.887492851166574,Khaplu
2230,0.061580886,76.28381463,35.0938977,False,-0.46,0.89,0,4774,9.487198563162538,Khaplu
2231,0.002642386,76.28186948,35.08976944,False,-0.46,0.89,0,4908,9.964801545296487,Khaplu
2232,0.245601412,76.25223104,35.09214823,True,-0.46,0.89,0,4533,11.525139228264115,Khaplu
2233,0.301092331,76.20519607,35.17094014,True,-0.46,0.89,0,3299,3.0558911967107596,Kharfaq
2234,0.010648265,76.18088681,35.08886071,False,-0.46,0.89,0,4709,8.23507159035077,Malbroq
2235,0.012849134,76.19707892,35.08617275,False,-0.46,0.89,0,4718,8.917659194311907,Ghorkun Pari
2236,0.032180702,76.20003421,35.09694995,False,-0.46,0.89,0,4585,10.043969578809357,Ghorkun Pari
2237,0.002890421,76.2136801,35.08525179,False,-0.46,0.89,0,4838,9.840596495994927,Ghorkun Pari
2238,0.034427292,76.3490851,35.08428598,False,-0.46,0.89,0,4919,8.819549817292863,Khaplu
2239,0.062401139,76.35628192,35.0848651,False,-0.46,0.89,0,4842,8.81305473300773,Khaplu
2240,0.013522009,76.91734625,34.99773957,False,-5.8,0.73,0,4975,13.302770549262949,Chulung
2241,0.002205827,76.91673732,35.0058832,False,-5.8,0.73,0,5160,12.408240397684036,Chulung
2242,0.017939512,76.91221595,34.95634657,False,-5.8,0.73,0,4877,10.900000592613152,Thang
2243,0.071143893,76.39498684,34.94894928,False,-0.46,0.89,0,4915,6.37189797133951,Chomik Kindarik
2244,0.018269793,76.39851852,34.95120425,False,-0.46,0.89,0,4877,6.75775298453612,Chomik Kindarik
2245,0.012816135,76.40104567,34.96240881,False,-0.46,0.89,0,4755,7.472059696976471,Chomik Kindarik
2246,0.026324461,76.40290694,34.93107995,False,-0.46,0.89,0,5024,6.769579859575277,Chomik Kindarik
2247,0.061755645,76.42552369,34.92278073,False,-0.46,0.89,0,4699,8.877597182663518,Chomik Kindarik
2248,0.010500102,76.43582702,34.91089729,False,-0.46,0.89,0,4658,10.021282520981597,Chomik Kindarik
2249,0.006752138,76.41582296,34.9143259,False,-0.46,0.89,0,4916,8.158211599382856,Chomik Kindarik
2250,0.033596218,76.42327872,34.91415645,False,-0.46,0.89,0,4746,8.825727491727422,Chomik Kindarik
2251,0.003634084,76.43177925,34.92151615,False,-0.46,0.89,0,4607,9.459648744832961,Chomik Kindarik
2252,0.021237977,76.43291353,34.90608026,False,-0.46,0.89,0,4747,9.898377244615808,Chomik Kindarik
2253,0.016648147,76.43313852,34.95846428,False,-0.46,0.89,0,4806,9.08379113447239,Ameerabad
2254,0.003155466,76.43255123,34.95753247,False,-0.46,0.89,0,4813,9.183044299117377,Ameerabad
2255,0.009984785,76.43388818,34.95750581,False,-0.46,0.89,0,4804,9.080602913781494,Ameerabad
2256,0.018014216,76.42865713,34.88017728,False,-0.46,0.89,0,4894,10.72185601420779,Chomik Kindarik
2257,0.007501302,76.41956364,34.87230231,False,-0.46,0.89,0,4973,10.543627113186796,Chomik Kindarik
2258,0.001538895,76.42280937,34.86728409,False,-0.46,0.89,0,4931,11.124251410691716,Chomik Kindarik
2259,0.001613263,76.42368179,34.86731787,False,-0.46,0.89,0,4932,11.183407576846088,Chomik Kindarik
2260,0.00412298,76.441288,34.84833347,False,-0.46,0.89,0,4704,13.713474637841859,Goma Ganoks
2261,0.003551428,76.42059271,34.83530075,False,-0.46,0.89,0,5029,11.34840927525104,Goma Ganoks
2262,0.000653733,76.42062589,34.83461152,False,-0.46,0.89,0,5026,11.296791770224177,Goma Ganoks
2263,0.018549256,77.1164661,34.99112605,False,-5.8,0.73,0,5086,13.836447695121143,Shokpa
2264,0.001632093,77.11780801,34.98978985,False,-5.8,0.73,0,5086,13.759786167178401,Shokpa
2265,0.001893907,77.10946314,34.98952548,False,-5.8,0.73,0,4983,13.39972476936956,Shokpa
2266,0.006057933,77.11377815,34.98768363,False,-5.8,0.73,0,4987,13.384537131538666,Shokpa
2267,0.079040062,76.40906486,34.81837311,False,-0.46,0.89,0,4816,9.2956431851343,Goma Ganoks
2268,0.001675048,76.42336645,34.81380718,False,-0.46,0.89,0,5018,10.024412127881543,Goma Ganoks
2269,0.001983924,76.394758,34.81804684,False,-0.46,0.89,0,4854,8.32805684806275,Goma Ganoks
2270,0.006070202,76.38718651,34.82179185,False,-0.46,0.89,0,4932,8.195915847273234,Goma Ganoks
2271,0.001359868,76.38563711,34.82331739,False,-0.46,0.89,0,4944,8.246391455771459,Goma Ganoks
2272,0.000703897,76.38591497,34.82469413,False,-0.46,0.89,0,4907,8.38517353115665,Goma Ganoks
2273,0.0165181,76.38105407,34.82900247,False,-0.46,0.89,0,4823,8.538864792927415,Goma Ganoks
2274,0.019997835,76.37302776,34.83429763,False,-0.46,0.89,0,4990,8.709147809307375,Goma Ganoks
2275,0.122639727,76.38252863,34.85383191,True,-0.46,0.89,0,4688,9.876754364780801,Chomik Kindarik
2276,0.004882639,76.37490718,34.85844865,False,-0.46,0.89,0,4734,9.092187032308539,Chomik Kindarik
2277,0.013799118,76.4135739,34.84260926,False,-0.46,0.89,0,4859,11.510851819841601,Goma Ganoks
2278,0.049919515,76.4150607,34.83860454,False,-0.46,0.89,0,4851,11.264872546650858,Goma Ganoks
2279,0.003279319,76.42983302,34.8523842,False,-0.46,0.89,0,4941,12.70248637659415,Chomik Kindarik
2280,0.096628436,76.47609163,34.8526507,False,-0.46,0.89,0,4850,14.486656310917924,Hassanabad
2281,0.04535171,76.47433909,34.85837718,False,-0.46,0.89,0,4820,13.978931222312587,Hassanabad
2282,0.034072668,76.51140109,34.85086298,False,-0.46,0.89,0,4907,13.055641483218244,Piun
2283,0.00142907,76.51897408,34.85484024,False,-0.46,0.89,0,4827,12.299877787897747,Piun
2284,0.000853843,76.49685749,34.85795532,False,-0.46,0.89,0,5029,13.249220684151716,Hassanabad
2285,0.000673357,76.4973153,34.85910875,False,-0.46,0.89,0,5045,13.114334171216479,Hassanabad
2286,0.014362143,76.50450261,34.87147728,False,-0.46,0.89,0,4864,11.605351546217697,Hassanabad
2287,0.003593224,76.501418,34.87014596,False,-0.46,0.89,0,4918,11.831478085816094,Hassanabad
2288,0.066447603,76.50050039,34.86583975,False,-0.46,0.89,0,4900,12.312785991109742,Hassanabad
2289,0.009788055,76.38072886,34.80584539,False,-0.46,0.89,0,4909,6.462278796039964,Goma Ganoks
2290,0.004326992,76.37324338,34.80551247,False,-0.46,0.89,0,4932,5.9861099806276545,Goma Ganoks
2291,0.002147254,76.37160877,34.80524319,False,-0.46,0.89,0,4931,5.870291275414097,Goma Ganoks
2292,0.022385562,76.49507034,34.81398034,False,-0.46,0.89,0,4938,13.664189720400648,Chucharung
2293,0.137126253,76.50203476,34.81044317,True,-0.46,0.89,0,4760,13.26261317510352,Chucharung
2294,0.159133572,76.51717797,34.81332996,True,-0.46,0.89,0,4771,13.66807488974918,Chucharung
2295,0.074481094,76.49190922,34.78936002,False,-0.46,0.89,0,4984,10.94570771304184,Chucharung
2296,0.01892339,76.48029342,34.783863,False,-0.46,0.89,0,5049,10.470362690716689,Chucharung
2297,0.010484541,76.47076625,34.77970228,False,-0.46,0.89,0,4952,10.211709751519615,Chucharung
2298,0.014748126,76.44652492,34.77748219,False,-0.46,0.89,0,4867,10.549388226920874,Goma Ganoks
2299,0.010000063,76.44386646,34.77663081,False,-0.46,0.89,0,4867,10.295462291601979,Goma Ganoks
2300,0.020021489,76.43930074,34.77740016,False,-0.46,0.89,0,4802,9.895813289318713,Goma Ganoks
2301,0.007710111,76.45816862,34.78180038,False,-0.46,0.89,0,5077,10.793817772018105,Chucharung
2302,0.027215546,76.4807159,34.771104,False,-0.46,0.89,0,4822,9.069560966099694,Chucharung
2303,0.067013206,76.48120887,34.77502448,False,-0.46,0.89,0,4873,9.488667506528843,Chucharung
2304,0.016527243,76.49377137,34.76491513,False,-0.46,0.89,0,4636,8.222401496101293,Chucharung
2305,0.091094515,76.49986556,34.77151156,False,-0.46,0.89,0,4761,8.933060835426748,Chucharung
2306,0.031800446,76.50628759,34.78347841,False,-0.46,0.89,0,5005,10.277147674965136,Chucharung
2307,0.003883725,76.51445838,34.7800729,False,-0.46,0.89,0,5053,9.966816745902987,Chucharung
2308,0.002955772,76.4831551,34.76992942,False,-0.46,0.89,0,4823,8.899225042682717,Chucharung
2309,0.003928125,76.48532611,34.77109679,False,-0.46,0.89,0,4810,8.994270012890482,Chucharung
2310,0.050605991,76.47450391,34.76896209,False,-0.46,0.89,0,4855,8.969677368146236,Chucharung
2311,0.003099902,76.46877585,34.77198663,False,-0.46,0.89,0,4894,9.441754981707824,Chucharung
2312,0.001941345,76.46940793,34.77066198,False,-0.46,0.89,0,4897,9.283852458917444,Chucharung
2313,0.00279782,76.46788275,34.7767713,False,-0.46,0.89,0,4943,9.97348860946645,Chucharung
2314,0.001718208,76.46046425,34.7755289,False,-0.46,0.89,0,5030,10.06779945764814,Chucharung
2315,0.009108031,76.46045201,34.76707563,False,-0.46,0.89,0,4985,9.198956037094236,Chucharung
2316,0.026103303,76.46162266,34.76266522,False,-0.46,0.89,0,4948,8.707039607564218,Chucharung
2317,0.147360715,76.46845888,34.76184449,True,-0.46,0.89,0,4894,8.385766255982455,Chucharung
2318,0.018650045,76.47385558,34.75807498,False,-0.46,0.89,0,4829,7.827176012692989,Chucharung
2319,0.010578069,76.48068053,34.75615083,False,-0.46,0.89,0,4773,7.448414831949294,Chucharung
2320,0.006661712,76.48572337,34.75955512,False,-0.46,0.89,0,4667,7.7223551803374475,Chucharung
2321,0.00908809,76.48733355,34.75880426,False,-0.46,0.89,0,4663,7.615533536130225,Chucharung
2322,0.020217602,76.47701815,34.75001962,False,-0.46,0.89,0,4868,6.886025072776272,Chucharung
2323,0.029572348,76.4517945,34.76144195,False,-0.46,0.89,0,4981,8.992092220845405,Chucharung
2324,0.016334942,76.44838108,34.76199507,False,-0.46,0.89,0,4986,9.2030843114375,Chucharung
2325,0.071567631,76.42595992,34.76197403,False,-0.46,0.89,0,4751,8.557806222610466,Goma Ganoks
2326,0.030787262,76.42823493,34.78136377,False,-0.46,0.89,0,4748,8.985878515800385,Goma Ganoks
2327,0.002042093,76.4406628,34.78988733,False,-0.46,0.89,0,4962,10.324120910206238,Goma Ganoks
2328,0.000861388,76.44108904,34.78957584,False,-0.46,0.89,0,4954,10.351702490332483,Goma Ganoks
2329,0.001350583,76.45666348,34.79242007,False,-0.46,0.89,0,5001,11.805987196574137,Goma Ganoks
2330,0.009518832,76.46976463,34.79854505,False,-0.46,0.89,0,4954,12.264667934141501,Chucharung
2331,0.002243449,76.46061163,34.79724631,False,-0.46,0.89,0,4874,12.305996288749709,Goma Ganoks
2332,0.003985782,76.46125006,34.79650251,False,-0.46,0.89,0,4876,12.2484847711667,Chucharung
2333,0.000464259,76.46277967,34.79676915,False,-0.46,0.89,0,4889,12.23674109822927,Chucharung
2334,0.004972653,76.46906359,34.79494047,False,-0.46,0.89,0,4955,11.890184179128369,Chucharung
2335,0.011730441,76.54660702,34.75956368,False,-0.46,0.89,0,5146,8.693802037908949,Chucharung
2336,0.017801116,76.54550246,34.75558213,False,-0.46,0.89,0,5080,8.258641988233713,Chucharung
2337,0.038469472,76.53921618,34.7549149,False,-0.46,0.89,0,5213,7.921628711198946,Chucharung
2338,0.000477742,76.53028556,34.76353302,False,-0.46,0.89,0,5034,8.493724458108,Chucharung
2339,0.011814131,76.53122268,34.76297174,False,-0.46,0.89,0,5036,8.462659578158846,Chucharung
2340,0.009039969,76.56633092,34.77164813,False,-5.8,0.73,0,5012,10.782372186809207,Chucharung
2341,0.008604008,76.56815124,34.76455176,False,-5.8,0.73,0,5140,10.236852782118055,Chucharung
2342,0.006402372,76.5718747,34.76416083,False,-5.8,0.73,0,5109,10.411977861123017,Chucharung
2343,0.00451386,76.57394528,34.7641545,False,-5.8,0.73,0,5083,10.531013877334438,Chucharung
2344,0.018204369,76.58582905,34.76786106,False,-5.8,0.73,0,4986,10.745470403800601,Hadangbrok
2345,0.016182612,76.58858886,34.75607915,False,-5.8,0.73,0,5084,9.497125478112615,Hadangbrok
2346,0.011425791,76.59070636,34.77411691,False,-5.8,0.73,0,4799,11.146142182038616,Hadangbrok
2347,0.031476635,76.66832091,34.7783552,False,-5.8,0.73,0,4634,10.664331229405493,Hadangbrok
2348,0.111743458,76.71068285,34.76480039,False,-5.8,0.73,0,5120,10.76837610208906,Hadangbrok
2349,0.014637506,76.72610973,34.78443655,False,-5.8,0.73,0,5110,11.46053511793613,Turtuk
2350,0.023905033,76.8190128,34.74813059,False,-3.82,0.77,0,4566,9.623401974320542,Zagalnakchan
2351,0.004513202,76.81392878,34.74152742,False,-3.82,0.77,0,4643,10.037129833494953,Zagalnakchan
2352,0.029393462,76.39645866,34.74819835,False,-1.39,0.98,0,4757,6.102948411550036,Goma Ganoks
2353,0.012449744,76.39958528,34.74684774,False,-1.39,0.98,0,4779,6.419474464494982,Goma Ganoks
2354,0.004595161,76.39056129,34.75520832,False,-0.46,0.89,0,4696,5.401569662618038,Goma Ganoks
2355,0.034661843,76.4141083,34.75698651,False,-0.46,0.89,0,4748,7.508521110613396,Goma Ganoks
2356,0.042778403,76.43612279,34.75169789,False,-0.46,0.89,0,4895,8.939005753953763,Chucharung
2357,0.040913425,76.45193735,34.74828368,False,-1.39,0.98,0,4831,7.747394351890378,Chucharung
2358,0.006099777,76.46510567,34.73456334,False,-1.39,0.98,0,4587,5.8086815407516355,Chucharung
2359,0.002400732,76.4526006,34.75602773,False,-0.46,0.89,0,4868,8.435842647290592,Chucharung
2360,0.001637672,76.45238032,34.75499793,False,-0.46,0.89,0,4868,8.348771099946537,Chucharung
2361,0.015429385,76.42974313,34.73501242,False,-1.39,0.98,0,4831,7.86449519069123,Shralo
2362,0.034390262,76.56027533,34.7421012,False,-1.39,0.98,0,4881,7.8686329391957495,Chucharung
2363,0.006529871,76.58169928,34.67530298,False,-3.82,0.77,0,4986,5.732919102785179,Hangdangsmin
2364,0.005826837,76.5732209,34.68698924,False,-3.82,0.77,0,4929,6.569410736740902,Hangdangsmin
2365,0.020759295,76.70149413,34.69508172,False,-3.82,0.77,0,4871,5.296545428919011,Hadangbrok
2366,0.039801467,76.70840298,34.69616367,False,-3.82,0.77,0,4948,5.9391115914358625,Hadangbrok
2367,0.001425003,76.73292206,34.70903152,False,-3.82,0.77,0,5087,8.488714805243653,Hadangbrok
2368,0.000534928,76.734708,34.70845693,False,-3.82,0.77,0,5061,8.623373373031828,Hadangbrok
2369,0.006559892,76.73395162,34.70780466,False,-3.82,0.77,0,5064,8.53528245283242,Hadangbrok
2370,0.000488479,76.74418209,34.70941491,False,-3.82,0.77,0,4879,9.481209457222842,Hadangbrok
2371,0.000873476,76.74757345,34.70614231,False,-3.82,0.77,0,4917,9.680854802077988,Hadangbrok
2372,0.010318078,76.72969082,34.71758097,False,-3.82,0.77,0,5084,8.57375909876693,Hadangbrok
2373,0.004148867,76.72754071,34.72007642,False,-3.82,0.77,0,5121,8.52234923296257,Hadangbrok
2374,0.001040786,76.72322393,34.7184523,False,-3.82,0.77,0,5130,8.089129533748167,Hadangbrok
2375,0.004797907,76.68923905,34.73067511,False,-3.82,0.77,0,5003,6.543996276228585,Hadangbrok
2376,0.003875496,76.69115641,34.73325348,False,-3.82,0.77,0,5086,6.877814356847413,Hadangbrok
2377,0.00044019,76.68992589,34.73413027,False,-3.82,0.77,0,5092,6.88751740762169,Hadangbrok
2378,0.000239576,76.69116574,34.73430842,False,-3.82,0.77,0,5117,6.971380542917957,Hadangbrok
2379,0.001321917,76.69694433,34.73337209,False,-3.82,0.77,0,5165,7.224100619206658,Hadangbrok
2380,0.015030814,76.68109821,34.73148409,False,-3.82,0.77,0,5068,6.188665875118437,Hadangbrok
2381,0.002492003,76.75543919,34.73108955,False,-3.82,0.77,0,4594,11.349440270691767,Hadangbrok
2382,0.029600155,76.77709987,34.72685622,False,-3.82,0.77,0,4968,12.962609500094889,Hadangbrok
2383,0.020603998,76.80796224,34.71341092,False,-3.82,0.77,0,4872,10.950860166825503,Zagalnakchan
2384,0.017260238,76.79412669,34.70256788,False,-3.82,0.77,0,5090,12.512538709590658,Zagalnakchan
2385,0.003739358,76.79527117,34.69765713,False,-3.82,0.77,0,5155,12.601871299541543,Zagalnakchan
2386,0.001295137,76.78947413,34.70307926,False,-3.82,0.77,0,5155,12.89812004567624,Zagalnakchan
2387,0.020756787,76.75019215,34.68212582,False,-3.82,0.77,0,5100,9.617465904861522,Hadangbrok
2388,0.303477682,76.75761965,34.670957,True,-3.82,0.77,0,4968,10.396059782004293,Hangdangsmin
2389,0.000843994,76.7588468,34.66470025,False,-3.82,0.77,0,4962,10.585166057965997,Hangdangsmin
2390,0.008528601,76.7595242,34.64876078,False,-3.82,0.77,0,5232,10.800161762794687,Hangdonsmin
2391,0.025420064,76.72454743,34.60598958,False,-3.82,0.77,0,4999,8.79991735264291,Hanu Gongma
2392,0.015838978,76.83975331,34.72044444,False,-3.82,0.77,0,5072,7.941761826189535,Zagalnakchan
2393,0.027385295,76.85677784,34.69954086,False,-3.82,0.77,0,4765,7.5188186466242355,Zagalnakchan
2394,0.029581254,77.02218389,34.69289361,False,-3.82,0.77,0,5206,10.347925737900473,Zagalnakchan
2395,0.001045589,77.02115583,34.69004811,False,-3.82,0.77,0,5242,10.427499488938782,Zagalnakchan
2396,0.001559701,77.01845301,34.69156015,False,-3.82,0.77,0,5203,10.128993891400523,Zagalnakchan
2397,0.018005866,77.07093841,34.67422368,False,-3.82,0.77,0,4985,6.578101728743049,Yogma Tharu
2398,0.001817273,77.08524811,34.67866087,False,-3.82,0.77,0,4782,5.640000173352265,Yogma Tharu
2399,0.001064948,77.08392565,34.67910316,False,-3.82,0.77,0,4782,5.768546692836342,Yogma Tharu
2400,0.002340264,77.0678219,34.70063541,False,-3.82,0.77,0,5263,7.538071084978823,Pachathang
2401,0.006262854,77.0735463,34.70680344,False,-3.82,0.77,0,5138,7.054031539722181,Pachathang
2402,0.00144585,77.07661509,34.70796899,False,-3.82,0.77,0,5118,6.790634920340154,Pachathang
2403,0.009773587,77.07520363,34.70974722,False,-3.82,0.77,0,5099,6.9463831815268176,Pachathang
2404,0.00098403,77.07198862,34.70407212,False,-3.82,0.77,0,5164,7.170542066282939,Pachathang
2405,0.000546265,77.07584296,34.7066208,False,-3.82,0.77,0,5139,6.843121677461057,Pachathang
2406,0.002193969,77.03183907,34.69757329,False,-3.82,0.77,0,5049,10.76785739055983,Zagalnakchan
2407,0.011115248,76.9516276,34.6850769,False,-3.82,0.77,0,4971,6.498958557143697,Zagalnakchan
2408,0.001917657,76.9530365,34.68601717,False,-3.82,0.77,0,4960,6.455290663018034,Zagalnakchan
2409,0.003460773,76.98159742,34.69511297,False,-3.82,0.77,0,4536,7.184247693729844,Zagalnakchan
2410,0.000670591,76.96764835,34.62460188,False,-3.82,0.77,0,5023,13.321965589928313,Zagalnakchan
2411,0.000347415,76.96771502,34.62413423,False,-3.82,0.77,0,5024,13.373391532079502,Zagalnakchan
2412,0.04765394,76.96820387,34.62160164,False,-3.82,0.77,0,5025,13.655491123179866,Zagalnakchan
2413,0.002715812,76.97505216,34.61493446,False,-3.82,0.77,0,5170,13.540057118425318,Gongma Tharu
2414,0.010602919,76.72490293,34.62434244,False,-3.82,0.77,0,4964,8.518835455827409,Hanu Gongma
2415,0.000502105,76.72236335,34.62560963,False,-3.82,0.77,0,4979,8.28258213482445,Hanu Gongma
2416,0.003008478,76.73242158,34.58773936,False,-3.82,0.77,0,5108,10.182581747915178,Hanu Yogma
2417,0.015086647,76.76307425,34.5871612,False,-3.82,0.77,0,5205,10.64520481900026,Nunskarliakh
2418,0.004467185,76.78727417,34.59311004,False,-3.82,0.77,0,5221,11.735519238193572,Nunskarliakh
2419,0.016845047,76.80730487,34.58591878,False,-3.82,0.77,0,5219,11.66438551453768,Nunskarliakh
2420,0.092879271,76.81310402,34.58677245,False,-3.82,0.77,0,5309,11.99357745472092,Nunskarliakh
2421,0.012092483,76.81263419,34.58085845,False,-3.82,0.77,0,5264,11.398533318208315,Nunskarliakh
2422,0.019154142,76.77783115,34.60660334,False,-3.82,0.77,0,4960,12.986978455683293,Nunskarliakh
2423,0.000725508,76.77565439,34.60664671,False,-3.82,0.77,0,4955,12.954973601401068,Nunskarliakh
2424,0.00187777,76.77790291,34.60077686,False,-3.82,0.77,0,5089,12.353096488037414,Nunskarliakh
2425,0.000946649,76.77204517,34.59761545,False,-3.82,0.77,0,5059,11.909048989651296,Nunskarliakh
2426,0.000382451,76.77304999,34.59738092,False,-3.82,0.77,0,5058,11.898857891010351,Nunskarliakh
2427,0.002887726,76.74315237,34.59685576,False,-3.82,0.77,0,5021,10.724925853679993,Hanu Gongma
2428,0.002100305,76.76740578,34.59592069,False,-3.82,0.77,0,5066,11.659678810396965,Nunskarliakh
2429,0.003144436,76.7702664,34.59620976,False,-3.82,0.77,0,5050,11.728833609828646,Nunskarliakh
2430,0.001209187,76.75445438,34.59404786,False,-3.82,0.77,0,4996,11.355230655425922,Nunskarliakh
2431,0.000575149,76.75525222,34.59373947,False,-3.82,0.77,0,5007,11.323447132227136,Nunskarliakh
2432,0.000329008,76.76558615,34.5951516,False,-3.82,0.77,0,5050,11.553980131090084,Nunskarliakh
2433,0.010205542,76.77909981,34.57205186,False,-3.82,0.77,0,4860,9.277854965678511,Nunskarliakh
2434,0.042148314,76.81701881,34.5673623,False,-3.82,0.77,0,5171,10.355854975573681,Nunskarliakh
2435,0.002174628,76.8220673,34.56792198,False,-3.82,0.77,0,5141,10.683116679551919,Nunskarliakh
2436,0.000593465,76.82241783,34.5676666,False,-3.82,0.77,0,5137,10.680428670523542,Nunskarliakh
2437,0.015404017,76.81443749,34.57213933,False,-3.82,0.77,0,5176,10.658768746273322,Nunskarliakh
2438,0.000871375,76.8179749,34.57323574,False,-3.82,0.77,0,5167,10.940276490961562,Nunskarliakh
2439,0.000971713,76.8170203,34.573863,False,-3.82,0.77,0,5169,10.949135899183945,Nunskarliakh
2440,0.002514004,76.82607139,34.56592983,False,-3.82,0.77,0,5090,10.741160519592224,Nunskarliakh
2441,0.000725386,76.82468363,34.56540272,False,-3.82,0.77,0,5101,10.614683209833395,Nunskarliakh
2442,0.000629421,76.83212034,34.56691993,False,-3.82,0.77,0,5093,11.187488433559224,Nunskarliakh
2443,0.00052014,76.831891,34.5674367,False,-3.82,0.77,0,5092,11.216388503656669,Nunskarliakh
2444,0.003119034,76.82968194,34.57025754,False,-3.82,0.77,0,5046,11.32237828524811,Nunskarliakh
2445,0.044448911,76.8488474,34.56093779,False,-3.82,0.77,0,5077,10.831371909589011,Khargok
2446,0.001192789,76.85243566,34.56276278,False,-3.82,0.77,0,5133,11.02493921477025,Khargok
2447,0.000825678,76.85239845,34.56210049,False,-3.82,0.77,0,5136,10.951347356017314,Khargok
2448,0.002535417,76.8425124,34.55706401,False,-3.82,0.77,0,5299,10.443512769738586,Khargok
2449,0.003547533,76.87198986,34.54820362,False,-3.82,0.77,0,5196,9.548471607820236,Khargok
2450,0.028435558,76.05120662,35.30314949,False,-5.92,0.8,0,5063,7.665448702273843,Bamchu
2451,0.040823834,76.00352019,35.35737201,False,-5.92,0.8,0,4804,9.399288818651902,Broq
2452,0.001510359,76.04525701,35.29805627,False,-5.92,0.8,0,4875,6.884994322497782,Bamchu
2453,0.000394415,76.04678771,35.29894497,False,-5.92,0.8,0,4870,7.05436822157698,Bamchu
2454,0.00057366,76.08396251,35.30259854,False,-5.92,0.8,0,4648,6.2948592355524005,Chundo
2455,0.004719154,76.08388299,35.30380646,False,-5.92,0.8,0,4637,6.268799470237197,Chundo
2456,0.009267017,76.09088741,35.2945628,False,-5.92,0.8,0,4662,6.004413617885168,Chundo
2457,0.00154182,76.09452453,35.29479552,False,-5.92,0.8,0,4677,5.694793651495899,Chundo
2458,0.000487874,76.09545366,35.29326452,False,-5.92,0.8,0,4686,5.696193456056024,Chundo
2459,0.00064321,76.15602675,35.18699574,False,-0.46,0.89,0,2441,0.34800439345721196,Yugo
2460,0.000135445,76.16319728,35.18640051,False,-0.46,0.89,0,2445,0.39077287980963554,Yugo
2461,0.001975388,76.16218754,35.18646836,False,-0.46,0.89,0,2442,0.30958245472960577,Yugo
2462,0.001778519,76.1634656,35.18461464,False,-0.46,0.89,0,2440,0.3967117667567759,Yugo
2463,0.000540458,76.19797688,35.10764547,False,-0.46,0.89,0,4565,9.317426992728048,Yugo
2464,0.004214663,76.19913198,35.10258634,False,-0.46,0.89,0,4576,9.878558899618204,Yugo
2465,0.000218146,76.1688088,35.08925416,False,-0.46,0.89,0,4698,7.163493305622627,Malbroq
2466,0.002017507,76.22070142,35.06476517,False,-0.46,0.89,0,4864,8.924377813364234,Ghorkun Pari
2467,0.000664457,76.20342055,35.0594024,False,-0.46,0.89,0,4629,7.279214802130199,Ghorkun Pari
2468,0.000349218,76.2833805,35.08729447,False,-0.46,0.89,0,4918,10.116745535455909,Khaplu
2469,0.000899149,76.28258735,35.08645815,False,-0.46,0.89,0,4917,10.23406374952481,Khaplu
2470,0.00046595,76.27347846,35.09682635,False,-0.46,0.89,0,4991,9.811741480774574,Khaplu
2471,0.000643905,76.27571205,35.09689826,False,-0.46,0.89,0,4960,9.673780014844683,Khaplu
2472,0.000317961,76.27515553,35.09643856,False,-0.46,0.89,0,4961,9.74548667502449,Khaplu
2473,0.001278423,76.27746764,35.09653472,False,-0.46,0.89,0,4949,9.603160189363514,Khaplu
2474,0.008505796,76.28729662,35.09865005,False,-0.46,0.89,0,4699,8.873005514081365,Khaplu
2475,0.004003665,76.29106172,35.10324316,False,-0.46,0.89,0,4597,8.25837052606903,Khaplu
2476,0.001012687,76.36160164,35.08390988,False,-0.46,0.89,0,4819,8.991119947148444,Khaplu
2477,0.003990056,76.3620603,35.0884756,False,-0.46,0.89,0,4762,8.499764814037205,Khaplu
2478,0.023779586,76.3809468,35.07303596,False,-0.46,0.89,0,4667,8.326847866767341,Lunkha
2479,0.002482434,76.35857832,35.01275674,False,-0.46,0.89,0,4951,9.503822602704032,Chomik Kindarik
2480,0.001193349,76.37819262,34.98256611,False,-0.46,0.89,0,4967,7.308591671065944,Chomik Kindarik
2481,0.000306726,76.37467306,34.98332045,False,-0.46,0.89,0,5038,7.182822556230524,Chomik Kindarik
2482,0.000633927,76.3745682,34.98287239,False,-0.46,0.89,0,5033,7.13683556470658,Chomik Kindarik
2483,0.028446595,76.35180156,34.81170642,False,-0.46,0.89,0,4736,5.651127424064115,Goma Ganoks
2484,0.001219938,76.33381245,34.81035367,False,-0.46,0.89,0,4921,5.2144450137586045,Goma Ganoks
2485,0.00190402,76.33226692,34.80994091,False,-0.46,0.89,0,4914,5.166707377869769,Goma Ganoks
2486,0.006200405,76.33094739,34.80975344,False,-0.46,0.89,0,4915,5.1473326512503,Goma Ganoks
2487,0.003423909,76.32969767,34.80983007,False,-0.46,0.89,0,4922,5.159837032533187,Goma Ganoks
2488,0.001129454,76.32564154,34.81222322,False,-0.46,0.89,0,4824,5.454436790619289,Goma Ganoks
2489,0.000819159,76.31731985,34.81296204,False,-0.46,0.89,0,4932,5.670030966215274,Goma Ganoks
2490,0.001252865,76.3147814,34.8133517,False,-0.46,0.89,0,4939,5.771977508912022,Goma Ganoks
2491,0.000167901,76.31509789,34.81494605,False,-0.46,0.89,0,4915,5.9348050720666725,Goma Ganoks
2492,0.003326096,76.31500805,34.81579686,False,-0.46,0.89,0,4896,6.028231638532569,Goma Ganoks
2493,0.014544885,76.31259981,34.82209121,False,-0.46,0.89,0,4750,6.761341003309026,Goma Ganoks
2494,0.015217532,76.31001513,34.83043083,False,-0.46,0.89,0,4618,7.718034229114214,Goma Ganoks
2495,0.023965236,76.32632693,34.8210223,False,-0.46,0.89,0,4703,6.422067413440563,Goma Ganoks
2496,0.036901541,76.32845501,34.81679188,False,-0.46,0.89,0,4708,5.938861915087944,Goma Ganoks
2497,0.019090261,76.35785708,34.83102684,False,-0.46,0.89,0,4864,7.865646293644982,Goma Ganoks
2498,0.093844065,76.35169023,34.83333393,False,-0.46,0.89,0,4818,7.967209920966025,Goma Ganoks
2499,0.023670239,76.35083622,34.85880876,False,-0.46,0.89,0,4745,8.26560322363483,Chomik Kindarik
2500,0.0005348,76.34779881,34.85237848,False,-0.46,0.89,0,4906,8.902115647513185,Chomik Kindarik
2501,0.000195924,76.34539499,34.85103563,False,-0.46,0.89,0,4931,8.926233700365538,Ghavis
2502,0.025275117,76.35044506,34.85497434,False,-0.46,0.89,0,4779,8.671387342247613,Chomik Kindarik
2503,0.129874966,76.36759779,34.85400806,True,-0.46,0.89,0,4818,9.25665295448887,Chomik Kindarik
2504,0.020822325,76.37368807,34.85692078,False,-0.46,0.89,0,4741,9.192817477471381,Chomik Kindarik
2505,0.015344736,76.37276638,34.85270859,False,-0.46,0.89,0,4799,9.578537940938354,Chomik Kindarik
2506,0.005056574,76.34361543,34.76697829,False,-0.46,0.89,0,3904,1.1049854755219692,Goma Ganoks
2507,0.002116328,76.54213602,35.50017153,False,-5.92,0.8,0,5062,17.568001050126163,Hushe
2508,0.000466931,76.532827,35.46654987,False,-5.92,0.8,0,4425,15.931226933782861,Hushe
2509,0.001401214,76.52919395,35.46480171,False,-5.92,0.8,0,4432,15.583116204117717,Hushe
2510,0.002565669,76.52998189,35.46404536,False,-5.92,0.8,0,4438,15.645688106661165,Hushe
2511,0.001317068,76.53028858,35.46361152,False,-5.92,0.8,0,4440,15.668718959700985,Hushe
2512,0.000956263,76.53066324,35.46327288,False,-5.92,0.8,0,4439,15.699009421490082,Hushe
2513,0.001815218,76.53112845,35.46276819,False,-5.92,0.8,0,4445,15.735942913430081,Hushe
2514,0.000722307,76.53194582,35.46152223,False,-5.92,0.8,0,4452,15.798191631858186,Hushe
2515,0.001138558,76.53273304,35.46068722,False,-5.92,0.8,0,4459,15.862274266534664,Hushe
2516,0.000525734,76.53103213,35.47510009,False,-5.92,0.8,0,4389,15.90638385022056,Hushe
2517,0.001079611,76.53405298,35.47174636,False,-5.92,0.8,0,4403,16.116638584618915,Hushe
2518,0.00076235,76.53092104,35.47364471,False,-5.92,0.8,0,4401,15.869261849046362,Hushe
2519,0.000867359,76.53329354,35.47239777,False,-5.92,0.8,0,4400,16.0595170403389,Hushe
2520,0.001178317,76.52457092,35.47616412,False,-5.92,0.8,0,4364,15.352144590597113,Hushe
2521,0.001179122,76.52111511,35.4695028,False,-5.92,0.8,0,4379,14.921192948587079,Hushe
2522,0.001254725,76.52327705,35.46836658,False,-5.92,0.8,0,4391,15.097705911070307,Hushe
2523,0.001209681,76.52480974,35.4679869,False,-5.92,0.8,0,4398,15.229794838648287,Hushe
2524,0.000590664,76.52505291,35.46760378,False,-5.92,0.8,0,4400,15.246212267488204,Hushe
2525,0.00032048,76.62281626,35.49507834,False,-12.07,0.63,0,4232,23.96390863046149,Karmanding
2526,0.000295839,76.62262878,35.49616379,False,-12.07,0.63,0,4239,24.084159182177483,Karmanding
2527,0.000695286,76.62518043,35.49707296,False,-12.07,0.63,0,4238,24.112978748961368,Karmanding
2528,0.000339103,76.6251918,35.49644321,False,-12.07,0.63,0,4233,24.045644189416496,Karmanding
2529,0.000812613,76.62517233,35.49385348,False,-12.07,0.63,0,4222,23.770662006622906,Karmanding
2530,0.000397906,76.6246689,35.4923471,False,-12.07,0.63,0,4222,23.624027909967158,Karmanding
2531,0.000570678,76.62646126,35.49201068,False,-12.07,0.63,0,4213,23.540622115700035,Karmanding
2532,0.001276699,76.63410795,35.47133398,False,-12.07,0.63,0,4043,21.139494328996232,Karmanding
2533,0.000808028,76.6332319,35.471302,False,-12.07,0.63,0,4050,21.159308554918837,Karmanding
2534,0.000572866,76.6340335,35.4702314,False,-12.07,0.63,0,4041,21.024197593410037,Karmanding
2535,0.000350618,76.63319658,35.46961407,False,-12.07,0.63,0,4041,20.980957689820166,Karmanding
2536,0.000845515,76.63929597,35.46892205,False,-12.07,0.63,0,4027,20.74957139563216,Karmanding
2537,0.000764792,76.6615116,35.44625007,False,-12.07,0.63,0,3843,17.60502539082901,Khorkondo
2538,0.000703677,76.66909803,35.4393104,False,-12.07,0.63,0,3816,16.61599103374845,Khorkondo
2539,0.00114203,76.65721514,35.42905954,False,-12.07,0.63,0,3778,16.045893756457307,Karmanding
2540,0.000696354,76.65654509,35.42907546,False,-12.07,0.63,0,3775,16.063042493575562,Karmanding
2541,0.00230833,76.6599208,35.42323465,False,-12.07,0.63,0,3737,15.357457993941342,Karmanding
2542,0.001259703,76.64667746,35.42410852,False,-12.07,0.63,0,3727,15.790172375530235,Karmanding
2543,0.001454136,76.64622635,35.42265275,False,-12.07,0.63,0,3718,15.649880121306202,Karmanding
2544,0.004352363,76.64775169,35.3890198,False,-12.07,0.63,0,3508,12.113298785230754,Karmanding
2545,0.000504113,76.64088532,35.41887049,False,-12.07,0.63,0,3676,15.419400052885495,Karmanding
2546,0.001558331,76.64942418,35.43298537,False,-12.07,0.63,0,3766,16.656396146413364,Karmanding
2547,0.000260994,76.65018697,35.43368937,False,-12.07,0.63,0,3769,16.711904451233668,Karmanding
2548,0.000700887,76.76040778,35.393697,False,-12.07,0.63,0,4536,10.171549133758514,Khorkondo
2549,0.00195746,76.75956115,35.38440371,False,-12.07,0.63,0,4414,9.137975798631329,Khorkondo
2550,0.007843386,76.81437769,35.32458326,False,-12.07,0.63,0,4569,6.76817098730331,Khorkondo
2551,0.006668757,76.81141421,35.32529449,False,-12.07,0.63,0,4567,6.546533237450815,Khorkondo
2552,0.001050278,76.80046314,35.32704507,False,-12.07,0.63,0,4467,5.726028009637211,Khorkondo
2553,0.000464968,76.88974655,35.30999986,False,-12.07,0.63,0,4513,9.501901124692644,Gyari
2554,0.000522621,76.88966354,35.31117948,False,-12.07,0.63,0,4505,9.62331150404837,Gyari
2555,0.002779696,76.88413931,35.27890894,False,-12.07,0.63,0,4266,6.107430128272517,Gyari
2556,0.00109098,76.88108139,35.2766495,False,-12.07,0.63,0,4243,5.762731926716358,Gyari
2557,0.000695882,76.87976245,35.27328049,False,-12.07,0.63,0,4226,5.372105608385006,Gyari
2558,0.001325608,76.85559221,35.23286764,False,-5.8,0.73,0,3805,0.39234535139253235,Gyari
2559,0.000458038,76.8549665,35.23225803,False,-5.8,0.73,0,3799,0.32242385651371597,Gyari
2560,0.000756048,76.8616104,35.23629077,False,-5.8,0.73,0,3867,0.9705363199603624,Gyari
2561,0.00106582,76.8637447,35.23973292,False,-5.8,0.73,0,3879,1.3944969702413115,Gyari
2562,0.001711612,76.91605687,35.21490633,False,-5.8,0.73,0,4564,5.764526480722909,Gyari
2563,0.001546227,76.91167529,35.21651704,False,-5.8,0.73,0,4526,5.332660638558354,Gyari
2564,0.001009598,76.91467536,35.21856196,False,-5.8,0.73,0,4546,5.541959398520764,Gyari
2565,0.00098094,76.92574676,35.21585958,False,-5.8,0.73,0,4626,6.589389662103208,Gyari
2566,0.000762212,76.90832959,35.21834976,False,-5.8,0.73,0,4498,4.986544421016522,Gyari
2567,0.00335147,76.8716352,35.24523548,False,-5.8,0.73,0,3982,2.316740503888371,Gyari
2568,0.000937222,76.87548276,35.23951182,False,-5.8,0.73,0,4059,2.167137447668514,Gyari
2569,0.001687391,76.87080639,35.24979102,False,-5.8,0.73,0,4026,2.6817623487198374,Gyari
2570,0.001642727,76.87797991,35.25928059,False,-12.07,0.63,0,4120,3.921782374322747,Gyari
2571,0.002335876,76.88108231,35.25047561,False,-12.07,0.63,0,4082,3.3278286963678525,Gyari
2572,0.00222571,76.88343569,35.2569591,False,-12.07,0.63,0,4121,4.004088639723165,Gyari
2573,0.000634418,76.88215369,35.25892862,False,-12.07,0.63,0,4128,4.103575932531824,Gyari
2574,0.018383672,76.5425611,35.36445265,False,-5.92,0.8,0,5202,14.263571917844583,Lachit
2575,0.074826764,77.03280935,34.50720548,False,-3.82,0.77,0,5147,14.55988242821515,Burkchaklangteh
2576,0.003733707,77.03756806,34.5119735,False,-3.82,0.77,0,5083,14.139000743141265,Gongma Tharu
2577,0.001609126,77.02729236,34.51362974,False,-3.82,0.77,0,5241,14.532934797846172,Gongma Tharu
2578,0.00068454,77.04534216,34.51187403,False,-3.82,0.77,0,5329,13.767551424251879,Gongma Tharu
2579,0.003710297,77.04432137,34.51356321,False,-3.82,0.77,0,5303,13.656061199746059,Gongma Tharu
2580,0.032512512,77.04917543,34.54263557,False,-3.82,0.77,0,5249,10.756453885331288,Gongma Tharu
2581,0.022865467,76.97087179,34.50943994,False,-3.82,0.77,0,5251,11.86158197508582,Khargok
2582,0.001408212,76.97939949,34.50858963,False,-3.82,0.77,0,5402,12.533923770940802,Khargok
2583,0.000560038,76.96808183,34.50772845,False,-3.82,0.77,0,5205,11.5491839739296,Khargok
2584,0.000461812,76.99469153,34.50914903,False,-3.82,0.77,0,5147,13.853015317042379,Khargok
2585,0.001124011,76.99672318,34.51119648,False,-3.82,0.77,0,5126,14.110126919453112,Khargok
2586,0.001187707,76.98335411,34.52671549,False,-3.82,0.77,0,5113,13.774975029109784,Khargok
2587,0.001161087,76.98422641,34.52626723,False,-3.82,0.77,0,5110,13.818665411713896,Khargok
2588,0.000559791,76.97798631,34.5298365,False,-3.82,0.77,0,5245,13.539347224892467,Khargok
2589,0.001155983,76.97303521,34.53404053,False,-3.82,0.77,0,5382,13.427774354450978,Khargok
2590,0.003218624,77.00883193,34.52827344,False,-3.82,0.77,0,5276,14.441315563318756,Gongma Tharu
2591,0.00074577,77.00795749,34.52805258,False,-3.82,0.77,0,5270,14.51625980123899,Gongma Tharu
2592,0.000326559,77.01083062,34.52900425,False,-3.82,0.77,0,5307,14.252934263688916,Gongma Tharu
2593,0.010826378,76.95139517,34.55047919,False,-3.82,0.77,0,5193,13.150072141127668,Khargok
2594,0.005867495,76.95345565,34.54101495,False,-3.82,0.77,0,5427,12.534708797730072,Khargok
2595,0.020954614,76.95048287,34.53226731,False,-3.82,0.77,0,5214,11.680776617774688,Khargok
2596,0.002545124,76.94148012,34.52735307,False,-3.82,0.77,0,5122,10.700108107332683,Khargok
2597,0.011997324,76.92469599,34.55929755,False,-3.82,0.77,0,5080,12.455554597564646,Khargok
2598,0.059431965,76.91629301,34.56228528,False,-3.82,0.77,0,5326,12.36677098459089,Khargok
2599,0.009871727,76.8767874,34.55913402,False,-3.82,0.77,0,5164,10.823795940624157,Khargok
2600,0.024782571,76.83279843,34.52946416,False,-3.82,0.77,0,5044,7.574800201237017,Khargok
2601,0.01785727,76.82304267,34.53359177,False,-3.82,0.77,0,4960,8.088460324679042,Nunskarliakh
2602,0.00237228,76.86527876,34.5405395,False,-3.82,0.77,0,5067,8.615111477428,Khargok
2603,0.000455577,76.83433359,34.54423596,False,-3.82,0.77,0,5190,9.14327651867085,Khargok
2604,0.028776377,76.83465617,34.54245841,False,-3.82,0.77,0,5198,8.943682432593402,Khargok
2605,0.00049375,76.83650392,34.5429132,False,-3.82,0.77,0,5214,8.96141886661765,Khargok
2606,0.002916673,77.03436238,34.72236141,False,-3.82,0.77,0,4733,9.169024670391245,Gunesthang
2607,0.009332177,77.08802231,34.82839354,False,-5.8,0.73,0,3288,5.110799889733333,Bogdang
2608,0.02065694,76.66889499,35.00727851,False,-5.8,0.73,0,4947,8.707082539524857,Kalan
2609,0.000888218,77.05864501,34.95263706,False,-5.8,0.73,0,4509,8.137560634055237,Shokpa
2610,0.003747881,77.06188258,34.95542966,False,-5.8,0.73,0,4501,8.484118489343416,Shokpa
2611,0.002496539,77.05976745,34.95541123,False,-5.8,0.73,0,4528,8.456075967660711,Shokpa
2612,0.004539939,77.053138,34.96226797,False,-5.8,0.73,0,4594,9.164207133644979,Shokpa
2613,0.012464215,77.05350528,34.96734394,False,-5.8,0.73,0,4636,9.729588436673383,Shokpa
2614,0.002577207,77.05738809,34.96881558,False,-5.8,0.73,0,4649,9.916338654493918,Shokpa
2615,0.005798277,77.05717695,34.97129691,False,-5.8,0.73,0,4672,10.189761382731467,Shokpa
2616,0.000598677,77.05242768,34.97531576,False,-5.8,0.73,0,4701,10.611102168229788,Shokpa
2617,0.000896061,77.04970159,34.97690761,False,-5.8,0.73,0,4727,10.782179385119381,Shokpa
2618,0.000649224,77.04858013,34.976699,False,-5.8,0.73,0,4726,10.758251772977852,Shokpa
2619,0.001778959,77.04823397,34.97758393,False,-5.8,0.73,0,4736,10.856621495215343,Shokpa
2620,0.000353085,77.04751905,34.9792958,False,-5.8,0.73,0,4751,11.047197757401943,Shokpa
2621,0.000867181,77.04714561,34.98127877,False,-5.8,0.73,0,4762,11.267954647889622,Shokpa
2622,0.001516116,77.04950848,34.98278074,False,-5.8,0.73,0,4771,11.435014169264925,Shokpa
2623,0.000868494,77.04876108,34.98453449,False,-5.8,0.73,0,4781,11.629564731926084,Shokpa
2624,0.002976594,77.05202473,34.99555191,False,-5.8,0.73,0,4870,12.859063743500888,Shokpa
2625,0.000426187,77.0516829,34.9946872,False,-5.8,0.73,0,4862,12.762154241679276,Shokpa
2626,0.000193913,77.04966566,34.99415304,False,-5.8,0.73,0,4855,12.699635766382832,Shokpa
2627,0.002350514,77.04902985,34.99965424,False,-5.8,0.73,0,4903,13.310895160323145,Shokpa
2628,0.000515683,77.0534,35.00331517,False,-5.8,0.73,0,4930,13.725693591648943,Shokpa
2629,0.000291284,77.05234652,35.0033868,False,-5.8,0.73,0,4929,13.730735712681422,Shokpa
2630,0.004475753,77.05319477,35.00373816,False,-5.8,0.73,0,4930,13.772081602992182,Shokpa
2631,0.001934478,77.0466604,35.01957388,False,-5.8,0.73,0,5049,15.52640416194026,Shokpa
2632,0.000601383,77.05640571,35.02637223,False,-5.8,0.73,0,5130,16.298403020841413,Shokpa
2633,0.001242914,77.11470177,35.0164324,False,-5.8,0.73,0,5204,16.33877024735759,Shokpa
2634,0.001161166,77.11367005,35.01661461,False,-5.8,0.73,0,5210,16.32302880437333,Shokpa
2635,0.000268117,77.112038,35.01361834,False,-5.8,0.73,0,5183,15.958598233484242,Shokpa
2636,0.002091133,77.11246363,35.01075811,False,-5.8,0.73,0,5162,15.677277796919967,Shokpa
2637,0.000187153,77.11120431,35.01148504,False,-5.8,0.73,0,5162,15.710035996742677,Shokpa
2638,0.000336458,77.11138756,35.01032631,False,-5.8,0.73,0,5152,15.59631639497716,Shokpa
2639,0.000183434,77.10996393,35.01024377,False,-5.8,0.73,0,5139,15.540383518535357,Shokpa
2640,0.000593946,77.11132482,35.00920573,False,-5.8,0.73,0,5139,15.47845241653446,Shokpa
2641,0.000487407,77.11030756,35.00809586,False,-5.8,0.73,0,5124,15.329508893904729,Shokpa
2642,0.000517194,77.10979924,35.00648747,False,-5.8,0.73,0,5120,15.146219461354368,Shokpa
2643,0.002353557,77.10986887,35.00500009,False,-5.8,0.73,0,5113,14.995094493278323,Shokpa
2644,0.00074709,77.10880943,35.00489361,False,-5.8,0.73,0,5107,14.94821500342031,Shokpa
2645,0.001619625,77.10855978,35.00342485,False,-5.8,0.73,0,5097,14.788095038711011,Shokpa
2646,0.000446069,77.10908896,35.0040493,False,-5.8,0.73,0,5102,14.870484098854153,Shokpa
2647,0.004005722,77.10713465,35.00108007,False,-5.8,0.73,0,5073,14.497817560990944,Shokpa
2648,0.002323516,77.17698845,35.03637637,False,-5.8,0.73,0,4825,14.929552285585373,Warshi
2649,0.003160213,77.14817957,35.04843714,False,-5.8,0.73,0,5156,17.068575850030715,Tsamskangchan
2650,0.002708676,77.15360207,35.04932328,False,-5.8,0.73,0,5215,16.796917521020656,Tsamskangchan
2651,0.004759002,77.16954321,35.12639872,False,-5.8,0.73,0,4285,8.43229812300802,Tsamskangchan
2652,0.000760862,77.16396953,35.1175685,False,-5.8,0.73,0,4395,9.533944325302352,Tsamskangchan
2653,0.001954499,77.16222428,35.11848375,False,-5.8,0.73,0,4408,9.532009315754632,Tsamskangchan
2654,0.002686421,77.16677491,35.12500571,False,-5.8,0.73,0,4321,8.698207222986529,Tsamskangchan
2655,0.001795306,77.16339143,35.12282921,False,-5.8,0.73,0,4360,9.06949694348356,Tsamskangchan
2656,0.00153912,77.17225282,35.12773939,False,-5.8,0.73,0,4220,8.17617036955862,Tsamskangchan
2657,0.000696405,77.17263103,35.12826062,False,-5.8,0.73,0,4202,8.10877685416979,Tsamskangchan
2658,0.000704107,77.16970614,35.12857389,False,-5.8,0.73,0,4362,8.220278115862953,Tsamskangchan
2659,0.000792829,77.15801985,35.1160643,False,-5.8,0.73,0,4447,9.966387913939801,Tsamskangchan
2660,0.000324262,77.15920907,35.1138751,False,-5.8,0.73,0,4451,10.111558717587567,Tsamskangchan
2661,0.007372141,77.06204844,35.07637343,False,-5.8,0.73,0,5033,12.990690001231659,Gyong
2662,0.000249228,77.06183209,35.07507078,False,-5.8,0.73,0,5033,13.077059573150203,Gyong
2663,9.72e-05,77.06091732,35.07524793,False,-5.8,0.73,0,5034,13.00373323219873,Gyong
2664,0.000329435,77.05992284,35.07590716,False,-5.8,0.73,0,5026,12.88779305485975,Gyong
2665,0.000271076,77.05668729,35.07214784,False,-5.8,0.73,0,4917,12.980198900381234,Gyong
2666,0.000313287,77.05536035,35.07281381,False,-5.8,0.73,0,4906,12.843529904466719,Gyong
2667,0.000652302,77.03458627,35.09709313,False,-5.8,0.73,0,4640,9.5926097228479,Gyong
2668,0.003776704,77.02558252,35.11245849,False,-5.8,0.73,0,4531,7.843851166894908,Gyong
2669,0.001089264,77.0238458,35.11223091,False,-5.8,0.73,0,4531,7.738382211403256,Gyong
2670,0.001751359,77.02095328,35.11172361,False,-5.8,0.73,0,4524,7.576445368466655,Gyong
2671,0.000381885,77.02229275,35.1139595,False,-5.8,0.73,0,4507,7.506727381506101,Gyong
2672,0.000715491,77.02509669,35.11377838,False,-5.8,0.73,0,4517,7.717297146455192,Gyong
2673,0.000936347,77.02388213,35.11444638,False,-5.8,0.73,0,4512,7.584622381130838,Gyong
2674,0.000644883,77.01964907,35.11665437,False,-5.8,0.73,0,4476,7.130761765940525,Gyong
2675,0.005400911,77.01975249,35.11900767,False,-5.8,0.73,0,4469,6.976344355907487,Gyong
2676,0.000816289,77.00543263,35.12463259,False,-5.8,0.73,0,4371,5.5691354124533845,Gyong
2677,0.00470634,77.0100177,35.12307924,False,-5.8,0.73,0,4397,6.00039162666662,Gyong
2678,0.001837281,77.01106689,35.12125287,False,-5.8,0.73,0,4418,6.2031526253763785,Gyong
2679,0.00159978,77.00766251,35.12120106,False,-5.8,0.73,0,4413,5.9728329065064045,Gyong
2680,0.008793413,77.00508091,35.12819833,False,-5.8,0.73,0,4361,5.295612997059231,Gyong
2681,0.000623505,77.0057389,35.12829145,False,-5.8,0.73,0,4372,5.337134453999995,Gyong
2682,0.001538487,77.01732857,35.12354612,False,-5.8,0.73,0,4416,6.500521780663029,Gyong
2683,0.000575227,77.02065797,35.12085643,False,-5.8,0.73,0,4470,6.920448029678143,Gyong
2684,0.000602949,77.01514801,35.1186776,False,-5.8,0.73,0,4440,6.671615625852494,Gyong
2685,0.001395058,77.01054054,35.12418888,False,-5.8,0.73,0,4400,5.960986457649351,Gyong
2686,0.001766303,77.01164223,35.12397944,False,-5.8,0.73,0,4414,6.054577006028733,Gyong
2687,0.001275601,77.00914624,35.12536494,False,-5.8,0.73,0,4404,5.780691813613407,Gyong
2688,0.000679743,76.99439976,35.1292293,False,-5.8,0.73,0,4307,4.480976127604024,Gyong
2689,0.000861582,77.0632355,35.23246394,False,-5.8,0.73,0,4544,12.669054667857603,Gyong
2690,0.000602164,77.08398342,35.23355721,False,-5.8,0.73,0,4402,13.144641667926711,Tsamskangchan
2691,0.000616181,77.10534881,35.23827707,False,-5.8,0.73,0,4235,11.587808886764645,Tsamskangchan
2692,0.000885338,77.11125949,35.23922469,False,-5.8,0.73,0,4196,11.163450026533217,Tsamskangchan
2693,0.000599853,77.11376435,35.24207158,False,-5.8,0.73,0,4177,11.124044014950266,Tsamskangchan
2694,0.000227952,77.11295308,35.24110079,False,-5.8,0.73,0,4173,11.132596597266529,Tsamskangchan
2695,0.000240422,77.11132311,35.24200974,False,-5.8,0.73,0,4193,11.311386315091722,Tsamskangchan
2696,0.000206076,77.11198356,35.24213754,False,-5.8,0.73,0,4187,11.266843662283584,Tsamskangchan
2697,0.000330613,77.111793,35.24337572,False,-5.8,0.73,0,4183,11.352176805585726,Tsamskangchan
2698,0.006716946,77.1192036,35.24426662,False,-5.8,0.73,0,4133,10.835437619245003,Tsamskangchan
2699,0.001116136,77.13495332,35.24551952,False,-5.8,0.73,0,4040,9.759218385591202,Tsamskangchan
2700,0.001065821,77.13647062,35.24185245,False,-5.8,0.73,0,4031,9.399732298269488,Tsamskangchan
2701,0.003559515,77.13422386,35.24118162,False,-5.8,0.73,0,4042,9.518749706426775,Tsamskangchan
2702,0.003492427,77.14868486,35.24613585,False,-5.8,0.73,0,3936,8.867661327765532,Tsamskangchan
2703,0.00443851,77.14565414,35.24399911,False,-5.8,0.73,0,3969,8.90756140734582,Tsamskangchan
2704,0.002812598,77.161886,35.23845894,False,-5.8,0.73,0,3940,7.415825650233867,Tsamskangchan
2705,0.001040718,77.16642846,35.25775504,False,-12.07,0.63,0,3993,8.849097545842547,Tsamskangchan
2706,0.000443325,77.1650188,35.25664227,False,-12.07,0.63,0,3988,8.815356417771728,Tsamskangchan
2707,0.001144685,77.17100878,35.2597533,False,-12.07,0.63,0,3999,8.825272942473868,Tsamskangchan
2708,0.000908678,77.16210189,35.25214189,False,-12.07,0.63,0,3975,8.560249691489428,Tsamskangchan
2709,0.001024867,77.16059999,35.24964098,False,-5.8,0.73,0,3970,8.42481142773892,Tsamskangchan
2710,0.000128808,77.15930398,35.24791277,False,-5.8,0.73,0,3961,8.351820323717037,Tsamskangchan
2711,0.000634383,77.15959375,35.24698789,False,-5.8,0.73,0,3956,8.256535032789808,Tsamskangchan
2712,0.001329388,77.15754676,35.24618984,False,-5.8,0.73,0,3945,8.31274809308273,Tsamskangchan
2713,0.006856112,77.15780726,35.24502949,False,-5.8,0.73,0,3938,8.20137215463266,Tsamskangchan
2714,0.004169614,77.16534925,35.24557499,False,-5.8,0.73,0,3971,7.802312086875012,Tsamskangchan
2715,0.005148291,77.1650712,35.2434218,False,-5.8,0.73,0,3966,7.6325400733113025,Tsamskangchan
2716,0.013501652,77.1547102,35.24204381,False,-5.8,0.73,0,3922,8.158211105724183,Tsamskangchan
2717,0.005051852,77.15546743,35.24109836,False,-5.8,0.73,0,3937,8.035547178837755,Tsamskangchan
2718,0.001175656,77.14785151,35.24325434,False,-5.8,0.73,0,3959,8.703808602951808,Tsamskangchan
2719,0.000628072,77.15612622,35.24003854,False,-5.8,0.73,0,3946,7.910572212718956,Tsamskangchan
2720,0.003219904,77.15779049,35.23698053,False,-5.8,0.73,0,3931,7.567067399116266,Tsamskangchan
2721,0.000697642,77.15937495,35.22900186,False,-5.8,0.73,0,3908,6.880049330008946,Tsamskangchan
2722,0.001004567,77.1568681,35.23526336,False,-5.8,0.73,0,3925,7.5010949879611415,Tsamskangchan
2723,0.001492781,77.15677731,35.23410105,False,-5.8,0.73,0,3920,7.422552470977798,Tsamskangchan
2724,0.00091454,77.157271,35.23324276,False,-5.8,0.73,0,3916,7.326534816317143,Tsamskangchan
2725,0.000774251,77.16138177,35.23408969,False,-5.8,0.73,0,3924,7.109335026333917,Tsamskangchan
2726,0.000700466,77.16240929,35.23496323,False,-5.8,0.73,0,3929,7.108082077508821,Tsamskangchan
2727,0.000489611,77.16058107,35.23343453,False,-5.8,0.73,0,3920,7.113980378356445,Tsamskangchan
2728,0.000551075,77.16139318,35.23349567,False,-5.8,0.73,0,3925,7.063876181249555,Tsamskangchan
2729,0.002955946,77.16074919,35.22021977,False,-5.8,0.73,0,3869,6.215384496062322,Tsamskangchan
2730,0.000753203,77.16027818,35.22217631,False,-5.8,0.73,0,3875,6.368785334997506,Tsamskangchan
2731,0.000205638,77.16005908,35.22002546,False,-5.8,0.73,0,3855,6.257384681004615,Tsamskangchan
2732,0.000898465,77.18118182,35.21315665,False,-5.8,0.73,0,3793,4.23636783473387,Tsamskangchan
2733,0.000848588,77.17908259,35.21115355,False,-5.8,0.73,0,3788,4.268782133283243,Tsamskangchan
2734,0.000973572,77.1761539,35.21259471,False,-5.8,0.73,0,3807,4.57931862284662,Tsamskangchan
2735,0.001607866,77.17544402,35.21405226,False,-5.8,0.73,0,3823,4.721339673093629,Tsamskangchan
2736,0.001088948,77.17053532,35.21370914,False,-5.8,0.73,0,3824,5.08008366333431,Tsamskangchan
2737,0.001081939,77.16928961,35.21555141,False,-5.8,0.73,0,3833,5.2824907048835845,Tsamskangchan
2738,0.000330378,77.16558497,35.21522154,False,-5.8,0.73,0,3823,5.5538277066547685,Tsamskangchan
2739,0.001409334,77.19599839,35.25500194,False,-13.37,0.46,0,4059,7.4490802524041415,Tsamskangchan
2740,0.002476303,77.19904015,35.27601016,False,-13.37,0.46,0,4151,9.659485683644931,Tsamskangchan
2741,0.01285341,76.95157615,35.26279934,False,-12.07,0.63,0,4879,9.516268669251284,Gyari
2742,0.000975167,77.03459772,35.2032702,False,-5.8,0.73,0,4916,8.600074828005912,Gyong
2743,0.000370884,77.03261515,35.20248771,False,-5.8,0.73,0,4934,8.403724446990918,Gyong
2744,0.000426048,77.02750674,35.20312144,False,-5.8,0.73,0,5015,8.082090987208874,Gyong
2745,0.000468155,77.06429078,35.19361113,False,-5.8,0.73,0,5096,10.420116660641925,Gyong
2746,0.005023322,76.75065742,34.83113996,False,-5.8,0.73,0,5043,7.213618691088846,Turtuk
2747,0.002734937,76.75143535,34.83203159,False,-5.8,0.73,0,5030,7.12389976207565,Turtuk
2748,0.007660184,76.75640614,34.83324288,False,-5.8,0.73,0,4985,6.652651020787011,Turtuk
2749,0.00385165,76.75772591,34.83489073,False,-5.8,0.73,0,4945,6.501167117935594,Turtuk
2750,0.001656311,76.73301178,34.75069251,False,-5.8,0.73,0,4604,10.909570698476527,Hadangbrok
2751,0.000919467,76.83801901,34.60018439,False,-3.82,0.77,0,4914,14.450670990882628,Nunskarliakh
2752,0.005956185,76.83708822,34.59992346,False,-3.82,0.77,0,4922,14.379412147447013,Nunskarliakh
2753,0.001379002,76.81437047,34.62195589,False,-3.82,0.77,0,4955,15.58698668083177,Nunskarliakh
2754,0.000182555,76.81612523,34.62240392,False,-3.82,0.77,0,4939,15.693885744767428,Nunskarliakh
2755,0.044277777,76.81290284,34.61885427,False,-3.82,0.77,0,4944,15.21690816386428,Nunskarliakh
2756,0.003016078,76.77346506,34.62358202,False,-3.82,0.77,0,5133,12.69582880836369,Hangdonsmin
2757,0.001520905,76.76943487,34.62216168,False,-3.82,0.77,0,5193,12.402676748364124,Hangdonsmin
2758,0.006544449,76.77035932,34.62061673,False,-3.82,0.77,0,5172,12.542751434689388,Hangdonsmin
2759,0.011729521,76.82611046,34.75718278,False,-5.8,0.73,0,4476,9.14909603147712,Zagalnakchan
2760,0.001865865,76.39909437,34.9314381,False,-0.46,0.89,0,5100,6.422265705352973,Chomik Kindarik
2761,0.000956437,76.40273729,34.96487366,False,-0.46,0.89,0,4743,7.738582781839736,Chomik Kindarik
2762,0.389057878,76.37281333,35.72082333,True,-5.92,0.8,0,4165,30.118222612701324,Hushe
2763,0.010200777,76.42837661,35.75880987,False,-11.83,0.6,0,4299,34.89628588532284,Hushe
2764,0.003456103,76.47547179,35.74931206,False,-5.92,0.8,0,4445,34.90921500943446,Hushe
2765,0.000953717,76.47177431,35.74900642,False,-5.92,0.8,0,4448,34.77656735422977,Hushe
2766,0.00115743,76.47238061,35.7494395,False,-5.92,0.8,0,4448,34.83878788498869,Hushe
2767,0.004515016,76.46684836,35.74034973,False,-5.92,0.8,0,4443,33.72580332572391,Hushe
2768,0.001873522,76.46504123,35.74123136,False,-5.92,0.8,0,4442,33.772417554045525,Hushe
2769,0.002070807,76.46961442,35.73952036,False,-5.92,0.8,0,4441,33.71158848134403,Hushe
2770,0.003374412,76.46169447,35.74044782,False,-5.92,0.8,0,4433,33.60334140758389,Hushe
2771,0.001925414,76.46033888,35.74073649,False,-5.92,0.8,0,4423,33.600228160801976,Hushe
2772,0.003369446,76.45886797,35.73871664,False,-5.92,0.8,0,4429,33.347800938389696,Hushe
2773,0.001291125,76.46491913,35.73820854,False,-5.92,0.8,0,4446,33.44737348620883,Hushe
2774,0.00193454,76.46246024,35.74059026,False,-5.92,0.8,0,4441,33.63791125735736,Hushe
2775,0.003315975,76.46683273,35.73695815,False,-5.92,0.8,0,4445,33.364894329939695,Hushe
2776,0.000715754,76.465127,35.72948863,False,-5.92,0.8,0,4438,32.52603923770338,Hushe
2777,0.003031911,76.46264624,35.73553304,False,-5.92,0.8,0,4421,33.10342370491975,Hushe
2778,0.000742463,76.46061523,35.73567949,False,-5.92,0.8,0,4422,33.06706709525961,Hushe
2779,0.002349006,76.46486146,35.73770854,False,-5.92,0.8,0,4453,33.39265003311565,Hushe
2780,0.001132142,76.46011422,35.73291415,False,-5.92,0.8,0,4426,32.75928061073236,Hushe
2781,0.000859273,76.46942802,35.73715244,False,-5.92,0.8,0,4458,33.455407550349186,Hushe
2782,0.00075809,76.46639301,35.73074052,False,-5.92,0.8,0,4445,32.693052049395426,Hushe
2783,0.000968143,76.46674215,35.7306314,False,-5.92,0.8,0,4446,32.69095313483012,Hushe
2784,0.000570865,76.46233956,35.72908698,False,-5.92,0.8,0,4432,32.409194257588645,Hushe
2785,0.00181239,76.46191137,35.7417966,False,-5.92,0.8,0,4438,33.752825467373796,Hushe
2786,0.001181867,76.4519633,35.74759557,False,-5.92,0.8,0,4390,34.13787608524775,Hushe
2787,0.000741004,76.45210953,35.74511472,False,-5.92,0.8,0,4395,33.874100875639336,Hushe
2788,0.001508891,76.45427186,35.74382403,False,-5.92,0.8,0,4395,33.78501552596966,Hushe
2789,0.00118691,76.45201656,35.74414838,False,-5.92,0.8,0,4392,33.76799668047413,Hushe
2790,0.003099519,76.45476535,35.7409735,False,-5.92,0.8,0,4407,33.490494013689506,Hushe
2791,0.001580582,76.45478121,35.74028115,False,-5.92,0.8,0,4424,33.41656859145304,Hushe
2792,0.001214391,76.45269833,35.73875148,False,-5.92,0.8,0,4407,33.20342958783719,Hushe
2793,0.001426643,76.44921834,35.74285501,False,-5.92,0.8,0,4396,33.565832064285885,Hushe
2794,0.002771908,76.45428224,35.73605182,False,-5.92,0.8,0,4425,32.951024843342324,Hushe
2795,0.001082306,76.44909394,35.73418878,False,-5.92,0.8,0,4417,32.62981551063674,Hushe
2796,0.0018052,76.45454019,35.72900231,False,-5.92,0.8,0,4436,32.20204261588611,Hushe
2797,0.001363388,76.44897493,35.73345907,False,-5.92,0.8,0,4411,32.54859560834391,Hushe
2798,0.000986365,76.45000024,35.7258556,False,-5.92,0.8,0,4475,31.755490538135103,Hushe
2799,0.003422764,76.44623795,35.72702983,False,-5.92,0.8,0,4486,31.79450636594613,Hushe
2800,0.004452312,76.44677542,35.73553928,False,-5.92,0.8,0,4404,32.72312216686178,Hushe
2801,0.003620895,76.43737867,35.74566755,False,-5.92,0.8,0,4382,33.62463391011538,Hushe
2802,0.001355276,76.44281552,35.74392488,False,-5.92,0.8,0,4393,33.544210657273545,Hushe
2803,0.000957946,76.44162386,35.74418072,False,-5.92,0.8,0,4388,33.54747944040907,Hushe
2804,0.002494322,76.44657641,35.74236441,False,-5.92,0.8,0,4395,33.45502140870258,Hushe
2805,0.001875282,76.43662273,35.74242763,False,-5.92,0.8,0,4366,33.25811506740734,Hushe
2806,0.0012076,76.43721243,35.74187938,False,-5.92,0.8,0,4365,33.21001316872748,Hushe
2807,0.000570403,76.43774764,35.74235239,False,-5.92,0.8,0,4370,33.2718151722124,Hushe
2808,0.003985714,76.44547774,35.73612736,False,-5.92,0.8,0,4404,32.75801107294742,Hushe
2809,0.000769423,76.44418402,35.7366531,False,-5.92,0.8,0,4401,32.78676559078661,Hushe
2810,0.00050972,76.4437701,35.73657904,False,-5.92,0.8,0,4401,32.76989737327521,Hushe
2811,0.001740348,76.4397353,35.73673592,False,-5.92,0.8,0,4389,32.70254935534689,Hushe
2812,0.001179909,76.43924441,35.7372935,False,-5.92,0.8,0,4393,32.752971333727956,Hushe
2813,0.000811807,76.43973616,35.73734914,False,-5.92,0.8,0,4385,32.76899037891854,Hushe
2814,0.004826015,76.43706494,35.73919231,False,-5.92,0.8,0,4388,32.9154348288732,Hushe
2815,0.001917941,76.43734582,35.74850641,False,-5.92,0.8,0,4363,33.932452884183206,Hushe
2816,0.002539713,76.43962142,35.74728586,False,-5.92,0.8,0,4368,33.84404357653031,Hushe
2817,0.002272136,76.4465836,35.74564532,False,-5.92,0.8,0,4382,33.80948053871967,Hushe
2818,0.003940969,76.43201343,35.75026734,False,-11.83,0.6,0,4347,34.02585975099873,Hushe
2819,0.000994741,76.43520175,35.75116978,False,-11.83,0.6,0,4341,34.181886490473765,Hushe
2820,0.004067424,76.43593828,35.74727901,False,-5.92,0.8,0,4362,33.772318825534775,Hushe
2821,0.005234158,76.43310326,35.74078973,False,-5.92,0.8,0,4371,33.01337299541674,Hushe
2822,0.002958673,76.42894923,35.74159876,False,-5.92,0.8,0,4359,33.026484803316855,Hushe
2823,0.002542822,76.42895965,35.74228744,False,-5.92,0.8,0,4358,33.10178762485706,Hushe
2824,0.000861319,76.41625209,35.75333938,False,-11.83,0.6,0,4317,34.1122673570254,Hushe
2825,0.000769098,76.41612907,35.7528387,False,-11.83,0.6,0,4320,34.05554775120643,Hushe
2826,0.000876158,76.42014024,35.75244094,False,-11.83,0.6,0,4328,34.06969708194215,Hushe
2827,0.000966871,76.41989075,35.75189753,False,-11.83,0.6,0,4326,34.00638812860195,Hushe
2828,0.001785743,76.41809761,35.75170557,False,-11.83,0.6,0,4322,33.95905158812654,Hushe
2829,0.002193929,76.41724081,35.75100093,False,-11.83,0.6,0,4326,33.86939157391208,Hushe
2830,0.003624164,76.41614245,35.75007192,False,-11.83,0.6,0,4321,33.75180707150984,Hushe
2831,0.003294622,76.42210755,35.74946588,False,-5.92,0.8,0,4333,33.77349828605207,Hushe
2832,0.000905777,76.42248302,35.75017553,False,-11.83,0.6,0,4335,33.857060216787794,Hushe
2833,0.001589517,76.42086052,35.75017641,False,-11.83,0.6,0,4335,33.83223537758567,Hushe
2834,0.000861232,76.42169421,35.75176237,False,-11.83,0.6,0,4329,34.01875251514226,Hushe
2835,0.00878806,76.42002332,35.74181307,False,-5.92,0.8,0,4347,32.90290804537184,Hushe
2836,0.001143062,76.41515289,35.74687229,False,-5.92,0.8,0,4310,33.386470832702514,Hushe
2837,0.000904104,76.41599035,35.75234906,False,-11.83,0.6,0,4316,33.999822560572525,Hushe
2838,0.003482581,76.41757886,35.74263709,False,-5.92,0.8,0,4342,32.95639558412616,Hushe
2839,0.001294195,76.41724953,35.74281008,False,-5.92,0.8,0,4336,32.970527351128176,Hushe
2840,0.001661983,76.41731808,35.74179194,False,-5.92,0.8,0,4339,32.85983629373576,Hushe
2841,0.001788813,76.41613038,35.74156111,False,-5.92,0.8,0,4328,32.81716640733978,Hushe
2842,0.00091285,76.41648218,35.73731585,False,-5.92,0.8,0,4313,32.35647967179694,Hushe
2843,0.001808234,76.42000583,35.73515966,False,-5.92,0.8,0,4326,32.173892426312634,Hushe
2844,0.00064544,76.41972259,35.73578029,False,-5.92,0.8,0,4327,32.23741046335826,Hushe
2845,0.00519449,76.41778547,35.75810691,False,-11.83,0.6,0,4306,34.657447418523034,Hushe
2846,0.001354926,76.42049307,35.75740488,False,-11.83,0.6,0,4322,34.61940067422895,Hushe
2847,0.000809311,76.42347356,35.757612,False,-11.83,0.6,0,4324,34.68703401804712,Hushe
2848,0.000930502,76.42284288,35.75672605,False,-11.83,0.6,0,4329,34.58027166213525,Hushe
2849,0.002462482,76.4233087,35.7594809,False,-11.83,0.6,0,4331,34.889289016092064,Hushe
2850,0.001392034,76.41700422,35.757188,False,-11.83,0.6,0,4315,34.54556182249122,Hushe
2851,0.000885444,76.41639264,35.75806986,False,-11.83,0.6,0,4317,34.63398598572756,Hushe
2852,0.000968256,76.41425535,35.75511037,False,-11.83,0.6,0,4313,34.279630153643105,Hushe
2853,0.001983015,76.41465434,35.75470069,False,-11.83,0.6,0,4314,34.239951543913094,Hushe
2854,0.002856294,76.41454121,35.75341221,False,-11.83,0.6,0,4310,34.096766942476044,Hushe
2855,0.000729471,76.41400227,35.75372085,False,-11.83,0.6,0,4310,34.12344432371617,Hushe
2856,0.005401832,76.4142807,35.75202366,False,-11.83,0.6,0,4314,33.94058784926127,Hushe
2857,0.001590704,76.4127284,35.74985768,False,-5.92,0.8,0,4313,33.68161095812046,Hushe
2858,0.005293162,76.41088793,35.75035816,False,-11.83,0.6,0,4312,33.71268884353394,Hushe
2859,0.002226057,76.40219528,35.75019484,False,-11.83,0.6,0,4290,33.59235261361351,Hushe
2860,0.002401537,76.40393558,35.75026395,False,-11.83,0.6,0,4294,33.61902489929555,Hushe
2861,0.003449807,76.40366894,35.74932471,False,-5.92,0.8,0,4291,33.512415138951965,Hushe
2862,0.001513297,76.41009606,35.74929403,False,-5.92,0.8,0,4311,33.585463763674134,Hushe
2863,0.001095996,76.40694715,35.74810792,False,-5.92,0.8,0,4305,33.4160481025326,Hushe
2864,0.001565129,76.40515843,35.74753294,False,-5.92,0.8,0,4300,33.33163812948224,Hushe
2865,0.001718245,76.40415912,35.74764984,False,-5.92,0.8,0,4296,33.33311612892407,Hushe
2866,0.000520504,76.40234653,35.74748012,False,-5.92,0.8,0,4298,33.294293815792145,Hushe
2867,0.001080758,76.40268723,35.74817817,False,-5.92,0.8,0,4300,33.37505832071076,Hushe
2868,0.002305086,76.40849595,35.75008249,False,-11.83,0.6,0,4303,33.65236985819478,Hushe
2869,0.000862703,76.41414491,35.74503358,False,-5.92,0.8,0,4309,33.17044651320192,Hushe
2870,0.000703573,76.41185219,35.74495629,False,-5.92,0.8,0,4300,33.130898051166625,Hushe
2871,0.001653407,76.40943338,35.74621299,False,-5.92,0.8,0,4306,33.23786779339198,Hushe
2872,0.000498251,76.40903418,35.74600546,False,-5.92,0.8,0,4305,33.2099922671738,Hushe
2873,0.000517109,76.40895343,35.74640177,False,-5.92,0.8,0,4309,33.25262201818294,Hushe
2874,0.002743388,76.40653196,35.74508129,False,-5.92,0.8,0,4298,33.07750543461382,Hushe
2875,0.000340185,76.40606985,35.74469282,False,-5.92,0.8,0,4296,33.029176858058065,Hushe
2876,0.000441554,76.41327072,35.74628871,False,-5.92,0.8,0,4305,33.29643416399104,Hushe
2877,0.000641319,76.41335084,35.74503754,False,-5.92,0.8,0,4304,33.15998525243199,Hushe
2878,0.0003843,76.40767117,35.74563353,False,-5.92,0.8,0,4296,33.152144187789474,Hushe
2879,0.000386933,76.40804717,35.74583989,False,-5.92,0.8,0,4298,33.17949098312452,Hushe
2880,0.000800449,76.40497555,35.74459894,False,-5.92,0.8,0,4286,33.00597169871112,Hushe
2881,0.004680812,76.38887857,35.75116628,False,-11.83,0.6,0,4257,33.5783885294092,Hushe
2882,0.002044247,76.39845297,35.74678297,False,-5.92,0.8,0,4293,33.176761612625924,Hushe
2883,0.003867617,76.39748054,35.74683394,False,-5.92,0.8,0,4285,33.17283712877667,Hushe
2884,0.001872983,76.39683969,35.7471429,False,-5.92,0.8,0,4284,33.20082635022433,Hushe
2885,0.00581505,76.39186694,35.74612969,False,-5.92,0.8,0,4272,33.04419929751545,Hushe
2886,0.004633936,76.38875374,35.7458451,False,-5.92,0.8,0,4265,32.98783214610792,Hushe
2887,0.002157898,76.38848349,35.74465953,False,-5.92,0.8,0,4273,32.85441950876606,Hushe
2888,0.001440996,76.38911883,35.74474837,False,-5.92,0.8,0,4271,32.86911857622564,Hushe
2889,0.003640427,76.38560889,35.74622612,False,-5.92,0.8,0,4239,33.007388588854056,Hushe
2890,0.002013519,76.38475107,35.74682501,False,-5.92,0.8,0,4232,33.068045176658316,Hushe
2891,0.006657501,76.3911338,35.74285866,False,-5.92,0.8,0,4273,32.675928354561854,Hushe
2892,0.006246667,76.39082817,35.74488919,False,-5.92,0.8,0,4271,32.89827064917907,Hushe
2893,0.000482998,76.39929222,35.74839427,False,-5.92,0.8,0,4276,33.36323371702802,Hushe
2894,0.001878188,76.39933339,35.74653431,False,-5.92,0.8,0,4281,33.1581411563397,Hushe
2895,0.002361514,76.39804296,35.74240064,False,-5.92,0.8,0,4276,32.68836390681011,Hushe
2896,0.000668975,76.39625405,35.74210329,False,-5.92,0.8,0,4275,32.63800093462969,Hushe
2897,0.000582809,76.39569614,35.74240413,False,-5.92,0.8,0,4279,32.665973593674586,Hushe
2898,0.000463864,76.39585689,35.74176022,False,-5.92,0.8,0,4276,32.596285511249874,Hushe
2899,0.000976543,76.39991715,35.74324554,False,-5.92,0.8,0,4287,32.80084806118144,Hushe
2900,0.000756443,76.40015411,35.74263886,False,-5.92,0.8,0,4288,32.736324083784595,Hushe
2901,0.002933473,76.39788445,35.7377775,False,-5.92,0.8,0,4260,32.17590045065031,Hushe
2902,0.003300681,76.39503455,35.7277885,False,-5.92,0.8,0,4249,31.04362225027437,Hushe
2903,0.003018537,76.39221411,35.72715732,False,-5.92,0.8,0,4235,30.947369929833346,Hushe
2904,0.004258771,76.39190385,35.72637111,False,-5.92,0.8,0,4242,30.85759241786752,Hushe
2905,0.000531807,76.39055151,35.72698861,False,-5.92,0.8,0,4239,30.91406120608368,Hushe
2906,0.00072412,76.38821323,35.7261269,False,-5.92,0.8,0,4237,30.799251768680705,Hushe
2907,0.000725495,76.38483592,35.72578202,False,-5.92,0.8,0,4219,30.735504494512607,Hushe
2908,0.001627711,76.3899051,35.7250031,False,-5.92,0.8,0,4238,30.688754470931826,Hushe
2909,0.00139908,76.38909449,35.72467414,False,-5.92,0.8,0,4233,30.645542055735945,Hushe
2910,0.004598974,76.38648043,35.72409146,False,-5.92,0.8,0,4205,30.560250628508935,Hushe
2911,0.000998699,76.38879668,35.7230698,False,-5.92,0.8,0,4199,30.465435943545387,Hushe
2912,0.00090426,76.38852883,35.72232888,False,-5.92,0.8,0,4196,30.381189774139045,Hushe
2913,0.01937333,76.39861528,35.72639153,False,-5.92,0.8,0,4247,30.92590280280117,Hushe
2914,0.00301645,76.39100466,35.73514073,False,-5.92,0.8,0,4251,31.82034710539933,Hushe
2915,0.000934825,76.39540247,35.73322694,False,-5.92,0.8,0,4255,31.648420355214125,Hushe
2916,0.003456554,76.38300293,35.7439728,False,-5.92,0.8,0,4249,32.74049021091067,Hushe
2917,0.000626819,76.38249723,35.74411379,False,-5.92,0.8,0,4245,32.75301618722077,Hushe
2918,0.005291923,76.38225454,35.74306487,False,-5.92,0.8,0,4250,32.6351716710554,Hushe
2919,0.001252971,76.37980079,35.74509718,False,-5.92,0.8,0,4220,32.84663555832562,Hushe
2920,0.002941787,76.37874586,35.74440075,False,-5.92,0.8,0,4237,32.76375671757593,Hushe
2921,0.003126572,76.3819651,35.73236656,False,-5.92,0.8,0,4238,31.446548266610368,Hushe
2922,0.001240347,76.37677022,35.7315418,False,-5.92,0.8,0,4227,31.326202726751962,Hushe
2923,0.005944881,76.37083557,35.73137331,False,-5.92,0.8,0,4227,31.283111873085748,Hushe
2924,0.001534311,76.37872862,35.73838874,False,-5.92,0.8,0,4229,32.09627605492182,Hushe
2925,0.002580185,76.37699654,35.73814674,False,-5.92,0.8,0,4230,32.06067481887605,Hushe
2926,0.001244496,76.37615177,35.73765609,False,-5.92,0.8,0,4226,32.00220345524457,Hushe
2927,0.001561633,76.37596512,35.73880746,False,-5.92,0.8,0,4231,32.129208958519236,Hushe
2928,0.001566649,76.37545553,35.73826554,False,-5.92,0.8,0,4227,32.06673614058581,Hushe
2929,0.001013267,76.3738041,35.73882876,False,-5.92,0.8,0,4224,32.122331439770235,Hushe
2930,0.000977018,76.37279116,35.73845953,False,-5.92,0.8,0,4221,32.07738614450338,Hushe
2931,0.001687417,76.37165816,35.73855028,False,-5.92,0.8,0,4216,32.083384012871534,Hushe
2932,0.001318473,76.37131671,35.73798191,False,-5.92,0.8,0,4216,32.019061562035574,Hushe
2933,0.006635202,76.37541562,35.74109199,False,-5.92,0.8,0,4228,32.38047287734096,Hushe
2934,0.001665518,76.373104,35.74109831,False,-5.92,0.8,0,4218,32.371728877043836,Hushe
2935,0.003889336,76.37131713,35.74113702,False,-5.92,0.8,0,4230,32.36965168304986,Hushe
2936,0.000741881,76.3691053,35.74244383,False,-5.92,0.8,0,4220,32.50811426003662,Hushe
2937,0.002431767,76.3697289,35.74304518,False,-5.92,0.8,0,4222,32.576724495249714,Hushe
2938,0.002965062,76.36762726,35.74202337,False,-5.92,0.8,0,4217,32.45755309424723,Hushe
2939,0.001923789,76.36699952,35.74093309,False,-5.92,0.8,0,4215,32.334896816579544,Hushe
2940,0.004316169,76.36832024,35.73796264,False,-5.92,0.8,0,4215,32.00793500142496,Hushe
2941,0.001793611,76.36708421,35.73751134,False,-5.92,0.8,0,4209,31.95473011721451,Hushe
2942,0.001369148,76.37233402,35.74027721,False,-5.92,0.8,0,4230,32.27765230124966,Hushe
2943,0.001501037,76.36981484,35.74212648,False,-5.92,0.8,0,4203,32.474876527361516,Hushe
2944,0.004655195,76.3764468,35.74261876,False,-5.92,0.8,0,4227,32.554666861355685,Hushe
2945,0.000899685,76.37689087,35.74206728,False,-5.92,0.8,0,4243,32.49550251404207,Hushe
2946,0.002203883,76.37798896,35.74255768,False,-5.92,0.8,0,4255,32.55529730561622,Hushe
2947,0.002956233,76.37936496,35.74338302,False,-5.92,0.8,0,4247,32.65402755040179,Hushe
2948,0.00765451,76.37106831,35.7445742,False,-5.92,0.8,0,4209,32.75077471930242,Hushe
2949,0.001395707,76.37367242,35.74481816,False,-5.92,0.8,0,4217,32.78716618081067,Hushe
2950,0.001438688,76.37246579,35.74460121,False,-5.92,0.8,0,4214,32.758550809153284,Hushe
2951,0.001249765,76.36726543,35.72793632,False,-5.92,0.8,0,4210,30.890831942983787,Hushe
2952,0.003936863,76.36690504,35.72879115,False,-5.92,0.8,0,4213,30.98499360665449,Hushe
2953,0.002537561,76.36573762,35.72952971,False,-5.92,0.8,0,4206,31.064557270535328,Hushe
2954,0.002303145,76.36730613,35.73011442,False,-5.92,0.8,0,4208,31.133036802992407,Hushe
2955,0.000850987,76.3683451,35.73129141,False,-5.92,0.8,0,4203,31.266513879115955,Hushe
2956,0.000845773,76.36953379,35.73212308,False,-5.92,0.8,0,4221,31.36231694116951,Hushe
2957,0.01079104,76.36252621,35.74977225,False,-5.92,0.8,0,4180,33.310129852330974,Hushe
2958,0.001848482,76.36263603,35.74631744,False,-5.92,0.8,0,4201,32.92612376231627,Hushe
2959,0.000640841,76.36161008,35.74635765,False,-5.92,0.8,0,4202,32.9295640777687,Hushe
2960,0.000569396,76.36549566,35.74425893,False,-5.92,0.8,0,4216,32.70152755887517,Hushe
2961,0.002467409,76.36518809,35.74239041,False,-5.92,0.8,0,4208,32.493239592790395,Hushe
2962,0.001095297,76.35835239,35.74340122,False,-5.92,0.8,0,4206,32.599284125928996,Hushe
2963,0.00127567,76.34884026,35.73993666,False,-5.92,0.8,0,4170,32.22485740309577,Hushe
2964,0.003391856,76.36232818,35.73869327,False,-5.92,0.8,0,4190,32.07807756127733,Hushe
2965,0.0011758,76.36336134,35.73880501,False,-5.92,0.8,0,4195,32.091756498147376,Hushe
2966,0.001859447,76.36398002,35.73865287,False,-5.92,0.8,0,4196,32.07572326880738,Hushe
2967,0.002641004,76.36558841,35.73839873,False,-5.92,0.8,0,4199,32.050220062462024,Hushe
2968,0.001335112,76.36459571,35.73770535,False,-5.92,0.8,0,4195,31.97135641163331,Hushe
2969,0.001261404,76.36587883,35.73739995,False,-5.92,0.8,0,4200,31.939755102137763,Hushe
2970,0.001124195,76.36591193,35.73499321,False,-5.92,0.8,0,4204,31.67227069839034,Hushe
2971,0.001686128,76.36434753,35.73313887,False,-5.92,0.8,0,4200,31.46326260580528,Hushe
2972,0.002459569,76.36308135,35.73188762,False,-5.92,0.8,0,4205,31.32228950666896,Hushe
2973,0.002340509,76.3623144,35.72962055,False,-5.92,0.8,0,4200,31.069296788138946,Hushe
2974,0.002243811,76.36228931,35.7287153,False,-5.92,0.8,0,4203,30.968617300182185,Hushe
2975,0.000670661,76.36105114,35.72896906,False,-5.92,0.8,0,4201,30.995658371769043,Hushe
2976,0.003074471,76.36095862,35.72785977,False,-5.92,0.8,0,4200,30.87224388376472,Hushe
2977,0.002513266,76.36073942,35.72734033,False,-5.92,0.8,0,4200,30.814325623705283,Hushe
2978,0.002484309,76.35981657,35.72797784,False,-5.92,0.8,0,4198,30.884673588097396,Hushe
2979,0.014674548,76.36455608,35.72705265,False,-5.92,0.8,0,4208,30.786971625641428,Hushe
2980,0.001598621,76.36569934,35.72786668,False,-5.92,0.8,0,4207,30.879605733721093,Hushe
2981,0.001549829,76.36590405,35.72834794,False,-5.92,0.8,0,4209,30.933524039588537,Hushe
2982,0.005032653,76.35960538,35.73179934,False,-5.92,0.8,0,4201,31.30950942998374,Hushe
2983,0.001634276,76.35833492,35.7323864,False,-5.92,0.8,0,4200,31.374491182618325,Hushe
2984,0.002510891,76.35758098,35.73300239,False,-5.92,0.8,0,4195,31.443009465932086,Hushe
2985,0.002242179,76.3551426,35.73200484,False,-5.92,0.8,0,4197,31.333178457146598,Hushe
2986,0.002409446,76.35976998,35.73346116,False,-5.92,0.8,0,4199,31.494362412958914,Hushe
2987,0.001570131,76.36030255,35.73313876,False,-5.92,0.8,0,4196,31.45878478584236,Hushe
2988,0.001593938,76.36264618,35.7380857,False,-5.92,0.8,0,4192,32.010881923487446,Hushe
2989,0.002435634,76.36024197,35.73002333,False,-5.92,0.8,0,4195,31.11233701779792,Hushe
2990,0.001839768,76.35905766,35.72987856,False,-5.92,0.8,0,4196,31.09574986600728,Hushe
2991,0.000552837,76.35826001,35.7307267,False,-5.92,0.8,0,4201,31.189936684964525,Hushe
2992,0.000918905,76.36259018,35.73095572,False,-5.92,0.8,0,4206,31.218065669434406,Hushe
2993,0.001083653,76.36292372,35.73100136,False,-5.92,0.8,0,4209,31.22354893045251,Hushe
2994,0.001029778,76.36238639,35.73042248,False,-5.92,0.8,0,4204,31.15854127925224,Hushe
2995,0.00056356,76.36268427,35.73012131,False,-5.92,0.8,0,4202,31.125404204512602,Hushe
2996,0.001078838,76.35024923,35.73454043,False,-5.92,0.8,0,4200,31.6219220231912,Hushe
2997,0.003150777,76.34909807,35.73483654,False,-5.92,0.8,0,4194,31.65733811975034,Hushe
2998,0.001855694,76.35193701,35.72462296,False,-5.92,0.8,0,4225,30.516278668245537,Hushe
2999,0.001099917,76.33841474,35.75121121,False,-11.83,0.6,0,4143,33.51488537309588,Hushe
3000,0.000716819,76.34009527,35.75138971,False,-11.83,0.6,0,4147,33.52699456656545,Hushe
3001,0.000787462,76.33630415,35.75208921,False,-11.83,0.6,0,4138,33.6230090406382,Hushe
3002,0.001597977,76.34415032,35.74548775,False,-5.92,0.8,0,4184,32.855423938137136,Hushe
3003,0.002061997,76.34380166,35.74457819,False,-5.92,0.8,0,4164,32.75558733118124,Hushe
3004,0.009449784,76.341802,35.7446482,False,-5.92,0.8,0,4149,32.77098658740665,Hushe
3005,0.001274027,76.33815203,35.74503522,False,-5.92,0.8,0,4154,32.83043212513313,Hushe
3006,0.001011214,76.33930497,35.7454465,False,-5.92,0.8,0,4175,32.870547903767445,Hushe
3007,0.000961783,76.33986915,35.74608957,False,-5.92,0.8,0,4164,32.93936970098607,Hushe
3008,0.001642345,76.33673463,35.74556061,False,-5.92,0.8,0,4155,32.896033265662595,Hushe
3009,0.001878941,76.33626842,35.7463752,False,-5.92,0.8,0,4161,32.9889480896953,Hushe
3010,0.000629846,76.33545914,35.74580574,False,-5.92,0.8,0,4139,32.930203840372414,Hushe
3011,0.000898764,76.3348291,35.74554454,False,-5.92,0.8,0,4136,32.90480584123354,Hushe
3012,0.003782544,76.34871299,35.73623867,False,-5.92,0.8,0,4182,31.81410427553185,Hushe
3013,0.000884535,76.34653339,35.73562848,False,-5.92,0.8,0,4179,31.752145893682915,Hushe
3014,0.00133688,76.34502962,35.73611938,False,-5.92,0.8,0,4164,31.811454260025826,Hushe
3015,0.000809828,76.34314816,35.73659959,False,-5.92,0.8,0,4163,31.87156625014597,Hushe
3016,0.001119305,76.3423792,35.73707494,False,-5.92,0.8,0,4176,31.927390711947652,Hushe
3017,0.004421989,76.33266213,35.73788374,False,-5.92,0.8,0,4136,32.06820124025391,Hushe
3018,0.000716504,76.34677336,35.73336254,False,-5.92,0.8,0,4180,31.49961107946686,Hushe
3019,0.001410969,76.34605221,35.73476349,False,-5.92,0.8,0,4194,31.657480186307005,Hushe
3020,0.003260726,76.33950931,35.72862298,False,-5.92,0.8,0,4174,31.001507376956646,Hushe
3021,0.010056369,76.33160108,35.72987316,False,-5.92,0.8,0,4126,31.187047490559177,Hushe
3022,0.001584397,76.32947436,35.7516613,False,-11.83,0.6,0,4125,33.61736484898381,Hushe
3023,0.000474605,76.32899324,35.7517458,False,-11.83,0.6,0,4121,33.63010603284919,Hushe
3024,0.002585512,76.32690589,35.75265666,False,-11.83,0.6,0,4098,33.74631468329511,Hushe
3025,0.000482194,76.32725704,35.75028666,False,-11.83,0.6,0,4120,33.48105680108085,Hushe
3026,0.005389728,76.3239892,35.74909215,False,-5.92,0.8,0,4113,33.37468371719086,Hushe
3027,0.001320558,76.32330423,35.7485015,False,-5.92,0.8,0,4117,33.315075922504505,Hushe
3028,0.002057628,76.32493316,35.74618143,False,-5.92,0.8,0,4105,33.04457900538459,Hushe
3029,0.001087846,76.32516709,35.74713735,False,-5.92,0.8,0,4117,33.14852903070994,Hushe
3030,0.000624643,76.32562934,35.74705865,False,-5.92,0.8,0,4124,33.13608706942302,Hushe
3031,0.000499058,76.3210818,35.74672017,False,-5.92,0.8,0,4113,33.137572931448986,Hushe
3032,0.010311168,76.31876073,35.74638895,False,-5.92,0.8,0,4118,33.12279643706147,Hushe
3033,0.001436267,76.3280372,35.7443975,False,-5.92,0.8,0,4125,32.822625608931375,Hushe
3034,0.001140966,76.33037357,35.74743914,False,-5.92,0.8,0,4153,33.14305479890261,Hushe
3035,0.000555272,76.32998052,35.74601353,False,-5.92,0.8,0,4143,32.98770906931812,Hushe
3036,0.000728305,76.32672737,35.73667505,False,-5.92,0.8,0,4149,31.977244493611728,Hushe
3037,0.000959756,76.32959616,35.72920591,False,-5.92,0.8,0,4131,31.1275476877176,Hushe
3038,0.001926789,76.32842751,35.72872252,False,-5.92,0.8,0,4124,31.082918941518113,Hushe
3039,0.003801019,76.32753263,35.72947064,False,-5.92,0.8,0,4126,31.172861037682743,Hushe
3040,0.000673795,76.32614998,35.72930669,False,-5.92,0.8,0,4112,31.166035187995362,Hushe
3041,0.000417261,76.31090052,35.72642274,False,-5.92,0.8,0,4124,31.006220278966378,Hushe
3042,0.000590759,76.31028743,35.72634614,False,-5.92,0.8,0,4116,31.00546229447631,Hushe
3043,0.00095711,76.30997836,35.72774539,False,-5.92,0.8,0,4118,31.163423684696358,Hushe
3044,0.043638659,76.32336608,35.75334657,False,-11.83,0.6,0,4078,33.85092929145774,Hushe
3045,0.001364437,76.32486306,35.75080857,False,-11.83,0.6,0,4116,33.55756469358268,Hushe
3046,0.00249623,76.3228244,35.75050843,False,-11.83,0.6,0,4113,33.5413379543812,Hushe
3047,0.000447852,76.32215646,35.75048067,False,-11.83,0.6,0,4112,33.54405812845952,Hushe
3048,0.000582131,76.32159952,35.75046781,False,-11.83,0.6,0,4111,33.547547698399825,Hushe
3049,0.00059991,76.32243174,35.74951803,False,-5.92,0.8,0,4114,33.43511563138778,Hushe
3050,0.004199886,76.31313873,35.74657352,False,-5.92,0.8,0,4104,33.20156559041484,Hushe
3051,0.005102939,76.31085127,35.74691321,False,-5.92,0.8,0,4080,33.26496701102161,Hushe
3052,0.003478552,76.3066422,35.74709163,False,-5.92,0.8,0,4069,33.33559763844735,Hushe
3053,0.001037438,76.31805074,35.75007535,False,-11.83,0.6,0,4116,33.537224071201294,Hushe
3054,0.001395251,76.31587292,35.74960351,False,-5.92,0.8,0,4111,33.5069176909557,Hushe
3055,0.000513267,76.31495438,35.75026477,False,-11.83,0.6,0,4106,33.58950551141618,Hushe
3056,0.00088829,76.31400239,35.74997237,False,-5.92,0.8,0,4098,33.56732193758318,Hushe
3057,0.000610322,76.31274595,35.74918048,False,-5.92,0.8,0,4103,33.493605252084144,Hushe
3058,0.000678212,76.31317221,35.748891,False,-5.92,0.8,0,4102,33.45696099644007,Hushe
3059,0.000455112,76.31170152,35.74882004,False,-5.92,0.8,0,4096,33.46552893202014,Hushe
3060,0.000940864,76.31058252,35.74851549,False,-5.92,0.8,0,4089,33.44477204560898,Hushe
3061,0.003144163,76.30669213,35.75046298,False,-11.83,0.6,0,4073,33.70621346857299,Hushe
3062,0.000504325,76.30968208,35.75233843,False,-11.83,0.6,0,4097,33.876794529764865,Hushe
3063,0.001284295,76.31265148,35.74375423,False,-5.92,0.8,0,4084,32.89593373200133,Hushe
3064,0.00049679,76.31291756,35.74602595,False,-5.92,0.8,0,4107,33.14359631948911,Hushe
3065,0.000861845,76.31268868,35.74572435,False,-5.92,0.8,0,4103,33.11287490877158,Hushe
3066,0.000545315,76.31668581,35.74405969,False,-5.92,0.8,0,4108,32.88612856148343,Hushe
3067,0.000683702,76.31895676,35.7438161,False,-5.92,0.8,0,4113,32.83646748498658,Hushe
3068,0.001173805,76.31557157,35.73629687,False,-5.92,0.8,0,4105,32.04065065733953,Hushe
3069,0.000779619,76.32080535,35.73767519,False,-5.92,0.8,0,4112,32.1397453887823,Hushe
3070,0.000299529,76.31559348,35.73937792,False,-5.92,0.8,0,4100,32.38055632550857,Hushe
3071,0.000858746,76.31485362,35.73813065,False,-5.92,0.8,0,4095,32.25089170647586,Hushe
3072,0.001658647,76.30947621,35.73851304,False,-5.92,0.8,0,4083,32.35554109548327,Hushe
3073,0.002532463,76.30593915,35.74011896,False,-5.92,0.8,0,4069,32.57720028057634,Hushe
3074,0.000382499,76.30866781,35.73368216,False,-5.92,0.8,0,4086,31.833627553545078,Hushe
3075,0.001256315,76.30686467,35.72853923,False,-5.92,0.8,0,4104,31.291257208916456,Hushe
3076,0.000210928,76.30650172,35.72925378,False,-5.92,0.8,0,4105,31.374697387682357,Hushe
3077,0.001962721,76.3118948,35.7236198,False,-5.92,0.8,0,4134,30.685186297168546,Hushe
3078,0.000458329,76.31108058,35.7236333,False,-5.92,0.8,0,4133,30.696780014869685,Hushe
3079,0.002491775,76.31195799,35.72179357,False,-5.92,0.8,0,4151,30.483244975344896,Hushe
3080,0.000687633,76.31396559,35.71672073,False,-5.92,0.8,0,4171,29.89983070769687,Hushe
3081,0.001514371,76.31684974,35.7103313,False,-5.92,0.8,0,4216,29.16139181179619,Hushe
3082,0.000444732,76.3151496,35.71042243,False,-5.92,0.8,0,4210,29.191490751001616,Hushe
3083,0.001038563,76.31506669,35.71097815,False,-5.92,0.8,0,4207,29.253730473679365,Hushe
3084,0.015274286,76.305802,35.75133681,False,-11.83,0.6,0,4072,33.813605500120964,Hushe
3085,0.000642728,76.30255326,35.75097023,False,-11.83,0.6,0,4060,33.815600663022245,Hushe
3086,0.000382053,76.30535733,35.74859988,False,-5.92,0.8,0,4072,33.51799242769893,Hushe
3087,0.000360498,76.30554491,35.74806794,False,-5.92,0.8,0,4069,33.4570360298469,Hushe
3088,0.000639427,76.30319211,35.7488003,False,-5.92,0.8,0,4062,33.56843120092324,Hushe
3089,0.000610214,76.30161792,35.74766158,False,-5.92,0.8,0,4055,33.46462776310179,Hushe
3090,0.001744256,76.30276814,35.74678176,False,-5.92,0.8,0,4070,33.3521975693097,Hushe
3091,0.00046052,76.29954933,35.74597097,False,-5.92,0.8,0,4053,33.30806292721875,Hushe
3092,0.000469378,76.29728544,35.74633563,False,-5.92,0.8,0,4050,33.38118705556616,Hushe
3093,0.00068251,76.29666604,35.74629346,False,-5.92,0.8,0,4048,33.38583039693594,Hushe
3094,0.002749191,76.29320641,35.74575502,False,-5.92,0.8,0,4041,33.38033664332923,Hushe
3095,0.00048331,76.29288599,35.74650083,False,-5.92,0.8,0,4034,33.46706519024696,Hushe
3096,0.000370146,76.29587583,35.74438293,False,-5.92,0.8,0,4049,33.1884100659083,Hushe
3097,0.007809726,76.3025837,35.73991576,False,-5.92,0.8,0,4057,32.60016024566804,Hushe
3098,0.000911555,76.29888827,35.74036453,False,-5.92,0.8,0,4051,32.70248159691613,Hushe
3099,0.00575379,76.29948109,35.74059448,False,-5.92,0.8,0,4053,32.718982892347896,Hushe
3100,0.000544966,76.2983356,35.7391198,False,-5.92,0.8,0,4039,32.57420399832309,Hushe
3101,0.000501552,76.29780872,35.73821672,False,-5.92,0.8,0,4055,32.48314390984754,Hushe
3102,0.002242981,76.29460644,35.73897684,False,-5.92,0.8,0,4037,32.61616536123465,Hushe
3103,0.001096074,76.29424973,35.7379119,False,-5.92,0.8,0,4050,32.50532131627445,Hushe
3104,0.000887504,76.29499948,35.73729079,False,-5.92,0.8,0,4050,32.42536773762938,Hushe
3105,0.000456665,76.29227522,35.73836917,False,-5.92,0.8,0,4026,32.58748070411359,Hushe
3106,0.000545003,76.28791501,35.73749787,False,-5.92,0.8,0,4013,32.56673409579854,Hushe
3107,0.001080609,76.28855705,35.73574134,False,-5.92,0.8,0,4022,32.36386881904599,Hushe
3108,0.001620108,76.28630689,35.73396223,False,-5.92,0.8,0,4009,32.21022016508775,Hushe
3109,0.001819567,76.28215671,35.73529244,False,-5.92,0.8,0,4020,32.43245289653457,Hushe
3110,0.031023067,76.28108545,35.72736889,False,-5.92,0.8,0,3998,31.59318655388437,Hushe
3111,0.00175912,76.27926981,35.72634821,False,-5.92,0.8,0,3984,31.51921524238085,Hushe
3112,0.000827372,76.30404393,35.73694139,False,-5.92,0.8,0,4078,32.25315688549552,Hushe
3113,0.000603271,76.30480465,35.74379547,False,-5.92,0.8,0,4065,32.99656157956459,Hushe
3114,0.001055484,76.29102113,35.74851625,False,-5.92,0.8,0,4024,33.71758567580563,Hushe
3115,0.000405673,76.28938102,35.74723853,False,-5.92,0.8,0,4021,33.604935153864645,Hushe
3116,0.002740119,76.28412103,35.74707013,False,-5.92,0.8,0,3996,33.67772432824635,Hushe
3117,0.000719212,76.28649597,35.7436198,False,-5.92,0.8,0,4016,33.259367855659214,Hushe
3118,0.000351721,76.28375676,35.74258157,False,-5.92,0.8,0,4020,33.19539327956247,Hushe
3119,0.001174539,76.28644407,35.73724288,False,-5.92,0.8,0,4021,32.56511831687247,Hushe
3120,0.000528068,76.2839641,35.73604886,False,-5.92,0.8,0,4032,32.48054470600232,Hushe
3121,0.000255271,76.28421623,35.73665089,False,-5.92,0.8,0,4024,32.54135844794832,Hushe
3122,0.000350226,76.2817887,35.73577749,False,-5.92,0.8,0,4013,32.49221161607051,Hushe
3123,0.000969866,76.2806033,35.74910023,False,-5.92,0.8,0,4012,33.963145955474374,Hushe
3124,0.002038731,76.28030037,35.74748299,False,-5.92,0.8,0,3997,33.79290711826106,Hushe
3125,0.001281464,76.27892186,35.74823786,False,-5.92,0.8,0,4011,33.90109702859619,Hushe
3126,0.007588582,76.27851629,35.74692939,False,-5.92,0.8,0,3999,33.766699893814994,Hushe
3127,0.001139007,76.27332874,35.74847024,False,-5.92,0.8,0,3988,34.03661621513887,Hushe
3128,0.001892129,76.27185543,35.74773782,False,-5.92,0.8,0,3980,33.98758393669735,Hushe
3129,0.00185289,76.27264378,35.74722201,False,-5.92,0.8,0,3981,33.915461201792326,Hushe
3130,0.000949884,76.2721406,35.7463478,False,-5.92,0.8,0,3978,33.83124471285563,Hushe
3131,0.001160911,76.27451252,35.74604432,False,-5.92,0.8,0,3990,33.74974976167279,Hushe
3132,0.001170621,76.27372699,35.74594574,False,-5.92,0.8,0,3984,33.75504328560687,Hushe
3133,0.007171876,76.27394865,35.74436256,False,-5.92,0.8,0,3994,33.579048903691636,Hushe
3134,0.001431708,76.27551106,35.74286062,False,-5.92,0.8,0,3987,33.38454655823105,Hushe
3135,0.001741563,76.27464083,35.74290331,False,-5.92,0.8,0,3989,33.40685317265407,Hushe
3136,0.001723113,76.27424556,35.74254537,False,-5.92,0.8,0,3983,33.37618338748233,Hushe
3137,0.00224323,76.27050333,35.74047462,False,-5.92,0.8,0,3970,33.231002326127346,Hushe
3138,0.000473475,76.27205681,35.73992794,False,-5.92,0.8,0,3977,33.13872675117429,Hushe
3139,0.001173094,76.27177678,35.73848939,False,-5.92,0.8,0,3985,32.98925325409742,Hushe
3140,0.002603467,76.26353062,35.73833998,False,-5.92,0.8,0,3948,33.15747784278637,Hushe
3141,0.000863803,76.26834503,35.74060842,False,-5.92,0.8,0,3983,33.292469043692144,Hushe
3142,0.004910235,76.26738132,35.74171267,False,-5.92,0.8,0,3974,33.43281982582263,Hushe
3143,0.001270508,76.26646303,35.74103286,False,-5.92,0.8,0,3981,33.38005865159166,Hushe
3144,0.002014155,76.26488944,35.74130053,False,-5.92,0.8,0,3963,33.44444974907146,Hushe
3145,0.001352469,76.26568649,35.74341444,False,-5.92,0.8,0,3974,33.65398757021787,Hushe
3146,0.000633155,76.26444548,35.74439455,False,-5.92,0.8,0,3962,33.787497707114674,Hushe
3147,0.000288047,76.26558731,35.74428801,False,-5.92,0.8,0,3962,33.750302197095564,Hushe
3148,0.000532485,76.26674789,35.74581971,False,-5.92,0.8,0,3973,33.88959437836808,Hushe
3149,0.001790088,76.27755592,35.74510356,False,-5.92,0.8,0,3995,33.58709733206539,Hushe
3150,0.00918135,76.27378555,35.73554746,False,-5.92,0.8,0,3989,32.628629635780385,Hushe
3151,0.002381131,76.27015829,35.73214631,False,-5.92,0.8,0,3971,32.34011935043296,Hushe
3152,0.001242637,76.26818577,35.73423212,False,-5.92,0.8,0,3966,32.60895789093818,Hushe
3153,0.001209001,76.26501899,35.73305089,False,-5.92,0.8,0,3951,32.554623189449686,Hushe
3154,0.000218566,76.27668167,35.73381752,False,-5.92,0.8,0,4007,32.38111824124742,Hushe
3155,0.000580849,76.266499,35.73914298,False,-5.92,0.8,0,3956,33.17574052587465,Hushe
3156,0.003293462,76.27253174,35.72842211,False,-5.92,0.8,0,3969,31.886178680307008,Hushe
3157,0.000555087,76.27510443,35.72867975,False,-5.92,0.8,0,3978,31.858382076755998,Hushe
3158,0.000956549,76.27638552,35.73008888,False,-5.92,0.8,0,3986,31.983716320696747,Hushe
3159,0.000656371,76.27423088,35.72966839,False,-5.92,0.8,0,3980,31.983853611191325,Hushe
3160,0.001478087,76.27128573,35.73408662,False,-5.92,0.8,0,3967,32.52452300810385,Hushe
3161,0.001139407,76.26144972,35.74099679,False,-5.92,0.8,0,3964,33.49155275948799,Hushe
3162,0.00105742,76.25931398,35.74254292,False,-5.92,0.8,0,3939,33.70817138868148,Hushe
3163,0.00382144,76.2572693,35.74276559,False,-5.92,0.8,0,3936,33.781455121505395,Hushe
3164,0.001544861,76.25631898,35.74135578,False,-5.92,0.8,0,3933,33.65394334289048,Hushe
3165,0.001375432,76.25355417,35.74223108,False,-5.92,0.8,0,3916,33.81656996979877,Hushe
3166,0.001892192,76.25116322,35.74025508,False,-5.92,0.8,0,3921,33.66712794291174,Hushe
3167,0.000341728,76.26070403,35.74367083,False,-5.92,0.8,0,3949,33.79614940020384,Hushe
3168,0.000161802,76.26121461,35.74368161,False,-5.92,0.8,0,3947,33.78531026776264,Hushe
3169,0.000125558,76.26243392,35.74318535,False,-5.92,0.8,0,3954,33.7035699175676,Hushe
3170,0.000831676,76.26059775,35.7376063,False,-5.92,0.8,0,3941,33.148196154545055,Hushe
3171,0.002557648,76.2539324,35.73710892,False,-5.92,0.8,0,3929,33.260473812190206,Hushe
3172,0.000683468,76.25114492,35.73891528,False,-5.92,0.8,0,3919,33.524950189727164,Hushe
3173,0.00266516,76.24864187,35.73735543,False,-5.92,0.8,0,3909,33.42523715123146,Hushe
3174,0.000313783,76.24848577,35.73825466,False,-5.92,0.8,0,3907,33.524910872090324,Hushe
3175,0.000908909,76.25427102,35.72950897,False,-5.92,0.8,0,3921,32.44211442004546,Hushe
3176,0.001188519,76.25101221,35.72990328,False,-5.92,0.8,0,3910,32.57044999014747,Hushe
3177,0.00144203,76.25279634,35.73024321,False,-5.92,0.8,0,3927,32.55900089218554,Hushe
3178,0.000512977,76.25112169,35.73096515,False,-5.92,0.8,0,3918,32.680256753825354,Hushe
3179,0.000361734,76.25181945,35.73117868,False,-5.92,0.8,0,3917,32.684330597550044,Hushe
3180,0.00247037,76.26287914,35.72790177,False,-5.92,0.8,0,3946,32.05335933822329,Hushe
3181,0.001041582,76.25401047,35.7273587,False,-5.92,0.8,0,3916,32.220226094329846,Hushe
3182,0.000701877,76.25506335,35.72624412,False,-5.92,0.8,0,3920,32.073953775681034,Hushe
3183,0.002572161,76.24421722,35.74613864,False,-5.92,0.8,0,3923,34.47650171810482,Hushe
3184,0.003209413,76.23775781,35.74316284,False,-5.92,0.8,0,3919,34.34142505797898,Hushe
3185,0.000319923,76.23864794,35.74361932,False,-5.92,0.8,0,3927,34.36418830946394,Hushe
3186,0.000832502,76.24726403,35.74115294,False,-5.92,0.8,0,3902,33.86538498502264,Hushe
3187,0.00127334,76.24552342,35.74114207,False,-5.92,0.8,0,3905,33.91112823399539,Hushe
3188,0.000497725,76.2445917,35.73906244,False,-5.92,0.8,0,3908,33.71619756856954,Hushe
3189,0.002040003,76.24497356,35.73786934,False,-5.92,0.8,0,3900,33.57934025142227,Hushe
3190,0.003028303,76.24578813,35.73794838,False,-5.92,0.8,0,3902,33.565357857752495,Hushe
3191,0.000877943,76.24575399,35.73858262,False,-5.92,0.8,0,3899,33.63350491919564,Hushe
3192,0.006669459,76.24277034,35.73762588,False,-5.92,0.8,0,3902,33.61481397380919,Hushe
3193,0.001120223,76.24768736,35.73373776,False,-5.92,0.8,0,3907,33.0672335449482,Hushe
3194,0.002826077,76.24687536,35.7330261,False,-5.92,0.8,0,3901,33.01410208767454,Hushe
3195,0.003217338,76.24449942,35.73320711,False,-5.92,0.8,0,3898,33.09929747104614,Hushe
3196,0.012673853,76.24250715,35.73326621,False,-5.92,0.8,0,3882,33.161869663733725,Hushe
3197,0.000913291,76.23969782,35.73320356,False,-5.92,0.8,0,3884,33.2361986308573,Hushe
3198,0.001768195,76.23732852,35.73359801,False,-5.92,0.8,0,3876,33.34724457704529,Hushe
3199,0.002435398,76.23498827,35.73486152,False,-5.92,0.8,0,3877,33.549603802504045,Hushe
3200,0.007148534,76.23554671,35.73820728,False,-5.92,0.8,0,3884,33.884172021785645,Hushe
3201,0.001028825,76.23627462,35.73669349,False,-5.92,0.8,0,3879,33.70361308931765,Hushe
3202,0.000638823,76.23614844,35.73738514,False,-5.92,0.8,0,3877,33.7800147347916,Hushe
3203,0.002927271,76.24938349,35.72765975,False,-5.92,0.8,0,3900,32.376786040701774,Hushe
3204,0.000548498,76.24890392,35.72859425,False,-5.92,0.8,0,3900,32.48894226578045,Hushe
3205,0.000574373,76.24786697,35.72796296,False,-5.92,0.8,0,3896,32.4507568892873,Hushe
3206,0.000698241,76.24550249,35.72728886,False,-5.92,0.8,0,3890,32.445887477691876,Hushe
3207,0.001246031,76.24596455,35.72640779,False,-5.92,0.8,0,3883,32.339773737406496,Hushe
3208,0.001722601,76.24291455,35.7281874,False,-5.92,0.8,0,3888,32.61471532717446,Hushe
3209,0.000208032,76.24244872,35.72827455,False,-5.92,0.8,0,3883,32.63736693322787,Hushe
3210,0.002255946,76.24155546,35.72833261,False,-5.92,0.8,0,3902,32.66944241222771,Hushe
3211,0.004127473,76.24049259,35.72884962,False,-5.92,0.8,0,3888,32.75492507913127,Hushe
3212,0.000419097,76.23921771,35.72917779,False,-5.92,0.8,0,3879,32.82699728717236,Hushe
3213,0.001069126,76.23718026,35.73065237,False,-5.92,0.8,0,3871,33.04243129492353,Hushe
3214,0.001041879,76.23762412,35.73100597,False,-5.92,0.8,0,3863,33.066288336375145,Hushe
3215,0.00157665,76.24207031,35.73057039,False,-5.92,0.8,0,3876,32.89014907035393,Hushe
3216,0.001581755,76.24324012,35.73000515,False,-5.92,0.8,0,3897,32.79695327241166,Hushe
3217,0.000883985,76.24349256,35.72225092,False,-5.92,0.8,0,3870,31.973003889882044,Hushe
3218,0.000639686,76.2423085,35.72197804,False,-5.92,0.8,0,3863,31.979196897925984,Hushe
3219,0.000150313,76.2410349,35.72196916,False,-5.92,0.8,0,3868,32.01615203253173,Hushe
3220,0.000359792,76.24147588,35.72144474,False,-5.92,0.8,0,3861,31.947951815550905,Hushe
3221,0.010686249,76.23873283,35.72705733,False,-5.92,0.8,0,3892,32.61882656805725,Hushe
3222,0.003542252,76.22722375,35.73462625,False,-5.92,0.8,0,3853,33.76450557581081,Hushe
3223,0.000435238,76.22648138,35.73461853,False,-5.92,0.8,0,3853,33.78728331229097,Hushe
3224,0.0073363,76.22612775,35.7326946,False,-5.92,0.8,0,3851,33.59853460937828,Hushe
3225,0.000765832,76.23378136,35.73455377,False,-5.92,0.8,0,3869,33.55372625567973,Hushe
3226,0.00261775,76.23373391,35.73408854,False,-5.92,0.8,0,3873,33.50643823293904,Hushe
3227,0.000973832,76.23486906,35.73149009,False,-5.92,0.8,0,3882,33.19987492479516,Hushe
3228,0.00170945,76.23346992,35.73162925,False,-5.92,0.8,0,3878,33.25709762014489,Hushe
3229,0.002802146,76.23275823,35.73161127,False,-5.92,0.8,0,3880,33.27707571394876,Hushe
3230,0.00162539,76.23093658,35.73242631,False,-5.92,0.8,0,3862,33.41858828252121,Hushe
3231,0.000203069,76.2314334,35.73233423,False,-5.92,0.8,0,3869,33.39354486500679,Hushe
3232,0.000434905,76.2312126,35.73261603,False,-5.92,0.8,0,3863,33.42982011555365,Hushe
3233,0.001796056,76.23143471,35.73050324,False,-5.92,0.8,0,3861,33.20237128640484,Hushe
3234,0.003175805,76.22851381,35.7303547,False,-5.92,0.8,0,3849,33.278931516349324,Hushe
3235,0.002141861,76.22708826,35.72897022,False,-5.92,0.8,0,3853,33.18071585705336,Hushe
3236,0.001396516,76.22213185,35.72998754,False,-5.92,0.8,0,3828,33.44848098006037,Hushe
3237,0.000522301,76.22292519,35.7301856,False,-5.92,0.8,0,3827,33.44267724039614,Hushe
3238,0.000764907,76.22235561,35.72951346,False,-5.92,0.8,0,3837,33.39203222770552,Hushe
3239,0.008518156,76.21994715,35.73036197,False,-5.92,0.8,0,3822,33.560214834054534,Hushe
3240,0.000401822,76.21925481,35.72945399,False,-5.92,0.8,0,3832,33.48996764354684,Hushe
3241,0.001495743,76.2202593,35.72874797,False,-5.92,0.8,0,3826,33.383205478264635,Hushe
3242,0.001270817,76.22225695,35.72677059,False,-5.92,0.8,0,3850,33.111960441427186,Hushe
3243,0.000866816,76.21942116,35.72412684,False,-5.92,0.8,0,3828,32.93597890459614,Hushe
3244,0.000790001,76.22051774,35.72334692,False,-5.92,0.8,0,3823,32.81811224458314,Hushe
3245,0.002728893,76.22430889,35.72346784,False,-5.92,0.8,0,3840,32.7021986934166,Hushe
3246,0.001085931,76.22398657,35.72278709,False,-5.92,0.8,0,3831,32.64271825187557,Hushe
3247,0.003197078,76.22285582,35.72211805,False,-5.92,0.8,0,3823,32.611879192305025,Hushe
3248,0.001530917,76.22127067,35.7206212,False,-5.92,0.8,0,3836,32.5119563957357,Hushe
3249,0.000553049,76.2197955,35.71991003,False,-5.92,0.8,0,3819,32.48997017269644,Hushe
3250,0.004000366,76.22059901,35.71855803,False,-5.92,0.8,0,3820,32.32329157690744,Hushe
3251,0.000800605,76.23073785,35.71484456,False,-5.92,0.8,0,3806,31.59707417401652,Hushe
3252,0.00416744,76.22974074,35.72022742,False,-5.92,0.8,0,3832,32.18745597186359,Hushe
3253,0.001050634,76.23091175,35.72068856,False,-5.92,0.8,0,3836,32.19730474172357,Hushe
3254,0.000559757,76.23387431,35.72400612,False,-5.92,0.8,0,3855,32.448355832160466,Hushe
3255,0.000208528,76.23426951,35.72442842,False,-5.92,0.8,0,3863,32.48006933811747,Hushe
3256,0.000225058,76.23217079,35.72463517,False,-5.92,0.8,0,3867,32.56750490859091,Hushe
3257,0.00110309,76.23576036,35.72612563,False,-5.92,0.8,0,3875,32.61127966539759,Hushe
3258,0.00043803,76.23781848,35.72051998,False,-5.92,0.8,0,3862,31.961935401465055,Hushe
3259,0.001916874,76.2160386,35.7308552,False,-5.92,0.8,0,3820,33.7440414476816,Hushe
3260,0.000636616,76.22414832,35.71179337,False,-5.92,0.8,0,3896,31.505707020166568,Hushe
3261,0.003860948,76.21399306,35.73075635,False,-5.92,0.8,0,3809,33.7661515862012,Tastay
3262,0.000322971,76.21269832,35.73130605,False,-5.92,0.8,0,3803,33.66650281093936,Tastay
3263,0.006307104,76.21516689,35.72887363,False,-5.92,0.8,0,3798,33.57071432817856,Hushe
3264,0.002103393,76.21291676,35.7283048,False,-5.92,0.8,0,3812,33.59134659162546,Hushe
3265,0.00097047,76.21352473,35.7280586,False,-5.92,0.8,0,3811,33.54469654086394,Hushe
3266,0.002265023,76.21366721,35.72729324,False,-5.92,0.8,0,3803,33.4613301137407,Hushe
3267,0.000910602,76.21141493,35.72861649,False,-5.92,0.8,0,3805,33.485589576320415,Tastay
3268,0.000828458,76.21071996,35.72898166,False,-5.92,0.8,0,3802,33.43358450275981,Tastay
3269,0.006227533,76.21032508,35.72815485,False,-5.92,0.8,0,3793,33.37822736893714,Tastay
3270,0.00063409,76.21046446,35.72629478,False,-5.92,0.8,0,3802,33.34497461397106,Tastay
3271,0.000401199,76.2115664,35.72663206,False,-5.92,0.8,0,3799,33.45021948629804,Tastay
3272,0.000714766,76.20880904,35.72618897,False,-5.92,0.8,0,3796,33.19655713631233,Tastay
3273,0.005380991,76.2083183,35.72526578,False,-5.92,0.8,0,3791,33.131091183898064,Tastay
3274,0.000118232,76.21031116,35.72460164,False,-5.92,0.8,0,3799,33.29108012447593,Tastay
3275,0.000195981,76.20998554,35.72568423,False,-5.92,0.8,0,3791,33.28808195894717,Tastay
3276,0.008484966,76.21311496,35.72395615,False,-5.92,0.8,0,3805,33.13983049338224,Hushe
3277,0.002602551,76.20753794,35.72254635,False,-5.92,0.8,0,3788,32.99844304301511,Tastay
3278,0.001786709,76.21186304,35.71986606,False,-5.92,0.8,0,3786,32.76827016154186,Hushe
3279,0.000698219,76.21439886,35.72034144,False,-5.92,0.8,0,3790,32.72490894226724,Hushe
3280,0.001086678,76.21855358,35.72069108,False,-5.92,0.8,0,3821,32.61340469009647,Hushe
3281,0.000446945,76.21538469,35.71792246,False,-5.92,0.8,0,3808,32.4427321069617,Hushe
3282,0.001067859,76.21310351,35.71682141,False,-5.92,0.8,0,3801,32.413360500769315,Hushe
3283,0.000560302,76.21223939,35.71723511,False,-5.92,0.8,0,3794,32.487066616568754,Hushe
3284,0.001532341,76.21269774,35.71717478,False,-5.92,0.8,0,3797,32.4641305799107,Hushe
3285,0.01033744,76.20786878,35.71787116,False,-5.92,0.8,0,3785,32.71381746337082,Hushe
3286,0.003207418,76.20693471,35.71932032,False,-5.92,0.8,0,3771,32.8727351786684,Tastay
3287,0.001975693,76.20877594,35.71341704,False,-5.92,0.8,0,3757,32.229616258855586,Hushe
3288,0.002142418,76.20723945,35.71446213,False,-5.92,0.8,0,3764,32.39340051473492,Hushe
3289,0.001547118,76.20557698,35.71766571,False,-5.92,0.8,0,3752,32.71674111467368,Tastay
3290,0.001108776,76.20190494,35.72250273,False,-5.92,0.8,0,3767,32.500076500076574,Tastay
3291,0.001077864,76.202394,35.7230511,False,-5.92,0.8,0,3772,32.556078709163934,Tastay
3292,0.00344219,76.20450182,35.72385469,False,-5.92,0.8,0,3780,32.760979805936046,Tastay
3293,0.000604925,76.20425598,35.72466001,False,-5.92,0.8,0,3787,32.758478195641715,Tastay
3294,0.001100697,76.20179355,35.7261782,False,-5.92,0.8,0,3771,32.57849696199407,Tastay
3295,0.009634759,76.20300509,35.72850857,False,-5.92,0.8,0,3766,32.74343348603295,Tastay
3296,0.000478859,76.20209256,35.72988209,False,-5.92,0.8,0,3764,32.69860470586954,Tastay
3297,0.000764584,76.20266239,35.7298349,False,-5.92,0.8,0,3765,32.74739484060864,Tastay
3298,0.000683787,76.20535985,35.72931016,False,-5.92,0.8,0,3785,32.9707630909828,Tastay
3299,0.002554755,76.20625278,35.72925368,False,-5.92,0.8,0,3789,33.04777357477663,Tastay
3300,0.000505053,76.20648592,35.72876306,False,-5.92,0.8,0,3790,33.055812824976805,Tastay
3301,0.000480995,76.20622046,35.72860515,False,-5.92,0.8,0,3789,33.02848793925726,Tastay
3302,0.000531102,76.20563517,35.72818384,False,-5.92,0.8,0,3790,32.96641649968694,Tastay
3303,0.000598391,76.20676492,35.73025723,False,-5.92,0.8,0,3784,33.118479751236144,Tastay
3304,0.000635658,76.20109139,35.72392371,False,-5.92,0.8,0,3777,32.461877347315806,Tastay
3305,0.000157479,76.20155103,35.7237316,False,-5.92,0.8,0,3779,32.49782088528958,Tastay
3306,0.000410086,76.20219654,35.72392759,False,-5.92,0.8,0,3780,32.55940856745286,Tastay
3307,0.000805891,76.20054849,35.72515519,False,-5.92,0.8,0,3777,32.443776757116076,Tastay
3308,0.001360497,76.20327139,35.72422881,False,-5.92,0.8,0,3769,32.66136414450139,Tastay
3309,0.001586435,76.20754992,35.71305806,False,-5.92,0.8,0,3749,32.2400447974236,Hushe
3310,0.000703627,76.20642499,35.71345424,False,-5.92,0.8,0,3760,32.323001644282066,Hushe
3311,0.000750408,76.20676162,35.71326317,False,-5.92,0.8,0,3763,32.290858647072284,Hushe
3312,0.001243333,76.20667371,35.71418137,False,-5.92,0.8,0,3762,32.386692747992214,Hushe
3313,0.011687914,76.20493845,35.71446819,False,-5.92,0.8,0,3756,32.482181064501496,Hushe
3314,0.001016128,76.19525523,35.72345068,False,-5.92,0.8,0,3762,31.936105114236224,Tastay
3315,0.001086866,76.19742659,35.72324168,False,-5.92,0.8,0,3774,32.12247706770405,Tastay
3316,0.001145932,76.1984131,35.72123638,False,-5.92,0.8,0,3760,32.16239727002347,Tastay
3317,0.003480912,76.19922052,35.71917231,False,-5.92,0.8,0,3759,32.18691300712985,Tastay
3318,0.002771078,76.19927939,35.71834934,False,-5.92,0.8,0,3752,32.17390550313943,Tastay
3319,0.001248197,76.20136333,35.71850329,False,-5.92,0.8,0,3760,32.361719051502035,Tastay
3320,0.00336333,76.20182366,35.7165646,False,-5.92,0.8,0,3751,32.3607322364309,Tastay
3321,0.003405759,76.20397724,35.71590056,False,-5.92,0.8,0,3765,32.53773253973595,Tastay
3322,0.000723769,76.2054786,35.71333577,False,-5.92,0.8,0,3750,32.34749682871544,Hushe
3323,0.000825643,76.20450503,35.71272616,False,-5.92,0.8,0,3756,32.32395481160439,Hushe
3324,0.001499782,76.20347219,35.71180183,False,-5.92,0.8,0,3753,32.27156599360768,Hushe
3325,0.002147758,76.20182032,35.71254474,False,-5.92,0.8,0,3763,32.27832211531382,Tastay
3326,0.015773562,76.19971422,35.71413467,False,-5.92,0.8,0,3741,32.1231451382866,Tastay
3327,0.016783956,76.19854438,35.7098898,False,-5.92,0.8,0,3748,31.935845227393138,Tastay
3328,0.002887539,76.19792515,35.71130808,False,-5.92,0.8,0,3736,31.90793707147465,Tastay
3329,0.002896477,76.19908421,35.7114401,False,-5.92,0.8,0,3725,32.013539907411484,Tastay
3330,0.00075467,76.20125256,35.71231824,False,-5.92,0.8,0,3751,32.22341667077279,Tastay
3331,0.000351212,76.20171478,35.71070127,False,-5.92,0.8,0,3744,32.23076661072557,Hushe
3332,0.00096664,76.19427536,35.70981679,False,-5.92,0.8,0,3726,31.554668713151298,Tastay
3333,0.001137831,76.19385117,35.71059551,False,-5.92,0.8,0,3743,31.53192463656811,Tastay
3334,0.001749576,76.19481026,35.70576673,False,-5.92,0.8,0,3728,31.528238501053576,Tastay
3335,0.000813512,76.19648183,35.70710699,False,-5.92,0.8,0,3735,31.700982665762705,Tastay
3336,0.00158829,76.19176751,35.70704497,False,-5.92,0.8,0,3706,31.27983844710611,Tastay
3337,0.005000469,76.1897082,35.71028584,False,-5.92,0.8,0,3720,31.157609303925494,Tastay
3338,0.000548753,76.18865545,35.71171087,False,-5.92,0.8,0,3714,31.09231446519919,Tastay
3339,0.001261559,76.19307651,35.71487718,False,-5.92,0.8,0,3726,31.549762763621278,Tastay
3340,0.00173598,76.19113504,35.7146211,False,-5.92,0.8,0,3720,31.37226131396867,Tastay
3341,0.004401476,76.18601467,35.71465702,False,-5.92,0.8,0,3732,30.919259027585653,Tastay
3342,0.002478686,76.1846533,35.71609426,False,-5.92,0.8,0,3726,30.82995399595358,Tastay
3343,0.004766977,76.1850918,35.71666859,False,-5.92,0.8,0,3724,30.881468900061027,Tastay
3344,0.001770006,76.19038623,35.71849147,False,-5.92,0.8,0,3727,31.39050064802722,Tastay
3345,0.000594777,76.18994528,35.7170584,False,-5.92,0.8,0,3738,31.31949116781973,Tastay
3346,0.0004473,76.18873477,35.7176646,False,-5.92,0.8,0,3741,31.225892308813826,Tastay
3347,0.000437987,76.18832029,35.71765084,False,-5.92,0.8,0,3743,31.188932097710286,Tastay
3348,0.003210634,76.18803298,35.71999143,False,-5.92,0.8,0,3740,31.21706388738157,Tastay
3349,0.001255962,76.1891558,35.72138717,False,-5.92,0.8,0,3747,31.348989825759965,Tastay
3350,0.000818077,76.18331797,35.71880468,False,-5.92,0.8,0,3717,30.77322101782514,Tastay
3351,0.000823217,76.18129998,35.71612389,False,-5.92,0.8,0,3712,30.533944428993173,Tastay
3352,0.002401383,76.1816569,35.71666782,False,-5.92,0.8,0,3714,30.57767852429966,Tastay
3353,0.000410233,76.18083639,35.7145385,False,-5.92,0.8,0,3708,30.45805899431681,Tastay
3354,0.000670778,76.18194645,35.71190153,False,-5.92,0.8,0,3708,30.500699234425404,Tastay
3355,0.001622976,76.18373265,35.71207398,False,-5.92,0.8,0,3721,30.66273174422908,Tastay
3356,0.025654756,76.18124511,35.70942757,False,-5.92,0.8,0,3691,30.38862705141873,Tastay
3357,0.011672289,76.17642729,35.71103822,False,-5.92,0.8,0,3694,29.99323506911428,Tastay
3358,0.000950095,76.17580726,35.71066439,False,-5.92,0.8,0,3683,29.930540315421545,Tastay
3359,0.000588188,76.1748458,35.71308124,False,-5.92,0.8,0,3695,29.896031072575546,Tastay
3360,0.001128849,76.17627832,35.7082651,False,-5.92,0.8,0,3693,29.92442474615096,Tastay
3361,0.002238816,76.18072914,35.70722637,False,-5.92,0.8,0,3688,30.300385714160935,Tastay
3362,0.00061066,76.18366126,35.70730138,False,-5.92,0.8,0,3702,30.562744636205004,Tastay
3363,0.000235819,76.18292824,35.70801588,False,-5.92,0.8,0,3701,30.510984766478856,Tastay
3364,0.000339351,76.18128341,35.70799852,False,-5.92,0.8,0,3690,30.36433788793809,Tastay
3365,0.005864435,76.17739125,35.70330761,False,-5.92,0.8,0,3685,29.931971274147443,Tastay
3366,0.000504374,76.17987238,35.70338114,False,-5.92,0.8,0,3691,30.154529259324956,Tastay
3367,0.000504799,76.17879671,35.70278292,False,-5.92,0.8,0,3686,30.048259010892863,Tastay
3368,0.003285178,76.1816929,35.70287317,False,-5.92,0.8,0,3684,30.308207687827363,Tastay
3369,0.000626123,76.18486807,35.70222256,False,-5.92,0.8,0,3677,30.580661453053057,Tastay
3370,0.002255099,76.18763158,35.70358297,False,-5.92,0.8,0,3694,30.85020772457807,Tastay
3371,0.000672814,76.18883682,35.70424456,False,-5.92,0.8,0,3694,30.969062672491606,Tastay
3372,0.001486439,76.19144044,35.70428278,False,-5.92,0.8,0,3717,31.201995946716558,Tastay
3373,0.002864928,76.18880585,35.7054167,False,-5.92,0.8,0,3694,30.986749284277675,Tastay
3374,0.000351413,76.18588559,35.70782671,False,-5.92,0.8,0,3689,30.770551143466736,Tastay
3375,0.001551827,76.19287221,35.70291525,False,-5.92,0.8,0,3702,31.306819150702125,Tastay
3376,0.004784328,76.19173342,35.70189307,False,-5.92,0.8,0,3694,31.1884121876357,Tastay
3377,0.001555399,76.18967072,35.70185245,False,-5.92,0.8,0,3705,31.00348510836057,Tastay
3378,0.001481155,76.18451114,35.69965012,False,-5.92,0.8,0,3682,30.50730068300391,Tastay
3379,0.003340471,76.18637033,35.70116996,False,-5.92,0.8,0,3689,30.697593917918027,Tastay
3380,0.000393621,76.17764455,35.70030686,False,-5.92,0.8,0,3670,29.90408699942338,Tastay
3381,0.00124972,76.17494693,35.70089766,False,-5.92,0.8,0,3641,29.67284944880843,Tastay
3382,0.00109919,76.17331828,35.70041952,False,-5.92,0.8,0,3624,29.51951369528363,Tastay
3383,0.000357749,76.17286679,35.70199168,False,-5.92,0.8,0,3634,29.505643111115692,Tastay
3384,0.001003394,76.17021638,35.70631471,False,-5.92,0.8,0,3669,29.34777325469643,Tastay
3385,0.000414604,76.17393002,35.71035424,False,-5.92,0.8,0,3693,29.757596516316774,Tastay
3386,0.000734687,76.17678429,35.70950999,False,-5.92,0.8,0,3686,29.99394145501457,Tastay
3387,0.002931859,76.18036138,35.70442808,False,-5.92,0.8,0,3692,30.21648800778086,Tastay
3388,0.000221416,76.17987212,35.70493682,False,-5.92,0.8,0,3695,30.181961362680482,Tastay
3389,0.005575844,76.16891344,35.68815689,False,-5.92,0.8,0,3544,28.952767760964743,Tastay
3390,0.000297337,76.16700757,35.68881282,False,-5.92,0.8,0,3536,28.789308581412634,Tastay
3391,0.002462101,76.15520022,35.68754981,False,-5.92,0.8,0,3408,27.71405221044207,Tastay
3392,0.004142117,75.30033547,36.09455633,False,-3.39,0.77,0,4156,25.582285323860166,Arandu
3393,0.000586514,75.30083443,36.08435967,False,-3.39,0.77,0,4181,24.451703009781873,Arandu
3394,0.001045906,75.29961013,36.08361466,False,-3.39,0.77,0,4185,24.38372459516119,Arandu
3395,0.000228271,75.30010182,36.08378189,False,-3.39,0.77,0,4183,24.396403085668506,Arandu
3396,0.000366096,75.3013356,36.08391323,False,-3.39,0.77,0,4185,24.396797673151557,Arandu
3397,0.001070199,75.29868612,36.08237969,False,-3.39,0.77,0,4177,24.258697508580404,Arandu
3398,0.000764117,75.29842015,36.08188643,False,-3.39,0.77,0,4165,24.20760988753041,Arandu
3399,0.000666499,75.29719596,36.08193145,False,-3.39,0.77,0,4163,24.227844185150783,Arandu
3400,0.001284379,75.29638616,36.08099158,False,-3.39,0.77,0,4157,24.134804256973883,Arandu
3401,0.000331987,75.29815271,36.08293104,False,-3.39,0.77,0,4173,24.325961033148236,Arandu
3402,0.00041536,75.29648356,36.08413144,False,-3.39,0.77,0,4176,24.47907421964806,Arandu
3403,0.001227268,75.29587363,36.08400797,False,-3.39,0.77,0,4170,24.473346488126133,Arandu
3404,0.001512287,75.29383153,36.08393628,False,-3.39,0.77,0,4170,24.492666056457473,Arandu
3405,0.000464198,75.29468844,36.08349064,False,-3.39,0.77,0,4152,24.43208521809227,Arandu
3406,0.000319064,75.29513245,36.0836267,False,-3.39,0.77,0,4152,24.44112964145167,Arandu
3407,0.00079304,75.29501176,36.08288393,False,-3.39,0.77,0,4151,24.361050372266003,Arandu
3408,0.000619952,75.29237408,36.08313196,False,-3.39,0.77,0,4160,24.424587282324662,Arandu
3409,0.000759271,75.29148534,36.08301539,False,-3.39,0.77,0,4161,24.424519679178708,Arandu
3410,0.000979897,75.28977699,36.08281561,False,-3.39,0.77,0,4152,24.427807781279544,Arandu
3411,0.000854124,75.2887379,36.082617,False,-3.39,0.77,0,4151,24.421844466355974,Arandu
3412,0.000850072,75.28793858,36.08242558,False,-3.39,0.77,0,4149,24.413282688580274,Arandu
3413,0.000801037,75.28624874,36.08228117,False,-3.39,0.77,0,4155,24.424397520697887,Arandu
3414,0.00086586,75.28640171,36.08145056,False,-3.39,0.77,0,4155,24.331073316191905,Arandu
3415,0.000964159,75.28723562,36.0814102,False,-3.39,0.77,0,4158,24.31324497405902,Arandu
3416,0.001670605,75.28843704,36.08154913,False,-3.39,0.77,0,4143,24.309528567333388,Arandu
3417,0.000523072,75.28955414,36.0816522,False,-3.39,0.77,0,4140,24.303651306967925,Arandu
3418,0.000633899,75.29050167,36.08061922,False,-3.39,0.77,0,4144,24.17613876083434,Arandu
3419,0.000226199,75.28989901,36.0806781,False,-3.39,0.77,0,4142,24.19166006968293,Arandu
3420,0.000347492,75.28950446,36.08045309,False,-3.39,0.77,0,4141,24.17300314012574,Arandu
3421,0.000860261,75.28804686,36.08180997,False,-3.39,0.77,0,4146,24.34418160547203,Arandu
3422,0.000797738,75.28746754,36.08188641,False,-3.39,0.77,0,4155,24.361675176009054,Arandu
3423,0.000514701,75.28587838,36.08167042,False,-3.39,0.77,0,4159,24.363642306775983,Arandu
3424,0.000776134,75.28681241,36.08182839,False,-3.39,0.77,0,4166,24.3657754952643,Arandu
3425,0.000143438,75.2863015,36.08284633,False,-3.39,0.77,0,4152,24.485360337955758,Arandu
3426,0.000529656,75.29090589,36.08435983,False,-3.39,0.77,0,4149,24.58046350236247,Arandu
3427,0.000489129,75.29496928,36.08494007,False,-3.39,0.77,0,4151,24.58773639401147,Arandu
3428,0.000687337,75.29249889,36.08637353,False,-3.39,0.77,0,4151,24.77884509279456,Arandu
3429,0.001062005,75.29092538,36.0861496,False,-3.39,0.77,0,4141,24.776583528288334,Arandu
3430,0.000731904,75.29626075,36.09400445,False,-3.39,0.77,0,4151,25.568949063824313,Arandu
3431,0.000530528,75.29882952,36.09218445,False,-3.39,0.77,0,4165,25.337664890877104,Arandu
3432,0.000533974,75.29943234,36.08790905,False,-3.39,0.77,0,4171,24.859248644791048,Arandu
3433,0.000451762,75.30034795,36.08523943,False,-3.39,0.77,0,4175,24.554288063014727,Arandu
3434,0.00029188,75.29862809,36.07751755,False,-3.39,0.77,0,4158,23.723864069465684,Arandu
3435,0.000606908,75.29880436,36.07727131,False,-3.39,0.77,0,4160,23.694554576688198,Arandu
3436,0.000756664,75.29861572,36.07618883,False,-3.39,0.77,0,4172,23.577707993629797,Arandu
3437,0.000251514,75.29896092,36.07598052,False,-3.39,0.77,0,4172,23.550458419693232,Arandu
3438,0.000482815,75.29687088,36.07524871,False,-3.39,0.77,0,4170,23.49669265888665,Arandu
3439,0.000346215,75.29635711,36.07526627,False,-3.39,0.77,0,4163,23.505442706257437,Arandu
3440,0.001064521,75.29550077,36.07524607,False,-3.39,0.77,0,4161,23.5147853186021,Arandu
3441,0.000335836,75.29485421,36.07518311,False,-3.39,0.77,0,4159,23.516762810618555,Arandu
3442,0.001830107,75.29653996,36.07458927,False,-3.39,0.77,0,4170,23.428557917857137,Arandu
3443,0.000322202,75.29580925,36.07403502,False,-3.39,0.77,0,4168,23.37747538954026,Arandu
3444,0.000669588,75.29609492,36.0736954,False,-3.39,0.77,0,4168,23.336264694913787,Arandu
3445,0.002553508,75.29467908,36.07377824,False,-3.39,0.77,0,4161,23.364882430265844,Arandu
3446,0.001445589,75.29433992,36.07233432,False,-3.39,0.77,0,4155,23.21111244202147,Arandu
3447,0.003056903,75.29529646,36.07212202,False,-3.39,0.77,0,4158,23.174332586153376,Arandu
3448,0.000497697,75.29482848,36.07284276,False,-3.39,0.77,0,4153,23.260040849687996,Arandu
3449,0.000421206,75.29125053,36.07599257,False,-3.39,0.77,0,4151,23.65765905209625,Arandu
3450,0.000540729,75.2902701,36.07644623,False,-3.39,0.77,0,4147,23.72225060201047,Arandu
3451,0.000578084,75.28587612,36.07379177,False,-3.39,0.77,0,4131,23.502813490611647,Arandu
3452,0.000570673,75.28702502,36.07328923,False,-3.39,0.77,0,4135,23.428616911923168,Arandu
3453,0.000917613,75.28628186,36.07311995,False,-3.39,0.77,0,4134,23.422578554962,Arandu
3454,0.000806458,75.28952312,36.07301485,False,-3.39,0.77,0,4144,23.358087001252258,Arandu
3455,0.000652418,75.29123239,36.07250574,False,-3.39,0.77,0,4154,23.275761754622085,Arandu
3456,0.000519376,75.29049314,36.07258481,False,-3.39,0.77,0,4152,23.295805227641498,Arandu
3457,0.000394333,75.29066905,36.07227724,False,-3.39,0.77,0,4158,23.259390935096306,Arandu
3458,0.00043743,75.29202325,36.07397929,False,-3.39,0.77,0,4153,23.425355336479402,Arandu
3459,0.000264739,75.29146808,36.07426273,False,-3.39,0.77,0,4154,23.464750857659794,Arandu
3460,0.000395868,75.29137877,36.07393341,False,-3.39,0.77,0,4155,23.43000057590675,Arandu
3461,0.000230923,75.29096594,36.07334964,False,-3.39,0.77,0,4154,23.37230511492564,Arandu
3462,0.000343847,75.29052988,36.07351022,False,-3.39,0.77,0,4155,23.396600118499425,Arandu
3463,0.000397821,75.29105811,36.07309286,False,-3.39,0.77,0,4153,23.342759187068967,Arandu
3464,0.002493898,75.28557811,36.07415681,False,-3.39,0.77,0,4132,23.547738893748328,Arandu
3465,0.00072855,75.28454623,36.07460504,False,-3.39,0.77,0,4131,23.614401882893194,Arandu
3466,0.000446077,75.28472926,36.07562126,False,-3.39,0.77,0,4130,23.72213078660884,Arandu
3467,0.000102943,75.28499942,36.07552604,False,-3.39,0.77,0,4132,23.707100384184002,Arandu
3468,0.000225481,75.2840599,36.07548053,False,-3.39,0.77,0,4132,23.718370023088507,Arandu
3469,0.000992526,75.28202094,36.0750864,False,-3.39,0.77,0,4130,23.711680636668422,Arandu
3470,0.000417679,75.28349294,36.07457434,False,-3.39,0.77,0,4127,23.629509791589886,Arandu
3471,0.001156214,75.28288752,36.0738511,False,-3.39,0.77,0,4123,23.56147980320742,Arandu
3472,0.00112076,75.28459964,36.07319864,False,-3.39,0.77,0,4128,23.4600454525528,Arandu
3473,0.000336635,75.28545837,36.07264806,False,-3.39,0.77,0,4133,23.385096131070732,Arandu
3474,0.00036283,75.28204042,36.07354269,False,-3.39,0.77,0,4125,23.54322991098265,Arandu
3475,0.000341409,75.28240166,36.07319642,False,-3.39,0.77,0,4122,23.49894498248685,Arandu
3476,0.001001582,75.28167107,36.07317532,False,-3.39,0.77,0,4121,23.51001296972646,Arandu
3477,0.00074757,75.28126358,36.0738231,False,-3.39,0.77,0,4124,23.588028008360173,Arandu
3478,0.000797734,75.28123822,36.07343987,False,-3.39,0.77,0,4120,23.546798310433882,Arandu
3479,0.001740996,75.27968063,36.07413442,False,-3.39,0.77,0,4121,23.651549254599527,Arandu
3480,0.000788086,75.27985278,36.07369298,False,-3.39,0.77,0,4118,23.600303170981693,Arandu
3481,0.000752945,75.28034452,36.07235015,False,-3.39,0.77,0,4124,23.44502606266571,Arandu
3482,0.001031974,75.27843583,36.07255364,False,-3.39,0.77,0,4119,23.503833247854175,Arandu
3483,0.00060853,75.27839278,36.07287881,False,-3.39,0.77,0,4116,23.53996741217315,Arandu
3484,0.000856557,75.27678712,36.07299969,False,-3.39,0.77,0,4120,23.58483417058016,Arandu
3485,0.001741687,75.27618154,36.0732949,False,-3.39,0.77,0,4118,23.629010572896977,Arandu
3486,0.00040834,75.27649051,36.07358191,False,-3.39,0.77,0,4118,23.653890252204018,Arandu
3487,0.002744583,75.27811683,36.07424638,False,-3.39,0.77,0,4122,23.693792502548593,Arandu
3488,0.000253267,75.27853017,36.07415741,False,-3.39,0.77,0,4123,23.676104797715638,Arandu
3489,0.000525618,75.27635626,36.07390705,False,-3.39,0.77,0,4119,23.691826146292552,Arandu
3490,0.001129006,75.27619958,36.0761523,False,-3.39,0.77,0,4121,23.938353578990448,Arandu
3491,0.001238659,75.28688715,36.08015789,False,-3.39,0.77,0,4135,24.18182826575309,Arandu
3492,0.000357452,75.28687659,36.08075727,False,-3.39,0.77,0,4145,24.247563647195584,Arandu
3493,0.000606961,75.28585118,36.08054067,False,-3.39,0.77,0,4133,24.240580004337144,Arandu
3494,0.000735042,75.28392731,36.08343392,False,-3.39,0.77,0,4141,24.588772856535513,Arandu
3495,0.00090813,75.28354069,36.08468975,False,-3.39,0.77,0,4148,24.73245483406971,Arandu
3496,0.000955034,75.28230115,36.082147,False,-3.39,0.77,0,4140,24.476230377505907,Arandu
3497,0.000733737,75.2805786,36.08251253,False,-3.39,0.77,0,4141,24.546628675672064,Arandu
3498,0.001446511,75.27948106,36.08252263,False,-3.39,0.77,0,4142,24.56766970656627,Arandu
3499,0.004790413,75.28124186,36.08127887,False,-3.39,0.77,0,4145,24.400314372206616,Arandu
3500,0.000448068,75.27824748,36.08327882,False,-3.39,0.77,0,4123,24.67278008177525,Arandu
3501,0.003402976,75.27837189,36.08216203,False,-3.39,0.77,0,4132,24.548989849233976,Arandu
3502,0.001097269,75.27849427,36.08566571,False,-3.39,0.77,0,4144,24.927911087095424,Arandu
3503,0.000822374,75.28127654,36.08766519,False,-3.39,0.77,0,4130,25.096032194204206,Arandu
3504,0.000472806,75.27961569,36.08745598,False,-3.39,0.77,0,4126,25.102521112062355,Arandu
3505,0.000551364,75.28568027,36.09159072,False,-3.39,0.77,0,4144,25.4521777792809,Arandu
3506,0.002377111,75.28921916,36.09322854,False,-3.39,0.77,0,4151,25.578146949907637,Arandu
3507,0.000549188,75.28793594,36.09309971,False,-3.39,0.77,0,4147,25.58292291175557,Arandu
3508,0.000935023,75.27949715,36.09131336,False,-3.39,0.77,0,4133,25.525072344054557,Arandu
3509,0.001043079,75.2773292,36.09028584,False,-3.39,0.77,0,4121,25.452197946067123,Arandu
3510,0.000359703,75.2788416,36.0808398,False,-3.39,0.77,0,4131,24.396399058334776,Arandu
3511,0.001066013,75.28083904,36.080335,False,-3.39,0.77,0,4119,24.30472951528764,Arandu
3512,0.000567057,75.2798066,36.08056067,False,-3.39,0.77,0,4119,24.348136352002147,Arandu
3513,0.000459663,75.27837534,36.07985745,False,-3.39,0.77,0,4110,24.2983485613228,Arandu
3514,0.001212173,75.29003566,36.07578743,False,-3.39,0.77,0,4146,23.653680361406682,Arandu
3515,0.001286731,75.2891185,36.07540783,False,-3.39,0.77,0,4144,23.626424103871262,Arandu
3516,0.000990677,75.29275388,36.07476467,False,-3.39,0.77,0,4160,23.500722426021326,Arandu
3517,0.000228964,75.29363713,36.07479915,False,-3.39,0.77,0,4151,23.491740628604045,Arandu
3518,0.000520776,75.28401571,36.06991801,False,-3.39,0.77,0,4135,23.11270229652197,Arandu
3519,0.009085356,75.28061228,36.06910223,False,-3.39,0.77,0,4119,23.08696308541109,Arandu
3520,0.000641351,75.27662811,36.07696408,False,-3.39,0.77,0,4125,24.01789657338064,Arandu
3521,0.004234742,75.27137488,36.09437209,False,-3.39,0.77,0,4102,26.010014320523133,Arandu
3522,0.000831751,75.27345838,36.09324513,False,-3.39,0.77,0,4102,25.846914104393136,Arandu
3523,0.000679357,75.27329546,36.09394209,False,-3.39,0.77,0,4106,25.92574755128088,Arandu
3524,0.00154408,75.27175385,36.09298421,False,-3.39,0.77,0,4102,25.85197959402214,Arandu
3525,0.000511796,75.27217211,36.09180689,False,-3.39,0.77,0,4104,25.716000879161175,Arandu
3526,0.000494639,75.27441933,36.09279404,False,-3.39,0.77,0,4108,25.779469315139778,Arandu
3527,0.00145398,75.26925926,36.09466202,False,-3.39,0.77,0,4096,26.084053807717634,Arandu
3528,0.000403126,75.26947669,36.09444348,False,-3.39,0.77,0,4097,26.05594872917715,Arandu
3529,0.000247024,75.26629045,36.09639892,False,-3.39,0.77,0,4099,25.834440976019923,Hispar
3530,0.000484484,75.27634647,36.09072067,False,-3.39,0.77,0,4124,25.517710682760235,Arandu
3531,0.000185254,75.27597798,36.090423,False,-3.39,0.77,0,4121,25.492235626933766,Arandu
3532,0.000383572,75.27568661,36.09020809,False,-3.39,0.77,0,4109,25.474359530333654,Arandu
3533,0.000699866,75.27535633,36.0887709,False,-3.39,0.77,0,4112,25.324441666033373,Arandu
3534,0.000408364,75.27624118,36.08690699,False,-3.39,0.77,0,4125,25.105038017233795,Arandu
3535,0.00076829,75.27473671,36.0863555,False,-3.39,0.77,0,4133,25.074096733041173,Arandu
3536,0.000940898,75.27132797,36.08436644,False,-3.39,0.77,0,4119,24.927097983794617,Arandu
3537,0.001709063,75.27386254,36.08034778,False,-3.39,0.77,0,4109,24.44004790572737,Arandu
3538,0.001597705,75.27334973,36.07982294,False,-3.39,0.77,0,4113,24.393676148559347,Arandu
3539,0.001709918,75.27251781,36.08011596,False,-3.39,0.77,0,4108,24.44254810530895,Arandu
3540,0.000299002,75.27024405,36.08258578,False,-3.39,0.77,0,4114,24.757300215664987,Arandu
3541,0.000372177,75.26955439,36.082385,False,-3.39,0.77,0,4126,24.750329488725765,Arandu
3542,0.000456236,75.26863204,36.08216752,False,-3.39,0.77,0,4115,24.746785476781927,Arandu
3543,0.000857344,75.2657651,36.0833707,False,-3.39,0.77,0,4109,24.93992665597537,Arandu
3544,0.000193344,75.26606186,36.08324761,False,-3.39,0.77,0,4109,24.920003088454795,Arandu
3545,0.000364231,75.26495858,36.08329999,False,-3.39,0.77,0,4108,24.950583605341066,Arandu
3546,0.000588633,75.26381001,36.08323898,False,-3.39,0.77,0,4100,24.970385356517006,Arandu
3547,0.002912077,75.26330288,36.08361256,False,-3.39,0.77,0,4089,25.022277422988875,Arandu
3548,0.001764655,75.26149567,36.08474588,False,-3.39,0.77,0,4084,25.186322635496953,Arandu
3549,0.001520544,75.26010538,36.08368421,False,-3.39,0.77,0,4086,25.105812584469593,Arandu
3550,0.000743519,75.26608473,36.08472897,False,-3.39,0.77,0,4111,25.07902686304439,Arandu
3551,0.001751934,75.26624566,36.08550349,False,-3.39,0.77,0,4104,25.158894612734223,Arandu
3552,0.00022686,75.26356652,36.08709501,False,-3.39,0.77,0,4083,25.390500343729023,Arandu
3553,0.001257476,75.26469487,36.09253456,False,-3.39,0.77,0,4085,25.843026080140607,Hispar
3554,0.000437196,75.2654095,36.09313755,False,-3.39,0.77,0,4088,25.88051514831649,Hispar
3555,0.000696105,75.25991307,36.09617478,False,-3.39,0.77,0,4057,25.301770665796177,Hispar
3556,0.000528743,75.27117803,36.09024188,False,-3.39,0.77,0,4095,25.56628081686726,Arandu
3557,0.001157684,75.2708203,36.09078479,False,-3.39,0.77,0,4094,25.632347543691527,Arandu
3558,0.000762314,75.26918974,36.08998845,False,-3.39,0.77,0,4090,25.579733862716182,Arandu
3559,0.00056916,75.26503027,36.09127362,False,-3.39,0.77,0,4089,25.807667586064923,Arandu
3560,0.000518606,75.26566196,36.09224109,False,-3.39,0.77,0,4090,25.89820891767864,Arandu
3561,0.000731556,75.26237078,36.09250417,False,-3.39,0.77,0,4078,25.648107222093795,Hispar
3562,0.005278184,75.2610596,36.0894997,False,-3.39,0.77,0,4069,25.655362941161584,Hispar
3563,0.000691798,75.25932483,36.08592187,False,-3.39,0.77,0,4074,25.364325958774295,Arandu
3564,0.001818569,75.2707006,36.07342031,False,-3.39,0.77,0,4114,23.758133820697022,Arandu
3565,0.001267936,75.26969645,36.07365843,False,-3.39,0.77,0,4112,23.80600063862229,Arandu
3566,0.000637128,75.26902065,36.07384521,False,-3.39,0.77,0,4107,23.84122629193495,Arandu
3567,0.000407854,75.26906572,36.07409913,False,-3.39,0.77,0,4107,23.867555753898245,Arandu
3568,0.001205487,75.26899121,36.07442251,False,-3.39,0.77,0,4109,23.90404789757941,Arandu
3569,0.000554695,75.26784465,36.07377014,False,-3.39,0.77,0,4108,23.859781474841014,Arandu
3570,0.00096534,75.2661753,36.07228663,False,-3.39,0.77,0,4113,23.739100888936708,Arandu
3571,0.000724547,75.26406928,36.07296231,False,-3.39,0.77,0,4104,23.861714498335704,Arandu
3572,0.002112841,75.26231058,36.07255472,False,-3.39,0.77,0,4105,23.86103903533863,Arandu
3573,0.001966267,75.26103019,36.07312338,False,-3.39,0.77,0,4107,23.953660797434743,Arandu
3574,0.000416857,75.26081688,36.07222338,False,-3.39,0.77,0,4116,23.862941001861298,Arandu
3575,0.001254961,75.26021088,36.07224822,False,-3.39,0.77,0,4110,23.8809315048712,Arandu
3576,0.001514972,75.25965289,36.07354441,False,-3.39,0.77,0,4108,24.03336032597095,Arandu
3577,0.002277565,75.25886327,36.07188961,False,-3.39,0.77,0,4103,23.87726241444194,Arandu
3578,0.000716047,75.25864879,36.07371245,False,-3.39,0.77,0,4096,24.076957163730267,Arandu
3579,0.001185814,75.26021905,36.07463714,False,-3.39,0.77,0,4092,24.13564373984921,Arandu
3580,0.000226793,75.2611306,36.07485985,False,-3.39,0.77,0,4096,24.1366595990848,Arandu
3581,0.000354154,75.26044964,36.07484671,False,-3.39,0.77,0,4092,24.152235414142606,Arandu
3582,0.000633825,75.25981901,36.07524166,False,-3.39,0.77,0,4090,24.21024115063165,Arandu
3583,0.000792605,75.26132658,36.07572023,False,-3.39,0.77,0,4090,24.223779217929966,Arandu
3584,0.001363566,75.25859604,36.07689243,False,-3.39,0.77,0,4086,24.417308336319138,Arandu
3585,0.000404292,75.25901406,36.07706307,False,-3.39,0.77,0,4087,24.4249346142638,Arandu
3586,0.001382107,75.2591293,36.07640479,False,-3.39,0.77,0,4085,24.35177646830046,Arandu
3587,0.001261159,75.25841516,36.07605226,False,-3.39,0.77,0,4085,24.332316995970157,Arandu
3588,0.000535532,75.25921742,36.0758619,False,-3.39,0.77,0,4084,24.291620807802413,Arandu
3589,0.000654008,75.25864622,36.07557648,False,-3.39,0.77,0,4089,24.275693554609575,Arandu
3590,0.002139603,75.25788994,36.0756963,False,-3.39,0.77,0,4095,24.307842877934956,Arandu
3591,0.002421299,75.25856388,36.07515443,False,-3.39,0.77,0,4094,24.232804255673894,Arandu
3592,0.00071925,75.27274424,36.07031114,False,-3.39,0.77,0,4116,23.3781956515224,Arandu
3593,0.004786359,75.27143374,36.07005281,False,-3.39,0.77,0,4115,23.378951430789574,Arandu
3594,0.00103116,75.27183559,36.06934814,False,-3.39,0.77,0,4123,23.29413203149037,Arandu
3595,0.001418162,75.27120942,36.06948823,False,-3.39,0.77,0,4124,23.32307028191414,Arandu
3596,0.000971882,75.27085272,36.0711626,False,-3.39,0.77,0,4111,23.51140704813909,Arandu
3597,0.000757575,75.27070595,36.07039128,False,-3.39,0.77,0,4111,23.431557598468533,Arandu
3598,0.000311242,75.27049006,36.07060843,False,-3.39,0.77,0,4109,23.459761620619947,Arandu
3599,0.000509448,75.27529373,36.07313738,False,-3.39,0.77,0,4116,23.630022192085402,Arandu
3600,0.000898006,75.26206198,36.07148389,False,-3.39,0.77,0,4117,23.752765236452866,Arandu
3601,0.000919239,75.26168114,36.07104149,False,-3.39,0.77,0,4118,23.71503400318098,Arandu
3602,0.000374148,75.26031668,36.07120458,False,-3.39,0.77,0,4110,23.766941177076717,Arandu
3603,0.000696685,75.25999836,36.07105829,False,-3.39,0.77,0,4110,23.759479257525843,Arandu
3604,0.00092864,75.26576595,36.07132806,False,-3.39,0.77,0,4107,23.645943383924315,Arandu
3605,0.000672927,75.25772434,36.09916596,False,-3.39,0.77,0,4035,25.00657145426981,Hispar
3606,0.000554638,75.2566386,36.09924125,False,-3.39,0.77,0,4034,24.911597475086218,Hispar
3607,0.001349934,75.25601249,36.09887849,False,-3.39,0.77,0,4032,24.87159806607844,Hispar
3608,0.000532984,75.25599136,36.09928504,False,-3.39,0.77,0,4033,24.85503117196971,Hispar
3609,0.00102363,75.25716783,36.10295986,False,-3.39,0.77,0,4069,24.825314812070317,Hispar
3610,0.001708002,75.25145875,36.10457127,False,-3.39,0.77,0,4003,24.282136011330422,Hispar
3611,0.000995229,75.25099902,36.10437425,False,-3.39,0.77,0,4004,24.24966303241277,Hispar
3612,0.001289645,75.25073872,36.10474087,False,-3.39,0.77,0,4006,24.214788514189447,Hispar
3613,0.004581868,75.24999875,36.10405235,False,-3.39,0.77,0,4014,24.175449210955204,Hispar
3614,0.000527998,75.25144525,36.10333609,False,-3.39,0.77,0,4012,24.323833199035853,Hispar
3615,0.001489256,75.25135928,36.10274142,False,-3.39,0.77,0,4014,24.337387518485396,Hispar
3616,0.001053587,75.25050378,36.10225285,False,-3.39,0.77,0,4019,24.281838202702847,Hispar
3617,0.000572198,75.24869504,36.1013252,False,-3.39,0.77,0,4023,24.161357381023574,Hispar
3618,0.000183992,75.24953369,36.10117037,False,-3.39,0.77,0,4019,24.238202894570847,Hispar
3619,0.000570138,75.24905329,36.10270035,False,-3.39,0.77,0,4011,24.142453531947332,Hispar
3620,0.000914774,75.25231055,36.10136756,False,-3.39,0.77,0,4024,24.467164622381677,Hispar
3621,0.000274843,75.25341415,36.1015087,False,-3.39,0.77,0,4030,24.55604229651841,Hispar
3622,0.00102256,75.25319163,36.1010316,False,-3.39,0.77,0,4030,24.55413483000263,Hispar
3623,0.001112992,75.2500418,36.09972431,False,-3.39,0.77,0,4031,24.334102650044105,Hispar
3624,0.000910681,75.2513316,36.09706854,False,-3.39,0.77,0,4029,24.54235281312884,Hispar
3625,0.000561394,75.2515031,36.09757577,False,-3.39,0.77,0,4029,24.53772809995004,Hispar
3626,0.001266401,75.24828368,36.09697069,False,-3.39,0.77,0,4036,24.288750725015046,Hispar
3627,0.000520643,75.24803281,36.09751649,False,-3.39,0.77,0,4037,24.246753517364407,Hispar
3628,0.000560859,75.2473531,36.09707351,False,-3.39,0.77,0,4022,24.20631859386263,Hispar
3629,0.001159451,75.24689152,36.0965645,False,-3.39,0.77,0,4020,24.186998574748145,Hispar
3630,0.000536857,75.24565479,36.09580525,False,-3.39,0.77,0,4024,24.11241730989108,Hispar
3631,0.000629405,75.24467118,36.09559378,False,-3.39,0.77,0,4015,24.03803043477735,Hispar
3632,0.001380738,75.24894161,36.09472869,False,-3.39,0.77,0,4038,24.430975328690163,Hispar
3633,0.000469499,75.24953078,36.09489686,False,-3.39,0.77,0,4029,24.47395679171931,Hispar
3634,0.001367863,75.25062237,36.09406796,False,-3.39,0.77,0,4032,24.598199394734856,Hispar
3635,0.001261004,75.24835515,36.09328137,False,-3.39,0.77,0,4051,24.438943753221285,Hispar
3636,0.00087476,75.24738804,36.09299992,False,-3.39,0.77,0,4042,24.36913469047173,Hispar
3637,0.00379832,75.24712967,36.09344977,False,-3.39,0.77,0,4039,24.329454451146702,Hispar
3638,0.002052683,75.24641977,36.0938641,False,-3.39,0.77,0,4041,24.253376540203337,Hispar
3639,0.000950086,75.24532507,36.0935248,False,-3.39,0.77,0,4031,24.175207028854107,Hispar
3640,0.000922665,75.24602593,36.09176786,False,-3.39,0.77,0,4049,24.305076069873348,Hispar
3641,0.00047788,75.24794687,36.09025999,False,-3.39,0.77,0,4055,24.527411338359652,Hispar
3642,0.000961879,75.24929171,36.09119067,False,-3.39,0.77,0,4059,24.601610562389197,Hispar
3643,0.001049654,75.2510365,36.09201095,False,-3.39,0.77,0,4052,24.71455502790369,Hispar
3644,0.000418802,75.24985654,36.09188104,False,-3.39,0.77,0,4058,24.620922855183252,Hispar
3645,0.000939968,75.24995145,36.09249175,False,-3.39,0.77,0,4053,24.604346437253664,Hispar
3646,0.001154767,75.25207703,36.0924358,False,-3.39,0.77,0,4061,24.784853254768546,Hispar
3647,0.000827611,75.25275112,36.09189283,False,-3.39,0.77,0,4065,24.8630318664188,Hispar
3648,0.000638608,75.25214956,36.09155644,False,-3.39,0.77,0,4060,24.826064840015146,Hispar
3649,0.002099264,75.25171693,36.09106141,False,-3.39,0.77,0,4058,24.809765687303145,Hispar
3650,0.001091373,75.25238002,36.09063765,False,-3.39,0.77,0,4061,24.88240738457201,Hispar
3651,0.000740027,75.25278824,36.09055216,False,-3.39,0.77,0,4060,24.920031188139806,Hispar
3652,0.001263129,75.25446199,36.09015582,False,-3.39,0.77,0,4066,25.076153845863825,Hispar
3653,0.000689841,75.25368627,36.08955472,False,-3.39,0.77,0,4061,25.035674963509823,Hispar
3654,0.000536256,75.25200708,36.08921306,False,-3.39,0.77,0,4058,24.90940744694992,Hispar
3655,0.000150647,75.25184168,36.08941886,False,-3.39,0.77,0,4061,24.887134576426405,Hispar
3656,0.000728608,75.25280089,36.08710762,False,-3.39,0.77,0,4062,25.063066721071184,Hispar
3657,0.001050112,75.25354551,36.08672789,False,-3.39,0.77,0,4061,25.140967057169963,Hispar
3658,0.00044246,75.25416874,36.08668164,False,-3.39,0.77,0,4064,25.19476807602963,Hispar
3659,0.00075332,75.25215244,36.08675751,False,-3.39,0.77,0,4057,25.023857941985874,Hispar
3660,0.000941994,75.2533836,36.0885938,False,-3.39,0.77,0,4062,25.049807620213866,Hispar
3661,0.000783735,75.25653369,36.08898081,False,-3.39,0.77,0,4068,25.297130841620106,Hispar
3662,0.001550711,75.25814041,36.08859313,False,-3.39,0.77,0,4075,25.44727495153433,Hispar
3663,0.00254127,75.25537794,36.08527325,False,-3.39,0.77,0,4065,25.354686003185158,Hispar
3664,0.00028324,75.25492025,36.08565758,False,-3.39,0.77,0,4066,25.300388612237576,Hispar
3665,0.00059994,75.25460592,36.08577318,False,-3.39,0.77,0,4067,25.269376820422877,Hispar
3666,0.000849156,75.2536485,36.08502322,False,-3.39,0.77,0,4061,25.221733002146014,Hispar
3667,0.001025195,75.24974073,36.08992391,False,-3.39,0.77,0,4048,24.69096858516743,Hispar
3668,0.000780586,75.24999008,36.08948593,False,-3.39,0.77,0,4052,24.729840987542925,Hispar
3669,0.000372289,75.24961605,36.08910369,False,-3.39,0.77,0,4052,24.714489239303415,Hispar
3670,0.000553882,75.24849601,36.08886089,False,-3.39,0.77,0,4050,24.63129807224378,Hispar
3671,0.000396325,75.24883411,36.08930727,False,-3.39,0.77,0,4048,24.640857630781092,Hispar
3672,0.000707743,75.24940124,36.08837918,False,-3.39,0.77,0,4053,24.7268167471109,Hispar
3673,0.009132544,75.25671513,36.09187999,False,-3.39,0.77,0,4055,25.19630894692318,Hispar
3674,0.000590892,75.25305612,36.09379076,False,-3.39,0.77,0,4049,24.81372873667257,Hispar
3675,0.000819301,75.25343802,36.09357084,False,-3.39,0.77,0,4049,24.85444693811401,Hispar
3676,0.000723479,75.25258158,36.09357253,False,-3.39,0.77,0,4049,24.782354110959812,Hispar
3677,0.000677977,75.25270618,36.0945579,False,-3.39,0.77,0,4044,24.754432879581863,Hispar
3678,0.000931412,75.25189975,36.0944635,False,-3.39,0.77,0,4036,24.69020041274261,Hispar
3679,0.000584794,75.24863193,36.10790095,False,-3.39,0.77,0,4015,23.927650608248708,Hispar
3680,0.00089083,75.2487178,36.10745794,False,-3.39,0.77,0,3989,23.949759345692062,Hispar
3681,0.000736364,75.24915986,36.105787,False,-3.39,0.77,0,3986,24.04400176798035,Hispar
3682,0.000639976,75.24807309,36.10533415,False,-3.39,0.77,0,4006,23.966655319077404,Hispar
3683,0.00183486,75.24732336,36.105619,False,-3.39,0.77,0,4001,23.892802768702964,Hispar
3684,0.001153513,75.24689239,36.10424089,False,-3.39,0.77,0,4004,23.903941187176272,Hispar
3685,0.000569857,75.2569083,36.08351909,False,-3.39,0.77,0,4069,25.16707402064636,Arandu
3686,0.002076921,75.25502784,36.07743093,False,-3.39,0.77,0,4080,24.567046039563444,Arandu
3687,0.000760224,75.25428441,36.07700401,False,-3.39,0.77,0,4078,24.541423454856055,Arandu
3688,0.000381759,75.25353563,36.07710714,False,-3.39,0.77,0,4079,24.572425275893732,Arandu
3689,0.000970402,75.25478971,36.0762904,False,-3.39,0.77,0,4081,24.452178108609598,Arandu
3690,0.000696672,75.2552789,36.07404827,False,-3.39,0.77,0,4087,24.2010462755818,Arandu
3691,0.000644162,75.25507554,36.0733807,False,-3.39,0.77,0,4086,24.135639022722714,Arandu
3692,0.000877887,75.254564,36.07323912,False,-3.39,0.77,0,4083,24.134405576809097,Arandu
3693,0.001856077,75.2535644,36.07558125,False,-3.39,0.77,0,4086,24.409801539396152,Arandu
3694,0.000580534,75.25116703,36.07634244,False,-3.39,0.77,0,4081,24.55605000430104,Arandu
3695,0.001193269,75.25265588,36.07800583,False,-3.39,0.77,0,4077,24.691475914170873,Arandu
3696,0.001022471,75.25028225,36.07882228,False,-3.39,0.77,0,4066,24.842881972556317,Arandu
3697,0.000735452,75.25039486,36.07924248,False,-3.39,0.77,0,4067,24.884235366454764,Arandu
3698,0.001819792,75.24868263,36.07953793,False,-3.39,0.77,0,4065,24.963091561943685,Arandu
3699,0.001881028,75.24696357,36.07934519,False,-3.39,0.77,0,4064,24.922838914630503,Hispar
3700,0.000377852,75.24733982,36.07912795,False,-3.39,0.77,0,4066,24.957770791521796,Arandu
3701,0.000748427,75.24419665,36.08016909,False,-3.39,0.77,0,4064,24.658571787684664,Hispar
3702,0.000596001,75.24343234,36.08071142,False,-3.39,0.77,0,4064,24.57107735004953,Hispar
3703,0.000804778,75.24263791,36.07933459,False,-3.39,0.77,0,4077,24.569992904066794,Hispar
3704,0.001780522,75.246363,36.08162898,False,-3.39,0.77,0,4060,24.76946369069595,Hispar
3705,0.000504244,75.25358244,36.08014907,False,-3.39,0.77,0,4072,24.89413959609663,Arandu
3706,0.002055332,75.24975905,36.08141211,False,-3.39,0.77,0,4064,25.058331800004428,Hispar
3707,0.000453226,75.24819204,36.08032287,False,-3.39,0.77,0,4063,24.97874807176407,Hispar
3708,0.000478949,75.24808945,36.08100071,False,-3.39,0.77,0,4061,24.93961352088855,Hispar
3709,0.000292523,75.2489003,36.08203028,False,-3.39,0.77,0,4060,24.960037771662204,Hispar
3710,0.000884487,75.24661527,36.08345653,False,-3.39,0.77,0,4061,24.708385332999736,Hispar
3711,0.002129989,75.24491254,36.08308451,False,-3.39,0.77,0,4055,24.58478994594198,Hispar
3712,0.000394278,75.24486971,36.0834813,False,-3.39,0.77,0,4054,24.563528725615136,Hispar
3713,0.001109844,75.24310177,36.08284406,False,-3.39,0.77,0,4056,24.4467796151774,Hispar
3714,0.000427939,75.24392342,36.08344,False,-3.39,0.77,0,4048,24.48751172029748,Hispar
3715,0.002275452,75.24607373,36.10707181,False,-3.39,0.77,0,3993,23.736345990993893,Hispar
3716,0.000223128,75.24388517,36.10837702,False,-3.39,0.77,0,3987,23.504988298134876,Hispar
3717,0.000258657,75.24293792,36.10836056,False,-3.39,0.77,0,3989,23.42442196625096,Hispar
3718,0.001176018,75.24411252,36.1095808,False,-3.39,0.77,0,3987,23.484475189620277,Hispar
3719,0.002324871,75.24326645,36.10996525,False,-3.39,0.77,0,3980,23.399226865389796,Hispar
3720,0.000186491,75.24103505,36.10665648,False,-3.39,0.77,0,3983,23.320003242445456,Hispar
3721,0.000146669,75.24421842,36.10442454,False,-3.39,0.77,0,4001,23.669625019861332,Hispar
3722,0.000308746,75.24359552,36.10390376,False,-3.39,0.77,0,4008,23.635098790315936,Hispar
3723,0.000272722,75.2432321,36.10401296,False,-3.39,0.77,0,4008,23.600279368922262,Hispar
3724,0.003583558,75.24162106,36.10348265,False,-3.39,0.77,0,3998,23.482343971885925,Hispar
3725,0.003912662,75.24128046,36.10157023,False,-3.39,0.77,0,3999,23.523467339944506,Hispar
3726,0.000575892,75.23757628,36.10048516,False,-3.39,0.77,0,3993,23.251041256510984,Hispar
3727,0.000756407,75.23675205,36.10074269,False,-3.39,0.77,0,3992,23.171660361948067,Hispar
3728,0.01084682,75.23895162,36.10193315,False,-3.39,0.77,0,3986,23.312779559300733,Hispar
3729,0.006058938,75.23770676,36.10297846,False,-3.39,0.77,0,3982,23.168595578279735,Hispar
3730,0.002165856,75.23159802,36.09771213,False,-3.39,0.77,0,3979,22.85693473997524,Hispar
3731,0.001273109,75.23581684,36.09663137,False,-3.39,0.77,0,3995,23.25379718032675,Hispar
3732,0.000427641,75.23219573,36.09620179,False,-3.39,0.77,0,3997,22.968183474563883,Hispar
3733,0.000339386,75.23022309,36.09599093,False,-3.39,0.77,0,3993,22.81212339760945,Hispar
3734,0.000889565,75.24251731,36.09669172,False,-3.39,0.77,0,4020,23.81386410262828,Hispar
3735,0.000609746,75.24200956,36.09606494,False,-3.39,0.77,0,4016,23.7958528040258,Hispar
3736,0.001131762,75.24204089,36.09721761,False,-3.39,0.77,0,4008,23.753238909060524,Hispar
3737,0.000778266,75.24106346,36.09714828,False,-3.39,0.77,0,4008,23.67372843689649,Hispar
3738,0.000941731,75.24161523,36.09780557,False,-3.39,0.77,0,4013,23.694546618985072,Hispar
3739,0.000837818,75.23964003,36.09817784,False,-3.39,0.77,0,4009,23.51379822048972,Hispar
3740,0.000352012,75.23991738,36.09806808,False,-3.39,0.77,0,4009,23.541411835126112,Hispar
3741,0.005256512,75.24158846,36.07995143,False,-3.39,0.77,0,4069,24.45560774540306,Hispar
3742,0.000660638,75.24119029,36.08060495,False,-3.39,0.77,0,4073,24.39271914899709,Hispar
3743,0.00145582,75.24226315,36.08078884,False,-3.39,0.77,0,4063,24.47188307350825,Hispar
3744,0.000530292,75.24163685,36.08096846,False,-3.39,0.77,0,4067,24.412387185248935,Hispar
3745,0.000572988,75.24186627,36.08120734,False,-3.39,0.77,0,4065,24.420136936709504,Hispar
3746,0.001059112,75.24234849,36.08174942,False,-3.39,0.77,0,4057,24.434740164097025,Hispar
3747,0.000521305,75.24207604,36.08237174,False,-3.39,0.77,0,4055,24.384021952897932,Hispar
3748,0.001018422,75.2416398,36.08247141,False,-3.39,0.77,0,4055,24.343717960553636,Hispar
3749,0.000388754,75.24091467,36.08199579,False,-3.39,0.77,0,4057,24.30604008124228,Hispar
3750,0.001300943,75.24041033,36.08217842,False,-3.39,0.77,0,4048,24.25637636090074,Hispar
3751,0.001158162,75.24168627,36.08304437,False,-3.39,0.77,0,4050,24.321512587623833,Hispar
3752,0.00318427,75.24238778,36.08323808,False,-3.39,0.77,0,4051,24.370358546609225,Hispar
3753,0.000406367,75.24216929,36.08425122,False,-3.39,0.77,0,4052,24.306909416379813,Hispar
3754,0.001540446,75.24188775,36.08414383,False,-3.39,0.77,0,4049,24.288552762193305,Hispar
3755,0.000163443,75.24226621,36.083993,False,-3.39,0.77,0,4050,24.326436726778425,Hispar
3756,0.000866122,75.24096383,36.08434654,False,-3.39,0.77,0,4044,24.20348399506552,Hispar
3757,0.001333025,75.24028846,36.08376881,False,-3.39,0.77,0,4044,24.17399417584168,Hispar
3758,0.00094265,75.23964043,36.08386246,False,-3.39,0.77,0,4041,24.116558062257127,Hispar
3759,0.000894821,75.23746892,36.08333788,False,-3.39,0.77,0,4043,23.962407064850147,Hispar
3760,0.000423369,75.23839169,36.08358005,False,-3.39,0.77,0,4038,24.02694576586438,Hispar
3761,0.000613641,75.23771446,36.083747,False,-3.39,0.77,0,4040,23.96382579081477,Hispar
3762,0.000843623,75.23728445,36.08623693,False,-3.39,0.77,0,4028,23.816235565462424,Hispar
3763,0.00055328,75.23565353,36.08639685,False,-3.39,0.77,0,4033,23.67488437294747,Hispar
3764,0.000777407,75.23490333,36.08740607,False,-3.39,0.77,0,4028,23.568121118746053,Hispar
3765,0.001007968,75.23317547,36.08758613,False,-3.39,0.77,0,4026,23.41783360962514,Hispar
3766,0.000615407,75.23350575,36.08720601,False,-3.39,0.77,0,4023,23.46199526477589,Hispar
3767,0.0015916,75.23813401,36.09081719,False,-3.39,0.77,0,4014,23.68718803267359,Hispar
3768,0.000805619,75.23766369,36.09388591,False,-3.39,0.77,0,4018,23.519809570171983,Hispar
3769,0.000654626,75.23653474,36.09334491,False,-3.39,0.77,0,4013,23.44799699615991,Hispar
3770,0.00070246,75.23639795,36.09283998,False,-3.39,0.77,0,4014,23.457635658009977,Hispar
3771,0.0010701,75.23756759,36.09123108,False,-3.39,0.77,0,4022,23.62259241640015,Hispar
3772,0.001410626,75.23021867,36.10042173,False,-3.39,0.77,0,3964,22.6336044169595,Hispar
3773,0.000676381,75.22876817,36.09953578,False,-3.39,0.77,0,3969,22.546743439737813,Hispar
3774,0.000393154,75.23345331,36.0982842,False,-3.39,0.77,0,3975,22.989618477494293,Hispar
3775,0.000496043,75.23444761,36.0977616,False,-3.39,0.77,0,3983,23.09382378416508,Hispar
3776,0.000365226,75.24245348,36.09998337,False,-3.39,0.77,0,4005,23.682030822816724,Hispar
3777,0.003900079,75.23739085,36.10552138,False,-3.39,0.77,0,3984,23.049438978290596,Hispar
3778,0.002021384,75.23645282,36.10623337,False,-3.39,0.77,0,3984,22.944252545613246,Hispar
3779,0.000679948,75.23530867,36.10593951,False,-3.39,0.77,0,3982,22.857364830285498,Hispar
3780,0.000760246,75.23337528,36.1052567,False,-3.39,0.77,0,3977,22.717715175282944,Hispar
3781,0.000873738,75.23340692,36.1039874,False,-3.39,0.77,0,3981,22.76696638896969,Hispar
3782,0.000459717,75.23313493,36.10619468,False,-3.39,0.77,0,3979,22.66337018085624,Hispar
3783,0.000890391,75.23083226,36.10663821,False,-3.39,0.77,0,3982,22.45168032952511,Hispar
3784,0.004013356,75.23645151,36.10807928,False,-3.39,0.77,0,3972,22.879437787576233,Hispar
3785,0.000237707,75.23586366,36.10820335,False,-3.39,0.77,0,3972,22.824957435306626,Hispar
3786,0.000475654,75.23711445,36.10816825,False,-3.39,0.77,0,3988,22.932974249255714,Hispar
3787,0.000443927,75.23871916,36.10809651,False,-3.39,0.77,0,3988,23.072532566422204,Hispar
3788,0.000673785,75.23958588,36.10801217,False,-3.39,0.77,0,3977,23.14949433306489,Hispar
3789,0.00056049,75.24021806,36.10789033,False,-3.39,0.77,0,3977,23.20769916602798,Hispar
3790,0.001113917,75.23906157,36.10930735,False,-3.39,0.77,0,3980,23.060662359495513,Hispar
3791,0.00080903,75.23617161,36.10895327,False,-3.39,0.77,0,3976,22.82545555898302,Hispar
3792,0.000568092,75.23656603,36.10921005,False,-3.39,0.77,0,3978,22.850416101712977,Hispar
3793,0.001033028,75.23570935,36.109802,False,-3.39,0.77,0,3976,22.75703787587815,Hispar
3794,0.000681748,75.24298182,36.10538818,False,-3.39,0.77,0,3998,23.53031335215026,Hispar
3795,0.00033118,75.24239911,36.10542612,False,-3.39,0.77,0,3996,23.47930795824815,Hispar
3796,0.000331516,75.24505439,36.1049003,False,-3.39,0.77,0,4003,23.72411790645793,Hispar
3797,0.00168524,75.22905672,36.11522724,False,-3.39,0.77,0,3985,22.00765997071165,Hispar
3798,0.004021128,75.22833559,36.11451876,False,-3.39,0.77,0,3927,21.96845104684955,Hispar
3799,0.041906002,75.22537473,36.11600182,False,-3.39,0.77,0,3937,21.66612223820969,Hispar
3800,0.000798494,75.22272948,36.11578112,False,-3.39,0.77,0,3933,21.445825762919075,Hispar
3801,0.000443916,75.22349415,36.11526496,False,-3.39,0.77,0,3926,21.528304625430717,Hispar
3802,0.001947794,75.22209932,36.11638569,False,-3.39,0.77,0,3934,21.37211563815162,Hispar
3803,0.000600145,75.22032017,36.11557876,False,-3.39,0.77,0,3922,21.245569270306436,Hispar
3804,0.000633954,75.22047971,36.11620663,False,-3.39,0.77,0,3925,21.238732390283282,Hispar
3805,0.002015074,75.21939847,36.11437863,False,-3.39,0.77,0,3927,21.206483896458117,Hispar
3806,0.000479925,75.22249125,36.11332759,False,-3.39,0.77,0,3931,21.506659926887178,Hispar
3807,0.005115286,75.21958622,36.10818174,False,-3.39,0.77,0,3939,21.44093329705991,Hispar
3808,0.006573637,75.22317086,36.10715689,False,-3.39,0.77,0,3953,21.782529619726926,Hispar
3809,0.001653509,75.22462365,36.10814346,False,-3.39,0.77,0,3960,21.8697968740727,Hispar
3810,0.000334287,75.22632722,36.10676607,False,-3.39,0.77,0,3967,22.064524319650687,Hispar
3811,0.000432407,75.23028907,36.10695322,False,-3.39,0.77,0,3976,22.39416842161056,Hispar
3812,0.002956945,75.22940465,36.10707419,False,-3.39,0.77,0,3973,22.314639456659428,Hispar
3813,0.000791503,75.22911697,36.10577772,False,-3.39,0.77,0,3961,22.337367379770612,Hispar
3814,0.000350636,75.22788801,36.10537931,False,-3.39,0.77,0,3961,22.247912227011415,Hispar
3815,0.001062286,75.22636668,36.10553674,False,-3.39,0.77,0,3964,22.113242150571725,Hispar
3816,0.000425583,75.21971353,36.10674257,False,-3.39,0.77,0,3944,21.50525649621325,Hispar
3817,0.000649008,75.22776801,36.10003729,False,-3.39,0.77,0,3968,22.442888434664138,Hispar
3818,0.001185037,75.22716435,36.10022636,False,-3.39,0.77,0,3962,22.384721509567466,Hispar
3819,0.001106639,75.22701472,36.10074077,False,-3.39,0.77,0,3970,22.351797300576855,Hispar
3820,0.000362892,75.22660136,36.10080342,False,-3.39,0.77,0,3972,22.314606098675,Hispar
3821,0.001028616,75.22555709,36.10086113,False,-3.39,0.77,0,3974,22.224641474773797,Hispar
3822,0.000698296,75.22482075,36.10044515,False,-3.39,0.77,0,3956,22.179413450188346,Hispar
3823,0.002106965,75.22540702,36.10131692,False,-3.39,0.77,0,3969,22.194023481099173,Hispar
3824,0.000279063,75.22483842,36.10160031,False,-3.39,0.77,0,3959,22.135087758333743,Hispar
3825,0.001339319,75.22298754,36.1009408,False,-3.39,0.77,0,3956,22.005907606343996,Hispar
3826,0.001741344,75.22268719,36.10137494,False,-3.39,0.77,0,3953,21.963401885676998,Hispar
3827,0.000411715,75.22257003,36.10003166,False,-3.39,0.77,0,3955,22.007509014464215,Hispar
3828,0.000563149,75.22251054,36.10064607,False,-3.39,0.77,0,3955,21.97774619933062,Hispar
3829,0.000715973,75.22676904,36.09718047,False,-3.39,0.77,0,3962,22.474860264998107,Hispar
3830,0.000839752,75.2243712,36.09836961,False,-3.39,0.77,0,3956,22.22580053120344,Hispar
3831,0.000162157,75.22436941,36.0981834,False,-3.39,0.77,0,3956,22.233295704477946,Hispar
3832,0.000991622,75.22458071,36.09801243,False,-3.39,0.77,0,3956,22.25796513217989,Hispar
3833,0.000466276,75.22677581,36.09814813,False,-3.39,0.77,0,3963,22.435770313718823,Hispar
3834,0.000406393,75.22177598,36.10208417,False,-3.39,0.77,0,3946,21.8587758623117,Hispar
3835,0.0014635,75.22060525,36.10185321,False,-3.39,0.77,0,3937,21.76971968883774,Hispar
3836,0.000341082,75.21857569,36.10253777,False,-3.39,0.77,0,3951,21.572211099456588,Hispar
3837,0.000648785,75.21681692,36.10186982,False,-3.39,0.77,0,3935,21.45168971979919,Hispar
3838,0.000558934,75.21944631,36.10005615,False,-3.39,0.77,0,3936,21.74535356553361,Hispar
3839,0.00019193,75.22119011,36.10060488,False,-3.39,0.77,0,3945,21.868839437289854,Hispar
3840,0.000423214,75.22126537,36.10098275,False,-3.39,0.77,0,3953,21.859908124797727,Hispar
3841,0.001959761,75.21593754,36.09766512,False,-3.39,0.77,0,3956,21.553232588213124,Hispar
3842,0.000313169,75.21508267,36.09816082,False,-3.39,0.77,0,3956,21.461161977461252,Hispar
3843,0.000291559,75.21981736,36.10366316,False,-3.39,0.77,0,3956,21.632065216638914,Hispar
3844,0.000664978,75.22671569,36.1093507,False,-3.39,0.77,0,3958,22.00468272073704,Hispar
3845,0.000581574,75.22211066,36.10909127,False,-3.39,0.77,0,3950,21.62205969011495,Hispar
3846,0.000603463,75.22341364,36.10898537,False,-3.39,0.77,0,3937,21.736630795308674,Hispar
3847,0.000885019,75.21832414,36.11048348,False,-3.39,0.77,0,3930,21.250130086873362,Hispar
3848,0.001133286,75.21416585,36.10051456,False,-3.39,0.77,0,3917,21.285885053311887,Hispar
3849,0.001907893,75.21526289,36.10842888,False,-3.39,0.77,0,3929,21.06563294376386,Hispar
3850,0.00080691,75.21480004,36.10887634,False,-3.39,0.77,0,3924,21.009781062607534,Hispar
3851,0.000416207,75.21326696,36.10798484,False,-3.39,0.77,0,3923,20.913605903389843,Hispar
3852,0.000853064,75.2117827,36.10948134,False,-3.39,0.77,0,3914,20.731849021548772,Hispar
3853,0.002755717,75.2101563,36.10920225,False,-3.39,0.77,0,3913,20.604784408958327,Hispar
3854,0.005889754,75.20657315,36.10974645,False,-3.39,0.77,0,3916,20.281522147587655,Hispar
3855,0.00140988,75.20447745,36.10883497,False,-3.39,0.77,0,3886,20.139835449668876,Hispar
3856,0.001710155,75.20315339,36.10962637,False,-3.39,0.77,0,3883,19.99769852259983,Hispar
3857,0.002177758,75.20424705,36.11020373,False,-3.39,0.77,0,3887,20.067775883860435,Hispar
3858,0.00020749,75.20468901,36.11093828,False,-3.39,0.77,0,3896,20.077287214006414,Hispar
3859,0.010853099,75.21954536,36.11743625,False,-3.39,0.77,0,3956,21.11874744696786,Hispar
3860,0.000685101,75.20974873,36.10165012,False,-3.39,0.77,0,3915,20.870627788085226,Hispar
3861,0.001510175,75.20806332,36.10099143,False,-3.39,0.77,0,3899,20.758112500719676,Hispar
3862,0.000868867,75.20737731,36.1002698,False,-3.39,0.77,0,3903,20.731894776612975,Hispar
3863,0.000510056,75.20752859,36.10101744,False,-3.39,0.77,0,3897,20.71259258663444,Hispar
3864,0.000962983,75.20663843,36.10082169,False,-3.39,0.77,0,3895,20.647024562467692,Hispar
3865,0.000562559,75.20503564,36.09942323,False,-3.39,0.77,0,3911,20.574653719316093,Hispar
3866,0.000666337,75.20481189,36.09991127,False,-3.39,0.77,0,3900,20.5349065501074,Hispar
3867,0.000837091,75.20321019,36.09961243,False,-3.39,0.77,0,3916,20.41560002090564,Hispar
3868,0.000440321,75.2035146,36.09980509,False,-3.39,0.77,0,3917,20.432302064724297,Hispar
3869,0.000493254,75.20147617,36.10524682,False,-3.39,0.77,0,3884,20.031880154712344,Hispar
3870,0.007266227,75.18591467,36.10287398,False,-3.39,0.77,0,3992,18.846730323721058,Hispar
3871,0.000774241,75.18832897,36.10680441,False,-3.39,0.77,0,3840,18.872756896247328,Hispar
3872,0.002231282,75.1869819,36.10760972,False,-3.39,0.77,0,3838,18.726658571366446,Hispar
3873,0.000934984,75.18837818,36.10780072,False,-3.39,0.77,0,3845,18.83455568564982,Hispar
3874,0.000521359,75.18849079,36.10920826,False,-3.39,0.77,0,3848,18.78516294728363,Hispar
3875,0.003766478,75.1970154,36.11057833,False,-3.39,0.77,0,3872,19.444058953363292,Hispar
3876,0.003921494,75.19738583,36.11180027,False,-3.39,0.77,0,3850,19.427953666656034,Hispar
3877,0.006413143,75.19668725,36.11140235,False,-3.39,0.77,0,3853,19.3844045049634,Hispar
3878,0.00166614,75.19968397,36.11145217,False,-3.39,0.77,0,3873,19.63511599744931,Hispar
3879,0.000720166,75.20070733,36.11156127,False,-3.39,0.77,0,3867,19.717348653451555,Hispar
3880,0.000682449,75.20216701,36.11099599,False,-3.39,0.77,0,3890,19.862055257876396,Hispar
3881,0.002543936,75.20076278,36.10951696,False,-3.39,0.77,0,3873,19.800700681016476,Hispar
3882,0.001116717,75.19973437,36.11027034,False,-3.39,0.77,0,3870,19.684836984474366,Hispar
3883,0.000532637,75.20292302,36.11223926,False,-3.39,0.77,0,3882,19.87921844427467,Hispar
3884,0.000835291,75.20261632,36.112468,False,-3.39,0.77,0,3881,19.844751553564702,Hispar
3885,0.000691367,75.19783636,36.11608655,False,-3.39,0.77,0,3856,19.307134136603448,Hispar
3886,0.003973823,75.19052079,36.11793074,False,-3.39,0.77,0,3833,18.618993444841195,Hispar
3887,0.000448056,75.19000943,36.12058178,False,-3.39,0.77,0,3835,18.48217889508689,Hispar
3888,0.000328501,75.19243221,36.12139275,False,-3.39,0.77,0,3848,18.661825061457733,Hispar
3889,0.000977577,75.1951945,36.11995104,False,-3.39,0.77,0,3853,18.946903348541486,Hispar
3890,0.000559772,75.19646152,36.12036584,False,-3.39,0.77,0,3849,19.041325776607522,Hispar
3891,0.005443965,75.19872138,36.12321145,False,-3.39,0.77,0,3880,19.14280549142889,Hispar
3892,0.001399499,75.19050227,36.11484478,False,-3.39,0.77,0,3836,18.73110164401157,Hispar
3893,0.000355972,75.19377627,36.11322914,False,-3.39,0.77,0,3845,19.06884644646922,Hispar
3894,0.001249741,75.19465615,36.11280742,False,-3.39,0.77,0,3858,19.159180707875656,Hispar
3895,0.000338223,75.19762517,36.11357098,False,-3.39,0.77,0,3855,19.381205975481034,Hispar
3896,0.00052189,75.19738781,36.11380593,False,-3.39,0.77,0,3859,19.352363990074917,Hispar
3897,0.000372394,75.20221358,36.11319372,False,-3.39,0.77,0,3885,19.783813399596387,Hispar
3898,0.006464265,75.19121701,36.12456223,False,-3.39,0.77,0,3870,18.45392175387866,Hispar
3899,0.001781813,75.18881645,36.12464802,False,-3.39,0.77,0,3836,18.24466552721679,Hispar
3900,0.002573291,75.18831455,36.12490623,False,-3.39,0.77,0,3838,18.193222485979604,Hispar
3901,0.007633607,75.19095158,36.12364569,False,-3.39,0.77,0,3851,18.460521094764758,Hispar
3902,0.001851791,75.19373561,36.10325984,False,-3.39,0.77,0,3915,19.473452467194754,Hispar
3903,0.000574189,75.19106883,36.1051988,False,-3.39,0.77,0,3846,19.168735006517903,Hispar
3904,0.000631495,75.19158561,36.10519676,False,-3.39,0.77,0,3846,19.211627336776232,Hispar
3905,0.000306575,75.18820936,36.10539802,False,-3.39,0.77,0,3844,18.923510274712513,Hispar
3906,0.000607004,75.18730486,36.10621478,False,-3.39,0.77,0,3837,18.813254485370088,Hispar
3907,0.000628675,75.18574527,36.1060721,False,-3.39,0.77,0,3837,18.690475172426726,Hispar
3908,0.000658013,75.18484099,36.10595304,False,-3.39,0.77,0,3856,18.620996390588907,Hispar
3909,0.000955757,75.18671094,36.12576247,False,-3.39,0.77,0,3865,18.027946089933046,Hispar
3910,0.000471024,75.18589136,36.12537778,False,-3.39,0.77,0,3836,17.96970632413873,Hispar
3911,0.000833451,75.18717173,36.12425978,False,-3.39,0.77,0,3817,18.115893400364723,Hispar
3912,0.0005715,75.18646936,36.12404124,False,-3.39,0.77,0,3818,18.062752423268556,Hispar
3913,0.001008067,75.18246709,36.12659575,False,-3.39,0.77,0,3879,17.63620498318158,Hispar
3914,0.001182842,75.18346808,36.12644295,False,-3.39,0.77,0,3870,17.727210932664573,Hispar
3915,0.001847324,75.17939891,36.12697667,False,-3.39,0.77,0,3812,17.360092720058866,Hispar
3916,0.001886665,75.1751683,36.12788251,False,-3.39,0.77,0,3815,16.967229918510153,Hispar
3917,0.000886883,75.17403299,36.12794549,False,-3.39,0.77,0,3819,16.86761059113817,Hispar
3918,0.00076295,75.17317724,36.12777461,False,-3.39,0.77,0,3806,16.799633118078773,Hispar
3919,0.000582973,75.17320837,36.12884699,False,-3.39,0.77,0,3843,16.76779492865427,Hispar
3920,0.000784883,75.17267566,36.12259973,False,-3.39,0.77,0,3796,16.93436670966074,Hispar
3921,0.000722624,75.17369756,36.12254892,False,-3.39,0.77,0,3809,17.023039629695983,Hispar
3922,0.001091272,75.17269402,36.12205014,False,-3.39,0.77,0,3796,16.95584582386037,Hispar
3923,0.002116701,75.17357178,36.12162929,False,-3.39,0.77,0,3809,17.045674727701293,Hispar
3924,0.000427403,75.17207156,36.1243631,False,-3.39,0.77,0,3783,16.82027913332603,Hispar
3925,0.000278836,75.17330093,36.12430474,False,-3.39,0.77,0,3792,16.927146810034408,Hispar
3926,0.000275482,75.18068434,36.12533873,False,-3.39,0.77,0,3807,17.52373877980832,Hispar
3927,0.00089583,75.18508275,36.11879354,False,-3.39,0.77,0,3841,18.125850826953123,Hispar
3928,0.000383481,75.18454326,36.11906446,False,-3.39,0.77,0,3826,18.070216572520078,Hispar
3929,0.000680966,75.18385415,36.11806833,False,-3.39,0.77,0,3820,18.048220135872473,Hispar
3930,0.0005801,75.18429249,36.11710363,False,-3.39,0.77,0,3824,18.121222793964744,Hispar
3931,0.000967304,75.18202773,36.11710413,False,-3.39,0.77,0,3808,17.929798944381606,Hispar
3932,0.00067243,75.18179744,36.11684413,False,-3.39,0.77,0,3816,17.920226956460336,Hispar
3933,0.003242707,75.18149496,36.11772801,False,-3.39,0.77,0,3822,17.861247301216345,Hispar
3934,0.004107854,75.180734,36.11852092,False,-3.39,0.77,0,3811,17.76722191116659,Hispar
3935,0.000468259,75.18103131,36.11894791,False,-3.39,0.77,0,3823,17.776573028115145,Hispar
3936,0.001119086,75.17978459,36.11934908,False,-3.39,0.77,0,3824,17.65613257807039,Hispar
3937,0.001405459,75.18141088,36.11986422,False,-3.39,0.77,0,3821,17.77523946886503,Hispar
3938,0.002613646,75.1831436,36.12063296,False,-3.39,0.77,0,3803,17.894958136177543,Hispar
3939,0.001330058,75.18225702,36.12061671,False,-3.39,0.77,0,3805,17.82009006369858,Hispar
3940,0.000293029,75.17955844,36.12248218,False,-3.39,0.77,0,3807,17.524386883649303,Hispar
3941,0.000300631,75.17941082,36.12078897,False,-3.39,0.77,0,3823,17.571918223159408,Hispar
3942,0.001064912,75.17741686,36.12142917,False,-3.39,0.77,0,3816,17.379418163913897,Hispar
3943,0.000895935,75.1749305,36.11980765,False,-3.39,0.77,0,3779,17.228161508820964,Hispar
3944,0.000403155,75.17747885,36.12035165,False,-3.39,0.77,0,3812,17.42381506787676,Hispar
3945,0.001002563,75.17331973,36.11941014,False,-3.39,0.77,0,3804,17.1070640091739,Hispar
3946,0.00188213,75.17141304,36.12002816,False,-3.39,0.77,0,3775,16.922628526378787,Hispar
3947,0.00092039,75.17796421,36.12810805,False,-3.39,0.77,0,3863,17.200630185485313,Hispar
3948,0.001664397,75.18412512,36.10776299,False,-3.39,0.77,0,3833,18.483194097999608,Hispar
3949,0.001984268,75.18041492,36.10802542,False,-3.39,0.77,0,3811,18.164799295309425,Hispar
3950,0.004531158,75.18139513,36.10567031,False,-3.39,0.77,0,3863,18.349556704151126,Hispar
3951,0.011530885,75.17951355,36.10625152,False,-3.39,0.77,0,3853,18.16880204029187,Hispar
3952,0.00133841,75.17408969,36.11029368,False,-3.39,0.77,0,3803,17.54319288637046,Hispar
3953,0.000578186,75.17490913,36.10968365,False,-3.39,0.77,0,3800,17.637504401672395,Hispar
3954,0.000322001,75.17785055,36.10947776,False,-3.39,0.77,0,3804,17.889679234195953,Hispar
3955,0.00116379,75.18148359,36.10952026,False,-3.39,0.77,0,3831,18.189024335452462,Hispar
3956,0.000549521,75.1810506,36.10967653,False,-3.39,0.77,0,3836,18.146439432574997,Hispar
3957,0.000394807,75.17939006,36.11074277,False,-3.39,0.77,0,3824,17.963370690738042,Hispar
3958,0.00063504,75.1807799,36.11067298,False,-3.39,0.77,0,3811,18.081883540405716,Hispar
3959,0.001061455,75.17232963,36.11296955,False,-3.39,0.77,0,3801,17.282606623397978,Hispar
3960,0.000529342,75.17387806,36.11131857,False,-3.39,0.77,0,3800,17.48139470408404,Hispar
3961,0.072396288,75.16772794,36.13109235,False,-3.39,0.77,0,3810,16.22503419644395,Hispar
3962,0.008843651,75.16182457,36.13392429,False,-3.39,0.77,0,3772,15.62861778035069,Hispar
3963,0.000778543,75.15957381,36.13375679,False,-3.39,0.77,0,3751,15.439251756343431,Hispar
3964,0.000279269,75.16046542,36.13368393,False,-3.39,0.77,0,3753,15.518466462859887,Hispar
3965,0.000316976,75.16084709,36.13363688,False,-3.39,0.77,0,3755,15.552863131857999,Hispar
3966,0.00019739,75.1630313,36.13236374,False,-3.39,0.77,0,3754,15.780530364326754,Hispar
3967,0.00084355,75.17138935,36.1243497,False,-3.39,0.77,0,3780,16.76260468462954,Hispar
3968,0.00096561,75.17103786,36.12603812,False,-3.39,0.77,0,3785,16.674162125488888,Hispar
3969,0.000731403,75.17054918,36.12616774,False,-3.39,0.77,0,3787,16.627966387309574,Hispar
3970,0.000535546,75.17066355,36.12661018,False,-3.39,0.77,0,3790,16.62274229186324,Hispar
3971,0.000420504,75.16963928,36.12513549,False,-3.39,0.77,0,3774,16.585894943376545,Hispar
3972,0.000666031,75.16922677,36.12464412,False,-3.39,0.77,0,3778,16.568006765016005,Hispar
3973,0.000419569,75.16900958,36.12496777,False,-3.39,0.77,0,3774,16.53809797063115,Hispar
3974,0.000943937,75.16720824,36.12512385,False,-3.39,0.77,0,3769,16.379158175109104,Hispar
3975,0.000450509,75.16616872,36.12473888,False,-3.39,0.77,0,3776,16.304415601488007,Hispar
3976,0.000862482,75.17142159,36.12357795,False,-3.39,0.77,0,3779,16.792668151295693,Hispar
3977,0.001953729,75.17085365,36.12257005,False,-3.39,0.77,0,3798,16.780728751056373,Hispar
3978,0.000391166,75.17039441,36.12182865,False,-3.39,0.77,0,3799,16.76900436469464,Hispar
3979,0.010513275,75.16953221,36.12271352,False,-3.39,0.77,0,3798,16.663377142846215,Hispar
3980,0.004129378,75.16567223,36.12070311,False,-3.39,0.77,0,3770,16.41268585115777,Hispar
3981,0.002494603,75.16506313,36.12216222,False,-3.39,0.77,0,3785,16.305555913292405,Hispar
3982,0.00225841,75.16520711,36.12325322,False,-3.39,0.77,0,3776,16.27692954856799,Hispar
3983,0.001283193,75.16399763,36.12574236,False,-3.39,0.77,0,3763,16.083920697073555,Hispar
3984,0.000154033,75.16388788,36.12633198,False,-3.39,0.77,0,3753,16.0537286103016,Hispar
3985,0.00041486,75.16313191,36.12803137,False,-3.39,0.77,0,3770,15.93034474346725,Hispar
3986,0.000556564,75.16276797,36.12731222,False,-3.39,0.77,0,3760,15.924000880569189,Hispar
3987,0.001864014,75.16129231,36.12578872,False,-3.39,0.77,0,3767,15.852212704452295,Hispar
3988,0.00080171,75.16120983,36.12492199,False,-3.39,0.77,0,3765,15.876708279051446,Hispar
3989,0.00060638,75.15803334,36.12574084,False,-3.39,0.77,0,3748,15.577343973250624,Hispar
3990,0.011496317,75.15831002,36.12468795,False,-3.39,0.77,0,3762,15.639777534070088,Hispar
3991,0.001226918,75.16906108,36.11351242,False,-3.39,0.77,0,3793,16.98815897527995,Hispar
3992,0.001894205,75.16901825,36.11232057,False,-3.39,0.77,0,3792,17.035784589056544,Hispar
3993,0.000549878,75.16848529,36.11219001,False,-3.39,0.77,0,3792,16.997373947275133,Hispar
3994,0.001564528,75.16990345,36.11216362,False,-3.39,0.77,0,3805,17.11582674315377,Hispar
3995,0.000308292,75.16760605,36.10832025,False,-3.39,0.77,0,3850,17.09835476667081,Hispar
3996,0.000267327,75.16788496,36.10877695,False,-3.39,0.77,0,3846,17.10022771806957,Hispar
3997,0.000103586,75.16710142,36.1087134,False,-3.39,0.77,0,3857,17.03900184688467,Hispar
3998,0.002363809,75.16621839,36.10819959,False,-3.39,0.77,0,3859,16.990558151924713,Hispar
3999,0.001157435,75.16525061,36.10870312,False,-3.39,0.77,0,3871,16.888188558718706,Hispar
4000,0.003416571,75.16200599,36.11179813,False,-3.39,0.77,0,3833,16.480939076395053,Hispar
4001,0.000982518,75.04608446,36.15847481,False,-3.39,0.77,0,3328,4.888386588231555,Hispar
4002,0.000555732,75.04294475,36.15774631,False,-3.39,0.77,0,3314,4.64748467531466,Hispar
4003,0.001864748,75.03977112,36.16092618,False,-3.39,0.77,0,3281,4.266367313948023,Hispar
4004,0.000293119,75.04018094,36.16069393,False,-3.39,0.77,0,3298,4.3090220907189,Hispar
4005,0.000195427,75.03888435,36.16081853,False,-3.39,0.77,0,3274,4.193622977494472,Hispar
4006,0.001407848,75.05942947,36.14641009,False,-3.39,0.77,0,3387,6.50288473531378,Hispar
4007,0.002570313,75.05838491,36.14919137,False,-3.39,0.77,0,3389,6.288236704804163,Hispar
4008,0.000830222,75.05719386,36.15026952,False,-3.39,0.77,0,3383,6.142541590208521,Hispar
4009,0.000564724,75.05684211,36.15039179,False,-3.39,0.77,0,3380,6.108157347336546,Hispar
4010,0.000423075,75.05748261,36.15048687,False,-3.39,0.77,0,3378,6.157029964439371,Hispar
4011,0.000467924,75.05539878,36.15139816,False,-3.39,0.77,0,3368,5.945346162684233,Hispar
4012,0.00088488,75.05344066,36.15229215,False,-3.39,0.77,0,3355,5.744918678214807,Hispar
4013,0.001977034,75.05002792,36.14871927,False,-3.39,0.77,0,3359,5.632815923487403,Hispar
4014,0.000154027,75.05004938,36.14932986,False,-3.39,0.77,0,3360,5.603823615400885,Hispar
4015,0.003968204,75.06343948,36.15044316,False,-3.39,0.77,0,3394,6.655278196747021,Hispar
4016,0.000758301,75.06400105,36.15249072,False,-3.39,0.77,0,3408,6.624797292728016,Hispar
4017,0.000388952,75.06301355,36.15158202,False,-3.39,0.77,0,3404,6.575036014819822,Hispar
4018,0.00088084,75.05879983,36.15285562,False,-3.39,0.77,0,3390,6.17108445570526,Hispar
4019,0.000861146,75.06426617,36.15337179,False,-3.39,0.77,0,3401,6.616170799149591,Hispar
4020,0.009119859,75.05904126,36.15712868,False,-3.39,0.77,0,3375,6.045591520662983,Hispar
4021,0.001030796,75.05271261,36.15845073,False,-3.39,0.77,0,3360,5.458858871154844,Hispar
4022,0.001763361,75.05155074,36.15787897,False,-3.39,0.77,0,3349,5.3766674158857874,Hispar
4023,0.00106828,75.04896432,36.15717905,False,-3.39,0.77,0,3343,5.178883109683741,Hispar
4024,0.000531875,75.05623449,36.15926645,False,-3.39,0.77,0,3370,5.740795254782463,Hispar
4025,0.000363129,75.05158937,36.14792838,False,-3.39,0.77,0,3364,5.797730480834772,Hispar
4026,0.0004331,75.05109034,36.14807871,False,-3.39,0.77,0,3367,5.750254377616188,Hispar
4027,0.000346734,75.05169904,36.14840594,False,-3.39,0.77,0,3362,5.782314599788254,Hispar
4028,0.000811145,75.06441234,36.1473895,False,-3.39,0.77,0,3421,6.864431658601449,Hispar
4029,0.000204275,75.06529195,36.15096097,False,-3.39,0.77,0,3411,6.790880458880591,Hispar
4030,0.000652056,75.0650206,36.14993494,False,-3.39,0.77,0,3406,6.8080649394923825,Hispar
4031,0.000831199,75.06748291,36.14973496,False,-3.39,0.77,0,3428,7.022665923304332,Hispar
4032,0.000653162,75.06727011,36.15128432,False,-3.39,0.77,0,3423,6.946062883896159,Hispar
4033,0.000224918,75.06711279,36.15185204,False,-3.39,0.77,0,3423,6.912124684260884,Hispar
4034,0.001092702,75.06952723,36.15270111,False,-3.39,0.77,0,3433,7.088689979457774,Hispar
4035,0.000415409,75.06913804,36.15338736,False,-3.39,0.77,0,3431,7.032674575296546,Hispar
4036,0.000964975,75.07077721,36.15371833,False,-3.39,0.77,0,3440,7.163066397572863,Hispar
4037,0.001027074,75.07345914,36.15433435,False,-3.39,0.77,0,3451,7.375963242516753,Hispar
4038,0.000900998,75.07229822,36.15273978,False,-3.39,0.77,0,3445,7.3250732206020785,Hispar
4039,0.000605669,75.07659966,36.15253512,False,-3.39,0.77,0,3464,7.701738747039511,Hispar
4040,0.000531326,75.07628143,36.15262605,False,-3.39,0.77,0,3462,7.671479609801875,Hispar
4041,0.001283168,75.07728704,36.15336292,False,-3.39,0.77,0,3466,7.7359877253609515,Hispar
4042,0.001493524,75.07857059,36.15496307,False,-3.39,0.77,0,3461,7.802287374629046,Hispar
4043,0.000922928,75.07944574,36.15516583,False,-3.39,0.77,0,3473,7.873202330769102,Hispar
4044,0.000385255,75.08032511,36.1542829,False,-3.39,0.77,0,3472,7.973486165364776,Hispar
4045,0.000329682,75.06644172,36.15382933,False,-3.39,0.77,0,3418,6.786845908239638,Hispar
4046,0.000373549,75.06680957,36.15375948,False,-3.39,0.77,0,3415,6.820692266819006,Hispar
4047,0.001985323,75.07548518,36.152535,False,-3.39,0.77,0,3462,7.60571910255166,Hispar
4048,0.001270815,75.07473042,36.15253236,False,-3.39,0.77,0,3459,7.5408324031152425,Hispar
4049,0.001689265,75.07740504,36.13805208,False,-3.39,0.77,0,3494,8.36173904090629,Hispar
4050,0.001639474,75.07679176,36.13852896,False,-3.39,0.77,0,3484,8.288724984420632,Hispar
4051,0.000945152,75.07563418,36.13879226,False,-3.39,0.77,0,3478,8.18268931673422,Hispar
4052,0.000445213,75.07394285,36.14194068,False,-3.39,0.77,0,3462,7.893352296748634,Hispar
4053,0.000433768,75.07253786,36.14184546,False,-3.39,0.77,0,3461,7.783690499359649,Hispar
4054,0.000413362,75.07122707,36.14141325,False,-3.39,0.77,0,3464,7.6985814233794105,Hispar
4055,0.004053986,75.06908015,36.14203171,False,-3.39,0.77,0,3446,7.495241941773092,Hispar
4056,0.002114798,75.07009624,36.14142816,False,-3.39,0.77,0,3464,7.60679712741514,Hispar
4057,0.000786043,75.06741517,36.14490333,False,-3.39,0.77,0,3437,7.223117812879168,Hispar
4058,0.00629799,75.06690366,36.14304446,False,-3.39,0.77,0,3408,7.270153957558737,Hispar
4059,0.000804916,75.07124353,36.14959436,False,-3.39,0.77,0,3437,7.345083450557296,Hispar
4060,0.001747731,75.06991203,36.14972805,False,-3.39,0.77,0,3435,7.22757790703144,Hispar
4061,0.003110279,75.0815268,36.15429939,False,-3.39,0.77,0,3467,8.07766982921952,Hispar
4062,0.003460412,75.08072391,36.15457788,False,-3.39,0.77,0,3467,8.00023998269623,Hispar
4063,0.00077434,75.0821024,36.1486631,False,-3.39,0.77,0,3487,8.301032872948369,Hispar
4064,0.00318031,75.08837151,36.14821677,False,-3.39,0.77,0,3510,8.85233944464059,Hispar
4065,0.002229191,75.08207262,36.14457549,False,-3.39,0.77,0,3492,8.451047916984871,Hispar
4066,0.000500617,75.079299,36.14543986,False,-3.39,0.77,0,3478,8.18409406423644,Hispar
4067,0.000327259,75.0782687,36.14643689,False,-3.39,0.77,0,3479,8.058219900302909,Hispar
4068,0.000343115,75.07747987,36.14450598,False,-3.39,0.77,0,3463,8.070493017054469,Hispar
4069,0.000387743,75.08136105,36.14386288,False,-3.39,0.77,0,3485,8.420468958235645,Hispar
4070,0.001544412,75.08591078,36.14312089,False,-3.39,0.77,0,3491,8.83084026815357,Hispar
4071,0.001222183,75.08330542,36.14137086,False,-3.39,0.77,0,3498,8.687386059814221,Hispar
4072,0.00039438,75.08401721,36.13926149,False,-3.39,0.77,0,3515,8.839936089969926,Hispar
4073,0.002244852,75.08617585,36.13666492,False,-3.39,0.77,0,3527,9.137078546601941,Hispar
4074,0.00147688,75.08685523,36.13580344,False,-3.39,0.77,0,3525,9.233469655043233,Hispar
4075,0.000750744,75.0876825,36.13584085,False,-3.39,0.77,0,3523,9.29863547897501,Hispar
4076,0.000454836,75.0879934,36.13555185,False,-3.39,0.77,0,3519,9.337699232303432,Hispar
4077,0.00395001,75.08901018,36.13650596,False,-3.39,0.77,0,3526,9.375060069059721,Hispar
4078,0.000804237,75.08887254,36.13592608,False,-3.39,0.77,0,3521,9.391129167946474,Hispar
4079,0.002495826,75.08774529,36.1369649,False,-3.39,0.77,0,3520,9.250540815864047,Hispar
4080,0.001663319,75.08941393,36.14214087,False,-3.39,0.77,0,3511,9.163524487062244,Hispar
4081,0.000536703,75.09448476,36.13886334,False,-3.39,0.77,0,3533,9.721350509155657,Hispar
4082,0.000101584,75.09160725,36.1393154,False,-3.39,0.77,0,3527,9.463257965483212,Hispar
4083,0.00026222,75.09223418,36.13900378,False,-3.39,0.77,0,3519,9.528539480430435,Hispar
4084,0.00014751,75.09250802,36.13892866,False,-3.39,0.77,0,3519,9.554452721687296,Hispar
4085,0.000758895,75.08886873,36.14603463,False,-3.39,0.77,0,3509,8.969815249336067,Hispar
4086,0.000511103,75.08815664,36.1454668,False,-3.39,0.77,0,3502,8.929861165051939,Hispar
4087,0.000531009,75.0907866,36.14536738,False,-3.39,0.77,0,3517,9.156735421100537,Hispar
4088,0.000878772,75.08936243,36.14501906,False,-3.39,0.77,0,3510,9.048493923218189,Hispar
4089,0.000417132,75.09259705,36.14554631,False,-3.39,0.77,0,3519,9.304487479285404,Hispar
4090,0.001726125,75.09600349,36.14407573,False,-3.39,0.77,0,3520,9.646481760822645,Hispar
4091,0.000661944,75.09620453,36.14448457,False,-3.39,0.77,0,3523,9.649117493824194,Hispar
4092,0.001977971,75.09672815,36.14500874,False,-3.39,0.77,0,3539,9.675558766539773,Hispar
4093,0.00228464,75.09706289,36.14654829,False,-3.39,0.77,0,3537,9.65275212619518,Hispar
4094,0.000965035,75.09559859,36.14657074,False,-3.39,0.77,0,3533,9.526346062274342,Hispar
4095,0.000389386,75.09540752,36.14590771,False,-3.39,0.77,0,3533,9.532061058104613,Hispar
4096,0.000295316,75.09508714,36.14574993,False,-3.39,0.77,0,3530,9.510004169061556,Hispar
4097,0.00489427,75.09443444,36.14744507,False,-3.39,0.77,0,3527,9.397943354372645,Hispar
4098,0.001560169,75.09486522,36.14838708,False,-3.39,0.77,0,3524,9.405309216195825,Hispar
4099,0.000597301,75.09419585,36.14850367,False,-3.39,0.77,0,3522,9.343973620517403,Hispar
4100,0.00062226,75.09679757,36.14983188,False,-3.39,0.77,0,3525,9.529443784128954,Hispar
4101,0.012162029,75.09719122,36.14919098,False,-3.39,0.77,0,3532,9.582141474227045,Hispar
4102,0.000540861,75.09864181,36.14993679,False,-3.39,0.77,0,3537,9.686588154299418,Hispar
4103,0.001130224,75.08503982,36.15115109,False,-3.39,0.77,0,3471,8.472590828198951,Hispar
4104,0.00027984,75.08556915,36.1513223,False,-3.39,0.77,0,3476,8.513193939178835,Hispar
4105,0.000942068,75.09911749,36.13888424,False,-3.39,0.77,0,3558,10.106882301906717,Hispar
4106,0.000404516,75.09869582,36.13991002,False,-3.39,0.77,0,3551,10.03058521385291,Hispar
4107,0.000551984,75.09749887,36.14292758,False,-3.39,0.77,0,3532,9.814930370989128,Hispar
4108,0.000719735,75.09626955,36.14278708,False,-3.39,0.77,0,3525,9.715927027405037,Hispar
4109,0.00194639,75.09941273,36.14540017,False,-3.39,0.77,0,3549,9.892026521300934,Hispar
4110,0.000390899,75.09271736,36.14422648,False,-3.39,0.77,0,3516,9.361959051943865,Hispar
4111,0.000836644,75.11962642,36.14749645,False,-3.39,0.77,0,3651,11.580219486786502,Hispar
4112,0.000222693,75.11949216,36.14724989,False,-3.39,0.77,0,3647,11.574971012034055,Hispar
4113,0.001383475,75.11813063,36.14730037,False,-3.39,0.77,0,3661,11.454898090041642,Hispar
4114,0.000194304,75.11807363,36.14810788,False,-3.39,0.77,0,3658,11.42878398737264,Hispar
4115,0.000484298,75.11443627,36.14728598,False,-3.39,0.77,0,3627,11.133475556286351,Hispar
4116,0.00030614,75.10846002,36.14753146,False,-3.39,0.77,0,3602,10.60717512681419,Hispar
4117,0.00041046,75.12040255,36.14358752,False,-3.39,0.77,0,3675,11.75696742790645,Hispar
4118,0.000424791,75.1145801,36.14395788,False,-3.39,0.77,0,3638,11.242687648881304,Hispar
4119,0.002784541,75.11603406,36.14273283,False,-3.39,0.77,0,3633,11.406227029559803,Hispar
4120,0.001539297,75.10245407,36.14515562,False,-3.39,0.77,0,3562,10.16096126963731,Hispar
4121,0.000460707,75.1123196,36.133656,False,-3.39,0.77,0,3626,11.423219495095694,Hispar
4122,0.000879283,75.11239121,36.13303347,False,-3.39,0.77,0,3626,11.45514049381443,Hispar
4123,0.000333876,75.11170317,36.13270434,False,-3.39,0.77,0,3624,11.411881447699699,Hispar
4124,0.000423273,75.11054392,36.1329951,False,-3.39,0.77,0,3628,11.30332365085771,Hispar
4125,0.001204347,75.10820954,36.130966,False,-3.39,0.77,0,3627,11.199779463282352,Hispar
4126,0.000420548,75.1084408,36.13063567,False,-3.39,0.77,0,3632,11.233717545234406,Hispar
4127,0.000449355,75.10999393,36.1311332,False,-3.39,0.77,0,3635,11.338925220960876,Hispar
4128,0.002085797,75.11319443,36.12954808,False,-3.39,0.77,0,3641,11.672960857296905,Hispar
4129,0.000490895,75.11537178,36.12941107,False,-3.39,0.77,0,3623,11.858196432899467,Hispar
4130,0.001027741,75.11175026,36.12877022,False,-3.39,0.77,0,3652,11.589956766583338,Hispar
4131,0.000366231,75.11458565,36.13115777,False,-3.39,0.77,0,3626,11.716975458837386,Hispar
4132,0.000258178,75.11168552,36.13218473,False,-3.39,0.77,0,3621,11.432623777910555,Hispar
4133,0.001003838,75.11032957,36.12951327,False,-3.39,0.77,0,3653,11.439626738619543,Hispar
4134,0.002571399,75.12143554,36.14812282,False,-3.39,0.77,0,3675,11.722259942363225,Hispar
4135,0.001197381,75.12407345,36.14723744,False,-3.39,0.77,0,3679,11.975308689687646,Hispar
4136,0.002414966,75.12439647,36.14676218,False,-3.39,0.77,0,3691,12.015743106111175,Hispar
4137,0.000721803,75.12373403,36.14454211,False,-3.39,0.77,0,3685,12.018090668576114,Hispar
4138,0.001624918,75.12218392,36.14390519,False,-3.39,0.77,0,3673,11.901847612639303,Hispar
4139,0.000336543,75.12651808,36.14398741,False,-3.39,0.77,0,3676,12.275551582079832,Hispar
4140,0.001086083,75.12739756,36.14472107,False,-3.39,0.77,0,3697,12.331690972862173,Hispar
4141,0.001244864,75.12866406,36.14629598,False,-3.39,0.77,0,3695,12.400528005321565,Hispar
4142,0.000900503,75.12995789,36.1465597,False,-3.39,0.77,0,3712,12.506967291633623,Hispar
4143,0.00053914,75.13066937,36.1453739,False,-3.39,0.77,0,3706,12.599476969432658,Hispar
4144,0.001370834,75.12582942,36.138289,False,-3.39,0.77,0,3694,12.39211236719466,Hispar
4145,0.000582598,75.12942086,36.14047335,False,-3.39,0.77,0,3698,12.630509751976485,Hispar
4146,0.000482859,75.12910425,36.14065418,False,-3.39,0.77,0,3698,12.597626281335275,Hispar
4147,0.001716062,75.13932598,36.12281459,False,-3.39,0.77,0,3803,14.124879182770657,Hispar
4148,0.000423802,75.13500548,36.12753913,False,-3.39,0.77,0,3721,13.56794566322164,Hispar
4149,0.000227361,75.13557217,36.12827164,False,-3.39,0.77,0,3719,13.586033817746857,Hispar
4150,0.000188795,75.13533647,36.12874536,False,-3.39,0.77,0,3713,13.547497603110074,Hispar
4151,0.000422763,75.13892189,36.12850463,False,-3.39,0.77,0,3722,13.858361472672337,Hispar
4152,0.000473269,75.14239532,36.12800572,False,-3.39,0.77,0,3711,14.170199441456118,Hispar
4153,0.000533255,75.14377257,36.1288059,False,-3.39,0.77,0,3719,14.256173347550488,Hispar
4154,0.001490014,75.14385357,36.13076753,False,-3.39,0.77,0,3713,14.19112810656228,Hispar
4155,0.000752703,75.14331569,36.13087142,False,-3.39,0.77,0,3717,14.141679119126795,Hispar
4156,0.001663426,75.14454655,36.13564921,False,-3.39,0.77,0,3721,14.084950241795825,Hispar
4157,0.000488084,75.14419943,36.13807401,False,-3.39,0.77,0,3735,13.980019929998683,Hispar
4158,0.000989087,75.14364671,36.13767842,False,-3.39,0.77,0,3731,13.944188791218062,Hispar
4159,0.001091598,75.14381719,36.13841249,False,-3.39,0.77,0,3738,13.936846873006381,Hispar
4160,0.002198709,75.14320296,36.13818789,False,-3.39,0.77,0,3733,13.89043973107134,Hispar
4161,0.003673328,75.14390767,36.1395734,False,-3.39,0.77,0,3738,13.910700446208757,Hispar
4162,0.000384588,75.14323829,36.13974515,False,-3.39,0.77,0,3737,13.847696253959217,Hispar
4163,0.001349362,75.14188141,36.14012513,False,-3.39,0.77,0,3733,13.719071077356613,Hispar
4164,0.00042083,75.1393852,36.14223131,False,-3.39,0.77,0,3733,13.443141407800066,Hispar
4165,0.000566371,75.13905561,36.14158882,False,-3.39,0.77,0,3726,13.432235628919525,Hispar
4166,0.002457902,75.13826307,36.1404237,False,-3.39,0.77,0,3719,13.39668412445305,Hispar
4167,0.001065684,75.13591053,36.13911288,False,-3.39,0.77,0,3662,13.232383414085481,Hispar
4168,0.005308327,75.13954993,36.13973141,False,-3.39,0.77,0,3711,13.528432243870554,Hispar
4169,0.000758759,75.14548581,36.1407846,False,-3.39,0.77,0,3771,14.013709460983549,Hispar
4170,0.00101387,75.14502673,36.14234988,False,-3.39,0.77,0,3782,13.93161143163571,Hispar
4171,0.000871607,75.14115444,36.13098122,False,-3.39,0.77,0,3709,13.954136572605877,Hispar
4172,0.000303274,75.13873457,36.13190477,False,-3.39,0.77,0,3715,13.715217116464718,Hispar
4173,0.001195499,75.13205014,36.12770025,False,-3.39,0.77,0,3725,13.314440383101452,Hispar
4174,0.00227113,75.15387597,36.11620177,False,-3.39,0.77,0,3782,15.615454497764619,Hispar
4175,0.000840258,75.15537652,36.11638335,False,-3.39,0.77,0,3758,15.73130382220541,Hispar
4176,0.000503861,75.15526027,36.11590139,False,-3.39,0.77,0,3775,15.742850116976015,Hispar
4177,0.000993428,75.15015396,36.11775618,False,-3.39,0.77,0,3761,15.240001001200865,Hispar
4178,0.000484615,75.14986465,36.11881774,False,-3.39,0.77,0,3769,15.169761541957817,Hispar
4179,0.000302708,75.15148276,36.11880314,False,-3.39,0.77,0,3761,15.304352538985516,Hispar
4180,0.000423641,75.15136344,36.11924825,False,-3.39,0.77,0,3766,15.275404617797196,Hispar
4181,0.002481697,75.15170229,36.11972392,False,-3.39,0.77,0,3760,15.283331467973971,Hispar
4182,0.0006349,75.15126937,36.12013751,False,-3.39,0.77,0,3762,15.229908868657052,Hispar
4183,0.000489067,75.14595738,36.11915151,False,-3.39,0.77,0,3810,14.832423102482993,Hispar
4184,0.000385546,75.14641871,36.11940672,False,-3.39,0.77,0,3798,14.859300476661918,Hispar
4185,0.001484886,75.14918429,36.12466918,False,-3.39,0.77,0,3753,14.871135025252215,Hispar
4186,0.001830093,75.1556053,36.12608478,False,-3.39,0.77,0,3753,15.358909242996493,Hispar
4187,0.000206204,75.15597598,36.12658688,False,-3.39,0.77,0,3760,15.37189363914408,Hispar
4188,0.008217863,75.1568888,36.12548936,False,-3.39,0.77,0,3747,15.489653905273324,Hispar
4189,0.00067469,75.15491195,36.12465077,False,-3.39,0.77,0,3762,15.354101523454487,Hispar
4190,0.00035674,75.15410324,36.12485389,False,-3.39,0.77,0,3763,15.278125092818268,Hispar
4191,0.000121907,75.15115545,36.12594761,False,-3.39,0.77,0,3732,14.987735809180629,Hispar
4192,0.003021943,75.15807033,36.12757481,False,-3.39,0.77,0,3742,15.514381138952476,Hispar
4193,0.000244521,75.15675032,36.12747456,False,-3.39,0.77,0,3767,15.405614061817765,Hispar
4194,0.000663249,75.15488646,36.12819493,False,-3.39,0.77,0,3756,15.221373792429372,Hispar
4195,0.00058283,75.15419329,36.12730956,False,-3.39,0.77,0,3740,15.194294169513455,Hispar
4196,0.000466769,75.15704039,36.12867667,False,-3.39,0.77,0,3773,15.387942069422987,Hispar
4197,7.67e-05,75.15274881,36.13005843,False,-3.39,0.77,0,3756,14.973812723058764,Hispar
4198,0.000593743,75.15139756,36.1301835,False,-3.39,0.77,0,3762,14.854176293841615,Hispar
4199,0.00028874,75.15228248,36.12881804,False,-3.39,0.77,0,3761,14.977632209938673,Hispar
4200,0.000297938,75.15124279,36.12894149,False,-3.39,0.77,0,3748,14.884789564653712,Hispar
4201,0.000484526,75.14929426,36.12927872,False,-3.39,0.77,0,3735,14.707037985193036,Hispar
4202,0.001710451,75.1488455,36.13017555,False,-3.39,0.77,0,3736,14.636932680830299,Hispar
4203,0.000189287,75.14726731,36.13083733,False,-3.39,0.77,0,3722,14.47918827518448,Hispar
4204,0.003533397,75.16006671,36.13592715,False,-3.39,0.77,0,3803,15.417303593925498,Hispar
4205,0.001747784,75.15947565,36.13590609,False,-3.39,0.77,0,3782,15.36666764260627,Hispar
4206,0.000806522,75.15914158,36.13557114,False,-3.39,0.77,0,3772,15.347491649553564,Hispar
4207,0.00066083,75.15778333,36.13614969,False,-3.39,0.77,0,3777,15.212896254643052,Hispar
4208,0.001402709,75.15755051,36.13661526,False,-3.39,0.77,0,3785,15.179226251495981,Hispar
4209,0.001768893,75.15623331,36.13702671,False,-3.39,0.77,0,3782,15.053131045219773,Hispar
4210,0.001636708,75.15335187,36.13714171,False,-3.39,0.77,0,3773,14.799941639400197,Hispar
4211,0.000508469,75.15453017,36.1371252,False,-3.39,0.77,0,3776,14.902570775754276,Hispar
4212,0.014879975,75.15532581,36.13784059,False,-3.39,0.77,0,3787,14.95118301339398,Hispar
4213,0.001709814,75.1549524,36.13899245,False,-3.39,0.77,0,3809,14.886681916116975,Hispar
4214,0.001237487,75.15423308,36.13903738,False,-3.39,0.77,0,3796,14.82285126246975,Hispar
4215,0.001565611,75.15559972,36.14006794,False,-3.39,0.77,0,3849,14.914126388543261,Hispar
4216,0.000790423,75.15111514,36.13983217,False,-3.39,0.77,0,3778,14.529717280024899,Hispar
4217,0.001877669,75.149689,36.13984304,False,-3.39,0.77,0,3781,14.405319534007013,Hispar
4218,0.001484,75.14605416,36.13975025,False,-3.39,0.77,0,3761,14.091959053255616,Hispar
4219,0.000364774,75.15007963,36.1392277,False,-3.39,0.77,0,3778,14.456383450763315,Hispar
4220,0.000931988,75.14683811,36.13799092,False,-3.39,0.77,0,3759,14.210802635876377,Hispar
4221,0.000177911,75.14690832,36.1389553,False,-3.39,0.77,0,3760,14.188764342177905,Hispar
4222,0.001301137,75.14749846,36.13622265,False,-3.39,0.77,0,3742,14.321291502165268,Hispar
4223,0.000440417,75.14512121,36.12846967,False,-3.39,0.77,0,3722,14.382814656677766,Hispar
4224,0.001412236,75.1484739,36.1418759,False,-3.39,0.77,0,3807,14.244857600272708,Hispar
4225,0.001050723,75.1497673,36.14157259,False,-3.39,0.77,0,3808,14.365674165394248,Hispar
4226,0.001773514,75.15101813,36.14103848,False,-3.39,0.77,0,3813,14.488848767762788,Hispar
4227,0.000433581,75.15155672,36.14074468,False,-3.39,0.77,0,3813,14.543599467425148,Hispar
4228,0.000751831,75.15330675,36.14001415,False,-3.39,0.77,0,3810,14.715656062896828,Hispar
4229,0.001306719,75.15242982,36.14036077,False,-3.39,0.77,0,3806,14.629944067225344,Hispar
4230,0.001009088,76.41534873,35.76997818,False,-11.83,0.6,0,4419,35.929486264681195,Hushe
4231,0.000791514,76.43497467,35.77904101,False,-11.83,0.6,0,5386,37.217158090867734,Hushe
4232,0.001468851,76.35171899,35.73462559,False,-5.92,0.8,0,4187,31.628694315077066,Hushe
4233,0.021733455,76.38280419,35.79230923,False,-11.83,0.6,0,4998,38.103205163873014,Hushe
4234,0.002790359,76.39750048,35.79783522,False,-11.83,0.6,0,4640,38.81596033144361,Hushe
4235,0.000726022,76.31720852,35.76117499,False,-11.83,0.6,0,4179,34.77247813297206,Hushe
4236,0.000356949,76.31804014,35.76027443,False,-11.83,0.6,0,4173,34.66498012890628,Hushe
4237,0.000494327,76.31879045,35.75898169,False,-11.83,0.6,0,4167,34.514979719526245,Hushe
4238,0.000523525,76.31272198,35.77024984,False,-11.83,0.6,0,4233,35.82013815078218,Hushe
4239,0.000852233,76.24039621,35.74467239,False,-5.92,0.8,0,3943,34.42616757295283,Hushe
4240,0.001868032,76.24086869,35.73950365,False,-5.92,0.8,0,3887,33.86675091229496,Hushe
4241,0.001127898,76.24754663,35.73964603,False,-5.92,0.8,0,3905,33.697803298337035,Hushe
4242,0.001325855,76.24989975,35.73905615,False,-5.92,0.8,0,3924,33.57257511476378,Hushe
4243,0.00349666,76.27621074,35.73869545,False,-5.92,0.8,0,3992,32.91905246757506,Hushe
4244,0.000558818,76.28229333,35.74546322,False,-5.92,0.8,0,4017,33.53600669646026,Hushe
4245,0.002416529,76.28731479,35.72995115,False,-5.92,0.8,0,4017,31.755025321891797,Hushe
4246,0.000345439,76.29514339,35.73131889,False,-5.92,0.8,0,4023,31.769595388407556,Hushe
4247,0.006828446,76.23591119,35.61272825,False,-5.92,0.8,0,4985,21.182553998692295,Hushe
4248,0.006850999,76.21679852,35.62279889,False,-5.92,0.8,0,5434,23.057134827022647,Hushe
4249,0.010117214,76.21885737,35.62167995,False,-5.92,0.8,0,5325,22.850512635636886,Hushe
4250,0.003424589,76.24706821,35.62686129,False,-5.92,0.8,0,5199,22.05996362905186,Hushe
4251,0.000782911,76.20347988,35.71007961,False,-5.92,0.8,0,3733,32.09883972180929,Hushe
4252,0.00208897,76.18345613,35.742258,False,-5.92,0.8,0,3951,31.432554905710724,Tastay
4253,0.000519628,76.18167893,35.7422398,False,-5.92,0.8,0,3953,31.27836142795715,Tastay
4254,0.000311115,76.18187165,35.74370604,False,-5.92,0.8,0,3952,31.342406508724125,Tastay
4255,0.000933549,76.19156008,35.72738204,False,-5.92,0.8,0,3792,31.709262232289486,Tastay
4256,0.000657565,76.19771212,35.7270645,False,-5.92,0.8,0,3783,32.24161988506497,Tastay
4257,0.000299357,76.19910868,35.72705569,False,-5.92,0.8,0,3779,32.36417612059566,Tastay
4258,0.000833614,76.19781994,35.72760351,False,-5.92,0.8,0,3790,32.26477188824192,Tastay
4259,0.000768615,76.20242614,35.72632354,False,-5.92,0.8,0,3776,32.63776345450189,Tastay
4260,0.000928567,76.20296141,35.72692688,False,-5.92,0.8,0,3779,32.69981560186885,Tastay
4261,0.020226711,76.17781228,35.75257367,False,-11.83,0.6,0,4043,31.298754967674242,Tastay
4262,0.001548378,76.22645379,35.75466016,False,-11.83,0.6,0,4097,35.545989996973454,Tastay
4263,0.000665018,76.22535896,35.75624303,False,-11.83,0.6,0,4132,35.503497034250195,Tastay
4264,0.000792915,76.22374098,35.75723726,False,-11.83,0.6,0,4143,35.39732445391458,Tastay
4265,0.001013138,76.22149217,35.75851308,False,-11.83,0.6,0,4140,35.24719138213455,Tastay
4266,0.00058019,76.20968161,35.77385168,False,-11.83,0.6,0,4265,34.811321308839936,Tastay
4267,0.001581068,76.21024228,35.77404356,False,-11.83,0.6,0,4275,34.86619203566938,Tastay
4268,0.000886023,76.21313064,35.77340352,False,-11.83,0.6,0,4253,35.084056914829546,Tastay
4269,0.001119697,76.21693202,35.77568852,False,-11.83,0.6,0,4233,35.49512459023645,Tastay
4270,0.003051929,76.21625216,35.77843309,False,-11.83,0.6,0,4282,35.54864905966608,Tastay
4271,0.002066831,76.18784241,35.79340642,False,-11.83,0.6,0,4713,33.86699943596477,Tastay
4272,0.003312098,76.1845028,35.79355268,False,-11.83,0.6,0,5103,33.60306351542389,Tastay
4273,0.001457985,76.18568866,35.79383251,False,-11.83,0.6,0,4992,33.71284354478876,Tastay
4274,0.00127526,76.16958069,35.75433872,False,-11.83,0.6,0,4096,30.663048690852385,Tastay
4275,0.000877303,76.16686799,35.75399922,False,-11.83,0.6,0,4104,30.41995521434497,Tastay
4276,0.000412481,76.16536153,35.75464398,False,-11.83,0.6,0,4111,30.31666863580068,Tastay
4277,0.000441328,76.16568538,35.75566026,False,-11.83,0.6,0,4116,30.38305705892102,Tastay
4278,0.000855037,76.16498337,35.75896145,False,-11.83,0.6,0,4134,30.45292011598443,Tastay
4279,0.000350778,76.15694617,35.76004663,False,-11.83,0.6,0,4195,29.82109903030567,Tastay
4280,0.000382335,76.15899239,35.75964708,False,-11.83,0.6,0,4180,29.976489444338885,Tastay
4281,0.000552888,76.14706086,35.76637812,False,-11.83,0.6,0,4295,29.268668557639437,Tastay
4282,0.000357782,76.14653519,35.76821282,False,-11.83,0.6,0,4300,29.30759408938042,Tastay
4283,0.00286762,76.00351561,35.54586037,False,-5.92,0.8,0,4118,15.699738831530201,Broq
4284,0.000743929,76.12374717,35.77572687,False,-11.83,0.6,0,4650,27.815489433160277,Tastay
4285,0.001391692,76.09127804,35.79492613,False,-11.83,0.6,0,4972,26.392871206639562,Tastay
4286,0.002181167,76.08267011,35.92687784,False,-11.83,0.6,0,4760,36.21825988894139,Askole
4287,0.000834057,76.09270786,35.92588609,False,-11.83,0.6,0,4763,36.71969742402877,Tastay
4288,0.000315866,76.09275778,35.92636423,False,-11.83,0.6,0,4771,36.76505433844908,Tastay
4289,0.000525335,76.09377035,35.92587087,False,-11.83,0.6,0,4782,36.77550926271777,Tastay
4290,0.000975747,76.08556798,35.9303765,False,-11.83,0.6,0,4827,36.68277166229128,Askole
4291,0.000281351,76.08573884,35.93006344,False,-11.83,0.6,0,4822,36.66674148776151,Askole
4292,0.000254313,76.0857528,35.93077122,False,-11.83,0.6,0,4831,36.726754651824876,Askole
4293,0.0003988,76.08426297,35.92941717,False,-11.83,0.6,0,4813,36.52511091751911,Askole
4294,0.007143944,76.06086016,35.91813024,False,-11.83,0.6,0,4558,34.201364102461326,Askole
4295,0.001041937,76.02189612,35.9253755,False,-11.83,0.6,0,4201,32.72683063817223,Askole
4296,0.002845662,76.01827686,35.92731974,False,-11.83,0.6,0,4197,32.72442288584505,Askole
4297,0.001572744,76.01686474,35.92775799,False,-11.83,0.6,0,4195,32.69499152936777,Askole
4298,0.000552058,76.02209087,35.92133662,False,-11.83,0.6,0,4195,32.36660806117626,Askole
4299,0.001439737,76.01340828,35.91630552,False,-11.83,0.6,0,4158,31.463083773315986,Askole
4300,0.005617465,76.01186954,35.91733417,False,-11.83,0.6,0,4155,31.48051349594572,Askole
4301,0.000477728,76.01337585,35.91828286,False,-11.83,0.6,0,4175,31.643687116898654,Askole
4302,0.005235788,76.01287697,35.91802571,False,-11.83,0.6,0,4168,31.594902040980397,Askole
4303,0.001517903,76.01177299,35.91822932,False,-11.83,0.6,0,4152,31.5584433625952,Askole
4304,0.005701696,76.0277795,35.92872525,False,-11.83,0.6,0,4229,33.333672106659925,Askole
4305,0.001681521,76.02733046,35.93086656,False,-11.83,0.6,0,4214,33.50697768494771,Askole
4306,0.000745495,76.0199962,35.93203371,False,-11.83,0.6,0,4221,33.24715819347284,Askole
4307,0.010364638,76.0262171,35.93637583,False,-11.83,0.6,0,4188,33.95879521914691,Askole
4308,0.001819784,76.02544369,35.93889823,False,-11.83,0.6,0,4210,34.154399653031334,Askole
4309,0.002601342,76.02962879,35.94983994,False,-11.83,0.6,0,4278,35.380007978968585,Askole
4310,0.000867524,76.03250397,35.94976995,False,-11.83,0.6,0,4375,35.51402369375314,Askole
4311,0.001150776,76.02952699,35.95086954,False,-11.83,0.6,0,4278,35.47145234628906,Askole
4312,0.000427864,76.02964774,35.95148152,False,-11.83,0.6,0,4276,35.53464720234624,Askole
4313,0.112496912,76.02991688,35.95406122,False,-11.83,0.6,0,4283,35.789711070879704,Askole
4314,0.005304137,76.01116539,35.95696222,False,-11.83,0.6,0,4290,35.195814570631796,Askole
4315,0.000547022,76.01179968,35.95642284,False,-11.83,0.6,0,4285,35.17213054859632,Askole
4316,0.000921558,76.0108444,35.95742988,False,-11.83,0.6,0,4284,35.22668301029021,Askole
4317,0.001612835,76.02606119,35.96446269,False,-11.83,0.6,0,4338,36.59262224738675,Askole
4318,0.005579669,76.02320551,35.96381174,False,-11.83,0.6,0,4288,36.39895759906991,Askole
4319,0.002955382,76.0243751,35.96640302,False,-11.83,0.6,0,4341,36.700574043995005,Askole
4320,0.001512015,76.02223975,35.96586631,False,-11.83,0.6,0,4288,36.551788014701,Askole
4321,0.006357352,76.02706363,35.96063166,False,-11.83,0.6,0,4309,36.27469437415609,Askole
4322,0.000394531,76.0224715,35.96874744,False,-11.83,0.6,0,4364,36.83914293691483,Askole
4323,0.001349201,76.02280704,35.96926126,False,-11.83,0.6,0,4368,36.903716761276655,Askole
4324,0.009093403,76.01988377,35.97031375,False,-11.83,0.6,0,4336,36.87418107400681,Askole
4325,0.001948484,76.01753512,35.96984931,False,-11.83,0.6,0,4298,36.725090314058185,Askole
4326,0.004359195,76.01596102,35.96803779,False,-11.83,0.6,0,4303,36.48006791225351,Askole
4327,0.002322341,76.0151324,35.96994701,False,-11.83,0.6,0,4314,36.62892690076618,Askole
4328,0.003523893,76.01305447,35.97023775,False,-11.83,0.6,0,4315,36.56668939855383,Askole
4329,0.000419282,76.01408065,35.96993414,False,-11.83,0.6,0,4311,36.581745363003826,Askole
4330,0.001693641,76.01351008,35.97099795,False,-11.83,0.6,0,4320,36.660515727759154,Askole
4331,0.003469181,76.01457058,35.97119352,False,-11.83,0.6,0,4319,36.725628719317825,Askole
4332,0.000616791,76.01339503,35.97267494,False,-11.83,0.6,0,4328,36.8190593130392,Askole
4333,0.004637564,76.01761528,35.97564113,False,-11.83,0.6,0,4351,37.29100559573555,Askole
4334,0.001733708,76.01381164,35.97875199,False,-11.83,0.6,0,4332,37.431162466383206,Askole
4335,0.000615168,76.01378678,35.9761135,False,-11.83,0.6,0,4335,37.17180782768064,Askole
4336,0.000275551,76.01424133,35.976202,False,-11.83,0.6,0,4339,37.19994094410861,Askole
4337,0.000457969,76.01402535,35.97673338,False,-11.83,0.6,0,4339,37.242649017167736,Askole
4338,0.001129432,76.01451577,35.97774907,False,-11.83,0.6,0,4342,37.362989725612096,Askole
4339,0.002935744,76.0146502,35.97838348,False,-11.83,0.6,0,4329,37.43081420957848,Askole
4340,0.001821264,76.00970678,35.98044264,False,-11.83,0.6,0,4365,37.42455806149168,Askole
4341,0.001050173,76.00500914,35.96945715,False,-11.83,0.6,0,4334,36.146579891988296,Askole
4342,0.001474912,76.05378643,35.97568143,False,-11.83,0.6,0,4712,38.973709342749686,Askole
4343,0.002679365,76.05618457,35.97257201,False,-11.83,0.6,0,4722,38.80389145118337,Askole
4344,0.003644884,76.00400024,35.98442027,False,-11.83,0.6,0,4381,37.584800894327344,Askole
4345,0.001587381,75.97885175,35.98303537,False,-11.83,0.6,0,4446,36.48797488125773,Askole
4346,0.00070366,75.98065787,35.98163254,False,-11.83,0.6,0,4440,36.41024219029144,Askole
4347,0.001186073,75.99473561,35.99070632,False,-11.83,0.6,0,4454,37.852144334206606,Askole
4348,0.006304346,76.00253035,35.9208078,False,-11.83,0.6,0,4139,31.34687464808193,Askole
4349,0.005981912,76.01536539,35.94779822,False,-11.83,0.6,0,4246,34.50847729189333,Askole
4350,0.000907945,76.01424185,35.93924172,False,-11.83,0.6,0,4214,33.644078579047125,Askole
4351,0.000688851,76.01374749,35.93925931,False,-11.83,0.6,0,4214,33.62230881840383,Askole
4352,0.002215735,76.01400757,35.93860954,False,-11.83,0.6,0,4209,33.573227077471834,Askole
4353,0.003662974,76.01309273,35.93454548,False,-11.83,0.6,0,4207,33.14628643421954,Askole
4354,0.018752774,75.90852027,35.69301598,False,-0.23,0.97,1,3122,6.381454471597162,Tastay
4355,0.004504871,75.90872964,35.68915287,False,-0.23,0.97,1,3085,6.165746760502521,Tastay
4356,0.00037883,75.90482502,35.68661076,False,-0.23,0.97,1,3074,5.718305458595426,Tastay
4357,0.000557676,75.91390731,35.70046935,False,-0.23,0.97,1,3125,7.262063393894546,Tastay
4358,0.000634157,75.91363482,35.70032207,False,-0.23,0.97,1,3116,7.232574976506671,Tastay
4359,0.001174916,75.90989,35.70044068,False,-0.23,0.97,1,3153,6.975952228136799,Tastay
4360,0.00027407,75.91063908,35.70106797,False,-0.23,0.97,1,3161,7.072492912340128,Tastay
4361,0.001175971,75.90803724,35.70263427,False,-0.23,0.97,1,3173,7.007436346814314,Tastay
4362,0.000543943,75.90770198,35.70206038,False,-0.23,0.97,1,3175,6.942407707636763,Tastay
4363,0.000442997,75.90629651,35.70145665,False,-0.23,0.97,1,3178,6.802979569392222,Tastay
4364,0.001566009,75.94627735,35.62100229,False,-5.92,0.8,0,4243,9.738895729671814,Tastay
4365,0.000581373,75.94704609,35.60646301,False,-5.92,0.8,0,4412,10.62728674681736,Tastay
4366,0.000426614,75.94558328,35.60137871,False,-5.92,0.8,0,4475,10.852602461506514,Tastay
4367,0.000827933,75.93263119,35.59415046,False,-0.23,0.97,0,4972,10.498004915775045,Tastay
4368,0.001025019,75.95387766,35.59286522,False,-5.92,0.8,0,4534,12.0271073423378,Tastay
4369,0.002089096,75.95400286,35.59235351,False,-5.92,0.8,0,4535,12.07166405683867,Tastay
4370,0.002907249,75.95326579,35.59856807,False,-5.92,0.8,0,4481,11.595458608173457,Tastay
4371,0.000798153,75.95353372,35.59817063,False,-5.92,0.8,0,4493,11.641262188569975,Tastay
4372,0.000445104,75.95053346,35.61720873,False,-5.92,0.8,0,4285,10.274965794443895,Tastay
4373,0.000961923,75.95233031,35.56801898,False,-5.92,0.8,0,4815,13.833130274648427,Tastay
4374,0.004946993,75.88263417,35.57254271,False,-0.23,0.97,0,4507,10.226699772991852,Tastay
4375,0.000934559,75.88037936,35.56953792,False,-0.23,0.97,0,4562,10.492357860833858,Tastay
4376,0.000714465,75.88809946,35.56283147,False,-0.23,0.97,0,4585,11.4041098661756,Tastay
4377,0.000731704,75.88579781,35.58464375,False,-0.23,0.97,0,4403,9.043738896215203,Tastay
4378,0.001958264,75.83501111,35.59308963,False,-0.23,0.97,0,4297,7.636248480188478,Tastay
4379,0.000790617,75.83584644,35.59267666,False,-0.23,0.97,0,4286,7.668312265222586,Tastay
4380,0.000538864,75.83657726,35.59472489,False,-0.23,0.97,0,4281,7.432719157165702,Tastay
4381,0.000390763,75.83621984,35.59321485,False,-0.23,0.97,0,4286,7.6036614623087955,Tastay
4382,0.000326414,75.8365626,35.59359947,False,-0.23,0.97,0,4280,7.556381859693414,Tastay
4383,0.00037834,75.83643879,35.59410966,False,-0.23,0.97,0,4285,7.5022582311806385,Tastay
4384,0.00031508,75.83850935,35.59330156,False,-0.23,0.97,0,4296,7.56252635407889,Tastay
4385,0.00029686,75.83852141,35.59446742,False,-0.23,0.97,0,4289,7.4340221335773125,Tastay
4386,0.000515071,75.83883336,35.59532549,False,-0.23,0.97,0,4297,7.335589437847278,Tastay
4387,0.000343194,75.83917332,35.59581816,False,-0.23,0.97,0,4296,7.27708475393904,Tastay
4388,0.000176286,75.83830683,35.59597852,False,-0.23,0.97,0,4282,7.270566580568752,Tastay
4389,0.000446276,75.83721211,35.59658067,False,-0.23,0.97,0,4271,7.21975018709359,Tastay
4390,0.000385814,75.83674029,35.59664125,False,-0.23,0.97,0,4277,7.220154866124264,Tastay
4391,0.000299374,75.94898721,35.99638425,False,-11.83,0.6,0,4593,36.906404140800234,Askole
4392,0.00061195,75.94916746,35.97186292,False,-11.83,0.6,0,4788,34.34052482603175,Askole
4393,0.000681825,75.94828943,35.96970049,False,-11.83,0.6,0,4825,34.08757881713372,Askole
4394,0.001362211,75.77766804,35.6356004,False,-0.23,0.97,0,3823,4.769153304614921,Shamang
4395,0.004528478,75.77838861,35.63666289,False,-0.23,0.97,0,3803,4.6454645505854835,Shamang
4396,0.0014312,75.78077572,35.68091585,False,-0.23,0.97,0,2894,0.34913838532513153,Shamang
4397,0.000430687,75.7872472,35.68426646,False,-0.23,0.97,0,2917,0.5588148088552624,Surungo
4398,0.000589581,75.78563697,35.68436796,False,-0.23,0.97,0,2898,0.5240440903576808,Surungo
4399,0.000748457,75.78826508,35.68874935,False,-0.23,0.97,0,2994,0.255635386862656,Surungo
4400,0.000195436,75.78690967,35.68960465,False,-0.23,0.97,0,3025,0.14308550683054624,Surungo
4401,0.000400204,75.78636851,35.68991805,False,-0.23,0.97,0,3029,0.12404860283608267,Surungo
4402,0.000264212,75.78712064,35.69039128,False,-0.23,0.97,0,3032,0.20903170259135928,Surungo
4403,0.000120944,75.78675351,35.69069177,False,-0.23,0.97,0,3036,0.21387007983238013,Surungo
4404,0.000167548,75.78457078,35.6903811,False,-0.23,0.97,0,3026,0.16575834729435796,Surungo
4405,0.000274345,75.78662296,35.69154015,False,-0.23,0.97,0,3053,0.29304062750907944,Surungo
4406,0.00066979,75.78549722,35.69147009,False,-0.23,0.97,0,3039,0.26592766644432514,Surungo
4407,0.000321926,75.78384241,35.69056185,False,-0.23,0.97,0,3032,0.220538322186211,Surungo
4408,0.000332411,75.78408038,35.68677488,False,-0.23,0.97,0,2961,0.28501348582226405,Surungo
4409,0.000602718,75.78453557,35.68684233,False,-0.23,0.97,0,2974,0.2624203750149212,Surungo
4410,0.000494198,75.78500607,35.68713797,False,-0.23,0.97,0,2975,0.21972145065478205,Surungo
4411,0.000326857,75.7853706,35.68736205,False,-0.23,0.97,0,2981,0.1910678645789302,Surungo
4412,0.000644013,75.77541346,35.68845339,False,-0.23,0.97,0,2958,0.9103195034570329,Surungo
4413,0.000629478,75.77997949,35.83840212,False,-9.14,0.75,0,3978,16.611378378264035,Surungo
4414,0.00168923,75.78714508,35.8407176,False,-9.14,0.75,0,3971,16.86215879534848,Surungo
4415,0.001740746,75.78509151,35.84147328,False,-9.14,0.75,0,3970,16.9455374179932,Surungo
4416,0.000407118,75.79103508,35.83880384,False,-9.14,0.75,0,3974,16.656263311865306,Surungo
4417,0.00024022,75.79101157,35.83839034,False,-9.14,0.75,0,3969,16.610241190435882,Surungo
4418,0.000402611,75.78406481,35.84185938,False,-9.14,0.75,0,3980,16.988905355803556,Surungo
4419,0.001224253,75.7829428,35.84154643,False,-9.14,0.75,0,3976,16.95516371088577,Surungo
4420,0.001329193,75.78217978,35.84168964,False,-9.14,0.75,0,3977,16.972148757618907,Surungo
4421,0.00049976,75.78210717,35.84099282,False,-9.14,0.75,0,3974,16.89479395845386,Surungo
4422,0.000176835,75.7828623,35.84030757,False,-9.14,0.75,0,3972,16.817521086138424,Surungo
4423,0.00020663,75.78221467,35.83976217,False,-9.14,0.75,0,3976,16.75780165137159,Surungo
4424,0.001326921,75.74691993,35.83297198,False,-9.14,0.75,0,4016,15.249732136552735,Chokpiong
4425,0.000856424,75.74792767,35.83214465,False,-9.14,0.75,0,4014,15.25609690336311,Chokpiong
4426,0.000679601,75.74670617,35.83148097,False,-9.14,0.75,0,4014,15.124757430115467,Chokpiong
4427,0.000741054,75.74853581,35.8316895,False,-9.14,0.75,0,4012,15.263704653850079,Chokpiong
4428,0.00055825,75.74641889,35.83209458,False,-9.14,0.75,0,4015,15.150896794489388,Chokpiong
4429,0.032445789,75.74012117,35.82923722,False,-9.14,0.75,0,4006,14.51684078938301,Chokpiong
4430,0.003698641,75.74816885,35.82899089,False,-9.14,0.75,0,4011,15.042192769303856,Chokpiong
4431,0.000661179,75.74948352,35.82884569,False,-9.14,0.75,0,4011,15.122062725386698,Chokpiong
4432,0.002319914,75.74876781,35.82932914,False,-9.14,0.75,0,4013,15.107679065164321,Chokpiong
4433,0.00105381,75.75251918,35.82576634,False,-9.14,0.75,0,4005,15.115385584812431,Barjand
4434,0.002288069,75.76063787,35.82026294,False,-9.14,0.75,0,4010,14.557229331680281,Barjand
4435,0.005963519,75.76549348,35.8175645,False,-9.14,0.75,0,3957,14.308925262140955,Barjand
4436,0.000432545,75.76758873,35.81696898,False,-9.14,0.75,0,3949,14.269170847787263,Barjand
4437,0.010050878,75.77327623,35.8146444,False,-9.14,0.75,0,3984,14.005517638230511,Surungo
4438,0.007076017,75.7848671,35.80912151,False,-9.14,0.75,0,3919,13.348260031997427,Surungo
4439,0.001140904,75.78998363,35.80620224,False,-9.14,0.75,0,3907,13.029929738866098,Surungo
4440,0.010512499,75.79208592,35.80493799,False,-9.14,0.75,0,3906,12.896819609383725,Surungo
4441,0.002782185,75.78907656,35.80882008,False,-9.14,0.75,0,3895,13.318625272911902,Surungo
4442,0.001792723,75.78976475,35.80861722,False,-9.14,0.75,0,3891,13.297742902114058,Surungo
4443,0.001899037,75.80850932,35.79392973,False,-9.14,0.75,0,3861,11.842976725254433,Surungo
4444,0.001165709,75.80912928,35.79363599,False,-9.14,0.75,0,3866,11.820805918558213,Surungo
4445,0.001142069,75.82453615,35.7733491,False,-9.14,0.75,0,3697,10.01218176981777,Surungo
4446,0.001836832,75.82421683,35.77421437,False,-9.14,0.75,0,3697,10.092252346709676,Surungo
4447,0.011228029,75.82672598,35.77040425,False,-9.14,0.75,0,3686,9.779984701452847,Surungo
4448,0.001044693,75.82927155,35.76956499,False,-9.14,0.75,0,3677,9.784355570841852,Surungo
4449,0.001297295,75.82544026,35.7721865,False,-9.14,0.75,0,3685,9.920698408244084,Surungo
4450,0.001601203,75.82867069,35.76721409,False,-9.14,0.75,0,3705,9.5235160085994,Surungo
4451,0.003676362,75.83219479,35.76506309,False,-9.14,0.75,0,3694,9.332205237908,Askole
4452,0.002120874,75.85224576,35.75327908,False,-9.14,0.75,0,3558,8.515955126376632,Askole
4453,0.002832942,75.85773375,35.74851095,False,-0.23,0.97,0,3528,8.228387097341665,Askole
4454,0.009616001,75.85714703,35.74927931,False,-0.23,0.97,0,3528,8.2825482957145,Askole
4455,0.000891778,75.86297844,35.7608965,False,-9.14,0.75,0,3568,9.675580141095354,Askole
4456,0.000429713,75.8643164,35.76238369,False,-9.14,0.75,0,3571,9.876460908626733,Askole
4457,0.000529615,75.8646368,35.76210634,False,-9.14,0.75,0,3564,9.86087217762498,Askole
4458,0.002800408,75.86312191,35.76366386,False,-9.14,0.75,0,3565,9.960912776654897,Askole
4459,0.00089993,75.85690344,35.76970775,False,-9.14,0.75,0,3677,10.374026301707538,Askole
4460,0.001983683,75.85208135,35.77331879,False,-9.14,0.75,0,3647,10.618184758540611,Askole
4461,0.000665435,75.84997239,35.77650578,False,-9.14,0.75,0,3642,10.90575479907956,Askole
4462,0.000538551,75.85005093,35.77736949,False,-9.14,0.75,0,3645,11.000248732082662,Askole
4463,0.000567518,75.85136687,35.77653283,False,-9.14,0.75,0,3621,10.94269546876319,Askole
4464,0.001352869,75.80526353,35.81806924,False,-9.14,0.75,0,3887,14.45395027382425,Surungo
4465,0.000894005,75.80581941,35.81886058,False,-9.14,0.75,0,3889,14.547519974461146,Surungo
4466,0.000741009,75.80304567,35.81922947,False,-9.14,0.75,0,3902,14.558812423373508,Surungo
4467,0.000522572,75.80557534,35.81953213,False,-9.14,0.75,0,3888,14.618846821559288,Surungo
4468,0.000307489,75.8059235,35.81935884,False,-9.14,0.75,0,3889,14.603665987946528,Surungo
4469,0.001347829,75.80235253,35.82607552,False,-9.14,0.75,0,3910,15.309389940899923,Surungo
4470,0.000703158,75.79936951,35.82935176,False,-9.14,0.75,0,3939,15.648040655314015,Surungo
4471,0.00024406,75.79914329,35.82956179,False,-9.14,0.75,0,3938,15.669698560053329,Surungo
4472,0.000373752,75.79687019,35.83195389,False,-9.14,0.75,0,3951,15.92029963572075,Surungo
4473,0.000371811,75.79750631,35.83192575,False,-9.14,0.75,0,3952,15.92099158559791,Surungo
4474,0.000316037,75.79728238,35.83142025,False,-9.14,0.75,0,3950,15.863543212422355,Surungo
4475,0.000850169,75.7967357,35.8317724,False,-9.14,0.75,0,3951,15.899380314495893,Surungo
4476,0.000634193,75.79650486,35.83217336,False,-9.14,0.75,0,3952,15.942558654449364,Surungo
4477,0.001642071,75.78019891,35.83801564,False,-9.14,0.75,0,3976,16.567843466099735,Surungo
4478,0.025506903,75.76816429,35.81840595,False,-9.14,0.75,0,3938,14.434778900410235,Barjand
4479,0.015202103,75.75156867,35.82113455,False,-9.14,0.75,0,4010,14.597119408686835,Barjand
4480,0.000887088,75.73227259,35.80518858,False,-9.14,0.75,0,4347,12.280528739358934,Chokpiong
4481,0.000653921,75.73010607,35.79558785,False,-9.14,0.75,0,4533,11.526549831027896,Chokpiong
4482,0.000565723,75.73044795,35.79545364,False,-9.14,0.75,0,4526,11.544966170012975,Chokpiong
4483,0.000425576,75.73211008,35.79380287,False,-9.14,0.75,0,4542,11.578930590050975,Chokpiong
4484,0.000486868,75.7323234,35.7939911,False,-9.14,0.75,0,4542,11.606122281024794,Chokpiong
4485,0.00060196,75.77612559,35.9128559,False,-9.14,0.75,0,4858,23.652513716375545,Chokpiong
4486,0.000229156,75.77656396,35.91318064,False,-9.14,0.75,0,4865,23.704964861599883,Chokpiong
4487,0.00053707,75.77710707,35.91358385,False,-9.14,0.75,0,4891,23.770033528850256,Chokpiong
4488,0.000488608,75.771018,35.9041718,False,-9.14,0.75,0,4716,22.60235465963934,Chokpiong
4489,0.000471883,75.71971064,35.91731059,False,-9.14,0.75,0,4691,21.509333102571414,Chokpiong
4490,0.000284031,75.7204586,35.91692227,False,-9.14,0.75,0,4688,21.497902854388077,Chokpiong
4491,0.000413692,75.71935056,35.91795984,False,-9.14,0.75,0,4688,21.561823714369254,Chokpiong
4492,0.000378403,75.71834913,35.91954925,False,-9.14,0.75,0,4702,21.6866521723917,Chokpiong
4493,0.000494938,75.71469959,35.92055659,False,-9.14,0.75,0,4735,21.659430589809322,Chokpiong
4494,0.000687346,75.72768759,35.91397237,False,-9.14,0.75,0,4632,21.482463189565706,Chokpiong
4495,0.000642586,75.77413646,35.88290813,False,-9.14,0.75,0,4442,20.937649606902166,Chokpiong
4496,0.000593718,75.77747558,35.88388909,False,-9.14,0.75,0,4461,21.218309425224756,Chokpiong
4497,0.000657384,75.776892,35.88444325,False,-9.14,0.75,0,4456,21.22967403364344,Chokpiong
4498,0.000299935,75.77695188,35.88703541,False,-9.14,0.75,0,4457,21.45040643810271,Chokpiong
4499,0.000815287,75.77299961,35.88742348,False,-9.14,0.75,0,4440,21.252215031176846,Chokpiong
4500,0.000897764,75.79152592,35.88723595,False,-9.14,0.75,0,4552,22.040864785821284,Surungo
4501,0.000361992,75.79072207,35.88815599,False,-9.14,0.75,0,4555,22.14146530570488,Surungo
4502,0.000880265,75.79877229,35.88436692,False,-9.14,0.75,0,4698,21.748215570073345,Surungo
4503,0.002109663,75.80605041,35.88868647,False,-9.14,0.75,0,4675,22.272911011872484,Surungo
4504,0.000653019,75.80672506,35.88957588,False,-9.14,0.75,0,4673,22.376598296239457,Surungo
4505,0.000473471,75.80522313,35.88932876,False,-9.14,0.75,0,4663,22.33800453241779,Surungo
4506,0.000774647,75.80334936,35.89139993,False,-9.14,0.75,0,4652,22.55486159747337,Surungo
4507,0.000654597,75.80123328,35.8924165,False,-9.14,0.75,0,4626,22.65482666908473,Surungo
4508,0.000606513,75.80146265,35.89256682,False,-9.14,0.75,0,4632,22.672815798315266,Surungo
4509,0.001080472,75.79995107,35.88689962,False,-9.14,0.75,0,4654,22.03546372682897,Surungo
4510,0.001072084,75.80085981,35.88629694,False,-9.14,0.75,0,4652,21.97359545341147,Surungo
4511,0.000904455,75.80051808,35.88717984,False,-9.14,0.75,0,4651,22.06965560971799,Surungo
4512,0.017406742,75.80205852,35.88694463,False,-9.14,0.75,0,4649,22.052546520585544,Surungo
4513,0.000978181,75.80697783,35.89143546,False,-9.14,0.75,0,4669,22.58456594614184,Surungo
4514,0.000675505,75.77825373,35.88217391,False,-9.14,0.75,0,4452,21.122905222944894,Chokpiong
4515,0.000364617,75.77685459,35.88337248,False,-9.14,0.75,0,4464,21.138210964162713,Chokpiong
4516,0.000941512,75.77268604,35.88154808,False,-9.14,0.75,0,4415,20.737787935604263,Chokpiong
4517,0.001394624,75.73752006,35.87121886,False,-9.14,0.75,0,4109,17.862732440493794,Chokpiong
4518,0.000327506,75.73632973,35.87522023,False,-9.14,0.75,0,4104,18.16360596832459,Chokpiong
4519,0.00092549,75.73812625,35.87188662,False,-9.14,0.75,0,4112,17.954907301834545,Chokpiong
4520,0.000486282,75.7390817,35.87107854,False,-9.14,0.75,0,4111,17.933020384874606,Chokpiong
4521,0.001002371,75.74327939,35.8663795,False,-9.14,0.75,0,4073,17.746391759779318,Chokpiong
4522,0.000698831,75.74181464,35.86632974,False,-9.14,0.75,0,4080,17.66057022655959,Chokpiong
4523,0.000580528,75.74103139,35.86740299,False,-9.14,0.75,0,4092,17.711739560988942,Chokpiong
4524,0.000337036,75.74140503,35.86755716,False,-9.14,0.75,0,4090,17.745852942491965,Chokpiong
4525,0.0005511,75.74085701,35.86793296,False,-9.14,0.75,0,4096,17.748964168194018,Chokpiong
4526,0.00054936,75.73981413,35.86745173,False,-9.14,0.75,0,4093,17.649445377687318,Chokpiong
4527,0.00043242,75.74116278,35.86679857,False,-9.14,0.75,0,4084,17.665727850485972,Chokpiong
4528,0.000455896,75.74251563,35.86737585,False,-9.14,0.75,0,4087,17.79115419960634,Chokpiong
4529,0.000758617,75.74554508,35.86716585,False,-9.14,0.75,0,4055,17.941818855769842,Chokpiong
4530,0.003597965,75.74656927,35.86699637,False,-9.14,0.75,0,4043,17.984889636521174,Chokpiong
4531,0.001810641,75.74703898,35.86617724,False,-9.14,0.75,0,4068,17.94078678509777,Chokpiong
4532,0.003615079,75.7520828,35.86341504,False,-9.14,0.75,0,4049,17.998084814674293,Chokpiong
4533,0.00212912,75.75127052,35.86198466,False,-9.14,0.75,0,4052,17.830019481609423,Chokpiong
4534,0.001578274,75.75225365,35.86200235,False,-9.14,0.75,0,4050,17.88983059613736,Chokpiong
4535,0.000362282,75.75323267,35.86143402,False,-9.14,0.75,0,4046,17.900876282613876,Chokpiong
4536,0.000199709,75.75318745,35.86185856,False,-9.14,0.75,0,4048,17.933487621721167,Chokpiong
4537,0.00041431,75.75431147,35.86199436,False,-9.14,0.75,0,4037,18.012057360864357,Chokpiong
4538,0.000680754,75.75447702,35.86141257,False,-9.14,0.75,0,4042,17.97378912844453,Chokpiong
4539,0.000948159,75.75396312,35.86116484,False,-9.14,0.75,0,4046,17.922364948501144,Chokpiong
4540,0.001667347,75.75526063,35.86048774,False,-9.14,0.75,0,4042,17.94482034941555,Chokpiong
4541,0.00141068,75.75549564,35.86001945,False,-9.14,0.75,0,4041,17.92062235044899,Chokpiong
4542,0.001368163,75.75565135,35.86082607,False,-9.14,0.75,0,4038,17.996342767033926,Chokpiong
4543,0.000942143,75.75892119,35.86063225,False,-9.14,0.75,0,4038,18.180175067657792,Chokpiong
4544,0.00103758,75.75637102,35.85973779,False,-9.14,0.75,0,4038,17.950935655378455,Chokpiong
4545,0.00065548,75.75705144,35.85998377,False,-9.14,0.75,0,4033,18.012642393511882,Chokpiong
4546,0.000151908,75.7567856,35.8602205,False,-9.14,0.75,0,4035,18.01572032943406,Chokpiong
4547,0.000108116,75.75630298,35.86037159,False,-9.14,0.75,0,4036,17.998642038121886,Chokpiong
4548,0.000598453,75.75762757,35.85946972,False,-9.14,0.75,0,4034,18.00613015294509,Chokpiong
4549,0.000541804,75.75705874,35.85907816,False,-9.14,0.75,0,4037,17.939323521482077,Chokpiong
4550,0.001323711,75.75525109,35.85854269,False,-9.14,0.75,0,4039,17.784837476178136,Chokpiong
4551,0.00064586,75.75397474,35.85807425,False,-9.14,0.75,0,4040,17.668572596354696,Chokpiong
4552,0.000283488,75.75289364,35.85886255,False,-9.14,0.75,0,4045,17.66764398542748,Chokpiong
4553,0.000374853,75.75321525,35.85943526,False,-9.14,0.75,0,4040,17.734312540463762,Chokpiong
4554,0.000363652,75.75382368,35.8596252,False,-9.14,0.75,0,4040,17.786764113064386,Chokpiong
4555,0.000279188,75.75333574,35.86038225,False,-9.14,0.75,0,4044,17.819830336993835,Chokpiong
4556,0.000218526,75.75278266,35.86061184,False,-9.14,0.75,0,4046,17.805627505754213,Chokpiong
4557,0.000895268,75.75245401,35.86092103,False,-9.14,0.75,0,4049,17.811631309471167,Chokpiong
4558,0.000795852,75.75376013,35.86275261,False,-9.14,0.75,0,4038,18.042151804180083,Chokpiong
4559,0.000135545,75.75360642,35.86241998,False,-9.14,0.75,0,4040,18.00526088862557,Chokpiong
4560,0.000943739,75.75153177,35.86303024,False,-9.14,0.75,0,4052,17.93323183740392,Chokpiong
4561,0.001368106,75.75731543,35.85839391,False,-9.14,0.75,0,4035,17.89959923583134,Chokpiong
4562,0.000321428,75.75761776,35.85810849,False,-9.14,0.75,0,4032,17.895185386367196,Chokpiong
4563,0.000789687,75.75898686,35.85819201,False,-9.14,0.75,0,4030,17.98684917559761,Chokpiong
4564,0.000297437,75.75806031,35.85877223,False,-9.14,0.75,0,4033,17.97623942460223,Chokpiong
4565,0.000694908,75.75759948,35.85734094,False,-9.14,0.75,0,4030,17.8320980664003,Chokpiong
4566,0.000521643,75.75830341,35.85704913,False,-9.14,0.75,0,4030,17.852418299078735,Chokpiong
4567,0.000431058,75.75809929,35.85677205,False,-9.14,0.75,0,4029,17.8174458484592,Chokpiong
4568,0.000200062,75.75923643,35.85723413,False,-9.14,0.75,0,4033,17.925498967197484,Chokpiong
4569,0.000272446,75.75958065,35.85750192,False,-9.14,0.75,0,4033,17.96846565905125,Chokpiong
4570,0.000927185,75.75639466,35.85674257,False,-9.14,0.75,0,4033,17.70909621981539,Chokpiong
4571,0.000385697,75.75552392,35.85728069,False,-9.14,0.75,0,4036,17.698856295622647,Chokpiong
4572,0.000355604,75.75674855,35.85782138,False,-9.14,0.75,0,4034,17.81822414125955,Chokpiong
4573,0.000180562,75.75477876,35.8578905,False,-9.14,0.75,0,4041,17.702701106848714,Chokpiong
4574,0.00019374,75.75723558,35.85663039,False,-9.14,0.75,0,4028,17.75226401681492,Chokpiong
4575,0.000858444,75.75983552,35.85638091,False,-9.14,0.75,0,4028,17.894912782280127,Chokpiong
4576,0.006151481,75.75906074,35.85600053,False,-9.14,0.75,0,4028,17.815903564176175,Chokpiong
4577,0.000446295,75.75874184,35.8557101,False,-9.14,0.75,0,4030,17.7727144267433,Chokpiong
4578,0.0007561,75.76001399,35.85609849,False,-9.14,0.75,0,4027,17.88367443391093,Chokpiong
4579,0.001582342,75.75928384,35.85487396,False,-9.14,0.75,0,4031,17.740381888818177,Chokpiong
4580,0.000615584,75.75993294,35.85524243,False,-9.14,0.75,0,4028,17.810616015588167,Chokpiong
4581,0.000721651,75.76004301,35.85499652,False,-9.14,0.75,0,4028,17.798111416382433,Chokpiong
4582,0.000527269,75.76043131,35.85513559,False,-9.14,0.75,0,4029,17.833709714856354,Chokpiong
4583,0.000286906,75.76094161,35.85502809,False,-9.14,0.75,0,4030,17.857600456687905,Chokpiong
4584,0.000230031,75.76117336,35.85433318,False,-9.14,0.75,0,4029,17.817646706351468,Chokpiong
4585,0.000422176,75.75962804,35.85400516,False,-9.14,0.75,0,4030,17.693471974345943,Chokpiong
4586,0.002437403,75.76587404,35.85586799,False,-9.14,0.75,0,4031,18.2388936484098,Chokpiong
4587,0.003398473,75.76839953,35.85269408,False,-9.14,0.75,0,4023,18.159294567180215,Chokpiong
4588,0.000491584,75.76654736,35.85151784,False,-9.14,0.75,0,4014,17.948049504110895,Chokpiong
4589,0.000199539,75.76758284,35.85328127,False,-9.14,0.75,0,4025,18.15041913144943,Chokpiong
4590,0.002154475,75.78363438,35.84199365,False,-9.14,0.75,0,3981,17.004167699048356,Surungo
4591,0.000465914,75.78279332,35.84226998,False,-9.14,0.75,0,3984,17.035796986090148,Surungo
4592,0.003982618,75.78228873,35.8427605,False,-9.14,0.75,0,3984,17.091037316732884,Surungo
4593,0.000441696,75.78087292,35.84258197,False,-9.14,0.75,0,3980,17.073809767198604,Surungo
4594,0.000291286,75.78013231,35.84342399,False,-9.14,0.75,0,3986,17.169152819102187,Surungo
4595,0.000184382,75.78113095,35.84339097,False,-9.14,0.75,0,3987,17.16319404132625,Surungo
4596,0.002593441,75.78141138,35.84297809,False,-9.14,0.75,0,3984,17.116736701275713,Surungo
4597,0.035338029,75.78184332,35.84487612,False,-9.14,0.75,0,3972,17.326961865227734,Surungo
4598,0.00171983,75.75097952,35.86381294,False,-9.14,0.75,0,4057,17.966706143810157,Chokpiong
4599,0.000818357,75.72404975,35.88106328,False,-9.14,0.75,0,4122,18.111024984201897,Chokpiong
4600,0.005667419,75.71018927,35.88598617,False,-9.14,0.75,0,4140,17.99425043284039,Chokpiong
4601,0.060274533,75.72946149,35.84186777,False,-9.14,0.75,0,3999,14.852260627110493,Chokpiong
4602,0.009486029,75.73186461,35.83930773,False,-9.14,0.75,0,4034,14.783758123847017,Chokpiong
4603,0.003505885,75.73393492,35.83817271,False,-9.14,0.75,0,4040,14.817961689591405,Chokpiong
4604,0.000861294,75.73283964,35.84097928,False,-9.14,0.75,0,4043,14.980430226297406,Chokpiong
4605,0.000483641,75.73147236,35.84207025,False,-9.14,0.75,0,4036,14.988689325496729,Chokpiong
4606,0.001163899,75.73028714,35.84305097,False,-9.14,0.75,0,4032,15.000404489244747,Chokpiong
4607,0.000716759,75.73089202,35.84319856,False,-9.14,0.75,0,4041,15.048535889245727,Chokpiong
4608,0.000510111,75.72959302,35.84354784,False,-9.14,0.75,0,4034,15.001438337244757,Chokpiong
4609,0.000494089,75.73049968,35.84375722,False,-9.14,0.75,0,4041,15.072353628196817,Chokpiong
4610,0.000337825,75.73074667,35.84371448,False,-9.14,0.75,0,4042,15.083300946316818,Chokpiong
4611,0.000507044,75.73200321,35.84402496,False,-9.14,0.75,0,4041,15.18360860890594,Chokpiong
4612,0.000494721,75.73071008,35.84427116,False,-9.14,0.75,0,4042,15.128040895872378,Chokpiong
4613,0.000207142,75.72987201,35.84408214,False,-9.14,0.75,0,4038,15.062933322231244,Chokpiong
4614,0.037823744,75.72978571,35.8378465,False,-9.14,0.75,0,4024,14.537454892201021,Chokpiong
4615,0.001726356,75.73281997,35.8338348,False,-9.14,0.75,0,4070,14.399983579944813,Chokpiong
4616,0.001493796,75.73207841,35.8335696,False,-9.14,0.75,0,4075,14.332236537150964,Chokpiong
4617,0.000331869,75.73247717,35.83336398,False,-9.14,0.75,0,4073,14.34092823955358,Chokpiong
4618,0.000456763,75.73145499,35.83232163,False,-9.14,0.75,0,4080,14.193630096647857,Chokpiong
4619,0.006287341,75.73754905,35.83258627,False,-9.14,0.75,0,4039,14.603612614843401,Chokpiong
4620,0.000889876,75.7391743,35.83279519,False,-9.14,0.75,0,4023,14.725149955926984,Chokpiong
4621,0.00145672,75.74122059,35.83292345,False,-9.14,0.75,0,4017,14.868569167081418,Chokpiong
4622,0.000350255,75.74023778,35.83262295,False,-9.14,0.75,0,4022,14.781266757078882,Chokpiong
4623,0.000697642,75.74028809,35.83234678,False,-9.14,0.75,0,4025,14.763431944615206,Chokpiong
4624,0.00047333,75.73988588,35.83257353,False,-9.14,0.75,0,4023,14.754489168411737,Chokpiong
4625,0.00127646,75.74093651,35.83374956,False,-9.14,0.75,0,4025,14.913280586761273,Chokpiong
4626,0.000435793,75.74541829,35.83318688,False,-9.14,0.75,0,4023,15.165626139066518,Chokpiong
4627,0.000260149,75.74198509,35.83535768,False,-9.14,0.75,0,4027,15.10529522844799,Chokpiong
4628,0.000949663,75.73795612,35.83478172,False,-9.14,0.75,0,4028,14.800773449835937,Chokpiong
4629,0.000584011,75.73881936,35.83483083,False,-9.14,0.75,0,4028,14.859978021317326,Chokpiong
4630,0.000628892,75.74016346,35.83552282,False,-9.14,0.75,0,4027,15.000338307799232,Chokpiong
4631,0.000715649,75.74751175,35.83634502,False,-9.14,0.75,0,4019,15.54250186304544,Chokpiong
4632,0.000480486,75.74795953,35.83715878,False,-9.14,0.75,0,4024,15.633752229299906,Chokpiong
4633,0.004544824,74.86163299,36.15466937,False,-3.39,0.77,0,3435,9.304993448388172,Tarkiching Das
4634,0.001531317,75.01715932,36.08371316,False,-3.39,0.77,0,4301,10.01640780791343,Hispar
4635,0.006415717,75.01671176,36.08427837,False,-3.39,0.77,0,4302,9.946668300679574,Hispar
4636,0.004769501,75.01628433,36.08536731,False,-3.39,0.77,0,4296,9.820316376969433,Hispar
4637,0.002349917,75.00775798,36.11619132,False,-3.39,0.77,0,4019,6.309048539126286,Hispar
4638,0.001278206,74.98302783,36.24105726,False,-3.39,0.77,0,4575,5.886134565038816,Tarkiching Das
4639,0.002450637,75.01005985,36.08569638,False,-3.39,0.77,0,4288,9.68673109235412,Hispar
4640,0.009830189,74.6462599,36.03885751,False,1.74,0.72,1,3327,3.124943180163439,Daar Bagrote
4641,0.002666305,74.64954436,36.06657303,False,1.74,0.72,1,3709,4.460214733438099,Daar Bagrote
4642,0.048501534,74.80598795,36.00587076,False,-3.39,0.77,0,3302,10.738019518888361,Iskere
4643,0.005576915,75.01648272,35.80047602,False,-3.39,0.77,0,3439,11.959299314434377,استک
4644,0.000814414,75.02016192,35.79525782,False,-3.39,0.77,1,3434,11.349130575687365,استک
4645,0.001532699,75.0526871,35.77342514,False,-3.39,0.77,1,3089,9.090135784357207,استک
4646,0.004679183,75.05010233,35.77505802,False,-3.39,0.77,1,3122,9.221291198340067,استک
4647,0.000893289,75.04851455,35.77655872,False,-3.39,0.77,1,3153,9.360142940674434,استک
4648,0.004639532,75.0480404,35.77722911,False,-3.39,0.77,1,3162,9.426591270228103,استک
4649,0.000462991,75.04447856,35.78074332,False,-3.39,0.77,1,3189,9.767393813154296,استک
4650,0.00049165,75.04183151,35.7812678,False,-3.39,0.77,1,3221,9.798740830323647,استک
4651,0.001025376,75.02810842,35.79539607,False,-3.39,0.77,1,3378,11.324794905479239,استک
4652,0.001489271,74.99495948,35.80645125,False,-3.39,0.77,0,3589,12.965884197735061,Manoneri
4653,0.000346396,75.08122107,35.79974115,False,-3.39,0.77,1,3711,12.642170007360518,استک
4654,0.001096106,75.0805539,35.80046114,False,-3.39,0.77,1,3726,12.695653746080069,استک
4655,0.005695796,75.07975323,35.80299088,False,-3.39,0.77,1,3756,12.934622148375029,استک
4656,0.000859012,75.08078117,35.80416962,False,-3.39,0.77,1,3761,13.089462496846673,استک
4657,0.003328199,75.08192257,35.80379767,False,-3.39,0.77,1,3754,13.086373011494597,استک
4658,0.002487788,75.07994221,35.80711864,False,-3.39,0.77,1,3801,13.372821622328365,استک
4659,0.000947017,75.08205259,35.80711847,False,-3.39,0.77,1,3800,13.436796526258862,استک
4660,0.000589785,75.0755644,35.80852629,False,-3.39,0.77,1,3809,13.397060280044975,استک
4661,0.000406435,75.07686104,35.80809043,False,-3.39,0.77,1,3805,13.3864769222362,استک
4662,0.001268635,75.07986395,35.81274329,False,-3.39,0.77,0,3847,13.962529211401579,استک
4663,0.000374509,75.08041387,35.81309798,False,-3.39,0.77,0,3847,14.015641880947387,استک
4664,0.000840468,75.07988911,35.81324632,False,-3.39,0.77,0,3851,14.016331239154816,استک
4665,0.00058789,75.07743453,35.81437834,False,-3.39,0.77,0,3861,14.068444165621019,استک
4666,0.000631898,75.07672137,35.81452619,False,-3.39,0.77,0,3868,14.06516392619363,استک
4667,0.00076832,75.07793834,35.81546066,False,-3.39,0.77,0,3867,14.196860592012197,استک
4668,0.000860593,75.07537654,35.81570371,False,-3.39,0.77,0,3864,14.15566197269538,استک
4669,0.00038295,75.07522095,35.81619762,False,-3.39,0.77,0,3868,14.204409691777744,استک
4670,0.000676274,75.08295487,35.81605043,False,-3.39,0.77,0,3892,14.400183108379206,استک
4671,0.000509622,75.08279751,35.81529464,False,-3.39,0.77,0,3873,14.316104890182922,استک
4672,0.013588605,75.23775136,35.77384397,False,-3.39,0.77,0,4192,12.618372880273798,Surlo
4673,0.004989594,75.25610654,35.73597914,False,1.52,1.06,0,4311,8.104998414723655,Surlo
4674,0.001284233,75.75447351,35.64072787,False,-0.23,0.97,0,4604,4.901236892634356,Shamang
4675,0.002286308,75.67734635,35.66038135,False,-0.23,0.97,0,4462,5.509676588013371,Kharwa
4676,0.000510921,75.6885334,35.67487232,False,-0.23,0.97,0,4152,3.8805477032466964,Kharwa
4677,0.001111986,74.99934358,35.99345304,False,-3.39,0.77,0,4441,19.106549215766076,Iskere
4678,0.006127052,75.11425258,35.96311169,False,-3.39,0.77,0,3807,22.621623826464457,Arandu
4679,0.000739424,75.11509146,35.96206243,False,-3.39,0.77,0,3805,22.49984315578845,Arandu
4680,0.000712082,75.12018102,35.95957259,False,-3.39,0.77,0,3800,21.965321760183663,Arandu
4681,0.000629798,75.11900148,35.95920794,False,-3.39,0.77,0,3800,22.03998293178989,Arandu
4682,0.002479473,75.1197812,35.95920514,False,-3.39,0.77,0,3801,21.977848671708998,Arandu
4683,0.000668187,75.12093735,35.95820355,False,-3.39,0.77,0,3797,21.83373835116659,Arandu
4684,0.000308091,75.12469914,35.9554904,False,-3.39,0.77,0,3780,21.393660946709726,Arandu
4685,0.000860284,75.12482439,35.95602038,False,-3.39,0.77,0,3784,21.41103333643822,Arandu
4686,0.001045078,75.12754172,35.9545344,False,-3.39,0.77,0,3771,21.11767449250694,Arandu
4687,0.000520401,75.12939052,35.95430625,False,-3.39,0.77,0,3774,20.9585673299711,Arandu
4688,0.001109482,75.13014214,35.95392093,False,-3.39,0.77,0,3772,20.878740008877966,Arandu
4689,0.000831707,75.1289667,35.95357093,False,-3.39,0.77,0,3769,20.954370391876267,Arandu
4690,0.000336205,75.12934796,35.95357334,False,-3.39,0.77,0,3770,20.924075599976387,Arandu
4691,0.00086979,75.13482847,35.93508225,False,-3.39,0.77,0,3715,19.599121990624923,Arandu
4692,0.000830255,75.13410647,35.93540607,False,-3.39,0.77,0,3716,19.673020279980104,Arandu
4693,0.000701135,75.13735685,35.93389092,False,-3.39,0.77,0,3715,19.337883188993786,Arandu
4694,0.001669968,75.13552969,35.93142383,False,-3.39,0.77,0,3707,19.38558949500484,Arandu
4695,0.001038302,75.13607613,35.93116422,False,-3.39,0.77,0,3706,19.32917411486059,Arandu
4696,0.000977295,75.13504837,35.93013134,False,-3.39,0.77,0,3705,19.37275840373531,Arandu
4697,0.00071128,75.13369895,35.9298201,False,-3.39,0.77,0,3706,19.47332155814765,Arandu
4698,0.000503051,75.13242541,35.93103853,False,-3.39,0.77,0,3703,19.629458000816808,Arandu
4699,0.000547298,75.12880581,35.932545,False,-3.39,0.77,0,3717,19.994091850137725,Arandu
4700,0.000904109,75.12848352,35.93381299,False,-3.39,0.77,0,3720,20.073304867464593,Arandu
4701,0.00119521,75.12929995,35.93397278,False,-3.39,0.77,0,3718,20.011800629285613,Arandu
4702,0.000486044,75.12845238,35.93426306,False,-3.39,0.77,0,3722,20.094646596257814,Arandu
4703,0.001499886,75.12783351,35.93430339,False,-3.39,0.77,0,3723,20.147978333663808,Arandu
4704,0.005355905,75.12418959,35.93248408,False,-3.39,0.77,0,3712,20.37870190266092,Arandu
4705,0.00360656,75.1210414,35.93172076,False,-3.39,0.77,0,3736,20.61328258365643,Arandu
4706,0.003153872,75.12372723,35.92936079,False,-3.39,0.77,0,3721,20.295140232338554,Arandu
4707,0.000723432,75.12439165,35.9291311,False,-3.39,0.77,0,3721,20.23017846729757,Arandu
4708,0.000762203,75.12570242,35.92934209,False,-3.39,0.77,0,3712,20.127581724386392,Arandu
4709,0.001307939,75.12509781,35.92806727,False,-3.39,0.77,0,3724,20.129906052616814,Arandu
4710,0.001855006,75.12402282,35.92785411,False,-3.39,0.77,0,3725,20.212912357601144,Arandu
4711,0.010711852,75.04923188,35.98158662,False,-3.39,0.77,0,4005,21.72813820988283,Hispar
4712,0.001329882,75.01870175,35.98741673,False,-3.39,0.77,0,4186,20.350644636625113,Iskere
4713,0.001010669,75.02198747,35.98626162,False,-3.39,0.77,0,4178,20.565178969669468,Iskere
4714,0.000618922,75.0871651,35.95512705,False,-3.39,0.77,0,3908,24.422120716382494,Arandu
4715,0.00092355,75.09250572,35.97636929,False,-3.39,0.77,0,3914,23.464531304191464,Hispar
4716,0.00064077,75.09289399,35.97607815,False,-3.39,0.77,0,3912,23.507674543607113,Hispar
4717,0.000660133,75.0868889,35.98218688,False,-3.39,0.77,0,3947,22.67618960336093,Hispar
4718,0.002888994,75.0923765,35.98462608,False,-3.39,0.77,0,3951,22.61188958949307,Hispar
4719,0.002851053,75.08301901,35.98743389,False,-3.39,0.77,0,3971,22.005964282601578,Hispar
4720,0.003722821,75.08091691,35.98583722,False,-3.39,0.77,0,3932,22.104248196655266,Hispar
4721,0.001064606,75.08575643,35.9840783,False,-3.39,0.77,0,3925,22.44316269390409,Hispar
4722,0.000774019,75.09361311,35.97993496,False,-3.39,0.77,0,3923,23.13586521960278,Hispar
4723,0.000584124,75.09449205,35.98003649,False,-3.39,0.77,0,3921,23.156076644918315,Hispar
4724,0.000672819,75.09416005,35.97978433,False,-3.39,0.77,0,3921,23.170330368208482,Hispar
4725,0.000453761,75.09265663,35.98109852,False,-3.39,0.77,0,3922,22.983320007820755,Hispar
4726,0.001636133,75.13376875,35.94833519,False,-3.39,0.77,0,3750,20.304281467132796,Arandu
4727,0.000467113,75.11971658,35.90733595,False,-3.39,0.77,0,3925,19.937252665597555,Arandu
4728,0.000786456,75.0960931,35.95184442,False,-3.39,0.77,0,3833,23.53953911830671,Arandu
4729,0.000469021,75.09574553,35.95312803,False,-3.39,0.77,0,3834,23.62603257774744,Arandu
4730,0.000436435,75.09559535,35.95387092,False,-3.39,0.77,0,3840,23.672174073870586,Arandu
4731,0.000544789,75.10285534,35.9523732,False,-3.39,0.77,0,3831,23.008234606104235,Arandu
4732,0.00081523,75.10428299,35.95169872,False,-3.39,0.77,0,3828,22.86019129552494,Arandu
4733,0.000396025,75.06679774,35.95763466,False,-3.39,0.77,0,4264,23.369867132358706,Iskere
4734,0.000683568,75.07937878,35.97109536,False,-3.39,0.77,0,3943,23.600360972885532,Hispar
4735,0.001469881,75.06078921,35.97490725,False,-3.39,0.77,0,4007,22.703413751125833,Hispar
4736,0.000387755,75.06200334,35.97489105,False,-3.39,0.77,0,3991,22.734149670726236,Hispar
4737,0.00080085,75.02360872,35.96138057,False,-3.39,0.77,0,4376,19.722132953667472,Iskere
4738,0.000455223,75.06322279,35.97881213,False,-3.39,0.77,0,3992,22.344525963830204,Hispar
4739,0.000463827,75.06500027,35.97835632,False,-3.39,0.77,0,3986,22.437993888143215,Hispar
4740,0.000595793,75.06434105,35.98474496,False,-3.39,0.77,0,3989,21.740367227397833,Hispar
4741,0.000712178,75.06352883,35.98436513,False,-3.39,0.77,0,3991,21.759789492091112,Hispar
4742,0.000616478,75.06405814,35.9843823,False,-3.39,0.77,0,3991,21.77162581879012,Hispar
4743,0.000648339,75.0656626,35.98364685,False,-3.39,0.77,0,3981,21.891809106395115,Hispar
4744,0.0004155,75.05509109,35.98420539,False,-3.39,0.77,0,4008,21.572152146453202,Hispar
4745,0.000997686,75.07060138,35.98882018,False,-3.39,0.77,0,3979,21.480152729725138,Hispar
4746,0.008362135,75.06850613,35.98974679,False,-3.39,0.77,0,3976,21.32283287344166,Hispar
4747,0.000700061,75.06301568,35.99087307,False,-3.39,0.77,0,4000,21.053777212921435,Hispar
4748,0.001449009,75.05506439,35.99847542,False,-3.39,0.77,0,4106,20.04051885447305,Hispar
4749,0.000915376,75.05456563,35.99923943,False,-3.39,0.77,0,4104,19.946562471010346,Hispar
4750,0.000639281,75.05533625,35.9990289,False,-3.39,0.77,0,4106,19.988010211466463,Hispar
4751,0.000744412,75.05712836,36.00154792,False,-3.39,0.77,0,4127,19.764272581166335,Hispar
4752,0.002114546,75.06472219,36.00905946,False,-3.39,0.77,0,4209,19.179790796513384,Hispar
4753,0.000740918,75.0655141,36.00928562,False,-3.39,0.77,0,4204,19.179703450831045,Hispar
4754,0.000537455,75.06221797,36.00933667,False,-3.39,0.77,0,4200,19.07744023436454,Hispar
4755,0.001083905,75.06876664,36.01429953,False,-3.39,0.77,0,4245,18.757427666448123,Hispar
4756,0.00227679,75.06896988,36.01496721,False,-3.39,0.77,0,4243,18.694642154024056,Hispar
4757,0.001262195,75.06827416,36.01513271,False,-3.39,0.77,0,4238,18.65507813242485,Hispar
4758,0.001887848,75.04258402,35.99606233,False,-3.39,0.77,0,4078,20.02586310329128,Hispar
4759,0.028310495,75.04431734,35.99560043,False,-3.39,0.77,0,4030,20.110301950814158,Hispar
4760,0.001048672,75.12370118,36.21673383,False,-3.39,0.77,0,4189,12.645176467482024,Hispar
4761,0.000594142,75.12517245,36.21660579,False,-3.39,0.77,0,4177,12.761050825620801,Hispar
4762,0.001292393,75.12641772,36.21630135,False,-3.39,0.77,0,4183,12.85099742942117,Hispar
4763,0.001116524,75.12586926,36.21543013,False,-3.39,0.77,0,4174,12.76857258216092,Hispar
4764,0.00126702,75.1294815,36.21462926,False,-3.39,0.77,0,4167,13.036383482572845,Hispar
4765,0.001247014,75.12789791,36.21419182,False,-3.39,0.77,0,4168,12.88635736042974,Hispar
4766,0.000459884,75.1269224,36.21260145,False,-3.39,0.77,0,4152,12.741081935420768,Hispar
4767,0.000668179,75.12537501,36.21281348,False,-3.39,0.77,0,4164,12.619861061042096,Hispar
4768,0.001065903,75.12395084,36.21426891,False,-3.39,0.77,0,4172,12.560500015171508,Hispar
4769,0.000592907,75.12327218,36.21531924,False,-3.39,0.77,0,4177,12.54850642530689,Hispar
4770,0.001366922,75.12696466,36.20850185,False,-3.39,0.77,0,4130,12.590120235551977,Hispar
4771,0.001150107,75.12885157,36.20840535,False,-3.39,0.77,0,4128,12.747045307251243,Hispar
4772,0.004016306,75.12935558,36.20637039,False,-3.39,0.77,0,4128,12.720003814189711,Hispar
4773,0.003401229,75.13017451,36.20492779,False,-3.39,0.77,0,4121,12.743000933979207,Hispar
4774,0.001665813,75.12819724,36.20469394,False,-3.39,0.77,0,4117,12.56564214741213,Hispar
4775,0.001923946,75.13078094,36.20391112,False,-3.39,0.77,0,4111,12.763174518487741,Hispar
4776,0.000829137,75.13071828,36.20321701,False,-3.39,0.77,0,4109,12.736486127505506,Hispar
4777,0.000580215,75.13137882,36.20358439,False,-3.39,0.77,0,4106,12.804676113376216,Hispar
4778,0.000512732,75.13134928,36.20153773,False,-3.39,0.77,0,4103,12.741465427151509,Hispar
4779,0.001377664,75.13575348,36.19932418,False,-3.39,0.77,0,4104,13.064106978903283,Hispar
4780,0.000426624,75.13156246,36.2005333,False,-3.39,0.77,0,4095,12.731600693663617,Hispar
4781,0.001172737,75.12803945,36.19654021,False,-3.39,0.77,0,4072,12.319620212083995,Hispar
4782,0.000961731,75.12857244,36.19566704,False,-3.39,0.77,0,4078,12.345145918711108,Hispar
4783,0.000983548,75.12790237,36.19260135,False,-3.39,0.77,0,4055,12.217751552984817,Hispar
4784,0.000596306,75.12390138,36.19273701,False,-3.39,0.77,0,4037,11.868237696345101,Hispar
4785,0.000863668,75.12953403,36.1903179,False,-3.39,0.77,0,4041,12.316936421911413,Hispar
4786,0.002644554,75.13212508,36.18835387,False,-3.39,0.77,0,4026,12.512592775078023,Hispar
4787,0.000441438,75.13265398,36.1886659,False,-3.39,0.77,0,4034,12.564639606700519,Hispar
4788,0.001839632,75.12667369,36.18905229,False,-3.39,0.77,0,4029,12.040838575035215,Hispar
4789,0.001197596,75.12777209,36.18943876,False,-3.39,0.77,0,4031,12.144993563257511,Hispar
4790,0.000516531,75.12749472,36.18985905,False,-3.39,0.77,0,4031,12.128014148849418,Hispar
4791,0.000829983,75.12952043,36.18771824,False,-3.39,0.77,0,4021,12.271086252965302,Hispar
4792,0.00114295,75.12928873,36.18728605,False,-3.39,0.77,0,4019,12.243717324868593,Hispar
4793,0.000909814,75.1307048,36.18649877,False,-3.39,0.77,0,4012,12.357805374159565,Hispar
4794,0.000888063,75.1320121,36.18432857,False,-3.39,0.77,0,4003,12.445123228786592,Hispar
4795,0.001186168,75.13021473,36.18388949,False,-3.39,0.77,0,3992,12.279439185111924,Hispar
4796,0.002016142,75.12725256,36.18444071,False,-3.39,0.77,0,4000,12.022116798014235,Hispar
4797,0.001082618,75.12593645,36.18226427,False,-3.39,0.77,0,3994,11.878970384923225,Hispar
4798,0.001162619,75.13227131,36.17914036,False,-3.39,0.77,0,3963,12.4177790208621,Hispar
4799,0.000387374,75.13065353,36.18039491,False,-3.39,0.77,0,3964,12.28276694405804,Hispar
4800,0.000739926,75.13061093,36.17598285,False,-3.39,0.77,0,3936,12.25117788138639,Hispar
4801,0.000362173,75.12917078,36.1764625,False,-3.39,0.77,0,3935,12.124095620610106,Hispar
4802,0.000314823,75.12748948,36.17675505,False,-3.39,0.77,0,3923,11.974729132297231,Hispar
4803,0.000533378,75.12839392,36.17815684,False,-3.39,0.77,0,3938,12.063753544730309,Hispar
4804,0.000671133,75.12737815,36.17159942,False,-3.39,0.77,0,3890,11.952821726240142,Hispar
4805,0.000386961,75.12614694,36.17204541,False,-3.39,0.77,0,3881,11.842251697878833,Hispar
4806,0.001067008,75.12725784,36.16976253,False,-3.39,0.77,0,3872,11.944416673945637,Hispar
4807,0.00158923,75.12722748,36.16684827,False,-3.39,0.77,0,3842,11.95265384073254,Hispar
4808,0.000592222,75.12752354,36.16638585,False,-3.39,0.77,0,3838,11.981741179508894,Hispar
4809,0.000610552,75.12867641,36.16254825,False,-3.39,0.77,0,3815,12.114407400064719,Hispar
4810,0.000774789,75.13344775,36.15570227,False,-3.39,0.77,0,3775,12.627445072339187,Hispar
4811,0.000529883,75.13411002,36.15512794,False,-3.39,0.77,0,3785,12.69554625556423,Hispar
4812,0.002170135,75.13379376,36.15449324,False,-3.39,0.77,0,3771,12.678074487234811,Hispar
4813,0.000544965,75.13292215,36.15389702,False,-3.39,0.77,0,3754,12.61112837514679,Hispar
4814,0.000423066,75.13427839,36.15220363,False,-3.39,0.77,0,3767,12.76239859546919,Hispar
4815,0.000803623,75.12783078,36.15764442,False,-3.39,0.77,0,3779,12.098283099911788,Hispar
4816,0.000605875,75.11816296,36.2230309,False,-3.39,0.77,0,4212,12.492608484658081,Hispar
4817,0.00031641,75.11672923,36.22397046,False,-3.39,0.77,0,4217,12.426516101636654,Hispar
4818,0.011367151,75.30308393,36.16455093,False,-3.39,0.77,0,4487,27.73770269708919,Hispar
4819,0.000550913,75.30888736,36.16825487,False,-3.39,0.77,0,4508,28.248911532714274,Hispar
4820,0.000369737,75.30620973,36.154764,False,-3.39,0.77,0,4474,28.07259874447509,Hispar
4821,0.000394503,75.30609772,36.15500856,False,-3.39,0.77,0,4475,28.060693229783027,Hispar
4822,0.00090656,75.30738931,36.15084713,False,-3.39,0.77,0,4459,28.211689703120722,Hispar
4823,0.000414253,75.30785503,36.15098834,False,-3.39,0.77,0,4458,28.252035901579692,Hispar
4824,0.00093628,75.30887664,36.14989056,False,-3.39,0.77,0,4452,28.353896943966717,Hispar
4825,0.001419034,75.31569779,36.14865938,False,-9.14,0.75,0,4432,28.97612926480745,Hispar
4826,0.000621904,75.31388354,36.14788938,False,-9.14,0.75,0,4418,28.821839627693354,Hispar
4827,0.000493897,75.31462768,36.147975,False,-9.14,0.75,0,4443,28.887466830438214,Hispar
4828,0.000468732,75.3139836,36.14835927,False,-9.14,0.75,0,4428,28.825913623785308,Hispar
4829,0.000306969,75.31421948,36.14825025,False,-9.14,0.75,0,4437,28.84812353384963,Hispar
4830,0.000782514,75.31385061,36.1486467,False,-9.14,0.75,0,4432,28.81108946454501,Hispar
4831,0.001483535,75.31539272,36.14555502,False,-9.14,0.75,0,4429,28.982227858030374,Hispar
4832,0.001000796,75.31575723,36.1451074,False,-9.14,0.75,0,4430,29.019928559907665,Hispar
4833,0.000867771,75.31580764,36.14430602,False,-9.14,0.75,0,4429,29.033847508331903,Hispar
4834,0.000798494,75.31711219,36.14409601,False,-9.14,0.75,0,4423,29.15281833124295,Hispar
4835,0.000315594,75.30903052,36.1470449,False,-3.39,0.77,0,4448,28.397177177354404,Hispar
4836,0.000547738,75.30842702,36.14695085,False,-3.39,0.77,0,4440,28.34429135023404,Hispar
4837,0.000278566,75.30825178,36.14863886,False,-3.39,0.77,0,4452,28.310591934307883,Hispar
4838,0.000294803,75.30871899,36.14848279,False,-3.39,0.77,0,4452,28.35397534282001,Hispar
4839,0.00098095,75.30514457,36.14870535,False,-3.39,0.77,0,4447,28.03212401623537,Hispar
4840,0.000678149,75.30534714,36.1503222,False,-3.39,0.77,0,4454,28.03401091188409,Hispar
4841,0.000838055,75.3043294,36.14997192,False,-3.39,0.77,0,4453,27.946407354274335,Hispar
4842,0.000658947,75.30459838,36.14923041,False,-3.39,0.77,0,4448,27.97789162828678,Hispar
4843,0.000418835,75.30685797,36.14577977,False,-3.39,0.77,0,4437,28.217403081447895,Hispar
4844,0.000954761,75.30612641,36.14536943,False,-3.39,0.77,0,4438,28.156885379918922,Hispar
4845,0.001146848,75.30582551,36.14592966,False,-3.39,0.77,0,4439,28.123463980536478,Hispar
4846,0.000678341,75.31100603,36.14292444,False,-3.39,0.77,0,4433,28.62232866332508,Hispar
4847,0.000405307,75.30955589,36.14466005,False,-3.39,0.77,0,4435,28.471502947562602,Hispar
4848,0.000620687,75.30998923,36.14439697,False,-3.39,0.77,0,4436,28.513353387884248,Hispar
4849,0.000412279,75.31143808,36.14039407,False,-3.39,0.77,0,4420,28.69428309000358,Hispar
4850,0.000977488,75.31078914,36.1406769,False,-3.39,0.77,0,4425,28.63257988795349,Hispar
4851,0.000422377,75.31173148,36.13895549,False,-3.39,0.77,0,4411,28.740617278307703,Hispar
4852,0.000634752,75.30877023,36.14011007,False,-3.39,0.77,0,4424,28.460518042603404,Hispar
4853,0.000580181,75.31207686,36.1344137,False,-3.39,0.77,0,4385,28.84077742776931,Hispar
4854,0.00063173,75.31192657,36.13532223,False,-3.39,0.77,0,4387,28.812840830291638,Hispar
4855,0.000563816,75.31258871,36.13618773,False,-9.14,0.75,0,4400,28.85815271779013,Hispar
4856,0.000563879,75.31087541,36.13687976,False,-3.39,0.77,0,4403,28.695138843572632,Hispar
4857,0.001637509,75.31875182,36.13013501,False,-9.14,0.75,0,4376,29.383123607907933,Arandu
4858,0.001894772,75.31828484,36.12972008,False,-9.14,0.75,0,4376,29.33918349327715,Arandu
4859,0.001829487,75.31761827,36.13024385,False,-9.14,0.75,0,4373,29.400498076575182,Arandu
4860,0.001582834,75.31786005,36.12692357,False,-9.14,0.75,0,4366,29.030666540359743,Arandu
4861,0.002109127,75.32280141,36.12383184,False,-9.14,0.75,0,4355,28.646552500755327,Bisil
4862,0.00150575,75.31772636,36.12315278,False,-9.14,0.75,0,4358,28.612640998918675,Arandu
4863,0.001407094,75.31779269,36.12272133,False,-9.14,0.75,0,4356,28.564411733800203,Arandu
4864,0.002905427,75.31872383,36.12210549,False,-9.14,0.75,0,4350,28.491574112110115,Arandu
4865,0.000876299,75.32281749,36.12328265,False,-9.14,0.75,0,4351,28.58692129995032,Bisil
4866,0.00187485,75.32203256,36.12243721,False,-9.14,0.75,0,4348,28.512731708824827,Bisil
4867,0.001251407,75.31294199,36.11075744,False,-9.14,0.75,0,4306,27.264650460891247,Arandu
4868,0.002432748,75.31981054,36.10586537,False,-9.14,0.75,0,4291,26.683122896081148,Arandu
4869,0.001742836,75.31124681,36.10291812,False,-3.39,0.77,0,4268,26.407355306128064,Arandu
4870,0.002422747,75.31131272,36.10148143,False,-3.39,0.77,0,4271,26.247652422085924,Arandu
4871,0.002503564,75.31225751,36.09972082,False,-3.39,0.77,0,4272,26.045687359756354,Arandu
4872,0.004580974,75.32430666,36.09481191,False,-9.14,0.75,0,4221,25.437061697252844,Arandu
4873,0.001887223,75.3205428,36.08924391,False,-9.14,0.75,0,4216,24.833989946059727,Arandu
4874,0.002453971,75.31884956,36.08540878,False,-9.14,0.75,0,4214,24.416818493169693,Arandu
4875,0.007615889,75.32140968,36.08398402,False,-9.14,0.75,0,4218,24.245859277931352,Arandu
4876,0.00262306,75.323628,36.08362683,False,-9.14,0.75,0,4224,24.19683389768455,Arandu
4877,0.002658724,75.32055476,36.08447803,False,-9.14,0.75,0,4216,24.30474907967105,Arandu
4878,0.001143916,75.32015996,36.08365595,False,-9.14,0.75,0,4212,24.215422198393863,Arandu
4879,0.000772336,75.32071512,36.08330061,False,-9.14,0.75,0,4213,24.173239681838577,Arandu
4880,0.000855846,75.32123132,36.08296939,False,-9.14,0.75,0,4213,24.13401136825217,Arandu
4881,0.002138187,75.30487489,36.08130136,False,-3.39,0.77,0,4186,24.070569346220125,Arandu
4882,0.001185736,75.30298143,36.08107729,False,-3.39,0.77,0,4181,24.065701498683442,Arandu
4883,0.000791794,75.30341912,36.082707,False,-3.39,0.77,0,4183,24.240941321588668,Arandu
4884,0.004005503,75.30330904,36.08538466,False,-3.39,0.77,0,4184,24.537786854963333,Arandu
4885,0.002178308,75.30471636,36.0848236,False,-3.39,0.77,0,4190,24.461336595068968,Arandu
4886,0.004568788,75.30363604,36.08467003,False,-3.39,0.77,0,4186,24.455442459945303,Arandu
4887,0.000709308,75.30479753,36.08349277,False,-3.39,0.77,0,4189,24.313471274997838,Arandu
4888,0.000891701,75.30836771,36.08397221,False,-3.39,0.77,0,4195,24.332552933108925,Arandu
4889,0.001305616,75.30366034,36.08873176,False,-3.39,0.77,0,4178,24.903841547724245,Arandu
4890,0.003809002,75.30733297,36.08691566,False,-3.39,0.77,0,4198,24.667526856186697,Arandu
4891,0.000960658,75.30876325,36.08830317,False,-3.39,0.77,0,4208,24.80837976689496,Arandu
4892,0.001014211,75.30865177,36.08783879,False,-3.39,0.77,0,4203,24.757944229271715,Arandu
4893,0.004318561,75.3086357,36.07013617,False,-3.39,0.77,0,4198,22.79960448461054,Arandu
4894,0.002689067,75.30463474,36.07051302,False,-3.39,0.77,0,4186,22.8816648724311,Arandu
4895,0.001211653,75.30973004,36.07368608,False,-3.39,0.77,0,4199,23.18228637030253,Arandu
4896,0.00162661,75.30077407,36.0754753,False,-3.39,0.77,0,4175,23.47277449886566,Arandu
4897,0.001215565,75.30446374,36.0760646,False,-3.39,0.77,0,4182,23.496424339052954,Arandu
4898,0.001649113,75.20881558,36.13545183,False,-3.39,0.77,0,4116,19.68810742524566,Hispar
4899,0.002613713,75.20821187,36.13579513,False,-3.39,0.77,0,4110,19.627188807362103,Hispar
4900,0.001132488,75.21590676,36.15813707,False,-3.39,0.77,0,4382,19.959489476746295,Hispar
4901,0.008223915,75.25070546,35.9959471,False,-3.39,0.77,0,4064,16.305318954136442,Arandu
4902,0.001185416,75.25256019,35.99975153,False,-3.39,0.77,0,3981,16.605225838162216,Arandu
4903,0.00076525,75.25644528,36.00019435,False,-3.39,0.77,0,3944,16.496044750726572,Arandu
4904,0.000623025,75.25166154,36.00213604,False,-3.39,0.77,0,3979,16.87855142500842,Arandu
4905,0.000912315,75.23951123,36.00346055,False,-3.39,0.77,0,4050,17.52129786165305,Arandu
4906,0.000903146,75.23748932,36.00363276,False,-3.39,0.77,0,4109,17.628042605716864,Arandu
4907,0.000648912,75.25456944,36.00555417,False,-3.39,0.77,0,3988,17.107011338722057,Arandu
4908,0.000957404,75.25262442,36.00483448,False,-3.39,0.77,0,3981,17.10987461218097,Arandu
4909,0.000863319,75.25038284,36.00591826,False,-3.39,0.77,0,4001,17.30651253657116,Arandu
4910,0.000789004,75.2403242,36.01001837,False,-3.39,0.77,0,4081,18.125194068572718,Arandu
4911,0.002482694,75.23617422,36.01077527,False,-3.39,0.77,0,4094,18.37764599303238,Arandu
4912,0.001057793,75.23961016,36.01430047,False,-3.39,0.77,0,4114,18.576164044167516,Arandu
4913,0.001528914,75.22384249,36.02206909,False,-3.39,0.77,0,4225,20.01714537904669,Arandu
4914,0.002007535,75.21770603,36.02531442,False,-3.39,0.77,0,4398,20.608075518866322,Arandu
4915,0.001727783,75.26596836,35.99259421,False,-3.39,0.77,0,3850,15.370259951653049,Arandu
4916,0.001233422,75.26532773,35.99572801,False,-3.39,0.77,0,3883,15.712411666101367,Arandu
4917,0.001613756,75.14877209,35.98321445,False,-3.39,0.77,0,4151,21.232595548847772,Arandu
4918,0.001820543,75.180438,35.9274086,False,-3.39,0.77,0,3569,15.506419989291862,Arandu
4919,0.000602542,75.184813,35.92727627,False,-3.39,0.77,0,3613,15.146696071383777,Arandu
4920,0.000728513,75.1750728,35.92963207,False,-3.39,0.77,0,3575,16.048994051783747,Arandu
4921,0.000443921,75.17470157,35.92951078,False,-3.39,0.77,0,3576,16.073139006084606,Arandu
4922,0.000398173,75.17751199,35.9287955,False,-3.39,0.77,0,3567,15.81082884613705,Arandu
4923,0.002497619,75.16537004,35.93345139,False,-3.39,0.77,0,3650,17.020354967473395,Arandu
4924,0.000641814,75.1634876,35.93429092,False,-3.39,0.77,0,3657,17.21361181847153,Arandu
4925,0.008316165,75.14127221,35.94492539,False,-3.39,0.77,0,3724,19.53053936357855,Arandu
4926,0.001169818,75.13822169,35.92839433,False,-3.39,0.77,0,3704,19.036324609889853,Arandu
4927,0.00047011,75.13829636,35.92775278,False,-3.39,0.77,0,3704,19.004324581089083,Arandu
4928,0.000571253,75.13769937,35.92757509,False,-3.39,0.77,0,3707,19.047435160054373,Arandu
4929,0.000413897,75.13694791,35.92514645,False,-3.39,0.77,0,3713,19.016169255805845,Arandu
4930,0.001092111,75.14850573,35.91606022,False,-3.39,0.77,0,3704,17.70143458049909,Arandu
4931,0.001650654,75.1433172,35.92043576,False,-3.39,0.77,0,3689,18.2999344760276,Arandu
4932,0.000917941,75.13605924,35.91993479,False,-3.39,0.77,0,3722,18.90083772715863,Arandu
4933,0.035679349,75.1556978,35.82912935,False,-3.39,0.77,0,4168,16.690025044672815,Arandu
4934,0.001470456,75.15775635,35.80541897,False,-3.39,0.77,0,4372,16.891723874786653,استک
4935,0.000423306,75.15757935,35.80635296,False,-3.39,0.77,0,4351,16.957528195028573,استک
4936,0.000850637,75.17518562,35.85541704,False,-3.39,0.77,0,3798,14.463550120577406,Arandu
4937,0.006708586,75.21235691,35.86918624,False,-3.39,0.77,0,3285,11.067785850757241,Arandu
4938,0.001542752,75.20511479,35.87159447,False,-3.39,0.77,0,3369,11.730510018448548,Arandu
4939,0.002792583,75.20703416,35.878388,False,-3.39,0.77,0,3325,11.620877338832384,Arandu
4940,0.001182246,75.22308146,35.87825349,False,-3.39,0.77,0,3271,10.184211360623669,Arandu
4941,0.001395315,75.22274467,35.87849763,False,-3.39,0.77,0,3272,10.217871814134286,Arandu
4942,0.000496199,75.22263197,35.87889969,False,-3.39,0.77,0,3273,10.233974096770151,Arandu
4943,0.000236551,75.21978638,35.88201123,False,-3.39,0.77,0,3310,10.539879458553134,Arandu
4944,0.00095518,75.21894212,35.88268884,False,-3.39,0.77,0,3314,10.627573827339795,Arandu
4945,0.001581431,75.2175527,35.88371111,False,-3.39,0.77,0,3323,10.77079053763935,Arandu
4946,0.000643002,75.21380365,35.87964441,False,-3.39,0.77,0,3329,11.033245026386822,Arandu
4947,0.000982997,75.21523952,35.87371046,False,-3.39,0.77,0,3307,10.834880175214874,Arandu
4948,0.002798893,75.21664425,35.86454191,False,-3.39,0.77,0,3250,10.678477047725542,Arandu
4949,0.000982519,75.22062453,35.86654569,False,-3.39,0.77,0,3265,10.318112493926622,Arandu
4950,0.000449072,75.22085379,35.86607123,False,-3.39,0.77,0,3268,10.297433465154668,Arandu
4951,0.000927482,75.21952928,35.86294663,False,-3.39,0.77,0,3249,10.423330332520015,Arandu
4952,0.000679464,75.21906091,35.86341716,False,-3.39,0.77,0,3252,10.463791571266027,Arandu
4953,0.002031487,75.22277079,35.86388052,False,-3.39,0.77,0,3269,10.128154879400999,Arandu
4954,0.000461317,75.22597059,35.8647904,False,-3.39,0.77,0,3263,9.837701757171489,Arandu
4955,0.000410248,75.22436673,35.86557289,False,-3.39,0.77,0,3269,9.981155462194966,Arandu
4956,0.002889164,75.22720437,35.86714292,False,-3.39,0.77,0,3267,9.725640545198578,Arandu
4957,0.002878325,75.23228672,35.86462314,False,-3.39,0.77,0,3251,9.268970066387798,Arandu
4958,0.000729467,75.24109309,35.86128055,False,-3.39,0.77,0,3202,8.491663627075518,Arandu
4959,0.000598782,75.24290566,35.86384875,False,-3.39,0.77,0,3190,8.314597331294268,Arandu
4960,0.000558533,75.2395104,35.86539742,False,-3.39,0.77,0,3208,8.616774745771364,Arandu
4961,0.00253051,75.23563804,35.8686787,False,-3.39,0.77,0,3240,8.969221572446092,Arandu
4962,0.000658573,75.23370769,35.8684437,False,-3.39,0.77,0,3256,9.142354191530996,Arandu
4963,0.001796452,75.22882112,35.87146352,False,-3.39,0.77,0,3270,9.596887646177068,Arandu
4964,0.000601636,75.22814663,35.87449351,False,-3.39,0.77,0,3263,9.683557119826641,Arandu
4965,0.000545671,75.22730438,35.87533423,False,-3.39,0.77,0,3269,9.768314490844455,Arandu
4966,0.000816556,75.22613859,35.87382181,False,-3.39,0.77,0,3277,9.85704496411034,Arandu
4967,0.001556997,75.23623054,35.85917731,False,-3.39,0.77,0,3229,8.946519499787776,Arandu
4968,0.000908676,75.23575039,35.85744441,False,-3.39,0.77,0,3222,9.008548095711213,Arandu
4969,0.00718385,75.33588389,36.0856772,False,-9.14,0.75,0,4231,24.246252439532313,Bisil
4970,0.002283524,75.32808887,36.08268137,False,-9.14,0.75,0,4230,24.07789679716335,Arandu
4971,0.001258776,75.33383713,36.08455838,False,-9.14,0.75,0,4228,24.16933714582107,Bisil
4972,0.00080479,75.3347508,36.08413089,False,-9.14,0.75,0,4228,24.103382490212265,Bisil
4973,0.001791708,75.33522843,36.08396592,False,-9.14,0.75,0,4226,24.0752986434386,Bisil
4974,0.001739737,75.33197399,36.0818569,False,-9.14,0.75,0,4231,23.919760501560827,Bisil
4975,0.002544131,75.33546761,36.08021727,False,-9.14,0.75,0,4241,23.665508432975702,Bisil
4976,0.001185238,75.33535133,36.07971846,False,-9.14,0.75,0,4236,23.61422811332331,Bisil
4977,0.005986999,75.33769865,36.07097426,False,-9.14,0.75,0,4252,22.619812500687413,Bisil
4978,0.002576624,75.36980627,36.06873258,False,-9.14,0.75,0,4338,21.84631943578457,Bisil
4979,0.002882021,75.37512819,36.06999997,False,-9.14,0.75,0,4335,21.934193535147386,Bisil
4980,0.003942479,75.37861104,36.07131968,False,-9.14,0.75,0,4323,22.051974150813702,Bisil
4981,0.001418941,75.37476485,36.06791159,False,-9.14,0.75,0,4333,21.706364063416633,Bisil
4982,0.001280703,75.38319684,36.06697416,False,-9.14,0.75,0,4342,21.539341562028316,Bisil
4983,0.001620291,75.38219845,36.06968178,False,-9.14,0.75,0,4326,21.845794724273865,Bisil
4984,0.002455806,75.38294946,36.0692679,False,-9.14,0.75,0,4324,21.79530601192359,Bisil
4985,0.001097853,75.38608413,36.06482102,False,-9.14,0.75,0,4359,21.284702459820316,Bisil
4986,0.000999973,75.38550149,36.06440684,False,-9.14,0.75,0,4355,21.241646546985784,Bisil
4987,0.00143928,75.38035734,36.06283027,False,-9.14,0.75,0,4360,21.098350482289977,Bisil
4988,0.001161616,75.39200031,36.0613753,False,-9.14,0.75,0,4413,20.8793409280941,Bisil
4989,0.001494855,75.39149757,36.06153644,False,-9.14,0.75,0,4415,20.898659913273722,Bisil
4990,0.002533312,75.3924321,36.06083668,False,-9.14,0.75,0,4412,20.818339973769557,Bisil
4991,0.001083789,75.39149756,36.06001569,False,-9.14,0.75,0,4396,20.72964901988962,Bisil
4992,0.001057462,75.39112034,36.05969345,False,-9.14,0.75,0,4395,20.694969277481558,Bisil
4993,0.001364013,75.39971373,36.06203375,False,-9.14,0.75,0,4428,20.94320670307011,Bisil
4994,0.001336585,75.40172793,36.06305545,False,-9.14,0.75,0,4439,21.058161596552175,Bisil
4995,0.00111234,75.40229339,36.06332168,False,-9.14,0.75,0,4440,21.088420859927417,Bisil
4996,0.000836364,75.40357213,36.06357231,False,-9.14,0.75,0,4443,21.11822475977955,Bisil
4997,0.001923514,75.40600668,36.06541421,False,-9.14,0.75,0,4453,21.328365722826522,Bisil
4998,0.001568131,75.40999706,36.06650579,False,-9.14,0.75,0,4458,21.463277071357968,Bisil
4999,0.001480178,75.41115134,36.06661127,False,-9.14,0.75,0,4457,21.48003919381019,Bisil
5000,0.00191916,75.41160497,36.06711994,False,-9.14,0.75,0,4459,21.538641750974005,Bisil
5001,0.000646461,75.41142617,36.06762643,False,-9.14,0.75,0,4461,21.594042001722958,Bisil
5002,0.000714038,75.41500636,36.06850512,False,-9.14,0.75,0,4449,21.71063542324322,Bisil
5003,0.01168479,75.41717292,36.06732019,False,-9.14,0.75,0,4452,21.5930770507557,Bisil
5004,0.001327863,75.41886168,36.06554594,False,-9.14,0.75,0,4466,21.408528548712937,Bisil
5005,0.00150354,75.41103948,36.06430835,False,-9.14,0.75,0,4449,21.223787003968855,Bisil
5006,0.002697594,75.41864462,36.06107359,False,-9.14,0.75,0,4464,20.911348987070966,Bisil
5007,0.002498515,75.42202293,36.06028114,False,-9.14,0.75,0,4460,20.85158882316325,Bisil
5008,0.001373755,75.41419246,36.06294431,False,-9.14,0.75,0,4460,21.08882941269252,Bisil
5009,0.004631187,75.33597054,36.06533836,False,-9.14,0.75,0,4263,22.052096719415896,Bisil
5010,0.0020499,75.33727511,36.06553052,False,-9.14,0.75,0,4267,22.042875439289027,Bisil
5011,0.003789799,75.33641371,36.06669874,False,-9.14,0.75,0,4268,22.188144804606438,Bisil
5012,0.011270474,75.43251604,35.95692965,False,-9.14,0.75,0,3565,9.736266852428102,Bisil
5013,0.004421469,75.43593615,35.96100947,False,-9.14,0.75,0,3619,10.264180488726158,Bisil
5014,0.007791502,75.43027904,35.96204503,False,-9.14,0.75,0,3664,10.221130414904604,Bisil
5015,0.002960343,75.43238006,35.96442703,False,-9.14,0.75,0,3693,10.528449003082674,Bisil
5016,0.011190718,75.43293478,35.95331172,False,-9.14,0.75,0,3552,9.366910169029635,Bisil
5017,0.002427411,75.46573618,35.9347284,False,-9.14,0.75,0,3888,9.067435623143275,Bisil
5018,0.010692281,75.30339257,35.86865255,False,-3.39,0.77,0,2889,2.872498039384884,Arandu
5019,0.020668329,75.31661248,35.87109109,False,-9.14,0.75,0,2823,1.7542181318065038,Arandu
5020,0.006453322,75.26727315,35.85536269,False,-3.39,0.77,0,3105,6.232945119546358,Arandu
5021,0.012174547,75.27122757,35.85438317,False,-3.39,0.77,0,3078,5.907078388198401,Arandu
5022,0.003411229,75.26919451,35.85421168,False,-3.39,0.77,0,3084,6.089983361788849,Arandu
5023,0.002078046,75.2777244,35.85623259,False,-3.39,0.77,0,3038,5.290903024364256,Arandu
5024,0.003786774,75.27627566,35.85543347,False,-3.39,0.77,0,3039,5.437550966961555,Arandu
5025,0.001605882,75.58921051,35.89432129,False,-9.14,0.75,0,4367,17.290777700224176,Bisil
5026,0.001192154,75.58540145,35.89430753,False,-9.14,0.75,0,4350,16.950506893127113,Bisil
5027,0.000687996,75.58546371,35.8935888,False,-9.14,0.75,0,4350,16.945518355914835,Bisil
5028,0.000491229,75.58601544,35.89439024,False,-9.14,0.75,0,4349,17.006548680564944,Bisil
5029,0.0004129,75.58595832,35.89396118,False,-9.14,0.75,0,4350,16.995101216894785,Bisil
5030,0.000408932,75.58422897,35.89521557,False,-9.14,0.75,0,4353,16.85979862820617,Bisil
5031,0.001155618,75.58510527,35.89169428,False,-9.14,0.75,0,4339,16.887432000349662,Bisil
5032,0.000591137,75.58449344,35.89115072,False,-9.14,0.75,0,4335,16.825675612215168,Bisil
5033,0.000539411,75.58746147,35.89136221,False,-9.14,0.75,0,4353,16.995169981766058,Chokpiong
5034,0.00055609,75.57078182,35.8850075,False,-9.14,0.75,0,4239,15.512765605897503,Sisko Zil
5035,0.000643671,75.57100766,35.88380128,False,-9.14,0.75,0,4224,15.46879224527312,Sisko Zil
5036,0.001190209,75.56861878,35.88275705,False,-9.14,0.75,0,4220,15.224291166727848,Sisko Zil
5037,0.001341263,75.56582827,35.88341692,False,-9.14,0.75,0,4216,15.035586906085243,Sisko Zil
5038,0.000925139,75.56731416,35.88425084,False,-9.14,0.75,0,4218,15.197319644806278,Sisko Zil
5039,0.000651796,75.56899002,35.88010233,False,-9.14,0.75,0,4211,15.121238933201422,Sisko Zil
5040,0.000986576,75.56863225,35.87930573,False,-9.14,0.75,0,4213,15.053311908424968,Sisko Zil
5041,0.001337978,75.5658046,35.87902635,False,-9.14,0.75,0,4217,14.810933621480048,Sisko Zil
5042,0.000787386,75.56328355,35.87798463,False,-9.14,0.75,0,4239,14.555983574187175,Sisko Zil
5043,0.00041411,75.56254389,35.87837598,False,-9.14,0.75,0,4242,14.515683935631182,Sisko Zil
5044,0.001018161,75.56202756,35.87861586,False,-9.14,0.75,0,4236,14.486078124765525,Sisko Zil
5045,0.000532042,75.56150229,35.87830164,False,-9.14,0.75,0,4234,14.428095000605596,Sisko Zil
5046,0.001481757,75.55689122,35.8791317,False,-9.14,0.75,0,4257,14.10104255787227,Sisko Zil
5047,0.000823996,75.55648105,35.87931499,False,-9.14,0.75,0,4260,14.077906424746185,Sisko Zil
5048,0.001199824,75.55416904,35.87935172,False,-9.14,0.75,0,4266,13.896184442985424,Sisko Zil
5049,0.001261746,75.55039809,35.88095281,False,-9.14,0.75,0,4279,13.666293671616192,Bisil
5050,0.000846773,75.54858459,35.8784606,False,-9.14,0.75,0,4276,13.407251136960445,Sisko Zil
5051,0.000158998,75.5481227,35.87861348,False,-9.14,0.75,0,4280,13.379154269983673,Sisko Zil
5052,0.000990118,75.54925119,35.87779559,False,-9.14,0.75,0,4274,13.424223994049427,Sisko Zil
5053,0.000772179,75.5481961,35.87741385,False,-9.14,0.75,0,4274,13.320447845811106,Sisko Zil
5054,0.000511433,75.54818627,35.87707359,False,-9.14,0.75,0,4274,13.301566947528196,Sisko Zil
5055,0.005096875,75.54648047,35.87772197,False,-9.14,0.75,0,4274,13.201648979542766,Sisko Zil
5056,0.000746223,75.54748185,35.8771169,False,-9.14,0.75,0,4273,13.248143084813513,Sisko Zil
5057,0.000956282,75.55440813,35.87661366,False,-9.14,0.75,0,4266,13.773287000320531,Sisko Zil
5058,0.001685965,75.57225505,35.87807754,False,-9.14,0.75,0,4199,15.289192810454045,Sisko Zil
5059,0.000684241,75.57181929,35.87796262,False,-9.14,0.75,0,4201,15.248209688319074,Sisko Zil
5060,0.003076949,75.5731066,35.87558983,False,-9.14,0.75,0,4190,15.244513889312705,Sisko Zil
5061,0.001448123,75.57250371,35.87440161,False,-9.14,0.75,0,4190,15.141603553720724,Sisko Zil
5062,0.000534048,75.57067116,35.87323065,False,-9.14,0.75,0,4185,14.938310678751813,Sisko Zil
5063,0.000926083,75.57062184,35.87303742,False,-9.14,0.75,0,4183,14.925726770616905,Sisko Zil
5064,0.000774127,75.57164777,35.87300097,False,-9.14,0.75,0,4186,15.009094606716548,Sisko Zil
5065,0.006107144,75.5722462,35.8711637,False,-9.14,0.75,0,4179,14.979915566727854,Sisko Zil
5066,0.001381977,75.57464486,35.87039948,False,-9.14,0.75,0,4163,14.992292453703934,Chokpiong
5067,0.001870433,75.57887824,35.87021345,False,-9.14,0.75,0,4161,14.869278401619175,Chokpiong
5068,0.002025439,75.57266569,35.86615544,False,-9.14,0.75,0,4138,14.592967684615695,Chokpiong
5069,0.003288533,75.57310187,35.86653994,False,-9.14,0.75,0,4143,14.62194964923531,Chokpiong
5070,0.000398021,75.5744466,35.86700732,False,-9.14,0.75,0,4158,14.635957901928661,Chokpiong
5071,0.000613754,75.57576651,35.86692322,False,-9.14,0.75,0,4149,14.592940140363924,Chokpiong
5072,0.00027586,75.57756837,35.86624489,False,-9.14,0.75,0,4140,14.475315464118196,Chokpiong
5073,0.002603618,75.57579688,35.85953281,False,-9.14,0.75,0,4102,13.805820884711924,Chokpiong
5074,0.001731006,75.58543668,35.85912214,False,-9.14,0.75,0,4099,13.527469925991552,Chokpiong
5075,0.000799826,75.58405493,35.85608939,False,-9.14,0.75,0,4090,13.231619908217143,Chokpiong
5076,0.001084193,75.58134577,35.85462579,False,-9.14,0.75,0,4078,13.139521827726993,Chokpiong
5077,0.00100065,75.57578142,35.85578227,False,-9.14,0.75,0,4089,13.408814230804301,Chokpiong
5078,0.002044354,75.57742353,35.8538015,False,-9.14,0.75,0,4069,13.153925569845956,Chokpiong
5079,0.002167971,75.5762809,35.85348201,False,-9.14,0.75,0,4070,13.151638570992782,Chokpiong
5080,0.001543372,75.57519295,35.8525769,False,-9.14,0.75,0,4077,13.086960262127539,Chokpiong
5081,0.000869004,75.57991616,35.85265675,False,-9.14,0.75,0,4061,12.965880719780474,Chokpiong
5082,0.000895067,75.58036417,35.8519012,False,-9.14,0.75,0,4058,12.873786956487079,Chokpiong
5083,0.001588845,75.58047901,35.85114015,False,-9.14,0.75,0,4051,12.789778075503706,Chokpiong
5084,0.003524715,75.58167154,35.85047358,False,-9.14,0.75,0,4051,12.68799654820441,Chokpiong
5085,0.000839612,75.5844274,35.84858217,False,-9.14,0.75,0,4052,12.417249650077418,Chokpiong
5086,0.001034167,75.58579738,35.84620629,False,-9.14,0.75,0,4001,12.129666539238602,Chokpiong
5087,0.004409906,75.58199506,35.84458579,False,-9.14,0.75,0,4015,12.052864927554284,Chokpiong
5088,0.001292633,75.58375824,35.84361222,False,-9.14,0.75,0,4014,11.903068679975988,Chokpiong
5089,0.000225614,75.58348237,35.8439446,False,-9.14,0.75,0,4013,11.945602616031373,Chokpiong
5090,0.000460168,75.58322148,35.84372827,False,-9.14,0.75,0,4015,11.92934654208383,Chokpiong
5091,0.001676816,75.57977802,35.84365236,False,-9.14,0.75,0,4015,12.0148344996579,Chokpiong
5092,0.000652728,75.57646247,35.84065754,False,-9.14,0.75,0,4015,11.798582346985704,Chokpiong
5093,0.000436209,75.57718553,35.84102197,False,-9.14,0.75,0,4001,11.81442482210772,Chokpiong
5094,0.005008304,75.57130905,35.83367515,False,-9.14,0.75,0,4087,11.25163857591126,Chokpiong
5095,0.001358848,75.58259534,35.83128233,False,-9.14,0.75,0,3940,10.630705269511418,Chokpiong
5096,0.00104143,75.57470699,35.83024212,False,-9.14,0.75,0,3980,10.779657602264065,Chokpiong
5097,0.001528834,75.57873141,35.8492884,False,-9.14,0.75,0,4043,12.639995956687574,Chokpiong
5098,0.000625542,75.58432105,35.86353039,False,-9.14,0.75,0,4114,14.027452749263208,Chokpiong
5099,0.000308824,75.58508015,35.86207356,False,-9.14,0.75,0,4105,13.853832583837578,Chokpiong
5100,0.001462722,75.55140406,35.83653655,False,-9.14,0.75,0,4149,12.118912083904162,Sisko Zil
5101,0.001030085,75.55825075,35.83376767,False,-9.14,0.75,0,4124,11.783819076738395,Chokpiong
5102,0.001047291,75.56670559,35.8302113,False,-9.14,0.75,0,4077,11.078963794923238,Chokpiong
5103,0.000454536,75.57125104,35.83060758,False,-9.14,0.75,0,4061,10.942401249780193,Chokpiong
5104,0.009542318,75.55866851,35.82595485,False,-9.14,0.75,0,4086,11.0123109893826,Chokpiong
5105,0.001806819,75.55951456,35.82707318,False,-9.14,0.75,0,4077,11.080418077928755,Chokpiong
5106,0.001670492,75.56068737,35.82668219,False,-9.14,0.75,0,4070,10.989741195753362,Chokpiong
5107,0.001608317,75.56227539,35.82270064,False,-9.14,0.75,0,4086,10.535098334911469,Chokpiong
5108,0.000298158,75.56359106,35.82326124,False,-9.14,0.75,0,4065,10.529515230847247,Chokpiong
5109,0.000752785,75.56452976,35.82276265,False,-9.14,0.75,0,4057,10.439490429339033,Chokpiong
5110,0.002066737,75.56302519,35.82132252,False,-9.14,0.75,0,4047,10.368760786732093,Chokpiong
5111,0.006527981,75.56432804,35.82060721,False,-9.14,0.75,0,4037,10.24070183921424,Chokpiong
5112,0.002821345,75.56601054,35.81874832,False,-9.14,0.75,0,4040,9.9857655941586,Chokpiong
5113,0.003193372,75.56974621,35.81881812,False,-9.14,0.75,0,4049,9.828076107593898,Chokpiong
5114,0.004378321,75.56816081,35.86956144,False,-9.14,0.75,0,4175,14.571733906542581,Sisko Zil
5115,0.000602646,75.56605683,35.87327028,False,-9.14,0.75,0,4212,14.55931469480909,Sisko Zil
5116,0.000506694,75.56552766,35.87342988,False,-9.14,0.75,0,4209,14.52302732682011,Sisko Zil
5117,0.001148182,75.56728965,35.86743691,False,-9.14,0.75,0,4164,14.41094309432237,Sisko Zil
5118,0.000561125,75.57912937,35.87285947,False,-9.14,0.75,0,4168,15.147964214870676,Chokpiong
5119,0.001447746,75.57888889,35.876123,False,-9.14,0.75,0,4182,15.504739881494086,Chokpiong
5120,0.000855452,75.57860299,35.87715561,False,-9.14,0.75,0,4180,15.622362962654083,Chokpiong
5121,0.000440679,75.57223517,35.88230915,False,-9.14,0.75,0,4229,15.492227678554517,Sisko Zil
5122,0.001043955,75.56558107,35.88608863,False,-9.14,0.75,0,4225,15.073075297478525,Bisil
5123,0.000391413,75.56601872,35.88554677,False,-9.14,0.75,0,4220,15.107013474477315,Bisil
5124,0.004166838,75.56318538,35.88467683,False,-9.14,0.75,0,4221,14.844538407522206,Bisil
5125,0.001777049,75.56513375,35.8855989,False,-9.14,0.75,0,4222,15.028092278700365,Bisil
5126,0.002371281,75.58273832,35.89110177,False,-9.14,0.75,0,4334,16.667990879485867,Bisil
5127,0.002694918,75.58348279,35.90044239,False,-9.14,0.75,0,4378,16.885366115181544,Bisil
5128,0.000797692,75.58390549,35.90087515,False,-9.14,0.75,0,4378,16.931332495128178,Bisil
5129,0.00042269,75.58536887,35.90252362,False,-9.14,0.75,0,4396,17.094321531329378,Bisil
5130,0.000494559,75.58299919,35.89882053,False,-9.14,0.75,0,4370,16.811733066100395,Bisil
5131,0.000298241,75.57681144,35.89813193,False,-9.14,0.75,0,4375,16.24939571714892,Bisil
5132,0.005934596,75.55172824,35.81372511,False,-9.14,0.75,0,4634,10.243468747916642,Chokpiong
5133,0.023381777,75.62890368,35.91492027,False,-9.14,0.75,0,4422,19.34728935477264,Chokpiong
5134,0.003614537,75.62757871,35.91936893,False,-9.14,0.75,0,4429,19.837995448310124,Chokpiong
5135,0.000388067,75.63466091,35.91914372,False,-9.14,0.75,0,4424,19.840963334546007,Chokpiong
5136,0.000190328,75.6348732,35.91902378,False,-9.14,0.75,0,4423,19.82880727520725,Chokpiong
5137,0.00040381,75.63264767,35.91948645,False,-9.14,0.75,0,4429,19.86897730211293,Chokpiong
5138,0.00017395,75.63057203,35.92030848,False,-9.14,0.75,0,4432,19.95169822446606,Chokpiong
5139,0.000577787,75.62680981,35.92370583,False,-9.14,0.75,0,4436,20.318296248824772,Chokpiong
5140,0.00030499,75.62581181,35.92430299,False,-9.14,0.75,0,4436,20.382754598338202,Chokpiong
5141,0.000678102,75.61538448,35.92981138,False,-9.14,0.75,0,4454,20.466214021491776,Bisil
5142,0.001271858,75.61459123,35.93007902,False,-9.14,0.75,0,4451,20.407273157435203,Bisil
5143,0.000201484,75.61334912,35.92994421,False,-9.14,0.75,0,4447,20.296227714942532,Bisil
5144,0.002199763,75.61089884,35.93052384,False,-9.14,0.75,0,4443,20.10648770995779,Bisil
5145,0.001129636,75.61546416,35.93432347,False,-9.14,0.75,0,4454,20.630993946962082,Bisil
5146,0.001016302,75.61768039,35.93387825,False,-9.14,0.75,0,4456,20.80381973196439,Bisil
5147,0.000437972,75.61128347,35.96743692,False,-9.14,0.75,0,4572,21.77502183758095,Bisil
5148,0.000524294,75.61287038,35.96743161,False,-9.14,0.75,0,4568,21.90030854938158,Bisil
5149,0.003390935,75.6167473,35.96309818,False,-9.14,0.75,0,4522,21.98638902769228,Bisil
5150,0.001785574,75.61775052,35.96214203,False,-9.14,0.75,0,4515,22.019415177652522,Bisil
5151,0.001632579,75.6189987,35.96134294,False,-9.14,0.75,0,4512,22.080760883684135,Bisil
5152,0.000106302,75.61896582,35.96006108,False,-9.14,0.75,0,4511,22.01569478009033,Bisil
5153,0.00087838,75.6231586,35.9583255,False,-9.14,0.75,0,4530,22.2740267819683,Bisil
5154,0.000999323,75.6238858,35.95406928,False,-9.14,0.75,0,4474,22.13862285671312,Bisil
5155,0.001238181,75.62820112,35.95289178,False,-9.14,0.75,0,4475,22.44315194919071,Bisil
5156,0.000414477,75.62891378,35.95368603,False,-9.14,0.75,0,4472,22.536815149818196,Bisil
5157,0.001132691,75.63117415,35.95117412,False,-9.14,0.75,0,4483,22.61642161340127,Bisil
5158,0.000277994,75.63061097,35.95159374,False,-9.14,0.75,0,4481,22.58733827939458,Bisil
5159,0.000304625,75.62995865,35.95176252,False,-9.14,0.75,0,4476,22.540296350040418,Bisil
5160,0.000318496,75.63324813,35.95076023,False,-9.14,0.75,0,4496,22.771917658336918,Bisil
5161,0.002231596,75.63548564,35.9502972,False,-9.14,0.75,0,4492,22.939623752010025,Bisil
5162,0.000220028,75.63328773,35.94903745,False,-9.14,0.75,0,4469,22.704045800414132,Bisil
5163,0.000531065,75.64395358,35.94327198,False,-9.14,0.75,0,4454,22.579355725729705,Chokpiong
5164,0.01305182,75.64216522,35.94348932,False,-9.14,0.75,0,4453,22.589545662907508,Chokpiong
5165,0.000402278,75.64076348,35.94348482,False,-9.14,0.75,0,4454,22.578966408523776,Chokpiong
5166,0.002004957,75.65401883,35.93443217,False,-9.14,0.75,0,4383,21.704489028467865,Chokpiong
5167,0.001039663,75.66061959,35.93245762,False,-9.14,0.75,0,4372,21.576262012648414,Chokpiong
5168,0.000434969,75.66112682,35.9322106,False,-9.14,0.75,0,4371,21.556700351975742,Chokpiong
5169,0.001682548,75.67052385,35.92509669,False,-9.14,0.75,0,4333,20.939440186706648,Chokpiong
5170,0.0072351,75.68259997,35.91622163,False,-9.14,0.75,0,4289,20.244831711284647,Chokpiong
5171,0.001474018,75.68316074,35.91573436,False,-9.14,0.75,0,4284,20.206561003195166,Chokpiong
5172,0.000959706,75.7021745,35.89071797,False,-9.14,0.75,0,4172,18.16557370006453,Chokpiong
5173,0.024944008,75.7065654,35.85516959,False,-9.14,0.75,0,4128,14.831478938964242,Chokpiong
5174,0.000256178,75.70859621,35.85619553,False,-9.14,0.75,0,4133,15.024160113297931,Chokpiong
5175,0.000186826,75.70822179,35.85610278,False,-9.14,0.75,0,4133,14.997730288754811,Chokpiong
5176,0.000634057,75.70814527,35.85633489,False,-9.14,0.75,0,4133,15.016156469703898,Chokpiong
5177,0.000952143,75.70775793,35.85652979,False,-9.14,0.75,0,4133,15.0165275830757,Chokpiong
5178,0.000713158,75.70716256,35.85669301,False,-9.14,0.75,0,4134,15.004322666807003,Chokpiong
5179,0.000253599,75.70525091,35.8581754,False,-9.14,0.75,0,4132,15.058576515496485,Chokpiong
5180,0.000623113,75.70453423,35.85787764,False,-9.14,0.75,0,4132,14.997564878366674,Chokpiong
5181,0.000509065,75.70127938,35.85833089,False,-9.14,0.75,0,4148,14.897221891012753,Chokpiong
5182,0.000527776,75.70373929,35.86080907,False,-9.14,0.75,0,4142,15.245737791272358,Chokpiong
5183,0.000634616,75.70336475,35.86248541,False,-9.14,0.75,0,4145,15.392573490437973,Chokpiong
5184,0.000333637,75.69773837,35.86451899,False,-9.14,0.75,0,4148,15.357466332254019,Chokpiong
5185,0.000793926,75.69627881,35.86187994,False,-9.14,0.75,0,4142,15.03619813176048,Chokpiong
5186,0.000273319,75.69569643,35.86165871,False,-9.14,0.75,0,4141,14.990696104846169,Chokpiong
5187,0.000631596,75.69480869,35.86204674,False,-9.14,0.75,0,4145,14.99382266756245,Chokpiong
5188,0.00031238,75.69551947,35.86187007,False,-9.14,0.75,0,4145,15.0046156627017,Chokpiong
5189,0.000555012,75.69469207,35.86256455,False,-9.14,0.75,0,4148,15.04088858739978,Chokpiong
5190,0.000339242,75.69489414,35.86281691,False,-9.14,0.75,0,4149,15.074097230084622,Chokpiong
5191,0.000340363,75.69452128,35.86271523,False,-9.14,0.75,0,4152,15.049192944840431,Chokpiong
5192,0.000377311,75.69401326,35.86252716,False,-9.14,0.75,0,4153,15.010372958237248,Chokpiong
5193,0.007098982,75.69225771,35.86108143,False,-9.14,0.75,0,4151,14.796887656499704,Chokpiong
5194,0.000714214,75.69611854,35.86290737,False,-9.14,0.75,0,4139,15.131930903184688,Chokpiong
5195,0.000560557,75.69549743,35.86294691,False,-9.14,0.75,0,4148,15.111038976183934,Chokpiong
5196,0.00096994,75.69390139,35.862905,False,-9.14,0.75,0,4153,15.043808129700754,Chokpiong
5197,0.000715782,75.69543486,35.86327823,False,-9.14,0.75,0,4150,15.141606182024235,Chokpiong
5198,0.000409496,75.69513354,35.86357931,False,-9.14,0.75,0,4155,15.159736126268262,Chokpiong
5199,0.000306543,75.69338298,35.8633426,False,-9.14,0.75,0,4156,15.067467516766975,Chokpiong
5200,0.002474569,75.68552114,35.86637192,False,-9.14,0.75,0,4154,15.086756622473445,Chokpiong
5201,0.000756185,75.6870761,35.86633972,False,-9.14,0.75,0,4160,15.137700978738033,Chokpiong
5202,0.000796934,75.68693586,35.86512918,False,-9.14,0.75,0,4165,15.00893135581483,Chokpiong
5203,0.001234278,75.68727751,35.86692826,False,-9.14,0.75,0,4166,15.205031503348197,Chokpiong
5204,0.000595947,75.68724049,35.86750301,False,-9.14,0.75,0,4165,15.262586994883591,Chokpiong
5205,0.000484406,75.68696264,35.86760831,False,-9.14,0.75,0,4164,15.263662394699656,Chokpiong
5206,0.001051943,75.68913519,35.86751044,False,-9.14,0.75,0,4167,15.330549676171298,Chokpiong
5207,0.000308694,75.68617147,35.86864918,False,-9.14,0.75,0,4163,15.343165274375124,Chokpiong
5208,0.000640058,75.68528453,35.86855761,False,-9.14,0.75,0,4165,15.303494861988174,Chokpiong
5209,0.000837816,75.6846347,35.86783249,False,-9.14,0.75,0,4164,15.206775603629596,Chokpiong
5210,0.002752139,75.68269452,35.86701656,False,-9.14,0.75,0,4161,15.057673935477764,Chokpiong
5211,0.007916608,75.68185205,35.86728228,False,-9.14,0.75,0,4159,15.057524053410122,Chokpiong
5212,0.002730742,75.68156457,35.86916839,False,-9.14,0.75,0,4163,15.243988270592393,Chokpiong
5213,0.005214822,75.68363994,35.86887043,False,-9.14,0.75,0,4170,15.280695804141512,Chokpiong
5214,0.000695151,75.6888223,35.87119347,False,-9.14,0.75,0,4168,15.696100198529763,Chokpiong
5215,0.000461289,75.68723768,35.8698807,False,-9.14,0.75,0,4168,15.506405906845792,Chokpiong
5216,0.000972672,75.68530217,35.87289925,False,-9.14,0.75,0,4173,15.752403459546825,Chokpiong
5217,0.000584479,75.68586493,35.87240842,False,-9.14,0.75,0,4177,15.720293030167976,Chokpiong
5218,0.008548926,75.68366073,35.87036522,False,-9.14,0.75,0,4171,15.436101256311334,Chokpiong
5219,0.000607162,75.6843485,35.86951276,False,-9.14,0.75,0,4168,15.370609386757492,Chokpiong
5220,0.001446241,75.66764185,35.88763648,False,-9.14,0.75,0,4268,16.82500067445465,Chokpiong
5221,0.001977,75.6675261,35.88717416,False,-9.14,0.75,0,4281,16.77261222903993,Chokpiong
5222,0.001230049,75.67369292,35.89002361,False,-9.14,0.75,0,4240,17.223388324132827,Chokpiong
5223,0.00060013,75.67306683,35.89038181,False,-9.14,0.75,0,4240,17.246388561366867,Chokpiong
5224,0.001501547,75.67514814,35.89034786,False,-9.14,0.75,0,4234,17.294329330899767,Chokpiong
5225,0.002423764,75.65286699,35.82180666,False,-9.14,0.75,0,4474,9.41776096431941,Chokpiong
5226,0.004712003,75.90167722,35.68851801,False,-0.23,0.97,1,3106,5.589434702415034,Tastay
5227,0.000269644,75.90221717,35.68852742,False,-0.23,0.97,1,3109,5.63066543267132,Tastay
5228,0.006350817,75.90139649,35.68974062,False,-0.23,0.97,1,3118,5.645109813605686,Tastay
5229,0.000409531,75.90218145,35.689487,False,-0.23,0.97,1,3121,5.687419412689341,Tastay
5230,0.001974313,75.89994965,35.68936904,False,-0.23,0.97,1,3103,5.514490982633109,Tastay
5231,0.000308642,75.90037397,35.68899077,False,-0.23,0.97,1,3096,5.52167576314208,Tastay
5232,0.000451488,75.90179625,35.69128874,False,-0.23,0.97,1,3126,5.77456717765502,Tastay
5233,0.000648475,75.90287817,35.69130018,False,-0.23,0.97,1,3127,5.854494959387837,Tastay
5234,0.000286671,75.90387098,35.69094222,False,-0.23,0.97,1,3125,5.904850318470673,Tastay
5235,0.000266286,75.90339839,35.6920174,False,-0.23,0.97,1,3132,5.939230656794355,Tastay
5236,0.000207816,75.90369497,35.69177864,False,-0.23,0.97,1,3124,5.945443177462696,Tastay
5237,0.000815104,75.8998897,35.69342102,False,-0.23,0.97,1,3137,5.78279830819008,Tastay
5238,0.000201829,75.89884071,35.69390038,False,-0.23,0.97,1,3148,5.743698329006277,Tastay
5239,0.001203767,75.89886677,35.69419872,False,-0.23,0.97,1,3152,5.766898253511604,Tastay
5240,0.000323747,75.89946674,35.69508436,False,-0.23,0.97,1,3149,5.872047988816233,Tastay
5241,0.001116508,75.902285,35.69579208,False,-0.23,0.97,1,3161,6.1172629854426965,Tastay
5242,0.000991452,75.89925422,35.69654779,False,-0.23,0.97,1,3171,5.965125274827961,Tastay
5243,0.00270736,75.90404757,35.70062651,False,-0.23,0.97,1,3182,6.590427338830501,Tastay
5244,0.000222123,75.90283471,35.7007493,False,-0.23,0.97,1,3191,6.51930128498816,Tastay
5245,0.000268238,75.90346622,35.70040994,False,-0.23,0.97,1,3188,6.535447882895235,Tastay
5246,0.002883159,75.90521492,35.70263037,False,-0.23,0.97,1,3185,6.819156690033342,Tastay
5247,0.000332709,75.90262885,35.70430132,False,-0.23,0.97,1,3223,6.782486268535864,Tastay
5248,0.004005488,75.9012738,35.70362182,False,-0.23,0.97,1,3207,6.643037182322759,Tastay
5249,0.000629848,75.90235043,35.70263971,False,-0.23,0.97,1,3207,6.633658590288444,Tastay
5250,0.0001312,75.90277539,35.70290667,False,-0.23,0.97,1,3217,6.68181387456443,Tastay
5251,0.000522318,75.90340096,35.70598277,False,-0.23,0.97,1,3220,6.965432835398629,Tastay
5252,0.001214092,75.90049507,35.70601229,False,-0.23,0.97,1,3225,6.789408265694802,Tastay
5253,0.00036184,75.90067656,35.70644324,False,-0.23,0.97,1,3227,6.83600290544075,Tastay
5254,0.002017323,75.89795052,35.70662006,False,-0.23,0.97,1,3256,6.689268565340982,Tastay
5255,0.000258054,75.89959374,35.70685183,False,-0.23,0.97,1,3238,6.805372637286997,Tastay
5256,0.000670989,75.89572603,35.705222,False,-0.23,0.97,1,3234,6.4411263120303355,Tastay
5257,0.000333556,75.89489154,35.70572493,False,-0.23,0.97,1,3235,6.436697045031148,Tastay
5258,0.000159939,75.89373878,35.70547847,False,-0.23,0.97,1,3230,6.350360735369042,Tastay
5259,0.000826141,75.89516273,35.70358225,False,-0.23,0.97,1,3216,6.268834643165331,Tastay
5260,0.000354906,75.89474322,35.70330694,False,-0.23,0.97,1,3209,6.220975537392992,Tastay
5261,0.000261975,75.89782613,35.70191909,False,-0.23,0.97,1,3204,6.291237265725043,Tastay
5262,0.000174563,75.89807639,35.7016491,False,-0.23,0.97,1,3203,6.284914099502432,Tastay
5263,0.000263562,75.89627592,35.70125805,False,-0.23,0.97,1,3200,6.142073978375107,Tastay
5264,0.000575607,75.89550782,35.70130018,False,-0.23,0.97,1,3202,6.0987311963855415,Tastay
5265,0.001058913,75.8972655,35.69944368,False,-0.23,0.97,1,3186,6.057755141609956,Tastay
5266,0.003353154,75.89837117,35.69908971,False,-0.23,0.97,1,3188,6.1006442707815625,Tastay
5267,0.000454586,75.89536074,35.69949251,False,-0.23,0.97,1,3178,5.942180724217579,Tastay
5268,0.002037921,75.90380151,35.70841408,False,-0.23,0.97,1,3235,7.187793864815091,Tastay
5269,0.002020792,75.90602295,35.70900917,False,-0.23,0.97,1,3217,7.372588238286784,Tastay
5270,0.000851629,75.9041124,35.70957213,False,-0.23,0.97,1,3231,7.302139703063857,Tastay
5271,0.001095897,75.90290948,35.70961565,False,-0.23,0.97,1,3240,7.233761539206795,Tastay
5272,0.00137763,75.90362019,35.70974451,False,-0.23,0.97,1,3236,7.286906712832293,Tastay
5273,0.000249607,75.9048248,35.71062809,False,-0.23,0.97,1,3217,7.432575958368188,Tastay
5274,0.000540992,75.90120983,35.71187265,False,-0.23,0.97,1,3248,7.326946623822883,Tastay
5275,0.000600924,75.9004498,35.71259146,False,-0.23,0.97,1,3260,7.3466231124044885,Tastay
5276,0.000905456,75.89769338,35.70845603,False,-0.23,0.97,1,3253,6.831900876955304,Tastay
5277,0.002844562,75.89845384,35.70919772,False,-0.23,0.97,1,3262,6.939202146635102,Tastay
5278,0.000640215,75.89956273,35.71028889,False,-0.23,0.97,1,3245,7.0965014224475125,Tastay
5279,0.000498926,75.89525434,35.7138151,False,-0.23,0.97,1,3277,7.177907889938414,Tastay
5280,0.000315922,75.89423917,35.71361405,False,-0.23,0.97,1,3287,7.107778233378274,Tastay
5281,0.000627605,75.89374057,35.71292125,False,-0.23,0.97,1,3284,7.018748285576423,Tastay
5282,0.000369358,75.89361647,35.71265884,False,-0.23,0.97,1,3283,6.98830914722815,Tastay
5283,0.000810694,75.89289541,35.71419383,False,-0.23,0.97,1,3290,7.0945638438118275,Tastay
5284,0.000540046,75.89475793,35.71544846,False,-0.23,0.97,1,3297,7.303386911240717,Tastay
5285,0.000676543,75.8959687,35.7157926,False,-0.23,0.97,1,3297,7.395920146506005,Tastay
5286,0.000196383,75.89587307,35.71599853,False,-0.23,0.97,1,3296,7.410099503629984,Tastay
5287,0.000894825,75.89461079,35.7165704,False,-0.23,0.97,1,3298,7.400564440391136,Tastay
5288,0.001432681,75.89488313,35.71729479,False,-0.23,0.97,1,3306,7.48160621619453,Tastay
5289,0.000220401,75.89489537,35.71691201,False,-0.23,0.97,1,3301,7.446412102306634,Tastay
5290,0.000749934,75.87029152,35.75700176,False,-9.14,0.75,0,3527,9.591956503235853,Askole
5291,0.000558774,75.86945822,35.75707043,False,-9.14,0.75,0,3528,9.561781822225393,Askole
5292,0.000859502,75.87084186,35.75607295,False,-9.14,0.75,0,3522,9.52704652272646,Askole
5293,0.000511267,75.86791374,35.75432764,False,-9.14,0.75,0,3538,9.227563629484468,Askole
5294,0.000615441,75.86990786,35.75323929,False,-9.14,0.75,0,3525,9.212576367772293,Askole
5295,0.000465751,75.87070951,35.75303746,False,-9.14,0.75,0,3521,9.230418960439879,Askole
5296,0.000951221,75.87257079,35.75455668,False,-9.14,0.75,0,3511,9.461984129292048,Askole
5297,0.000529316,75.87214644,35.75379101,False,-9.14,0.75,0,3517,9.369377379032569,Askole
5298,0.001497957,75.87646585,35.74933912,False,-0.23,0.97,0,3508,9.170092590303325,Askole
5299,0.000449712,75.87745228,35.74829743,False,-0.23,0.97,0,3498,9.127830171780179,Askole
5300,0.000485552,75.87603893,35.74832497,False,-0.23,0.97,0,3495,9.055800007861988,Askole
5301,0.000390457,75.87690225,35.74891834,False,-0.23,0.97,0,3501,9.154755148427009,Askole
5302,0.000124748,75.87757228,35.74922704,False,-0.23,0.97,0,3552,9.217897141675007,Askole
5303,0.000440028,75.87671925,35.74734116,False,-0.23,0.97,0,3487,9.0029391435053,Askole
5304,0.000619369,75.8846143,35.72910808,False,-0.23,0.97,0,3387,7.984778195421382,Askole
5305,0.001346692,75.88824064,35.72647219,False,-0.23,0.97,1,3358,8.05103606373065,Askole
5306,0.000587502,75.89238981,35.72668749,False,-0.23,0.97,1,3349,8.27364908432434,Tastay
5307,0.00154001,75.89473941,35.73056118,False,-0.23,0.97,1,3349,8.753664331961563,Tastay
5308,0.002472648,75.89427842,35.73117435,False,-0.23,0.97,0,3346,8.795336850071221,Tastay
5309,0.000707317,75.89123352,35.73213713,False,-0.23,0.97,0,3363,8.657681123598547,Askole
5310,0.000403837,75.8901841,35.73169181,False,-0.23,0.97,0,3363,8.5533703492146,Askole
5311,0.00204482,75.89131908,35.72266507,False,-0.23,0.97,1,3330,7.833092983535542,Tastay
5312,0.000812328,75.89182956,35.72213701,False,-0.23,0.97,1,3329,7.8035720514591,Tastay
5313,0.000384483,75.8912051,35.72166444,False,-0.23,0.97,1,3321,7.730392012313945,Tastay
5314,0.000374443,75.89010791,35.72304369,False,-0.23,0.97,1,3333,7.8191383538843,Tastay
5315,0.001175972,75.89273808,35.71998707,False,-0.23,0.97,1,3320,7.635979610161158,Tastay
5316,0.000696307,75.89912093,35.72023665,False,-0.23,0.97,1,3296,7.964825041506368,Tastay
5317,0.001104453,75.89989516,35.71958643,False,-0.23,0.97,1,3296,7.944097176375793,Tastay
5318,0.000462038,75.90013692,35.71939161,False,-0.23,0.97,1,3291,7.938626504029875,Tastay
5319,0.000528757,75.89172855,35.71685044,False,-0.23,0.97,1,3296,7.289394933659989,Tastay
5320,0.001957715,75.8987815,35.69132667,False,-0.23,0.97,1,3116,5.559612960431125,Tastay
5321,0.000433077,75.89772033,35.69141119,False,-0.23,0.97,1,3115,5.490089734459147,Tastay
5322,0.00016012,75.89678947,35.69180892,False,-0.23,0.97,1,3113,5.452564905589163,Tastay
5323,0.000284119,75.89713584,35.69171561,False,-0.23,0.97,1,3114,5.470201757044227,Tastay
5324,0.000964142,75.89902203,35.69299221,False,-0.23,0.97,1,3128,5.691920442588879,Tastay
5325,0.001014336,75.91155958,35.93498869,False,-9.14,0.75,0,4266,29.377154624342992,Askole
5326,0.000414747,75.91213673,35.93513666,False,-9.14,0.75,0,4269,29.407903396191045,Askole
5327,0.000686262,75.91710168,35.93227511,False,-9.14,0.75,0,4256,29.237286503526146,Askole
5328,0.000375473,75.9177894,35.93069561,False,-9.14,0.75,0,4253,29.089285747046926,Askole
5329,9.64e-05,75.91754045,35.93082559,False,-9.14,0.75,0,4252,29.09608876775258,Askole
5330,0.000130559,75.91746484,35.93113164,False,-9.14,0.75,0,4253,29.126352547787643,Askole
5331,0.000215554,75.91714667,35.93111601,False,-9.14,0.75,0,4255,29.11587024485384,Askole
5332,0.000138232,75.91701701,35.93141363,False,-9.14,0.75,0,4256,29.143772823106353,Askole
5333,0.000519291,75.91888026,35.93027948,False,-9.14,0.75,0,4252,29.075945605789517,Askole
5334,0.001199188,75.91943161,35.93179626,False,-9.14,0.75,0,4251,29.25166439934517,Askole
5335,0.000531327,75.91867907,35.92955734,False,-9.14,0.75,0,4254,28.994017924125735,Askole
5336,0.000152543,75.91927497,35.92977135,False,-9.14,0.75,0,4255,29.03348324036066,Askole
5337,0.000140563,75.92289132,35.92875445,False,-9.14,0.75,0,4232,29.030877701756463,Askole
5338,0.000405495,75.92281333,35.92829211,False,-9.14,0.75,0,4232,28.97999460199586,Askole
5339,0.000381924,75.92308725,35.92844327,False,-9.14,0.75,0,4231,29.003946747989215,Askole
5340,0.000249407,75.92118195,35.92940637,False,-9.14,0.75,0,4241,29.049631624951502,Askole
5341,0.000117897,75.92306807,35.92703392,False,-9.14,0.75,0,4236,28.855350983161994,Askole
5342,0.000204272,75.92474639,35.92747673,False,-9.14,0.75,0,4233,28.95185306695289,Askole
5343,0.000371072,75.93017551,35.92257528,False,-9.14,0.75,0,4195,28.60811050564662,Askole
5344,0.000287267,75.93158596,35.92136953,False,-9.14,0.75,0,4184,28.52822852988309,Askole
5345,0.000349713,75.9326701,35.91970691,False,-9.14,0.75,0,4176,28.391300980730666,Askole
5346,0.000282262,75.93288654,35.91861389,False,-9.14,0.75,0,4177,28.285330884163134,Askole
5347,0.000306398,75.9335689,35.91873302,False,-9.14,0.75,0,4168,28.32025594427004,Askole
5348,0.000950222,75.93429242,35.9184527,False,-9.14,0.75,0,4170,28.315402072284805,Askole
5349,0.000294398,75.93911126,35.91325722,False,-11.83,0.6,0,4136,27.946854105682622,Askole
5350,0.000804159,75.93962119,35.9128244,False,-11.83,0.6,0,4135,27.920622083033855,Askole
5351,0.001034585,75.94032227,35.91031415,False,-11.83,0.6,0,4127,27.68939330374387,Askole
5352,0.000816475,75.94853264,35.9086563,False,-11.83,0.6,0,4097,27.825749401021223,Askole
5353,0.000242068,75.94872808,35.90843361,False,-11.83,0.6,0,4096,27.810796361193056,Askole
5354,0.000778038,75.94964368,35.90826679,False,-11.83,0.6,0,4088,27.829153096579812,Askole
5355,0.000555572,75.95002286,35.90709054,False,-11.83,0.6,0,4085,27.725645368799913,Askole
5356,0.000663054,75.95043548,35.90694657,False,-11.83,0.6,0,4083,27.727214552359808,Askole
5357,0.001000287,75.95099792,35.9073724,False,-11.83,0.6,0,4083,27.79180228148761,Askole
5358,0.000233223,75.95175696,35.90590008,False,-11.83,0.6,0,4081,27.6740662435998,Askole
5359,0.00132528,75.95577592,35.90466537,False,-11.83,0.6,0,4058,27.711342034549208,Askole
5360,0.00043772,75.95619961,35.9042743,False,-11.83,0.6,0,4046,27.68968869660681,Askole
5361,0.002394893,75.93706036,35.90039296,False,-9.14,0.75,0,4091,26.56119099826943,Askole
5362,0.000510796,75.93656926,35.90118765,False,-9.14,0.75,0,4092,26.624173378521867,Askole
5363,0.000472929,75.93310247,35.9033602,False,-9.14,0.75,0,4117,26.722408970918295,Askole
5364,0.000312475,75.93400702,35.90322885,False,-9.14,0.75,0,4110,26.740790758228275,Askole
5365,0.000558196,75.93336762,35.90362615,False,-9.14,0.75,0,4116,26.758947000929513,Askole
5366,0.000470353,75.93271749,35.9039688,False,-9.14,0.75,0,4117,26.771311288046263,Askole
5367,0.000204434,75.93289638,35.90368509,False,-9.14,0.75,0,4116,26.748478647450973,Askole
5368,0.00027742,75.93245334,35.90367962,False,-9.14,0.75,0,4117,26.732453375567598,Askole
5369,0.000466162,75.93122486,35.90480759,False,-9.14,0.75,0,4129,26.805722574515823,Askole
5370,0.001050916,75.92831712,35.90398115,False,-9.14,0.75,0,4144,26.621623972728653,Askole
5371,0.000344187,75.92660158,35.90764701,False,-9.14,0.75,0,4157,26.94335080175753,Askole
5372,0.001689806,75.9189862,35.90991932,False,-9.14,0.75,0,4204,26.938765311176162,Askole
5373,0.000375472,75.93356084,35.90918816,False,-9.14,0.75,0,4138,27.33624685519806,Askole
5374,0.001001064,75.92854772,35.91036274,False,-9.14,0.75,0,4157,27.28847782424043,Askole
5375,0.00076309,75.92696541,35.91151312,False,-9.14,0.75,0,4167,27.355932820472198,Askole
5376,0.000285337,75.92227657,35.91181157,False,-9.14,0.75,0,4178,27.237920486194604,Askole
5377,0.001999487,75.96886446,35.81734717,False,-11.83,0.6,0,3499,20.30307940908168,Askole
5378,0.001874549,75.96548344,35.82047396,False,-11.83,0.6,0,3552,20.361251643418196,Askole
5379,0.00057501,75.96539135,35.82622595,False,-11.83,0.6,0,3567,20.843720903424167,Askole
5380,0.00191036,75.96179645,35.83439701,False,-11.83,0.6,0,3676,21.351716973167903,Askole
5381,0.001998928,75.96580695,35.83677236,False,-11.83,0.6,0,3688,21.781681016631026,Askole
5382,0.000791066,75.96649239,35.83892994,False,-11.83,0.6,0,3715,22.00930664628773,Askole
5383,0.002273236,75.9595137,35.83988898,False,-11.83,0.6,0,3712,21.717675852644696,Askole
5384,0.001302395,75.95475431,35.84270944,False,-11.83,0.6,0,3728,21.725086829386797,Askole
5385,0.002049588,75.95405466,35.84488207,False,-11.83,0.6,0,3737,21.888732020325254,Askole
5386,0.002762134,75.96628726,35.84522147,False,-11.83,0.6,0,3764,22.556901311696954,Askole
5387,0.00188627,75.96891812,35.84499824,False,-11.83,0.6,0,3738,22.678725786990665,Askole
5388,0.001598264,75.9658601,35.84996864,False,-11.83,0.6,0,3786,22.961259325688225,Askole
5389,0.005585172,75.96924176,35.85186689,False,-11.83,0.6,0,3794,23.310605068863495,Askole
5390,0.000759483,75.96691633,35.85166739,False,-11.83,0.6,0,3796,23.170296648615906,Askole
5391,0.000941746,75.96616346,35.85120385,False,-11.83,0.6,0,3789,23.08894408556185,Askole
5392,0.002596957,75.96958891,35.85295383,False,-11.83,0.6,0,3801,23.42690554525274,Askole
5393,0.003289618,75.97159059,35.85588824,False,-11.83,0.6,0,3827,23.797131523136354,Askole
5394,0.000783981,75.9739058,35.85966292,False,-11.83,0.6,0,3853,24.259887656492786,Askole
5395,0.002026608,75.9754984,35.86078614,False,-11.83,0.6,0,3858,24.44495015524397,Askole
5396,0.002496164,75.97666283,35.86597269,False,-11.83,0.6,0,3879,24.976204621175405,Askole
5397,0.000696496,75.97294348,35.8643342,False,-11.83,0.6,0,3878,24.635225491804444,Askole
5398,0.002628676,75.97772005,35.8704979,False,-11.83,0.6,0,3900,25.44379279989927,Askole
5399,0.001022245,75.97801519,35.87013459,False,-11.83,0.6,0,3902,25.425645091437204,Askole
5400,0.002100594,75.97873641,35.8730912,False,-11.83,0.6,0,3906,25.733376148950786,Askole
5401,0.001846191,75.97504379,35.87256721,False,-11.83,0.6,0,3902,25.498648901025586,Askole
5402,0.001088718,75.97991459,35.87524971,False,-11.83,0.6,0,3914,25.99146859518583,Askole
5403,0.001926355,75.9795904,35.87546569,False,-11.83,0.6,0,3919,25.994904853220035,Askole
5404,0.00213473,75.97907257,35.87579059,False,-11.83,0.6,0,3924,25.998656367082585,Askole
5405,0.000842828,75.97564335,35.87776455,False,-11.83,0.6,0,3925,26.010345573920432,Askole
5406,0.001662315,75.97848123,35.87994332,False,-11.83,0.6,0,3934,26.353202692620403,Askole
5407,0.001079262,75.98111881,35.8829529,False,-11.83,0.6,0,3935,26.763394591871222,Askole
5408,0.003527963,75.97996904,35.88302899,False,-11.83,0.6,0,3944,26.713568568962536,Askole
5409,0.002714094,75.9804478,35.88347838,False,-11.83,0.6,0,3934,26.779003538480218,Askole
5410,0.00417386,75.97916862,35.88305652,False,-11.83,0.6,0,3940,26.676696380100772,Askole
5411,0.000652794,75.98128933,35.88405465,False,-11.83,0.6,0,3925,26.874168805430067,Askole
5412,0.006599574,75.98144233,35.8851678,False,-11.83,0.6,0,3944,26.98525010984976,Askole
5413,0.000512663,75.98139382,35.88623114,False,-11.83,0.6,0,3953,27.081905937839217,Askole
5414,0.00040074,75.98068395,35.88658934,False,-11.83,0.6,0,3955,27.08054010088582,Askole
5415,0.00086865,75.98043872,35.88627186,False,-11.83,0.6,0,3953,27.038899476190164,Askole
5416,0.000336854,75.97952562,35.8863674,False,-11.83,0.6,0,3956,27.00327393489714,Askole
5417,0.003180097,75.97929497,35.88568949,False,-11.83,0.6,0,3946,26.92863174836349,Askole
5418,0.000242438,75.97993163,35.88575382,False,-11.83,0.6,0,3950,26.965724657642962,Askole
5419,0.000191108,75.98013506,35.88591571,False,-11.83,0.6,0,3950,26.990790252982663,Askole
5420,0.000173696,75.98009433,35.8852539,False,-11.83,0.6,0,3946,26.927017020631503,Askole
5421,0.001107058,75.9785781,35.88507562,False,-11.83,0.6,0,3945,26.8362866882623,Askole
5422,0.000103163,75.97828904,35.88515311,False,-11.83,0.6,0,3948,26.82946917022969,Askole
5423,0.001338794,75.97896851,35.88413461,False,-11.83,0.6,0,3939,26.767417251784643,Askole
5424,0.001063358,75.97735781,35.88430094,False,-11.83,0.6,0,3944,26.704423953539848,Askole
5425,0.013151829,75.97733781,35.88309833,False,-11.83,0.6,0,3943,26.59092625281862,Askole
5426,0.000524899,75.97724899,35.88578048,False,-11.83,0.6,0,3952,26.83786642177194,Askole
5427,0.003394056,75.97714736,35.88499606,False,-11.83,0.6,0,3947,26.75935859165096,Askole
5428,0.000339866,75.97658981,35.88482148,False,-11.83,0.6,0,3950,26.71601421638778,Askole
5429,0.002164833,75.97667535,35.88600027,False,-11.83,0.6,0,3949,26.830849230137595,Askole
5430,0.0002547,75.97840494,35.88625133,False,-11.83,0.6,0,3947,26.93796157039885,Askole
5431,0.000797479,75.97856995,35.8875714,False,-11.83,0.6,0,3957,27.06976979632425,Askole
5432,0.000297538,75.9813179,35.88692996,False,-11.83,0.6,0,3960,27.143363862063346,Askole
5433,0.000516297,75.98144412,35.88806255,False,-11.83,0.6,0,3961,27.255310462088254,Askole
5434,0.001278756,75.977853,35.89077841,False,-11.83,0.6,0,3961,27.337317778199804,Askole
5435,0.019020805,76.00299017,35.91606116,False,-11.83,0.6,0,4132,30.92355513035207,Askole
5436,0.000646257,76.0034193,35.91506766,False,-11.83,0.6,0,4123,30.85163532987935,Askole
5437,0.001296427,76.00210786,35.9148662,False,-11.83,0.6,0,4118,30.76881700636736,Askole
5438,0.002926998,76.00076335,35.91348352,False,-11.83,0.6,0,4119,30.57402133808904,Askole
5439,0.001355177,75.99670935,35.91317981,False,-11.83,0.6,0,4093,30.34979671826924,Askole
5440,0.000531994,75.99509186,35.91204454,False,-11.83,0.6,0,4101,30.165462731760634,Askole
5441,0.002484461,75.99354712,35.91019317,False,-11.83,0.6,0,4089,29.917155206163255,Askole
5442,0.002148399,75.99713363,35.9087561,False,-11.83,0.6,0,4088,29.955067792864757,Askole
5443,0.00142517,75.99298216,35.907778,False,-11.83,0.6,0,4080,29.662639712666873,Askole
5444,0.005830154,75.99407353,35.90785592,False,-11.83,0.6,0,4081,29.72246474895455,Askole
5445,0.000675199,75.99492055,35.90693023,False,-11.83,0.6,0,4083,29.67659084428498,Askole
5446,0.001520635,76.00113713,35.90023386,False,-11.83,0.6,0,4079,29.363840266423797,Askole
5447,0.000580186,76.00064337,35.90016331,False,-11.83,0.6,0,4081,29.332316090037473,Askole
5448,0.000755228,76.00212577,35.90066134,False,-11.83,0.6,0,4083,29.453325202195,Askole
5449,0.000777272,75.98939524,35.90288168,False,-11.83,0.6,0,4055,29.02978861995591,Askole
5450,0.000511041,75.99002125,35.90396958,False,-11.83,0.6,0,4061,29.16219062985357,Askole
5451,0.000690841,75.99547735,35.89805109,False,-11.83,0.6,0,4041,28.877468002020585,Askole
5452,0.000901821,75.99501493,35.89793178,False,-11.83,0.6,0,4042,28.843318368652017,Askole
5453,0.002372651,75.99365924,35.89727574,False,-11.83,0.6,0,4036,28.7149650389055,Askole
5454,0.001081379,75.99308243,35.89701187,False,-11.83,0.6,0,4035,28.661808711999484,Askole
5455,0.001391333,75.99194483,35.89806784,False,-11.83,0.6,0,4035,28.70356184597058,Askole
5456,0.003196933,75.98877653,35.90020872,False,-11.83,0.6,0,4030,28.74887942414864,Askole
5457,0.002334478,75.98123602,35.89868962,False,-11.83,0.6,0,4013,28.245951393730284,Askole
5458,0.000511365,75.98349285,35.89836871,False,-11.83,0.6,0,4016,28.322319902754995,Askole
5459,0.000361424,75.98773325,35.89605153,False,-11.83,0.6,0,4016,28.308910374779828,Askole
5460,0.000608159,75.98814195,35.89619282,False,-11.83,0.6,0,4017,28.34206871153959,Askole
5461,0.000326842,75.9905307,35.89517643,False,-11.83,0.6,0,4016,28.36486801160702,Askole
5462,0.001711754,75.98725621,35.89283176,False,-11.83,0.6,0,3994,27.98514150629474,Askole
5463,0.000780895,75.98640715,35.89227804,False,-11.83,0.6,0,3997,27.89179776154571,Askole
5464,0.000560881,75.98609413,35.89274879,False,-11.83,0.6,0,4002,27.920333132293717,Askole
5465,0.000822769,75.98751513,35.89365159,False,-11.83,0.6,0,4003,28.074248898855462,Askole
5466,0.00242988,75.98434209,35.89452784,False,-11.83,0.6,0,3996,28.001504166663842,Askole
5467,0.008072957,75.98623377,35.89429119,False,-11.83,0.6,0,4003,28.07120929085211,Askole
5468,0.000404593,75.98597049,35.89556194,False,-11.83,0.6,0,4019,28.17732406286749,Askole
5469,0.000859917,75.98180648,35.89444931,False,-11.83,0.6,0,3993,27.872177517063584,Askole
5470,0.000444604,75.98149773,35.8942543,False,-11.83,0.6,0,3990,27.83903722094153,Askole
5471,0.000263506,75.98140204,35.89479396,False,-11.83,0.6,0,3998,27.885352409163083,Askole
5472,0.00044487,75.98117694,35.8949976,False,-11.83,0.6,0,3999,27.89384150433617,Askole
5473,0.003834664,75.97990263,35.89617487,False,-11.83,0.6,0,4003,27.94479164089185,Askole
5474,0.00044361,75.98012397,35.89516262,False,-11.83,0.6,0,4003,27.859429984090905,Askole
5475,0.000489344,75.97728513,35.89572001,False,-11.83,0.6,0,3999,27.77882089824986,Askole
5476,0.009211585,75.97560867,35.89445297,False,-11.83,0.6,0,3987,27.580134043354718,Askole
5477,0.003687373,75.97807822,35.89442339,False,-11.83,0.6,0,3995,27.69285040118311,Askole
5478,0.016330554,75.97304679,35.89279239,False,-11.83,0.6,0,3959,27.303038872982565,Askole
5479,0.001693658,75.97323887,35.89403596,False,-11.83,0.6,0,3966,27.430661858530264,Askole
5480,0.002137131,75.97403713,35.89329646,False,-11.83,0.6,0,3964,27.39696469536817,Askole
5481,0.001765964,75.97614535,35.89299302,False,-11.83,0.6,0,3976,27.46635837049096,Askole
5482,0.002731769,75.97569681,35.89231634,False,-11.83,0.6,0,3966,27.381079218528022,Askole
5483,0.001857058,75.97551761,35.89094457,False,-11.83,0.6,0,3959,27.2425047291388,Askole
5484,0.002368151,75.97578217,35.89165377,False,-11.83,0.6,0,3964,27.322205011960573,Askole
5485,0.006586797,75.97675592,35.89054933,False,-11.83,0.6,0,3962,27.263566434077465,Askole
5486,0.001801308,75.97924218,35.89063177,False,-11.83,0.6,0,3965,27.389833966806403,Askole
5487,0.001623247,75.97970547,35.89094775,False,-11.83,0.6,0,3970,27.441790883093045,Askole
5488,0.000905069,75.9794257,35.89180001,False,-11.83,0.6,0,3975,27.50868359377171,Askole
5489,0.001830567,75.98130531,35.89106731,False,-11.83,0.6,0,3975,27.530018426820433,Askole
5490,0.00086747,75.98442793,35.88998777,False,-11.83,0.6,0,3985,27.58110162348417,Askole
5491,0.00103354,75.98301304,35.88842841,False,-11.83,0.6,0,3967,27.366256774277076,Askole
5492,0.00068928,75.9844874,35.8914209,False,-11.83,0.6,0,3998,27.717733600056395,Askole
5493,0.000740442,75.98418327,35.89186368,False,-11.83,0.6,0,4000,27.744262826193264,Askole
5494,0.000402313,75.98450778,35.89219397,False,-11.83,0.6,0,3999,27.790966985309698,Askole
5495,0.000833147,75.97595599,35.88986308,False,-11.83,0.6,0,3955,27.16076891348203,Askole
5496,0.001720685,75.95461788,35.89136705,False,-11.83,0.6,0,4010,26.349590269024723,Askole
5497,0.00086895,75.9570712,35.889026,False,-11.83,0.6,0,3983,26.22507975302928,Askole
5498,0.0005632,75.95887007,35.88727282,False,-11.83,0.6,0,3975,26.1326917141756,Askole
5499,0.000839448,75.95589546,35.88737889,False,-11.83,0.6,0,3975,26.01357261784991,Askole
5500,0.003634881,75.96203199,35.87672885,False,-11.83,0.6,0,3927,25.26082531716013,Askole
5501,0.001027554,75.9620127,35.87606046,False,-11.83,0.6,0,3920,25.19625848947033,Askole
5502,0.000620163,75.96255037,35.87616322,False,-11.83,0.6,0,3928,25.23108769517899,Askole
5503,0.001348649,75.96220496,35.87576524,False,-11.83,0.6,0,3922,25.17711503892093,Askole
5504,0.001046677,75.96359156,35.87588941,False,-11.83,0.6,0,3922,25.25378522246437,Askole
5505,0.001580897,75.96508461,35.87659828,False,-11.83,0.6,0,3929,25.39125342345351,Askole
5506,0.000497969,75.96367308,35.87692081,False,-11.83,0.6,0,3933,25.35556383038265,Askole
5507,0.000778109,75.9634916,35.8742107,False,-11.83,0.6,0,3912,25.089917301075033,Askole
5508,0.000846859,75.96213272,35.87299864,False,-11.83,0.6,0,3904,24.910993171176116,Askole
5509,0.000771097,75.9642859,35.86820667,False,-11.83,0.6,0,3882,24.562223344224265,Askole
5510,0.000640556,75.9645295,35.86803616,False,-11.83,0.6,0,3881,24.558072656124192,Askole
5511,0.001923758,75.96244172,35.86846413,False,-11.83,0.6,0,3882,24.497418915686087,Askole
5512,0.000906984,75.96123427,35.86741866,False,-11.83,0.6,0,3869,24.341092433100506,Askole
5513,0.001087359,75.96241385,35.8668934,False,-11.83,0.6,0,3880,24.348446159852585,Askole
5514,0.002186817,75.961041,35.86688918,False,-11.83,0.6,0,3868,24.281975016347324,Askole
5515,0.003659494,75.96323032,35.86570246,False,-11.83,0.6,0,3868,24.276439379819642,Askole
5516,0.000719812,75.96212799,35.86544519,False,-11.83,0.6,0,3866,24.1987727974,Askole
5517,0.002292224,75.97104669,35.86049386,False,-11.83,0.6,0,3859,24.186933951919087,Askole
5518,0.001866534,75.96827377,35.86022265,False,-11.83,0.6,0,3847,24.020054736010152,Askole
5519,0.001154078,75.96904667,35.85820104,False,-11.83,0.6,0,3839,23.8747141800103,Askole
5520,0.001152609,75.97365122,35.85820126,False,-11.83,0.6,0,3845,24.114363480758772,Askole
5521,0.001409643,75.97284923,35.85824411,False,-11.83,0.6,0,3846,24.076159781129533,Askole
5522,0.000890129,75.97042187,35.85789075,False,-11.83,0.6,0,3835,23.917561958686996,Askole
5523,0.001333765,75.96780025,35.85601114,False,-11.83,0.6,0,3827,23.61075259752148,Askole
5524,0.002875895,75.96658524,35.85522885,False,-11.83,0.6,0,3821,23.476738753943128,Askole
5525,0.005029224,75.96379914,35.85226473,False,-11.83,0.6,0,3795,23.06276873825455,Askole
5526,0.0017414,75.9632895,35.84876622,False,-11.83,0.6,0,3773,22.71797960736449,Askole
5527,0.001985914,75.96652406,35.86387917,False,-11.83,0.6,0,3858,24.268981398849036,Askole
5528,0.004046672,75.967313,35.86265005,False,-11.83,0.6,0,3854,24.194798186953847,Askole
5529,0.002536954,75.96159385,35.86907714,False,-11.83,0.6,0,3882,24.51460688323094,Askole
5530,0.001995772,75.97928338,35.8767599,False,-11.83,0.6,0,3925,26.098639181220463,Askole
5531,0.001311124,75.98082437,35.87791679,False,-11.83,0.6,0,3917,26.282918920086576,Askole
5532,0.000998099,75.97510553,35.88093974,False,-11.83,0.6,0,3936,26.28026799356131,Askole
5533,0.001530237,75.97747909,35.88058164,False,-11.83,0.6,0,3933,26.363039865051345,Askole
5534,0.000598425,75.97556352,35.87981863,False,-11.83,0.6,0,3935,26.197844494470342,Askole
5535,0.000907395,75.96163668,35.87891324,False,-11.83,0.6,0,3941,25.451126221470194,Askole
5536,0.000375616,75.96205077,35.87885421,False,-11.83,0.6,0,3939,25.46453025947323,Askole
5537,0.001535114,75.9609153,35.87887088,False,-11.83,0.6,0,3939,25.41398695558242,Askole
5538,0.000820001,75.96164015,35.87965281,False,-11.83,0.6,0,3943,25.52205943714669,Askole
5539,0.047852837,76.39338411,35.78427746,False,-11.83,0.6,0,4787,37.281362646896426,Hushe
5540,0.001804362,75.90961728,35.69175922,False,-0.23,0.97,1,3092,6.386795717597633,Tastay
5541,0.000146642,75.90955837,35.69217306,False,-0.23,0.97,1,3103,6.407370820724824,Tastay
5542,0.009604565,75.91045077,35.69113599,False,-0.23,0.97,1,3091,6.413328372641307,Tastay
5543,8.58e-05,75.87752588,35.74903358,False,-0.23,0.97,0,3552,9.197997747598391,Askole
5544,0.001130353,75.84700347,35.77828879,False,-9.14,0.75,0,3642,11.030237220074522,Askole
5545,0.003106105,75.72978767,35.88047305,False,-9.14,0.75,0,4116,18.325110853799526,Chokpiong
5546,0.000271758,75.72776339,35.87998168,False,-9.14,0.75,0,4099,18.182038526390155,Chokpiong
5547,0.000394104,75.63156392,35.91036701,False,-9.14,0.75,0,4443,18.851351781110317,Chokpiong
5548,0.000704258,75.631748,35.90985918,False,-9.14,0.75,0,4445,18.795760275039097,Chokpiong
5549,0.000485383,75.63212409,35.90956532,False,-9.14,0.75,0,4446,18.764828710569688,Chokpiong
5550,0.000949473,75.36100047,36.07039824,False,-9.14,0.75,0,4323,22.138622751907143,Bisil
5551,0.001187942,75.35933445,36.07073442,False,-9.14,0.75,0,4320,22.199157838812585,Bisil
5552,0.000885523,75.35861453,36.07126097,False,-9.14,0.75,0,4307,22.267423484966898,Bisil
5553,0.000443628,75.00817964,35.80258857,False,-3.39,0.77,0,3514,12.29636873722231,استک
5554,0.000465215,75.12684815,36.18557087,False,-3.39,0.77,0,4006,12.001289353502994,Hispar
5555,0.031401277,74.88632014,35.89349733,False,-3.39,0.77,0,3312,6.74268542048803,Iskere
5556,0.048678277,74.88239125,36.17368534,False,-3.39,0.77,0,4611,6.74069671784731,Tarkiching Das
5557,0.00197132,74.8171493,36.21136736,False,-3.39,0.77,0,3019,4.582800200173816,Holshal Hoper
5558,3.930649382,74.85702198,36.32183327,True,-5.46,0.51,0,2505,1.1948410690960654,Ainabad
5559,0.12738251,74.86239474,36.43009692,True,-5.46,0.51,1,2645,1.1876744254853522,Burit
5560,0.001821155,75.81685082,36.59327051,False,-8.63,0.49,0,4864,30.255326068660224,Raskam village
5561,0.011849931,75.81739274,36.59196995,False,-8.63,0.49,0,4841,30.34292360159962,Raskam village
5562,0.000811794,75.8230959,36.59055421,False,-8.63,0.49,0,4799,30.172327218195754,Raskam village
5563,0.003805695,75.82264815,36.5903122,False,-8.63,0.49,0,4805,30.217415858124127,Raskam village
5564,0.000201211,75.82066667,36.58953471,False,-8.63,0.49,0,4823,30.390516836935003,Raskam village
5565,0.017156243,75.81324912,36.5899345,False,-8.63,0.49,0,4859,30.74484501920508,Raskam village
5566,0.004175943,75.80633706,36.58626355,False,-8.63,0.49,0,5033,31.44161665486036,Raskam village
5567,0.000920601,75.80457097,36.58657021,False,-8.63,0.49,0,5035,31.509830397554015,Raskam village
5568,0.083534679,75.80593586,36.54779221,False,-8.63,0.49,0,4926,34.969092484577274,Raskam village
5569,0.001046268,75.80905468,36.54358077,False,-8.63,0.49,0,4910,35.006326981105396,Chongtokai
5570,0.002327627,75.80910531,36.54205958,False,-8.63,0.49,0,4901,35.06087415827891,Chongtokai
5571,0.003876944,75.80205163,36.52832722,False,-8.63,0.49,0,4788,36.20553803202196,Chongtokai
5572,0.022423401,75.81161777,36.50022868,False,-8.63,0.49,0,4862,36.745813612186716,Chongtokai
5573,0.001981745,75.81118057,36.50120176,False,-8.63,0.49,0,4869,36.73088827636673,Chongtokai
5574,0.001867362,75.81243208,36.50417327,False,-8.63,0.49,0,4866,36.48107204412218,Chongtokai
5575,0.006056952,75.82090965,36.50718188,False,-8.63,0.49,0,4740,35.653969271901694,Chongtokai
5576,0.0041158,75.8225853,36.5075719,False,-8.63,0.49,0,4746,35.500804472356634,Chongtokai
5577,0.001703987,75.82004749,36.51055752,False,-8.63,0.49,0,4738,35.55473933504935,Chongtokai
5578,0.006524363,75.81918691,36.50906709,False,-8.63,0.49,0,4736,35.69732762327692,Chongtokai
5579,0.008447701,75.81823221,36.51061917,False,-8.63,0.49,0,4748,35.69721329457636,Chongtokai
5580,0.003632407,75.84412883,36.50493725,False,-8.63,0.49,0,4795,33.936044028023325,Chongtokai
5581,0.001625098,75.81967097,36.43445157,False,-8.63,0.49,0,4795,40.057957715901225,Chongtokai
5582,0.001237563,75.82593683,36.43496591,False,-8.63,0.49,0,4731,39.577998365142776,Chongtokai
5583,0.000627898,75.82804426,36.43610265,False,-8.63,0.49,0,4721,39.35151643936425,Chongtokai
5584,0.001481231,75.827491,36.43712485,False,-8.63,0.49,0,4737,39.32146169918963,Chongtokai
5585,0.005059893,75.8266913,36.43723358,False,-8.63,0.49,0,4741,39.370918089486466,Chongtokai
5586,0.001165969,75.82752918,36.43796874,False,-8.63,0.49,0,4742,39.26172914058499,Chongtokai
5587,0.003873777,75.82572868,36.43782222,False,-8.63,0.49,0,4740,39.39971716507909,Chongtokai
5588,0.001454743,75.82404904,36.43733722,False,-8.63,0.49,0,4729,39.55199680798119,Chongtokai
5589,0.000709643,75.8200471,36.43861027,False,-8.63,0.49,0,4776,39.753059805501756,Chongtokai
5590,0.000982459,75.81891799,36.43844947,False,-8.63,0.49,0,4770,39.844751824420165,Chongtokai
5591,0.003396346,75.81974948,36.4393235,False,-8.63,0.49,0,4796,39.72708309838114,Chongtokai
5592,0.000611197,75.81929682,36.43711629,False,-8.63,0.49,0,4746,39.90626825909842,Chongtokai
5593,0.000144971,75.81966858,36.43713214,False,-8.63,0.49,0,4744,39.87859957621138,Chongtokai
5594,0.000178626,75.81901411,36.43701224,False,-8.63,0.49,0,4749,39.93344622819856,Chongtokai
5595,0.000109897,75.82004594,36.43648599,False,-8.63,0.49,0,4755,39.89477131810501,Chongtokai
5596,0.00027319,75.82040846,36.43637183,False,-8.63,0.49,0,4751,39.87650942900281,Chongtokai
5597,0.001542562,75.73411154,36.41358983,False,-8.63,0.49,0,4837,37.44253878881391,Shimshal
5598,0.000338259,75.7334421,36.41429277,False,-8.63,0.49,0,4841,37.37714971680597,Shimshal
5599,0.003044741,75.69924926,36.6441973,False,-8.63,0.49,0,5101,34.06238745531764,Raskam village
5600,0.001997805,75.63743694,36.67589404,False,-8.63,0.49,0,4916,29.76198655208537,Khunjerab
5601,0.000804637,75.63647425,36.67665904,False,-8.63,0.49,0,4910,29.65866159217291,Khunjerab
5602,0.000950603,75.64969271,36.7391884,False,-8.63,0.49,0,4898,23.36574887546481,Khunjerab
5603,0.001798135,75.64761752,36.74173963,False,-8.63,0.49,0,4838,23.034900460834827,Khunjerab
5604,0.003493259,75.65591477,36.72648419,False,-8.63,0.49,0,4969,24.883250080989367,Khunjerab
5605,0.001054402,75.65658684,36.72883188,False,-8.63,0.49,0,4925,24.661218174508832,Khunjerab
5606,0.001308682,75.65755313,36.72913604,False,-8.63,0.49,0,4918,24.661091005212825,Khunjerab
5607,0.002180659,75.65638255,36.64772289,False,-8.63,0.49,0,4622,33.22293119181549,Khunjerab
5608,0.000988887,75.6558921,36.64783816,False,-8.63,0.49,0,4616,33.198856158845885,Khunjerab
5609,0.001912384,75.6720677,36.53271643,False,-8.63,0.49,0,4797,33.49027339912837,Shimshal
5610,0.001676628,75.6666562,36.52425003,False,-8.63,0.49,0,4691,32.74366293943755,Shimshal
5611,0.005110929,75.65988231,36.50729427,False,-8.63,0.49,0,4600,31.654371989423048,Shimshal
5612,0.009487244,75.71766946,36.47921081,False,-8.63,0.49,0,5156,36.16052192443406,Shimshal
5613,0.001000665,75.71844971,36.47888445,False,-8.63,0.49,0,5155,36.22517328332865,Shimshal
5614,0.001085334,75.61786552,36.48047837,False,-8.63,0.49,0,5185,27.356565606556607,Shimshal
5615,0.000585041,75.70788131,36.43645764,False,-8.63,0.49,0,4781,34.9962559567333,Shimshal
5616,0.000210437,75.70784949,36.43716911,False,-8.63,0.49,0,4800,34.99307721438874,Shimshal
5617,0.000574618,75.70883325,36.43826183,False,-8.63,0.49,0,4815,35.080918500598855,Shimshal
5618,0.000608569,75.71041051,36.43859559,False,-8.63,0.49,0,4822,35.222047329854774,Shimshal
5619,0.001759998,75.71150312,36.4386828,False,-8.63,0.49,0,4809,35.319802383596475,Shimshal
5620,0.001250664,75.70904879,36.4391183,False,-8.63,0.49,0,4825,35.100366139506185,Shimshal
5621,0.000322502,75.70945425,36.44090021,False,-8.63,0.49,0,4838,35.137808340655006,Shimshal
5622,0.000933292,75.71133125,36.44131997,False,-8.63,0.49,0,4855,35.30614089454084,Shimshal
5623,0.002001985,75.71039648,36.44135094,False,-8.63,0.49,0,4853,35.22256227795577,Shimshal
5624,0.000933705,75.71059908,36.44195041,False,-8.63,0.49,0,4857,35.241421955699025,Shimshal
5625,0.002354047,75.71041824,36.44228564,False,-8.63,0.49,0,4858,35.22571434736657,Shimshal
5626,0.001626709,75.70898456,36.44150677,False,-8.63,0.49,0,4838,35.09644969079638,Shimshal
5627,0.003171614,75.70889406,36.44215714,False,-8.63,0.49,0,4841,35.089201178461295,Shimshal
5628,0.000869976,75.7133687,36.44248417,False,-8.63,0.49,0,4858,35.48990742956236,Shimshal
5629,0.001539937,75.71245206,36.44247593,False,-8.63,0.49,0,4862,35.40790803633345,Shimshal
5630,0.000317781,75.71282136,36.442038,False,-8.63,0.49,0,4855,35.44031203757437,Shimshal
5631,0.001872283,75.71281485,36.44346198,False,-8.63,0.49,0,4870,35.44201431055896,Shimshal
5632,0.002025193,75.71480673,36.44651743,False,-8.63,0.49,0,4858,35.62740845505448,Shimshal
5633,0.001715232,75.71302017,36.44640286,False,-8.63,0.49,0,4852,35.46732976112994,Shimshal
5634,0.000279571,75.71369164,36.44617473,False,-8.63,0.49,0,4853,35.52672459392827,Shimshal
5635,0.000128966,75.71405533,36.44667162,False,-8.63,0.49,0,4859,35.56067371251568,Shimshal
5636,0.002419272,75.71411732,36.44739868,False,-8.63,0.49,0,4860,35.568460802064465,Shimshal
5637,0.002137501,75.71115473,36.44624089,False,-8.63,0.49,0,4858,35.30006472697701,Shimshal
5638,0.002230075,75.71182428,36.44657271,False,-8.63,0.49,0,4857,35.36089263872275,Shimshal
5639,0.000368936,75.71248841,36.44700631,False,-8.63,0.49,0,4859,35.42158349413464,Shimshal
5640,0.003253937,75.71200748,36.44744385,False,-8.63,0.49,0,4859,35.379970787238896,Shimshal
5641,0.000613522,75.71157419,36.44792208,False,-8.63,0.49,0,4857,35.34282692885782,Shimshal
5642,0.001190977,75.71096986,36.44768249,False,-8.63,0.49,0,4863,35.28798763342375,Shimshal
5643,0.015899045,75.71034259,36.4481911,False,-8.63,0.49,0,4858,35.23365478552789,Shimshal
5644,0.001297732,75.70819435,36.44883705,False,-8.63,0.49,0,4860,35.04396886106516,Shimshal
5645,0.000450791,75.7081293,36.44752518,False,-8.63,0.49,0,4858,35.03350334544976,Shimshal
5646,0.000171084,75.70791326,36.44764096,False,-8.63,0.49,0,4862,35.01457442882129,Shimshal
5647,0.000218601,75.70751056,36.44787349,False,-8.63,0.49,0,4864,34.979362255885505,Shimshal
5648,0.000276543,75.70789381,36.44804114,False,-8.63,0.49,0,4862,35.01420709805708,Shimshal
5649,0.004460703,75.70687893,36.44717933,False,-8.63,0.49,0,4861,34.920584365196255,Shimshal
5650,0.001331293,75.70780983,36.4468788,False,-8.63,0.49,0,4858,35.00287076476164,Shimshal
5651,0.00116354,75.70781122,36.4464127,False,-8.63,0.49,0,4858,35.00159376874907,Shimshal
5652,0.002540752,75.70740994,36.44547107,False,-8.63,0.49,0,4850,34.96311301903515,Shimshal
5653,0.000932733,75.70820351,36.4446255,False,-8.63,0.49,0,4845,35.03201398218676,Shimshal
5654,0.002188685,75.70976157,36.44402387,False,-8.63,0.49,0,4851,35.170043160204386,Shimshal
5655,0.000473165,75.71016516,36.44381918,False,-8.63,0.49,0,4849,35.205722368728956,Shimshal
5656,0.021597846,75.71350302,36.44528509,False,-8.63,0.49,0,4855,35.50751147542773,Shimshal
5657,0.00250172,75.71038498,36.44618537,False,-8.63,0.49,0,4864,35.23107823580807,Shimshal
5658,0.000299674,75.70934098,36.44654467,False,-8.63,0.49,0,4860,35.13876575507306,Shimshal
5659,0.0092105,75.70857222,36.44675636,False,-8.63,0.49,0,4858,35.07066262145849,Shimshal
5660,0.002175282,75.70655733,36.44400513,False,-8.63,0.49,0,4839,34.88343687056074,Shimshal
5661,0.002074075,75.70451806,36.44386654,False,-8.63,0.49,0,4840,34.70077059090249,Shimshal
5662,0.004345371,75.70530232,36.44383479,False,-8.63,0.49,0,4840,34.77084583201351,Shimshal
5663,0.001844404,75.70597826,36.44206078,False,-8.63,0.49,0,4830,34.82826361032476,Shimshal
5664,0.000450487,75.70608247,36.44135196,False,-8.63,0.49,0,4827,34.83668472501735,Shimshal
5665,0.001693571,75.70511521,36.44175376,False,-8.63,0.49,0,4837,34.75065542689972,Shimshal
5666,0.005795762,75.70497088,36.4407867,False,-8.63,0.49,0,4833,34.73666327731015,Shimshal
5667,0.002295727,75.70403392,36.44112724,False,-8.63,0.49,0,4833,34.65319673348868,Shimshal
5668,0.001231482,75.70327832,36.44135721,False,-8.63,0.49,0,4828,34.585866084959456,Shimshal
5669,0.000484127,75.70322343,36.44217735,False,-8.63,0.49,0,4830,34.58202581350375,Shimshal
5670,0.012880039,75.70510046,36.4426677,False,-8.63,0.49,0,4835,34.750664377620076,Shimshal
5671,0.000201652,75.70605906,36.44325555,False,-8.63,0.49,0,4840,34.837411264752845,Shimshal
5672,0.000849529,75.71521526,36.44850802,False,-8.63,0.49,0,4855,35.67039197070669,Shimshal
5673,0.0007585,75.71333675,36.44889668,False,-8.63,0.49,0,4849,35.50388593604127,Shimshal
5674,0.002649518,75.71185277,36.4494807,False,-8.63,0.49,0,4855,35.37348249300914,Shimshal
5675,0.002442077,75.71242288,36.45040156,False,-8.63,0.49,0,4859,35.42823214433088,Shimshal
5676,0.000548558,75.71375388,36.45046283,False,-8.63,0.49,0,4858,35.54745341896143,Shimshal
5677,0.000461125,75.71391131,36.45211884,False,-8.63,0.49,0,4859,35.569086291676435,Shimshal
5678,0.000407599,75.71368156,36.45187461,False,-8.63,0.49,0,4859,35.54738115031688,Shimshal
5679,0.000566856,75.71430192,36.45260009,False,-8.63,0.49,0,4860,35.60636282361718,Shimshal
5680,0.000440375,75.71389756,36.45258945,False,-8.63,0.49,0,4860,35.57018051593174,Shimshal
5681,0.000765968,75.7149141,36.45298962,False,-8.63,0.49,0,4864,35.6630369596689,Shimshal
5682,0.000991356,75.72138104,36.45167891,False,-8.63,0.49,0,5015,36.23449589039289,Shimshal
5683,0.005150944,75.71453287,36.45374162,False,-8.63,0.49,0,4859,35.63294531508992,Shimshal
5684,0.000351463,75.71523707,36.45417337,False,-8.63,0.49,0,4863,35.698215804781036,Shimshal
5685,0.000514859,75.7154381,36.45453618,False,-8.63,0.49,0,4868,35.71820705623631,Shimshal
5686,0.000784116,75.71540331,36.45518016,False,-8.63,0.49,0,4872,35.71882209376758,Shimshal
5687,0.000621907,75.71471663,36.45494122,False,-8.63,0.49,0,4868,35.656093766951535,Shimshal
5688,0.001632018,75.71506915,36.45547269,False,-8.63,0.49,0,4874,35.69071782064643,Shimshal
5689,0.000157467,75.71509425,36.45581212,False,-8.63,0.49,0,4876,35.69501506021211,Shimshal
5690,0.000287546,75.71548173,36.45650365,False,-8.63,0.49,0,4884,35.733923917400595,Shimshal
5691,0.001004897,75.71276874,36.45754074,False,-8.63,0.49,0,4892,35.498503440846335,Shimshal
5692,0.000658912,75.70898284,36.45777943,False,-8.63,0.49,0,4940,35.16218601638784,Shimshal
5693,0.000613146,75.70937352,36.45798842,False,-8.63,0.49,0,4939,35.19850799050509,Shimshal
5694,0.000118627,75.71097854,36.4552389,False,-8.63,0.49,0,4876,35.32399951959357,Shimshal
5695,0.001050531,75.70815016,36.45475234,False,-8.63,0.49,0,4903,35.06851644421708,Shimshal
5696,0.001171214,75.70977081,36.46370186,False,-8.63,0.49,0,5000,35.2794597051747,Shimshal
5697,0.000653747,75.71350195,36.47022437,False,-8.63,0.49,0,5068,35.67723060397457,Shimshal
5698,0.001727278,75.72712046,36.47165816,False,-8.63,0.49,0,5139,36.90482835721783,Shimshal
5699,0.000359643,75.72672719,36.47231107,False,-8.63,0.49,0,5135,36.877239323700664,Shimshal
5700,0.002552574,75.73061859,36.47682912,False,-8.63,0.49,0,5203,37.27789241451182,Shimshal
5701,0.000908933,75.72250628,36.48351584,False,-8.63,0.49,0,5216,36.65232139340778,Shimshal
5702,0.00233169,75.70151103,36.37279764,False,-8.63,0.49,0,4885,35.183684087885425,Shimshal
5703,0.00130976,75.69729853,36.37718008,False,-8.63,0.49,0,4789,34.71637518023834,Shimshal
5704,0.00088902,75.69762581,36.37764687,False,-8.63,0.49,0,4788,34.73503024640837,Shimshal
5705,0.001075677,75.6227033,36.63179982,False,-8.63,0.49,0,5290,34.286875737954524,Khunjerab
5706,0.004408444,75.62119196,36.63219802,False,-8.63,0.49,0,5292,34.220172317928665,Khunjerab
5707,0.00176112,75.61466095,36.54927637,False,-8.63,0.49,0,4862,29.394554192927803,Shimshal
5708,0.001557531,75.6128773,36.54886014,False,-8.63,0.49,0,4859,29.230570410377354,Shimshal
5709,0.001319698,75.59228856,36.38939475,False,-8.63,0.49,0,4781,25.23624500768069,Shimshal
5710,0.000893556,75.48265899,36.33168514,False,-8.63,0.49,1,3590,18.9525899024515,Shimshal
5711,0.00191308,75.48164631,36.33336885,False,-8.63,0.49,1,3594,18.76538744007047,Shimshal
5712,0.000559494,75.48090431,36.33500251,False,-8.63,0.49,1,3600,18.601190964188238,Shimshal
5713,0.000546566,75.48263804,36.33498805,False,-8.63,0.49,1,3601,18.72506692880284,Shimshal
5714,0.000513289,75.48175325,36.33526874,False,-8.63,0.49,1,3603,18.643223546094696,Shimshal
5715,0.000862333,75.47989493,36.33348574,False,-8.63,0.49,1,3594,18.63418321467258,Shimshal
5716,0.000450726,75.47894306,36.33416979,False,-8.63,0.49,1,3594,18.520115070276443,Shimshal
5717,0.000319082,75.47788299,36.33496203,False,-8.63,0.49,1,3593,18.390983966975696,Shimshal
5718,0.000583868,75.47819331,36.33546037,False,-8.63,0.49,1,3594,18.3784913596155,Shimshal
5719,0.000719514,75.48162596,36.33441684,False,-8.63,0.49,1,3599,18.692193439057032,Shimshal
5720,0.001138267,75.47872987,36.33559304,False,-8.63,0.49,1,3595,18.40720565744979,Shimshal
5721,0.000683111,75.45478222,36.33522184,False,-8.63,0.49,1,3540,16.797768511415686,Shimshal
5722,0.001031744,75.45492555,36.33620991,False,-8.63,0.49,1,3541,16.733009266055312,Shimshal
5723,0.002052004,75.45076945,36.3369492,False,-8.63,0.49,1,3532,16.403586742044627,Shimshal
5724,0.000998879,75.45668002,36.33561686,False,-8.63,0.49,1,3551,16.89367726257917,Shimshal
5725,0.002935729,75.44879299,36.3365385,False,-8.63,0.49,1,3543,16.306001551516946,Shimshal
5726,0.002932717,75.34209705,36.54493244,False,-8.63,0.49,0,4970,11.52226440985493,Kut Dūr-i-Dasht
5727,0.048717345,75.34472983,36.54723703,False,-8.63,0.49,0,4973,11.865387704349125,Kut Dūr-i-Dasht
5728,0.004109791,75.27852408,36.56369041,False,-5.46,0.51,0,4839,9.779019388204027,Kut Dūr-i-Dasht
5729,0.003779056,75.22376136,36.49845985,False,-5.46,0.51,0,2937,2.421647485180177,Kut Dūr-i-Dasht
5730,0.001035253,75.23398541,36.49207177,False,-5.46,0.51,0,3059,1.3310978687256894,Kut Dūr-i-Dasht
5731,0.002238287,75.23433456,36.50271865,False,-5.46,0.51,0,3557,2.4464168321885817,Kut Dūr-i-Dasht
5732,0.002734723,75.18754372,36.5638734,False,-5.46,0.51,0,5541,7.795832568963134,Mulungūtti
5733,0.004101383,75.18821661,36.56456305,False,-5.46,0.51,0,5467,7.867477215745098,Mulungūtti
5734,0.00731649,75.18983727,36.56341231,False,-5.46,0.51,0,5535,7.73011652577283,Mulungūtti
5735,0.005546678,75.19263759,36.56399647,False,-5.46,0.51,0,5521,7.784533027399523,Mulungūtti
5736,0.009387366,75.1949693,36.57269402,False,-5.46,0.51,0,5109,8.749101403131917,Mulungūtti
5737,0.003373175,75.19452082,36.57495593,False,-5.46,0.51,0,4963,9.000664489071578,Mulungūtti
5738,0.019366768,75.19126863,36.57187779,False,-5.46,0.51,0,5069,8.66431831864883,Mulungūtti
5739,0.000426254,75.1960762,36.58038594,False,-5.46,0.51,0,4884,9.605002570126569,Mulungūtti
5740,0.000587504,75.19608937,36.58123193,False,-5.46,0.51,0,4869,9.699079638932295,Mulungūtti
5741,0.00170442,75.19875354,36.583852,False,-5.46,0.51,0,4848,9.99582636176751,Mulungūtti
5742,0.000507415,75.19966441,36.57697438,False,-5.46,0.51,0,4987,9.23498468411551,Mulungūtti
5743,0.002850233,75.20433141,36.5727503,False,-5.46,0.51,0,5067,8.796056970492552,Mulungūtti
5744,0.001937699,75.1958711,36.57638861,False,-5.46,0.51,0,4943,9.160352067859387,Mulungūtti
5745,0.002821835,75.18745755,36.59639236,False,-5.46,0.51,0,4521,11.403481660000512,Mulungūtti
5746,0.001062417,75.18615825,36.59778677,False,-5.46,0.51,0,4540,11.56550579416636,Mulungūtti
5747,0.001624693,75.18932006,36.59960031,False,-5.46,0.51,0,4531,11.751408530016475,Mulungūtti
5748,0.00038486,75.19045527,36.59747362,False,-5.46,0.51,0,4508,11.511225120529849,Mulungūtti
5749,0.000108689,75.18983883,36.59749467,False,-5.46,0.51,0,4512,11.51558279892015,Mulungūtti
5750,0.00306888,75.15383947,36.59310889,False,-5.46,0.51,0,5111,11.612820315733122,Mulungūtti
5751,0.000818488,74.54332183,36.61398247,False,-2.9,0.49,0,3730,20.88028127750057,Yarzrich
5752,0.002101645,74.54690543,36.61273401,False,-2.9,0.49,0,3721,20.73086111777933,Yarzrich
5753,0.006904726,74.54588002,36.61307733,False,-2.9,0.49,0,3723,20.774151922100906,Yarzrich
5754,0.00644868,74.55142889,36.61228306,False,-2.9,0.49,0,3700,20.464493541734985,Yarzrich
5755,0.001295473,74.57773237,36.60969128,False,-2.9,0.49,0,3637,19.011541250899654,Yarzrich
5756,0.000842736,74.58244195,36.60715922,False,-2.9,0.49,0,3621,18.944850605999903,Yarzrich
5757,0.001112115,74.58239536,36.60608677,False,-2.9,0.49,0,3632,19.038206622465495,Yarzrich
5758,0.001111059,74.59002908,36.6065613,False,-2.9,0.49,0,3613,18.562647683837486,Yarzrich
5759,0.001659022,74.59370062,36.60382111,False,-2.9,0.49,0,3607,18.301760516705507,Khyber
5760,0.001118971,74.59391669,36.59991652,False,-2.9,0.49,0,3603,18.219419301973943,Khyber
5761,0.00143394,74.5957928,36.5995683,False,-2.9,0.49,0,3596,18.048266704073452,Khyber
5762,0.003153843,74.60075355,36.59672424,False,-2.9,0.49,0,3578,17.569054593255014,Khyber
5763,0.002697669,74.60211096,36.59662581,False,-2.9,0.49,0,3569,17.447433270373903,Khyber
5764,0.002871755,74.5976083,36.59231385,False,-2.9,0.49,0,3590,17.797135710877782,Khyber
5765,0.002224605,74.5992331,36.59255065,False,-2.9,0.49,0,3586,17.655072967418583,Khyber
5766,0.000325475,74.59956204,36.59233838,False,-2.9,0.49,0,3585,17.623669665070253,Khyber
5767,0.001041609,74.60469769,36.59277339,False,-2.9,0.49,0,3561,17.17170244387065,Khyber
5768,0.000714155,74.60547909,36.59395832,False,-2.9,0.49,0,3560,17.115490698282667,Khyber
5769,0.001080775,74.6053288,36.5933591,False,-2.9,0.49,0,3558,17.122026978787655,Khyber
5770,0.002951563,74.60391042,36.59224352,False,-2.9,0.49,0,3562,17.2361211076936,Khyber
5771,0.002930124,74.59696443,36.59379637,False,-2.9,0.49,0,3591,17.869903181836094,Khyber
5772,0.001670056,74.60943612,36.58642341,False,-2.9,0.49,0,3541,16.69582901908031,Khyber
5773,0.003225063,74.60906947,36.5855102,False,-2.9,0.49,0,3540,16.723078080376332,Khyber
5774,0.005013316,74.61340234,36.58580551,False,-2.9,0.49,0,3529,16.338450785098544,Khyber
5775,0.003251691,74.61110854,36.5880391,False,-2.9,0.49,0,3532,16.557995289009817,Khyber
5776,0.002931559,74.61220051,36.5866761,False,-2.9,0.49,0,3529,16.451053975704962,Khyber
5777,0.005565058,74.61793016,36.58089271,False,-2.9,0.49,0,3511,15.914005616377095,Khyber
5778,0.00469266,74.61809299,36.57989753,False,-2.9,0.49,0,3511,15.897540269606779,Khyber
5779,0.003505768,74.6280009,36.57298696,False,-2.9,0.49,0,3475,15.021157022793703,Khyber
5780,0.004171405,74.63164693,36.56958242,False,-2.9,0.49,0,3464,14.714671957099226,Khyber
5781,0.004805983,74.62579694,36.56965643,False,-2.9,0.49,0,3481,15.235610586067194,Khyber
5782,0.015619803,74.63052901,36.56305357,False,-2.9,0.49,0,3459,14.877205843542065,Khyber
5783,0.00416017,74.62994231,36.55920637,False,-2.9,0.49,0,3457,14.98257466240875,Khyber
5784,0.004218543,74.63161421,36.56007749,False,-2.9,0.49,0,3459,14.82145268719936,Khyber
5785,0.017069841,74.62213452,36.55528748,False,-2.9,0.49,0,3440,15.73720764606639,Khyber
5786,0.003438158,74.62289519,36.55401664,False,-2.9,0.49,0,3433,15.693429809026679,Khyber
5787,0.000838614,74.6232829,36.55389002,False,-2.9,0.49,0,3435,15.661692383545578,Khyber
5788,0.001402149,74.60922266,36.57223902,False,-2.9,0.49,0,3541,16.700001089060233,Khyber
5789,0.001221443,74.60800611,36.57322556,False,-2.9,0.49,0,3537,16.804799917356583,Khyber
5790,0.002536753,74.59999744,36.5777427,False,-2.9,0.49,0,3529,17.51184290363454,Khyber
5791,0.003914044,74.59914571,36.57804866,False,-2.9,0.49,0,3531,17.58789022429715,Khyber
5792,0.00191408,74.59653521,36.58057419,False,-2.9,0.49,0,3550,17.82340290547736,Khyber
5793,0.000859205,74.59016118,36.58470982,False,-2.9,0.49,0,3568,18.405524124978285,Khyber
5794,0.003008588,74.58178793,36.59355742,False,-2.9,0.49,0,3614,19.216250990978732,Khyber
5795,0.001116569,74.57807583,36.59485648,False,-2.9,0.49,0,3609,19.55966528504493,Khyber
5796,0.002136651,74.57521533,36.59579692,False,-2.9,0.49,0,3621,19.824053821641428,Khyber
5797,0.00150981,74.5737669,36.59625784,False,-2.9,0.49,0,3624,19.957872651851286,Khyber
5798,0.003644658,74.56465355,36.59644805,False,-2.9,0.49,0,3686,20.769470825006874,Khyber
5799,0.001980686,74.56080532,36.59982455,False,-2.9,0.49,0,3669,20.842374936072268,Yarzrich
5800,0.001485796,74.56127175,36.6006394,False,-2.9,0.49,0,3665,20.74784017579529,Yarzrich
5801,0.003457663,74.63318373,36.55381926,False,-2.9,0.49,0,3435,14.792444144244673,Khyber
5802,0.004385242,74.64047051,36.56048131,False,-2.9,0.49,0,3425,14.03167207756676,Khyber
5803,0.002294818,74.65611669,36.54713001,False,-2.9,0.49,0,3372,12.95903939756622,Khyber
5804,0.003169311,74.66239437,36.54769327,False,-2.9,0.49,0,3355,12.401883972365205,Khyber
5805,0.002309446,74.6746374,36.54900535,False,-2.9,0.49,0,3332,11.310561014829267,Khyber
5806,0.002609037,74.67964051,36.54872009,False,-2.9,0.49,0,3323,10.892080946473301,Khyber
5807,0.002100177,74.68050336,36.54852667,False,-2.9,0.49,0,3322,10.824962804591433,Khyber
5808,0.000649981,74.6810517,36.54853665,False,-2.9,0.49,0,3322,10.777925989096138,Khyber
5809,0.005660656,74.72715048,36.5463357,False,-5.46,0.51,0,3204,6.943016243790755,Karimabad Khyber
5810,0.001143471,74.72615108,36.54651365,False,-5.46,0.51,0,3205,7.031538504183732,Karimabad Khyber
5811,0.003465705,74.72850868,36.54278863,False,-5.46,0.51,0,3195,6.847966677442599,Karimabad Khyber
5812,0.003290496,74.73670523,36.5428718,False,-5.46,0.51,0,3192,6.11845904265236,Karimabad Khyber
5813,0.007559329,74.74335572,36.53213578,False,-5.46,0.51,0,3180,5.789109245326548,Karimabad Khyber
5814,0.00348501,74.74658422,36.53187838,False,-5.46,0.51,0,3151,5.525861409388563,Karimabad Khyber
5815,0.001493972,74.74694671,36.53246381,False,-5.46,0.51,0,3157,5.473653033961563,Karimabad Khyber
5816,0.006654822,74.74777515,36.53201576,False,-5.46,0.51,0,3160,5.420577141713303,Karimabad Khyber
5817,0.001958336,74.75042205,36.53231425,False,-5.46,0.51,0,3145,5.187168727499124,Karimabad Khyber
5818,0.001434059,74.75053165,36.53372688,False,-5.46,0.51,0,3144,5.125063640332474,Karimabad Khyber
5819,0.001801771,74.75012657,36.5346091,False,-5.46,0.51,0,3150,5.1286510268748655,Karimabad Khyber
5820,0.002091846,74.74735078,36.53328505,False,-5.46,0.51,0,3153,5.4100682543810485,Karimabad Khyber
5821,0.00168018,74.75117167,36.53186792,False,-5.46,0.51,0,3143,5.142259511793968,Karimabad Khyber
5822,0.001316757,74.75227919,36.53008454,False,-5.46,0.51,0,3136,5.126672030766073,Karimabad Khyber
5823,0.004439289,74.75233859,36.52949266,False,-5.46,0.51,0,3123,5.14866675540185,Karimabad Khyber
5824,0.017923793,74.76093333,36.5283653,False,-5.46,0.51,0,3124,4.521825180063627,Karimabad Khyber
5825,0.005591437,74.67058154,36.52822612,False,-2.9,0.49,0,3328,12.205588150147168,Karimabad Khyber
5826,0.001446418,74.67191476,36.52837435,False,-2.9,0.49,0,3326,12.08547954201693,Karimabad Khyber
5827,0.006330409,74.71646473,36.5319211,False,-5.46,0.51,0,3213,8.109120262983787,Karimabad Khyber
5828,0.005394621,74.73064159,36.52477584,False,-5.46,0.51,0,3155,7.138113623748582,Karimabad Khyber
5829,0.001202845,74.76300508,36.528012,False,-5.46,0.51,0,3117,4.38272125649971,Karimabad Khyber
5830,0.001773731,74.76963392,36.5258493,False,-5.46,0.51,0,3098,4.036610265602849,Karimabad Khyber
5831,0.008062872,74.77282532,36.52525324,False,-5.46,0.51,0,3091,3.863016093821658,Karimabad Khyber
5832,0.001261779,74.77235068,36.52569464,False,-5.46,0.51,0,3093,3.86192155283048,Karimabad Khyber
5833,0.002800962,74.77477965,36.52248694,False,-5.46,0.51,0,3087,3.9558140780073523,Karimabad Khyber
5834,0.00182681,74.77526333,36.52360655,False,-5.46,0.51,0,3089,3.835389669290559,Karimabad Khyber
5835,0.001453865,74.77477987,36.52326437,False,-5.46,0.51,0,3084,3.8927306772171955,Karimabad Khyber
5836,0.005647452,74.77538975,36.52485408,False,-5.46,0.51,0,3083,3.7280224062760228,Karimabad Khyber
5837,0.001270636,74.77496504,36.52528669,False,-5.46,0.51,0,3087,3.7211785495533523,Karimabad Khyber
5838,0.000972087,74.77557244,36.5254942,False,-5.46,0.51,0,3085,3.6662497360418866,Karimabad Khyber
5839,0.002410738,74.77448399,36.52556285,False,-5.46,0.51,0,3089,3.730934362794524,Karimabad Khyber
5840,0.001135941,74.77418766,36.52513472,False,-5.46,0.51,0,3090,3.7829229901388426,Karimabad Khyber
5841,0.000896948,74.77447304,36.52650912,False,-5.46,0.51,0,3086,3.6601384518979763,Karimabad Khyber
5842,0.017226072,74.77603844,36.52632445,False,-5.46,0.51,0,3085,3.5719994668983865,Karimabad Khyber
5843,0.003036983,74.77833862,36.52261696,False,-5.46,0.51,0,3083,3.736151787339343,Karimabad Khyber
5844,0.003909786,74.7791491,36.52222829,False,-5.46,0.51,0,3074,3.724678395221658,Karimabad Khyber
5845,0.002850828,74.77293288,36.52160496,False,-5.46,0.51,0,3100,4.140181258180428,Karimabad Khyber
5846,0.003789817,74.77171293,36.52178237,False,-5.46,0.51,0,3098,4.2018930658711495,Karimabad Khyber
5847,0.000804658,74.77102943,36.52161401,False,-5.46,0.51,0,3091,4.258288310316676,Karimabad Khyber
5848,0.00123313,74.77048637,36.52242634,False,-5.46,0.51,0,3110,4.230119392771195,Karimabad Khyber
5849,0.001006028,74.77224386,36.52388462,False,-5.46,0.51,0,3093,4.004590290992291,Karimabad Khyber
5850,0.001676318,74.77114863,36.5252328,False,-5.46,0.51,0,3093,3.976630541825954,Karimabad Khyber
5851,0.000915867,74.77009554,36.52532346,False,-5.46,0.51,0,3096,4.041806249249575,Karimabad Khyber
5852,0.000273483,74.77076555,36.52558517,False,-5.46,0.51,0,3094,3.9772343141406243,Karimabad Khyber
5853,0.002828184,74.77152378,36.52623948,False,-5.46,0.51,0,3092,3.8785641296914357,Karimabad Khyber
5854,0.000806105,74.76986173,36.52628968,False,-5.46,0.51,0,3099,3.9901170692918,Karimabad Khyber
5855,0.001263824,74.77023304,36.52643692,False,-5.46,0.51,0,3094,3.953966573140744,Karimabad Khyber
5856,0.015740859,74.78283886,36.5216876,False,-5.46,0.51,0,3075,3.5813622298087098,Karimabad Khyber
5857,0.000976005,74.77788508,36.52028789,False,-5.46,0.51,0,3081,3.964482910933246,Karimabad Khyber
5858,0.002339362,74.77767245,36.52165858,False,-5.46,0.51,0,3097,3.8563865087244857,Karimabad Khyber
5859,0.0011148,74.84229843,36.50519595,False,-5.46,0.51,1,2801,3.4600165227628965,Janabad
5860,0.000901166,74.83719875,36.50522126,False,-5.46,0.51,1,2830,3.9009074136339548,Janabad
5861,0.001618831,74.83704333,36.50381704,False,-5.46,0.51,1,2839,3.87922072948379,Janabad
5862,0.000413128,74.82917405,36.50346151,False,-5.46,0.51,1,2868,4.563044816297894,Janabad
5863,0.001795019,74.84487158,36.49850867,False,-5.46,0.51,1,2819,3.103289121407319,Janabad
5864,0.001720739,74.84528982,36.49823273,False,-5.46,0.51,1,2815,3.0640481757583387,Janabad
5865,0.006776472,74.84113508,36.49841546,False,-5.46,0.51,1,2842,3.4359800264118885,Janabad
5866,0.00076982,74.83896148,36.49991868,False,-5.46,0.51,1,2840,3.6429403914029908,Janabad
5867,0.00048211,74.84106858,36.50054776,False,-5.46,0.51,1,2830,3.463709032511833,Janabad
5868,0.000824353,74.84232522,36.5005476,False,-5.46,0.51,1,2834,3.3523060790554156,Janabad
5869,0.005502192,74.83866399,36.49662036,False,-5.46,0.51,1,2858,3.6511093588162495,Janabad
5870,0.001374135,74.83760286,36.49672325,False,-5.46,0.51,1,2856,3.7459771249906084,Janabad
5871,0.008797509,74.83480749,36.49534375,False,-5.46,0.51,1,2866,3.998393373974511,Janabad
5872,0.000547151,74.83404837,36.49648076,False,-5.46,0.51,1,2863,4.063727269640456,Janabad
5873,0.00079261,74.83372042,36.49633791,False,-5.46,0.51,1,2872,4.093137262001199,Janabad
5874,0.003790452,74.8334817,36.49685731,False,-5.46,0.51,1,2867,4.114425082282397,Janabad
5875,0.005992001,74.83076573,36.49423771,False,-5.46,0.51,1,2881,4.365243948364196,Janabad
5876,0.003540379,74.8319091,36.49317414,False,-5.46,0.51,1,2865,4.272242814258377,Janabad
5877,0.002257135,74.82673962,36.49395909,False,-5.46,0.51,1,2891,4.726372447150906,Janabad
5878,0.001063527,74.82729551,36.49614815,False,-5.46,0.51,1,2890,4.66763353820863,Janabad
5879,0.00056152,74.8234626,36.4946796,False,-5.46,0.51,1,2906,5.0146538315866245,Janabad
5880,0.002633811,74.82051329,36.49267415,False,-5.46,0.51,1,2891,5.291941666469181,Janabad
5881,0.000529404,74.82148906,36.49263473,False,-5.46,0.51,1,2892,5.205394885140728,Janabad
5882,0.000589235,74.81928787,36.49343454,False,-5.46,0.51,1,2891,5.394874856056754,Janabad
5883,0.000912678,74.81898957,36.494019,False,-5.46,0.51,1,2899,5.417603070922797,Janabad
5884,0.001249289,74.82180953,36.49843447,False,-5.46,0.51,1,2918,5.161587247458535,Janabad
5885,0.006186013,74.81923064,36.50182287,False,-5.46,0.51,1,2937,5.3605545476258305,Karimabad Khyber
5886,0.003298268,74.82059977,36.50445152,False,-5.46,0.51,1,2928,5.109690821681971,Karimabad Khyber
5887,0.004646706,74.81701866,36.50619285,False,-5.46,0.51,1,2947,4.841962387919428,Karimabad Khyber
5888,0.003378042,74.81505782,36.50489763,False,-5.46,0.51,1,2963,4.947026195853442,Karimabad Khyber
5889,0.004530129,74.81328505,36.50451347,False,-5.46,0.51,1,2958,4.962416512874246,Karimabad Khyber
5890,0.000683222,74.80929199,36.50517086,False,-5.46,0.51,1,2979,4.847841099271784,Karimabad Khyber
5891,0.01589648,74.80830589,36.50379036,False,-5.46,0.51,1,2977,4.99457438639887,Karimabad Khyber
5892,0.001708563,74.80631101,36.49730423,False,-5.46,0.51,1,2958,5.707638356025728,Karimabad Khyber
5893,0.001995684,74.79969126,36.4991056,False,-5.46,0.51,1,3004,5.52483667332405,Karimabad Khyber
5894,0.000684919,74.80056074,36.49842139,False,-5.46,0.51,1,2996,5.594834853973323,Karimabad Khyber
5895,0.003085529,74.79364674,36.50023884,False,-5.46,0.51,0,3015,5.471660725471118,Karimabad Khyber
5896,0.002799842,74.79982757,36.50780633,False,-5.46,0.51,1,3009,4.56019211074971,Karimabad Khyber
5897,0.00337068,74.79981955,36.50711341,False,-5.46,0.51,1,3013,4.636946858496985,Karimabad Khyber
5898,0.000994084,74.79751801,36.5094264,False,-5.46,0.51,1,3020,4.406751903290793,Karimabad Khyber
5899,0.004600343,74.79901804,36.51031144,False,-5.46,0.51,1,3018,4.291198384896409,Karimabad Khyber
5900,0.002828202,74.79955865,36.5121833,False,-5.46,0.51,1,3023,4.078808248972237,Karimabad Khyber
5901,0.006059136,74.80088984,36.51291276,False,-5.46,0.51,1,3022,3.986008859671511,Karimabad Khyber
5902,0.001101891,74.7993395,36.51444507,False,-5.46,0.51,1,3020,3.831550850592966,Karimabad Khyber
5903,0.0008772,74.80004103,36.51494535,False,-5.46,0.51,1,3023,3.768767596269927,Karimabad Khyber
5904,0.004406953,74.80197845,36.51428346,False,-5.46,0.51,1,3014,3.826524481381695,Karimabad Khyber
5905,0.003388009,74.79319767,36.51029204,False,-5.46,0.51,0,3048,4.386636971356269,Karimabad Khyber
5906,0.005403043,74.79161831,36.50954755,False,-5.46,0.51,0,3024,4.502013858973418,Karimabad Khyber
5907,0.001376214,74.79115735,36.51152815,False,-5.46,0.51,0,3045,4.301370014318739,Karimabad Khyber
5908,0.002866193,74.78659834,36.51359061,False,-5.46,0.51,0,3049,4.221746628317814,Karimabad Khyber
5909,0.005232067,74.78986971,36.51513792,False,-5.46,0.51,0,3039,3.9554981481073592,Karimabad Khyber
5910,0.00221393,74.78848659,36.5147199,False,-5.46,0.51,0,3054,4.042240043490492,Karimabad Khyber
5911,0.001014324,74.78635043,36.51558367,False,-5.46,0.51,0,3056,4.027201483724929,Karimabad Khyber
5912,0.001524198,74.78387339,36.51411318,False,-5.46,0.51,0,3058,4.269187779093138,Karimabad Khyber
5913,0.001808706,74.78435916,36.51394909,False,-5.46,0.51,0,3053,4.266817774489885,Karimabad Khyber
5914,0.004798561,74.7876,36.51780576,False,-5.46,0.51,0,3049,3.756054862328508,Karimabad Khyber
5915,0.000939474,74.78655516,36.51797528,False,-5.46,0.51,0,3054,3.77824313622885,Karimabad Khyber
5916,0.00832057,74.78831219,36.51901831,False,-5.46,0.51,0,3057,3.6069873507182257,Karimabad Khyber
5917,0.003408125,74.79131934,36.51940699,False,-5.46,0.51,0,3045,3.465149542526195,Karimabad Khyber
5918,0.001979358,74.79030549,36.51986584,False,-5.46,0.51,0,3047,3.450382364762425,Karimabad Khyber
5919,0.001374864,74.78550703,36.52131036,False,-5.46,0.51,0,3055,3.4927933160358755,Karimabad Khyber
5920,0.00061378,74.78766302,36.52102748,False,-5.46,0.51,0,3055,3.4298593396855503,Karimabad Khyber
5921,0.001275488,74.78562384,36.52007479,False,-5.46,0.51,0,3069,3.6079141053975086,Karimabad Khyber
5922,0.000866159,74.78648382,36.51961591,False,-5.46,0.51,0,3061,3.617444721473688,Karimabad Khyber
5923,0.002626213,74.77852572,36.52375379,False,-5.46,0.51,0,3081,3.6283455589708,Karimabad Khyber
5924,0.002812833,74.76591054,36.52765846,False,-5.46,0.51,0,3110,4.185437750244441,Karimabad Khyber
5925,0.001027578,74.76390202,36.52780811,False,-5.46,0.51,0,3112,4.326705416615278,Karimabad Khyber
5926,0.000656858,74.76459774,36.52777132,False,-5.46,0.51,0,3107,4.276533739783349,Karimabad Khyber
5927,0.001075476,74.76519168,36.52764079,False,-5.46,0.51,0,3110,4.240012608707884,Karimabad Khyber
5928,0.001051159,74.76725279,36.52781217,False,-5.46,0.51,0,3105,4.076654331974064,Karimabad Khyber
5929,0.027819266,74.77704888,36.50594798,False,-5.46,0.51,0,3047,5.354699905206818,Karimabad Khyber
5930,0.003023968,75.06031913,36.48798944,False,-5.46,0.51,0,3186,6.92613552218365,Ziārat
5931,0.002719796,74.96476295,36.33679475,False,-5.46,0.51,1,4847,8.333772973411898,Bulchi Dās
5932,0.001230927,74.97646751,36.27953385,False,-5.46,0.51,0,4778,9.74701411996221,Tarkiching Das
5933,0.001120574,74.97425866,36.27566864,False,-5.46,0.51,0,4734,9.285332714745369,Tarkiching Das
5934,0.000350507,74.97316772,36.27518597,False,-5.46,0.51,0,4730,9.213268562214715,Tarkiching Das
5935,0.000384742,74.97155823,36.2629674,False,-5.46,0.51,0,4619,7.85347093647895,Tarkiching Das
5936,0.002029166,74.90648952,36.26696428,False,-5.46,0.51,0,4072,6.44572726892357,Ainabad
5937,0.000842892,74.91112361,36.2641003,False,-5.46,0.51,0,4137,6.938622010579716,Ainabad
5938,0.001357773,74.92641606,36.25952771,False,-5.46,0.51,0,4241,7.681520510054453,Tarkiching Das
5939,0.003115431,74.73810739,36.47530877,False,-5.46,0.51,0,4166,10.099617865043628,Karimabad Khyber
5940,0.000987091,74.7406422,36.47362339,False,-5.46,0.51,0,4151,10.121435714892044,Karimabad Khyber
5941,0.004271417,74.71509407,36.47730154,False,-5.46,0.51,0,4514,11.277980529910092,Karimabad Khyber
5942,0.003675911,74.5243156,36.45351363,False,-2.9,0.49,0,3946,18.166656456682517,Dorkhan
5943,0.001394763,74.51518501,36.45529096,False,-2.9,0.49,0,4014,18.770510934688055,Dorkhan
5944,0.000267671,74.57867937,36.60943738,False,-2.9,0.49,0,3630,18.975934592971523,Yarzrich
5945,0.001020011,74.58223903,36.60792919,False,-2.9,0.49,0,3624,18.891796637828,Yarzrich
5946,0.009038913,74.69179345,36.5268458,False,-5.46,0.51,0,3287,10.384292592189974,Karimabad Khyber
5947,0.001513992,74.8539319,36.51351089,False,-5.46,0.51,1,2669,2.9585930951347126,Janabad
5948,0.002295093,75.35305526,36.54833344,False,-8.63,0.49,0,4945,12.530774916604187,Kut Dūr-i-Dasht
5949,0.063785282,75.67914515,36.44411747,False,-8.63,0.49,0,4706,32.432160912504564,Shimshal
5950,0.267906376,75.68572522,36.43938576,True,-8.63,0.49,0,4711,33.01408581918573,Shimshal
5951,0.015444496,75.66437922,36.55525259,False,-8.63,0.49,0,5431,33.72617907481143,Shimshal
5952,0.026519684,73.38152961,36.88544026,False,-5.75,0.34,0,3907,1.8940404177663719,Garel
5953,0.007673635,73.38684624,36.88452615,False,-5.75,0.34,0,3922,1.9701725905808865,Garel
5954,0.003372773,73.40130782,36.8752957,False,-5.75,0.34,0,3697,2.3287772647720506,Garel
5955,0.054843898,73.4030134,36.88076785,False,-5.75,0.34,0,3680,2.711584096071407,Garel
5956,0.005824829,73.40904814,36.87934582,False,-5.75,0.34,0,3715,3.129402378743268,Garel
5957,0.032598543,73.41147362,36.87985237,False,-5.75,0.34,0,3725,3.350764904301401,Garel
5958,0.03961493,73.40699345,36.88790241,False,-5.75,0.34,0,3723,3.446148030177155,Garel
5959,0.095922703,73.40840054,36.89213835,False,-5.75,0.34,0,3767,3.8449687628232487,Garel
5960,0.003608647,73.40553399,36.89380212,False,-5.75,0.34,0,3781,3.7928640023391074,Garel
5961,0.055710115,73.40378123,36.89576354,False,-5.75,0.34,0,3782,3.8543526029650073,Garel
5962,0.011901206,73.4159226,36.89615215,False,-5.75,0.34,0,3761,4.64185369753758,Garel
5963,0.031975326,73.41924004,36.8993153,False,-5.75,0.34,0,3708,5.095423840754606,Garel
5964,0.182647749,73.42822874,36.88551072,True,-5.75,0.34,0,3811,4.210837703371094,Lashkargaz
5965,0.00464277,73.39259368,36.8674765,False,-5.75,0.34,0,3614,1.4517628976149963,Garel
5966,0.012300326,73.40047696,36.86697658,False,-5.75,0.34,0,3624,2.1550191733124215,Garel
5967,0.001864609,73.40594579,36.86637156,False,-5.75,0.34,0,3673,2.645878277586115,Garel
5968,0.007436339,73.41240747,36.86623942,False,-5.75,0.34,0,3681,3.219322947033665,Garel
5969,0.001004473,73.41108723,36.86483306,False,-5.75,0.34,0,3672,3.1212983525513898,Garel
5970,0.011006378,73.41535387,36.85966785,False,-5.75,0.34,0,3574,3.617004922564428,Garel
5971,0.005042314,73.42198675,36.85921275,False,-5.75,0.34,0,3603,3.674363989913161,Lashkargaz
5972,0.012464589,73.44922547,36.86167553,False,-5.97,0.31,0,3667,1.2627488574067673,Lashkargaz
5973,0.026488784,73.44636041,36.86015036,False,-5.97,0.31,0,3663,1.5047342975216338,Lashkargaz
5974,0.018741748,73.4501283,36.85913827,False,-5.97,0.31,0,3652,1.173893520905418,Lashkargaz
5975,0.00344999,73.45203593,36.86040483,False,-5.97,0.31,0,3658,1.0005246539489767,Lashkargaz
5976,0.004319525,73.45118974,36.85671035,False,-5.97,0.31,0,3612,1.137487083024934,Lashkargaz
5977,0.015111806,73.45264923,36.85582702,False,-5.97,0.31,0,3607,1.055559368646288,Lashkargaz
5978,0.001968045,73.45979006,36.85186667,False,-5.97,0.31,0,3586,0.9615355271964692,Lashkargaz
5979,0.013766323,73.46405701,36.85431615,False,-5.97,0.31,0,3609,0.6416528366522257,Lashkargaz
5980,0.000628873,73.49398675,36.84769737,False,-5.97,0.31,0,3609,3.058617924925005,Lashkargaz
5981,0.010405473,73.49633362,36.84689666,False,-5.97,0.31,0,3605,3.285216592099927,Lashkargaz
5982,0.02147119,73.50316844,36.84402553,False,-5.97,0.31,0,3604,3.9719757760347028,Lashkargaz
5983,0.00149796,73.5008776,36.84347194,False,-5.97,0.31,0,3610,3.8202504661960384,Lashkargaz
5984,0.011667623,73.4981326,36.84698049,False,-5.97,0.31,0,3607,3.42530956107476,Lashkargaz
5985,0.005933811,73.50096267,36.84461555,False,-5.97,0.31,0,3603,3.767244230697946,Lashkargaz
5986,0.003467079,73.50760016,36.84038549,False,-5.97,0.31,0,3647,4.509850392662541,Lashkargaz
5987,0.000686742,73.51079649,36.83829292,False,-5.97,0.31,0,3656,4.871903537973083,Lashkargaz
5988,0.001515008,73.51335682,36.83762027,False,-5.97,0.31,0,3650,5.107031380225496,Lashkargaz
5989,0.019466857,73.51613624,36.83601175,False,-5.97,0.31,0,3641,5.410356063462831,Lashkargaz
5990,0.016417638,73.53453672,36.83201187,False,-5.97,0.31,0,3664,7.066375128138181,Lashkargaz
5991,0.016870711,73.53732379,36.83103392,False,-5.97,0.31,0,3680,7.336960255989884,Lashkargaz
5992,0.035705701,73.53812785,36.82853939,False,-5.97,0.31,0,3681,7.526450413548833,Lashkargaz
5993,0.001698062,73.53692031,36.82628118,False,-5.97,0.31,0,3673,7.553250509934867,Lashkargaz
5994,0.031448467,73.54372053,36.82693163,False,-5.97,0.31,0,3711,8.050527086636821,Lashkargaz
5995,0.001450722,73.54933734,36.82684674,False,-5.97,0.31,0,3742,8.502156257962977,Lashkargaz
5996,0.009797213,73.54028565,36.82256566,False,-5.97,0.31,0,3680,8.021371446718357,Lashkargaz
5997,0.000821264,73.42219451,36.85808151,False,-5.75,0.34,0,3604,3.661285858300854,Lashkargaz
5998,0.034328091,73.36355847,36.79597663,False,-5.75,0.34,1,4493,4.417050666216478,Shakarwarz
5999,0.001078703,73.41821155,36.84253749,False,-5.75,0.34,0,4082,4.457471082467455,Lashkargaz
6000,0.00308359,73.46072919,36.78084779,False,-5.97,0.31,0,4343,8.810072940188059,Lashkargaz
6001,0.000843484,73.48942619,36.78984489,False,-5.97,0.31,0,3944,8.146397509451484,Lashkargaz
6002,0.143538913,73.67294173,36.86787278,True,-5.97,0.31,0,4360,18.672956160753685,Lashkargaz
6003,0.042919736,73.67448299,36.88151977,False,-5.97,0.31,0,4302,18.939165759480694,Lashkargaz
6004,0.001057839,73.67682911,36.88085548,False,-5.97,0.31,0,4305,19.137231456002457,Lashkargaz
6005,0.028368198,73.68546936,36.87836656,False,-5.97,0.31,0,4287,19.87046060344056,Lashkargaz
6006,0.002872783,73.68728695,36.8782889,False,-5.97,0.31,0,4287,20.030436897086933,Lashkargaz
6007,2.653523838,73.70412692,36.87936031,True,-5.97,0.31,0,4286,21.532705958104934,Lashkargaz
6008,0.001826061,73.72315315,36.88311558,False,-5.97,0.31,0,4288,23.259148748346036,Lashkargaz
6009,0.001789783,73.75183174,36.87951013,False,-5.97,0.31,0,4297,25.760037579308275,Lashkargaz
6010,0.001433981,73.75599535,36.87835977,False,-5.97,0.31,0,4255,26.11904016923556,Lashkargaz
6011,0.001974768,73.75733754,36.87806589,False,-5.97,0.31,0,4255,26.23561044155275,Lashkargaz
6012,0.001492784,73.7615236,36.86939185,False,-5.97,0.31,0,4242,26.553237852476393,Lashkargaz
6013,0.001988067,73.75532439,36.85940283,False,-5.97,0.31,0,4377,25.98322805300164,Lashkargaz
6014,0.002179456,73.67697889,36.7642394,False,-5.97,0.31,0,4502,21.804740915352493,Lashkargaz
6015,0.002150687,73.67843558,36.76180105,False,-5.97,0.31,0,4525,22.051308187681897,Lashkargaz
6016,0.0011839,73.73676062,36.92668706,False,-5.97,0.31,0,4600,21.509488509605916,Warm
6017,0.00028655,73.7355493,36.92620388,False,-5.97,0.31,0,4601,21.587720245375127,Warm
6018,0.00160038,73.80085104,36.86327947,False,-5.97,0.31,1,3997,27.877102992397866,Warm
6019,0.00108081,73.80251223,36.86293814,False,-5.97,0.31,1,3992,27.91123547832282,Warm
6020,0.000218657,73.80299826,36.86274327,False,-5.97,0.31,1,3989,27.931932717723743,Warm
6021,0.000324021,73.96193049,36.7765785,False,-5.97,0.31,1,3922,14.778818140872017,Mahtramdan
6022,0.000964361,73.99714508,36.79273334,False,-5.97,0.31,1,3483,15.152092632184607,Mahtramdan
6023,0.000285023,73.99049574,36.78703761,False,-5.97,0.31,1,3582,14.738877233151998,Mahtramdan
6024,0.002512076,74.00196385,36.77691765,False,-5.97,0.31,1,3349,13.345265962669405,Mahtramdan
6025,0.001980636,74.00003382,36.77103032,False,-5.97,0.31,1,3331,12.77741144515297,Mahtramdan
6026,0.00044243,74.0531624,36.76866554,False,-5.97,0.31,1,3871,11.827612588854736,Mahtramdan
6027,0.005847778,74.15788596,36.81257605,False,-6.6,0.31,1,3979,10.758652553376068,Baba Ghundi Ziarat
6028,0.000669166,74.17898012,36.81724725,False,-6.6,0.31,1,3871,8.81123108033318,Baba Ghundi Ziarat
6029,0.002344556,74.1767637,36.82381165,False,-6.6,0.31,1,3909,8.864424823099151,Baba Ghundi Ziarat
6030,0.003107139,74.20600276,36.82643551,False,-6.6,0.31,1,3651,6.248460224544313,Baba Ghundi Ziarat
6031,0.003335598,74.26622515,36.79602588,False,-6.6,0.31,0,4369,4.4904674121171055,Baba Ghundi Ziarat
6032,0.003152639,74.24891884,36.76625272,False,-6.6,0.31,0,4955,8.076253980692089,Baba Ghundi Ziarat
6033,0.000443041,74.25736108,36.73428845,False,-2.9,0.49,0,4357,11.39486955799926,Baba Ghundi Ziarat
6034,0.000541625,73.90368702,36.63362262,False,-0.87,0.45,1,4012,12.080057244084637,Howar
6035,0.000531682,73.88534772,36.60813122,False,-0.87,0.45,1,3744,9.170537137928516,Howar
6036,0.050311767,73.88278196,36.60801723,False,-0.87,0.45,1,3720,8.963542513943905,Howar
6037,0.023287281,73.86176478,36.60077719,False,-0.87,0.45,1,3468,6.935462177464387,Howar
6038,0.020493153,73.72946707,36.67631685,False,-0.87,0.45,0,3893,12.145272938818163,Handis
6039,0.001778009,73.72899266,36.67457803,False,-0.87,0.45,0,3898,11.95798007490948,Handis
6040,0.000298444,73.72715137,36.67307963,False,-0.87,0.45,0,3897,11.812988043949657,Handis
6041,0.001058161,73.6727709,36.62997119,False,-0.87,0.45,0,4255,9.429074302593323,Handis
6042,0.006998502,73.66265212,36.6495663,False,-0.87,0.45,0,4022,11.66948082732638,Handis
6043,1.062369028,73.64614996,36.64406672,True,-0.87,0.45,0,3838,12.212166589178924,Handis
6044,0.163888141,73.40619888,36.64235016,True,-2.91,0.48,0,2746,2.625131276756332,Darkut
6045,0.021904701,73.59535377,36.5614082,False,-0.87,0.45,0,3574,13.343699676333527,Handis
6046,0.015564961,73.59075093,36.52368331,False,-0.87,0.45,0,4915,14.420701467735114,Umelsat
6047,0.040420148,73.47365979,36.6231336,False,-0.87,0.45,0,3845,2.8131560083043112,Gartanz
6048,0.023807244,73.98744043,36.89085054,False,-5.97,0.31,0,4180,23.924299554908636,Chartash
6049,0.000842825,73.99119174,36.88563732,False,-5.97,0.31,0,4259,24.165107984278432,Chartash
6050,0.005899805,73.95559886,36.85641834,False,-5.97,0.31,0,4661,23.052337240422524,Mahtramdan
6051,0.002531286,73.69318588,36.5961389,False,-0.87,0.45,0,4321,5.566917822947814,Handis
6052,0.000195231,73.6896536,36.59245935,False,-0.87,0.45,0,4232,5.618718967582787,Handis
6053,0.001939476,73.49890142,36.59877046,False,-0.87,0.45,0,4597,5.9907551062241255,Gartanz
6054,0.001079217,73.49827811,36.59792844,False,-0.87,0.45,0,4643,6.056098589182042,Gartanz
6055,0.000628657,73.49774341,36.59728207,False,-0.87,0.45,0,4703,6.10527465674618,Gartanz
6056,0.001451548,73.72134794,36.8735406,False,-5.97,0.31,0,4338,23.00713470264457,Lashkargaz
6057,0.000406412,73.35358384,36.8608044,False,-5.75,0.34,0,3874,2.218866111733898,Garel
6058,0.000431469,73.34852465,36.83631343,False,-5.75,0.34,0,3527,0.5304698785984946,Chilmarabad
6059,0.000417139,73.37460006,36.86246367,False,-5.75,0.34,0,3567,0.7343520812333018,Garel
6060,0.003063411,73.41916059,36.92189965,False,-5.75,0.34,0,3404,7.01358414124587,Garel
6061,0.024920818,73.41941336,36.82538945,False,-5.75,0.34,0,4512,5.485378970134669,Lashkargaz
6062,0.00028006,73.54417471,36.91286145,False,-5.97,0.31,0,4387,9.287134779642022,Lashkargaz
6063,0.000744372,73.62218913,36.66167418,False,-0.87,0.45,0,4096,13.402972668437997,Gartanz
6064,0.01281602,73.62140916,36.66063335,False,-0.87,0.45,0,4087,13.321616792941283,Gartanz
6065,0.007018443,73.70505072,36.8104692,False,-5.97,0.31,0,4278,22.212405413633313,Lashkargaz
6066,0.000409894,73.70645264,36.62297349,False,-0.87,0.45,0,3922,7.018222953923319,Handis
6067,0.000221261,73.70636595,36.62270562,False,-0.87,0.45,0,3924,6.995954802984341,Handis
6068,0.000428797,73.73150292,36.6680481,False,-0.87,0.45,0,3873,11.21163881589369,Handis
6069,0.000785375,73.73177771,36.67028927,False,-0.87,0.45,0,3895,11.457058406235165,Handis
6070,0.000191182,73.73248388,36.67126275,False,-0.87,0.45,0,3914,11.55872848695448,Handis
6071,0.000447618,73.73076552,36.67317556,False,-0.87,0.45,0,3914,11.785535660594698,Handis
6072,0.000238951,73.73067778,36.67256844,False,-0.87,0.45,0,3917,11.719223325574603,Handis
6073,0.00051121,73.73720667,36.67898454,False,-0.87,0.45,0,3984,12.384422539648574,Handis
6074,0.000140036,73.73598056,36.67925727,False,-0.87,0.45,0,3989,12.420964813720637,Handis
6075,0.03821956,73.75027995,36.62968086,False,-0.87,0.45,0,4118,6.9037000615126205,Handis
6076,0.000965733,73.79653852,36.63249342,False,-0.87,0.45,0,3996,7.072259516304355,Howar
6077,0.003215389,73.90053737,36.61349088,False,-0.87,0.45,1,3792,10.647338759912355,Howar
6078,0.001070239,73.9138368,36.64697132,False,-0.87,0.45,1,4295,11.98828845812616,Mahtramdan
6079,0.00071551,73.71594047,36.81091286,False,-5.97,0.31,0,4398,23.140710650151245,Lashkargaz
6080,0.000651471,73.72641738,36.80711741,False,-5.97,0.31,0,4385,24.14770996359717,Lashkargaz
6081,0.009171933,73.66920218,36.603229,False,-0.87,0.45,0,4450,7.798266497594026,Handis
6082,0.000629175,73.68908471,36.59267079,False,-0.87,0.45,0,4228,5.674522850309741,Handis
6083,0.001100684,73.68894739,36.59206155,False,-0.87,0.45,0,4222,5.652555112250901,Handis
6084,0.000750896,73.69669362,36.61989695,False,-0.87,0.45,0,4356,7.201305122195308,Handis
6085,0.000989233,73.99502103,36.79573802,False,-5.97,0.31,1,3458,15.527134306382049,Mahtramdan
6086,0.000468192,74.03062981,36.88665205,False,-5.97,0.31,0,4332,22.069071822468807,Chartash
6087,0.002278453,74.06608054,36.7612632,False,-6.6,0.31,1,3971,11.124093793296336,Mahtramdan
6088,0.002951746,74.12095067,36.80468118,False,-6.6,0.31,1,4422,14.161641723801205,Baba Ghundi Ziarat
6089,0.002012105,74.11655467,36.80100296,False,-6.6,0.31,1,4496,14.644347142432942,Baba Ghundi Ziarat
6090,0.000854328,74.11308283,36.80282276,False,-6.6,0.31,1,4508,14.891441311008267,Baba Ghundi Ziarat
6091,0.000143854,74.20510677,36.8044009,False,-6.6,0.31,1,4183,7.150355016759887,Baba Ghundi Ziarat
6092,0.000385645,74.20477781,36.80436313,False,-6.6,0.31,1,4183,7.177976417899585,Baba Ghundi Ziarat
6093,0.001488527,74.20733944,36.80248606,False,-6.6,0.31,1,4143,7.0863940066359605,Baba Ghundi Ziarat
6094,0.000130926,74.20721488,36.80162524,False,-6.6,0.31,1,4144,7.146257924454194,Baba Ghundi Ziarat
6095,0.000388537,74.28238155,36.8737963,False,-6.6,0.31,0,4677,4.27694937819481,Baba Ghundi Ziarat
6096,0.000313897,74.27891782,36.8750126,False,-6.6,0.31,0,4638,4.376954588293631,Baba Ghundi Ziarat
6097,0.000364053,74.25265732,36.72686385,False,-2.9,0.49,0,4377,12.274539595379052,Baba Ghundi Ziarat
6098,0.003387973,74.26936766,36.74620955,False,-2.9,0.49,0,4809,9.971269161905914,Baba Ghundi Ziarat
6099,0.00041139,74.2578692,36.70720561,False,-2.9,0.49,0,4781,14.37805930861664,Baba Ghundi Ziarat
6100,0.000868129,73.9196765,36.83881288,False,-5.97,0.31,1,3558,22.651155750137175,Mahtramdan
6101,0.001131333,73.90955725,36.8392858,False,-5.97,0.31,1,3608,23.159902739472145,Mahtramdan
6102,0.000180014,73.90688986,36.83912503,False,-5.97,0.31,1,3614,23.271193619739677,Mahtramdan
6103,0.000210322,73.9158434,36.84009738,False,-5.97,0.31,1,3575,22.946695466050045,Mahtramdan
6104,0.000306506,73.90280401,36.8475943,False,-5.97,0.31,1,3639,24.26181834683086,Mahtramdan
6105,0.001983795,73.90192052,36.84760638,False,-5.97,0.31,1,3640,24.304676983710223,Mahtramdan
6106,0.00016416,73.90231857,36.84735988,False,-5.97,0.31,1,3644,24.262632779299043,Mahtramdan
6107,0.000144194,73.90168513,36.84737273,False,-5.97,0.31,1,3643,24.2938357441482,Mahtramdan
6108,5.71e-05,73.90191047,36.84733493,False,-5.97,0.31,1,3643,24.279597471009517,Mahtramdan
6109,0.000438623,73.90505149,36.84679533,False,-5.97,0.31,1,3632,24.08086887959466,Mahtramdan
6110,1.56e-05,73.90459878,36.84681128,False,-5.97,0.31,1,3628,24.103557790687585,Mahtramdan
6111,0.000997621,73.79141119,36.85431324,False,-5.97,0.31,1,4266,28.908921108237156,Warm
6112,0.002848887,73.78967003,36.91024086,False,-5.97,0.31,0,4496,22.710844639328027,Warm
6113,0.000497698,73.79433946,36.9126839,False,-5.97,0.31,0,4449,22.414291201842257,Warm
6114,0.000437322,73.48030099,36.52753004,False,-0.87,0.45,0,5013,4.978070200426943,Tirsat
6115,0.005982705,73.60189636,36.66585958,False,-0.87,0.45,0,4615,11.67332579146693,Gartanz
6116,0.000270372,73.61295909,36.58367955,False,-0.87,0.45,0,4487,11.883438314637234,Handis
6117,0.003293794,73.61686525,36.58058647,False,-0.87,0.45,0,4337,11.491141067332139,Handis
6118,0.000403482,73.7851577,36.68151575,False,-0.87,0.45,0,4400,12.552704304387012,Howar
6119,0.00014196,73.79972597,36.67245284,False,-0.87,0.45,0,4039,11.521937122868108,Howar
6120,0.001620635,73.79935023,36.67180545,False,-0.87,0.45,0,4016,11.448812394953078,Howar
6121,0.0002053,74.14079707,36.70928818,False,-2.9,0.49,0,4523,9.866919576382756,Mahtramdan
6122,0.001575553,74.14084946,36.70987721,False,-2.9,0.49,0,4522,9.905597372711858,Mahtramdan
6123,0.008695929,75.85466946,36.22914308,False,-9.14,0.75,0,4282,53.471187333822755,Shimshal
6124,0.002739936,75.81019797,36.28698402,False,-8.63,0.49,0,3982,47.254517582989116,Shimshal
6125,0.000658426,75.81117788,36.28691509,False,-8.63,0.49,0,3989,47.33931325377258,Shimshal
6126,0.001405612,75.81198935,36.28603372,False,-8.63,0.49,0,3991,47.442222277766334,Shimshal
6127,0.002604628,75.81171641,36.28654602,False,-8.63,0.49,0,3992,47.39903622438676,Shimshal
6128,0.000574889,75.81155889,36.28774719,False,-8.63,0.49,0,3989,47.338379822031364,Shimshal
6129,0.000238877,75.81208318,36.28565671,False,-8.63,0.49,0,3990,47.46507312486433,Shimshal
6130,0.003764956,75.81294697,36.28583978,False,-8.63,0.49,0,3993,47.530094465540074,Shimshal
6131,0.0003236,75.80817481,36.28608083,False,-8.63,0.49,0,3963,47.12117310716705,Shimshal
6132,0.000126264,75.81142628,36.28496622,False,-8.63,0.49,0,3981,47.43768378775749,Shimshal
6133,0.000306753,75.81385092,36.28555268,False,-8.63,0.49,0,3995,47.61717498242838,Shimshal
6134,0.000574835,75.81491176,36.28539969,False,-8.63,0.49,0,3993,47.712066586453034,Shimshal
6135,0.000333824,75.81479049,36.2851673,False,-8.63,0.49,0,3994,47.7111427345699,Shimshal
6136,0.000455271,75.81329141,36.28449568,False,-8.63,0.49,0,3993,47.6124895698585,Shimshal
6137,0.001239281,75.81383582,36.28247608,False,-8.63,0.49,0,3991,47.73918883808188,Shimshal
6138,0.00061818,75.81553625,36.28216532,False,-8.63,0.49,0,3999,47.89374814626139,Shimshal
6139,0.000572933,75.81408048,36.28427852,False,-8.63,0.49,0,3999,47.68716818529074,Shimshal
6140,0.000242284,75.81463932,36.28425753,False,-8.63,0.49,0,4001,47.7347488012081,Shimshal
6141,7.82e-05,75.81599997,36.28154295,False,-8.63,0.49,0,4008,47.957627583308955,Shimshal
6142,0.000329453,75.81375783,36.28130498,False,-8.63,0.49,0,3999,47.78016817829878,Shimshal
6143,0.00114428,75.81495446,36.28048426,False,-8.63,0.49,0,3999,47.91340570936385,Shimshal
6144,0.000179258,75.81505414,36.27973483,False,-8.63,0.49,0,4008,47.95234071764972,Shimshal
6145,0.003376773,75.81534218,36.27898041,False,-8.63,0.49,0,4018,48.00728456865252,Shimshal
6146,8.21e-05,75.81301369,36.27888521,False,-8.63,0.49,0,3998,47.81732598670994,Shimshal
6147,0.000519774,75.81644801,36.27758882,False,-8.63,0.49,0,4020,48.15669767069825,Shimshal
6148,0.000560919,75.81824062,36.27779981,False,-8.63,0.49,0,4034,48.297229220536124,Shimshal
6149,0.000800381,75.81862752,36.27504076,False,-8.63,0.49,0,4032,48.443752272574315,Shimshal
6150,0.000219736,75.81902484,36.27493263,False,-8.63,0.49,0,4034,48.481278544384885,Shimshal
6151,8.47e-05,75.8192122,36.27502859,False,-8.63,0.49,0,4036,48.492845369398076,Shimshal
6152,0.001211866,75.8186856,36.27449198,False,-8.63,0.49,0,4035,48.47151024427037,Shimshal
6153,0.001177175,75.82031727,36.27379826,False,-8.63,0.49,0,4031,48.63606055397877,Shimshal
6154,0.006310878,75.82364979,36.2715816,False,-8.63,0.49,0,4053,49.005786697713084,Shimshal
6155,0.001191254,75.82511491,36.27042928,False,-8.63,0.49,0,4056,49.17593615169393,Shimshal
6156,0.000294386,75.80375693,36.27881346,False,-8.63,0.49,0,3999,47.0508503630872,Shimshal
6157,0.00017282,75.80486853,36.27852869,False,-8.63,0.49,0,3996,47.15507669646776,Shimshal
6158,0.000594631,75.80171674,36.27771966,False,-8.63,0.49,0,3991,46.92773225934513,Shimshal
6159,0.000896947,75.80223785,36.27566522,False,-8.63,0.49,0,4005,47.05833825743815,Shimshal
6160,0.000596768,75.80763803,36.27554124,False,-8.63,0.49,0,3976,47.510786002854836,Shimshal
6161,0.000221676,75.80877645,36.27402721,False,-8.63,0.49,0,4007,47.66947636252518,Shimshal
6162,9.57e-05,75.80922448,36.27348742,False,-8.63,0.49,0,4006,47.72961156667585,Shimshal
6163,0.000324335,75.8092046,36.2724759,False,-8.63,0.49,0,3991,47.771321025270346,Shimshal
6164,6.92e-05,75.80850032,36.27412447,False,-8.63,0.49,0,4004,47.6424677889035,Shimshal
6165,0.000160745,75.81179957,36.26961415,False,-8.63,0.49,0,4007,48.10929122057087,Shimshal
6166,0.000551962,75.81486934,36.27226841,False,-8.63,0.49,0,4027,48.24892088966895,Shimshal
6167,0.000692957,75.81601015,36.27336008,False,-8.63,0.49,0,4030,48.29710938946658,Shimshal
6168,0.00011567,75.81809577,36.27142255,False,-8.63,0.49,0,4035,48.55213146213044,Shimshal
6169,0.000366573,75.82515563,36.26942176,False,-8.63,0.49,0,4053,49.22201279495364,Shimshal
6170,0.000912692,75.82557883,36.26908581,False,-8.63,0.49,0,4052,49.27135223685922,Shimshal
6171,0.000383596,75.82622648,36.26902094,False,-8.63,0.49,0,4057,49.32776065874144,Shimshal
6172,0.000416324,75.82712366,36.26801742,False,-8.63,0.49,0,4071,49.44479013206864,Shimshal
6173,0.000456058,75.82087481,36.26600645,False,-8.63,0.49,0,4068,49.014982286159615,Shimshal
6174,0.000919011,75.82093215,36.26553305,False,-8.63,0.49,0,4075,49.04034011779661,Shimshal
6175,8.23e-05,75.82046592,36.26544395,False,-8.63,0.49,0,4075,49.005784748944684,Shimshal
6176,0.000314443,75.81286567,36.26877318,False,-8.63,0.49,0,4019,48.23381419298057,Shimshal
6177,0.000272159,75.81339253,36.26876381,False,-8.63,0.49,0,4020,48.277691830243164,Shimshal
6178,9.03e-06,75.80988339,36.27050662,False,-8.63,0.49,0,4010,47.9124027792648,Shimshal
6179,0.000165639,75.81249842,36.26784927,False,-8.63,0.49,0,4013,48.24383708160733,Shimshal
6180,0.000232288,75.81545732,36.27082124,False,-8.63,0.49,0,4041,48.359438328747586,Shimshal
6181,0.000169357,75.81788635,36.27188621,False,-8.63,0.49,0,4032,48.515071035715444,Shimshal
6182,4.98e-05,75.81735788,36.27299924,False,-8.63,0.49,0,4024,48.42410991383696,Shimshal
6183,6.31e-05,75.81998305,36.27203515,False,-8.63,0.49,0,4038,48.68253337060887,Shimshal
6184,0.000142469,75.81980575,36.27241829,False,-8.63,0.49,0,4043,48.651641415398366,Shimshal
6185,8.35e-05,75.82211232,36.27289998,False,-8.63,0.49,0,4054,48.822761209685495,Shimshal
6186,6.08e-05,75.81678316,36.27808695,False,-8.63,0.49,0,4017,48.16404518785776,Shimshal
6187,0.000196517,75.82698923,36.26482854,False,-8.63,0.49,0,4066,49.57078252635631,Shimshal
6188,0.000262075,75.82708513,36.2646221,False,-8.63,0.49,0,4070,49.58765054350875,Shimshal
6189,0.000914229,75.82952153,36.26372867,False,-8.63,0.49,0,4080,49.82753755023267,Shimshal
6190,5.57e-05,75.82946754,36.26346313,False,-8.63,0.49,0,4082,49.83461114473556,Shimshal
6191,0.000239017,75.82967718,36.26337399,False,-8.63,0.49,0,4080,49.855785679473065,Shimshal
6192,0.000616419,75.82006219,36.26116881,False,-8.63,0.49,0,4085,49.16128802547811,Shimshal
6193,0.000104526,75.82253218,36.26050456,False,-8.63,0.49,0,4085,49.39378008512163,Shimshal
6194,0.000534401,75.82434797,36.25758575,False,-8.63,0.49,0,4089,49.673575523648424,Shimshal
6195,8.75e-05,75.82292267,36.25728014,False,-8.63,0.49,0,4089,49.570570988827704,Shimshal
6196,0.000479224,75.82903353,36.25938481,False,-8.63,0.49,0,4093,49.97786766812579,Shimshal
6197,4.27e-05,75.82920902,36.26336855,False,-8.63,0.49,0,4084,49.8173888183995,Shimshal
6198,7.86e-05,75.82988789,36.26287418,False,-8.63,0.49,0,4082,49.894913185121545,Shimshal
6199,0.000275113,75.82631274,36.25461026,False,-8.63,0.49,0,4105,49.96922099319001,Shimshal
6200,0.00045718,75.82780592,36.25328612,False,-8.63,0.49,0,4135,50.151717219225056,Shimshal
6201,0.00131761,75.752546,36.24851565,False,-9.14,0.75,0,4438,44.335119255926294,Shimshal
6202,0.000932985,75.74717864,36.23694677,False,-9.14,0.75,0,4726,44.54479975917579,Shimshal
6203,0.000192578,75.83614388,36.25502913,False,-8.63,0.49,0,4142,50.75601383824423,Shimshal
6204,5.57e-05,75.83544193,36.25477987,False,-8.63,0.49,0,4138,50.70956035871539,Shimshal
6205,0.00062234,75.83225543,36.25117617,False,-8.63,0.49,0,4146,50.61189218750082,Shimshal
6206,0.000185948,75.83373791,36.25027629,False,-8.63,0.49,0,4144,50.774251823760814,Shimshal
6207,0.001521359,75.8373693,36.25038772,False,-8.63,0.49,0,4154,51.06599373646984,Shimshal
6208,0.000296188,75.83784288,36.25079538,False,-8.63,0.49,0,4153,51.086183276539956,Shimshal
6209,0.000264568,75.82718282,36.24848353,False,-9.14,0.75,0,4162,50.322752692839444,Shimshal
6210,0.000660646,75.82837982,36.24761503,False,-9.14,0.75,0,4162,50.46074785823002,Shimshal
6211,0.00051185,75.82894866,36.24687806,False,-9.14,0.75,0,4171,50.54153524915354,Shimshal
6212,0.000395033,75.82964466,36.24683133,False,-9.14,0.75,0,4172,50.60032274375269,Shimshal
6213,0.000281775,75.83778318,36.24612993,False,-9.14,0.75,0,4181,51.29559572287269,Shimshal
6214,5.32e-05,75.83825501,36.24535918,False,-9.14,0.75,0,4176,51.3698461221456,Shimshal
6215,0.00119703,75.837344,36.24482169,False,-9.14,0.75,0,4177,51.320720082255164,Shimshal
6216,0.000147519,75.84266024,36.2420025,False,-9.14,0.75,0,4214,51.88511555718812,Shimshal
6217,0.000212082,75.84360752,36.24186049,False,-9.14,0.75,0,4216,51.96881590642961,Shimshal
6218,0.000238224,75.8443611,36.23970344,False,-9.14,0.75,0,4222,52.13145299199497,Shimshal
6219,0.000119697,75.84557609,36.23953342,False,-9.14,0.75,0,4221,52.23815147025696,Shimshal
6220,0.001155191,75.83248811,36.23950962,False,-9.14,0.75,0,4201,51.17854819702922,Shimshal
6221,0.000381818,75.83520561,36.2380511,False,-9.14,0.75,0,4221,51.46845717881503,Shimshal
6222,0.000233809,75.84479666,36.22259217,False,-9.14,0.75,0,4260,53.00172184170475,Shimshal
6223,0.000392458,75.83745776,36.22931987,False,-9.14,0.75,0,4224,52.0771542410495,Shimshal
6224,0.000218784,75.83703716,36.22914039,False,-9.14,0.75,0,4222,52.05233552008577,Shimshal
6225,0.000193583,75.83630188,36.22943605,False,-9.14,0.75,0,4226,51.978643830364895,Shimshal
6226,0.000421879,75.8453383,36.22101845,False,-9.14,0.75,0,4272,53.12452164274597,Shimshal
6227,0.000140834,75.84999989,36.22174457,False,-9.14,0.75,0,4287,53.46063897666311,Shimshal
6228,0.000264942,75.85220363,36.2260236,False,-9.14,0.75,0,4274,53.424829111721714,Shimshal
6229,0.000490921,75.85581654,36.22541628,False,-9.14,0.75,0,4271,53.7453864282109,Shimshal
6230,0.00025887,75.8554469,36.22517441,False,-9.14,0.75,0,4269,53.7275142063127,Shimshal
6231,0.002182841,75.84947406,36.21292139,False,-9.14,0.75,0,4318,53.86868432972766,Shimshal
6232,0.000188838,75.84969134,36.21142095,False,-9.14,0.75,0,4304,53.96385790945317,Shimshal
6233,0.000122366,75.85003626,36.21133981,False,-9.14,0.75,0,4310,53.99542584611453,Shimshal
6234,0.000145605,75.84954103,36.21189535,False,-9.14,0.75,0,4306,53.92725584880929,Shimshal
6235,0.001344383,75.86467041,36.2151139,False,-9.14,0.75,0,4351,54.52501484809677,Chahekou
6236,0.000847013,75.86107424,36.22006881,False,-9.14,0.75,0,4299,54.27008996761541,Chahekou
6237,0.000411086,75.86759194,36.20694947,False,-9.14,0.75,0,4364,55.112896599705095,Chahekou
6238,9.78e-05,75.8674637,36.20535766,False,-9.14,0.75,0,4371,55.26450331266241,Chahekou
6239,7.68e-05,75.86795749,36.20461656,False,-9.14,0.75,0,4371,55.30674181268768,Chahekou
6240,0.000270429,75.86760451,36.20414756,False,-9.14,0.75,0,4378,55.36763665259664,Chahekou
6241,0.000606547,75.8697356,36.20260195,False,-9.14,0.75,0,4391,55.39998840017786,Chahekou
6242,0.000133985,75.86978766,36.20204508,False,-9.14,0.75,0,4393,55.44832651390073,Chahekou
6243,0.000325745,75.86813717,36.20223522,False,-9.14,0.75,0,4383,55.515058627952534,Chahekou
6244,0.000194544,75.87002387,36.19985365,False,-9.14,0.75,0,4398,55.63722615111238,Chahekou
6245,0.000751713,75.82767786,36.21297206,False,-9.14,0.75,0,4871,52.14367962709477,Shimshal
6246,0.001351835,75.76286483,36.21366337,False,-9.14,0.75,0,4750,47.08738779538874,Shimshal
6247,0.000106088,75.76743012,36.21140631,False,-9.14,0.75,0,4775,47.56772184301223,Shimshal
6248,0.004433482,75.73010703,36.26718509,False,-8.63,0.49,0,4999,41.586774235606626,Shimshal
6249,0.001132768,75.73923055,36.27086622,False,-8.63,0.49,0,5107,42.13343206163332,Shimshal
6250,0.000141096,75.89333886,36.21492767,False,-9.14,0.75,0,4639,53.07815982641471,Chahekou
6251,0.0002251,75.89104323,36.21890965,False,-9.14,0.75,0,4611,52.82468394639282,Chahekou
6252,0.000228322,75.89069408,36.22050468,False,-9.14,0.75,0,4581,52.69533487972201,Chahekou
6253,0.000106595,75.89554344,36.21207953,False,-9.14,0.75,0,4682,53.23380437298026,Chahekou
6254,0.000228328,75.86038929,36.19678848,False,-9.14,0.75,0,4382,54.88247830655898,Bisil
6255,0.000353615,75.85676296,36.2187688,False,-9.14,0.75,0,4299,54.15136830133335,Shimshal
6256,0.000465665,75.85905001,36.22125694,False,-9.14,0.75,0,4290,54.210525251049106,Shimshal
6257,0.000190249,75.85800348,36.22239683,False,-9.14,0.75,0,4280,54.07001368920986,Shimshal
6258,0.000265612,75.85706412,36.22491515,False,-9.14,0.75,0,4285,53.87039984876067,Shimshal
6259,0.00098327,75.83852665,36.22975269,False,-9.14,0.75,0,4228,52.14148426168076,Shimshal
6260,0.000247847,75.83727284,36.23108113,False,-9.14,0.75,0,4208,51.975063888536276,Shimshal
6261,0.00137313,75.83769697,36.23187283,False,-9.14,0.75,0,4215,51.97015029200875,Shimshal
6262,8.31e-05,75.83721863,36.23177234,False,-9.14,0.75,0,4209,51.93662355541795,Shimshal
6263,0.000350428,75.83292741,36.23691938,False,-9.14,0.75,0,4214,51.3392330660234,Shimshal
6264,0.000902259,75.83643599,36.23707222,False,-9.14,0.75,0,4219,51.615097448009,Shimshal
6265,0.00030472,75.83366926,36.23579152,False,-9.14,0.75,0,4214,51.453936504492724,Shimshal
6266,0.000471612,75.84246698,36.23707999,False,-9.14,0.75,0,4214,52.10250386038947,Shimshal
6267,0.000182443,75.84690489,36.23345786,False,-9.14,0.75,0,4239,52.63544094167467,Shimshal
6268,7.6e-05,75.84723065,36.23336778,False,-9.14,0.75,0,4241,52.66611298409153,Shimshal
6269,0.000340455,75.84743874,36.23284932,False,-9.14,0.75,0,4238,52.707939385908745,Shimshal
6270,4.97e-05,75.85146864,36.2319321,False,-9.14,0.75,0,4253,53.0778644904209,Shimshal
6271,0.000122266,75.85167106,36.23276991,False,-9.14,0.75,0,4249,53.0539569810216,Shimshal
6272,0.000180433,75.847783,36.23019541,False,-9.14,0.75,0,4248,52.86449183180753,Shimshal
6273,4.79e-05,75.84598995,36.23287978,False,-9.14,0.75,0,4238,52.589438882623725,Shimshal
6274,0.001000227,75.83278857,36.24106864,False,-9.14,0.75,0,4189,51.128130943442635,Shimshal
6275,0.000135222,75.83437607,36.24514469,False,-9.14,0.75,0,4173,51.06414158016616,Shimshal
6276,6.11e-05,75.83796351,36.23996528,False,-9.14,0.75,0,4195,51.60000784759113,Shimshal
6277,0.002585214,75.72821555,36.30631776,False,-8.63,0.49,0,4832,39.628114940881616,Shimshal
6278,0.001812452,75.74246164,36.30818467,False,-8.63,0.49,0,4543,40.742598777300095,Shimshal
6279,0.000144395,75.76114085,36.25076915,False,-8.63,0.49,0,4336,44.89749876791492,Shimshal
6280,0.000109922,75.7613811,36.25118234,False,-8.63,0.49,0,4337,44.89526493050731,Shimshal
6281,0.00028057,75.75901868,36.2512634,False,-8.63,0.49,0,4339,44.70346484205172,Shimshal
6282,0.000249349,75.75857729,36.25136912,False,-8.63,0.49,0,4339,44.662961053110664,Shimshal
6283,0.000663124,75.76129175,36.25686257,False,-8.63,0.49,0,4325,44.59888284122549,Shimshal
6284,0.000200202,75.76202659,36.25759441,False,-8.63,0.49,0,4326,44.62094445299592,Shimshal
6285,0.000115437,75.76276157,36.25776203,False,-8.63,0.49,0,4324,44.67141329102031,Shimshal
6286,0.000204388,75.76616263,36.26013974,False,-8.63,0.49,0,4293,44.8265410704739,Shimshal
6287,4.73e-05,75.76715878,36.26007783,False,-8.63,0.49,0,4280,44.90971250713565,Shimshal
6288,0.000376445,75.76851953,36.26051875,False,-8.63,0.49,0,4268,44.99765727289151,Shimshal
6289,0.000210631,75.76781783,36.26093256,False,-8.63,0.49,0,4276,44.92092489364069,Shimshal
6290,0.00080534,75.76741585,36.26099251,False,-8.63,0.49,0,4283,44.88561836097563,Shimshal
6291,0.000203138,75.76873098,36.26144948,False,-8.63,0.49,0,4274,44.969323246392214,Shimshal
6292,0.000153462,75.77269117,36.26260306,False,-8.63,0.49,0,4211,45.23331682596889,Shimshal
6293,6.11e-05,75.77298827,36.26275085,False,-8.63,0.49,0,4210,45.25024701239976,Shimshal
6294,0.000102401,75.77180605,36.26230462,False,-8.63,0.49,0,4222,45.17613112742199,Shimshal
6295,0.000265299,75.77122796,36.26197776,False,-8.63,0.49,0,4234,45.14520261658335,Shimshal
6296,8.8e-05,75.77139672,36.26214668,False,-8.63,0.49,0,4233,45.150677219297485,Shimshal
6297,0.004108122,75.80330672,36.27569195,False,-8.63,0.49,0,3999,47.145653633154126,Shimshal
6298,0.000665484,75.80436339,36.27770802,False,-8.63,0.49,0,3993,47.14767047222622,Shimshal
6299,0.000148595,75.80423268,36.27809849,False,-8.63,0.49,0,3997,47.12037856057897,Shimshal
6300,0.061531577,75.81161804,36.27289823,False,-8.63,0.49,0,4010,47.95288585786,Shimshal
6301,0.009758171,75.8174424,36.26778209,False,-8.63,0.49,0,4035,48.65456420720042,Shimshal
6302,0.008846983,75.82110789,36.26761147,False,-8.63,0.49,0,4049,48.96465421637795,Shimshal
6303,0.000246549,75.82051155,36.26471741,False,-8.63,0.49,0,4081,49.041333017851436,Shimshal
6304,0.010888983,75.82098969,36.26329273,False,-8.63,0.49,0,4064,49.14333980488171,Shimshal
6305,0.001281714,75.82339649,36.26640017,False,-8.63,0.49,0,4065,49.206050361441,Shimshal
6306,0.001119271,75.8257488,36.26491129,False,-8.63,0.49,0,4052,49.46479156257259,Shimshal
6307,0.00016966,75.83149593,36.26156876,False,-8.63,0.49,0,4097,50.08447653443795,Shimshal
6308,0.002929711,75.82674394,36.25505579,False,-8.63,0.49,0,4107,49.984253503828874,Shimshal
6309,0.000135424,75.82598675,36.24880288,False,-9.14,0.75,0,4151,50.21050277621815,Shimshal
6310,7.91e-05,75.82708119,36.24833554,False,-9.14,0.75,0,4159,50.32139769726114,Shimshal
6311,0.00016856,75.83183949,36.23615339,False,-9.14,0.75,0,4212,51.28880576983702,Shimshal
6312,0.000210931,75.812416,36.28781409,False,-8.63,0.49,0,3984,47.407600744775564,Shimshal
6313,0.000155945,75.81505186,36.2842935,False,-8.63,0.49,0,4002,47.76782156498186,Shimshal
6314,0.003972196,75.81884448,36.27691364,False,-8.63,0.49,0,4038,48.38403652621731,Shimshal
6315,0.002828815,75.81979502,36.27425084,False,-8.63,0.49,0,4034,48.57374460740296,Shimshal
6316,0.001706214,75.82097833,36.2746146,False,-8.63,0.49,0,4039,48.65688095605019,Shimshal
6317,0.000153023,75.82046094,36.27429487,False,-8.63,0.49,0,4032,48.627223523559174,Shimshal
6318,0.002151415,75.82143796,36.27335934,False,-8.63,0.49,0,4046,48.74751010516657,Shimshal
6319,0.01118287,75.83896087,36.24879075,False,-9.14,0.75,0,4166,51.26906478225924,Shimshal
6320,0.001030107,75.83582334,36.24532357,False,-9.14,0.75,0,4169,51.173521916895595,Shimshal
6321,0.004556931,75.83086287,36.23847185,False,-9.14,0.75,0,4187,51.0973185592223,Shimshal
6322,0.001811705,75.83254388,36.23857554,False,-9.14,0.75,0,4204,51.22806805167301,Shimshal
6323,0.003962425,75.83230021,36.23517402,False,-9.14,0.75,0,4205,51.37379396950868,Shimshal
6324,0.002031556,75.83619456,36.23558026,False,-9.14,0.75,0,4220,51.66786803547945,Shimshal
6325,0.006216132,75.84407588,36.22306439,False,-9.14,0.75,0,4262,52.92029066766121,Shimshal
6326,0.000993255,75.85005897,36.21080111,False,-9.14,0.75,0,4305,54.025294867377156,Shimshal
6327,0.000422905,75.84839976,36.21293122,False,-9.14,0.75,0,4313,53.78291633587604,Shimshal
6328,0.000137743,75.87065382,36.19439275,False,-9.14,0.75,0,4404,55.17429703204418,Chokpiong
6329,0.001077905,75.87077115,36.19328441,False,-9.14,0.75,0,4407,55.06608200955395,Chokpiong
6330,0.000296237,75.87055693,36.19364986,False,-9.14,0.75,0,4404,55.0953271087358,Chokpiong
6331,0.000906613,75.86937856,36.19670902,False,-9.14,0.75,0,4396,55.36324073001088,Chokpiong
6332,0.000173294,75.87073144,36.19567957,False,-9.14,0.75,0,4405,55.307822305054,Chokpiong
6333,0.005959142,75.87062524,36.19747078,False,-9.14,0.75,0,4405,55.48597161730688,Chokpiong
6334,0.001273489,75.87012752,36.19860353,False,-9.14,0.75,0,4398,55.58309646088651,Chokpiong
6335,0.003563331,75.86965987,36.20116489,False,-9.14,0.75,0,4390,55.53546042654242,Chahekou
6336,0.005453679,75.86847325,36.20452574,False,-9.14,0.75,0,4374,55.28859832148329,Chahekou
6337,0.000846125,75.86370124,36.20871288,False,-9.14,0.75,0,4345,55.154191329590425,Chahekou
6338,0.000194013,75.86490978,36.20829507,False,-9.14,0.75,0,4357,55.1292696931963,Chahekou
6339,0.000525938,75.86015523,36.22094899,False,-9.14,0.75,0,4291,54.24042941488364,Chahekou
6340,7.1e-05,75.84461874,36.24070875,False,-9.14,0.75,0,4212,52.10505673746032,Shimshal
6341,0.001399912,75.84413591,36.24130678,False,-9.14,0.75,0,4213,52.03773476376547,Shimshal
6342,0.001895898,75.84117057,36.24597211,False,-9.14,0.75,0,4176,51.579096336185756,Shimshal
6343,8.47e-05,75.75700521,36.22601171,False,-9.14,0.75,0,4628,45.921915554582796,Shimshal
6344,0.00086918,75.75744207,36.22617125,False,-9.14,0.75,0,4639,45.94642272227754,Shimshal
6345,0.000685741,75.7572418,36.22573754,False,-9.14,0.75,0,4627,45.955792942719086,Shimshal
6346,0.000657005,75.74755235,36.23663165,False,-9.14,0.75,0,4723,44.59138820441499,Shimshal
6347,0.000725389,75.92585425,36.29318215,False,-8.63,0.49,0,4808,44.27995896300557,Chahekou
6348,0.000223364,75.92556318,36.29294673,False,-8.63,0.49,0,4798,44.316534508430514,Chahekou
6349,0.002050283,75.9246833,36.29385315,False,-8.63,0.49,0,4822,44.28296087688591,Chahekou
6350,0.000248697,75.82148967,36.27515688,False,-8.63,0.49,0,4040,48.67684464107418,Shimshal
6351,0.000176081,75.81219765,36.27715249,False,-8.63,0.49,0,3992,47.82136872669875,Shimshal
6352,0.000167554,75.81330429,36.27620251,False,-8.63,0.49,0,3980,47.9529956843747,Shimshal
6353,0.000245158,75.80936459,36.27972354,False,-8.63,0.49,0,3985,47.479005437433514,Shimshal
6354,0.000103764,75.80947114,36.27896485,False,-8.63,0.49,0,3978,47.51930197668888,Shimshal
6355,7.51e-05,75.8096782,36.27940792,False,-8.63,0.49,0,3986,47.5181569920509,Shimshal
6356,0.000207647,75.8117701,36.28003219,False,-8.63,0.49,0,3995,47.66653548403041,Shimshal
6357,7.88e-05,75.81204429,36.27972041,False,-8.63,0.49,0,3994,47.702194780814146,Shimshal
6358,0.000303016,75.80463118,36.28096431,False,-8.63,0.49,0,3969,47.03384420299341,Shimshal
6359,0.000144845,75.81663828,36.2787816,False,-8.63,0.49,0,4020,48.12341629289105,Shimshal
6360,0.001031935,75.82557764,36.26754473,False,-8.63,0.49,0,4054,49.33705289994681,Shimshal
6361,0.000124219,75.82549159,36.26779443,False,-8.63,0.49,0,4054,49.319237179698874,Shimshal
6362,0.000178161,75.82584433,36.26790906,False,-8.63,0.49,0,4054,49.343520837114376,Shimshal
6363,0.016694461,74.06498487,35.86411373,False,1.74,0.72,0,4179,7.982207811612104,Uthali Kai
6364,0.001984153,74.04303546,35.8460585,False,1.01,0.65,0,3766,10.433694686689183,Uthali Kai
6365,0.000274585,74.04264237,35.84517572,False,1.01,0.65,0,3768,10.538044775504693,Uthali Kai
6366,0.000434707,74.04305427,35.84505583,False,1.01,0.65,0,3770,10.538574770631936,Uthali Kai
6367,0.000270724,74.04283615,35.84374959,False,1.01,0.65,0,3762,10.68240960298036,Uthali Kai
6368,0.000259979,74.04247132,35.84342385,False,1.01,0.65,0,3763,10.727286787814565,Uthali Kai
6369,0.001216816,74.05961616,35.84571302,False,1.01,0.65,0,4096,10.082497471212085,Uthali Kai
6370,0.000243423,74.06049061,35.84553943,False,1.01,0.65,0,4101,10.086777795654456,Uthali Kai
6371,0.000119286,74.05947493,35.84463365,False,1.01,0.65,0,4096,10.20275297311157,Uthali Kai
6372,0.000751254,74.04799221,35.8323087,False,1.01,0.65,0,3820,11.768681461044403,Uthali Kai
6373,0.000460135,74.06122662,35.82015047,False,1.01,0.65,0,4134,12.863546800125096,Uthali Kai
6374,0.00036934,74.061435,35.81875227,False,1.01,0.65,0,4122,13.015007104750193,Uthali Kai
6375,0.007056865,74.06688698,35.81928552,False,1.74,0.72,0,4215,12.898877337584075,Uthali Kai
6376,0.006049686,74.07073384,35.81631541,False,1.74,0.72,0,4333,13.198966573085757,Uthali Kai
6377,0.02122062,74.07332581,35.81371447,False,1.74,0.72,0,4389,13.473614920355514,Uthali Kai
6378,0.176735543,74.083048,35.81720452,True,1.74,0.72,0,4270,13.069553165991005,Uthali Kai
6379,0.009679914,74.06265347,35.81057433,False,1.74,0.72,0,4227,13.903168192027692,Uthali Kai
6380,0.005487296,74.08170036,35.80193419,False,1.74,0.72,0,4386,14.76629834979709,Uthali Kai
6381,0.003892481,74.08045276,35.79490593,False,1.74,0.72,0,4294,15.54769553008585,Uthali Kai
6382,0.006599172,74.1011025,35.78556391,False,1.74,0.72,0,4215,16.46249283296464,Dormushk
6383,0.001838578,74.09649613,35.78544886,False,1.74,0.72,0,4305,16.658452715989398,Uthali Kai
6384,0.001110202,74.0873797,35.79406992,False,1.74,0.72,0,4375,15.651423065856774,Uthali Kai
6385,0.043864826,74.08450076,35.79285149,False,1.74,0.72,0,4367,15.779379096854356,Uthali Kai
6386,0.00181004,74.08124086,35.78419296,False,1.74,0.72,0,4396,16.738890968075186,Uthali Kai
6387,0.000796522,74.08525764,35.78109142,False,1.74,0.72,0,4388,17.088211212609117,Uthali Kai
6388,0.000512959,74.08443878,35.78031763,False,1.74,0.72,0,4392,17.17270957820962,Uthali Kai
6389,0.000631684,74.07556478,35.781366,False,1.74,0.72,0,4336,17.060040296438476,Uthali Kai
6390,0.001026752,74.08233385,35.80576556,False,1.74,0.72,0,4420,14.34066749203882,Uthali Kai
6391,0.00085812,74.06901672,35.76001409,False,1.74,0.72,0,4249,19.457041090115705,Uthali Kai
6392,0.001493824,74.06938387,35.76066465,False,1.74,0.72,0,4243,19.383008859619345,Uthali Kai
6393,0.014702043,74.06929952,35.7573146,False,1.74,0.72,0,4266,19.755393892968872,Uthali Kai
6394,0.00907595,74.0801885,35.75628499,False,1.74,0.72,0,4237,19.842200715448797,Uthali Kai
6395,0.000660149,74.0730461,35.74960308,False,5.99,1.02,0,4300,20.597320420365207,Uthali Kai
6396,0.000374393,74.07394324,35.74959123,False,5.99,1.02,0,4292,20.596009167003043,Uthali Kai
6397,0.0044608,74.07338013,35.74901592,False,5.99,1.02,0,4299,20.661558613673964,Uthali Kai
6398,0.003507403,74.08726806,35.72384157,False,5.99,1.02,0,4253,23.216045303012457,Dormushk
6399,0.043179172,74.09030696,35.72601237,False,5.99,1.02,0,4194,22.888717631284972,Dormushk
6400,0.002563527,74.09771468,35.71871264,False,5.99,1.02,0,4157,23.40799176498502,Dormushk
6401,0.014804461,74.09613053,35.71774464,False,5.99,1.02,0,4160,23.557921634706986,Dormushk
6402,0.005154853,74.09256923,35.71574893,False,5.99,1.02,0,4258,23.877649948239455,Dormushk
6403,0.000812505,74.09187322,35.71573569,False,5.99,1.02,0,4258,23.90119010649708,Dormushk
6404,0.001184248,74.10161651,35.7291479,False,5.99,1.02,0,4047,22.197022273033443,Dormushk
6405,0.002452498,74.10080661,35.72890352,False,5.99,1.02,0,4050,22.24760595012816,Dormushk
6406,0.000516758,74.10231176,35.728663,False,5.99,1.02,0,4044,22.226404020080164,Dormushk
6407,0.004815052,74.1224322,35.7270407,False,5.99,1.02,0,4286,21.853535787324876,Dormushk
6408,0.000682764,74.12776795,35.73819249,False,5.99,1.02,0,4216,20.53126355509535,Dormushk
6409,0.000427374,74.12853912,35.73845227,False,5.99,1.02,0,4221,20.48570371661805,Dormushk
6410,0.047628827,74.12626249,35.74072081,False,5.99,1.02,0,4214,20.294972022548873,Dormushk
6411,0.000287182,74.11930218,35.7443438,False,5.99,1.02,0,4203,20.084939110677315,Dormushk
6412,0.000710414,74.11553589,35.74405819,False,5.99,1.02,0,4222,20.219022472160013,Dormushk
6413,0.030988203,74.11849678,35.74733445,False,5.99,1.02,0,4170,19.78989502359555,Dormushk
6414,0.02901421,74.1484425,35.76414906,False,1.74,0.72,0,4358,17.298247050188344,Dormushk
6415,0.011947545,74.14576689,35.77420123,False,1.74,0.72,0,4303,16.255087101099104,Dormushk
6416,0.014187553,74.14207377,35.77161954,False,1.74,0.72,0,4349,16.610930878687416,Dormushk
6417,0.023746058,74.16127365,35.78007981,False,1.74,0.72,0,4306,15.355917948562306,Dormushk
6418,0.054508622,74.14382776,35.78705188,False,1.74,0.72,0,4286,14.908464185541495,Dormushk
6419,0.000578958,74.14374828,35.78550803,False,1.74,0.72,0,4288,15.076389001182669,Dormushk
6420,0.000245281,74.14151877,35.78936928,False,1.74,0.72,0,4289,14.71439372310564,Dormushk
6421,0.002470137,74.14883927,35.79430512,False,1.74,0.72,0,4230,14.015640264686137,Dormushk
6422,0.001466396,74.11781822,35.79681348,False,1.74,0.72,0,3774,14.674940471269986,Dormushk
6423,0.000990317,74.11783063,35.79722389,False,1.74,0.72,0,3771,14.633008066570703,Dormushk
6424,0.000804868,74.11970551,35.79646933,False,1.74,0.72,0,3766,14.639720331537447,Dormushk
6425,0.000918142,74.1181727,35.79922221,False,1.74,0.72,0,3769,14.418413380224875,Dormushk
6426,0.000606528,74.12188959,35.79993381,False,1.74,0.72,0,3752,14.20770015242657,Dormushk
6427,0.000559932,74.12215617,35.80058885,False,1.74,0.72,0,3750,14.1313689989815,Dormushk
6428,0.00215778,74.13132754,35.80327361,False,1.74,0.72,0,3986,13.537971833313467,Dormushk
6429,0.000894977,74.14274065,35.88697239,False,1.74,0.72,0,3991,5.097961005302931,Dormushk
6430,0.000944508,74.14333438,35.886951,False,1.74,0.72,0,3993,5.058967646445139,Dormushk
6431,0.001376968,74.14170418,35.88870328,False,1.74,0.72,0,3987,5.035803015969166,Yakkai
6432,0.03541405,74.11280525,35.87855151,False,1.74,0.72,0,4287,6.755217954934738,Kargah
6433,0.068162215,74.09959752,35.84477937,False,1.74,0.72,0,4373,10.142481707701393,Uthali Kai
6434,0.026556978,74.10559804,35.83682123,False,1.74,0.72,0,4259,11.111532716418274,Uthali Kai
6435,0.037195626,74.08609659,35.82735661,False,1.74,0.72,0,4306,11.948388943413283,Uthali Kai
6436,0.003503025,74.07815944,35.82323356,False,1.74,0.72,0,4236,12.400246051909606,Uthali Kai
6437,0.004555348,74.07183495,35.82159719,False,1.74,0.72,0,4162,12.606314278512036,Uthali Kai
6438,0.000726887,74.07122692,35.82412245,False,1.74,0.72,0,4137,12.329882862658094,Uthali Kai
6439,0.07972814,74.10765137,35.826585,False,1.74,0.72,0,4262,12.25013862149164,Dormushk
6440,0.000883731,74.16901926,35.65687776,False,5.99,1.02,0,4195,24.9991676393634,Khinar
6441,0.005720514,74.17057092,35.65419957,False,5.99,1.02,0,4234,24.71147798189987,Khinar
6442,0.034604571,74.20675,35.66893035,False,5.99,1.02,0,4229,26.761891203465048,Khinar
6443,0.01949087,74.21148864,35.67584312,False,5.99,1.02,0,4277,26.88688003420267,Dormushk
6444,0.04462275,74.22635894,35.6903542,False,5.99,1.02,0,4274,25.40855359644827,Baseen
6445,0.057692735,74.23173933,35.69096635,False,5.99,1.02,0,4328,25.281842929628283,Baseen
6446,0.000277816,74.2272615,35.68632844,False,5.99,1.02,0,4338,25.842042088452118,Baseen
6447,0.002991432,74.22652229,35.68593419,False,5.99,1.02,0,4340,25.89399133029694,Baseen
6448,0.137828738,74.22977957,35.6862745,True,5.99,1.02,0,4337,25.82041228343395,Baseen
6449,0.003381399,74.24153159,35.66409485,False,5.99,1.02,0,3946,24.916973223054022,Chauki Jut
6450,0.00198973,74.2418317,35.66437252,False,5.99,1.02,0,3947,24.932393987646158,Chauki Jut
6451,0.002025786,74.24253538,35.66460997,False,5.99,1.02,0,3945,24.92760086972085,Chauki Jut
6452,0.000330118,74.24247959,35.66501306,False,5.99,1.02,0,3944,24.969975308615673,Chauki Jut
6453,0.000182579,74.24230238,35.66492808,False,5.99,1.02,0,3943,24.968647262471215,Chauki Jut
6454,0.001464707,74.24280419,35.66516408,False,5.99,1.02,0,3945,24.971981421044347,Chauki Jut
6455,0.000258292,74.24277233,35.66488584,False,5.99,1.02,0,3945,24.94554157201819,Chauki Jut
6456,0.000627856,74.24295771,35.66539788,False,5.99,1.02,0,3948,24.989131059390562,Chauki Jut
6457,0.000248836,74.24415542,35.66507299,False,5.99,1.02,0,3942,24.908935502607992,Chauki Jut
6458,0.002472431,74.25288149,35.67145445,False,5.99,1.02,0,3925,25.21981285970711,Chauki Jut
6459,0.000234469,74.24801621,35.66944428,False,5.99,1.02,0,3943,25.19739621551213,Chauki Jut
6460,0.014389696,74.24214195,35.70292625,False,5.99,1.02,0,4347,23.723085198003545,Sakwar
6461,0.16407359,74.24304316,35.70703099,True,5.99,1.02,0,4321,23.29736752423485,Sakwar
6462,0.000215494,74.24245515,35.71065304,False,5.99,1.02,0,4291,22.99313691957686,Sakwar
6463,0.000684202,74.24263716,35.71103489,False,5.99,1.02,0,4288,22.948808158941098,Sakwar
6464,0.047075255,74.23906168,35.71244606,False,5.99,1.02,0,4230,22.837489751217227,Baseen
6465,0.003342988,74.23863522,35.71522805,False,5.99,1.02,0,4187,22.53334789077422,Baseen
6466,0.009867356,74.25891,35.7112304,False,5.99,1.02,0,4524,22.134219524089417,Sakwar
6467,0.002776523,74.25847539,35.71546636,False,5.99,1.02,0,4368,21.75370075751803,Sakwar
6468,0.107459074,74.25536028,35.72185016,False,5.99,1.02,0,4256,21.3094665458773,Sakwar
6469,0.034937999,74.28866124,35.73114048,False,5.99,1.02,0,4323,18.88276680849877,Sakwar
6470,0.03340005,74.18859204,35.68583473,False,5.99,1.02,0,4246,25.676986963154796,Dormushk
6471,0.018987941,74.16972304,35.69716914,False,5.99,1.02,0,4324,24.458337723984457,Dormushk
6472,0.001027005,74.17068407,35.70040003,False,5.99,1.02,0,4282,24.0946640887772,Dormushk
6473,0.002381205,74.17320591,35.70666901,False,5.99,1.02,0,4367,23.386597589560736,Dormushk
6474,0.001348653,74.17509112,35.71173102,False,5.99,1.02,0,4280,22.816588712997802,Dormushk
6475,0.000690288,74.17635867,35.71374056,False,5.99,1.02,0,4278,22.58874979751871,Dormushk
6476,0.000406317,74.17672579,35.71367755,False,5.99,1.02,0,4279,22.59453023828615,Dormushk
6477,0.028460514,74.18001108,35.71504732,False,5.99,1.02,0,4230,22.433489769664646,Dormushk
6478,0.002826674,74.18402997,35.71529056,False,5.99,1.02,0,4185,22.400959420725393,Dormushk
6479,0.026311884,74.16524509,35.72304227,False,5.99,1.02,0,4251,21.617922938947668,Dormushk
6480,0.046806888,74.16579186,35.7193018,False,5.99,1.02,0,4249,22.028258351396243,Dormushk
6481,0.008499517,74.14576288,35.71460842,False,5.99,1.02,0,4260,22.764113827226133,Dormushk
6482,0.001831234,74.14433522,35.7028643,False,5.99,1.02,0,4204,24.074069518683036,Dormushk
6483,0.003086053,74.15013475,35.72852928,False,5.99,1.02,0,4234,21.1737126764571,Dormushk
6484,0.020508745,74.16382029,35.7414735,False,5.99,1.02,0,4311,19.58933244699286,Dormushk
6485,0.031854511,74.16442037,35.7467646,False,5.99,1.02,0,4238,18.99852833370405,Dormushk
6486,0.017578122,74.17104832,35.74745396,False,5.99,1.02,0,4373,18.870816249742763,Dormushk
6487,0.003238653,74.18083223,35.744277,False,5.99,1.02,0,4348,19.18245284649804,Dormushk
6488,0.000549706,74.18151264,35.74313136,False,5.99,1.02,0,4348,19.30848693353589,Dormushk
6489,0.00197023,74.18469304,35.74483027,False,5.99,1.02,0,4317,19.115988011686966,Dormushk
6490,0.002139782,74.18545691,35.74497554,False,5.99,1.02,0,4315,19.099604088613972,Dormushk
6491,0.000475361,74.18835678,35.74145583,False,5.99,1.02,0,4285,19.492333794052684,Dormushk
6492,0.011669664,74.19302247,35.7413984,False,5.99,1.02,0,4198,19.508254973656907,Dormushk
6493,0.009870085,74.17184276,35.76638891,False,1.74,0.72,0,4335,16.765692630548685,Dormushk
6494,0.002774092,74.17509118,35.76849826,False,1.74,0.72,0,4264,16.51213401049794,Dormushk
6495,0.005010279,74.18262456,35.76564032,False,1.74,0.72,0,4225,16.804177715633518,Dormushk
6496,0.09535061,74.17973064,35.76061833,False,1.74,0.72,0,4267,17.368759159895315,Dormushk
6497,0.117306934,74.19550374,35.772935,False,1.74,0.72,0,4364,16.014606670326152,Dormushk
6498,0.00121967,74.2099988,35.78162129,False,1.74,0.72,0,4391,15.182429894992055,Dormushk
6499,0.128690313,74.20483547,35.77904485,True,1.74,0.72,0,4306,15.407221720753537,Dormushk
6500,0.076551861,74.22422724,35.78908978,False,1.74,0.72,0,4383,14.611017856907337,Dormushk
6501,0.006794276,74.23439605,35.78723318,False,1.74,0.72,0,4283,14.6502725840727,Baseen
6502,0.000498812,74.23470348,35.78671846,False,1.74,0.72,0,4284,14.701714461575374,Baseen
6503,0.005925917,74.23474427,35.79606233,False,1.74,0.72,0,4247,13.679319053056055,Baseen
6504,0.00407258,74.20639445,35.79582924,False,1.74,0.72,0,4347,13.572593558423518,Dormushk
6505,0.001424221,74.2019541,35.80346076,False,1.74,0.72,0,4197,12.680318338367817,Dormushk
6506,0.000497224,74.20293383,35.80269406,False,1.74,0.72,0,4198,12.775390842007871,Dormushk
6507,0.001517846,74.20207193,35.8024485,False,1.74,0.72,0,4198,12.793352395118173,Dormushk
6508,0.006315016,74.20071227,35.80274472,False,1.74,0.72,0,4195,12.747119626988797,Dormushk
6509,0.011560398,74.22477959,35.83795396,False,1.74,0.72,0,4301,9.438390440040694,Baseen
6510,0.009237544,74.2534913,35.83072895,False,1.74,0.72,0,4177,9.620887651788813,Baseen
6511,0.009242006,74.25331769,35.82884542,False,1.74,0.72,0,4183,9.830879323056271,Baseen
6512,0.044557729,74.26735957,35.8189265,False,1.74,0.72,0,4248,10.898595081183368,Baseen
6513,0.029182297,74.28054546,35.81785695,False,1.74,0.72,0,4267,11.120387686906309,Baseen
6514,0.122511533,74.29379577,35.82085144,True,1.74,0.72,0,4315,10.717220241159774,Sakwar
6515,0.051312043,74.30158503,35.8190781,False,1.74,0.72,0,4323,10.311516207856032,Sakwar
6516,0.027665888,74.29579703,35.81727958,False,1.74,0.72,0,4341,10.834373900952649,Sakwar
6517,0.075915044,74.30389912,35.81328127,False,1.74,0.72,0,4371,10.607822378755232,Sakwar
6518,0.043418587,74.34158291,35.81742665,False,1.74,0.72,0,4190,8.172829284324212,Sakwar
6519,0.018076756,74.34404323,35.81383951,False,1.74,0.72,0,4240,8.419131657130421,Sakwar
6520,0.024230425,74.47894883,35.69886019,False,5.99,1.02,0,4297,10.088764744025648,Jugot
6521,0.008016693,74.4169157,35.5879916,False,5.99,1.02,0,4447,13.118331609604768,Bargin
6522,0.059038639,74.40919476,35.59812038,False,5.99,1.02,0,4482,14.424625972254836,Bargin
6523,0.000820366,74.41028172,35.59957608,False,5.99,1.02,0,4482,14.537139851896686,Bargin
6524,0.050277868,74.41743097,35.60001714,False,5.99,1.02,0,4431,14.353988436603155,Bargin
6525,0.004057563,74.40060145,35.61375361,False,5.99,1.02,0,4487,16.328094075903383,Bargin
6526,0.078772944,74.40661861,35.61477481,False,5.99,1.02,0,4420,16.231517338474514,Bargin
6527,0.02770879,74.39923012,35.62849791,False,5.99,1.02,0,4420,17.895394287910513,Bargin
6528,0.014963017,74.40178667,35.63248561,False,5.99,1.02,0,4318,18.229765576489193,Bargin
6529,0.009951395,74.42632369,35.65050767,False,5.99,1.02,0,4269,16.280732097688837,Damot
6530,0.001767581,74.34691009,35.6736574,False,5.99,1.02,0,4004,20.786884387544326,Jugot
6531,0.001595632,74.34300707,35.67558672,False,5.99,1.02,0,4026,20.97119898373688,Jugot
6532,0.01295039,74.32494081,35.68760415,False,5.99,1.02,0,4316,21.75052637595858,Jugot
6533,0.14202298,74.41030136,35.70333458,True,5.99,1.02,0,2880,14.189488256431218,Jugot
6534,0.056869062,74.3357261,35.63744796,False,5.99,1.02,0,4195,19.48475216598404,Chauki Jut
6535,0.005561134,74.30868528,35.63580458,False,5.99,1.02,0,4364,19.790700997379094,Chauki Jut
6536,0.001051486,74.28230685,35.59706272,False,5.99,1.02,0,3704,16.6023861261538,Chauki Jut
6537,0.056637689,74.34018439,35.60859997,False,5.99,1.02,0,4150,16.252092506402583,Chauki Jut
6538,0.000147332,74.07418163,35.75063567,False,1.74,0.72,0,4299,20.479278423639318,Uthali Kai
6539,0.003489569,74.09085133,35.72246606,False,5.99,1.02,0,4213,23.236515589758408,Dormushk
6540,0.000334885,74.08981564,35.72214515,False,5.99,1.02,0,4212,23.304211696511864,Dormushk
6541,0.00066629,74.08664724,35.81403664,False,1.74,0.72,0,4280,13.430313998987518,Uthali Kai
6542,0.000310774,74.08639045,35.81346277,False,1.74,0.72,0,4279,13.493213793868826,Uthali Kai
6543,0.001029387,74.17854671,35.80254827,False,1.74,0.72,0,3828,12.71453041281219,Dormushk
6544,0.001339234,74.21316728,35.7294508,False,5.99,1.02,0,3712,20.97167066126602,Dormushk
6545,0.000105984,74.21287732,35.72929489,False,5.99,1.02,0,3715,20.985827983068802,Dormushk
6546,0.001478912,74.20652654,35.72066595,False,5.99,1.02,0,3785,21.882743458559204,Dormushk
6547,0.000841313,74.22164308,35.67658917,False,5.99,1.02,0,4377,26.898916517537067,Dormushk
6548,0.005563636,74.24470994,35.82689715,False,1.74,0.72,0,4182,10.145592744162306,Baseen
6549,0.000970156,74.24391832,35.82754323,False,1.74,0.72,0,4173,10.08685636139542,Baseen
6550,0.001314075,74.28254627,35.81147731,False,1.74,0.72,0,4455,11.84827451051657,Baseen
6551,0.000215543,74.27629762,35.6860815,False,5.99,1.02,0,3807,23.873826696481707,Sakwar
6552,0.000382653,74.27248083,35.68044794,False,5.99,1.02,0,3798,24.586904196496576,Sakwar
6553,0.00026115,74.26702462,35.67654072,False,5.99,1.02,0,3837,25.188811665788652,Sakwar
6554,0.014065025,74.34646353,36.79274309,False,-6.6,0.31,1,3645,7.942573904712155,Baba Ghundi Ziarat
6555,0.004032629,74.35283929,36.79721785,False,-6.6,0.31,1,3612,7.575093811654791,Zood Khun
6556,0.000450709,74.35285979,36.7976567,False,-6.6,0.31,1,3598,7.550691375237653,Zood Khun
6557,0.000437145,74.35533857,36.7960341,False,-6.6,0.31,1,3593,7.443666336082772,Zood Khun
6558,0.000247924,74.35615248,36.79585525,False,-6.6,0.31,1,3598,7.3907563278223645,Zood Khun
6559,0.000445165,74.35479019,36.79308937,False,-6.6,0.31,1,3632,7.652727150550426,Zood Khun
6560,0.00035085,74.35489604,36.79334568,False,-6.6,0.31,1,3626,7.62977437655357,Zood Khun
6561,0.000905039,74.35729527,36.79268695,False,-6.6,0.31,1,3611,7.487912331959001,Zood Khun
6562,0.000416022,74.34488967,36.79494266,False,-6.6,0.31,1,3618,7.684157841667599,Baba Ghundi Ziarat
6563,0.001699186,74.34608689,36.79177267,False,-6.6,0.31,1,3648,7.981531477781211,Baba Ghundi Ziarat
6564,0.003683847,74.342513,36.79147682,False,-6.6,0.31,1,3650,7.753436402758126,Baba Ghundi Ziarat
6565,0.001744793,74.34864274,36.79129979,False,-6.6,0.31,1,3647,8.194151700570936,Baba Ghundi Ziarat
6566,0.000417376,74.35621768,36.79220655,False,-6.6,0.31,1,3619,7.597505383013935,Zood Khun
6567,0.003660749,74.35418885,36.79179448,False,-6.6,0.31,1,3636,7.774431237688336,Zood Khun
6568,0.001139326,74.35467741,36.79143298,False,-6.6,0.31,1,3631,7.7593913107059524,Zood Khun
6569,0.00089153,74.3485003,36.79006363,False,-6.6,0.31,1,3655,8.267842816628498,Baba Ghundi Ziarat
6570,0.00058051,74.35069274,36.79048316,False,-6.6,0.31,1,3639,8.115576068793407,Zood Khun
6571,0.001652152,74.34898337,36.7888623,False,-6.6,0.31,1,3661,8.34053286128787,Zood Khun
6572,0.00058432,74.35501866,36.78973266,False,-6.6,0.31,1,3625,7.838123952227056,Zood Khun
6573,0.000619019,74.35169447,36.78804378,False,-6.6,0.31,1,3657,8.188546831126667,Zood Khun
6574,0.00463783,74.34556217,36.78948513,False,-6.6,0.31,1,3667,8.103821865152467,Baba Ghundi Ziarat
6575,0.001103469,74.34618526,36.78897107,False,-6.6,0.31,1,3669,8.182990243024802,Baba Ghundi Ziarat
6576,0.000837992,74.34309008,36.78984674,False,-6.6,0.31,1,3665,7.909009915412688,Baba Ghundi Ziarat
6577,0.006497423,74.34401929,36.7890283,False,-6.6,0.31,1,3667,8.030974422964391,Baba Ghundi Ziarat
6578,0.007607239,74.34230674,36.78842125,False,-6.6,0.31,1,3663,7.95984190634145,Baba Ghundi Ziarat
6579,0.004947578,74.34645118,36.78745058,False,-6.6,0.31,1,3667,8.309606757804984,Baba Ghundi Ziarat
6580,0.005716301,74.34477743,36.78605997,False,-6.6,0.31,1,3666,8.298693633728707,Baba Ghundi Ziarat
6581,0.000731488,74.34958201,36.78584995,False,-6.6,0.31,1,3657,8.4814371803313,Zood Khun
6582,0.000611439,74.34609712,36.78318246,False,-6.6,0.31,1,3704,8.600998136944343,Baba Ghundi Ziarat
6583,0.000727585,74.33951785,36.78513469,False,-6.6,0.31,0,3699,8.027339084756814,Baba Ghundi Ziarat
6584,0.000733848,74.33639329,36.78435601,False,-6.6,0.31,0,3712,7.8939516456961405,Baba Ghundi Ziarat
6585,0.004229149,74.3358219,36.78310106,False,-6.6,0.31,0,3730,7.961050848255582,Baba Ghundi Ziarat
6586,0.000456393,74.34244808,36.78136374,False,-6.6,0.31,0,3723,8.508251234886973,Baba Ghundi Ziarat
6587,0.001820988,74.33630992,36.78004798,False,-6.6,0.31,0,3739,8.242633306528473,Baba Ghundi Ziarat
6588,0.000387606,74.33738878,36.77939589,False,-6.6,0.31,0,3747,8.360539005131509,Baba Ghundi Ziarat
6589,0.000325557,74.33700702,36.77916212,False,-6.6,0.31,0,3750,8.357645356245667,Baba Ghundi Ziarat
6590,0.000560099,74.34563142,36.77882918,False,-6.6,0.31,0,3717,8.907994011862376,Baba Ghundi Ziarat
6591,0.000101603,74.33645626,36.78096476,False,-6.6,0.31,0,3738,8.17495290680184,Baba Ghundi Ziarat
6592,0.000250705,74.34259283,36.77915433,False,-6.6,0.31,0,3714,8.693566616827088,Baba Ghundi Ziarat
6593,0.004639058,74.34215079,36.77683048,False,-6.6,0.31,0,3737,8.85598060013893,Baba Ghundi Ziarat
6594,0.000287805,74.34275574,36.77682662,False,-6.6,0.31,0,3737,8.892617012999397,Baba Ghundi Ziarat
6595,0.000201161,74.33632921,36.77787118,False,-6.6,0.31,0,3756,8.427220964411315,Baba Ghundi Ziarat
6596,0.000470792,74.33527018,36.77831051,False,-6.6,0.31,0,3731,8.329142386832544,Baba Ghundi Ziarat
6597,0.000453284,74.33493653,36.77859009,False,-6.6,0.31,0,3733,8.286232225004307,Baba Ghundi Ziarat
6598,0.000558189,74.33482854,36.77821657,False,-6.6,0.31,0,3732,8.312006799106078,Baba Ghundi Ziarat
6599,0.000923799,74.33166568,36.77894215,False,-6.6,0.31,0,3746,8.07184228628347,Baba Ghundi Ziarat
6600,0.000265523,74.33148404,36.78015864,False,-6.6,0.31,0,3711,7.956199499476322,Baba Ghundi Ziarat
6601,0.00066081,74.3345167,36.77971293,False,-6.6,0.31,0,3728,8.166608834249148,Baba Ghundi Ziarat
6602,0.000230249,74.33465269,36.779118,False,-6.6,0.31,0,3730,8.224997715465468,Baba Ghundi Ziarat
6603,7.83e-05,74.33776497,36.77858901,False,-6.6,0.31,0,3748,8.450052654439057,Baba Ghundi Ziarat
6604,0.000671971,74.33413703,36.77713877,False,-6.6,0.31,0,3751,8.365908129412228,Baba Ghundi Ziarat
6605,0.002232441,74.33906292,36.77613324,False,-6.6,0.31,0,3754,8.73216947162581,Baba Ghundi Ziarat
6606,0.000486516,74.32908754,36.77759176,False,-6.6,0.31,0,3747,8.051172144385493,Baba Ghundi Ziarat
6607,0.001096106,74.32894968,36.77697937,False,-6.6,0.31,0,3747,8.098736352692349,Baba Ghundi Ziarat
6608,0.00014822,74.34538607,36.77594204,False,-6.6,0.31,0,3730,9.12404288485223,Baba Ghundi Ziarat
6609,0.000231352,74.34248738,36.77478605,False,-6.6,0.31,0,3744,9.04534218845018,Baba Ghundi Ziarat
6610,0.001988375,74.34286962,36.77360963,False,-6.6,0.31,0,3748,9.166153773056365,Baba Ghundi Ziarat
6611,0.000286501,74.3351727,36.77484275,False,-6.6,0.31,0,3761,8.623129533634678,Baba Ghundi Ziarat
6612,0.001982701,74.33695546,36.7730335,False,-6.6,0.31,0,3759,8.879422487987052,Baba Ghundi Ziarat
6613,0.001474005,74.33851063,36.77174131,False,-6.6,0.31,0,3754,9.078025511987644,Baba Ghundi Ziarat
6614,0.000262219,74.33074817,36.77658646,False,-6.6,0.31,0,3752,8.229200637194868,Baba Ghundi Ziarat
6615,0.000275312,74.33248212,36.775678,False,-6.6,0.31,0,3748,8.4029356803583,Baba Ghundi Ziarat
6616,0.000302558,74.332514,36.77429755,False,-6.6,0.31,0,3765,8.527209304291631,Baba Ghundi Ziarat
6617,0.000141436,74.33117959,36.77464692,False,-6.6,0.31,0,3757,8.42532559327789,Baba Ghundi Ziarat
6618,0.000490641,74.32798244,36.77538531,False,-6.6,0.31,0,3752,8.19281925844908,Baba Ghundi Ziarat
6619,0.003468399,74.33389541,36.77319774,False,-6.6,0.31,0,3763,8.698834943939524,Baba Ghundi Ziarat
6620,0.000196845,74.33391999,36.7723069,False,-6.6,0.31,0,3784,8.77957423134658,Baba Ghundi Ziarat
6621,0.002677089,74.33427803,36.7716723,False,-6.6,0.31,0,3774,8.855281400111993,Baba Ghundi Ziarat
6622,0.026902621,74.33565693,36.76965521,False,-6.6,0.31,0,3764,9.108761660603784,Baba Ghundi Ziarat
6623,0.00027633,74.32863287,36.77468415,False,-6.6,0.31,0,3761,8.289911279430473,Baba Ghundi Ziarat
6624,0.000266226,74.32869379,36.774144,False,-6.6,0.31,0,3762,8.34228963210448,Baba Ghundi Ziarat
6625,0.000443636,74.33143615,36.77373876,False,-6.6,0.31,0,3762,8.520394201494577,Baba Ghundi Ziarat
6626,0.000636763,74.32611704,36.77252061,False,-6.6,0.31,0,3784,8.364761584272449,Baba Ghundi Ziarat
6627,0.001764987,74.33006607,36.76977761,False,-6.6,0.31,0,3800,8.812591846442421,Baba Ghundi Ziarat
6628,0.001556339,74.333689,36.76858621,False,-6.6,0.31,0,3760,9.103685975177747,Baba Ghundi Ziarat
6629,0.00258517,74.33383476,36.76938487,False,-6.6,0.31,0,3766,9.03843361965994,Baba Ghundi Ziarat
6630,0.000588787,74.33859239,36.76858633,False,-6.6,0.31,0,3766,9.3601088554331,Baba Ghundi Ziarat
6631,0.000134514,74.3364684,36.76776255,False,-6.6,0.31,0,3769,9.321534628923931,Baba Ghundi Ziarat
6632,0.0015112,74.3356699,36.76661427,False,-6.6,0.31,0,3773,9.384477758410455,Baba Ghundi Ziarat
6633,0.000467022,74.32406835,36.77090604,False,-6.6,0.31,0,3787,8.420657698732184,Baba Ghundi Ziarat
6634,0.000249085,74.32422918,36.77117102,False,-6.6,0.31,0,3788,8.402858628573096,Baba Ghundi Ziarat
6635,0.000562816,74.32518958,36.77080289,False,-6.6,0.31,0,3789,8.482397255920933,Baba Ghundi Ziarat
6636,0.000522094,74.32704207,36.77059338,False,-6.6,0.31,0,3782,8.589674053116383,Baba Ghundi Ziarat
6637,0.000364849,74.32957131,36.76921147,False,-6.6,0.31,0,3801,8.840899897381949,Baba Ghundi Ziarat
6638,0.001657649,74.32924917,36.76887747,False,-6.6,0.31,0,3797,8.85640768182116,Baba Ghundi Ziarat
6639,0.000920454,74.33337034,36.76766177,False,-6.6,0.31,0,3771,9.172190753446129,Baba Ghundi Ziarat
6640,0.000657409,74.33374221,36.76678704,False,-6.6,0.31,0,3788,9.271231103581044,Baba Ghundi Ziarat
6641,0.000566655,74.33414786,36.76670841,False,-6.6,0.31,0,3797,9.29879177545239,Baba Ghundi Ziarat
6642,0.000323992,74.33467765,36.76555847,False,-6.6,0.31,0,3789,9.431062981869132,Baba Ghundi Ziarat
6643,7.99e-05,74.33477633,36.76577395,False,-6.6,0.31,0,3790,9.416180268050628,Baba Ghundi Ziarat
6644,0.005884442,74.3324885,36.76522653,False,-6.6,0.31,0,3786,9.35400996658644,Baba Ghundi Ziarat
6645,0.000956467,74.33271114,36.7656585,False,-6.6,0.31,0,3794,9.324629394662898,Baba Ghundi Ziarat
6646,0.000523043,74.32483639,36.7694027,False,-6.6,0.31,0,3794,8.599189811597594,Baba Ghundi Ziarat
6647,0.002647001,74.33090536,36.76643428,False,-6.6,0.31,0,3784,9.164681233972097,Baba Ghundi Ziarat
6648,0.000454946,74.33040158,36.76557426,False,-6.6,0.31,0,3797,9.22130792540147,Baba Ghundi Ziarat
6649,0.000581097,74.33016298,36.76481598,False,-6.6,0.31,0,3813,9.281578309357505,Baba Ghundi Ziarat
6650,0.000591153,74.32981908,36.76441933,False,-6.6,0.31,0,3810,9.303067780701259,Baba Ghundi Ziarat
6651,0.003179585,74.32435017,36.76694019,False,-6.6,0.31,0,3798,8.813738092394455,Baba Ghundi Ziarat
6652,0.003513402,74.32287456,36.76818494,False,-6.6,0.31,0,3799,8.628483022089373,Baba Ghundi Ziarat
6653,0.008734249,74.32155618,36.76767653,False,-6.6,0.31,0,3785,8.620999378795384,Baba Ghundi Ziarat
6654,0.001598212,74.32282728,36.7675439,False,-6.6,0.31,0,3796,8.68858228933715,Baba Ghundi Ziarat
6655,0.000638833,74.32415028,36.76600419,False,-6.6,0.31,0,3801,8.895538907215858,Baba Ghundi Ziarat
6656,0.000342455,74.32993538,36.7634,False,-6.6,0.31,0,3796,9.405277728170349,Baba Ghundi Ziarat
6657,0.000764549,74.32125275,36.76465288,False,-6.6,0.31,0,3812,8.90527283751292,Baba Ghundi Ziarat
6658,0.000712449,74.32104286,36.76388469,False,-6.6,0.31,0,3813,8.972699307443847,Baba Ghundi Ziarat
6659,0.00248598,74.32114625,36.76330982,False,-6.6,0.31,0,3815,9.033851994697477,Baba Ghundi Ziarat
6660,0.000327037,74.32916457,36.76023544,False,-6.6,0.31,0,3802,9.67381919748812,Baba Ghundi Ziarat
6661,0.000715028,74.32748708,36.75907877,False,-6.6,0.31,0,3810,9.713277576923891,Baba Ghundi Ziarat
6662,0.001529419,74.32586615,36.75861378,False,-6.6,0.31,0,3821,9.690725266399577,Baba Ghundi Ziarat
6663,0.000319011,74.32232768,36.75952745,False,-6.6,0.31,0,3834,9.457049025434818,Baba Ghundi Ziarat
6664,0.000678884,74.32091049,36.76124024,False,-6.6,0.31,0,3831,9.230415035083864,Baba Ghundi Ziarat
6665,0.001367714,74.32143012,36.76109492,False,-6.6,0.31,0,3830,9.265371463420253,Baba Ghundi Ziarat
6666,0.000894319,74.32483866,36.75956835,False,-6.6,0.31,0,3833,9.554245794496953,Baba Ghundi Ziarat
6667,0.001796844,74.31917923,36.75897016,False,-6.6,0.31,0,3840,9.392440703158977,Baba Ghundi Ziarat
6668,0.000527804,74.32388101,36.75650664,False,-6.6,0.31,0,3847,9.819519053833005,Baba Ghundi Ziarat
6669,0.000436227,74.32181964,36.75899908,False,-6.6,0.31,0,3841,9.48989390857091,Baba Ghundi Ziarat
6670,0.001097553,74.31745755,36.75758208,False,-6.6,0.31,0,3863,9.471099679844091,Baba Ghundi Ziarat
6671,0.000505615,74.318974,36.75712407,False,-6.6,0.31,0,3855,9.572008019693078,Baba Ghundi Ziarat
6672,0.007312477,74.31677653,36.7557859,False,-6.6,0.31,0,3865,9.63130923510288,Baba Ghundi Ziarat
6673,0.002685165,74.31777588,36.75570638,False,-6.6,0.31,0,3862,9.673968795597686,Baba Ghundi Ziarat
6674,0.008088597,74.31418604,36.75477669,False,-6.6,0.31,0,3880,9.649744149009665,Baba Ghundi Ziarat
6675,0.000804233,74.32180967,36.75081541,False,-6.6,0.31,0,3896,10.315756064365468,Baba Ghundi Ziarat
6676,0.000256219,74.32244563,36.75020118,False,-6.6,0.31,0,3894,10.401094448653597,Baba Ghundi Ziarat
6677,0.001026607,74.32078282,36.74983925,False,-2.9,0.49,0,3890,10.379174583916875,Baba Ghundi Ziarat
6678,0.000890003,74.31471324,36.75290194,False,-6.6,0.31,0,3877,9.86121361509546,Baba Ghundi Ziarat
6679,0.000473326,74.31172072,36.75320088,False,-6.6,0.31,0,3889,9.738055336214634,Baba Ghundi Ziarat
6680,0.000827986,74.31059334,36.75063087,False,-6.6,0.31,0,3898,9.97579132181318,Baba Ghundi Ziarat
6681,0.000428372,74.31215141,36.7501755,False,-6.6,0.31,0,3909,10.068292328904114,Baba Ghundi Ziarat
6682,0.000984756,74.31553236,36.74624917,False,-2.9,0.49,0,3905,10.580231700832575,Baba Ghundi Ziarat
6683,0.000710988,74.30849612,36.74694274,False,-2.9,0.49,0,3932,10.310575643523999,Baba Ghundi Ziarat
6684,0.001063709,74.3056141,36.74506025,False,-2.9,0.49,0,3945,10.441849882158536,Baba Ghundi Ziarat
6685,0.002961533,74.30361324,36.74408482,False,-2.9,0.49,0,3938,10.502363258576233,Baba Ghundi Ziarat
6686,0.000512984,74.3033792,36.74625625,False,-2.9,0.49,0,3934,10.26305126439996,Baba Ghundi Ziarat
6687,0.000876415,74.3034211,36.74681341,False,-2.9,0.49,0,3934,10.20389937301464,Baba Ghundi Ziarat
6688,0.000629315,74.30995988,36.74148778,False,-2.9,0.49,0,3937,10.92916019265012,Baba Ghundi Ziarat
6689,0.00045575,74.31114633,36.74134372,False,-2.9,0.49,0,3957,10.974844812677,Baba Ghundi Ziarat
6690,0.000897309,74.31028053,36.73918343,False,-2.9,0.49,0,3947,11.18310561557785,Baba Ghundi Ziarat
6691,0.001170786,74.30981151,36.73920641,False,-2.9,0.49,0,3958,11.169065618488235,Baba Ghundi Ziarat
6692,0.00096475,74.30917741,36.7393117,False,-2.9,0.49,0,3961,11.14236131914218,Baba Ghundi Ziarat
6693,0.001933506,74.30844409,36.73847106,False,-2.9,0.49,0,3978,11.21496794556666,Baba Ghundi Ziarat
6694,0.000447836,74.30788078,36.74079465,False,-2.9,0.49,0,3942,10.952519261333327,Baba Ghundi Ziarat
6695,0.001967704,74.29947056,36.74276361,False,-2.9,0.49,0,3965,10.563530319273324,Baba Ghundi Ziarat
6696,0.008257195,74.2972057,36.74295425,False,-2.9,0.49,0,3986,10.503350597098468,Baba Ghundi Ziarat
6697,0.000996262,74.29747885,36.74112221,False,-2.9,0.49,0,3972,10.708043368188418,Baba Ghundi Ziarat
6698,0.000414823,74.2958117,36.73877657,False,-2.9,0.49,0,3988,10.938631476862515,Baba Ghundi Ziarat
6699,0.000440263,74.30096818,36.74085977,False,-2.9,0.49,0,3979,10.798367137318102,Baba Ghundi Ziarat
6700,0.000306272,74.30762947,36.73775703,False,-2.9,0.49,0,3984,11.272795574158165,Baba Ghundi Ziarat
6701,0.000438334,74.30422794,36.73836616,False,-2.9,0.49,0,3989,11.133209070952066,Baba Ghundi Ziarat
6702,0.000854852,74.30673033,36.73910456,False,-2.9,0.49,0,3960,11.107518501681117,Baba Ghundi Ziarat
6703,0.000382198,74.3054257,36.73715908,False,-2.9,0.49,0,3976,11.288745262055883,Baba Ghundi Ziarat
6704,0.00048124,74.3044492,36.73645578,False,-2.9,0.49,0,3975,11.344459480201447,Baba Ghundi Ziarat
6705,0.000276205,74.307238,36.73462629,False,-2.9,0.49,0,3979,11.601069512059913,Baba Ghundi Ziarat
6706,0.006159372,74.30504414,36.73234501,False,-2.9,0.49,0,3994,11.801660851441982,Baba Ghundi Ziarat
6707,0.000549317,74.30723838,36.7325963,False,-2.9,0.49,0,3989,11.820024324411726,Baba Ghundi Ziarat
6708,0.000393669,74.30076641,36.73656785,False,-2.9,0.49,0,3983,11.261564722126655,Baba Ghundi Ziarat
6709,0.00066101,74.30025105,36.73638975,False,-2.9,0.49,0,3998,11.271802018220463,Baba Ghundi Ziarat
6710,0.000374489,74.30028596,36.73605379,False,-2.9,0.49,0,4000,11.309038447084733,Baba Ghundi Ziarat
6711,0.000529644,74.29928973,36.73488391,False,-2.9,0.49,0,4008,11.419625541349896,Baba Ghundi Ziarat
6712,0.00039987,74.29905515,36.7345844,False,-2.9,0.49,0,4012,11.448451823137539,Baba Ghundi Ziarat
6713,0.001825371,74.29675075,36.73158207,False,-2.9,0.49,0,4012,11.74145568674706,Baba Ghundi Ziarat
6714,0.000641505,74.29969146,36.73307719,False,-2.9,0.49,0,4005,11.623673469120877,Baba Ghundi Ziarat
6715,0.000491016,74.29810003,36.73249696,False,-2.9,0.49,0,4002,11.661477814800888,Baba Ghundi Ziarat
6716,0.000869229,74.292862,36.73542712,False,-2.9,0.49,0,4005,11.266399219871253,Baba Ghundi Ziarat
6717,0.001701109,74.29556016,36.73049622,False,-2.9,0.49,0,4024,11.84393023519815,Baba Ghundi Ziarat
6718,0.003034968,74.29933163,36.72743213,False,-2.9,0.49,0,4019,12.23517700716687,Baba Ghundi Ziarat
6719,0.000815239,74.29289964,36.72613671,False,-2.9,0.49,0,4032,12.29065392130532,Baba Ghundi Ziarat
6720,0.0007649,74.28341333,36.72518861,False,-2.9,0.49,0,4070,12.316538810661228,Baba Ghundi Ziarat
6721,0.000575186,74.27877261,36.7260911,False,-2.9,0.49,0,4113,12.198703301823336,Baba Ghundi Ziarat
6722,0.000521999,74.2936462,36.72309456,False,-2.9,0.49,0,4067,12.634677828842777,Baba Ghundi Ziarat
6723,0.001717485,74.30325101,36.71649672,False,-2.9,0.49,0,4110,13.494173887662887,Baba Ghundi Ziarat
6724,0.000908743,74.2945591,36.71156974,False,-2.9,0.49,0,4101,13.916173506225315,Baba Ghundi Ziarat
6725,0.000153812,74.29253605,36.70924364,False,-2.9,0.49,0,4126,14.15212622072274,Baba Ghundi Ziarat
6726,0.000798388,74.29488798,36.70734362,False,-2.9,0.49,0,4133,14.38614689663483,Baba Ghundi Ziarat
6727,0.000414625,74.29320766,36.70733002,False,-2.9,0.49,0,4136,14.370207308957857,Baba Ghundi Ziarat
6728,0.00039511,74.29338291,36.70827407,False,-2.9,0.49,0,4135,14.267650657999626,Baba Ghundi Ziarat
6729,0.006355667,74.24890398,36.766228,False,-6.6,0.31,0,4947,8.07926847665441,Baba Ghundi Ziarat
6730,0.003397828,74.26633647,36.79603392,False,-6.6,0.31,0,4371,4.487827871469559,Baba Ghundi Ziarat
6731,0.001557174,74.20741492,36.80253181,False,-6.6,0.31,1,4142,7.078006088311917,Baba Ghundi Ziarat
6732,0.005390247,74.38099636,36.78607543,False,-6.6,0.31,1,3731,6.3616777966703655,Zood Khun
6733,0.000907229,74.37862924,36.78484868,False,-6.6,0.31,1,3726,6.603412667470539,Zood Khun
6734,0.000596771,74.38124706,36.78223179,False,-6.6,0.31,1,3754,6.675692216556709,Zood Khun
6735,0.000266603,74.37726379,36.78575865,False,-6.6,0.31,1,3711,6.610654357381518,Zood Khun
6736,0.000349215,74.38277474,36.78452886,False,-6.6,0.31,1,3755,6.391365376220528,Zood Khun
6737,0.001939818,74.38624724,36.77711178,False,-6.6,0.31,0,3809,6.879445216636912,Zood Khun
6738,0.001084889,74.389911,36.77776213,False,-6.6,0.31,0,3832,6.6465405947174485,Zood Khun
6739,0.001659011,74.39074255,36.77691351,False,-6.6,0.31,0,3838,6.6908872229427905,Zood Khun
6740,0.000222565,74.39098243,36.7798861,False,-6.6,0.31,0,3835,6.3948329041890695,Zood Khun
6741,0.000906956,74.39239139,36.77850957,False,-6.6,0.31,0,3840,6.464091406674198,Zood Khun
6742,0.00064705,74.39331268,36.77867797,False,-6.6,0.31,0,3845,6.4078571791313665,Zood Khun
6743,0.000200183,74.39210426,36.77784044,False,-6.6,0.31,0,3834,6.541494923068342,Zood Khun
6744,0.000408487,74.39234641,36.77793303,False,-6.6,0.31,0,3840,6.521995026254648,Zood Khun
6745,0.000328065,74.39471508,36.7794246,False,-6.6,0.31,0,3845,6.275328258710067,Zood Khun
6746,0.000215589,74.39494257,36.77874134,False,-6.6,0.31,0,3845,6.3329782923871,Zood Khun
6747,0.000796388,74.3953984,36.77844315,False,-6.6,0.31,0,3851,6.3436968809857435,Zood Khun
6748,0.000886952,74.39590106,36.77833508,False,-6.6,0.31,0,3857,6.334076569165179,Zood Khun
6749,0.005779916,74.39553747,36.77740616,False,-6.6,0.31,0,3850,6.4408978716617575,Zood Khun
6750,0.000369373,74.39580182,36.77673746,False,-6.6,0.31,0,3868,6.497029580915313,Zood Khun
6751,0.000436525,74.3947023,36.77584314,False,-6.6,0.31,0,3845,6.629609519857678,Zood Khun
6752,0.003949216,74.39369678,36.77495561,False,-6.6,0.31,0,3858,6.758012320961321,Zood Khun
6753,0.002888448,74.39789326,36.77461623,False,-6.6,0.31,0,3875,6.632147024681289,Zood Khun
6754,0.000289417,74.39656506,36.7751527,False,-6.6,0.31,0,3860,6.6266720890327315,Zood Khun
6755,0.000421182,74.39868011,36.77520348,False,-6.6,0.31,0,3878,6.5442151412702305,Zood Khun
6756,0.002669021,74.39941404,36.77564388,False,-6.6,0.31,0,3875,6.473374164041001,Zood Khun
6757,0.000458518,74.40046763,36.77517762,False,-6.6,0.31,0,3882,6.485062441307094,Zood Khun
6758,0.000271334,74.39627138,36.77272916,False,-6.6,0.31,0,3870,6.882609942488798,Zood Khun
6759,0.000126764,74.3964922,36.77218853,False,-6.6,0.31,0,3871,6.929500526926747,Zood Khun
6760,0.000591633,74.39666863,36.77202257,False,-6.6,0.31,0,3875,6.940054417594621,Zood Khun
6761,0.000407044,74.39660333,36.771536,False,-6.6,0.31,0,3876,6.991957928309567,Zood Khun
6762,0.002293166,74.39832323,36.77191616,False,-6.6,0.31,0,3890,6.893111811817919,Zood Khun
6763,0.000406643,74.39886054,36.7764521,False,-6.6,0.31,0,3877,6.410603959795138,Zood Khun
6764,0.000370575,74.39822235,36.77672911,False,-6.6,0.31,0,3876,6.405742385165988,Zood Khun
6765,0.000383373,74.39849097,36.77701368,False,-6.6,0.31,0,3870,6.367044090698766,Zood Khun
6766,0.000346196,74.397342,36.77707563,False,-6.6,0.31,0,3859,6.40368240224135,Zood Khun
6767,0.000611541,74.40172376,36.77723603,False,-6.6,0.31,0,3881,6.230899250178931,Zood Khun
6768,0.000533273,74.40157878,36.77581766,False,-6.6,0.31,0,3885,6.3821143038552925,Zood Khun
6769,0.000797963,74.4035785,36.77567677,False,-6.6,0.31,0,3903,6.333401609609436,Zood Khun
6770,0.00069532,74.40499932,36.77472059,False,-6.6,0.31,0,3907,6.391751859394991,Zood Khun
6771,0.001427442,74.40338223,36.77381814,False,-6.6,0.31,0,3902,6.5337562563549625,Zood Khun
6772,0.000773017,74.4030533,36.77311722,False,-6.6,0.31,0,3918,6.617006548685994,Zood Khun
6773,0.000515817,74.40281594,36.77283252,False,-6.6,0.31,0,3922,6.653927145700163,Zood Khun
6774,0.00117117,74.40142036,36.77380159,False,-6.6,0.31,0,3904,6.596096103607009,Zood Khun
6775,0.000421459,74.4036972,36.77195514,False,-6.6,0.31,0,3922,6.7202102933273915,Zood Khun
6776,0.00040245,74.40276323,36.77129804,False,-6.6,0.31,0,3932,6.816378251074379,Zood Khun
6777,0.000805276,74.40340069,36.77077114,False,-6.6,0.31,0,3932,6.85338464053413,Zood Khun
6778,0.002290999,74.40733835,36.76736103,False,-6.6,0.31,0,3966,7.115184847161908,Zood Khun
6779,0.000357813,74.40529607,36.76689821,False,-6.6,0.31,0,3967,7.213718325635217,Zood Khun
6780,0.000598913,74.41090601,36.7670543,False,-6.6,0.31,0,3964,7.073097555888288,Zood Khun
6781,0.000933623,74.41297992,36.76782516,False,-6.6,0.31,0,3954,6.951564059911292,Zood Khun
6782,0.001814043,74.40549435,36.76475325,False,-6.6,0.31,0,3978,7.4382151937355285,Zood Khun
6783,0.000845118,74.40640506,36.76454962,False,-6.6,0.31,0,3971,7.438664385154166,Zood Khun
6784,0.001008767,74.40458342,36.7639676,False,-6.6,0.31,0,3982,7.544389133465607,Zood Khun
6785,0.00109562,74.40386081,36.76317668,False,-6.6,0.31,0,3978,7.6467817756873,Zood Khun
6786,0.000273722,74.4022269,36.76600578,False,-6.6,0.31,0,3950,7.389247968492225,Zood Khun
6787,0.001118584,74.40192879,36.76430282,False,-6.6,0.31,0,3958,7.577576053116946,Zood Khun
6788,0.000214004,74.40215863,36.76357759,False,-6.6,0.31,0,3960,7.6482086491474535,Zood Khun
6789,0.000374467,74.40230459,36.76335893,False,-6.6,0.31,0,3963,7.667515441777203,Zood Khun
6790,0.001408899,74.40449118,36.76208365,False,-6.6,0.31,0,3984,7.748161264380861,Zood Khun
6791,0.000881684,74.40797244,36.7608951,False,-6.6,0.31,0,3996,7.798876779155423,Zood Khun
6792,0.005471586,74.41352993,36.76237386,False,-6.6,0.31,0,3990,7.5388075191048625,Zood Khun
6793,0.000537783,74.4123854,36.76131589,False,-6.6,0.31,0,3991,7.672545275600144,Zood Khun
6794,0.001375796,74.41205914,36.76010411,False,-6.6,0.31,0,3996,7.810325202566381,Zood Khun
6795,0.000743251,74.41429367,36.75886887,False,-6.6,0.31,0,3999,7.912339346862541,Zood Khun
6796,0.000467451,74.40724307,36.75880765,False,-6.6,0.31,0,4006,8.039702248152201,Zood Khun
6797,0.001439576,74.40696128,36.75749776,False,-6.6,0.31,0,4015,8.187232533171693,Zood Khun
6798,0.000494822,74.40820712,36.75681987,False,-6.6,0.31,0,4021,8.236197730107804,Zood Khun
6799,0.00115442,74.40551484,36.75545052,False,-6.6,0.31,0,4032,8.438621804825821,Zood Khun
6800,0.000324651,74.40382945,36.75641282,False,-6.6,0.31,0,4016,8.372006457133054,Zood Khun
6801,0.00060161,74.40343649,36.75562794,False,-6.6,0.31,0,4021,8.465352418464068,Zood Khun
6802,0.001353917,74.41566333,36.75198116,False,-6.6,0.31,0,4053,8.653567864148524,Zood Khun
6803,0.000521106,74.40883236,36.74771223,False,-2.9,0.49,0,4103,9.217588109547625,Zood Khun
6804,0.000686131,74.41484675,36.74479545,False,-2.9,0.49,0,4108,9.455404512448684,Zood Khun
6805,0.000948605,74.41442124,36.73857813,False,-2.9,0.49,0,4163,10.146232802419142,Zood Khun
6806,0.019551959,74.41334559,36.73516716,False,-2.9,0.49,0,4170,10.534345399984835,Zood Khun
6807,0.000894412,74.41250696,36.73408848,False,-2.9,0.49,0,4157,10.662777623933483,Zood Khun
6808,0.001602325,74.42017074,36.73486977,False,-2.9,0.49,0,4170,10.509478211169647,Zood Khun
6809,0.000669112,74.41116007,36.73487699,False,-2.9,0.49,0,4156,10.592145026895368,Zood Khun
6810,0.000646213,74.41206019,36.73487059,False,-2.9,0.49,0,4154,10.58180605928176,Zood Khun
6811,0.000541821,74.41138964,36.73416589,False,-2.9,0.49,0,4161,10.667574919478698,Zood Khun
6812,0.000338225,74.41213888,36.73573059,False,-2.9,0.49,0,4163,10.486102643467856,Zood Khun
6813,0.000690542,74.42105638,36.73303509,False,-2.9,0.49,0,4177,10.708210181992992,Zood Khun
6814,0.000752244,74.42126038,36.7327832,False,-2.9,0.49,0,4180,10.735143415882563,Zood Khun
6815,0.001837187,74.42302568,36.73331165,False,-2.9,0.49,0,4187,10.668807030703444,Zood Khun
6816,0.000739037,74.41670927,36.73094077,False,-2.9,0.49,0,4189,10.969365737164244,Zood Khun
6817,0.000413301,74.42206154,36.72977721,False,-2.9,0.49,0,4188,11.065256979936082,Zood Khun
6818,0.007816796,74.41864859,36.72634988,False,-2.9,0.49,0,4221,11.463978196705462,Zood Khun
6819,0.000805993,74.4193745,36.72547892,False,-2.9,0.49,0,4213,11.556100111577788,Zood Khun
6820,0.001513597,74.4164585,36.72205553,False,-2.9,0.49,0,4247,11.955453454181962,Zood Khun
6821,0.000434391,74.41726075,36.72415758,False,-2.9,0.49,0,4233,11.716553317145836,Zood Khun
6822,0.000586594,74.41546646,36.72521463,False,-2.9,0.49,0,4218,11.613663756802284,Zood Khun
6823,0.000389823,74.41507527,36.72579568,False,-2.9,0.49,0,4209,11.552769900636756,Zood Khun
6824,0.000551888,74.42554442,36.72101938,False,-2.9,0.49,0,4252,12.02845798976562,Zood Khun
6825,0.00052609,74.42479917,36.72020032,False,-2.9,0.49,0,4255,12.120891974737779,Zood Khun
6826,0.000541071,74.42575394,36.71979053,False,-2.9,0.49,0,4258,12.164758311048248,Zood Khun
6827,0.000230146,74.42478387,36.71941664,False,-2.9,0.49,0,4258,12.208041275339301,Zood Khun
6828,0.000228585,74.42589015,36.71824123,False,-2.9,0.49,0,4264,12.336820259710054,Zood Khun
6829,0.00144166,74.42370514,36.71588168,False,-2.9,0.49,0,4273,12.603548788348943,Zood Khun
6830,0.00060062,74.41887795,36.71433006,False,-2.9,0.49,0,4278,12.796058766233516,Zood Khun
6831,0.000676312,74.42238709,36.71380125,False,-2.9,0.49,0,4298,12.838803380801025,Zood Khun
6832,0.000339777,74.42218767,36.71200008,False,-2.9,0.49,0,4302,13.039627298197903,Zood Khun
6833,0.000898814,74.42203531,36.71061763,False,-2.9,0.49,0,4301,13.193767994117891,Zood Khun
6834,0.001658054,74.42652188,36.70899022,False,-2.9,0.49,0,4313,13.364708842950444,Zood Khun
6835,0.000495068,74.42679681,36.70700349,False,-2.9,0.49,0,4315,13.58539953228057,Zood Khun
6836,0.000340306,74.4259662,36.70754847,False,-2.9,0.49,0,4318,13.525584900756424,Zood Khun
6837,0.00072518,74.34075564,36.74478482,False,-2.9,0.49,0,4352,11.677919495362367,Baba Ghundi Ziarat
6838,0.003295275,74.20606762,36.82652472,False,-6.6,0.31,1,3651,6.241124301283534,Baba Ghundi Ziarat
6839,0.004666682,74.37225181,36.81815462,False,-6.6,0.31,1,3361,5.110153867146488,Zood Khun
6840,0.000337712,74.37100315,36.81774005,False,-6.6,0.31,1,3359,5.229153312501398,Zood Khun
6841,0.000720334,74.36983292,36.81764407,False,-6.6,0.31,1,3360,5.332808113467878,Zood Khun
6842,0.000246527,74.37013397,36.8170917,False,-6.6,0.31,1,3362,5.321994957915238,Zood Khun
6843,0.000613726,74.36841154,36.81686442,False,-6.6,0.31,1,3361,5.476748864628266,Zood Khun
6844,0.000252909,74.36860427,36.81752898,False,-6.6,0.31,1,3361,5.442060357821574,Zood Khun
6845,0.000476743,74.36885179,36.8177433,False,-6.6,0.31,1,3362,5.415012574282463,Zood Khun
6846,0.001172358,74.36880828,36.81821613,False,-6.6,0.31,1,3361,5.406668207551189,Zood Khun
6847,0.002578709,74.38510522,36.82545298,False,-6.6,0.31,1,3339,3.8391465812829813,Zood Khun
6848,0.000867078,74.38507224,36.82663827,False,-6.6,0.31,1,3343,3.830075392597638,Zood Khun
6849,0.000697949,74.38361551,36.82628511,False,-6.6,0.31,1,3344,3.9623920964721364,Zood Khun
6850,0.001094938,74.37254801,36.82176885,False,-6.6,0.31,1,3358,5.00280761227013,Zood Khun
6851,0.000338429,74.37457535,36.82002418,False,-6.6,0.31,1,3357,4.861842378590534,Zood Khun
6852,0.00139221,74.36526358,36.82150903,False,-6.6,0.31,1,3364,5.647637799547396,Zood Khun
6853,0.000666041,74.35361478,36.80641713,False,-6.6,0.31,1,3418,7.087606173344141,Zood Khun
6854,0.000303298,74.2935038,36.70957021,False,-2.9,0.49,0,4131,14.125698400204937,Baba Ghundi Ziarat
6855,0.001354608,74.4049081,36.82829741,False,-6.6,0.31,1,3318,2.056478292914812,Zood Khun
6856,0.00064637,74.40337709,36.82797882,False,-6.6,0.31,1,3322,2.1944684588009964,Zood Khun
6857,0.000787674,74.40227161,36.82867864,False,-6.6,0.31,1,3328,2.2894760247650825,Zood Khun
6858,0.000251763,74.41763787,36.82699047,False,-6.6,0.31,1,3284,0.9526877569200043,Zood Khun
6859,0.00055442,74.33980449,36.78465298,False,-6.6,0.31,0,3695,8.083131659214152,Baba Ghundi Ziarat
6860,0.000402716,74.32941021,36.77322855,False,-6.6,0.31,0,3767,8.462299252748306,Baba Ghundi Ziarat
6861,0.001835413,74.31938097,36.76344139,False,-6.6,0.31,0,3823,8.950679135788643,Baba Ghundi Ziarat
6862,0.002031116,74.32619045,36.76168323,False,-6.6,0.31,0,3822,9.403794476867427,Baba Ghundi Ziarat
6863,0.001633365,74.32939596,36.758922,False,-6.6,0.31,0,3805,9.811004000260962,Baba Ghundi Ziarat
6864,0.001815745,74.32057748,36.75340952,False,-6.6,0.31,0,3879,10.00751529454918,Baba Ghundi Ziarat
6865,0.000233445,74.3214696,36.75290905,False,-6.6,0.31,0,3884,10.090613571126461,Baba Ghundi Ziarat
6866,0.003759537,74.31178384,36.75234639,False,-6.6,0.31,0,3898,9.829543425045365,Baba Ghundi Ziarat
6867,0.000430422,74.31203546,36.75124414,False,-6.6,0.31,0,3901,9.95264038343952,Baba Ghundi Ziarat
6868,0.001848891,74.29895132,36.73395724,False,-2.9,0.49,0,4011,11.515290743863297,Baba Ghundi Ziarat
6869,0.00020878,74.28657752,36.72749392,False,-2.9,0.49,0,4031,12.080948352816666,Baba Ghundi Ziarat
6870,0.000353299,74.42692952,36.71527271,False,-2.9,0.49,0,4261,12.665840769166236,Zood Khun
6871,0.000201474,74.42697802,36.71479275,False,-2.9,0.49,0,4266,12.719177145834182,Zood Khun
6872,0.000230408,74.40268364,36.77515869,False,-6.6,0.31,0,3892,6.415089909341803,Zood Khun
6873,0.000557384,74.38585901,36.73766032,False,-2.9,0.49,0,4760,10.845698202463305,Zood Khun
6874,0.000467587,74.38380507,36.73181153,False,-2.9,0.49,0,4851,11.519352582166794,Zood Khun
6875,0.001216654,74.30332802,36.75076544,False,-6.6,0.31,0,3945,9.776410920089859,Baba Ghundi Ziarat
6876,0.000777391,74.27259828,36.74631217,False,-2.9,0.49,0,4700,9.94892905797389,Baba Ghundi Ziarat
6877,0.000744579,74.25991951,36.73294605,False,-2.9,0.49,0,4291,11.513484605676332,Baba Ghundi Ziarat
6878,0.030665578,73.92660368,36.28564734,False,-0.87,0.45,0,3447,9.721836354212483,Birgal / Kuchdeh
6879,0.297327356,73.95456962,36.26471716,True,-0.87,0.45,0,3706,13.07990932366272,Birgal / Kuchdeh
6880,0.067929687,73.89859304,36.26065613,False,-0.87,0.45,0,3771,9.184546307587722,Phamani
6881,0.002177611,73.89907898,36.24835075,False,1.01,0.65,0,4136,10.06285863707396,Phamani
6882,0.019872394,73.95337215,36.24022661,False,1.01,0.65,0,4079,12.891274599249693,Gurunjar
6883,0.000612172,74.05088776,36.38508012,False,-0.87,0.45,0,4029,10.342384766612883,Shamsabad
6884,0.000832046,74.05286054,36.38547622,False,-0.87,0.45,0,4033,10.419878894046176,Shamsabad
6885,0.001095024,74.05288814,36.38632602,False,-0.87,0.45,0,4046,10.348894049785207,Shamsabad
6886,0.000336748,74.05754175,36.38940217,False,-0.87,0.45,0,4092,10.368646066577957,Shamsabad
6887,0.003220129,74.06465562,36.44380105,False,-2.9,0.49,0,4530,7.856643665802922,Shamsabad
6888,0.007166261,74.09177738,36.55811024,False,-2.9,0.49,0,3224,3.2171978337604106,Bhurt
6889,0.009700113,74.14540083,36.65839335,False,-2.9,0.49,0,3749,8.803000901407511,Mahtramdan
6890,0.003836895,74.14964375,36.70106526,False,-2.9,0.49,0,4542,10.124779861079855,Mahtramdan
6891,0.006668516,74.14675304,36.69915634,False,-2.9,0.49,0,4425,9.801730941054501,Mahtramdan
6892,0.001993613,74.1268398,36.62916364,False,-2.9,0.49,1,3257,7.914262959149177,Bhurt
6893,0.029563699,74.24967124,36.52890265,False,-2.9,0.49,0,3567,16.19739915497851,Bar Nagar
6894,0.000610075,74.25526272,36.52669472,False,-2.9,0.49,0,3534,15.872290140062315,Bar Nagar
6895,0.00109647,74.25623503,36.5246672,False,-2.9,0.49,0,3528,15.636331974597336,Bar Nagar
6896,0.001493422,74.24148467,36.51131837,False,-2.9,0.49,0,3378,14.445569020913249,Bar Nagar
6897,0.001640967,74.23943719,36.51081742,False,-2.9,0.49,0,3369,14.439151118887134,Bar Nagar
6898,0.001216198,74.23923354,36.5086867,False,-2.9,0.49,0,3341,14.215776362498099,Bar Nagar
6899,0.009175746,74.23473976,36.49779985,False,-2.9,0.49,0,3258,13.178616839885928,Bar Nagar
6900,0.000962651,74.252857,36.47168274,False,-2.9,0.49,0,2980,9.925237881066515,Bar Nagar
6901,0.001682532,74.15688663,36.46494639,False,-2.9,0.49,0,4216,13.87125293323087,Badswat
6902,0.000413984,74.15638318,36.46573433,False,-2.9,0.49,0,4224,13.777831401317865,Badswat
6903,0.000223147,74.15815674,36.46562049,False,-2.9,0.49,0,4205,13.900637930923397,Badswat
6904,0.002035262,74.35856133,36.46833999,False,-2.9,0.49,0,3314,11.456539977336984,Bar Nagar
6905,0.003651813,74.3725522,36.46119632,False,-2.9,0.49,0,3487,11.659198844826806,Bar Nagar
6906,0.000501908,74.37185501,36.46611657,False,-2.9,0.49,0,3472,12.01767597408095,Bar Nagar
6907,0.001105856,74.3728417,36.4660468,False,-2.9,0.49,0,3468,12.071006579621637,Bar Nagar
6908,0.000399391,74.3769167,36.46479011,False,-2.9,0.49,0,3505,12.217779109510708,Bar Nagar
6909,0.000882303,74.3828013,36.46053969,False,-2.9,0.49,0,3565,12.262818889506786,Bar Nagar
6910,0.001257043,74.38247962,36.46266247,False,-2.9,0.49,0,3550,12.403484405843702,Bar Nagar
6911,0.000331312,74.39339606,36.46119197,False,-2.9,0.49,0,3623,13.021025760403388,Bar Nagar
6912,0.000222706,74.39227706,36.46068742,False,-2.9,0.49,0,3635,12.908384072348584,Bar Nagar
6913,0.001227471,74.39676902,36.45862241,False,-2.9,0.49,0,3647,13.073778216660088,Bar Nagar
6914,0.00390997,74.39694903,36.45587246,False,-2.9,0.49,0,3659,12.89908038980569,Bar Nagar
6915,0.00040486,74.39894011,36.45658281,False,-2.9,0.49,0,3666,13.08871934849677,Bar Nagar
6916,0.002083461,74.40063299,36.4546187,False,-2.9,0.49,0,3696,13.080683039867841,Bar Nagar
6917,0.000870906,74.40503812,36.45530955,False,-2.9,0.49,0,3720,13.445982337230067,Bar Nagar
6918,0.000400012,74.40970276,36.45575693,False,-2.9,0.49,0,3766,13.817142676293383,Bar Nagar
6919,1.74e-05,74.40892893,36.45654403,False,-2.9,0.49,0,3785,13.809799216831697,Bar Nagar
6920,3.55e-05,74.41012174,36.45629383,False,-2.9,0.49,0,3784,13.881784340498129,Bar Nagar
6921,0.000474499,74.41803113,36.46056519,False,-2.9,0.49,0,3861,14.733764771262859,Bar Nagar
6922,0.000543373,74.41970611,36.45913187,False,-2.9,0.49,0,3855,14.768868615912988,Bar Nagar
6923,0.000317179,74.41663263,36.46008369,False,-2.9,0.49,0,3849,14.60034887907578,Bar Nagar
6924,0.000384997,74.40120162,36.45116427,False,-2.9,0.49,0,3704,12.901260179096623,Bar Nagar
6925,0.000735161,74.39338787,36.45548875,False,-2.9,0.49,0,3631,12.620717000421608,Bar Nagar
6926,0.000349218,74.39192271,36.45791872,False,-2.9,0.49,0,3632,12.68704324721579,Bar Nagar
6927,0.000606964,74.3928896,36.45739982,False,-2.9,0.49,0,3635,12.717812820269431,Bar Nagar
6928,0.000694948,74.383581,36.45484619,False,-2.9,0.49,0,3581,11.895139986886242,Bar Nagar
6929,0.000191406,74.35663909,36.49005186,False,-2.9,0.49,0,3762,13.385336605216164,Bar Nagar
6930,0.000232925,74.35701573,36.48954113,False,-2.9,0.49,0,3754,13.352951933566798,Bar Nagar
6931,0.001450191,74.35956439,36.50508469,False,-2.9,0.49,0,3929,14.977622043290273,Bar Nagar
6932,0.000727259,74.35756861,36.50626799,False,-2.9,0.49,0,3941,15.013465537567283,Bar Nagar
6933,0.000677313,74.35605606,36.50488014,False,-2.9,0.49,0,3932,14.814955251031947,Bar Nagar
6934,0.000115404,74.35660855,36.50502354,False,-2.9,0.49,0,3932,14.851298420706733,Bar Nagar
6935,0.001292656,74.35858548,36.50702104,False,-2.9,0.49,0,3940,15.129163398488995,Bar Nagar
6936,0.000184164,74.35775534,36.50664716,False,-2.9,0.49,0,3943,15.05863184190642,Bar Nagar
6937,0.000755263,74.36059676,36.50792638,False,-2.9,0.49,0,3949,15.300611955316983,Bar Nagar
6938,0.000417007,74.35911885,36.50941693,False,-2.9,0.49,0,3959,15.388573467461882,Bar Nagar
6939,0.000335975,74.35995029,36.51157712,False,-2.9,0.49,0,3994,15.636701583909845,Bar Nagar
6940,0.00035872,74.37129613,36.5278358,False,-2.9,0.49,0,4123,17.707191431902523,Bar Nagar
6941,0.000298329,74.3696862,36.52721932,False,-2.9,0.49,0,4115,17.58148891410082,Bar Nagar
6942,0.000277124,74.37190461,36.52657893,False,-2.9,0.49,0,4121,17.6072310530614,Bar Nagar
6943,0.000222009,74.36897279,36.52632123,False,-2.9,0.49,0,4116,17.46369273001988,Bar Nagar
6944,0.000651438,74.35818243,36.39071462,False,-2.9,0.49,0,3892,6.821667553119836,Bar Nagar
6945,0.002531325,74.33803885,36.17102402,False,1.74,0.72,0,2557,0.18949178399779187,Barit
6946,0.003052185,74.1735038,36.52351506,False,-2.9,0.49,0,5141,11.388304686118284,Bhurt
6947,0.003157219,74.14263428,36.41316249,False,-2.9,0.49,0,3757,12.864815003972458,Bar Nagar
6948,0.001017667,74.14553661,36.40959918,False,-2.9,0.49,0,3751,12.522609886538259,Bar Nagar
6949,0.001858985,74.13491591,36.31931032,False,-2.9,0.49,0,4334,12.950035813974099,Dass Chaprote
6950,0.001590854,74.11343539,36.2254215,False,1.74,0.72,0,3190,8.645432336008028,Khayot Nalter
6951,0.010785609,74.10684992,36.23162727,False,1.74,0.72,0,3214,9.553453923841234,Khayot Nalter
6952,0.033351757,74.10357396,36.23563349,False,1.74,0.72,0,3254,10.081393078878936,Khayot Nalter
6953,0.024946342,74.10264538,36.23823377,False,1.74,0.72,0,3254,10.353776960675289,Khayot Nalter
6954,0.024282593,74.10021888,36.23627573,False,1.74,0.72,0,3249,10.336023527246548,Khayot Nalter
6955,0.004582074,74.09901832,36.24421643,False,1.74,0.72,0,3272,11.071338922970272,Khayot Nalter
6956,0.174615714,74.084177,36.23918134,True,1.74,0.72,0,3453,11.577760456040357,Khayot Nalter
6957,0.010415398,74.10742649,36.29322298,False,-2.9,0.49,0,3506,14.428780161904191,Dass Chaprote
6958,0.003595995,74.05377397,36.32378778,False,-0.87,0.45,0,4362,16.333229008465647,Shamsabad
6959,0.000363388,74.0203632,36.26347583,False,-0.87,0.45,0,4414,14.75445756646536,Derani
6960,0.000262553,74.14272404,36.70273647,False,-2.9,0.49,0,4475,9.654437128959847,Mahtramdan
6961,0.000485221,74.14359825,36.70200655,False,-2.9,0.49,0,4464,9.68642862647344,Mahtramdan
6962,0.00071383,74.05541945,36.39070584,False,-0.87,0.45,0,4067,10.133162841169398,Shamsabad
6963,0.002128609,74.01629613,36.32483999,False,-0.87,0.45,0,4580,15.144532890699768,Shamsabad
6964,7.95e-05,74.13682054,36.68122917,False,-2.9,0.49,0,4172,8.293187470935997,Mahtramdan
6965,0.001113242,74.13708394,36.68057449,False,-2.9,0.49,0,4166,8.297943469553493,Mahtramdan
6966,0.000797835,74.10926362,36.20604516,False,1.74,0.72,0,3688,7.500759319704469,Khayot Nalter
6967,0.002002332,74.16044585,36.66513885,False,-2.9,0.49,0,4696,10.13769359839025,Mahtramdan
6968,0.000778535,74.16330851,36.69897239,False,-2.9,0.49,0,4731,11.153258334907122,Mahtramdan
6969,0.000505304,74.16331852,36.69699923,False,-2.9,0.49,0,4684,11.076145956610176,Mahtramdan
6970,0.001584004,74.16358258,36.6977064,False,-2.9,0.49,0,4717,11.125676677881682,Mahtramdan
6971,0.000738326,74.16413045,36.69801934,False,-2.9,0.49,0,4766,11.183657473335602,Mahtramdan
6972,0.000364555,74.17095253,36.62820042,False,-2.9,0.49,0,3491,10.959427369504622,Bhurt
6973,0.000590046,74.14534597,36.28883554,False,-2.9,0.49,0,4842,10.998521425046942,Dass Chaprote
6974,0.004259916,74.11090029,36.22894597,False,1.74,0.72,0,3203,9.08903692989417,Khayot Nalter
6975,0.001051498,74.15713433,36.49240869,False,-2.9,0.49,0,4512,11.955053803222803,Badswat
6976,8.54e-05,74.15664819,36.4922918,False,-2.9,0.49,0,4514,11.926214654648563,Badswat
6977,0.001303948,74.19347601,36.20998813,False,1.74,0.72,0,5060,4.891849666328335,Khayot Nalter
6978,0.000602663,74.19043353,36.26689927,False,-2.9,0.49,0,4090,6.763551709752819,Dass Chaprote
6979,0.000717518,74.2334466,36.4958446,False,-2.9,0.49,0,3242,13.011365112357854,Bar Nagar
6980,0.00378074,74.26091785,36.69123603,False,-2.9,0.49,0,4287,16.120878454187167,Baba Ghundi Ziarat
6981,0.000302231,74.27385815,36.579208,False,-2.9,0.49,0,4738,18.612844488953773,Bhurt
6982,0.000200534,74.26445175,36.52508557,False,-2.9,0.49,0,3581,15.590303427564152,Bar Nagar
6983,0.000252247,74.24040522,36.48430938,False,-2.9,0.49,0,3085,11.595361269531983,Bar Nagar
6984,0.004946551,74.2478692,36.10990355,False,1.74,0.72,0,2023,2.689920040628166,Nalter Paeen
6985,0.000980224,74.28349817,36.53379206,False,-2.9,0.49,0,3692,16.477433856203458,Bar Nagar
6986,0.000314178,74.40082435,36.60344384,False,-2.9,0.49,0,4606,25.21679552961865,Zood Khun
6987,0.000299769,74.40084204,36.60573341,False,-2.9,0.49,0,4660,24.96323876789304,Zood Khun
6988,0.000342054,74.40115138,36.60457252,False,-2.9,0.49,0,4634,25.089077161050525,Zood Khun
6989,0.002476002,74.43506349,36.50400038,False,-2.9,0.49,0,4208,18.978090950374806,Bar Nagar
6990,0.000151387,74.42400783,36.50500469,False,-2.9,0.49,0,4448,18.359187936258586,Bar Nagar
6991,0.000120718,74.42313419,36.50415228,False,-2.9,0.49,0,4449,18.236721327756058,Bar Nagar
6992,0.000120936,74.42205135,36.50508517,False,-2.9,0.49,0,4466,18.245260538214342,Bar Nagar
6993,0.000899206,74.44120759,36.52757674,False,-2.9,0.49,0,4668,21.244509714517246,Bar Nagar
6994,0.001037773,72.99354252,36.60297061,False,-2.91,0.48,0,3481,4.341434055514651,Nichage
6995,0.000515649,72.99356327,36.60444747,False,-2.91,0.48,0,3466,4.3339585656237505,Nichage
6996,0.000301454,72.99520665,36.60461,False,-2.91,0.48,0,3490,4.479925319397642,Nichage
6997,0.000263248,72.99721789,36.60594981,False,-2.91,0.48,0,3512,4.657068293849532,Nichage
6998,0.00035746,72.99784189,36.60425607,False,-2.91,0.48,0,3518,4.716423275614871,Nichage
6999,0.000154908,72.99627529,36.60350902,False,-2.91,0.48,0,3501,4.580814072066162,Nichage
7000,0.00033527,73.00762493,36.60946403,False,-2.91,0.48,0,3638,5.59982535880763,Nichage
7001,0.000964388,73.01059114,36.61041566,False,-2.91,0.48,0,3668,5.871997437209673,Nichage
7002,0.000575775,73.01005962,36.60975862,False,-2.91,0.48,0,3660,5.818929836608722,Nichage
7003,0.000374491,73.00979681,36.60616225,False,-2.91,0.48,0,3645,5.77994856837876,Nichage
7004,0.000186537,73.00909787,36.60598697,False,-2.91,0.48,0,3635,5.717506031316969,Nichage
7005,0.000112815,73.00618158,36.60706834,False,-2.91,0.48,0,3618,5.45865598103018,Nichage
7006,0.000241379,73.0064965,36.60746076,False,-2.91,0.48,0,3619,5.487938602858979,Nichage
7007,0.000848609,73.01580726,36.60677743,False,-2.91,0.48,0,3690,6.317093074025996,Nichage
7008,0.00043244,73.01744728,36.60789038,False,-2.91,0.48,0,3718,6.466443101023311,Nichage
7009,0.003345627,73.0282206,36.61419083,False,-2.91,0.48,0,3809,7.480871070110746,Nichage
7010,0.000666056,73.0302759,36.6107312,False,-2.91,0.48,0,3822,7.626499134518219,Nichage
7011,0.000434227,73.03244554,36.61204491,False,-2.91,0.48,0,3821,7.830989806063563,Nichage
7012,0.000224981,73.03969422,36.6098519,False,-2.91,0.48,0,3902,8.459728930624118,Nichage
7013,0.000530159,73.04169682,36.609019,False,-2.91,0.48,0,3911,8.634094179729308,Nichage
7014,0.000840472,73.05625782,36.60823414,False,-2.91,0.48,0,3994,9.930314167102331,Nichage
7015,0.000385832,73.05473149,36.60825988,False,-2.91,0.48,0,3994,9.794193168471494,Nichage
7016,0.000310164,73.05089879,36.61137667,False,-2.91,0.48,0,3967,9.467921335968843,Nichage
7017,0.000465595,73.04184954,36.60721863,False,-2.91,0.48,0,3923,8.642139180472903,Nichage
7018,0.000283287,73.02912273,36.61061292,False,-2.91,0.48,0,3814,7.522906168154304,Nichage
7019,0.000264764,73.01298212,36.61067191,False,-2.91,0.48,0,3680,6.0870663571664085,Nichage
7020,0.000738879,73.02671482,36.60943,False,-2.91,0.48,0,3792,7.300342800656426,Nichage
7021,0.000388467,73.05455727,36.61132318,False,-2.91,0.48,0,3991,9.793460407189121,Nichage
7022,0.000436014,73.06421775,36.61642462,False,-2.91,0.48,0,4067,10.70092136971086,Nichage
7023,0.000414835,73.0645366,36.61628932,False,-2.91,0.48,0,4067,10.727591895604439,Nichage
7024,5.5e-05,73.06466461,36.61615396,False,-2.91,0.48,0,4068,10.73735422567924,Nichage
7025,0.025622921,72.99870211,36.56464107,False,-2.91,0.48,0,3855,6.634330090474952,Nichage
7026,0.000876199,73.0263264,36.55422435,False,-2.91,0.48,0,4552,9.25802455864833,Nichage
7027,0.000256443,73.02448585,36.55571513,False,-2.91,0.48,0,4536,9.026261798763311,Nichage
7028,0.00491037,72.99330262,36.54386173,False,-2.91,0.48,0,4188,8.135052022577437,Nichage
7029,0.000457114,72.99008924,36.54209645,False,-2.91,0.48,0,4208,8.156958716549312,Nichage
7030,0.001608803,73.15297625,36.532562,False,-2.91,0.48,0,3367,6.412036709792777,Thalti Thoi
7031,0.000484511,73.12514239,36.53921495,False,-2.91,0.48,0,3637,8.974027468168284,Thalti Thoi
7032,0.000584324,73.12105145,36.54019264,False,-2.91,0.48,0,3655,9.352076428598297,Thalti Thoi
7033,0.000514487,73.11596332,36.5435343,False,-2.91,0.48,0,3716,9.919424817133418,Thalti Thoi
7034,0.000760843,73.10073188,36.54252705,False,-2.91,0.48,0,3872,11.128040056263805,Thalti Thoi
7035,0.001303389,73.1273708,36.63155342,False,-2.91,0.48,0,3617,16.057228357738623,Das Bala
7036,0.000937621,73.10235257,36.62979857,False,-2.91,0.48,0,3915,14.288454549480555,Nichage
7037,0.000353296,73.10263781,36.63000351,False,-2.91,0.48,0,3915,14.317696405696877,Nichage
7038,0.000213562,73.10319838,36.63073714,False,-2.91,0.48,0,3911,14.382212815651076,Nichage
7039,0.000267964,73.11735786,36.64264824,False,-2.91,0.48,0,3926,15.91063018002648,Nichage
7040,0.000186807,73.11806227,36.58325884,False,-2.91,0.48,0,3923,12.301378031508767,Thalti Thoi
7041,0.000229545,73.13961865,36.56426515,False,-2.91,0.48,0,3488,9.450419060711445,Thalti Thoi
7042,6.98e-05,73.01090726,36.61036544,False,-2.91,0.48,0,3670,5.899642818596744,Nichage
7043,0.000426748,73.04213829,36.6069691,False,-2.91,0.48,0,3923,8.66750397009626,Nichage
7044,0.000850417,73.14397462,36.63290258,False,-2.91,0.48,0,3395,15.46940077603296,Das Bala
7045,0.000186229,73.14402209,36.63267587,False,-2.91,0.48,0,3395,15.444954168132202,Das Bala
7046,0.000405801,73.10448714,36.57536724,False,-2.91,0.48,0,3922,12.644623405036707,Thalti Thoi
7047,0.000156503,73.10889827,36.57683358,False,-2.91,0.48,0,3870,12.436932533021654,Thalti Thoi
7048,0.000339502,73.10916862,36.57740443,False,-2.91,0.48,0,3862,12.45852498037659,Thalti Thoi
7049,0.000799567,73.11020762,36.57614591,False,-2.91,0.48,0,3852,12.298009747243963,Thalti Thoi
7050,0.00285276,73.11303626,36.5771118,False,-2.91,0.48,0,3835,12.172931201239193,Thalti Thoi
7051,0.000433645,73.11379835,36.57733121,False,-2.91,0.48,0,3837,12.137113308929695,Thalti Thoi
7052,0.001615421,73.11608493,36.57774686,False,-2.91,0.48,0,3837,12.013709081850186,Thalti Thoi
7053,0.000522759,73.11742522,36.57814295,False,-2.91,0.48,0,3839,11.953842090603505,Thalti Thoi
7054,0.002306583,73.11696231,36.58347427,False,-2.91,0.48,0,3929,12.38858368722341,Thalti Thoi
7055,0.000843862,73.12016327,36.57462655,False,-2.91,0.48,0,3799,11.511052925057378,Thalti Thoi
7056,0.000260031,73.11936179,36.57513278,False,-2.91,0.48,0,3804,11.60196192409982,Thalti Thoi
7057,0.001020552,73.1203783,36.57312061,False,-2.91,0.48,0,3793,11.386390420922963,Thalti Thoi
7058,0.001232094,73.12169396,36.57105345,False,-2.91,0.48,0,3775,11.147554781158636,Thalti Thoi
7059,0.000750724,73.12638567,36.56640672,False,-2.91,0.48,0,3705,10.49435646001932,Thalti Thoi
7060,0.000381515,73.0830256,36.54457313,False,-2.91,0.48,0,3994,12.689476078756185,Thalti Thoi
7061,0.000581131,73.09813417,36.54579314,False,-2.91,0.48,0,3871,11.47910063165452,Thalti Thoi
7062,0.000507821,73.10082677,36.54437723,False,-2.91,0.48,0,3863,11.196660568235306,Thalti Thoi
7063,0.000567225,73.10605939,36.54185152,False,-2.91,0.48,0,3814,10.657877335477211,Thalti Thoi
7064,0.00071991,73.11565252,36.54040563,False,-2.91,0.48,0,3717,9.80417491714814,Thalti Thoi
7065,0.000210023,73.11983012,36.54104396,False,-2.91,0.48,0,3671,9.490281104039804,Thalti Thoi
7066,0.000524821,73.12084855,36.54061856,False,-2.91,0.48,0,3662,9.387908298367105,Thalti Thoi
7067,0.002468917,73.12297723,36.5391941,False,-2.91,0.48,0,3650,9.14984986569678,Thalti Thoi
7068,0.000994762,73.12469438,36.54199208,False,-2.91,0.48,0,3645,9.141052374244746,Thalti Thoi
7069,0.000962257,73.12749481,36.54182111,False,-2.91,0.48,0,3629,8.908143072995916,Thalti Thoi
7070,0.000356187,73.1295983,36.54104781,False,-2.91,0.48,0,3614,8.701600051677616,Thalti Thoi
7071,0.00048114,73.01600631,36.60828449,False,-2.91,0.48,0,3700,6.339550634552721,Nichage
7072,0.003494927,73.00848637,36.60811794,False,-2.91,0.48,0,3644,5.668137515872339,Nichage
7073,0.008051894,73.09789151,36.54719276,False,-2.91,0.48,0,3882,11.559697676254416,Thalti Thoi
7074,0.006432844,73.22771298,36.62293308,False,-2.91,0.48,0,4563,12.749554155712945,Das Bala
7075,0.000152264,73.22687163,36.62282625,False,-2.91,0.48,0,4557,12.734501505778448,Das Bala
7076,0.001940482,73.22695952,36.61983398,False,-2.91,0.48,0,4738,12.402363168679779,Das Bala
7077,0.001621823,73.2257057,36.61938972,False,-2.91,0.48,0,4775,12.348886788069196,Das Bala
7078,0.001174595,73.24054585,36.59578245,False,-2.91,0.48,0,5225,9.869192186298726,Das Bala
7079,0.001255295,73.24142347,36.59447288,False,-2.91,0.48,0,5015,9.740050868286671,Das Bala
7080,0.001654078,72.68085835,35.39098057,False,0.55,1.36,0,4439,3.098477750803935,Illa
7081,0.00255052,72.6864861,35.39013912,False,0.55,1.36,0,4334,2.955207088934381,Illa
7082,0.004629541,72.68709646,35.25460894,False,0.55,1.36,0,3884,6.0286027366113295,Badal
7083,0.002666199,72.68675596,35.25365978,False,0.55,1.36,0,3887,5.939609190161677,Badal
7084,0.00455199,72.66907631,35.0959282,False,11.82,1.87,0,3613,1.5712277436319946,Tikai
7085,0.004224747,72.69047193,35.11016707,False,11.82,1.87,0,3689,2.588071643602041,Yakh Banda
7086,0.002197355,72.70887058,35.15032293,False,11.82,1.87,0,3621,3.2726381675563463,Yakh Banda
7087,0.000893462,72.69758206,35.18713913,False,11.82,1.87,0,4009,5.939413593405803,Maidar
7088,5.02e-05,72.69699282,35.18718483,False,11.82,1.87,0,4020,5.904568962197753,Maidar
7089,0.000739355,72.71565254,35.19612545,False,11.82,1.87,0,3431,7.82614836370824,Maidar
7090,0.012572896,72.71627523,35.21719512,False,11.82,1.87,0,3874,7.414981223547694,Badal
7091,0.000700924,72.70552926,35.2230472,False,11.82,1.87,0,4332,6.4282693736918075,Badal
7092,0.000371126,72.70596448,35.22251598,False,11.82,1.87,0,4342,6.466219211162392,Badal
7093,0.000864796,72.73086505,35.33705777,False,0.55,1.36,0,4030,4.953005978666462,Illa
7094,0.022157436,72.72971579,35.33742877,False,0.55,1.36,0,4032,4.844769513161532,Illa
7095,0.002140159,72.73187152,35.34507956,False,0.55,1.36,0,4183,4.5610342893961935,Illa
7096,0.004912446,72.75029239,35.35423909,False,0.55,1.36,0,3726,5.834741492324109,Illa
7097,0.016905304,72.74762988,35.35167579,False,0.55,1.36,0,3728,5.657133019838304,Illa
7098,0.004742114,72.82067148,35.36820082,False,4.27,1.28,0,4361,12.134024025468987,Illa
7099,0.003130022,72.78718516,35.31190127,False,0.55,1.36,0,4333,10.753012814723062,Illa
7100,0.015411931,72.79381907,35.30935293,False,0.55,1.36,0,4391,11.413497448939719,Illa
7101,0.00117233,72.79830393,35.30970235,False,0.55,1.36,0,4352,11.741022836050881,Illa
7102,0.002664689,72.8027319,35.30794935,False,0.55,1.36,0,4266,12.10508785873451,Takhtao
7103,0.000264291,72.80002183,35.31245176,False,0.55,1.36,0,4312,11.723949267674422,Illa
7104,0.004840559,72.80025275,35.31131563,False,0.55,1.36,0,4305,11.804002381267445,Illa
7105,0.002069585,72.80039154,35.31037014,False,0.55,1.36,0,4312,11.867066643516477,Illa
7106,0.000834051,72.8096798,35.31402266,False,0.55,1.36,0,4168,12.383571869408817,Takhtao
7107,0.058994481,72.80632893,35.31207456,False,0.55,1.36,0,4197,12.247050160364786,Illa
7108,0.002785453,72.83290007,35.30448828,False,4.27,1.28,0,3899,10.564534789749898,Takhtao
7109,0.00164352,72.83830724,35.30402482,False,4.27,1.28,0,3910,10.359119456852653,Takhtao
7110,0.01028975,72.83747671,35.30452935,False,4.27,1.28,0,3902,10.435310800808491,Takhtao
7111,0.003465395,72.83620153,35.30389422,False,4.27,1.28,0,3912,10.403991487889291,Takhtao
7112,0.022625711,72.83421186,35.30100294,False,4.27,1.28,0,3912,10.159600229565875,Takhtao
7113,0.002275673,72.78083227,35.26563024,False,0.55,1.36,0,4231,10.032240377047119,Takhtao
7114,0.023870399,72.80671646,35.25173304,False,0.55,1.36,0,4031,7.21982289763554,Takhtao
7115,0.075352339,72.78606374,35.23062587,False,11.82,1.87,0,3417,8.026053229847278,Takhtao
7116,0.00076982,72.78805153,35.21838176,False,11.82,1.87,0,3412,7.667034896306668,Takhtao
7117,0.049570408,72.7933514,35.12587144,False,11.82,1.87,0,3691,6.0849502875571115,logay
7118,0.002706429,72.86352778,35.2765681,False,4.27,1.28,0,3877,6.88090936328927,Takhtao
7119,0.014967262,72.86258931,35.27632032,False,4.27,1.28,0,3884,6.864035236600854,Takhtao
7120,0.000225185,72.86095631,35.2745997,False,4.27,1.28,0,3968,6.695678470709872,Takhtao
7121,0.034089339,72.73652901,35.14750962,False,11.82,1.87,0,3742,3.482964751783254,Yakh Banda
7122,0.003648413,72.75159198,35.16441681,False,11.82,1.87,0,4006,5.807401561404251,Yakh Banda
7123,0.003102483,72.73495096,35.16529444,False,11.82,1.87,0,4133,5.1963287096672826,Yakh Banda
7124,0.001167972,72.74578689,35.16741866,False,11.82,1.87,0,4257,5.816945732632998,Yakh Banda
7125,0.01779021,72.73366807,35.18087372,False,11.82,1.87,0,4102,6.820502160006846,Yakh Banda
7126,0.003713387,72.73502518,35.25427422,False,0.55,1.36,0,4272,9.816676727257265,Badal
7127,0.010477325,72.74000048,35.24515097,False,11.82,1.87,0,4093,9.918653931596353,Badal
7128,0.003372878,72.73125237,35.24810429,False,11.82,1.87,0,4098,9.256342444243005,Badal
7129,0.001120311,72.73453977,35.25289644,False,0.55,1.36,0,4263,9.719320636649254,Badal
7130,0.003900005,72.69763744,35.21804586,False,11.82,1.87,0,4045,5.719260672224254,Badal
7131,0.006560622,72.7039149,35.39515353,False,0.55,1.36,0,4311,3.8335143074449993,Illa
7132,0.001250891,72.70178877,35.39547531,False,0.55,1.36,0,4337,3.793884479568057,Illa
7133,0.002737548,72.69733586,35.3920899,False,0.55,1.36,0,4078,3.3079515924539664,Illa
7134,0.001244653,72.7203885,35.16434351,False,11.82,1.87,0,4047,4.798681681131423,Yakh Banda
7135,0.00041982,72.73038474,35.25362698,False,0.55,1.36,0,4276,9.399412896650503,Badal
7136,0.000557731,72.78797404,35.2982397,False,0.55,1.36,0,3902,11.692257643124064,Illa
7137,0.001001087,72.76320146,35.13856413,False,11.82,1.87,0,3954,4.416918967624249,Sare Paiza
7138,0.00020436,72.76900076,35.16317262,False,11.82,1.87,0,3346,6.733748680815042,Yakh Banda
7139,0.000496163,72.76898204,35.16280675,False,11.82,1.87,0,3347,6.704508579907808,Yakh Banda
7140,0.001401334,75.24369919,34.62276089,False,2.99,2.06,0,4129,9.572514560512207,Gujran
7141,0.006923678,75.25430322,34.62309721,False,2.99,2.06,0,4275,9.658633636198019,Gujran
7142,0.005383673,75.25018426,34.62383857,False,2.99,2.06,0,4259,9.710398745198017,Gujran
7143,0.011760933,75.22923535,34.64139865,False,2.99,2.06,0,4294,11.720181344001801,Gujran
7144,0.003071283,75.23307225,34.64223579,False,2.99,2.06,0,4290,11.7784216433634,Gujran
7145,0.003154006,75.23419404,34.64455202,False,2.99,2.06,0,4278,12.027228437994335,Gujran
7146,0.000960631,75.28930151,34.62487385,False,2.99,2.06,0,3886,10.482546488869254,Gujrind
7147,0.005745477,75.33395857,34.63824978,False,-1.77,1.53,0,4377,12.9813555650609,Gujrind
7148,0.007814271,75.35635456,34.62484885,False,-1.77,1.53,0,4482,12.671029247932413,Gujrind
7149,0.0108124,75.36020266,34.62649569,False,-1.77,1.53,0,4430,13.023206319227404,Gujrind
7150,0.003020037,75.36126727,34.62871825,False,-1.77,1.53,0,4432,13.281154357736336,Gujrind
7151,0.000713996,75.36711896,34.62241852,False,-1.77,1.53,0,4494,13.044541070412034,Gujrind
7152,0.000410906,75.2894718,34.62927867,False,2.99,2.06,0,3832,10.971448699344256,Gujrind
7153,0.000407435,75.34765556,34.60650589,False,-1.77,1.53,0,3879,10.552642222359312,Gujrind
7154,0.013231374,75.33359835,34.6410761,False,-1.77,1.53,0,4329,13.25762260818872,Gujrind
7155,0.003777558,75.34191157,34.64404111,False,-1.77,1.53,0,4527,13.867388120381326,Gujrind
7156,0.010323034,75.34401328,34.64455562,False,-1.77,1.53,0,4525,14.001554723631378,Gujrind
7157,0.002386042,75.34520889,34.64405644,False,-1.77,1.53,0,4528,13.999536119981826,Gujrind
7158,0.000576178,75.35426877,34.64019953,False,-1.77,1.53,0,4488,14.012051753248112,Gujrind
7159,0.000168914,75.35529641,34.6397336,False,-1.77,1.53,0,4484,14.014674399937322,Gujrind
7160,0.000129907,75.35475442,34.63933887,False,-1.77,1.53,0,4488,13.951712936842135,Gujrind
7161,0.125373022,75.36951877,34.65139583,True,-1.77,1.53,0,3980,15.589811289195193,Gultari
7162,0.008702045,75.36878103,34.65414528,False,-1.77,1.53,0,3989,15.640382696862632,Gultari
7163,0.021730371,75.36940886,34.65568988,False,-1.77,1.53,0,3987,15.576184668069056,Gultari
7164,0.004676092,75.33819413,34.64975483,False,-1.77,1.53,0,4395,14.310154831998007,Gujrind
7165,0.013397775,75.34071137,34.66211836,False,-1.77,1.53,0,4501,15.670076116809069,Gujrind
7166,0.01791846,75.26371157,34.69339819,False,2.99,2.06,0,4328,17.522790175892215,Gujran
7167,0.014244975,75.2585281,34.69407748,False,2.99,2.06,0,4402,17.554939301939044,Gujran
7168,0.013612598,75.25537681,34.70079727,False,2.99,2.06,0,4428,18.280912158411507,Gujran
7169,0.020902871,75.25944523,34.70146509,False,2.99,2.06,0,4408,18.38043776073428,Gujran
7170,0.014388583,75.24853278,34.70875242,False,2.99,2.06,0,4372,17.96669671660071,Minimarg
7171,0.014382153,75.24926667,34.70650799,False,2.99,2.06,0,4366,18.153242039848163,Minimarg
7172,0.008612371,75.25911001,34.71239078,False,2.99,2.06,0,4433,18.6079574441166,Minimarg
7173,0.002768704,75.26069869,34.71344705,False,2.99,2.06,0,4437,18.68096833728046,Minimarg
7174,0.010584424,75.32922899,34.68185485,False,-1.77,1.53,0,4443,17.41532145387739,Gujrind
7175,0.001929652,75.35675967,34.67155473,False,-1.77,1.53,0,4516,16.769012503270954,Gultari
7176,0.007455957,75.37491594,34.69303081,False,-1.77,1.53,0,4576,15.49205989616915,Gultari
7177,0.007346367,75.41169613,34.65256375,False,-1.77,1.53,0,4350,11.73208150826775,Gultari
7178,0.009370072,75.41869473,34.64348576,False,-1.77,1.53,0,4635,11.218616921704134,Gultari
7179,0.001957992,75.41728318,34.6297435,False,-1.77,1.53,0,4783,11.697177729068612,Gultari
7180,0.085381003,75.42336741,34.60678455,False,-1.77,1.53,0,4618,12.190743406929952,Gultari
7181,0.019958754,75.4211004,34.59301004,False,-1.77,1.53,0,4621,13.179049634795323,Gultari
7182,0.003362109,75.45805983,34.58037529,False,-1.77,1.53,0,4684,11.61081608990813,Gultari
7183,0.005025913,75.34427532,34.71918964,False,-1.77,1.53,0,4268,19.019373735646376,Gultari
7184,0.000515585,75.37471714,34.74217346,False,-1.77,1.53,0,3515,17.605849069050095,Gultari
7185,0.079884629,75.40033601,34.61224956,False,-1.77,1.53,0,4454,13.819995916665926,Gultari
7186,0.001960875,75.40766084,34.60222341,False,-1.77,1.53,0,4714,13.695066259364785,Gultari
7187,0.001047152,75.40251161,34.59568297,False,-1.77,1.53,0,4671,13.498675859386756,Gujrind
7188,0.000162057,75.40233405,34.59528617,False,-1.77,1.53,0,4670,13.461485861542128,Gujrind
7189,0.017239558,75.40536001,34.5488329,False,-1.77,1.53,0,4666,11.858482939586953,Gujrind
7190,0.003418909,75.38900072,34.55548258,False,-1.77,1.53,0,4504,10.549061910751782,Gujrind
7191,0.000394063,75.39421517,34.55080088,False,-1.77,1.53,0,4689,10.895021839246136,Gujrind
7192,0.005537143,75.37580964,34.69898904,False,-1.77,1.53,0,4495,15.581523968367256,Gultari
7193,0.008514087,75.3191241,34.68392143,False,-1.77,1.53,0,4330,17.412143183455704,Gujrind
7194,0.004769097,75.26628566,34.73391833,False,2.99,2.06,0,4231,18.212392866512783,Minimarg
7195,0.015269415,75.32787511,34.82116991,False,-2.54,1.23,0,4362,22.89952363576081,Minimarg
7196,0.010068032,75.31932679,34.83263982,False,-2.54,1.23,0,4510,22.35136210346152,Minimarg
7197,0.018630971,75.32214486,34.8341518,False,-2.54,1.23,0,4505,22.637644520009495,Minimarg
7198,0.00023824,75.32228241,34.83578112,False,-2.54,1.23,0,4504,22.688286810485348,Minimarg
7199,0.001111,75.32076622,34.83623549,False,-2.54,1.23,0,4527,22.564191213752327,Minimarg
7200,0.030734136,75.31817423,34.84492206,False,-2.54,1.23,0,4231,22.566840543475365,Minimarg
7201,0.004155575,75.33113823,34.84926338,False,-2.54,1.23,0,4423,23.83549598191114,Minimarg
7202,0.053588818,75.33337463,34.85481945,False,-2.54,1.23,0,4318,24.20370345499303,Minimarg
7203,0.012308021,75.32472957,34.85577243,False,-2.54,1.23,0,4322,23.48163399917962,Minimarg
7204,0.005089006,75.32474454,34.86004034,False,-2.54,1.23,0,4276,23.631013416347287,Minimarg
7205,0.010373347,75.3378701,34.86211338,False,-2.54,1.23,0,4241,24.839757081772536,Minimarg
7206,0.001150474,75.34987105,34.86730156,False,-2.54,1.23,0,4017,26.061356678121996,Minimarg
7207,0.00011546,75.34974118,34.86693186,False,-2.54,1.23,0,4015,26.036929589948173,Minimarg
7208,8.01e-05,75.35401832,34.87052553,False,-2.54,1.23,0,4012,26.535864094057406,Minimarg
7209,0.023847218,75.36314671,34.8349232,False,-2.54,1.23,0,4320,25.23223246919468,Gultari
7210,0.070295409,75.36408885,34.82962209,False,-2.54,1.23,0,4323,24.72608705308859,Gultari
7211,0.043582901,75.3625837,34.824894,False,-2.54,1.23,0,4333,24.419499592667673,Gultari
7212,0.000103457,75.36375856,34.8260477,False,-2.54,1.23,0,4336,24.44498567970299,Gultari
7213,0.0196344,75.37135185,34.8319985,False,-2.54,1.23,0,4369,24.50599988011364,Gultari
7214,0.00918315,75.37522314,34.83128278,False,-2.54,1.23,0,4388,24.22322136853754,Gultari
7215,0.002068165,75.37414044,34.8314452,False,-2.54,1.23,0,4388,24.298810241863663,Gultari
7216,0.006840481,75.37087383,34.82825912,False,-2.54,1.23,0,4386,24.21161131232617,Gultari
7217,0.003794224,75.37305951,34.8228742,False,-2.54,1.23,0,4475,23.62417325238719,Gultari
7218,0.01092495,75.3739581,34.81803261,False,-2.54,1.23,0,4478,23.161535457796532,Gultari
7219,0.034374726,75.39356127,34.81093938,False,-2.54,1.23,0,4549,21.410784760481725,Gultari
7220,0.055520389,75.40105343,34.81068446,False,-2.54,1.23,0,4326,20.968279753216038,Gultari
7221,0.00562164,75.4014313,34.81390674,False,-2.54,1.23,0,4329,21.234290638837724,Gultari
7222,0.004512461,75.40880073,34.80499767,False,-2.54,1.23,0,4393,20.03783313807686,Gultari
7223,0.01345025,75.41413102,34.8048753,False,-2.54,1.23,0,4428,19.740050622689647,Gultari
7224,0.235989965,75.38244552,34.82427152,True,-2.54,1.23,0,4315,23.2028014096904,Gultari
7225,0.034410333,75.35037645,34.82735958,False,-2.54,1.23,0,4329,25.033579370891843,Minimarg
7226,0.001018207,75.32051858,34.88130598,False,-2.54,1.23,0,4046,24.141148274873217,Minimarg
7227,0.009691805,75.35527986,34.88827397,False,-2.54,1.23,0,4024,27.355970531951453,Minimarg
7228,0.001963976,75.3564483,34.88973272,False,-2.54,1.23,0,4023,27.517791210614998,Minimarg
7229,0.000457228,75.35277875,34.89123926,False,-2.54,1.23,0,4037,27.278133470546855,Minimarg
7230,0.000171116,75.3593767,34.89029182,False,-2.54,1.23,0,4017,27.78774091726876,Minimarg
7231,0.00213709,75.35612704,34.80809562,False,-2.54,1.23,0,4290,23.47228992609087,Gultari
7232,0.003014634,75.35344455,34.80703806,False,-2.54,1.23,0,4300,23.566559493505213,Gultari
7233,0.000344288,75.30166201,34.87368083,False,-2.4,1.63,0,4086,22.224532378367396,Minimarg
7234,0.00425681,75.49558286,34.75474555,False,-2.54,1.23,0,4666,11.239273506634014,Gultari
7235,0.000900803,75.49713361,34.75137101,False,-2.54,1.23,0,4680,10.838192433408741,Gultari
7236,0.009442823,75.48428843,34.75638251,False,-2.54,1.23,0,4780,11.813140107703466,Gultari
7237,0.002264,75.48544464,34.77207993,False,-2.54,1.23,0,4702,13.37175774402518,Gultari
7238,0.000770857,75.48536808,34.77111419,False,-2.54,1.23,0,4692,13.274686090937623,Gultari
7239,0.109134247,75.48025586,34.77495638,False,-2.54,1.23,0,4629,13.84817554384421,Gultari
7240,0.064720268,75.49239801,34.77852765,False,-2.54,1.23,0,4507,13.828908965985777,Gultari
7241,0.019164208,75.42976991,34.7590836,False,-2.54,1.23,0,4482,14.875758668265034,Gultari
7242,0.018379818,75.46299478,34.7765261,False,-2.54,1.23,0,4601,14.692028753995686,Gultari
7243,0.003058257,75.50045136,34.8028507,False,-2.54,1.23,0,4578,16.242157285614045,Gultari
7244,0.002362655,75.43339676,34.84088642,False,-2.54,1.23,0,4407,22.295042569387917,Gultari
7245,0.001065866,75.43569773,34.84315394,False,-2.54,1.23,0,4391,22.4324813484354,Gultari
7246,0.006999379,75.43924686,34.82860234,False,-2.54,1.23,0,4582,20.833262802475186,Gultari
7247,0.055947132,75.43715885,34.81277892,False,-2.54,1.23,0,4540,19.360921502395755,Gultari
7248,0.012820356,75.42105679,34.80659153,False,-2.54,1.23,0,4501,19.53772275402186,Gultari
7249,0.001262552,75.42289922,34.80335468,False,-2.54,1.23,0,4510,19.14505338812431,Gultari
7250,0.000286858,75.42285883,34.80422103,False,-2.54,1.23,0,4508,19.227145737545207,Gultari
7251,0.017740542,75.4261731,34.79876824,False,-2.54,1.23,0,4600,18.555058749577796,Gultari
7252,0.007265357,75.43616778,34.7925335,False,-2.54,1.23,0,4528,17.473898979874985,Gultari
7253,0.002042695,75.43747397,34.78564826,False,-2.54,1.23,0,4708,16.7685867195096,Gultari
7254,0.001035501,75.44803148,34.83958089,False,-2.54,1.23,0,4454,21.612530355790234,Gultari
7255,0.009952488,75.53462095,34.91019908,False,-2.54,1.23,0,4564,19.229915120194327,Karabosh
7256,0.002472795,75.52572908,34.90892976,False,-2.54,1.23,0,4449,19.754044440717028,Karabosh
7257,0.005018569,75.52664409,34.90761393,False,-2.54,1.23,0,4446,19.596540085446364,Karabosh
7258,0.004212953,75.51845949,34.92010478,False,-2.54,1.23,0,4407,21.0639607933226,Karabosh
7259,0.03609232,75.51837492,34.92267746,False,-2.54,1.23,0,4360,21.258824086625665,Karabosh
7260,0.071742949,75.54475354,34.93531672,False,-2.54,1.23,0,4437,20.567766187117257,Karabosh
7261,0.019258275,75.54469664,34.93145885,False,-2.54,1.23,0,4462,20.249079035262653,Karabosh
7262,0.018504167,75.54940889,34.92786748,False,-2.54,1.23,0,4497,19.665182596451203,Karabosh
7263,0.002537925,75.54803618,34.93156464,False,-2.54,1.23,0,4487,20.056567906743414,Karabosh
7264,0.142460277,75.54514662,34.96476305,True,-2.54,1.23,0,4412,23.120284772004865,Karabosh
7265,0.181243721,75.553413,34.98648601,True,-2.54,1.23,0,4269,21.97298358896483,Dadj
7266,0.017095795,75.53248846,34.96857007,False,-2.54,1.23,0,4358,24.145181897796608,Karabosh
7267,0.050600483,75.51682818,34.96964898,False,-2.54,1.23,0,4271,24.82481101940226,Dadj
7268,0.000664663,75.51885054,34.96937049,False,-2.54,1.23,0,4274,24.78535735460179,Dadj
7269,0.062830481,75.53203459,34.96166178,False,-2.54,1.23,0,4385,23.56348491791843,Karabosh
7270,0.008327688,75.53738761,35.01270502,False,-2.54,1.23,0,4169,19.684240212193636,Dadj
7271,0.008745574,75.51748815,35.0306211,False,-2.54,1.23,0,3987,18.67853320585305,Dadj
7272,0.001381345,75.51712176,35.03153087,False,-2.54,1.23,0,3987,18.60716408829877,Dadj
7273,0.000460204,75.65921978,34.85949789,False,-2.54,1.23,0,4663,7.732945889931915,Karabosh
7274,0.013039688,75.66200027,34.86028636,False,-2.54,1.23,0,4607,7.71912666176489,Karabosh
7275,0.000221952,75.66236721,34.85969305,False,-2.54,1.23,0,4614,7.645538413579191,Karabosh
7276,0.034114211,75.65882343,34.86708346,False,-2.54,1.23,0,4669,8.528600769185285,Karabosh
7277,0.000736366,75.65684167,34.86587753,False,-2.54,1.23,0,4674,8.471056482944329,Karabosh
7278,0.065240861,75.65258595,34.87254946,False,-2.54,1.23,0,4680,9.305332696935876,Karabosh
7279,0.029790492,75.66785768,34.88363792,False,-2.54,1.23,0,4678,10.053513037465736,Karabosh
7280,0.003729439,75.67000546,34.88364138,False,-2.54,1.23,0,4674,10.012180956358574,Karabosh
7281,0.066490788,75.66814191,34.89058555,False,-2.54,1.23,0,4702,10.802774612872597,Karabosh
7282,0.010899592,75.65132786,34.89869842,False,-2.54,1.23,0,4582,12.07140464040416,Karabosh
7283,0.003853967,75.6511359,34.9026515,False,-2.54,1.23,0,4569,12.495299563365771,Karabosh
7284,0.000380121,75.65065611,34.90310257,False,-2.54,1.23,0,4568,12.556327971639531,Karabosh
7285,0.000371663,75.65069592,34.90365481,False,-2.54,1.23,0,4568,12.613766606664985,Karabosh
7286,0.001105128,75.66181637,34.9085991,False,-2.54,1.23,0,4712,12.882353099195809,Karabosh
7287,0.00032319,75.6650264,34.90825295,False,-2.54,1.23,0,4733,12.784493753310661,Karabosh
7288,0.041149239,75.66070344,34.92426637,False,-2.54,1.23,0,4700,14.607836971149302,Karabosh
7289,0.007491067,75.6558939,34.9233744,False,-2.54,1.23,0,4696,14.604207037309157,Karabosh
7290,0.00192395,75.67625817,34.93759555,False,-2.54,1.23,0,4748,15.870074254854394,Karabosh
7291,0.00014053,75.67723965,34.93870831,False,-2.54,1.23,0,4734,15.985324692848579,Karabosh
7292,0.001546746,75.68278962,34.92772619,False,-2.54,1.23,0,4805,14.730530673432739,Karabosh
7293,0.003538298,75.63444641,34.89851042,False,-2.54,1.23,0,4645,12.61502908743374,Karabosh
7294,0.002326948,75.63629276,34.89883702,False,-2.54,1.23,0,4649,12.578588110866935,Karabosh
7295,0.000934241,75.63667005,34.89830929,False,-2.54,1.23,0,4648,12.510987599044778,Karabosh
7296,0.024506305,75.62992947,34.89732241,False,-2.54,1.23,0,4585,12.674940417546923,Karabosh
7297,0.12659861,75.61671744,34.89545281,True,-2.54,1.23,0,4547,13.08333022975599,Karabosh
7298,0.036300492,75.61768892,34.88885923,False,-2.54,1.23,0,4557,12.417693977442708,Karabosh
7299,0.003832579,75.63546023,34.93562494,False,-2.54,1.23,0,4788,16.424003052401254,Karabosh
7300,0.01057894,75.63366573,34.93494342,False,-2.54,1.23,0,4803,16.404802961211914,Karabosh
7301,0.000943451,75.63201868,34.93347281,False,-2.54,1.23,0,4845,16.300433388301116,Karabosh
7302,0.000531079,75.63454003,34.94995338,False,-2.54,1.23,0,4700,17.967059900942083,Karabosh
7303,0.004063899,75.65679254,34.96516398,False,-2.54,1.23,0,4644,19.144063163833174,Karabosh
7304,0.046967055,75.70710192,34.99649012,False,-2.54,1.23,0,4610,14.218614795572782,Dapa
7305,0.000918227,75.71855498,34.99246794,False,-2.54,1.23,0,4781,14.258313890934593,Dapa
7306,0.005127931,75.7300285,34.99387544,False,-2.54,1.23,0,4816,13.803186353956896,Dapa
7307,0.000165609,75.73148669,34.99386118,False,-2.54,1.23,0,4803,13.770866514915346,Dapa
7308,0.001076981,75.73352797,34.99410338,False,-2.54,1.23,0,4796,13.699336758108503,Dapa
7309,0.004026516,75.73958547,34.99156569,False,-2.54,1.23,0,4694,13.855132977754968,Dapa
7310,0.000707186,75.74331564,34.99150505,False,-2.54,1.23,0,4677,13.799312567473201,Dapa
7311,0.000167673,75.74480704,34.99125321,False,-2.54,1.23,0,4681,13.804246245924864,Dapa
7312,0.024703578,75.75373583,34.99443713,False,-2.54,1.23,0,4613,13.343941584188359,Dapa
7313,0.00070407,75.76217762,34.9858604,False,-2.54,1.23,0,4737,14.236491087695827,Dapa
7314,0.000331998,75.76290847,34.98584308,False,-2.54,1.23,0,4734,14.23550325239713,Dapa
7315,0.015063928,75.76278491,34.98420762,False,-2.54,1.23,0,4731,14.417668697267287,Dapa
7316,0.000227677,75.7672395,34.98354555,False,-2.54,1.23,0,4802,14.480073337062036,Dapa
7317,0.090535377,75.76677497,35.00477873,False,-2.54,1.23,0,4680,12.120064289250763,Dapa
7318,0.00431599,75.77949102,35.00463535,False,-2.54,1.23,0,4737,12.168470329705137,Dapa
7319,0.00072475,75.80649584,35.0046017,False,-2.54,1.23,0,4804,12.04791123289485,Baltikhar
7320,0.000326745,75.80549695,35.00575276,False,-2.54,1.23,0,4795,11.949545450057064,Baltikhar
7321,0.000240979,75.80392999,35.00287523,False,-2.54,1.23,0,4829,12.296637092374196,Baltikhar
7322,0.000428784,75.80435965,35.00345122,False,-2.54,1.23,0,4833,12.224187336016579,Baltikhar
7323,0.00367507,75.77790815,35.02725944,False,-2.54,1.23,0,4719,9.649195595398153,Dapa
7324,6.19e-05,75.7789233,35.02727669,False,-2.54,1.23,0,4721,9.655148352247608,Dapa
7325,0.001179251,75.75300498,35.01309745,False,-2.54,1.23,0,4562,11.291615422229663,Dapa
7326,0.003113736,75.73149914,35.0225739,False,-2.54,1.23,0,4736,10.709325027512389,Dapa
7327,0.133096576,75.72540578,35.02717448,True,-2.54,1.23,0,4644,10.426360930507196,Dapa
7328,0.016858559,75.71673022,35.0271839,False,-2.54,1.23,0,4640,10.753266021272529,Dapa
7329,0.033161582,75.70773139,35.02988106,False,-2.54,1.23,0,4488,10.884275548909386,Dapa
7330,0.004880967,75.70942684,35.05873209,False,-2.54,1.23,0,4494,8.197603928923826,Dapa
7331,0.00355478,75.70888139,35.06008246,False,-2.54,1.23,0,4476,8.119689640804053,Dapa
7332,0.082718838,75.61722,34.91370009,False,-2.54,1.23,0,4636,14.824264708853326,Karabosh
7333,0.039974191,75.58309097,34.9143858,False,-2.54,1.23,0,4564,16.557442218307617,Karabosh
7334,0.015228878,75.58663261,34.91652338,False,-2.54,1.23,0,4572,16.55749353567519,Karabosh
7335,0.006067081,75.58520483,34.92198562,False,-2.54,1.23,0,4471,17.128698289523218,Karabosh
7336,0.004831401,75.56183718,34.93215042,False,-2.54,1.23,0,4631,19.304761043414363,Karabosh
7337,0.001796585,75.55685117,34.91490171,False,-2.54,1.23,0,4467,18.141912110688647,Karabosh
7338,0.005232105,75.58450912,34.90434226,False,-2.54,1.23,0,4672,15.598525942462679,Karabosh
7339,0.00667008,75.60443614,34.88783148,False,-2.54,1.23,0,4614,13.029900438331238,Karabosh
7340,0.020933014,75.59866592,34.82574365,False,-2.54,1.23,0,4379,9.188774612333379,Karabosh
7341,0.039677687,75.68482324,34.90829462,False,-2.54,1.23,0,4746,12.562789225783709,Karabosh
7342,0.001521658,75.68008843,34.91047534,False,-2.54,1.23,0,4758,12.835263520634657,Karabosh
7343,0.104625336,75.65218063,34.96164015,False,-2.54,1.23,0,4653,18.835265907871452,Karabosh
7344,0.00374747,75.62540395,34.94724108,False,-2.54,1.23,0,4573,17.94514982569052,Karabosh
7345,0.011372618,75.61520678,34.93131302,False,-2.54,1.23,0,4729,16.662059616062702,Karabosh
7346,0.004365641,75.61775405,34.92824582,False,-2.54,1.23,0,4764,16.254953356852997,Karabosh
7347,0.011322743,75.60091843,34.94925774,False,-2.54,1.23,0,4593,19.023902513332764,Karabosh
7348,0.011034721,75.6057291,34.95005691,False,-2.54,1.23,0,4616,18.916360514676764,Karabosh
7349,0.019683687,75.60613839,34.96213526,False,-2.54,1.23,0,4525,20.129661998884544,Karabosh
7350,0.144411216,75.59856633,34.92366642,True,-2.54,1.23,0,4541,16.62344673253398,Karabosh
7351,0.252931783,75.5920622,34.94654238,True,-2.54,1.23,0,4558,19.126002957195272,Karabosh
7352,0.088478976,75.69645864,34.88697422,False,-2.54,1.23,0,4600,10.180413811809515,Karabosh
7353,0.185004181,75.71242251,34.89299373,True,-2.54,1.23,0,4589,10.996808556024524,Karabosh
7354,0.0318692,75.71880829,34.89070497,False,-2.54,1.23,0,4584,10.860628659761039,Karabosh
7355,0.003342031,75.70492825,34.89125094,False,-2.54,1.23,0,4605,10.71091741755378,Karabosh
7356,0.141599875,75.6797781,34.88280741,True,-2.54,1.23,0,4619,9.777350672399827,Karabosh
7357,0.022928282,75.67968238,34.87552492,False,-2.54,1.23,0,4758,8.974771921967871,Karabosh
7358,0.000472616,75.68245473,34.87636737,False,-2.54,1.23,0,4792,9.038970375579126,Karabosh
7359,0.000341625,75.68391972,34.87811193,False,-2.54,1.23,0,4770,9.219926975590655,Karabosh
7360,0.023756871,75.68964164,34.8538362,False,-2.54,1.23,0,4673,6.493249911217029,Karabosh
7361,0.009084689,75.68936285,34.85573853,False,-2.54,1.23,0,4670,6.70561085942204,Karabosh
7362,0.018393304,75.68705544,34.85814073,False,-2.54,1.23,0,4652,6.983847998048148,Karabosh
7363,0.024499882,75.68842051,34.8608814,False,-2.54,1.23,0,4659,7.280744649971119,Karabosh
7364,0.027753356,75.69104009,34.86354599,False,-2.54,1.23,0,4716,7.569220593844959,Karabosh
7365,0.065940727,75.70831435,34.84585649,False,-2.54,1.23,0,4745,5.78842275816403,Karabosh
7366,0.04360091,75.70193394,34.84512332,False,-2.54,1.23,0,4750,5.589095747930049,Karabosh
7367,0.092968688,75.7161825,34.83984599,False,-2.54,1.23,0,4634,5.392448787321257,Karabosh
7368,0.001222921,75.74913996,34.8450359,False,-2.54,1.23,0,4117,7.567120652477487,Karabosh
7369,0.001204267,75.74927018,34.84919435,False,-2.54,1.23,0,4126,7.917886233035417,Karabosh
7370,0.00051397,75.74853957,34.84903963,False,-2.54,1.23,0,4129,7.861223911569209,Karabosh
7371,0.001948079,75.7454658,34.85179795,False,-2.54,1.23,0,4155,7.921127985214143,Karabosh
7372,0.006538567,75.73163163,34.86450907,False,-2.54,1.23,0,4504,8.472582166944528,Karabosh
7373,0.006087542,75.71228077,34.85936227,False,-2.54,1.23,0,4735,7.332985344279973,Karabosh
7374,0.001924863,75.71428218,34.86151189,False,-2.54,1.23,0,4733,7.610803266571767,Karabosh
7375,0.046860321,75.708685,34.86879986,False,-2.54,1.23,0,4757,8.288170983840823,Karabosh
7376,0.004801263,75.7122864,34.86849452,False,-2.54,1.23,0,4747,8.320527372584696,Karabosh
7377,0.174825996,75.71575629,34.87271002,True,-2.54,1.23,0,4664,8.84963996572559,Karabosh
7378,0.006419788,75.56603748,34.81878453,False,-2.54,1.23,0,4519,11.817388104429597,Karabosh
7379,0.007993936,75.68404071,34.84124767,False,-2.54,1.23,0,4613,5.1447138606255445,Karabosh
7380,0.062284511,75.58366586,34.82265605,False,-2.54,1.23,0,4456,10.370095132163828,Karabosh
7381,0.018287333,75.57951988,34.82025244,False,-2.54,1.23,0,4474,10.66074250888459,Karabosh
7382,0.01039882,75.58179493,34.81781862,False,-2.54,1.23,0,4484,10.392387775421284,Karabosh
7383,0.007003105,75.58142278,34.81260652,False,-2.54,1.23,0,4587,10.303016077399224,Karabosh
7384,0.004188226,75.58055624,34.82482763,False,-2.54,1.23,0,4440,10.71293265334626,Karabosh
7385,0.004469893,75.56013879,34.81383287,False,-2.54,1.23,0,4549,12.240019554876548,Karabosh
7386,0.011843245,75.53570336,34.81755636,False,-2.54,1.23,0,4636,14.50856343371343,Karabosh
7387,0.000304392,75.5340725,34.81755142,False,-2.54,1.23,0,4639,14.655245411069306,Karabosh
7388,0.002155894,75.5282818,34.81438986,False,-2.54,1.23,0,4581,15.124153696387676,Karabosh
7389,0.060305877,75.51354054,34.7907203,False,-2.54,1.23,0,4657,14.688715670809158,Gultari
7390,0.008852593,75.51314207,34.7925904,False,-2.54,1.23,0,4653,14.899810096062524,Gultari
7391,0.005856127,75.50390783,34.74169487,False,-1.77,1.53,0,4651,9.613817930817408,Gultari
7392,0.001294345,75.50216899,34.73670267,False,-1.77,1.53,0,4612,9.15192920858825,Gultari
7393,0.020703879,75.52221626,34.73447044,False,-1.77,1.53,0,4704,8.391554309902174,Gultari
7394,0.009637235,75.53489394,34.73206742,False,-1.77,1.53,0,4687,7.9839454160512755,Gultari
7395,0.001259759,75.53633568,34.7321308,False,-1.77,1.53,0,4679,7.984953964529664,Gultari
7396,0.004473169,75.5496543,34.7194455,False,-1.77,1.53,0,4833,6.632664091354506,Gultari
7397,0.000572017,75.56449558,34.72171995,False,-1.77,1.53,0,4688,7.191095897730086,Gultari
7398,0.002749021,75.57260642,34.72052023,False,-1.77,1.53,0,4642,7.3371601467607634,Gultari
7399,0.015220734,75.6448768,34.76462,False,-2.54,1.23,0,4320,5.52756437661045,Karabosh
7400,0.001883116,75.64373126,34.76383832,False,-2.54,1.23,0,4334,5.663561415368882,Karabosh
7401,0.00996992,75.66005757,34.75469396,False,-2.54,1.23,0,4598,5.408807377963667,Karabosh
7402,0.040986789,75.66570708,34.75099408,False,-2.54,1.23,0,4529,5.5119478812002205,Karabosh
7403,0.000604747,75.66581357,34.7475983,False,-1.77,1.53,0,4585,5.849189330748739,Karabosh
7404,0.00227689,75.65193689,34.75323488,False,-2.54,1.23,0,4586,5.972866658099007,Karabosh
7405,5.67e-05,75.65100616,34.75418147,False,-2.54,1.23,0,4591,5.944030549542432,Karabosh
7406,0.009785876,75.66753581,34.70443609,False,-1.77,1.53,0,4484,3.9219292671474233,Shawaran
7407,0.018567891,75.66969048,34.71539439,False,-1.77,1.53,0,4639,5.10691477862564,Shawaran
7408,0.039287535,75.7052567,34.56798554,False,-1.77,1.53,0,4649,9.571637061670806,بنیال
7409,0.038330016,75.70631947,34.55939237,False,-1.77,1.53,0,4753,10.168001052666158,بنیال
7410,0.00850488,75.70271557,34.55774192,False,-1.77,1.53,0,4783,10.529183111002958,بنیال
7411,0.000978784,75.70418154,34.55760241,False,-1.77,1.53,0,4798,10.447154085095105,بنیال
7412,0.000149994,75.70368524,34.55761021,False,-1.77,1.53,0,4793,10.477962976777633,بنیال
7413,0.006882186,75.68200293,34.54383829,False,-1.77,1.53,0,4621,11.971600624090208,Mushkoh
7414,0.000192238,75.67989509,34.53991695,False,-1.77,1.53,0,4708,11.520419288513715,Mushkoh
7415,0.003116728,75.66829771,34.5517877,False,-1.77,1.53,0,4523,11.923675998763793,Chamalung
7416,0.000529049,75.66882856,34.55174564,False,-1.77,1.53,0,4524,11.92525600528404,Chamalung
7417,0.000137311,75.66903438,34.55142702,False,-1.77,1.53,0,4521,11.959477752973966,Chamalung
7418,0.011134814,75.63626838,34.50805272,False,-1.77,1.53,0,4385,8.514038834996008,Mushkoh
7419,0.004416592,75.62557815,34.50519544,False,-1.77,1.53,0,4445,8.633002107078203,Mushkoh
7420,0.083346961,75.76536433,34.91810281,False,-2.54,1.23,0,4762,15.176424679211935,Karabosh
7421,0.003413569,75.75871069,34.92015526,False,-2.54,1.23,0,4836,15.12860890970639,Karabosh
7422,0.000222558,75.75784626,34.92165533,False,-2.54,1.23,0,4862,15.250486797808072,Karabosh
7423,0.034248343,75.77773792,34.92520969,False,-2.54,1.23,0,4829,16.395626018884812,Karabosh
7424,0.008803563,75.77551067,34.92209749,False,-2.54,1.23,0,4810,15.994639125423369,Karabosh
7425,0.00385054,75.77381457,34.92254097,False,-2.54,1.23,0,4814,15.965394778960839,Karabosh
7426,0.001242057,75.77155222,34.92076798,False,-2.54,1.23,0,4802,15.695096385429803,Karabosh
7427,0.001420608,75.79189201,34.90519278,False,-2.54,1.23,0,4898,15.210977026292815,Karabosh
7428,0.001464275,75.80831003,34.90494441,False,-2.54,1.23,0,4648,16.129785833195864,Karabosh
7429,0.098685518,75.8919402,34.88803913,False,-2.54,1.23,0,4885,18.186061250089438,Kusuro
7430,0.013414668,75.89071585,34.89354893,False,-2.54,1.23,0,4944,18.014609183981975,Kusuro
7431,0.016063875,75.88583731,34.8857413,False,-2.54,1.23,0,4874,18.797941867057386,Kusuro
7432,0.006031887,75.89137435,34.87796056,False,-2.54,1.23,0,4768,18.770391634575613,Kusuro
7433,0.000693811,75.89265724,34.87815194,False,-2.54,1.23,0,4768,18.658606092596305,Kusuro
7434,0.030845938,75.90629146,34.88163605,False,-2.54,1.23,0,4924,17.392058613402774,Kusuro
7435,0.011437194,75.92718827,34.87274326,False,-2.54,1.23,0,4801,16.38025494347486,Kusuro
7436,0.023068602,75.93174324,34.87663996,False,-2.54,1.23,0,4719,15.786710606789676,Kusuro
7437,0.016928789,75.94732644,34.87493002,False,-0.46,0.89,0,4677,14.807754412295951,Kusuro
7438,0.03610101,75.96236964,34.87871675,False,-0.46,0.89,0,4874,13.512035499125147,Kusuro
7439,0.020255005,75.9910671,34.88749258,False,-0.46,0.89,0,4681,11.003500944719681,Kusuro
7440,0.018527984,75.99796658,34.85781982,False,-0.46,0.89,0,4705,10.716735351986113,طورغن بالا
7441,0.043577376,75.96011399,34.81689437,False,-0.46,0.89,0,4822,13.48986666002949,طورغن بالا
7442,0.021914714,75.97720246,34.81022961,False,-0.46,0.89,0,4850,12.001113239824768,طورغن بالا
7443,0.005494167,75.97854744,34.81220158,False,-0.46,0.89,0,4837,11.853981399462942,طورغن بالا
7444,0.03415239,76.00169828,34.79570513,False,-0.46,0.89,0,4732,10.155412509802808,طورغن بالا
7445,0.035014963,75.99735643,34.79296889,False,-0.46,0.89,0,4783,10.627021471138846,طورغن بالا
7446,0.05005219,75.99461194,34.78854797,False,-0.46,0.89,0,4729,10.758788503797176,Hargosil
7447,0.040610589,75.98961694,34.79270772,False,-0.46,0.89,0,4825,11.307726243926194,طورغن بالا
7448,0.013544925,75.99183667,34.79547647,False,-0.46,0.89,0,4808,11.023746258754235,طورغن بالا
7449,0.005370497,75.9788224,34.79232479,False,-0.46,0.89,0,4866,12.244440484915467,Hargosil
7450,0.003626928,75.98056711,34.79012125,False,-0.46,0.89,0,4861,11.999972558779765,Hargosil
7451,0.037740683,76.00919953,34.78229469,False,-0.46,0.89,0,4627,9.257507680727933,Hargosil
7452,0.002668179,76.02748899,34.77306606,False,-0.46,0.89,0,4345,7.3141025799338415,Hargosil
7453,0.00471182,76.03103877,34.77407987,False,-0.46,0.89,0,4314,7.063706188661566,Hargosil
7454,0.000526707,76.02638063,34.77008909,False,-0.46,0.89,0,4364,7.285737792656516,Hargosil
7455,0.024032757,76.03755873,34.75365742,False,-0.46,0.89,0,4289,5.852604843774145,Hargosil
7456,0.001606785,76.03883482,34.75542392,False,-0.46,0.89,0,4280,5.764406925835506,Hargosil
7457,0.001144837,76.03583405,34.75291154,False,-0.46,0.89,0,4288,5.99985154636886,Hargosil
7458,0.0080031,76.01463803,34.73873407,False,-1.39,0.98,0,4674,7.961232372116496,Hargosil
7459,0.004925295,75.987951,34.74336257,False,-1.39,0.98,0,4761,10.351599640345745,Hargosil
7460,0.034716108,75.98516321,34.74759061,False,-1.39,0.98,0,4805,10.596925727085537,Hargosil
7461,0.005854662,75.98186391,34.75248954,False,-0.46,0.89,0,4836,10.648762337475551,Biakhalo
7462,0.002385486,75.98267294,34.75534277,False,-0.46,0.89,0,4861,10.860944678047739,Hargosil
7463,0.026214173,75.98955744,34.76104629,False,-0.46,0.89,0,4831,10.308822464433884,Hargosil
7464,0.004441191,75.99724488,34.75902027,False,-0.46,0.89,0,4735,9.58169396778983,Hargosil
7465,0.024467559,76.00002455,34.7621629,False,-0.46,0.89,0,4678,9.385273061679754,Hargosil
7466,0.001709805,76.03212894,34.74940701,False,-1.39,0.98,0,4302,6.3101688686673,Hargosil
7467,0.002396382,76.04135856,34.75105716,False,-0.46,0.89,0,4279,5.47853659840657,Hargosil
7468,0.000350584,76.03256562,34.7727865,False,-0.46,0.89,0,4303,6.876992196214261,Hargosil
7469,0.001820293,75.97512713,34.73183175,False,-1.39,0.98,0,4767,9.179074645065933,Biakhalo
7470,0.006651171,75.97590707,34.73297197,False,-1.39,0.98,0,4766,9.285783488896088,Biakhalo
7471,0.010428893,75.97849582,34.75649453,False,-0.46,0.89,0,4891,10.60349768224628,Biakhalo
7472,0.090292396,75.96240295,34.74099593,False,-1.39,0.98,0,4789,8.481403996213224,Biakhalo
7473,0.00402001,75.95886333,34.72609064,False,-1.39,0.98,0,4734,7.571174733833078,Biakhalo
7474,0.019425109,75.94100683,34.72243273,False,-1.39,0.98,0,4775,5.89113597731872,Biakhalo
7475,0.000641969,75.93635239,34.72313592,False,-1.77,1.53,0,4765,5.510878417561398,Biakhalo
7476,0.07593184,75.87207312,34.8575597,False,-2.54,1.23,0,4623,16.76479974297734,Biakhalo
7477,0.000897433,75.87244101,34.85907378,False,-2.54,1.23,0,4624,16.931734114862326,Biakhalo
7478,0.000289293,75.87287092,34.85880124,False,-2.54,1.23,0,4625,16.900023286537586,Biakhalo
7479,0.000336276,75.87202995,34.85920066,False,-2.54,1.23,0,4619,16.947278513147836,Biakhalo
7480,0.013877835,75.88186706,34.84826232,False,-2.54,1.23,0,4656,15.71932119995901,Biakhalo
7481,0.005407269,75.88823972,34.85991523,False,-2.54,1.23,0,4880,17.032646345312575,Biakhalo
7482,0.042266056,75.89396611,34.85947851,False,-2.54,1.23,0,4837,17.017067470438473,Biakhalo
7483,0.002211755,75.88872598,34.85588239,False,-2.54,1.23,0,4771,16.586960999035664,Biakhalo
7484,0.002252761,75.85373596,34.83599196,False,-2.54,1.23,0,4113,14.543180801894378,Biakhalo
7485,0.204474904,75.87048819,34.87789002,True,-2.54,1.23,0,4687,18.664749943104677,Karabosh
7486,0.011958707,75.87788236,34.8755232,False,-2.54,1.23,0,4686,18.74945502285494,Biakhalo
7487,0.000466976,75.87707859,34.8762065,False,-2.54,1.23,0,4686,18.826109626639447,Biakhalo
7488,0.000811459,75.88604947,34.87330747,False,-2.54,1.23,0,4799,18.51259071592488,Biakhalo
7489,0.030555625,75.81022362,34.85081822,False,-2.54,1.23,0,4626,12.39697508950318,Karabosh
7490,0.009932907,75.80954813,34.84620643,False,-2.54,1.23,0,4689,12.096293661660168,Karabosh
7491,0.00480429,75.80596085,34.84601762,False,-2.54,1.23,0,4722,11.797590816973626,Karabosh
7492,0.036339323,75.78478524,34.85274344,False,-2.54,1.23,0,4743,10.572346315432277,Karabosh
7493,0.020374529,75.781791,34.85852573,False,-2.54,1.23,0,4664,10.762525031143053,Karabosh
7494,0.027168783,75.77602667,34.84325333,False,-2.54,1.23,0,4628,9.30594869251905,Karabosh
7495,0.031452177,75.84068913,34.80162614,False,-2.54,1.23,0,4732,11.109382916891235,Biakhalo
7496,0.006414047,75.83664898,34.80136302,False,-2.54,1.23,0,4747,11.171236877029171,Akbar Abad
7497,0.000233264,75.83558769,34.8004513,False,-2.54,1.23,0,4745,11.035693252925181,Akbar Abad
7498,2.55e-05,75.8357792,34.80029918,False,-2.54,1.23,0,4747,11.041860620074537,Akbar Abad
7499,2.03e-05,75.83552464,34.80017748,False,-2.54,1.23,0,4744,11.014969110021568,Akbar Abad
7500,0.029552851,75.84834881,34.79674222,False,-2.54,1.23,0,4642,10.383496307166386,Biakhalo
7501,0.00145529,75.8473291,34.79837196,False,-2.54,1.23,0,4643,10.583334862196129,Biakhalo
7502,0.010516998,75.83191302,34.7937905,False,-2.54,1.23,0,4818,10.374104043360052,Akbar Abad
7503,0.002513782,75.80556638,34.82037173,False,-2.54,1.23,0,4671,10.390418098760438,Akbar Abad
7504,0.000349116,75.80547777,34.82003604,False,-2.54,1.23,0,4672,10.356651230202734,Akbar Abad
7505,0.000731847,75.81840102,34.80525053,False,-2.54,1.23,0,4761,10.053594478633572,Akbar Abad
7506,0.085796984,75.82481593,34.78301953,False,-2.54,1.23,0,4606,9.25857459866615,Akbar Abad
7507,0.000932173,75.83107618,34.77637066,False,-2.54,1.23,0,4699,8.895926162568031,Biakhalo
7508,0.002256221,75.84716511,34.77031594,False,-2.54,1.23,0,4761,7.640360337744688,Biakhalo
7509,0.000898431,75.84715542,34.77162829,False,-2.54,1.23,0,4765,7.775549594182406,Biakhalo
7510,0.015560678,75.83680075,34.75693964,False,-2.54,1.23,0,4811,6.788918202846548,Biakhalo
7511,0.00857248,75.84018745,34.75983115,False,-2.54,1.23,0,4676,6.888892087580067,Biakhalo
7512,0.00195605,75.81786153,34.75956234,False,-2.54,1.23,0,4681,7.301159575860305,Ginyal
7513,0.002796419,75.79890264,34.79889792,False,-2.54,1.23,0,4668,8.24063940122159,Akbar Abad
7514,0.006390484,75.72149645,34.53434207,False,-1.77,1.53,0,4532,10.685354481147648,Tisar
7515,0.041504747,75.71620722,34.52560362,False,-1.77,1.53,0,4625,10.02139252709517,Tisar
7516,0.000811987,75.7128979,34.52805351,False,-1.77,1.53,0,4632,10.40569598096268,Tisar
7517,0.001094126,75.71176643,34.52994641,False,-1.77,1.53,0,4596,10.640047190339658,Tisar
7518,0.048800138,75.37753302,35.16876039,False,-2.54,1.23,0,4628,19.406353561950127,Tandal
7519,0.022881098,75.3808406,35.16622607,False,-2.54,1.23,0,4682,19.438819098367826,Tandal
7520,0.031576775,75.39543485,35.16254782,False,-2.54,1.23,0,4642,18.98808670075,Tandal
7521,0.005496423,75.40100912,35.16224933,False,-2.54,1.23,0,4581,18.73648002905843,Tandal
7522,0.044368192,75.39653157,35.17324689,False,-2.54,1.23,0,4677,17.95674167524171,Tandal
7523,0.025849869,75.82287177,34.94449654,False,-2.54,1.23,0,4557,18.332339024483467,Mantho Nala
7524,0.019828166,75.827781,34.93663305,False,-2.54,1.23,0,4651,18.59686598682427,Mantho Nala
7525,0.141487801,75.4224344,35.18233863,True,-2.54,1.23,0,4530,15.809772284565442,Tandal
7526,0.016371852,75.41629064,35.18327858,False,-2.54,1.23,0,4544,16.0187935909537,Tandal
7527,0.004350278,75.45084743,35.17102071,False,-2.54,1.23,0,4648,14.975201680652175,Gamosh
7528,0.017266106,75.41829086,35.19826314,False,-2.54,1.23,0,4604,14.544034148614237,Tandal
7529,0.004586633,75.42503724,35.19725443,False,-2.54,1.23,0,4514,14.284199589963432,Tandal
7530,0.045048314,75.47119164,35.16400823,False,-2.54,1.23,0,4446,13.328773303669559,Gamosh
7531,0.001051703,75.22922418,34.64309874,False,2.99,2.06,0,4290,11.90814068285982,Gujran
7532,0.000175705,75.23077677,34.64407132,False,2.99,2.06,0,4292,12.000754658379911,Gujran
7533,0.003703184,75.23508263,34.64334235,False,2.99,2.06,0,4278,11.88739069236211,Gujran
7534,0.005098904,75.76268197,34.98682422,False,-2.54,1.23,0,4737,14.127375606102392,Dapa
7535,0.001854012,75.76967153,35.0048506,False,-2.54,1.23,0,4675,12.109766601097833,Dapa
7536,5.35e-05,75.80618947,35.00344078,False,-2.54,1.23,0,4802,12.179762010974455,Baltikhar
7537,0.007936242,75.56102591,34.72098929,False,-1.77,1.53,0,4673,7.019059723123659,Gultari
7538,0.025021095,75.45281629,35.18797878,False,-2.54,1.23,0,4553,13.990098496903942,Tandal
7539,0.201014507,75.44619762,35.44651803,True,-0.23,0.97,0,2282,0.8426325058196781,Kachura
7540,0.005360049,75.4588064,35.43073557,False,-0.23,0.97,0,2235,1.2776914156678703,Kachura
7541,0.045731491,75.45523863,35.42660558,False,-0.23,0.97,0,2242,1.51868926343793,Kachura
7542,0.038147217,75.4767475,35.22072202,False,-2.54,1.23,0,4607,9.80762276446467,Tandal
7543,0.003500157,75.49206824,35.22036439,False,-2.54,1.23,0,4425,9.474049830469983,Tandal
7544,0.000685768,75.48833382,35.21251435,False,-2.54,1.23,0,4586,10.39811857057407,Tandal
7545,0.008065503,75.47462693,35.23923153,False,-2.54,1.23,0,4816,7.978842344283728,Tandal
7546,0.029853171,75.36971735,35.12359811,False,-2.54,1.23,0,4517,23.409637653164168,Dadj
7547,0.008538865,75.37517705,35.1262067,False,-2.54,1.23,0,4462,22.85632857926664,Dadj
7548,0.039022613,75.47136307,35.16025166,False,-2.54,1.23,0,4452,13.42380913052702,Gamosh
7549,0.000601618,75.43595512,34.94044893,False,-2.54,1.23,0,3812,28.405718976894757,Karabosh
7550,0.000803662,75.33788874,34.97331165,False,-2.54,1.23,0,3929,22.524370694588274,Chillum
7551,0.000903126,75.32572056,34.96837032,False,-2.54,1.23,0,3928,21.655615773161774,Chillum
7552,0.001086697,75.34035597,34.93702539,False,-2.54,1.23,0,3964,24.274176845389437,Chillum
7553,0.00165234,75.35541615,34.92388426,False,-2.54,1.23,0,3944,26.168077363498714,Chillum
7554,0.000541035,75.3638238,34.92705226,False,-2.54,1.23,0,3909,26.683774481612883,Chillum
7555,0.00090673,76.02876093,34.95200613,False,-0.46,0.89,0,4280,3.889304947982429,Kusuro
7556,0.095042561,76.01650161,34.90718884,False,-0.46,0.89,0,4779,7.839739721162511,Kusuro
7557,0.004724768,76.01438887,34.90239985,False,-0.46,0.89,0,4857,8.380112276895838,Kusuro
7558,0.000191072,76.01454786,34.90183337,False,-0.46,0.89,0,4865,8.422092133669262,Kusuro
7559,0.000168112,76.01444896,34.90206452,False,-0.46,0.89,0,4865,8.406773944170224,Kusuro
7560,0.0205103,76.02353443,34.91395685,False,-0.46,0.89,0,4672,6.852102782646138,Kusuro
7561,0.019315965,76.02613418,34.91126199,False,-0.46,0.89,0,4688,6.955136989490815,Kusuro
7562,0.012954198,76.0466184,34.91042761,False,-0.46,0.89,0,4619,6.18229739421729,Kusuro
7563,0.02128409,76.05245139,34.8560706,False,-0.46,0.89,0,4627,6.209249446498732,طورغن بالا
7564,0.009820047,76.03928602,34.84989374,False,-0.46,0.89,0,4703,6.899420757246964,طورغن بالا
7565,0.011960983,76.03311002,34.81880549,False,-0.46,0.89,0,4371,6.8261886805447425,طورغن بالا
7566,0.014271911,75.87847165,34.53138591,False,-1.77,1.53,0,4763,7.879803129913556,Khebar
7567,0.000416146,75.87320941,34.53838889,False,-1.77,1.53,0,4824,8.76455936279403,Khebar
7568,0.003333709,75.86951531,34.53959837,False,-1.77,1.53,0,4867,9.102271401571297,Khebar
7569,0.000314337,75.87056238,34.54069817,False,-1.77,1.53,0,4871,9.1173747661,Khebar
7570,0.001096047,75.85563621,34.53964326,False,-1.77,1.53,0,4931,9.320573097475028,Palawar
7571,0.003011727,75.89614689,34.57826895,False,-1.77,1.53,0,4685,5.328825610315293,Thanote
7572,0.008204731,75.90318631,34.5348644,False,-1.77,1.53,0,4797,6.389904916627921,Shimsha Badogrong
7573,0.007729225,75.9053075,34.5350166,False,-1.77,1.53,0,4795,6.24693388100389,Shimsha Badogrong
7574,0.018434362,75.96119254,34.7602248,False,-0.46,0.89,0,4715,9.541202997377319,Biakhalo
7575,0.000872114,75.92683112,34.7895499,False,-2.54,1.23,0,4396,10.160421590287717,Biakhalo
7576,0.041876927,75.96148395,34.80588832,False,-0.46,0.89,0,4751,13.318667594544909,Biakhalo
7577,0.058858634,75.94070936,34.82507818,False,-0.46,0.89,0,4862,14.284044427421936,Biakhalo
7578,0.018768515,75.93842677,34.83045223,False,-0.46,0.89,0,4894,14.75805808639314,Biakhalo
7579,0.052353337,75.94069492,34.84347575,False,-0.46,0.89,0,4725,15.402115438086026,طورغن بالا
7580,0.139366641,75.94172455,34.85872433,True,-0.46,0.89,0,4796,15.644551854032192,طورغن بالا
7581,0.000531975,75.94947279,34.85622364,False,-0.46,0.89,0,4861,14.890800060709594,طورغن بالا
7582,0.003395199,75.91697822,34.87418028,False,-2.54,1.23,0,4964,17.033324302087703,Kusuro
7583,0.034625929,75.9160144,34.90284148,False,-2.54,1.23,0,4708,15.487276135341318,Kusuro
7584,0.01977616,75.91992326,34.90194969,False,-2.54,1.23,0,4717,15.210365466710691,Kusuro
7585,0.014618922,75.90479919,34.91594805,False,-2.54,1.23,0,4605,15.878757200146438,Kusuro
7586,0.002205323,75.91919263,34.91100654,False,-2.54,1.23,0,4624,14.85049735028375,Kusuro
7587,0.000287081,75.90396205,34.88220785,False,-2.54,1.23,0,4929,17.541324992498748,Kusuro
7588,0.003021414,75.78955404,34.83304218,False,-2.54,1.23,0,4714,9.80984964683789,Karabosh
7589,0.002731448,75.84205695,34.91467812,False,-2.54,1.23,0,4852,19.03514118828078,Karabosh
7590,0.000715795,75.84548367,34.91651519,False,-2.54,1.23,0,4821,19.193526489129614,Mantho Nala
7591,0.001259357,75.84797031,34.92799485,False,-2.54,1.23,0,4908,18.054360465128482,Mantho Nala
7592,0.00052819,75.84841102,34.92763109,False,-2.54,1.23,0,4920,18.060048886869563,Mantho Nala
7593,0.023887859,75.87868202,34.94145308,False,-2.54,1.23,0,4747,15.1654475581259,Mantho Nala
7594,0.046401598,75.87465098,34.94347168,False,-2.54,1.23,0,4715,15.198516225877029,Mantho Nala
7595,0.000455945,75.87607242,34.94075746,False,-2.54,1.23,0,4756,15.366019886137304,Mantho Nala
7596,4.4e-05,75.87606005,34.94098914,False,-2.54,1.23,0,4756,15.34573082173583,Mantho Nala
7597,0.000787375,75.87871905,34.94302162,False,-2.54,1.23,0,4728,15.020982412879388,Mantho Nala
7598,0.000628565,75.87153826,34.9418105,False,-2.54,1.23,0,4799,15.516482802058897,Mantho Nala
7599,0.004768911,75.87858434,34.95159945,False,-2.54,1.23,0,4646,14.261581188850249,Mantho Nala
7600,0.000773075,75.87981429,34.96071384,False,-2.54,1.23,0,4488,13.401156646220446,Mantho Nala
7601,0.002115957,75.85045588,34.96474098,False,-2.54,1.23,0,4818,14.958088363047572,Mantho Nala
7602,0.000108225,75.84884879,34.96575631,False,-2.54,1.23,0,4830,14.995311152769274,Mantho Nala
7603,0.008662125,75.85372023,34.97453986,False,-2.54,1.23,0,4629,14.031600470257397,Mantho Nala
7604,0.033203367,75.77819873,34.96747381,False,-2.54,1.23,0,4667,16.285615019418987,Dapa
7605,0.008049642,75.77471663,34.96982248,False,-2.54,1.23,0,4694,16.012038954603508,Dapa
7606,0.001109395,75.74674778,34.96470952,False,-2.54,1.23,0,4785,16.700906318453807,Dapa
7607,0.001517314,75.74103276,34.9631468,False,-2.54,1.23,0,4711,16.944791540116608,Dapa
7608,0.002352705,75.73927487,34.96327359,False,-2.54,1.23,0,4700,16.955997766583046,Dapa
7609,0.056403664,75.73422913,34.96265434,False,-2.54,1.23,0,4693,17.103944095298775,Dapa
7610,0.00265835,75.7317571,34.96116742,False,-2.54,1.23,0,4688,17.309530912614175,Dapa
7611,0.050842889,75.7376402,34.95482021,False,-2.54,1.23,0,4807,17.907690482510866,Dapa
7612,0.06111909,75.72902688,34.9508626,False,-2.54,1.23,0,4678,17.598943639136564,Karabosh
7613,0.01544526,75.72630457,34.95598092,False,-2.54,1.23,0,4702,17.976975208234997,Dapa
7614,0.25344713,75.76240869,34.94671218,True,-2.54,1.23,0,4778,17.99049769220942,Karabosh
7615,0.000387124,75.76947126,34.94533233,False,-2.54,1.23,0,4857,18.088020794477384,Karabosh
7616,5.85e-05,75.76836203,34.94469477,False,-2.54,1.23,0,4858,17.98346887384053,Karabosh
7617,0.044498851,75.7104135,34.92131055,False,-2.54,1.23,0,4688,14.088470142729944,Karabosh
7618,0.011829757,75.71349133,34.91870972,False,-2.54,1.23,0,4687,13.83770496296675,Karabosh
7619,0.02299482,75.71594737,34.92286731,False,-2.54,1.23,0,4687,14.32761853443183,Karabosh
7620,0.012901705,75.7099889,34.9287421,False,-2.54,1.23,0,4710,14.905196692383306,Karabosh
7621,0.094864073,75.70841918,34.93827886,False,-2.54,1.23,0,4641,15.945994270859458,Karabosh
7622,0.029242718,75.70034692,34.92952682,False,-2.54,1.23,0,4661,14.923016438992398,Karabosh
7623,0.007331238,75.68874573,34.92217102,False,-2.54,1.23,0,4766,14.090901509029372,Karabosh
7624,0.006677673,75.6037728,34.89449033,False,-2.54,1.23,0,4510,13.656595138453348,Karabosh
7625,0.022093627,75.66152285,35.08358002,False,-2.54,1.23,0,4636,10.370898270133784,Dapa
7626,0.009498079,75.64678884,35.07622541,False,-2.54,1.23,0,4623,11.45643131798826,Dadj
7627,0.058534284,75.66291459,35.11374079,False,-2.54,1.23,0,4394,8.064465909165744,Dadj
7628,0.010476273,75.65688833,35.10770376,False,-2.54,1.23,0,4544,8.414118153033142,Dadj
7629,0.001229611,75.65777694,35.10931743,False,-2.54,1.23,0,4548,8.285012600606894,Dadj
7630,0.006159519,75.65017066,35.09490525,False,-2.54,1.23,0,4575,9.529389074482664,Dadj
7631,0.008687377,75.64258757,35.09487586,False,-2.54,1.23,0,4456,9.349833568320966,Dadj
7632,0.035753336,75.6310914,35.11942072,False,-2.54,1.23,0,4497,6.464660284103879,Dadj
7633,0.002539376,75.63012099,35.12243874,False,-2.54,1.23,0,4482,6.11896961287825,Dadj
7634,0.061360294,75.62939099,35.12559192,False,-2.54,1.23,0,4452,5.762192118416964,Dadj
7635,0.037224325,75.63183822,35.13162231,False,-2.54,1.23,0,4355,5.148477410620978,Dadj
7636,0.006723162,75.64977966,35.13885067,False,-2.54,1.23,0,4518,5.059742751158655,Dadj
7637,0.036096,75.65516014,35.12464784,False,-2.54,1.23,0,4545,6.661537379202185,Dadj
7638,0.001784368,75.65064453,35.12502495,False,-2.54,1.23,0,4619,6.4305682191877995,Dadj
7639,0.009740641,75.59635511,35.04851513,False,-2.54,1.23,0,4468,14.399302514306367,Dadj
7640,0.003772577,75.59183246,35.03904773,False,-2.54,1.23,0,4567,15.50200449898645,Dadj
7641,0.010838772,75.6015805,35.03691612,False,-2.54,1.23,0,4561,15.622027206305622,Dadj
7642,0.007660905,75.675482,35.07604875,False,-2.54,1.23,0,4582,9.516941037289117,Dapa
7643,0.019927161,75.70670995,35.00545151,False,-2.54,1.23,0,4705,13.325829626149645,Dapa
7644,0.000988529,75.70868294,35.00726763,False,-2.54,1.23,0,4719,13.066642455217787,Dapa
7645,0.021036673,75.69531733,35.00417704,False,-2.54,1.23,0,4717,13.92545982862495,Dapa
7646,0.011961383,75.69282876,35.0093305,False,-2.54,1.23,0,4742,13.54196133709723,Dapa
7647,0.036776078,75.67145369,35.017828,False,-2.54,1.23,0,4609,13.900510519320665,Dapa
7648,0.005044078,75.6785426,35.0124611,False,-2.54,1.23,0,4666,13.972511144529195,Dapa
7649,0.004108708,75.68174321,35.02900952,False,-2.54,1.23,0,4501,12.345846273323213,Dapa
7650,0.013511104,75.72912561,35.00309041,False,-2.54,1.23,0,4651,12.839563376124312,Dapa
7651,0.078541361,75.55128783,34.91637741,False,-2.54,1.23,0,4505,18.609635571104068,Karabosh
7652,0.005356906,75.55264897,34.80296306,False,-2.54,1.23,0,4668,12.78052023060794,Karabosh
7653,0.169901058,75.54420205,34.80736987,True,-2.54,1.23,0,4687,13.588778022077378,Karabosh
7654,0.006183445,75.53432934,34.80000219,False,-2.54,1.23,0,4727,14.435170781157547,Karabosh
7655,0.000839995,75.53186336,34.80160863,False,-2.54,1.23,0,4745,14.667272671478836,Karabosh
7656,0.011340995,75.50323793,34.75803811,False,-2.54,1.23,0,4504,11.35764469767374,Gultari
7657,0.002868939,75.48488403,34.73550189,False,-1.77,1.53,0,4646,9.737775581255962,Gultari
7658,0.030907128,75.3948759,34.62010462,False,-1.77,1.53,0,4421,13.977521342061019,Gultari
7659,0.040131831,75.46983003,34.54175847,False,-1.77,1.53,0,4548,14.654170014106706,Gultari
7660,0.007109168,75.46663351,34.542323,False,-1.77,1.53,0,4542,14.728044976241392,Gultari
7661,0.005913592,75.47437143,34.54030683,False,-1.77,1.53,0,4543,14.625061058917058,Gultari
7662,0.002569384,75.47312109,34.53974169,False,-1.77,1.53,0,4543,14.72937003751272,Gultari
7663,0.00286015,75.4610209,34.54202255,False,-1.77,1.53,0,4637,14.997336217919361,Gultari
7664,0.007076994,75.4813789,34.52634575,False,-1.77,1.53,0,4597,15.827491500501766,Gultari
7665,0.005337042,75.48625444,34.53223846,False,-1.77,1.53,0,4548,15.061494848855233,Gultari
7666,0.007541867,75.54846617,34.5100105,False,-1.77,1.53,0,4733,13.382881057750405,Pandrass
7667,0.006435203,75.55273097,34.50455356,False,-1.77,1.53,0,4912,12.661867346689949,Pandrass
7668,0.00460594,75.5621516,34.56111695,False,-1.77,1.53,0,4021,9.463593507463857,Sumoluk
7669,0.003852244,75.53354893,34.51880606,False,-1.77,1.53,0,4676,14.788483904170675,Sumoluk
7670,0.002169134,75.54192034,34.52999962,False,-1.77,1.53,0,4691,13.348170388573857,Sumoluk
7671,0.000217119,75.52825419,34.53460844,False,-1.77,1.53,0,4487,13.392478288063089,Sumoluk
7672,0.06148972,75.63864708,34.49473851,False,-1.77,1.53,0,4608,7.062525841997931,Mushkoh
7673,0.016311876,75.49600803,34.54708426,False,-1.77,1.53,0,4682,13.213932511925048,Gultari
7674,0.000996767,75.58651162,34.51214748,False,-1.77,1.53,0,4706,11.347382912285504,Mushkoh
7675,0.000517447,75.58729725,34.51169267,False,-1.77,1.53,0,4703,11.261546608568823,Mushkoh
7676,0.00111666,75.58849375,34.5122174,False,-1.77,1.53,0,4707,11.231761262580438,Mushkoh
7677,0.006026362,75.49166956,34.5386788,False,-1.77,1.53,0,4708,14.225248740311065,Gultari
7678,0.018373336,75.6120065,34.49147138,False,-1.77,1.53,0,4683,8.076607956963331,Mushkoh
7679,0.001745172,75.64243181,34.48704431,False,-1.77,1.53,0,4593,6.139845600965422,Mushkoh
7680,0.00788599,75.64281006,34.50055951,False,-1.77,1.53,0,4542,7.525025123657324,Mushkoh
7681,0.000211396,75.6424533,34.49520449,False,-1.77,1.53,0,4630,6.977128715698818,Mushkoh
7682,0.003226666,75.63201229,34.51974972,False,-1.77,1.53,0,4613,9.868306815304368,Mushkoh
7683,0.005093464,75.62461761,34.51911039,False,-1.77,1.53,0,4641,10.061264119283667,Mushkoh
7684,0.005695515,75.74348737,34.5055437,False,-1.77,1.53,0,4573,6.9695255829671385,Tisar
7685,0.091600505,75.74944935,34.51155144,False,-1.77,1.53,0,4692,7.462887167449763,Tisar
7686,0.001595088,75.75444751,34.51211152,False,-1.77,1.53,0,4759,7.434108574639406,Tisar
7687,0.072377107,75.77152949,34.52307981,False,-1.77,1.53,0,4587,8.557611202440198,Tisar
7688,0.000598891,75.77134387,34.51931915,False,-1.77,1.53,0,4671,8.139099756946447,Tisar
7689,0.003059011,75.7849855,34.52051081,False,-1.77,1.53,0,4709,8.41280597470016,Tisar
7690,0.000874892,75.76998592,34.5272024,False,-1.77,1.53,0,4571,9.011548633304718,Tisar
7691,0.000600946,75.78202496,34.49767661,False,-1.77,1.53,0,4633,5.871347184439765,Tisar
7692,0.012565057,75.80847615,34.5091208,False,-1.77,1.53,0,4688,7.926675007525347,Tisar
7693,0.012946638,75.86015138,34.77251569,False,-2.54,1.23,0,4552,7.503696937491033,Biakhalo
7694,0.007741506,75.86699422,34.77449802,False,-2.54,1.23,0,4521,7.600233766987525,Biakhalo
7695,0.007873928,75.87148657,34.77569668,False,-2.54,1.23,0,4418,7.682702403109603,Biakhalo
7696,0.006664133,75.92291057,34.84081407,False,-2.54,1.23,0,4607,15.411124584316878,Biakhalo
7697,0.002500347,75.92007259,34.83544766,False,-2.54,1.23,0,4548,14.768080502715089,Biakhalo
7698,0.028600326,75.72486999,35.04461409,False,-2.54,1.23,0,4610,8.690208643528393,Dapa
7699,0.008202917,75.72757564,35.03948872,False,-2.54,1.23,0,4616,9.092555906683453,Dapa
7700,0.004094275,75.72342332,35.05330562,False,-2.54,1.23,0,4514,7.916763173436485,Dapa
7701,2.213478561,75.63054643,35.23008247,True,-2.54,1.23,0,2635,4.334966817021128,Gamosh
7702,0.03292872,75.50716049,35.17175879,False,-2.54,1.23,0,4544,9.947684007257067,Gamosh
7703,0.119347696,75.5208563,35.17146002,False,-2.54,1.23,0,4553,8.755870702567695,Gamosh
7704,0.010851446,75.53816341,35.16571959,False,-2.54,1.23,0,4570,7.417766828672323,Pololo
7705,0.005458527,75.53621694,35.16319391,False,-2.54,1.23,0,4580,7.6617489374910015,Dadj
7706,0.014053437,75.5324292,35.16334392,False,-2.54,1.23,0,4604,7.995924453214617,Pololo
7707,0.00513374,75.54006657,35.15925348,False,-2.54,1.23,0,4517,7.421373348303468,Dadj
7708,0.045771232,75.53677017,35.15300688,False,-2.54,1.23,0,4539,7.914560115124388,Dadj
7709,0.089028342,75.54634078,35.14745053,False,-2.54,1.23,0,4442,7.351894470869502,Dadj
7710,0.003310785,75.55402718,35.15165442,False,-2.54,1.23,0,4345,6.5192659467645635,Dadj
7711,0.003296471,75.56064471,35.15556995,False,-2.54,1.23,0,4308,5.79088914323996,Dadj
7712,0.00720022,75.54107781,35.13966168,False,-2.54,1.23,0,4570,8.183879788423305,Dadj
7713,0.012488236,75.54743201,35.13862872,False,-2.54,1.23,0,4500,7.752315401599114,Dadj
7714,0.016730438,75.42723963,35.25924103,False,-0.23,0.97,0,3887,9.215653266758899,Tandal
7715,0.038111471,75.56428879,34.72698167,False,-1.77,1.53,0,4603,7.742778346959448,Gultari
7716,0.00618701,75.56650112,34.76077001,False,-2.54,1.23,0,4207,11.431245527597783,Gultari
7717,0.012212478,75.57457167,34.82987942,False,-2.54,1.23,0,4505,11.410083539968884,Karabosh
7718,0.001388419,75.2600384,34.74775247,False,2.99,2.06,0,3843,17.180290230716285,Minimarg
7719,0.000552041,75.37094159,34.5653269,False,-1.77,1.53,0,4454,9.350022801762913,Gujrind
7720,0.001240052,75.4204736,34.78637284,False,-2.54,1.23,0,4519,17.744188380146053,Gultari
7721,0.001836419,75.55596974,35.03822929,False,-2.54,1.23,0,4016,16.425545961598115,Dadj
7722,0.109333388,75.57936408,35.09572151,False,-2.54,1.23,0,4376,9.694123293508138,Dadj
7723,0.001241346,75.57868311,35.09888686,False,-2.54,1.23,0,4373,9.392021485171407,Dadj
7724,0.004863105,75.61730231,34.99002441,False,-2.54,1.23,0,4509,19.51789411636863,Dapa
7725,0.006192809,75.55540744,34.70229695,False,-1.77,1.53,0,4507,4.880591334951266,Gultari
7726,0.001926997,75.43280623,34.51977456,False,-1.77,1.53,0,4265,14.265141857299355,Gujrind
7727,0.000660169,75.61934879,34.53095102,False,-1.77,1.53,0,4736,11.460289121647753,Mushkoh
7728,0.001205993,75.63708221,34.52644442,False,-1.77,1.53,0,4622,10.4255394177049,Mushkoh
7729,0.004431249,75.76625101,34.4826564,False,-1.77,1.53,0,4330,4.058936744418454,Tisar
7730,0.000412072,75.81150632,34.9404156,False,-2.54,1.23,0,4814,18.948947985910497,Baltikhar
7731,0.00071981,75.79889887,34.93557615,False,-2.54,1.23,0,4808,18.363282727703517,Karabosh
7732,0.000760101,75.79802745,34.93658129,False,-2.54,1.23,0,4819,18.416401733159713,Karabosh
7733,0.000488685,75.79799565,34.93853777,False,-2.54,1.23,0,4798,18.600524854669864,Karabosh
7734,0.001206638,75.79229659,34.93899477,False,-2.54,1.23,0,4767,18.380512378387458,Karabosh
7735,0.001537984,75.7889148,34.94264068,False,-2.54,1.23,0,4684,18.585209311237925,Karabosh
7736,0.000158042,75.78449572,34.94487787,False,-2.54,1.23,0,4714,18.61903059521253,Karabosh
7737,0.000441151,75.84336834,34.94687013,False,-2.54,1.23,0,4773,16.785541175795384,Mantho Nala
7738,0.001181019,75.83154816,34.97100026,False,-2.54,1.23,0,4690,15.373572376913756,Baltikhar
7739,0.001046188,75.81383802,34.9575188,False,-2.54,1.23,0,4456,17.036647731067372,Baltikhar
7740,0.00171729,75.90024522,34.92818444,False,-2.54,1.23,0,4557,15.442260141089987,Mantho Nala
7741,0.002276916,75.86436025,35.03406744,False,-2.54,1.23,0,4779,8.578167472697682,Baltikhar
7742,0.001630175,75.84599734,35.03120164,False,-2.54,1.23,0,4700,8.658322885656473,Baltikhar
7743,0.003819338,75.83287072,35.02442349,False,-2.54,1.23,0,4665,9.440171070554882,Baltikhar
7744,0.005990728,75.83140561,35.02253325,False,-2.54,1.23,0,4672,9.661877628070599,Baltikhar
7745,0.001424342,75.82252926,35.03143851,False,-2.54,1.23,0,4695,8.802938778146498,Baltikhar
7746,0.012223983,75.803638,35.0160036,False,-2.54,1.23,0,4629,10.911874383849543,Baltikhar
7747,0.000389427,75.81836717,35.05243708,False,-2.54,1.23,0,4282,6.644562179167888,Baltikhar
7748,0.016708168,75.57145841,35.02327023,False,-2.54,1.23,0,4025,17.59687447766894,Dadj
7749,0.026604538,75.77055295,35.00068643,False,-2.54,1.23,0,4695,12.573220870750013,Dapa
7750,0.000113073,75.76948837,35.00159296,False,-2.54,1.23,0,4698,12.471975477213837,Dapa
7751,0.003070272,75.50579117,35.20226848,False,-2.54,1.23,0,4642,9.811086481799938,Gamosh
7752,0.000343689,75.50332865,35.215835,False,-2.54,1.23,0,4576,9.826638563734708,Tandal
7753,0.002886816,75.39340621,35.17229034,False,-2.54,1.23,0,4697,18.210477042950316,Tandal
7754,0.000781813,75.41102644,35.17276247,False,-2.54,1.23,0,4684,17.261146520491938,Tandal
7755,0.013747504,75.50041608,34.81308002,False,-2.54,1.23,0,4588,17.354083670071542,Gultari
7756,0.000767425,75.67943361,34.73518667,False,-1.77,1.53,0,4508,5.071911243876198,Akbar Abad
7757,0.003452628,75.67731591,34.73512663,False,-1.77,1.53,0,4513,5.258828443464467,Akbar Abad
7758,0.000511175,75.67622099,34.73578112,False,-1.77,1.53,0,4511,5.334438016339954,Akbar Abad
7759,0.000776177,75.68084653,34.60302304,False,-1.77,1.53,0,4368,6.211703690875203,Chamalung
7760,0.136956501,75.64901574,34.49118073,True,-1.77,1.53,0,4522,6.356105799833466,Mushkoh
7761,0.012054036,75.7395883,34.91439684,False,-2.54,1.23,0,4740,13.908245762090738,Karabosh
7762,0.00688481,75.71908388,34.9193318,False,-2.54,1.23,0,4683,13.986210068231866,Karabosh
7763,0.001133858,75.81543944,35.00461365,False,-2.54,1.23,0,4901,11.854656559971348,Baltikhar
7764,0.00979466,75.84552375,34.74412291,False,-1.77,1.53,0,4595,5.166938415629812,Biakhalo
7765,0.000645792,75.8952603,34.89643606,False,-2.54,1.23,0,4973,17.50294741805888,Kusuro
7766,0.001215116,75.95485835,34.92165897,False,-0.46,0.89,0,4898,11.395091155209899,Kusuro
7767,0.002893817,75.9657775,34.84099569,False,-0.46,0.89,0,4842,13.097317822763037,طورغن بالا
7768,0.001748157,75.95886812,34.82375072,False,-0.46,0.89,0,4876,13.5833416641945,طورغن بالا
7769,0.002365227,75.97468377,34.79371791,False,-0.46,0.89,0,4901,12.583985122088842,طورغن بالا
7770,0.030001336,73.53707521,34.97838668,False,0.22,1.74,0,3959,22.021522321887733,Kaghan
7771,0.001000919,73.53466996,34.97984678,False,0.22,1.74,0,3961,22.173072685994633,Kaghan
7772,0.000162179,73.53276084,34.98051505,False,0.22,1.74,0,3959,22.240484006751668,Kaghan
7773,0.004897536,73.54184967,34.96547152,False,0.22,1.74,0,4347,20.617151192181453,Kaghan
7774,0.000372188,73.53875791,34.96691568,False,0.22,1.74,0,4314,20.75723641902897,Kaghan
7775,0.000532171,73.52951911,34.92172496,False,0.22,1.74,0,4255,15.697099512944199,Kaghan
7776,9.54e-05,73.53621032,34.92672556,False,0.22,1.74,0,4296,16.28270714921587,Kaghan
7777,0.009603544,73.54152395,34.95232635,False,0.22,1.74,0,4235,19.157833734290882,Kaghan
7778,0.000736572,73.51543429,34.98116663,False,0.22,1.74,0,3783,21.894908804839773,Oshato
7779,0.000100028,73.50511529,34.93086046,False,0.22,1.74,0,4394,16.79538181479755,Kaghan
7780,0.003211584,73.49049334,34.91018916,False,0.22,1.74,0,4182,14.730604661082229,Kaghan
7781,0.003767119,73.48909589,34.90655779,False,0.22,1.74,0,4248,14.363821831181795,Kaghan
7782,0.001257962,73.4956396,34.91007973,False,0.22,1.74,0,4365,14.62790164088429,Kaghan
7783,0.00036735,73.49816355,34.91347722,False,0.22,1.74,0,4412,14.96156310882116,Kaghan
7784,0.000236929,73.49812946,34.91438477,False,0.22,1.74,0,4399,15.061698548232172,Kaghan
7785,0.02880006,73.58031286,34.78599941,False,0.22,1.74,0,4096,5.163354015097882,Kaghan
7786,0.012437288,73.61496901,34.82068111,False,0.22,1.74,0,4062,9.412409580929495,Kaghan
7787,0.007710999,73.63426472,34.9634288,False,0.22,1.74,0,4127,13.552867559293144,Batakundi
7788,0.002915982,73.63505734,34.96082567,False,0.22,1.74,0,4168,13.408001293663016,Batakundi
7789,0.001094879,73.63265738,34.96110349,False,0.22,1.74,0,4154,13.62750532173341,Batakundi
7790,0.001030008,73.63262326,34.96497264,False,0.22,1.74,0,4110,13.743652933116138,Batakundi
7791,0.008752403,73.61925099,34.95575213,False,0.22,1.74,0,4085,14.689640819843564,Batakundi
7792,0.000380724,73.61781412,34.9596892,False,0.22,1.74,0,4139,14.906772434929774,Batakundi
7793,0.006613566,73.64307131,34.97215873,False,0.22,1.74,0,4208,13.09157484711477,Batakundi
7794,0.01132745,73.63487734,34.98316111,False,0.22,1.74,0,4208,14.248732766728795,Batakundi
7795,0.003385461,73.62001441,34.98476543,False,0.22,1.74,0,4065,15.562006122227544,Batakundi
7796,0.056684326,73.65603676,34.99223334,False,0.22,1.74,0,4028,13.016550542419152,Batakundi
7797,0.019031938,73.65042927,34.99700276,False,0.22,1.74,0,4019,13.731163337822355,Batakundi
7798,0.010628924,73.65515601,34.99615919,False,0.22,1.74,0,4025,13.318516213374027,Batakundi
7799,0.000183935,73.65568623,34.99761267,False,0.22,1.74,0,4021,13.367464492424528,Batakundi
7800,0.003529895,73.65624721,34.99422424,False,0.22,1.74,0,4029,13.118221931341393,Batakundi
7801,0.00624775,73.64478904,35.00850129,False,0.22,1.74,0,4036,14.873075040474156,Batakundi
7802,0.000956845,73.63793832,35.01409865,False,0.22,1.74,0,4227,15.743315688779605,Batakundi
7803,0.008247892,73.66826631,35.00572771,False,0.22,1.74,0,4121,12.992955872623511,Batakundi
7804,0.005335459,73.67042892,35.00637353,False,0.22,1.74,0,4098,12.889483790913966,Batakundi
7805,0.076728561,73.65181771,35.02327467,False,0.22,1.74,0,3679,15.4037052936976,Batakundi
7806,0.001647122,73.66033164,35.01614069,False,0.22,1.74,0,3917,14.296963924582869,Batakundi
7807,0.00045051,73.66070951,35.01509532,False,0.22,1.74,0,3911,14.194109177696852,Batakundi
7808,0.000542668,73.66096921,35.01560723,False,0.22,1.74,0,3914,14.214155324757662,Batakundi
7809,0.000310095,73.60459305,34.97613922,False,0.22,1.74,0,3542,16.549013560651066,Batakundi
7810,0.006088801,73.5183748,35.01723056,False,0.22,1.74,0,3379,18.081009467826224,Oshato
7811,0.05942596,73.51420653,35.0191745,False,0.22,1.74,0,3378,17.768640814194352,Oshato
7812,0.003900562,73.51114105,35.01957664,False,0.22,1.74,0,3381,17.6528035364976,Oshato
7813,0.003618726,73.50421862,35.02067118,False,0.22,1.74,0,3346,17.385037172138343,Oshato
7814,0.074350475,73.49566766,35.3717405,False,6.1,1.01,0,4093,15.716129290655694,Bedal
7815,0.056830558,73.50910124,35.36141054,False,6.1,1.01,0,4445,16.553385384337826,Bedal
7816,0.001608191,73.51331259,35.36738243,False,6.1,1.01,0,4555,15.831639736961291,Bedal
7817,0.060620713,73.46872498,35.36212783,False,6.1,1.01,0,4198,17.29841357469396,Sazīn
7818,0.09763199,73.47322461,35.35774131,False,6.1,1.01,0,4311,17.717523914355876,Sazīn
7819,0.004779181,73.47452502,35.36549787,False,6.1,1.01,0,4032,16.847021932914142,Sazīn
7820,0.061304597,73.48529863,35.33197548,False,6.1,1.01,0,3898,16.065119374626754,Gabar Banda
7821,0.001375464,73.48851002,35.33242033,False,6.1,1.01,0,3896,16.271600464688568,Gabar Banda
7822,0.094356374,73.45463882,35.32089774,False,6.1,1.01,0,3565,13.574928848009701,Gabar Banda
7823,0.084981563,73.44885305,35.30726563,False,6.1,1.01,0,4004,11.99032569626917,Gabar Banda
7824,0.026733905,73.4782195,35.31652483,False,6.1,1.01,0,4110,14.290753990319047,Gabar Banda
7825,0.005803192,73.4948883,35.27675178,False,6.1,1.01,0,4274,11.902489281949046,Oshato
7826,0.017965516,73.48812314,35.26339873,False,6.1,1.01,0,4387,10.31333549427442,Oshato
7827,0.04374256,73.51408055,35.34588423,False,6.1,1.01,0,4390,18.181109650993026,Bedal
7828,0.002462259,73.51412225,35.34242736,False,6.1,1.01,0,4374,18.560237920059876,Gabar Banda
7829,0.155443872,73.52369907,35.33792282,True,6.1,1.01,0,4285,18.743535739965743,Gabar Banda
7830,0.011342953,73.52917913,35.34421273,False,6.1,1.01,0,4491,18.218222447990264,Bedal
7831,0.000591609,73.52935832,35.34252486,False,6.1,1.01,0,4498,18.40432698021089,Bedal
7832,0.019428253,73.54184468,35.34584238,False,6.1,1.01,0,4492,17.99256360869024,Bedal
7833,0.10622383,73.54604407,35.34427729,False,6.1,1.01,0,4383,18.16782905543662,Bedal
7834,0.008885733,73.55346278,35.34351194,False,6.1,1.01,0,4223,18.274475749058578,Bedal
7835,0.023138087,73.54994066,35.35054669,False,6.1,1.01,0,4326,17.479377689019483,Bedal
7836,0.001538724,73.5588056,35.34409002,False,6.1,1.01,0,4114,18.241188196048558,Bedal
7837,0.05971725,73.56619503,35.34491959,False,6.1,1.01,0,3901,18.213316123971374,Bedal
7838,0.016941413,73.57734013,35.34744076,False,6.1,1.01,0,4148,18.07951914837288,Bedal
7839,0.00538186,73.59014365,35.34943406,False,6.1,1.01,0,4201,18.09763900721255,Bedal
7840,0.003011378,73.58895112,35.34920487,False,6.1,1.01,0,4205,18.097409446991865,Bedal
7841,0.13909996,73.54042731,35.3316059,True,6.1,1.01,0,4261,19.006221960749464,Oshato
7842,0.020345103,73.52010736,35.32546293,False,6.1,1.01,0,4077,17.509481444096682,Gabar Banda
7843,0.006934717,73.54403418,35.35608697,False,6.1,1.01,0,4444,16.85307443844467,Bedal
7844,0.052399641,73.6926268,35.35615298,False,6.1,1.01,0,4183,17.492400775619863,Bāsha
7845,0.019212273,73.68235872,35.34573315,False,6.1,1.01,0,4238,18.803887402814503,Bāsha
7846,0.023251873,73.6824479,35.33439138,False,6.1,1.01,0,4321,20.038533496368725,Bāsha
7847,0.005366569,73.69541739,35.34548626,False,6.1,1.01,0,4302,18.625140909931194,Bāsha
7848,0.02992024,73.69994972,35.34492689,False,6.1,1.01,0,4244,18.632615552853927,Bāsha
7849,0.018846735,73.67232952,35.3381788,False,6.1,1.01,0,4257,19.8250507257076,Bāsha
7850,0.019364214,73.67114013,35.33546521,False,6.1,1.01,0,4301,20.143875017299646,Bāsha
7851,0.001335976,73.66960814,35.33430598,False,6.1,1.01,0,4307,20.30274817070929,Bāsha
7852,0.001163244,73.66770685,35.33287919,False,6.1,1.01,0,4365,20.499363958188898,Bāsha
7853,0.000534785,73.66718037,35.33677442,False,6.1,1.01,0,4305,20.09286855088256,Bāsha
7854,0.012443906,73.65048102,35.32459144,False,6.1,1.01,0,4203,21.822604973959788,Bāsha
7855,0.000433723,73.6531263,35.32301678,False,6.1,1.01,0,4180,21.916999509623608,Bāsha
7856,0.012660215,73.64480059,35.33789781,False,6.1,1.01,0,4283,20.485814439816043,Bhasah Harban
7857,0.025106944,73.60417339,35.30747774,False,6.1,1.01,0,4466,19.74680835351089,Oshato
7858,0.004224848,73.61024569,35.31782609,False,6.1,1.01,0,4288,20.980049501462318,Oshato
7859,0.008402761,73.59337005,35.32918708,False,6.1,1.01,0,4399,20.35634669110682,Bedal
7860,0.022177887,73.58832711,35.33141788,False,6.1,1.01,0,4348,20.01645345866996,Bedal
7861,0.002408053,73.58596779,35.3324507,False,6.1,1.01,0,4389,19.861298084808187,Bedal
7862,0.002974866,73.59994353,35.33634793,False,6.1,1.01,0,4624,19.7274428074107,Bedal
7863,0.059433661,73.36741699,35.35666683,False,4.27,1.28,0,4468,14.542250799957541,Uchār
7864,0.053178377,73.3767274,35.36212611,False,4.27,1.28,0,4418,15.485607816412188,Uchār
7865,0.026401205,73.38224518,35.35720336,False,4.27,1.28,0,4256,15.877903407580137,Uchār
7866,0.013193473,73.38490796,35.3586721,False,4.27,1.28,0,4308,16.143163470901733,Uchār
7867,0.032397675,73.38711099,35.36191999,False,4.27,1.28,0,4391,16.404549474270084,Uchār
7868,0.025049378,73.38767974,35.35409528,False,4.27,1.28,0,4185,15.734169903736419,Gabar Banda
7869,0.064411562,73.39315677,35.35539422,False,4.27,1.28,0,4261,15.89226018587406,Gabar Banda
7870,0.112414796,73.4011715,35.353565,False,4.27,1.28,0,4335,15.73761699539624,Gabar Banda
7871,0.00476995,73.40828505,35.35161546,False,4.27,1.28,0,4532,15.593759526479129,Gabar Banda
7872,0.003363715,73.40830655,35.35360386,False,4.27,1.28,0,4535,15.813202521189476,Gabar Banda
7873,0.001169383,73.40786692,35.35290479,False,4.27,1.28,0,4532,15.730961438167894,Gabar Banda
7874,0.011871781,73.39689621,35.35026184,False,4.27,1.28,0,4292,15.34104524722058,Gabar Banda
7875,0.004220935,73.39519141,35.34949288,False,4.27,1.28,0,4301,15.246121099478549,Gabar Banda
7876,0.06697978,73.40479547,35.35962244,False,4.27,1.28,0,4390,16.44014652428261,Gabar Banda
7877,0.040503525,73.42282204,35.36607316,False,4.27,1.28,0,4410,17.395983494620232,Gabar Banda
7878,0.073022258,73.42107734,35.36959475,False,4.27,1.28,0,4425,17.750863268821668,Gabar Banda
7879,0.000134652,73.42287319,35.37075211,False,4.27,1.28,0,4427,17.57255700987,Sazīn
7880,0.002984963,73.43177635,35.36302047,False,4.27,1.28,0,4275,17.242436094146314,Gabar Banda
7881,0.001406634,73.43417535,35.36848337,False,4.27,1.28,0,4204,17.42363761726782,Sazīn
7882,0.076603639,73.43835729,35.33885799,False,6.1,1.01,0,4194,14.832923945150888,Gabar Banda
7883,0.095531784,73.69256276,35.24347694,False,0.22,1.74,0,4017,22.363508323816998,Oshato
7884,0.066222155,73.70167801,35.24844973,False,0.22,1.74,0,4264,23.33322844043147,Oshato
7885,0.023793206,73.72052783,35.24212768,False,0.22,1.74,0,4191,24.71296167735482,Oshato
7886,0.008037345,73.72646316,35.24569762,False,0.22,1.74,0,4182,25.349152895109736,Oshato
7887,0.075447562,73.73268633,35.23957143,False,0.22,1.74,0,4333,25.682518531317818,Oshato
7888,0.004933282,73.7347432,35.24173566,False,0.22,1.74,0,4317,25.930996889418456,Oshato
7889,0.024097976,73.73874874,35.24348486,False,0.22,1.74,0,4161,26.335885370444178,Oshato
7890,0.030879133,73.7412871,35.23944769,False,0.22,1.74,0,4172,26.42806201626155,Oshato
7891,0.010877254,73.7433838,35.24276601,False,0.22,1.74,0,4117,26.715124161113298,Oshato
7892,0.000398006,73.73963194,35.24228,False,0.22,1.74,0,4166,26.373334344025185,Oshato
7893,0.004050915,73.70942201,35.23055514,False,0.22,1.74,0,4426,23.373658476579788,Oshato
7894,0.008226827,73.70114499,35.23947036,False,0.22,1.74,0,4366,22.949092979405567,Oshato
7895,0.001058809,73.70386948,35.23981156,False,0.22,1.74,0,4422,23.195686814795927,Oshato
7896,7.73e-05,73.70347829,35.23962307,False,0.22,1.74,0,4422,23.155336670876945,Oshato
7897,0.009123341,73.67468116,35.23379133,False,0.22,1.74,0,4109,20.470701974682946,Oshato
7898,0.005963373,73.67539627,35.23284648,False,0.22,1.74,0,4103,20.497901340435778,Oshato
7899,0.001446703,73.67122888,35.23982719,False,0.22,1.74,0,4030,20.408285338062125,Oshato
7900,0.020233819,73.6453249,35.24149752,False,0.22,1.74,0,3995,18.311804331439042,Oshato
7901,0.152889996,73.63543399,35.23402727,True,0.22,1.74,0,4140,17.154406818722812,Oshato
7902,0.008498542,73.63078784,35.23864805,False,0.22,1.74,0,4144,16.98091120154661,Oshato
7903,0.00021507,73.63172679,35.23827544,False,0.22,1.74,0,4151,17.040396088146977,Oshato
7904,0.000431908,73.62699221,35.23933296,False,0.22,1.74,0,4249,16.703404257864456,Oshato
7905,0.03039528,73.63867887,35.24837748,False,0.22,1.74,0,3939,18.10413056203117,Oshato
7906,0.130327563,73.61973361,35.22030266,True,0.22,1.74,0,4068,15.265654382651379,Oshato
7907,0.004528786,73.62673854,35.22552638,False,0.22,1.74,0,4375,16.065828541612937,Oshato
7908,0.0348791,73.61220315,35.24838862,False,0.22,1.74,0,3800,16.010249918401108,Oshato
7909,0.008158667,73.61344631,35.24933246,False,0.22,1.74,0,3807,16.1613479038773,Oshato
7910,0.003603499,73.63441323,35.24164957,False,0.22,1.74,0,4095,17.4220905649278,Oshato
7911,0.019245748,73.71919186,35.28221476,False,6.1,1.01,0,4185,23.807518031846755,Muruski
7912,0.02727463,73.70112772,35.29285936,False,6.1,1.01,0,4347,23.598147631439456,Muruski
7913,0.001944458,73.70215197,35.29448837,False,6.1,1.01,0,4344,23.39537831361683,Muruski
7914,0.068760483,73.69811894,35.30485441,False,6.1,1.01,0,4082,22.63656274733265,Muruski
7915,0.000260332,73.699677,35.30185591,False,6.1,1.01,0,4092,22.832226770805946,Muruski
7916,0.00072494,73.69972999,35.29025552,False,6.1,1.01,0,4362,23.910701647546325,Muruski
7917,0.029287874,73.6617457,35.2582159,False,6.1,1.01,0,4070,20.467144671701345,Oshato
7918,0.002814051,73.66149087,35.26016942,False,6.1,1.01,0,4083,20.547822147610955,Oshato
7919,0.363757526,73.29164086,35.08799865,True,8.74,1.92,0,4061,9.63363317705478,Kundero
7920,0.01174384,73.28548711,35.09137313,False,8.74,1.92,0,4093,9.227331429848352,Kundero
7921,0.02008714,73.22070805,34.92837785,False,8.74,1.92,0,4060,5.811683611084257,Darwaza
7922,0.01152844,73.22441806,34.92389046,False,8.74,1.92,0,3911,5.773209942222993,Darwaza
7923,0.009585206,73.21055878,34.94899277,False,8.74,1.92,0,3811,7.009973568241295,Darwaza
7924,0.002820704,73.22044504,34.93950984,False,8.74,1.92,0,4094,6.670206732942043,Darwaza
7925,0.014094083,73.16702608,34.96209376,False,8.74,1.92,0,3909,7.56093362541005,Darwaza
7926,0.007622842,73.16051873,34.96481034,False,8.74,1.92,0,3934,7.921806525686832,Darwaza
7927,0.004318972,73.18221553,34.95567396,False,8.74,1.92,0,3759,6.888778375701018,Darwaza
7928,0.039942107,73.39499168,35.37885886,False,4.27,1.28,0,4068,15.929747268242096,Banda-i-Sazin
7929,0.00148272,73.38985446,35.37619598,False,4.27,1.28,0,4275,15.978058108002438,Banda-i-Sazin
7930,0.002679097,73.39219967,35.37352319,False,4.27,1.28,0,4290,16.338949631476936,Banda-i-Sazin
7931,0.038575474,73.38705873,35.38509461,False,4.27,1.28,0,4139,14.980740099139638,Banda-i-Sazin
7932,0.016537919,73.383177,35.38688665,False,4.27,1.28,0,4091,14.644109366178078,Banda-i-Sazin
7933,0.027810824,73.37892816,35.38047531,False,4.27,1.28,0,4313,15.125963030564932,Banda-i-Sazin
7934,0.027121154,73.38129807,35.38173987,False,4.27,1.28,0,4315,15.086521767772092,Banda-i-Sazin
7935,0.005495869,73.3824803,35.3730886,False,4.27,1.28,0,4461,16.007430203330287,Banda-i-Sazin
7936,0.022524739,73.33580425,35.33394505,False,4.27,1.28,0,4281,11.45416802113522,Uchār
7937,0.000461945,73.33546238,35.33282535,False,4.27,1.28,0,4281,11.42383524032641,Uchār
7938,0.025300764,73.6300288,35.20338576,False,0.22,1.74,0,4384,15.639666564293666,Oshato
7939,0.109383389,73.6489865,35.21675619,False,0.22,1.74,0,4305,17.67358537940019,Oshato
7940,0.048627831,73.65074479,35.21263739,False,0.22,1.74,0,4275,17.70860907694776,Oshato
7941,0.00489033,73.65500273,35.21613594,False,0.22,1.74,0,4371,18.181716084756186,Oshato
7942,0.002002595,73.65364648,35.21548409,False,0.22,1.74,0,4360,18.043861515385924,Oshato
7943,0.019092516,73.543159,35.16432397,False,0.22,1.74,0,4221,7.44627632956254,Oshato
7944,0.000958783,73.54820762,35.16057528,False,0.22,1.74,0,4085,7.964092039180806,Oshato
7945,0.001009988,73.54746502,35.1609042,False,0.22,1.74,0,4086,7.891240069510213,Oshato
7946,0.00814858,73.54885683,35.161781,False,0.22,1.74,0,4079,7.9998657000389874,Oshato
7947,0.026928858,73.41683474,35.35069918,False,4.27,1.28,0,4449,15.614840531697341,Gabar Banda
7948,0.003626301,73.41389035,35.36642988,False,4.27,1.28,0,4534,17.29614024932607,Gabar Banda
7949,0.000369688,73.41464507,35.36782842,False,4.27,1.28,0,4560,17.460148603527312,Gabar Banda
7950,0.018258443,73.41928715,35.33862972,False,4.27,1.28,0,4360,14.342992206621139,Gabar Banda
7951,0.008706623,73.41904524,35.33610574,False,4.27,1.28,0,4317,14.064170145130888,Gabar Banda
7952,0.007977609,73.42931591,35.34260344,False,4.27,1.28,0,4397,14.98983773459348,Gabar Banda
7953,0.002458347,73.44640296,35.34610373,False,6.1,1.01,0,4485,15.837041433437188,Gabar Banda
7954,0.003425917,73.4484918,35.35878054,False,6.1,1.01,0,4293,17.227065333217364,Gabar Banda
7955,0.002022166,73.44757919,35.35984907,False,6.1,1.01,0,4294,17.312111119447668,Gabar Banda
7956,0.001101273,73.45698248,35.36761987,False,6.1,1.01,0,4120,16.913941847959958,Sazīn
7957,0.001402911,73.46153239,35.35225519,False,6.1,1.01,0,4399,16.989045586621657,Gabar Banda
7958,0.00015529,73.46125677,35.35254167,False,6.1,1.01,0,4399,17.008046078238866,Gabar Banda
7959,0.001695037,73.46476409,35.35424167,False,6.1,1.01,0,4421,17.31082084604395,Gabar Banda
7960,8.75e-05,73.46438767,35.35424426,False,6.1,1.01,0,4423,17.296929697421113,Gabar Banda
7961,0.043108825,73.75409484,35.22891803,False,0.22,1.74,0,4030,26.835709206613156,Babusar
7962,0.013441111,73.74823936,35.22522587,False,0.22,1.74,0,4270,26.649666806901948,Oshato
7963,0.003033281,73.73195291,35.24561157,False,0.22,1.74,0,4274,25.81948718229917,Oshato
7964,0.027930195,73.65513107,35.1409723,False,0.22,1.74,0,4153,17.922551104339938,Oshato
7965,0.022652229,73.57862339,35.15458799,False,0.22,1.74,0,3976,10.804523234345128,Oshato
7966,0.018046659,73.56167365,35.12943103,False,0.22,1.74,0,4232,10.287150433597832,Oshato
7967,0.050630699,73.31701881,35.08300763,False,8.74,1.92,0,4102,10.48036211350091,Shaha
7968,0.037207085,73.57030293,35.10540031,False,0.22,1.74,0,3292,12.402145110250892,Oshato
7969,0.002681233,73.57142584,35.10680267,False,0.22,1.74,0,3296,12.389869536425243,Oshato
7970,0.000311127,73.57167067,35.10676295,False,0.22,1.74,0,3297,12.410390965444408,Oshato
7971,0.021339196,73.55196058,35.13038854,False,0.22,1.74,0,4375,9.464052403167809,Oshato
7972,0.05813547,73.53933678,35.1428819,False,0.22,1.74,0,4266,7.798355935433318,Oshato
7973,0.005956999,73.52694606,35.1468615,False,0.22,1.74,0,3964,6.591690382617205,Oshato
7974,0.002168301,73.52855143,35.14489044,False,0.22,1.74,0,3994,6.82101748285198,Oshato
7975,0.0507895,73.67329822,35.09338444,False,0.22,1.74,0,4249,20.437590407402155,Batakundi
7976,0.035571053,73.67190345,35.08792961,False,0.22,1.74,0,4339,19.963341097140198,Batakundi
7977,0.005398066,73.66735189,35.08314253,False,0.22,1.74,0,4211,19.706346326445743,Batakundi
7978,0.011836583,73.65781357,35.09260573,False,0.22,1.74,0,4353,19.935816788382354,Oshato
7979,0.012294787,73.70567139,35.07977018,False,0.22,1.74,0,4165,17.830896907180815,Batakundi
7980,0.004896388,73.69623591,35.07680814,False,0.22,1.74,0,4243,17.863384979975983,Batakundi
7981,0.002583739,73.70015918,35.06783327,False,0.22,1.74,0,4195,16.80743424537797,Batakundi
7982,0.003331268,73.65995559,35.09916258,False,0.22,1.74,0,4145,19.79545399374936,Oshato
7983,0.003817775,73.64233115,35.11267427,False,0.22,1.74,0,4244,17.72595432984519,Oshato
7984,0.011533511,73.52058581,35.10994364,False,0.22,1.74,0,4519,8.821179645114189,Oshato
7985,0.008191659,73.64865616,35.13306566,False,0.22,1.74,0,4133,17.549384025085327,Oshato
7986,0.005230043,73.64462875,35.12894467,False,0.22,1.74,0,4127,17.320313194751105,Oshato
7987,0.004699348,73.64558396,35.12994771,False,0.22,1.74,0,4122,17.372337750974516,Oshato
7988,0.001898797,73.64839042,35.1306226,False,0.22,1.74,0,4186,17.59730452055445,Oshato
7989,0.01237439,73.70305935,35.03862986,False,0.22,1.74,0,3941,13.79436108224644,Batakundi
7990,0.015142471,73.60114168,35.02702298,False,0.22,1.74,0,3703,19.3146304237824,Batakundi
7991,0.021089244,73.60126302,35.02464419,False,0.22,1.74,0,3703,19.159967688000158,Batakundi
7992,0.004234034,73.60130901,35.02275935,False,0.22,1.74,0,3706,19.042992930594906,Batakundi
7993,0.011478374,73.56813582,35.05578894,False,0.22,1.74,0,4315,16.234849878057968,Oshato
7994,0.015153942,73.59132925,35.01272755,False,0.22,1.74,0,4145,19.26297191116978,Batakundi
7995,0.00575988,73.5857489,35.00056776,False,0.22,1.74,0,4371,19.124347372473782,Batakundi
7996,0.004863232,73.6992694,35.04970498,False,0.22,1.74,0,3812,15.039444873566612,Batakundi
7997,0.005379725,73.69468335,35.10696704,False,0.22,1.74,0,4187,21.01167702969435,Batakundi
7998,0.009420282,73.68894162,35.10756034,False,0.22,1.74,0,4068,21.26589901403825,Batakundi
7999,0.001400926,73.68898129,35.10983378,False,0.22,1.74,0,4050,21.498646578812572,Batakundi
8000,0.012376176,73.73963808,35.21082164,False,0.22,1.74,0,4247,25.578958995937768,Oshato
8001,0.039613107,73.71273248,35.28478365,False,6.1,1.01,0,4302,23.833337416253134,Muruski
8002,0.004987772,73.42296126,35.34068169,False,4.27,1.28,0,4489,14.63962647618386,Gabar Banda
8003,0.006358671,73.42079218,35.34340964,False,4.27,1.28,0,4510,14.891395696836435,Gabar Banda
8004,0.004122096,73.43821639,35.37330309,False,6.1,1.01,0,4122,16.79481512740029,Sazīn
8005,0.001787086,73.32500874,35.10181357,False,8.74,1.92,0,4386,8.390595214963898,Shaha
8006,0.000251524,73.42193231,34.87185926,False,8.74,1.92,0,4180,13.78320716664,Kaghan
8007,0.004208536,73.42263347,34.87104556,False,8.74,1.92,0,4188,13.673325052140559,Kaghan
8008,0.006467937,73.42534211,34.86901526,False,8.74,1.92,0,4254,13.339865153353236,Kaghan
8009,0.004384879,73.42652135,34.86790958,False,8.74,1.92,0,4266,13.176542423884497,Kaghan
8010,0.001800868,73.44917224,34.88244418,False,0.22,1.74,0,4298,13.229450156539052,Kaghan
8011,0.000440163,73.44545554,34.88393995,False,0.22,1.74,0,4243,13.548785046931101,Kaghan
8012,0.001772798,73.42567481,34.91310036,False,8.74,1.92,0,4026,17.255443483697498,Kaghan
8013,0.003061608,73.45666082,34.90512899,False,0.22,1.74,0,4233,15.152503107734624,Kaghan
8014,0.000968863,73.45077002,34.90547894,False,0.22,1.74,0,4318,15.41391469950292,Kaghan
8015,0.003314648,73.4456297,34.90832292,False,0.22,1.74,0,4480,15.905060784937309,Kaghan
8016,0.002779113,73.45822503,35.07299398,False,0.22,1.74,0,4210,11.141602190592103,Oshato
8017,0.007130425,73.54013815,35.12317593,False,0.22,1.74,0,4414,9.022539243325463,Oshato
8018,0.009060136,73.53358638,35.1079283,False,0.22,1.74,0,4564,9.747619570012326,Oshato
8019,0.002625336,73.5220492,35.10900472,False,0.22,1.74,0,4532,8.984899073772729,Oshato
8020,0.000892668,73.5161891,35.11524519,False,0.22,1.74,0,4621,8.10989241020116,Oshato
8021,0.000399629,73.51605739,35.11473793,False,0.22,1.74,0,4602,8.147516249744742,Oshato
8022,0.012856073,73.52832393,35.0946795,False,0.22,1.74,0,4441,10.609185596132741,Oshato
8023,0.009089005,73.52496584,35.09260809,False,0.22,1.74,0,4535,10.631798569345307,Oshato
8024,0.002684407,73.50813895,35.07952769,False,0.22,1.74,0,4323,11.225387317117828,Oshato
8025,0.00060343,73.50976814,35.07365613,False,0.22,1.74,0,4190,11.886825293914429,Oshato
8026,0.038638609,73.52637163,35.06845028,False,0.22,1.74,0,4358,13.032853733082316,Oshato
8027,0.001263077,73.53583826,35.00636593,False,0.22,1.74,0,3534,19.725962316261054,Oshato
8028,0.001613537,73.53495068,35.00620844,False,0.22,1.74,0,3530,19.715077064336093,Oshato
8029,0.001694893,73.55261762,35.00476433,False,0.22,1.74,0,3793,20.459931594572886,Oshato
8030,0.000472202,73.55719194,35.00318688,False,0.22,1.74,0,3888,20.79060279074653,Oshato
8031,0.002471165,73.56291489,35.00259622,False,0.22,1.74,0,3923,21.072071600593638,Oshato
8032,0.005990426,73.57212608,35.12950788,False,0.22,1.74,0,4090,11.129994530349093,Oshato
8033,0.004645953,73.56892042,35.13046741,False,0.22,1.74,0,4088,10.821179797918969,Oshato
8034,0.000790614,73.57860488,35.15732678,False,0.22,1.74,0,3889,10.748678853125055,Oshato
8035,0.003278599,73.56154065,35.32585119,False,6.1,1.01,0,4322,19.237981845154245,Oshato
8036,0.001088571,73.57605561,35.34431403,False,6.1,1.01,0,4190,18.40306818014674,Bedal
8037,0.000326833,73.57319752,35.34771713,False,6.1,1.01,0,4091,17.98888381154374,Bedal
8038,0.002002113,73.65105412,35.36050721,False,6.1,1.01,0,3830,18.046183326100426,Bāsha
8039,0.00063819,73.6363566,35.22996054,False,0.22,1.74,0,4146,17.059246336542042,Oshato
8040,0.001561385,73.62934937,35.21568268,False,0.22,1.74,0,4419,15.929433091817495,Oshato
8041,0.001291349,73.63413729,35.20361869,False,0.22,1.74,0,4467,16.00993740079074,Oshato
8042,0.000317069,73.62745053,35.20335385,False,0.22,1.74,0,4377,15.410155671321945,Oshato
8043,0.065186651,74.08050518,35.15224837,False,-0.81,1.73,0,4132,6.211282810846518,Babusar
8044,0.014077612,74.07003978,35.15760867,False,-0.81,1.73,0,4195,5.258673230662343,Babusar
8045,0.004972363,74.06643616,35.15985281,False,-0.81,1.73,0,4029,4.905666615242952,Babusar
8046,0.002480961,74.06598853,35.1604519,False,-0.81,1.73,0,4031,4.829043657199542,Babusar
8047,0.001560425,74.05004279,35.15817211,False,0.22,1.74,0,3836,4.787425888094252,Babusar
8048,0.021132307,74.09872522,35.12681441,False,-0.81,1.73,0,4150,9.488184178329924,Babusar
8049,0.146472194,74.0974724,35.09894255,True,-0.81,1.73,0,4113,12.241099644821494,Babusar
8050,0.027904569,74.09027714,35.09026841,False,-0.81,1.73,0,4097,12.93034035065053,Babusar
8051,0.045184034,74.10417737,35.10379808,False,-0.81,1.73,0,4009,11.990243373775963,Babusar
8052,0.042796143,74.07049293,35.15504041,False,-0.81,1.73,0,4209,5.538280011057497,Babusar
8053,0.000432345,74.02527107,35.16887358,False,0.22,1.74,0,3999,4.1227681888657495,Babusar
8054,0.002253983,74.02362677,35.16676874,False,0.22,1.74,0,4121,4.40006937000117,Babusar
8055,0.000784474,74.02221202,35.16586103,False,0.22,1.74,0,4196,4.55175807906816,Babusar
8056,0.010586364,73.98980727,35.16649532,False,0.22,1.74,0,4228,6.511363392340448,Babusar
8057,0.1058856,73.95766042,35.18367328,False,0.22,1.74,0,4119,8.39583792286334,Babusar
8058,0.053256866,73.94667858,35.18526623,False,0.22,1.74,0,4275,9.334159873003674,Babusar
8059,0.300895352,74.09028865,35.01785774,True,-0.81,1.73,0,3893,14.085941180585449,Jalkhad
8060,0.019096696,74.04120838,35.10937704,False,0.22,1.74,0,4235,10.223966206572594,Babusar
8061,0.041096557,74.03513279,35.09972156,False,0.22,1.74,0,4285,11.33763172350423,Babusar
8062,0.02601343,74.03864683,35.0981343,False,0.22,1.74,0,4301,11.486373654502353,Babusar
8063,0.029683821,73.99742028,35.08739595,False,0.22,1.74,0,4117,11.178974263791668,Jalkhad
8064,0.037888833,74.0017623,35.08568781,False,0.22,1.74,0,4173,11.215827960693336,Jalkhad
8065,0.007038339,73.99882804,35.08520295,False,0.22,1.74,0,4145,11.031750329960325,Jalkhad
8066,0.022137115,74.00273206,35.0826542,False,0.22,1.74,0,4257,10.977726201854786,Jalkhad
8067,0.097576741,73.99146187,35.08230224,False,0.22,1.74,0,4064,10.42126762240084,Jalkhad
8068,0.005237808,73.97951146,35.07932735,False,0.22,1.74,0,4171,9.647715286159594,Jalkhad
8069,0.018346565,73.97461843,35.07955908,False,0.22,1.74,0,4058,9.502747859364153,Jalkhad
8070,0.044511694,73.97573764,35.08342243,False,0.22,1.74,0,4018,9.940459181167013,Jalkhad
8071,0.004703213,73.97243128,35.08387907,False,0.22,1.74,0,4022,9.886295525708123,Jalkhad
8072,0.007393901,73.9820012,35.07893204,False,0.22,1.74,0,4202,9.700516532139481,Jalkhad
8073,0.007582635,73.95979167,35.0811091,False,0.22,1.74,0,3999,9.274575291349596,Jalkhad
8074,0.035859112,73.96103103,35.07765591,False,0.22,1.74,0,4128,8.927304293995913,Jalkhad
8075,0.002647373,73.9626779,35.07673417,False,0.22,1.74,0,4145,8.865944841348316,Jalkhad
8076,0.950687387,73.92884111,35.08179628,True,0.22,1.74,0,3477,9.152045469949943,Jalkhad
8077,0.005812125,73.93206443,35.07638903,False,0.22,1.74,0,3425,8.531887160023304,Jalkhad
8078,0.009280674,73.92675879,35.06933366,False,0.22,1.74,0,3526,7.792811314697327,Jalkhad
8079,0.038032738,73.95832675,35.17774407,False,0.22,1.74,0,4224,8.515322236779578,Babusar
8080,0.013176097,73.95385932,35.17367651,False,0.22,1.74,0,4234,9.045614268401074,Babusar
8081,0.002237829,73.9596463,35.17641318,False,0.22,1.74,0,4226,8.448374382724076,Babusar
8082,0.004291414,73.95759527,35.17054406,False,0.22,1.74,0,4302,8.85505822055848,Babusar
8083,0.00525859,73.95746802,35.1690607,False,0.22,1.74,0,4308,8.930473093677673,Babusar
8084,0.010582615,73.90182972,35.18921228,False,0.22,1.74,0,4052,13.306718655241307,Babusar
8085,0.016588895,73.9177028,35.17430252,False,0.22,1.74,0,4204,12.171333195027593,Babusar
8086,0.051640341,74.00585189,35.08092548,False,0.22,1.74,0,4285,10.9760853277063,Jalkhad
8087,0.028555754,73.81126894,35.12780918,False,0.22,1.74,0,4187,18.277630165914232,Jalkhad
8088,0.003118543,73.81227906,35.11975653,False,0.22,1.74,0,4209,17.529737671325407,Jalkhad
8089,0.003596296,73.81322154,35.11863847,False,0.22,1.74,0,4245,17.37953145966861,Jalkhad
8090,0.013892693,73.88085157,35.15564819,False,0.22,1.74,0,4191,15.972937767935079,Babusar
8091,0.04281431,74.0475873,35.09073212,False,0.22,1.74,0,4299,12.280989038317662,Babusar
8092,0.008919365,74.04918268,35.10038074,False,0.22,1.74,0,4285,11.209109927165908,Babusar
8093,0.013260954,74.08105011,35.08376869,False,-0.81,1.73,0,4011,13.40621008678814,Babusar
8094,0.020910955,74.10487047,35.07309594,False,-0.81,1.73,0,4028,15.166301758945115,Babusar
8095,0.044078912,74.11421965,35.07012647,False,-0.81,1.73,0,4196,15.783519992113,Babusar
8096,0.157880167,74.05816157,34.95910662,True,0.22,1.74,0,4125,11.911472538149022,Jalkhad
8097,0.0135483,74.08404979,34.94963352,False,-0.81,1.73,0,4136,10.695633019205427,Bakwali
8098,0.001443943,74.08106059,34.94941959,False,-0.81,1.73,0,4155,10.876042085241792,Bakwali
8099,0.00906854,74.07297194,34.97605913,False,-0.81,1.73,0,4139,12.645765048005577,Jalkhad
8100,0.01888124,74.00982228,34.95557859,False,0.22,1.74,0,4176,8.241333231489502,Jalkhad
8101,0.035437507,73.96840843,34.93425418,False,0.22,1.74,0,4027,7.8206461499279465,Jalkhad
8102,0.032038781,73.95666361,34.93056456,False,0.22,1.74,0,4095,7.897442198247112,Jalkhad
8103,0.047922271,73.93469005,34.92755529,False,0.22,1.74,0,4009,8.033826992511266,Jalkhad
8104,0.012343064,73.94217213,34.91956169,False,0.22,1.74,0,4345,8.93084427820818,Jalkhad
8105,0.010956457,73.93782316,34.91611677,False,0.22,1.74,0,4213,9.302616137707139,Jalkhad
8106,0.070576438,73.99041939,34.92647901,False,0.22,1.74,0,3995,9.483480235778568,Jalkhad
8107,0.021137709,74.00969403,34.91610168,False,0.22,1.74,0,4197,11.410548824466696,Jalkhad
8108,0.020375152,74.0132427,34.91556085,False,0.22,1.74,0,4199,11.649063349445646,Jalkhad
8109,0.026920654,74.00812177,34.91103607,False,0.22,1.74,0,4172,11.795318243424159,Jalkhad
8110,0.144770352,74.02562906,34.90873111,True,0.22,1.74,0,4142,12.939205032725283,Jalkhad
8111,0.033783442,74.02033648,34.93591186,False,0.22,1.74,0,4280,10.382810249567147,Jalkhad
8112,0.030093927,73.98275363,34.93595033,False,0.22,1.74,0,3863,8.221332040972248,Jalkhad
8113,0.020943183,73.95455874,34.96701489,False,0.22,1.74,0,4087,3.970921320926489,Jalkhad
8114,0.026943032,73.99886842,35.01798851,False,0.22,1.74,0,4138,5.969553113695367,Jalkhad
8115,0.01549384,74.02393334,35.01223603,False,0.22,1.74,0,4119,8.019216969894634,Jalkhad
8116,0.052327744,74.03014643,35.00329939,False,0.22,1.74,0,4291,8.47402418720017,Jalkhad
8117,0.041041516,74.04729931,34.99801981,False,0.22,1.74,0,4269,10.029535153156932,Jalkhad
8118,0.044901099,74.05899905,35.04387396,False,0.22,1.74,0,4242,12.125891192187915,Jalkhad
8119,0.020135377,74.04068848,35.05252763,False,0.22,1.74,0,4250,11.098980669711057,Jalkhad
8120,0.013015615,74.00975947,35.06634873,False,0.22,1.74,0,4288,9.921227030529602,Jalkhad
8121,0.005872862,74.01495325,35.07564351,False,0.22,1.74,0,4175,11.012074035595663,Jalkhad
8122,0.017357209,74.03396916,35.06433177,False,0.22,1.74,0,4235,11.364054833901214,Jalkhad
8123,0.041224104,73.95980464,35.03769004,False,0.22,1.74,0,4102,4.691171080073796,Jalkhad
8124,0.006601787,74.03340497,35.14798695,False,0.22,1.74,0,4109,6.05239854015052,Babusar
8125,0.020428159,73.93256241,35.13738386,False,0.22,1.74,0,4167,12.630787142160937,Babusar
8126,0.015418376,73.93880846,35.12631853,False,0.22,1.74,0,4246,12.921900104512973,Babusar
8127,0.026163596,74.00141327,35.09916513,False,0.22,1.74,0,4146,12.093585825552712,Babusar
8128,0.011776535,73.94700014,35.1171369,False,0.22,1.74,0,4157,13.071294994877668,Babusar
8129,0.040782885,73.92123485,35.10749714,False,0.22,1.74,0,4130,12.066027893472935,Jalkhad
8130,0.008028529,73.90992678,35.10502853,False,0.22,1.74,0,4073,11.964191076739317,Jalkhad
8131,0.025782639,73.91117275,35.10128654,False,0.22,1.74,0,4211,11.533658192256956,Jalkhad
8132,0.012666099,74.06556254,35.06580815,False,-0.81,1.73,0,4225,13.801527162999031,Jalkhad
8133,0.021828725,74.06764102,35.06335206,False,-0.81,1.73,0,4215,13.820614574130053,Jalkhad
8134,0.007505829,74.08523016,35.06106241,False,-0.81,1.73,0,4103,15.102396357535829,Jalkhad
8135,0.07447267,74.08670096,35.03990081,False,-0.81,1.73,0,4098,14.325634341365092,Jalkhad
8136,0.027111441,74.09652701,35.04199281,False,-0.81,1.73,0,3977,15.24830513321036,Jalkhad
8137,0.012016962,74.08965791,35.05417633,False,-0.81,1.73,0,4087,15.141938522383601,Jalkhad
8138,0.183587032,74.04843801,34.9018214,True,0.22,1.74,0,3894,11.11488478986926,Bakwali
8139,0.017151727,74.03143953,34.89344966,False,0.22,1.74,0,4094,12.515022990667317,Bakwali
8140,0.059762349,74.05037583,34.86571103,False,0.22,1.74,0,3819,10.889854992501224,Bakwali
8141,0.043354696,74.0597516,34.87224306,False,0.22,1.74,0,4026,9.938952264353984,Bakwali
8142,0.025596705,73.97028718,34.8695254,False,0.22,1.74,0,4072,14.793707435769893,Jalkhad
8143,0.01983908,73.98871418,34.8533908,False,0.22,1.74,0,4081,14.060028891962313,Dawarian
8144,0.011325663,73.94803936,34.8378696,False,0.22,1.74,0,4025,13.363049023592534,Dawarian
8145,0.005246292,73.94717742,34.83654427,False,0.22,1.74,0,4025,13.260409995282117,Dawarian
8146,0.028742762,73.88161389,34.79778615,False,0.22,1.74,0,4135,12.199177280787788,Daddar
8147,0.023912478,73.87867657,34.80555164,False,0.22,1.74,0,4298,11.424627642579782,Daddar
8148,0.012071145,73.90077333,34.79364191,False,0.22,1.74,0,4126,12.143023290956252,Dawarian
8149,0.018938335,73.87904046,35.0810201,False,0.22,1.74,0,4107,10.4717887805397,Jalkhad
8150,0.025909183,73.84484728,35.08830089,False,0.22,1.74,0,4326,12.945929101803477,Jalkhad
8151,0.014571392,73.87495423,35.0185042,False,0.22,1.74,0,4232,6.040357057130332,Jalkhad
8152,0.008515281,73.84937419,35.00921111,False,0.22,1.74,0,4169,8.068681587290795,Jalkhad
8153,0.040516101,73.82798015,35.01689226,False,0.22,1.74,0,4189,10.12872059797232,Jalkhad
8154,0.137911333,73.80679916,35.01963078,True,0.22,1.74,0,4006,10.256109992770336,Batakundi
8155,0.044016699,73.81542847,35.00970974,False,0.22,1.74,0,4104,9.454184085251734,Batakundi
8156,0.049663179,73.76250933,34.78439406,False,0.22,1.74,0,4290,9.959524191511647,Daddar
8157,0.022004098,73.84336766,34.88467429,False,0.22,1.74,0,4084,5.632212844166991,Daddar
8158,0.034404401,73.89828661,35.24914423,False,0.22,1.74,0,4176,14.568441662077054,Babusar
8159,0.065885391,73.83314186,35.2333361,False,0.22,1.74,0,4119,19.801794594330286,Babusar
8160,0.003443926,73.84587384,35.23082352,False,0.22,1.74,0,4161,18.614141820567685,Babusar
8161,0.008343364,73.80403872,35.25688338,False,6.1,1.01,0,3921,22.96787640678561,Babusar
8162,0.0449839,73.77994257,35.24996333,False,0.22,1.74,0,4265,24.904528454798722,Babusar
8163,0.043899423,73.78987377,35.24230723,False,0.22,1.74,0,4084,23.848190116009196,Babusar
8164,0.003292398,73.77816666,35.25311804,False,6.1,1.01,0,4270,24.999455393481313,Muruski
8165,0.004502803,73.90269129,35.21216933,False,0.22,1.74,0,4250,13.216521049836514,Babusar
8166,0.000741771,73.92233275,35.20425655,False,0.22,1.74,0,4301,11.381068955350498,Babusar
8167,0.00926367,73.92915313,35.22850913,False,0.22,1.74,0,4267,11.17577814435812,Babusar
8168,0.009379595,73.86033366,35.02844161,False,0.22,1.74,0,4212,7.692622558267324,Jalkhad
8169,0.011217108,73.82753803,35.03960374,False,0.22,1.74,0,4085,10.925052715131466,Jalkhad
8170,0.017143096,73.83156739,35.03707586,False,0.22,1.74,0,4078,10.47637569216858,Jalkhad
8171,0.010781509,73.81792921,35.03418754,False,0.22,1.74,0,4213,11.516788010961255,Jalkhad
8172,0.006754818,73.81500764,34.99811859,False,0.22,1.74,0,4190,8.252294999333971,Batakundi
8173,0.007369598,73.80704363,35.00053693,False,0.22,1.74,0,4270,8.232360962500037,Batakundi
8174,0.012350957,73.80501727,34.98728224,False,0.22,1.74,0,4035,6.786376540853244,Batakundi
8175,0.015125657,73.80438254,35.00141159,False,0.22,1.74,0,4200,8.248976921010147,Batakundi
8176,0.033698701,73.86278989,35.20984852,False,0.22,1.74,0,4159,16.813030862829322,Babusar
8177,0.00255726,73.84044271,35.22010041,False,0.22,1.74,0,4270,18.931844163011505,Babusar
8178,0.001834523,73.84144331,35.21552665,False,0.22,1.74,0,4229,18.79203314087453,Babusar
8179,0.006072018,73.85504295,35.21998773,False,0.22,1.74,0,4183,17.612760739940484,Babusar
8180,0.006971882,73.94539898,35.19500234,False,0.22,1.74,0,4217,9.306033904231363,Babusar
8181,0.019655152,73.96765241,35.17867135,False,0.22,1.74,0,4244,7.678613516913103,Babusar
8182,0.027887071,73.83072448,34.77999188,False,0.22,1.74,0,3936,11.131551432579773,Daddar
8183,0.0109728,73.67636752,34.81406803,False,0.22,1.74,0,4117,11.725926001551368,Daddar
8184,0.002408017,73.66807769,34.8304848,False,0.22,1.74,0,4412,11.512467570506715,Daddar
8185,0.010554691,73.66067605,34.83307969,False,0.22,1.74,0,4178,12.02567842545645,Daddar
8186,0.002886268,73.7002102,35.06782679,False,0.22,1.74,0,4195,16.804833704995897,Batakundi
8187,0.004966012,73.69628253,35.07681167,False,0.22,1.74,0,4239,17.861984094743164,Batakundi
8188,0.013259967,73.70571255,35.07976824,False,0.22,1.74,0,4166,17.829321885886174,Batakundi
8189,0.109488618,73.72114218,35.08322035,False,0.22,1.74,0,4085,17.73060183807906,Batakundi
8190,0.011987253,73.73966696,35.21087296,False,0.22,1.74,0,4247,25.582475192219405,Oshato
8191,0.01382248,73.74828994,35.22520375,False,0.22,1.74,0,4270,26.653622046416128,Oshato
8192,0.043991011,73.7541535,35.22887798,False,0.22,1.74,0,4030,26.829910454517062,Babusar
8193,0.608204172,73.73797838,35.0647763,True,0.22,1.74,0,3723,15.348838652201298,Batakundi
8194,0.002210563,73.74593142,35.07744958,False,0.22,1.74,0,3687,16.58133720315425,Batakundi
8195,0.001068865,73.75589763,35.08317046,False,0.22,1.74,0,3537,17.080186196074727,Batakundi
8196,0.001307616,73.75597599,35.08239434,False,0.22,1.74,0,3534,16.99363866278771,Batakundi
8197,0.058080471,73.78236576,35.20809401,False,0.22,1.74,0,4206,24.10492094335919,Babusar
8198,0.006927724,73.78288822,35.21575191,False,0.22,1.74,0,4165,24.098598366846456,Babusar
8199,0.005489201,73.77920537,35.21228029,False,0.22,1.74,0,4084,24.410403556295677,Babusar
8200,0.020407123,73.76995362,35.23190947,False,0.22,1.74,0,4117,25.447168406819973,Babusar
8201,0.001692887,73.77122945,35.23585857,False,0.22,1.74,0,4093,25.394681030405952,Babusar
8202,0.000407146,73.77806987,35.23428228,False,0.22,1.74,0,4182,24.754237344164732,Babusar
8203,0.001656697,73.78943187,35.22679217,False,0.22,1.74,0,4299,23.62029334304397,Babusar
8204,0.002918039,73.79856574,35.24997262,False,0.22,1.74,0,4000,23.256693926468923,Babusar
8205,0.187438557,73.79930404,35.24706005,True,0.22,1.74,0,3990,23.118257479696485,Babusar
8206,0.002007163,73.78403154,35.25565082,False,6.1,1.01,0,4273,24.6091678443406,Muruski
8207,0.006573983,73.90041245,35.21995591,False,0.22,1.74,0,4274,13.52840033294407,Babusar
8208,0.001013317,73.90339146,35.21245434,False,0.22,1.74,0,4251,13.156140896012147,Babusar
8209,0.00757632,73.90770079,35.21435851,False,0.22,1.74,0,4195,12.788838996533263,Babusar
8210,0.001542446,73.81419131,35.03529507,False,0.22,1.74,0,4158,11.878694370555039,Jalkhad
8211,0.001785539,73.80885202,35.03759745,False,0.22,1.74,0,4028,12.238265244304213,Batakundi
8212,0.000345825,73.69019885,34.87689934,False,0.22,1.74,0,3227,8.526721218291168,Daddar
8213,0.000840194,73.68989343,34.87927817,False,0.22,1.74,0,3222,8.574326286843142,Daddar
8214,0.472248523,73.69427017,34.87685379,True,0.22,1.74,0,3226,8.155703183092534,Daddar
8215,0.001345768,73.68560664,34.8839593,False,0.22,1.74,0,3310,9.023629520367676,Daddar
8216,0.001268695,73.68615627,34.88298303,False,0.22,1.74,0,3309,8.959014847267031,Daddar
8217,0.000441063,73.68585615,34.88532102,False,0.22,1.74,0,3314,9.024106048319464,Daddar
8218,0.001289065,73.83272443,34.80193847,False,0.22,1.74,0,4538,9.020967414192983,Daddar
8219,0.000380545,73.83262244,34.80225435,False,0.22,1.74,0,4540,8.985873829738642,Daddar
8220,0.007539662,73.84714932,34.80142442,False,0.22,1.74,0,4410,9.789687972089592,Daddar
8221,0.005239835,73.85139658,34.79753644,False,0.22,1.74,0,4223,10.367925940228565,Daddar
8222,0.011104554,73.78852357,34.77898963,False,0.22,1.74,0,3816,10.384593982454199,Daddar
8223,0.006165275,73.79100269,34.84304021,False,0.22,1.74,0,3567,3.3236457456430566,Daddar
8224,0.002877819,73.80577119,34.97113668,False,0.22,1.74,0,4230,5.195353914094387,Batakundi
8225,0.005610308,73.79901174,34.96773345,False,0.22,1.74,0,4323,4.5741189030637255,Batakundi
8226,0.004168632,73.7970443,34.96158966,False,0.22,1.74,0,4157,3.8824098329572405,Batakundi
8227,0.000988489,73.77531046,35.08448041,False,0.22,1.74,0,3458,17.11368687514779,Batakundi
8228,0.003680033,73.77468068,35.08475537,False,0.22,1.74,0,3458,17.145010042859827,Batakundi
8229,0.002205258,73.7596806,35.14759573,False,0.22,1.74,0,3157,23.047346150054967,Jalkhad
8230,0.000487575,73.76458893,35.15043168,False,0.22,1.74,0,3166,22.965283361896045,Jalkhad
8231,0.003519018,73.76364048,35.14975865,False,0.22,1.74,0,3164,22.970059928364577,Jalkhad
8232,0.003503974,73.82856621,35.10325986,False,0.22,1.74,0,4245,15.172836441269064,Jalkhad
8233,0.001729957,73.85664742,34.83879234,False,0.22,1.74,0,4267,7.643456889155431,Daddar
8234,0.007018946,73.87137486,34.78339603,False,0.22,1.74,0,3913,12.729492835015861,Daddar
8235,0.000417927,73.87044459,34.7829742,False,0.22,1.74,0,3909,12.712782111419042,Daddar
8236,0.000810957,73.85717352,34.86337811,False,0.22,1.74,0,4565,6.794151682931083,Daddar
8237,0.006694461,73.86675187,35.00256975,False,0.22,1.74,0,4303,6.425186879999617,Jalkhad
8238,0.00449867,73.86077966,35.02959633,False,0.22,1.74,0,4211,7.709974308798528,Jalkhad
8239,0.002283036,73.87271676,35.14247105,False,0.22,1.74,0,4303,16.917763791589444,Jalkhad
8240,0.003009551,73.87216032,35.14140053,False,0.22,1.74,0,4302,16.823937288262325,Jalkhad
8241,0.005306918,73.86880482,35.14263436,False,0.22,1.74,0,4260,17.06145032808539,Jalkhad
8242,0.001367934,73.85052243,35.20727512,False,0.22,1.74,0,4212,17.91305681564007,Babusar
8243,0.000927211,73.84311885,35.21617722,False,0.22,1.74,0,4256,18.64661667592915,Babusar
8244,0.017390506,73.94005067,35.19595265,False,0.22,1.74,0,4245,9.78384600535992,Babusar
8245,0.000610432,73.94375413,35.19737926,False,0.22,1.74,0,4218,9.439440178015953,Babusar
8246,0.005944379,73.95151147,34.96353843,False,0.22,1.74,0,4153,4.234811315204036,Jalkhad
8247,0.004888281,73.95225969,34.93958214,False,0.22,1.74,0,3999,6.832244058943414,Jalkhad
8248,0.006370983,73.95062015,34.93595134,False,0.22,1.74,0,4017,7.201366527978548,Jalkhad
8249,0.000493673,73.96148629,34.94249619,False,0.22,1.74,0,3807,6.74235343093727,Jalkhad
8250,0.003205331,73.9637626,34.93970067,False,0.22,1.74,0,3847,7.104677531474868,Jalkhad
8251,0.00092167,73.96540278,34.93949488,False,0.22,1.74,0,3858,7.178314897266373,Jalkhad
8252,0.002497207,73.97547706,34.92865755,False,0.22,1.74,0,4301,8.64266459405685,Jalkhad
8253,0.000581878,73.97450052,34.92887304,False,0.22,1.74,0,4301,8.585134408076065,Jalkhad
8254,0.006145983,73.98227491,34.85853361,False,0.22,1.74,0,4165,14.706217797028648,Dawarian
8255,0.000192653,73.98186696,34.85738818,False,0.22,1.74,0,4160,14.58613742945727,Dawarian
8256,0.002295478,73.99308936,34.86070971,False,0.22,1.74,0,4227,14.829319140959631,Dawarian
8257,0.005387247,73.95475434,34.83969335,False,0.22,1.74,0,4063,13.317788092227804,Dawarian
8258,0.000979517,73.94560384,34.83613181,False,0.22,1.74,0,4039,13.278508199205328,Dawarian
8259,0.000654263,73.95436986,34.83674215,False,0.22,1.74,0,4075,13.024719395592932,Dawarian
8260,0.008924613,73.95387859,34.8376336,False,0.22,1.74,0,4069,13.133390081522823,Dawarian
8261,0.000224014,73.9391824,34.8210992,False,0.22,1.74,0,4073,12.073224958010933,Dawarian
8262,0.000767591,73.9395795,34.82083924,False,0.22,1.74,0,4070,12.02984315452867,Dawarian
8263,0.001370996,73.93946123,34.820464,False,0.22,1.74,0,4065,11.999533542358574,Dawarian
8264,0.204847204,73.98455231,34.83044592,True,0.22,1.74,0,3880,11.591074254509627,Dawarian
8265,0.000151447,73.99673987,34.92229104,False,0.22,1.74,0,4087,10.181487990505293,Jalkhad
8266,0.004695935,73.99832257,34.92238437,False,0.22,1.74,0,4075,10.25034590550372,Jalkhad
8267,0.001748017,74.01863636,34.93537324,False,0.22,1.74,0,4285,10.3118604091014,Jalkhad
8268,0.013698815,74.01573825,34.94204699,False,0.22,1.74,0,4286,9.612671193146934,Jalkhad
8269,0.006101673,74.01490663,34.95474872,False,0.22,1.74,0,4188,8.67060786230062,Jalkhad
8270,0.003671146,73.99405901,35.016292,False,0.22,1.74,0,4222,5.493638327467006,Jalkhad
8271,0.003502894,74.0025207,35.02043063,False,0.22,1.74,0,4111,6.376096279358568,Jalkhad
8272,0.000326222,73.99998638,35.01893868,False,0.22,1.74,0,4132,6.101490450794438,Jalkhad
8273,0.004105508,74.01093809,35.0139761,False,0.22,1.74,0,4070,6.898107186104262,Jalkhad
8274,0.00135347,74.03006884,35.0087948,False,0.22,1.74,0,4239,8.516861414024243,Jalkhad
8275,0.005368233,74.03478612,35.00822293,False,0.22,1.74,0,4235,8.936792786896598,Jalkhad
8276,0.001138171,74.04551331,35.00137351,False,0.22,1.74,0,4267,9.86635122959199,Jalkhad
8277,0.001338208,74.04561728,35.00099326,False,0.22,1.74,0,4270,9.875172561876491,Jalkhad
8278,0.008442873,74.04764495,35.00053944,False,0.22,1.74,0,4268,10.059321381808248,Jalkhad
8279,0.005182722,74.04957671,35.00462915,False,0.22,1.74,0,4212,10.24888106942282,Jalkhad
8280,0.004314054,74.05482886,35.00211527,False,0.22,1.74,0,4146,10.716366891451177,Jalkhad
8281,0.000187831,74.05657612,35.00140097,False,0.22,1.74,0,4139,10.873906383954484,Jalkhad
8282,0.000418349,74.05652565,35.00291921,False,0.22,1.74,0,4148,10.873326403482507,Jalkhad
8283,0.000161448,74.05789913,35.00381673,False,0.22,1.74,0,4147,11.001928298593443,Jalkhad
8284,0.000599766,74.05620574,35.00454761,False,0.22,1.74,0,4144,10.851440732947683,Jalkhad
8285,0.000257022,74.05479711,35.00421358,False,0.22,1.74,0,4145,10.721541746153951,Jalkhad
8286,0.000134199,74.05481214,35.00381315,False,0.22,1.74,0,4145,10.720978650149243,Jalkhad
8287,0.001367643,74.05556387,35.00709562,False,0.22,1.74,0,4127,10.810513461524028,Jalkhad
8288,0.007779195,74.0226605,35.06660267,False,0.22,1.74,0,4168,10.758580537144454,Jalkhad
8289,0.000368504,74.02254968,35.06582557,False,0.22,1.74,0,4165,10.691772890317202,Jalkhad
8290,0.00089874,74.01456297,35.07500831,False,0.22,1.74,0,4174,10.93515948641262,Jalkhad
8291,0.006234753,74.06113017,35.08382018,False,0.22,1.74,0,4223,13.107967854773893,Babusar
8292,0.00220274,74.07944818,35.05823133,False,-0.81,1.73,0,4256,14.490797625995098,Jalkhad
8293,0.003546663,74.07649541,35.04771906,False,-0.81,1.73,0,4268,13.75800413613501,Jalkhad
8294,0.0003212,74.0905266,35.03578556,False,-0.81,1.73,0,4176,14.524669559216022,Jalkhad
8295,0.000144931,74.09022433,35.03578265,False,-0.81,1.73,0,4176,14.498122623349332,Jalkhad
8296,0.000143892,74.08990211,35.03581225,False,-0.81,1.73,0,4176,14.470831435384467,Jalkhad
8297,0.01223714,74.08991975,35.03501132,False,-0.81,1.73,0,4166,14.448035477813464,Jalkhad
8298,0.007471027,74.05591031,34.98223073,False,0.22,1.74,0,4187,10.98761017795943,Jalkhad
8299,0.001248708,74.05276834,34.98140037,False,0.22,1.74,0,4135,10.723321008029266,Jalkhad
8300,0.003266811,74.04804319,34.97230524,False,0.22,1.74,0,4009,10.548904933977976,Jalkhad
8301,0.001380624,74.04657822,34.97083021,False,0.22,1.74,0,4040,10.47056835944649,Jalkhad
8302,0.002600232,74.05913491,34.94308272,False,0.22,1.74,0,4066,11.999437397573802,Bakwali
8303,0.001429248,74.0730377,34.93982745,False,-0.81,1.73,0,4098,10.755474400036402,Bakwali
8304,0.000960989,74.07008409,34.94210888,False,-0.81,1.73,0,4185,11.122770565426446,Bakwali
8305,0.007475507,74.08693609,34.95439774,False,-0.81,1.73,0,4067,10.891755567477732,Bakwali
8306,0.001543821,74.0740287,34.95676378,False,-0.81,1.73,0,3959,11.90324175816105,Bakwali
8307,0.017164704,74.07542315,34.9564476,False,-0.81,1.73,0,3961,11.787506986574998,Bakwali
8308,0.000459406,73.97075394,34.87182457,False,0.22,1.74,0,4095,14.552383160471415,Jalkhad
8309,0.000975964,73.99269986,34.87127491,False,0.22,1.74,0,3918,15.157541542178778,Jalkhad
8310,0.000693483,73.99115899,34.87096341,False,0.22,1.74,0,3912,15.14400687562952,Jalkhad
8311,0.00083008,74.00774195,34.8771535,False,0.22,1.74,0,4030,14.629812377552188,Bakwali
8312,0.000382434,74.00847839,34.87717529,False,0.22,1.74,0,4031,14.56258994953479,Bakwali
8313,0.001171208,74.00713289,34.88310661,False,0.22,1.74,0,3962,14.454070240706498,Jalkhad
8314,0.002140172,74.03077165,34.89055667,False,0.22,1.74,0,4109,12.548655289304008,Bakwali
8315,0.000545856,74.03515641,34.89360994,False,0.22,1.74,0,4128,12.17946723949115,Bakwali
8316,0.003449406,74.05585515,34.87179857,False,0.22,1.74,0,4013,10.297743185865802,Bakwali
8317,0.002297832,74.00619116,34.91979152,False,0.22,1.74,0,4122,10.891140713399505,Jalkhad
8318,0.000395668,74.00564084,34.92027964,False,0.22,1.74,0,4123,10.817865085460783,Jalkhad
8319,0.006863677,74.12442695,35.10439501,False,-0.81,1.73,0,4186,12.832864895226292,Babusar
8320,0.100527902,74.94134473,35.33193172,False,1.52,1.06,0,4425,6.121605336169456,Ramkha
8321,0.01990628,74.95271959,35.3307608,False,1.52,1.06,0,4630,6.313044991330737,Mushak
8322,0.002647687,74.95109679,35.33362689,False,1.52,1.06,0,4610,5.9867152093063,Mushak
8323,0.011219255,74.96247308,35.4644,False,1.52,1.06,0,4563,7.376159473411763,Thingi Bala
8324,0.008672661,74.96489635,35.46454325,False,1.52,1.06,0,4601,7.376407775835097,Thingi Bala
8325,0.005325327,74.99941907,35.45853412,False,1.52,1.06,0,4607,7.0740607541682365,Gutamsar
8326,0.070241914,74.93514333,35.31442647,False,1.52,1.06,0,4196,6.905192764609787,Nowgram
8327,0.002741485,74.92377363,35.30104953,False,1.52,1.06,0,4167,5.1075870342717264,Nowgram
8328,0.002494639,74.80445951,35.21375738,False,-2.4,1.63,0,2595,0.4334019521093699,Rampur
8329,0.00110441,74.80303065,35.21425624,False,-2.4,1.63,0,2603,0.37852901266771816,Rampur
8330,0.005728396,74.97326485,35.46686904,False,1.52,1.06,0,4651,7.631000565260828,Thingi Bala
8331,0.004346108,75.22907927,35.4254191,False,1.52,1.06,0,4854,11.563242945155066,Staq Chan
8332,0.00560457,75.19846087,35.39367714,False,1.52,1.06,0,4876,12.842997336773296,Staq Chan
8333,0.003862248,75.19263566,35.39269842,False,1.52,1.06,0,4857,13.339700592971244,Staq Chan
8334,0.022870362,75.18516975,35.34313256,False,1.52,1.06,0,4667,14.107695695209175,Staq Chan
8335,0.011437291,75.18232326,35.32921977,False,1.52,1.06,0,4886,14.762806656573627,Staq Chan
8336,0.015334116,75.18296354,35.32329498,False,1.52,1.06,0,4720,14.925196714096701,Staq Chan
8337,0.006952117,75.18978578,35.32075771,False,1.52,1.06,0,4579,14.452117052105425,Staq Chan
8338,0.010557836,75.15402591,35.31379088,False,1.52,1.06,0,4693,16.338212970896095,Gutamsar
8339,0.045797662,75.20591536,35.28138176,False,1.52,1.06,0,4769,15.467730516470105,Staq Chan
8340,0.031467828,75.20776388,35.27815266,False,1.52,1.06,0,4701,15.57272775111231,Staq Chan
8341,0.046147723,75.16291312,35.27128419,False,1.52,1.06,0,4757,19.257076786904808,Staq Chan
8342,0.191462157,75.19349,35.26345186,True,1.52,1.06,0,4551,17.627996737640757,Staq Chan
8343,0.008803975,75.16101116,35.25716295,False,1.52,1.06,0,4651,20.19883946340178,Kakan Astore
8344,0.015613737,75.15006723,35.24865935,False,-2.4,1.63,0,4573,18.90421124636187,Kakan Astore
8345,0.01260803,75.14800562,35.2485498,False,-2.4,1.63,0,4588,18.810634177820347,Kakan Astore
8346,0.004574252,75.14575791,35.24979763,False,-2.4,1.63,0,4597,18.847669476769628,Kakan Astore
8347,0.011812785,75.13291262,35.25642841,False,1.52,1.06,0,4712,19.067367176996108,Kakan Astore
8348,0.010087864,75.11114273,35.2536183,False,1.52,1.06,0,4477,18.14788024121733,Kakan Astore
8349,0.002788142,75.09767791,35.25210207,False,1.52,1.06,0,4285,17.693239073701076,Kakan Astore
8350,0.036904158,75.0705969,35.27110884,False,1.52,1.06,0,4326,15.04809758385343,Gutamsar
8351,0.017886732,75.07491459,35.27611589,False,1.52,1.06,0,4457,14.70723695110116,Gutamsar
8352,0.011230267,75.06995132,35.28453065,False,1.52,1.06,0,4712,13.668753074771294,Gutamsar
8353,0.037760741,75.07387563,35.30263435,False,1.52,1.06,0,4594,12.075004987157309,Gutamsar
8354,0.006288094,74.93780593,35.30495874,False,1.52,1.06,0,4177,6.322482102672448,Nowgram
8355,0.114757755,75.18247191,35.23048577,False,-2.4,1.63,0,4547,18.742401789692344,Kakan Astore
8356,0.039914731,75.17754063,35.23474747,False,-2.4,1.63,0,4656,18.858549909830526,Kakan Astore
8357,0.005245524,75.15295162,35.22825752,False,-2.4,1.63,0,4574,17.035226954811396,Kakan Astore
8358,0.016715077,75.16593761,35.2487678,False,-2.4,1.63,0,4775,19.59907274475774,Kakan Astore
8359,0.005698559,75.10912768,35.24668125,False,-2.4,1.63,0,4539,17.355746146359596,Kakan Astore
8360,0.011186554,75.15960239,35.3022639,False,1.52,1.06,0,4728,17.486821061546443,Gutamsar
8361,0.003422871,75.1573693,35.31377381,False,1.52,1.06,0,4724,16.59275611342086,Gutamsar
8362,0.001194791,75.15180463,35.31271227,False,1.52,1.06,0,4666,16.23810330723017,Gutamsar
8363,0.007474971,75.15577158,35.32469176,False,1.52,1.06,0,4739,15.837299240188608,Gutamsar
8364,0.00781842,75.15264661,35.33349609,False,1.52,1.06,0,4600,15.123545792499781,Gutamsar
8365,0.009626356,75.14790987,35.33636431,False,1.52,1.06,0,4624,14.596285030342688,Gutamsar
8366,0.002992022,75.15055995,35.33403004,False,1.52,1.06,0,4631,14.927936123689808,Gutamsar
8367,0.035566402,75.09087456,35.37560664,False,1.52,1.06,0,4621,8.174507154430405,Gutamsar
8368,0.035559545,75.09266557,35.37138819,False,1.52,1.06,0,4616,8.465092025905575,Gutamsar
8369,0.01085209,75.12026198,35.3719519,False,1.52,1.06,0,4753,10.856060581562831,Gutamsar
8370,0.006911786,75.10505812,35.37110763,False,1.52,1.06,0,4735,9.548093107095008,Gutamsar
8371,0.009149301,75.13067412,35.36580354,False,1.52,1.06,0,4768,11.943377724620653,Gutamsar
8372,0.008152332,75.12959263,35.37110952,False,1.52,1.06,0,4596,11.700690230316983,Gutamsar
8373,0.009229072,75.14001807,35.37357096,False,1.52,1.06,0,4324,12.567946512353744,Gutamsar
8374,0.006403977,75.09606675,35.39177588,False,1.52,1.06,0,4781,8.361961531915723,Gutamsar
8375,0.018424127,75.09492475,35.40855582,False,1.52,1.06,0,4720,8.385961168580312,Gutamsar
8376,0.00903637,75.09453515,35.40587498,False,1.52,1.06,0,4773,8.302816958507707,Gutamsar
8377,0.005481434,75.09638065,35.40346475,False,1.52,1.06,0,4783,8.434446288093955,Gutamsar
8378,0.027454155,75.04547277,35.42760489,False,1.52,1.06,0,4732,5.226814115970051,Gutamsar
8379,0.007685531,75.03692245,35.42611832,False,1.52,1.06,0,4645,4.572901247258961,Gutamsar
8380,0.068367029,75.19001786,35.30008861,False,1.52,1.06,0,4758,15.455954859844926,Staq Chan
8381,0.005254149,75.17150712,35.30597631,False,1.52,1.06,0,4947,16.635450260565012,Staq Chan
8382,0.003531674,75.17118518,35.3037949,False,1.52,1.06,0,4912,16.767367630640244,Staq Chan
8383,0.022632069,75.16295141,35.29824157,False,1.52,1.06,0,4657,17.711733271791033,Staq Chan
8384,0.009808864,75.15344449,35.29541379,False,1.52,1.06,0,4582,17.511017650378275,Gutamsar
8385,1.277676326,75.23636951,34.9910259,True,-2.4,1.63,0,4138,13.153051788508966,Chillum
8386,0.027636521,75.27982341,35.01309452,False,-2.4,1.63,0,4278,16.337012448033427,Chillum
8387,0.050712762,75.23794973,35.04847433,False,-2.4,1.63,0,4466,12.417362210987637,Chillum
8388,0.019492168,75.23136753,35.0500999,False,-2.4,1.63,0,4524,11.84592170728001,Chillum
8389,0.015883971,75.23894081,35.05643878,False,-2.4,1.63,0,4510,12.639947832586484,Chillum
8390,0.03143406,75.23140494,35.06693433,False,-2.4,1.63,0,4411,12.2474555763346,Chillum
8391,0.011908666,75.22180359,35.06959309,False,-2.4,1.63,0,4518,11.506884094120686,Chillum
8392,0.025919789,75.18137616,35.08407214,False,-2.4,1.63,0,4461,8.991193255640272,Chillum
8393,0.022077238,75.1988297,35.10420965,False,-2.4,1.63,0,4577,11.636546328847887,Chillum
8394,0.019469092,75.21224485,35.112226,False,-2.4,1.63,0,4659,13.142786679757007,Chillum
8395,0.160543628,75.22816541,35.11900842,True,-2.4,1.63,0,4586,14.738260200358447,Chillum
8396,0.060817216,75.23303174,35.10223738,False,-2.4,1.63,0,4516,14.013354187914622,Chillum
8397,0.016704648,75.22494602,35.10467938,False,-2.4,1.63,0,4588,13.547575967674966,Chillum
8398,0.016263333,75.25649999,35.13115635,False,-2.4,1.63,0,4580,17.59974360392767,Chillum
8399,0.012980772,75.26134506,35.12803813,False,-2.4,1.63,0,4643,17.749543361737235,Chillum
8400,0.122810013,75.26120535,35.14329356,True,-2.4,1.63,0,4661,18.77402747729153,Chillum
8401,0.287427968,74.9612254,35.08201532,True,-2.4,1.63,0,4316,8.907424134528142,Kakan Astore
8402,0.100087328,74.95810907,35.07432969,False,-2.4,1.63,0,4411,9.3735974050514,Kakan Astore
8403,0.083144919,74.93500631,35.09698728,False,-2.4,1.63,0,4183,10.818526224038585,Darla Bala
8404,0.016651541,74.92343614,35.10101853,False,-2.4,1.63,0,4474,10.191875023239907,Darla Bala
8405,0.012571772,74.90687567,35.10519236,False,-2.4,1.63,0,4557,9.070734407991957,Faqirkot
8406,0.117184882,74.90147127,35.09555061,False,-2.4,1.63,0,4396,8.242591781805148,Faqirkot
8407,0.005698983,74.89313658,35.09613365,False,-2.4,1.63,0,4242,7.5423685347126845,Faqirkot
8408,0.01998885,74.88222858,35.09275897,False,-2.4,1.63,0,4475,6.481762532966696,Faqirkot
8409,0.007034502,74.89890023,35.09878938,False,-2.4,1.63,0,4363,8.135515925502274,Faqirkot
8410,0.019874166,74.92019632,35.10560283,False,-2.4,1.63,0,4454,10.215274195755734,Faqirkot
8411,0.013185677,74.90600336,35.12254949,False,-2.4,1.63,0,4533,9.782997277859057,Shain
8412,0.010572033,74.92460947,35.11762699,False,-2.4,1.63,0,4607,11.111406553740288,Faqirkot
8413,0.026934757,74.92731002,35.10387313,False,-2.4,1.63,0,4385,10.663971680132777,Darla Bala
8414,0.023506044,74.94296677,35.08673577,False,-2.4,1.63,0,4440,10.47883254226481,Kakan Astore
8415,0.009769715,74.94747533,35.08941169,False,-2.4,1.63,0,4395,10.043313312302564,Kakan Astore
8416,0.01559231,74.971713,35.26889044,False,1.52,1.06,0,4440,6.491565680723041,Pakora Astore
8417,0.007567098,75.00165987,35.28757064,False,1.52,1.06,0,4588,9.73462682366602,Pakora Astore
8418,0.014717658,75.02277248,35.28791253,False,1.52,1.06,0,4565,11.542431975108098,Pakora Astore
8419,0.038860432,74.91687258,35.013301,False,-2.4,1.63,0,4065,6.672354123867495,Chechri Kadal
8420,0.075755296,74.93745013,35.01139917,False,-2.4,1.63,0,4103,7.860348631504414,Chechri Kadal
8421,0.009017112,74.94067264,35.00409059,False,-2.4,1.63,0,4268,7.621667090917998,Chechri Kadal
8422,0.02629285,74.94129324,35.00084086,False,-2.4,1.63,0,4333,7.480951514414605,Chechri Kadal
8423,0.111308159,75.00107695,35.01623814,False,-2.4,1.63,0,3931,9.477124283267504,Chillum
8424,0.142059178,75.05052523,34.97202858,True,-2.4,1.63,0,4263,8.488787418758099,Chillum
8425,0.083339996,75.03921353,34.97992427,False,-2.4,1.63,0,4321,8.442037414999353,Chillum
8426,0.01852203,75.05271814,34.96309661,False,-2.4,1.63,0,4377,9.23010848257593,Chillum
8427,0.146253032,75.17717418,34.92037689,True,-2.4,1.63,0,4257,14.487515472604215,Chillum
8428,0.159779291,75.18874183,34.91935623,True,-2.4,1.63,0,4221,15.108221639719975,Chillum
8429,0.051252701,75.14307297,34.91962537,False,-2.4,1.63,0,4324,13.394183819572579,Chillum
8430,0.024969905,74.73479778,34.84182275,False,-2.4,1.63,0,4189,11.740560884219132,Nikron
8431,0.049612747,74.72815221,34.83614071,False,-2.4,1.63,0,4088,10.91560986636232,Nikron
8432,0.02010303,74.71863915,34.83048297,False,-2.4,1.63,0,4054,9.963731172759388,Hilmat
8433,0.044980261,74.71704517,34.82534369,False,-2.4,1.63,0,3899,9.403667354140268,Hilmat
8434,0.017372099,74.70242845,34.81961299,False,-2.4,1.63,0,3629,8.177938119617894,Hilmat
8435,0.005777646,74.74222983,34.83439458,False,-2.4,1.63,0,4025,11.318736578171684,Nikron
8436,0.009671432,74.72238757,34.81264207,False,-2.4,1.63,0,3931,8.327697150706454,Nikron
8437,0.00987399,74.73759351,34.84386112,False,-2.4,1.63,0,4194,12.054433353859254,Nikron
8438,0.244955786,74.76112387,34.83939905,True,-2.4,1.63,0,3979,12.71785798877394,Nikron
8439,0.040645502,74.77058857,34.84665102,False,-2.4,1.63,0,3983,13.87731485285802,Nikron
8440,0.121590222,74.78665258,34.84644723,True,-2.4,1.63,0,3883,14.775919211302982,Nikron
8441,0.045985495,74.79631325,34.85308407,False,-2.4,1.63,0,4115,14.348865475152477,Chechri Kadal
8442,0.477171417,74.80872038,34.84501715,True,-2.4,1.63,0,4000,14.676974594032286,Chechri Kadal
8443,0.119556853,75.198198,35.04873112,True,-2.4,1.63,0,4397,8.83818805172746,Chillum
8444,0.041978935,75.13621205,35.11980059,False,-2.4,1.63,0,4459,7.615319923982805,Kakan Astore
8445,0.019044434,75.14211693,35.1214414,False,-2.4,1.63,0,4526,8.18240673997888,Kakan Astore
8446,0.043209641,75.1453774,35.12642554,False,-2.4,1.63,0,4619,8.659844649111614,Kakan Astore
8447,0.007729066,75.11239111,35.13275494,False,-2.4,1.63,0,4459,6.421626840638053,Kakan Astore
8448,0.012312885,75.09736988,35.16111154,False,-2.4,1.63,0,4365,8.055845683229652,Kakan Astore
8449,0.054534933,75.09820398,35.16862015,False,-2.4,1.63,0,4507,8.840967022992597,Kakan Astore
8450,0.046804875,75.11353085,35.17600424,False,-2.4,1.63,0,4485,10.211464867824604,Kakan Astore
8451,0.019073216,75.13332839,35.16581996,False,-2.4,1.63,0,4285,10.34847553679867,Kakan Astore
8452,0.024543331,75.15481712,35.28253357,False,1.52,1.06,0,4559,18.54279564235186,Gutamsar
8453,0.023477507,75.21319955,35.22727158,False,-2.4,1.63,0,4630,19.469121294119567,Staq Chan
8454,0.041114102,75.21726152,35.22844455,False,-2.4,1.63,0,4662,19.150950866960635,Staq Chan
8455,0.011236696,75.23978284,35.23198759,False,-2.4,1.63,0,4709,17.725482527744752,Staq Chan
8456,0.003005403,75.24149823,35.23316499,False,-2.4,1.63,0,4707,17.534490719680743,Staq Chan
8457,0.022810541,75.22271697,35.21948917,False,-2.4,1.63,0,4662,19.71344761701489,Staq Chan
8458,0.042879249,75.1264038,34.70848174,False,2.99,2.06,0,4267,10.176716546866217,Minimarg
8459,0.017652915,75.11837739,34.71891175,False,2.99,2.06,0,4189,8.818018877028294,Minimarg
8460,0.002367315,75.11655609,34.71867687,False,2.99,2.06,0,4190,8.776727067592605,Minimarg
8461,0.074140201,75.09675771,34.72666425,False,2.99,2.06,0,4108,7.382734684362673,Minimarg
8462,0.011382266,75.09668285,34.72369599,False,2.99,2.06,0,4107,7.704264160165402,Minimarg
8463,0.631846736,75.13706677,34.69649681,True,2.99,2.06,0,4103,11.799806160317651,Minimarg
8464,0.210102899,75.14044082,34.68356332,True,2.99,2.06,0,4132,12.98938905329259,Titwal
8465,0.058397987,75.15732648,34.67795783,False,2.99,2.06,0,4238,14.386492328186712,Titwal
8466,0.025791219,75.16474858,34.68137349,False,2.99,2.06,0,4234,14.510417476951224,Minimarg
8467,0.045868116,75.16970433,34.67433913,False,2.99,2.06,0,4313,15.413717184607673,Minimarg
8468,0.032229272,75.1572419,34.82303427,False,-2.4,1.63,0,4270,7.90021472473737,Minimarg
8469,0.013369107,75.15451975,34.82612837,False,-2.4,1.63,0,4288,7.8408998378744235,Minimarg
8470,0.023696117,75.19705947,34.82768856,False,-2.4,1.63,0,4250,11.445873002193466,Minimarg
8471,0.008780562,75.16881172,34.84493188,False,-2.4,1.63,0,4211,10.072142546923113,Minimarg
8472,0.021640426,75.1488435,34.85419137,False,-2.4,1.63,0,4301,9.40106226662797,Minimarg
8473,0.022285174,75.07876565,34.89554426,False,-2.4,1.63,0,4255,11.563137141028005,Minimarg
8474,0.026960173,75.08893688,34.89166041,False,-2.4,1.63,0,4207,11.163083052395239,Minimarg
8475,0.01845907,75.03348716,34.87957659,False,-2.4,1.63,0,4212,10.656251312625264,Minimarg
8476,0.062940275,74.99187371,34.85700079,False,-2.4,1.63,0,4099,10.824796055356716,Minimarg
8477,0.068976081,74.97615475,35.10119913,False,-2.4,1.63,0,4385,7.422510248214647,Kakan Astore
8478,0.012951906,74.98092735,35.06040319,False,-2.4,1.63,0,4115,8.038510428061477,Kakan Astore
8479,0.056160306,75.15451485,35.15063862,False,-2.4,1.63,0,4175,10.684946546217455,Kakan Astore
8480,0.075700577,75.28849208,35.14475214,False,-2.4,1.63,0,4578,20.838546158168764,Chillum
8481,0.003817211,75.23511775,34.64338242,False,2.99,2.06,0,4278,11.891623086379488,Gujran
8482,0.002786743,75.2330614,34.6421713,False,2.99,2.06,0,4290,11.771357604526608,Gujran
8483,0.011385554,75.22925812,34.6413975,False,2.99,2.06,0,4294,11.719818664224936,Gujran
8484,0.015730601,75.2251787,34.64045547,False,2.99,2.06,0,4301,11.66420879833962,Gujran
8485,0.002798503,75.22409008,34.64390563,False,2.99,2.06,0,4301,12.058336841118146,Gujran
8486,0.031776778,75.21784118,34.64431066,False,2.99,2.06,0,4298,12.200919219934347,Gujran
8487,0.03002988,75.22167776,34.64739221,False,2.99,2.06,0,4268,12.475630973413038,Gujran
8488,0.00374833,75.22772722,34.64490698,False,2.99,2.06,0,4291,12.123756934224854,Gujran
8489,0.043957164,75.22916246,34.64817342,False,2.99,2.06,0,4252,12.469661872143798,Gujran
8490,0.070525277,75.14670737,34.62163244,False,2.99,2.06,0,3873,9.900194915779034,Buglandar
8491,0.006816211,75.18518742,34.63339891,False,2.99,2.06,0,4193,11.70573712701965,Badoab
8492,0.021083149,75.19149994,34.64055837,False,2.99,2.06,0,4300,12.501526309581699,Gujran
8493,0.097124146,75.17725702,34.64584532,False,2.99,2.06,0,4247,13.027430313539075,Badoab
8494,0.006239512,75.18625348,34.6524964,False,2.99,2.06,0,4382,13.82727888193615,Badoab
8495,0.041823417,75.17538789,34.65336777,False,2.99,2.06,0,4252,13.856534401886034,Badoab
8496,0.007683436,75.18112405,34.65556144,False,2.99,2.06,0,4294,14.126474609066152,Badoab
8497,0.014593813,75.17851415,34.65821364,False,2.99,2.06,0,4253,14.406694708565423,Badoab
8498,0.00371455,75.15700229,34.68469897,False,2.99,2.06,0,4158,13.824643218701517,Minimarg
8499,0.013699068,75.15925156,34.67988157,False,2.99,2.06,0,4234,14.390537701331473,Minimarg
8500,0.011223484,75.16164363,34.67454943,False,2.99,2.06,0,4366,14.722695000487429,Titwal
8501,0.00748891,75.16482265,34.67060145,False,2.99,2.06,0,4346,14.961782302738706,Titwal
8502,0.00722616,75.16954212,34.67212255,False,2.99,2.06,0,4330,15.408347517684124,Titwal
8503,0.737230103,75.17942179,34.66612349,True,2.99,2.06,0,4234,15.289346321960489,Badoab
8504,0.0436091,75.19731344,34.66293593,False,2.99,2.06,0,4250,14.66822001189114,Gujran
8505,0.009463784,75.20016954,34.66012173,False,2.99,2.06,0,4276,14.293913365002005,Gujran
8506,0.006033906,75.1982939,34.65517388,False,2.99,2.06,0,4349,13.817144033538698,Gujran
8507,0.00789498,75.20319591,34.65314741,False,2.99,2.06,0,4314,13.472056107633517,Gujran
8508,0.038404815,75.20560415,34.65151048,False,2.99,2.06,0,4317,13.237377352562026,Gujran
8509,0.028090956,75.20748461,34.66072535,False,2.99,2.06,0,4236,14.187088384918116,Gujran
8510,0.010878579,75.13937064,34.85165213,False,-2.4,1.63,0,4244,8.622927640163134,Minimarg
8511,0.006267169,75.13826493,34.84254781,False,-2.4,1.63,0,4200,7.795081326646905,Minimarg
8512,0.003065786,75.1406123,34.83767378,False,-2.4,1.63,0,4326,7.566476405774543,Minimarg
8513,0.01210912,75.14969694,34.83994843,False,-2.4,1.63,0,4275,8.356129828126504,Minimarg
8514,0.00624847,75.14991577,34.8382716,False,-2.4,1.63,0,4275,8.252863493827666,Minimarg
8515,0.005423635,75.15445248,34.84220183,False,-2.4,1.63,0,4279,8.849988925552898,Minimarg
8516,0.00098184,75.15685893,34.84420382,False,-2.4,1.63,0,4167,9.161099070005664,Minimarg
8517,0.021776477,75.16100074,34.84690595,False,-2.4,1.63,0,4119,9.643841325363386,Minimarg
8518,0.007643629,75.08952187,34.88872473,False,-2.4,1.63,0,4293,10.841916727898345,Minimarg
8519,0.014390569,75.28204276,34.86411551,False,-2.4,1.63,0,4172,20.15731311766068,Minimarg
8520,0.142811343,75.24978356,34.9217431,True,-2.4,1.63,0,4152,18.434051765137376,Chillum
8521,0.004161227,75.07094738,34.93597351,False,-2.4,1.63,0,4342,11.423275974334743,Chillum
8522,0.015328596,75.12277201,34.97459682,False,-2.4,1.63,0,4234,7.008980282819908,Chillum
8523,0.008643853,75.12269401,34.96673988,False,-2.4,1.63,0,4289,7.85347450961183,Chillum
8524,0.014831799,75.13694834,34.95098458,False,-2.4,1.63,0,4260,9.897640804039167,Chillum
8525,0.004385926,75.14765617,34.94125289,False,-2.4,1.63,0,4395,11.248379230694498,Chillum
8526,0.015836995,75.1552352,34.93991376,False,-2.4,1.63,0,4292,11.654380201082436,Chillum
8527,0.026461051,75.15519149,34.93830665,False,-2.4,1.63,0,4293,11.815818191378952,Chillum
8528,0.004067075,75.16965265,34.94128995,False,-2.4,1.63,0,4373,12.122073074372887,Chillum
8529,0.011681916,75.12187646,34.91465592,False,-2.4,1.63,0,4329,13.541996738433536,Chillum
8530,0.009035423,75.13308248,34.91629124,False,-2.4,1.63,0,4266,13.53458358494371,Chillum
8531,0.004684669,75.15444566,34.92047127,False,-2.4,1.63,0,4419,13.628168075510729,Chillum
8532,0.003674087,75.15263086,34.91877916,False,-2.4,1.63,0,4442,13.74895902271317,Chillum
8533,0.000697245,75.14796662,34.92664441,False,-2.4,1.63,0,4365,12.783281736732233,Chillum
8534,0.003846522,75.14622754,34.92670641,False,-2.4,1.63,0,4365,12.726264319718318,Chillum
8535,0.001565477,75.20360781,34.91018353,False,-2.4,1.63,0,4375,16.69588511493356,Chillum
8536,0.027706151,75.33220027,35.10477285,False,-2.54,1.23,0,4486,22.28295810910529,Chillum
8537,0.023659327,75.33541139,35.09629301,False,-2.54,1.23,0,4435,22.253610278031264,Chillum
8538,0.00896549,75.34018803,35.09734361,False,-2.54,1.23,0,4390,22.703152447053856,Chillum
8539,0.004778241,75.34219846,35.11418647,False,-2.54,1.23,0,4445,23.50725949237693,Chillum
8540,0.197876598,75.32122845,35.13240341,True,-2.54,1.23,0,4529,22.638086424590355,Chillum
8541,0.077195525,75.33150809,35.14150804,False,-2.54,1.23,0,4654,23.945928471189845,Chillum
8542,0.009286817,75.37521956,35.12629447,False,-2.54,1.23,0,4459,22.850174978816767,Dadj
8543,0.034971726,75.36976239,35.12366807,False,-2.54,1.23,0,4517,23.403704614541468,Dadj
8544,0.022942412,75.27173659,35.11402504,False,-2.4,1.63,0,4648,17.71000997157644,Chillum
8545,0.013231424,75.27711279,35.10700718,False,-2.4,1.63,0,4593,17.77471543851577,Chillum
8546,0.001703071,75.29300599,35.12422126,False,-2.4,1.63,0,4522,19.95205900738777,Chillum
8547,0.004266998,75.28862962,35.12221761,False,-2.4,1.63,0,4543,19.495933066600493,Chillum
8548,0.002175187,75.25847792,35.11929799,False,-2.4,1.63,0,4585,16.985772288642035,Chillum
8549,0.002721358,75.2314803,35.12761443,False,-2.4,1.63,0,4623,15.585276414417926,Chillum
8550,0.008217557,75.22865412,35.13905448,False,-2.4,1.63,0,4677,16.267034569565297,Chillum
8551,0.00429982,75.26529739,35.14252949,False,-2.4,1.63,0,4664,19.008591756781158,Chillum
8552,0.01115331,75.25094904,35.13808606,False,-2.4,1.63,0,4527,17.687185941997754,Chillum
8553,0.012594537,75.22011732,35.1538748,False,-2.4,1.63,0,4583,16.10834905202723,Kakan Astore
8554,0.000520099,75.21954974,35.15475949,False,-2.4,1.63,0,4586,16.100300283920493,Kakan Astore
8555,0.000872293,75.21003641,35.14639845,False,-2.4,1.63,0,4422,14.942888387396538,Kakan Astore
8556,0.010857991,75.18427054,35.20130079,False,-2.4,1.63,0,4630,16.396025478260434,Kakan Astore
8557,0.004176199,75.18745714,35.1858018,False,-2.4,1.63,0,4423,15.43967197401103,Kakan Astore
8558,0.016813994,75.19395068,35.19033431,False,-2.4,1.63,0,4537,16.215684234331444,Kakan Astore
8559,0.000387162,75.20298741,35.19109555,False,-2.4,1.63,0,4651,16.90506443106935,Kakan Astore
8560,0.000924587,75.20035078,35.18915524,False,-2.4,1.63,0,4639,16.583260273433968,Kakan Astore
8561,0.002712461,75.28636627,35.14101573,False,-2.4,1.63,0,4595,20.440591513566154,Chillum
8562,0.000777471,75.28021568,35.15059292,False,-2.4,1.63,0,4731,20.628174730376088,Chillum
8563,0.002028575,75.27964618,35.15126144,False,-2.4,1.63,0,4728,20.63386354000864,Chillum
8564,0.006926412,75.27039687,35.15192614,False,-2.4,1.63,0,4883,20.031116433584426,Chillum
8565,0.000791648,75.28290253,35.14661381,False,-2.4,1.63,0,4695,20.55142867832769,Chillum
8566,0.001107821,75.29973437,35.16103653,False,-2.4,1.63,0,4580,22.741177152802642,Chillum
8567,0.002100791,75.29651532,35.16321583,False,-2.4,1.63,0,4628,22.661809804974045,Chillum
8568,0.013718492,75.29673156,35.16909106,False,-2.4,1.63,0,4721,22.658608229355323,Staq Chan
8569,0.001642589,75.30966026,35.16584084,False,-2.4,1.63,0,4639,22.857534617607154,Staq Chan
8570,0.002438683,75.30906095,35.16690887,False,-2.4,1.63,0,4631,22.74552546479106,Staq Chan
8571,0.011561578,75.31288136,35.17435659,False,-2.54,1.23,0,4755,21.885140270651473,Staq Chan
8572,0.001330308,75.32924193,35.16371616,False,-2.54,1.23,0,4741,22.820635611219863,Tandal
8573,0.000979712,75.34369804,35.15927885,False,-2.54,1.23,0,4455,22.23431048075884,Tandal
8574,0.004312003,75.34009215,35.16031299,False,-2.54,1.23,0,4477,22.37954871090984,Tandal
8575,0.001823341,75.33451735,35.16781164,False,-2.54,1.23,0,4667,22.159332303201253,Tandal
8576,0.084438492,75.33373771,35.1732813,False,-2.54,1.23,0,4788,21.80099101795129,Tandal
8577,0.000599633,75.33722189,35.17194789,False,-2.54,1.23,0,4755,21.66620190027382,Tandal
8578,0.005412058,75.30634235,35.18936882,False,-2.4,1.63,0,4476,20.298277075570457,Staq Chan
8579,0.000498433,75.31285593,35.19266294,False,-2.54,1.23,0,4584,19.861203280958076,Staq Chan
8580,0.022277664,75.32861339,35.18790816,False,-2.54,1.23,0,4835,20.2818480198762,Staq Chan
8581,0.026725952,75.34287802,35.18504929,False,-2.54,1.23,0,4644,20.31380076913732,Tandal
8582,0.00318193,75.34724252,35.18311685,False,-2.54,1.23,0,4637,20.157026372693288,Tandal
8583,0.012279901,75.34085393,35.17870971,False,-2.54,1.23,0,4695,20.916503571963535,Tandal
8584,0.000393566,75.35113766,35.17432065,False,-2.54,1.23,0,4661,20.567956678709407,Tandal
8585,0.000616602,75.35018869,35.17426703,False,-2.54,1.23,0,4674,20.63372859154832,Tandal
8586,0.003797326,75.34921451,35.17413097,False,-2.54,1.23,0,4658,20.707685724265552,Tandal
8587,0.00165099,75.35961982,35.17643546,False,-2.54,1.23,0,4595,19.85676154925597,Tandal
8588,0.057398105,75.3536251,35.17763565,False,-2.54,1.23,0,4582,20.148606685342735,Tandal
8589,0.005093056,75.3632616,35.17649175,False,-2.54,1.23,0,4649,19.621964643814618,Tandal
8590,0.001952851,75.37731463,35.18139022,False,-2.54,1.23,0,4560,18.353360285232093,Tandal
8591,0.047855168,75.37762498,35.16905298,False,-2.54,1.23,0,4628,19.37587123508523,Tandal
8592,0.021540139,75.38093536,35.16655652,False,-2.54,1.23,0,4676,19.404573818009997,Tandal
8593,0.034367791,75.36899472,35.20713747,False,-2.54,1.23,0,4764,16.916525255647514,Tandal
8594,0.005611969,75.36389435,35.20578393,False,-2.54,1.23,0,4778,17.3706686340374,Tandal
8595,0.045686978,75.35289902,35.19437526,False,-2.54,1.23,0,4719,18.94845312481963,Tandal
8596,0.003608679,75.34895738,35.19762095,False,-2.54,1.23,0,4761,18.997339686012335,Tandal
8597,0.005255803,75.33487741,35.19864934,False,-2.54,1.23,0,4642,19.073764314813975,Staq Chan
8598,0.017371429,75.33653191,35.20127605,False,-2.54,1.23,0,4651,18.7806484397606,Staq Chan
8599,0.030943298,75.33425992,35.20655701,False,-2.54,1.23,0,4590,18.195250405069533,Staq Chan
8600,0.002671935,75.3335544,35.20921623,False,-2.54,1.23,0,4597,17.900646304002642,Staq Chan
8601,0.015281894,75.33566478,35.2125741,False,-2.54,1.23,0,4587,17.524801681252512,Staq Chan
8602,0.000362669,75.3559839,35.20953532,False,-2.54,1.23,0,4843,17.68455493597881,Tandal
8603,0.002622092,75.34716547,35.22027305,False,-2.54,1.23,0,4638,16.692906022058168,Staq Chan
8604,0.032405416,75.34600096,35.22361743,False,-2.54,1.23,0,4595,16.316051852869982,Staq Chan
8605,0.002159467,75.37183452,35.23047084,False,-2.54,1.23,0,4766,15.178002187366717,Tandal
8606,0.001231732,75.36399771,35.23485834,False,-2.54,1.23,0,4866,15.242206526409381,Staq Chan
8607,0.004276095,75.37564721,35.24045966,False,-2.54,1.23,0,4631,14.307926765208775,Tandal
8608,0.002590591,75.38277635,35.24476325,False,-2.54,1.23,0,4631,13.509030541340898,Tandal
8609,0.011039586,75.3503432,35.24249306,False,-2.54,1.23,0,4795,14.247747138888919,Staq Chan
8610,0.017348407,75.29603523,35.25541549,False,1.52,1.06,0,4588,13.294941794372074,Staq Chan
8611,0.000812123,75.28356787,35.25177713,False,1.52,1.06,0,4777,14.034507445477749,Staq Chan
8612,0.016697804,75.28386589,35.24960109,False,-2.4,1.63,0,4808,14.252553447131096,Staq Chan
8613,0.006336284,75.25420037,35.24267281,False,-2.4,1.63,0,4398,16.052155526745302,Staq Chan
8614,0.000497907,75.28905232,35.24689528,False,-2.4,1.63,0,4672,14.386238968898487,Staq Chan
8615,0.001568267,75.29238431,35.26477939,False,1.52,1.06,0,4800,12.403497004776515,Staq Chan
8616,0.001447072,75.29024764,35.26417855,False,1.52,1.06,0,4806,12.531161674336413,Staq Chan
8617,0.011517126,75.28935462,35.2639051,False,1.52,1.06,0,4807,12.587456593317473,Staq Chan
8618,0.000943487,75.28675642,35.26393792,False,1.52,1.06,0,4802,12.667217860797088,Staq Chan
8619,0.003295395,75.28436745,35.264393,False,1.52,1.06,0,4836,12.700189888657206,Staq Chan
8620,0.01300294,75.28129288,35.26545783,False,1.52,1.06,0,4832,12.699343539410684,Staq Chan
8621,0.028730872,75.24787775,35.18882271,False,-2.4,1.63,0,4644,20.1284852163208,Kakan Astore
8622,0.013036822,75.25147277,35.1925357,False,-2.4,1.63,0,4614,20.620856173553594,Kakan Astore
8623,0.005669716,75.24363391,35.19192705,False,-2.4,1.63,0,4728,19.978753193131872,Kakan Astore
8624,0.006171338,75.24227665,35.19655876,False,-2.4,1.63,0,4750,20.15389278319457,Kakan Astore
8625,0.011660111,75.24671398,35.19817352,False,-2.4,1.63,0,4703,20.58935809415279,Kakan Astore
8626,0.010536185,75.2315561,35.19379014,False,-2.4,1.63,0,4738,19.173673541415702,Kakan Astore
8627,0.017437184,75.23181211,35.19058365,False,-2.4,1.63,0,4702,18.994261456487553,Kakan Astore
8628,0.037246618,75.24856777,35.20269029,False,-2.4,1.63,0,4697,20.285158492392426,Staq Chan
8629,0.012897427,75.23023073,35.20368396,False,-2.4,1.63,0,4728,19.718967891163068,Kakan Astore
8630,0.008362933,75.18838277,35.2135648,False,-2.4,1.63,0,4623,17.64190057387695,Kakan Astore
8631,0.001734034,75.17946481,35.21462508,False,-2.4,1.63,0,4705,17.195600751995478,Kakan Astore
8632,0.001043287,75.19718079,35.2144544,False,-2.4,1.63,0,4580,18.26175964759663,Kakan Astore
8633,0.001249441,75.20692142,35.21815453,False,-2.4,1.63,0,4377,19.17612444369318,Kakan Astore
8634,0.011718997,75.21796797,35.21212543,False,-2.4,1.63,0,4672,19.450519292224612,Kakan Astore
8635,0.013036428,75.22146037,35.21302686,False,-2.4,1.63,0,4697,19.75532379995877,Kakan Astore
8636,0.03382483,75.22539009,35.21251968,False,-2.4,1.63,0,4711,19.989775570891496,Kakan Astore
8637,0.013710407,75.22648822,35.21925741,False,-2.4,1.63,0,4684,19.55740010243009,Staq Chan
8638,0.003085805,75.15332341,35.22045104,False,-2.4,1.63,0,4605,16.312376925762283,Kakan Astore
8639,0.000942541,75.16157577,35.22876387,False,-2.4,1.63,0,4660,17.494789170415487,Kakan Astore
8640,0.010330478,75.16296372,35.22794069,False,-2.4,1.63,0,4659,17.486714282356754,Kakan Astore
8641,0.002040213,75.18587712,35.22658799,False,-2.4,1.63,0,4517,18.592346031078662,Kakan Astore
8642,0.00090278,75.18244663,35.22527248,False,-2.4,1.63,0,4613,18.28344058376426,Kakan Astore
8643,0.002526749,75.13761329,35.25882535,False,1.52,1.06,0,4635,19.4033014502309,Gutamsar
8644,0.001218299,75.13356368,35.24213543,False,-2.4,1.63,0,4657,17.61683879148942,Kakan Astore
8645,0.004271962,75.13394235,35.36826112,False,1.52,1.06,0,4740,12.158849970984955,Gutamsar
8646,0.001171038,75.14153081,35.37499755,False,1.52,1.06,0,4327,12.673683835716075,Gutamsar
8647,0.001046148,75.14252182,35.37343145,False,1.52,1.06,0,4330,12.79378586813587,Gutamsar
8648,0.002452684,75.19779353,35.34712193,False,1.52,1.06,0,4667,12.895729622695068,Staq Chan
8649,0.007847515,75.19670772,35.34539579,False,1.52,1.06,0,4611,13.03160484604967,Staq Chan
8650,0.002550972,75.19552088,35.34513093,False,1.52,1.06,0,4600,13.143049614594279,Staq Chan
8651,0.017590133,75.23675035,35.37316383,False,1.52,1.06,0,4806,9.110239549363568,Staq Chan
8652,0.01613147,75.27451293,35.36722554,False,1.52,1.06,0,4781,5.689901086919033,Staq Chan
8653,0.022839012,75.40295685,35.35079893,False,-0.23,0.97,0,4542,6.3436165468133145,Staq Chan
8654,0.045867243,75.38366384,35.36733742,False,-0.23,0.97,0,4533,4.228393006773423,Staq Chan
8655,0.00780075,75.19551004,35.38346886,False,1.52,1.06,0,4727,12.92741400272931,Staq Chan
8656,0.000740368,75.1971069,35.38285581,False,1.52,1.06,0,4700,12.775940755111092,Staq Chan
8657,0.004849588,75.20214857,35.38451406,False,1.52,1.06,0,4706,12.344074074591948,Staq Chan
8658,0.001352129,75.20362285,35.38131935,False,1.52,1.06,0,4665,12.170491919228525,Staq Chan
8659,0.001280806,75.25430387,35.38875866,False,1.52,1.06,0,4378,7.790943995536981,Staq Chan
8660,0.00284724,75.25347482,35.38590404,False,1.52,1.06,0,4383,7.786176565277874,Staq Chan
8661,0.057102988,75.27982618,35.40363274,False,1.52,1.06,0,4535,6.391871271387225,Staq Chan
8662,0.00353397,75.04919708,35.42586518,False,1.52,1.06,0,4787,5.349064729854513,Gutamsar
8663,0.000258396,75.04213919,35.42523541,False,1.52,1.06,0,4683,4.826507697149082,Gutamsar
8664,0.000291237,75.04236894,35.42470832,False,1.52,1.06,0,4685,4.80099971107084,Gutamsar
8665,0.002525768,75.18124378,35.33820822,False,1.52,1.06,0,4858,14.579900919327294,Staq Chan
8666,0.004349912,75.16048762,35.28669331,False,1.52,1.06,0,4726,18.521517405623353,Staq Chan
8667,0.051468052,74.69562191,34.85901857,False,-2.4,1.63,0,4027,12.024253120956535,Shundas
8668,0.005275779,74.73363952,34.85814305,False,-2.4,1.63,0,4199,13.305780163736818,Hilmat
8669,0.008503589,74.76836354,34.84460396,False,-2.4,1.63,0,4006,13.573676336611948,Nikron
8670,0.001312148,74.76049889,34.84349517,False,-2.4,1.63,0,3977,13.060095287292603,Nikron
8671,0.005235644,74.81542454,34.85093011,False,-2.4,1.63,0,4003,13.838951321649207,Chechri Kadal
8672,0.011456674,74.81271299,34.85097568,False,-2.4,1.63,0,4011,13.925667412281024,Chechri Kadal
8673,0.00561087,74.82984017,34.8267425,False,-2.4,1.63,0,4139,15.603348313959149,Taobat
8674,0.061397395,74.84781362,34.807801,False,-2.4,1.63,0,4235,14.400249918883341,Zian
8675,0.000668217,74.84970488,34.81017934,False,-2.4,1.63,0,4244,14.520516952800419,Qamri
8676,0.012150453,74.85025633,34.80949159,False,-2.4,1.63,0,4240,14.430850187048712,Qamri
8677,0.001438925,74.85519353,34.80922626,False,-2.4,1.63,0,4184,14.094079676806489,Qamri
8678,0.001990616,74.83613008,34.80010066,False,-2.4,1.63,0,4194,14.108423773699101,Taobat
8679,0.000258947,74.83559966,34.8004319,False,-2.4,1.63,0,4196,14.090472361288066,Taobat
8680,0.011970789,75.19845758,34.69211197,False,2.99,2.06,0,4333,15.49474512947831,Minimarg
8681,0.007005711,75.19456807,34.69252196,False,2.99,2.06,0,4312,15.214854178973548,Minimarg
8682,0.0040198,75.19494015,34.69164013,False,2.99,2.06,0,4313,15.309382996658876,Minimarg
8683,0.007067837,75.23855202,34.72034772,False,2.99,2.06,0,4366,16.53440995196769,Minimarg
8684,0.025968263,75.1894798,34.71249249,False,2.99,2.06,0,4322,13.339591073927126,Minimarg
8685,0.005824948,75.04310301,34.71544724,False,2.99,2.06,0,3996,7.320311156610773,Kilshai
8686,0.003263749,75.02914133,34.72664692,False,2.99,2.06,0,4094,6.213060393582097,Qamri
8687,0.019172486,75.0279277,34.72382557,False,2.99,2.06,0,4117,6.060871361020127,Qamri
8688,0.00231934,75.14081175,34.70210319,False,2.99,2.06,0,4096,11.408295823667338,Minimarg
8689,0.002618139,75.12844177,34.68974861,False,2.99,2.06,0,4236,12.108694767256837,Titwal
8690,0.006303249,75.12834707,34.68861167,False,2.99,2.06,0,4235,12.063469378326051,Titwal
8691,0.031057274,74.98108243,34.81035397,False,-2.4,1.63,0,4175,9.240884890652419,Minimarg
8692,0.015877676,74.97702833,34.8094071,False,-2.4,1.63,0,4234,9.579508100827558,Minimarg
8693,0.001160394,74.95896833,34.80754082,False,-2.4,1.63,0,4071,9.985647691318901,Qamri
8694,0.007728743,75.02120724,34.84351079,False,-2.4,1.63,0,3940,7.864711943413724,Minimarg
8695,0.01295342,75.0055415,34.84432827,False,-2.4,1.63,0,4022,8.956609986224217,Minimarg
8696,0.001070196,74.88133665,34.816825,False,-2.4,1.63,0,4172,13.252551721341792,Qamri
8697,0.086086988,74.8065448,34.86159966,False,-2.4,1.63,0,3905,13.07965986659305,Chechri Kadal
8698,0.010056933,74.91025538,34.9222189,False,-2.4,1.63,0,4039,6.161073207017582,Chechri Kadal
8699,0.03338637,74.91401491,34.9185246,False,-2.4,1.63,0,4200,6.695069284348813,Chechri Kadal
8700,0.006083368,74.9181824,34.91525398,False,-2.4,1.63,0,4332,7.213915772929314,Chechri Kadal
8701,0.03194106,74.92001471,34.90862741,False,-2.4,1.63,0,4206,7.908213447166916,Chechri Kadal
8702,0.01669248,74.92022595,34.90501908,False,-2.4,1.63,0,4217,8.251072951483602,Chechri Kadal
8703,0.013798605,74.93016302,34.90817722,False,-2.4,1.63,0,4143,8.510090473297184,Chechri Kadal
8704,0.021595766,74.93605866,34.90284055,False,-2.4,1.63,0,4324,9.310205784294402,Chechri Kadal
8705,0.036817424,74.9435764,34.90278504,False,-2.4,1.63,0,4340,9.769651071215597,Chechri Kadal
8706,0.003243292,74.94300708,34.89282363,False,-2.4,1.63,0,4259,10.573237980258092,Chechri Kadal
8707,0.019863435,74.93950241,34.88882445,False,-2.4,1.63,0,4200,10.732827412099235,Chechri Kadal
8708,0.016651088,74.9386494,34.88572818,False,-2.4,1.63,0,4216,10.969084766968336,Chechri Kadal
8709,0.020630397,74.94901938,34.87843156,False,-2.4,1.63,0,4347,12.178008307683495,Chechri Kadal
8710,0.00320439,74.97973312,34.86786721,False,-2.4,1.63,0,4098,12.457955158641596,Minimarg
8711,0.012740707,74.95203678,34.92037767,False,-2.4,1.63,0,4252,9.068485872213838,Chechri Kadal
8712,0.018870373,74.9552938,34.9177352,False,-2.4,1.63,0,4240,9.480353513387227,Chechri Kadal
8713,0.00227494,74.94832868,34.91565568,False,-2.4,1.63,0,4328,9.112391711171778,Chechri Kadal
8714,0.021457637,74.9481157,34.9140855,False,-2.4,1.63,0,4315,9.207775191825489,Chechri Kadal
8715,0.005196528,74.94524889,34.90786445,False,-2.4,1.63,0,4197,9.474249154066365,Chechri Kadal
8716,0.005955149,74.93236088,34.91026467,False,-2.4,1.63,0,4113,8.465545661392058,Chechri Kadal
8717,0.004759647,74.95530863,34.87986201,False,-2.4,1.63,0,4258,12.399601347984309,Chechri Kadal
8718,0.008107088,75.0703254,34.92566264,False,-2.4,1.63,0,4293,12.549392643963994,Chillum
8719,0.001790788,75.06789155,34.92603425,False,-2.4,1.63,0,4288,12.563012843582609,Chillum
8720,0.045214929,74.78819175,34.91408238,False,-2.4,1.63,0,4240,9.521091072585644,Chechri Kadal
8721,0.028195209,74.77171909,34.92242388,False,-2.4,1.63,0,3491,10.26378519909358,Chechri Kadal
8722,0.002745021,74.73143592,34.94500986,False,-2.4,1.63,0,4545,12.893647452644542,Chechri Kadal
8723,0.006602282,74.7285355,34.94261239,False,-2.4,1.63,0,4525,13.205519682480034,Chechri Kadal
8724,0.002853403,74.72522779,34.94242838,False,-2.4,1.63,0,4580,13.504845983256228,Chechri Kadal
8725,0.057242426,74.72651744,34.94687493,False,-2.4,1.63,0,4578,13.297543303200243,Chechri Kadal
8726,0.000651918,74.72366429,34.94396625,False,-2.4,1.63,0,4594,13.611173028122652,Chechri Kadal
8727,0.000440866,74.7237505,34.94255799,False,-2.4,1.63,0,4604,13.633850879231519,Chechri Kadal
8728,0.001501054,74.74873967,34.97307363,False,-2.4,1.63,0,4692,11.102860502500556,Chechri Kadal
8729,0.000164347,74.75061938,34.97437336,False,-2.4,1.63,0,4649,10.94178213042775,Chechri Kadal
8730,0.000212967,74.75193465,34.97496877,False,-2.4,1.63,0,4642,10.82749667943931,Chechri Kadal
8731,0.01449599,74.75071324,34.97556961,False,-2.4,1.63,0,4661,10.90825629628847,Darla Bala
8732,0.000585195,74.74940267,34.97732542,False,-2.4,1.63,0,4687,10.851330966264937,Darla Bala
8733,0.022742371,74.75394892,34.97474216,False,-2.4,1.63,0,4637,10.642528056738332,Chechri Kadal
8734,0.002749503,74.71840839,34.96667235,False,-2.4,1.63,0,4410,13.73043137126092,Darla Bala
8735,0.001881302,74.71880595,34.96833758,False,-2.4,1.63,0,4415,13.58337282244185,Darla Bala
8736,0.001626731,74.7523135,34.96002547,False,-2.4,1.63,0,4360,10.784649742282383,Chechri Kadal
8737,0.047059699,74.72655295,34.98921722,False,-2.4,1.63,0,4331,11.629095292976576,Darla Bala
8738,0.017264163,74.73970035,34.99483735,False,-2.4,1.63,0,4429,10.285927848776158,Darla Bala
8739,0.002866548,74.7265875,34.99424325,False,-2.4,1.63,0,4282,11.328997842710203,Darla Bala
8740,0.002874126,74.75880094,34.98722723,False,-2.4,1.63,0,4639,9.468014662282005,Darla Bala
8741,9.66e-05,74.76898492,34.9879246,False,-2.4,1.63,0,4513,8.769369000944192,Darla Bala
8742,0.019778829,74.76694285,34.98805574,False,-2.4,1.63,0,4512,8.88393878714124,Darla Bala
8743,0.00052325,74.77278577,34.97978908,False,-2.4,1.63,0,4582,9.004471572250905,Chechri Kadal
8744,0.001057681,74.77214695,34.98039045,False,-2.4,1.63,0,4573,9.07269107286262,Chechri Kadal
8745,0.000540338,74.77086059,34.98022207,False,-2.4,1.63,0,4581,9.18529770653592,Chechri Kadal
8746,0.002975054,74.76936254,34.98073776,False,-2.4,1.63,0,4578,9.329269346828134,Chechri Kadal
8747,0.000687059,74.77605113,34.9831383,False,-2.4,1.63,0,4467,8.775610664689152,Darla Bala
8748,0.014329386,74.77320245,34.98401797,False,-2.4,1.63,0,4469,8.855036663165926,Darla Bala
8749,0.017822413,74.77552962,34.98768418,False,-2.4,1.63,0,4375,8.40392633582261,Darla Bala
8750,0.001357109,74.78086855,34.99256661,False,-2.4,1.63,0,4227,7.676214613514384,Darla Bala
8751,0.003638693,75.07879337,34.96986773,False,-2.4,1.63,0,4412,7.599998335951925,Chillum
8752,0.009856114,74.98716274,35.00068776,False,-2.4,1.63,0,4216,11.189321656527774,Chillum
8753,0.003930755,74.97288651,34.99100535,False,-2.4,1.63,0,4373,9.716577352982492,Chechri Kadal
8754,0.002461779,74.98493349,34.98996222,False,-2.4,1.63,0,4350,10.747840410955396,Chechri Kadal
8755,0.000882059,74.99573471,34.99484995,False,-2.4,1.63,0,4523,10.716954307948845,Chillum
8756,0.001929886,74.99351748,34.99462028,False,-2.4,1.63,0,4524,10.911064494420064,Chillum
8757,0.005209185,75.00789229,35.00443846,False,-2.4,1.63,0,4020,9.27703978160899,Chillum
8758,0.002594748,74.75441415,35.01298102,False,-2.4,1.63,0,4430,8.098127488551171,Darla Bala
8759,0.00221964,74.7545003,35.01243838,False,-2.4,1.63,0,4436,8.11926702387358,Darla Bala
8760,0.009225314,74.89969076,35.01818579,False,-2.4,1.63,0,4328,6.292868984233639,Chechri Kadal
8761,0.002636657,74.91693989,35.01588592,False,-2.4,1.63,0,4058,6.900534756342784,Chechri Kadal
8762,0.002618311,74.91825774,35.01495611,False,-2.4,1.63,0,4068,6.894652245484758,Chechri Kadal
8763,0.000987486,74.9155961,35.01409962,False,-2.4,1.63,0,4064,6.668701645730046,Chechri Kadal
8764,0.004364089,74.91651342,35.02117435,False,-2.4,1.63,0,4017,7.350774513787774,Chechri Kadal
8765,0.000661858,74.99734602,35.00702429,False,-2.4,1.63,0,4332,10.081270385997131,Chillum
8766,0.315539572,74.82736757,35.05291048,True,-2.4,1.63,0,2745,0.8829081167505991,Darla Bala
8767,0.014349202,75.02367522,35.07340429,False,-2.4,1.63,0,4390,4.003840510199398,Kakan Astore
8768,0.00262255,75.01633651,35.08125951,False,-2.4,1.63,0,4322,4.109125029038785,Kakan Astore
8769,0.061915204,74.95705769,35.05536231,False,-2.4,1.63,0,4059,10.218876245229113,Kakan Astore
8770,0.003049853,74.96967722,35.06700756,False,-2.4,1.63,0,4459,8.63673144606088,Kakan Astore
8771,0.00578,75.00281531,35.04764912,False,-2.4,1.63,0,4126,7.361069575183018,Kakan Astore
8772,0.000704819,74.9800835,35.06144243,False,-2.4,1.63,0,4120,8.048706014170913,Kakan Astore
8773,0.003314314,75.11502461,35.06693472,False,-2.4,1.63,0,4295,3.6872579850160054,Chillum
8774,0.001563657,75.14694937,35.0673853,False,-2.4,1.63,0,4346,5.387568967449262,Chillum
8775,0.003179331,75.16491457,35.06353234,False,-2.4,1.63,0,4318,6.486468090199526,Chillum
8776,0.004765211,75.17162917,35.05679528,False,-2.4,1.63,0,4480,6.728476303563607,Chillum
8777,0.00227319,75.19347617,35.05209912,False,-2.4,1.63,0,4386,8.488522499491443,Chillum
8778,0.003516895,75.2041294,35.06111886,False,-2.4,1.63,0,4481,9.684142090203881,Chillum
8779,0.000671625,75.19024532,35.04847123,False,-2.4,1.63,0,4519,8.120137698734316,Chillum
8780,0.007931523,75.24241838,35.04478286,False,-2.4,1.63,0,4438,12.7817325479187,Chillum
8781,0.001926166,75.22181745,35.0793535,False,-2.4,1.63,0,4477,11.910166241925134,Chillum
8782,0.020373021,75.21578031,35.07848591,False,-2.4,1.63,0,4426,11.370345026140674,Chillum
8783,0.001553367,75.21641708,35.06880977,False,-2.4,1.63,0,4569,11.01565956753124,Chillum
8784,0.002419532,75.22470393,35.06523605,False,-2.4,1.63,0,4495,11.609054078304345,Chillum
8785,0.014852355,75.19958661,35.09099265,False,-2.4,1.63,0,4523,10.784495850333192,Chillum
8786,0.010493032,75.19692325,35.10254558,False,-2.4,1.63,0,4596,11.384253585745201,Chillum
8787,0.001411249,75.18280334,35.097921,False,-2.4,1.63,0,4524,10.087315758875475,Chillum
8788,0.010597534,75.16331727,35.12005523,False,-2.4,1.63,0,4435,9.975666166761158,Kakan Astore
8789,0.004326507,75.16489787,35.11587809,False,-2.4,1.63,0,4504,10.003959872475551,Kakan Astore
8790,0.004050032,75.11356636,35.11728423,False,-2.4,1.63,0,4482,5.601145383102723,Kakan Astore
8791,0.001600435,75.14216271,35.10912383,False,-2.4,1.63,0,4297,7.827791856129994,Kakan Astore
8792,0.007497005,75.15111522,35.10466483,False,-2.4,1.63,0,4367,8.563008990729935,Kakan Astore
8793,0.0021601,75.32420458,35.11747092,False,-2.54,1.23,0,4716,22.143821024045014,Chillum
8794,0.001057839,75.32805306,35.11761438,False,-2.54,1.23,0,4656,22.4698443189257,Chillum
8795,0.007070722,74.85152172,35.16357465,False,-2.4,1.63,0,4061,5.44000066035873,Rattu
8796,0.00331416,75.12103064,35.16706442,False,-2.4,1.63,0,4536,9.750857056435821,Kakan Astore
8797,0.00073295,75.11914025,35.16638709,False,-2.4,1.63,0,4604,9.58883688127368,Kakan Astore
8798,0.002099579,75.0929312,35.18031159,False,-2.4,1.63,0,4448,9.8698048632907,Kakan Astore
8799,0.011070727,75.26367496,35.21097358,False,-2.4,1.63,0,4652,18.9170051360191,Staq Chan
8800,0.000856869,74.92572158,35.30137666,False,1.52,1.06,0,4183,5.255110433044975,Nowgram
8801,0.002663536,75.09173795,35.26479139,False,1.52,1.06,0,4381,16.52828311189638,Gutamsar
8802,0.000749731,75.09609642,35.25130395,False,1.52,1.06,0,4273,17.577184798181996,Kakan Astore
8803,0.010570095,75.18467039,35.27967891,False,1.52,1.06,0,4868,17.106774556575527,Staq Chan
8804,0.006247459,75.19898284,35.29519085,False,1.52,1.06,0,4641,15.054350985485252,Staq Chan
8805,0.001242979,74.94311346,35.33534275,False,1.52,1.06,0,4438,5.808014927350972,Mushak
8806,0.014033562,74.97192956,35.42786364,False,1.52,1.06,0,3688,3.2935717355193743,Thingi Bala
