area_km2,longitude,latitude,is_top200,avg_temp_c,avg_precip_mm,label
0.950522098,74.06189099,34.82899441,TRUE,0.22,1.74,0
0.034728361,74.08633956,34.8200792,FALSE,-0.81,1.73,0
0.019693202,74.07199024,34.80645933,FALSE,-0.81,1.73,0
0.206074468,74.07676326,34.85749696,TRUE,-0.81,1.73,0
0.021374535,74.0782622,34.8611627,FALSE,-0.81,1.73,0
0.00073464,74.07709179,34.86212171,FALSE,-0.81,1.73,0
0.019091254,74.08737154,34.85647831,FALSE,-0.81,1.73,0
0.003892363,74.08900043,34.91214152,FALSE,-0.81,1.73,0
0.001057498,74.08982955,34.90983314,FALSE,-0.81,1.73,0
0.001867557,74.07301453,34.93985521,FALSE,-0.81,1.73,0
0.00106368,74.07006201,34.94211262,FALSE,-0.81,1.73,0
0.002289383,74.08106762,34.94943634,FALSE,-0.81,1.73,0
0.014796554,74.0840106,34.94963879,FALSE,-0.81,1.73,0
0.006490048,74.08687314,34.95436444,FALSE,-0.81,1.73,0
0.002289994,74.07401803,34.95673787,FALSE,-0.81,1.73,0
0.010953177,74.0756251,34.95714655,FALSE,-0.81,1.73,0
0.300042567,74.10030032,34.96223809,TRUE,-0.81,1.73,0
0.027935232,74.117285,34.95900102,FALSE,-0.81,1.73,0
0.059931822,74.13008771,34.95656774,FALSE,-0.81,1.73,0
0.198136871,74.13842658,34.94793356,TRUE,-0.81,1.73,0
0.004052756,74.14108063,34.94333046,FALSE,-0.81,1.73,0
0.196994664,74.1555706,34.9262382,TRUE,-0.81,1.73,0
0.300729844,74.09028527,35.0178167,TRUE,-0.81,1.73,0
0.027285304,74.09652296,35.04198724,FALSE,-0.81,1.73,0
0.047214298,74.11421817,35.07012639,FALSE,-0.81,1.73,0
0.022111235,74.10483304,35.07308481,FALSE,-0.81,1.73,0
0.026123395,74.12869151,35.08034104,FALSE,-0.81,1.73,0
0.020752368,74.14808283,35.09140121,FALSE,-0.81,1.73,0
0.00715117,74.12440705,35.10436818,FALSE,-0.81,1.73,0
0.005218218,74.14455504,35.12115546,FALSE,-0.81,1.73,0
0.026402789,74.21879852,35.10494894,FALSE,-0.81,1.73,0
0.002361446,74.21838499,35.10289113,FALSE,-0.81,1.73,0
0.008699161,74.21697416,35.10045216,FALSE,-0.81,1.73,0
0.001741513,74.21504603,35.10080893,FALSE,-0.81,1.73,0
0.00302369,74.19078405,35.09662396,FALSE,-0.81,1.73,0
0.026828355,74.19835689,35.08756943,FALSE,-0.81,1.73,0
0.025998731,74.22515598,35.07046505,FALSE,-0.81,1.73,0
0.016978644,74.22254699,35.062034,FALSE,-0.81,1.73,0
0.028634279,74.18089311,35.03726559,FALSE,-0.81,1.73,0
0.002439057,74.19138381,35.03883492,FALSE,-0.81,1.73,0
0.023585798,74.14694608,35.04657285,FALSE,-0.81,1.73,0
0.064902028,74.15042157,35.05089764,FALSE,-0.81,1.73,0
0.001826209,74.14603749,35.04954782,FALSE,-0.81,1.73,0
0.005803908,74.28289021,34.85935138,FALSE,-0.81,1.73,0
0.007400137,74.28176518,34.86384275,FALSE,-0.81,1.73,0
0.047286329,74.27045377,34.86481901,FALSE,-0.81,1.73,0
0.010192533,74.26972956,34.86807655,FALSE,-0.81,1.73,0
0.005545481,74.27258279,34.87107546,FALSE,-0.81,1.73,0
0.007220898,74.27250738,34.87339806,FALSE,-0.81,1.73,0
0.009669159,74.28104922,34.8773095,FALSE,-0.81,1.73,0
0.0183238,74.28734101,34.87807078,FALSE,-0.81,1.73,0
0.000550488,74.28819035,34.87775436,FALSE,-0.81,1.73,0
0.004585308,74.29165842,34.88089191,FALSE,-0.81,1.73,0
0.009992423,74.29315392,34.88257619,FALSE,-0.81,1.73,0
0.002713219,74.25739938,34.86961775,FALSE,-0.81,1.73,0
0.096159655,74.2501474,34.8738647,FALSE,-0.81,1.73,0
0.042144851,74.24740011,34.87954239,FALSE,-0.81,1.73,0
0.045135424,74.28595576,34.88968736,FALSE,-0.81,1.73,0
0.007744976,74.30421112,34.95925824,FALSE,-0.81,1.73,0
0.001519449,74.32756059,34.96456666,FALSE,-0.81,1.73,0
0.007531323,74.29220132,35.00268236,FALSE,-0.81,1.73,0
0.001324219,74.27956099,35.03218249,FALSE,-0.81,1.73,0
0.006262633,74.27051762,35.03424086,FALSE,-0.81,1.73,0
0.003331451,74.26216638,35.04384006,FALSE,-0.81,1.73,0
0.001460655,74.278914,35.05153027,FALSE,-0.81,1.73,0
0.007277967,74.27883909,35.0532169,FALSE,-0.81,1.73,0
0.003130972,74.29684743,35.05912433,FALSE,-0.81,1.73,0
0.002023044,74.26928218,35.06208345,FALSE,-0.81,1.73,0
0.001066896,74.26995854,35.09670217,FALSE,-0.81,1.73,0
0.007291193,74.28735471,35.12268651,FALSE,-0.81,1.73,0
0.079399207,74.3763953,35.1972932,FALSE,-0.81,1.73,0
0.003027491,74.37392754,35.0128905,FALSE,-0.81,1.73,0
0.005580415,74.37697665,34.96838023,FALSE,-0.81,1.73,0
0.009904528,74.34220828,34.89789041,FALSE,-0.81,1.73,0
0.008394886,74.36179248,34.90302733,FALSE,-0.81,1.73,0
0.006073095,74.30747407,34.86712201,FALSE,-0.81,1.73,0
0.00259134,74.27980466,34.86295733,FALSE,-0.81,1.73,0
0.000808335,74.26098517,34.86987802,FALSE,-0.81,1.73,0
0.021818263,74.44343641,34.87704871,FALSE,-0.81,1.73,0
0.016662246,74.44832788,34.88010748,FALSE,-0.81,1.73,0
0.001848374,74.46815361,34.8742305,FALSE,-0.81,1.73,0
0.004240915,74.46835404,34.87335603,FALSE,-0.81,1.73,0
0.754965753,74.5216406,34.91927913,TRUE,-0.81,1.73,0
0.005635789,74.52854645,34.91412366,FALSE,-0.81,1.73,0
0.045357093,74.54360491,34.91449218,FALSE,-0.81,1.73,0
0.217292385,74.52268361,34.84895856,TRUE,-0.81,1.73,0
0.014106051,74.50773085,34.88268408,FALSE,-0.81,1.73,0
0.029394611,74.57868324,34.92999291,FALSE,-0.81,1.73,0
0.007266541,74.58610155,34.87835345,FALSE,-0.81,1.73,0
0.001072802,74.58712869,34.87732973,FALSE,-0.81,1.73,0
0.010498989,74.58627554,34.88048022,FALSE,-0.81,1.73,0
0.01635248,74.60211252,34.87199342,FALSE,-0.81,1.73,0
0.009063474,74.65902658,34.87000376,FALSE,-0.81,1.73,0
0.111364795,74.67585275,34.83949363,FALSE,-0.81,1.73,0
0.051222856,74.69584546,34.85904898,FALSE,-2.4,1.63,0
0.248067301,74.6801604,34.90818862,TRUE,-0.81,1.73,0
0.052792729,74.6612636,34.89459665,FALSE,-0.81,1.73,0
0.058166805,74.66334375,34.89914626,FALSE,-0.81,1.73,0
0.015314678,74.66109142,34.89794925,FALSE,-0.81,1.73,0
0.040081308,74.65523659,34.9089458,FALSE,-0.81,1.73,0
0.004798301,74.65700038,34.9112918,FALSE,-0.81,1.73,0
0.022870294,74.67170067,34.91750142,FALSE,-0.81,1.73,0
0.070218064,74.63777549,34.91427735,FALSE,-0.81,1.73,0
0.007837067,74.64149452,34.908184,FALSE,-0.81,1.73,0
0.006702339,74.66943133,34.84968327,FALSE,-0.81,1.73,0
0.002600632,74.61985869,34.88768104,FALSE,-0.81,1.73,0
0.013224256,74.70387386,34.93927691,FALSE,-2.4,1.63,0
0.001779995,74.69752986,34.94427016,FALSE,-2.4,1.63,0
0.002401558,74.70105045,34.94410298,FALSE,-2.4,1.63,0
0.037073374,74.70481959,34.94588415,FALSE,-2.4,1.63,0
0.004281044,74.69266512,34.92979535,FALSE,-2.4,1.63,0
0.001337982,74.7013803,34.93388233,FALSE,-2.4,1.63,0
0.000720789,74.70231031,34.93488782,FALSE,-2.4,1.63,0
0.014837403,74.67969938,34.94624562,FALSE,-0.81,1.73,0
0.003865366,74.67902526,34.94555156,FALSE,-0.81,1.73,0
0.002970242,74.63292619,34.95850199,FALSE,-0.81,1.73,0
0.014775581,74.62434194,34.9763622,FALSE,-0.81,1.73,0
0.002605537,74.62221615,34.97618927,FALSE,-0.81,1.73,0
0.002370531,74.62260571,34.9750584,FALSE,-0.81,1.73,0
0.009916075,74.62626473,34.97401623,FALSE,-0.81,1.73,0
0.007814578,74.57913492,34.98624845,FALSE,-0.81,1.73,0
0.007036089,74.56810286,34.98634912,FALSE,-0.81,1.73,0
0.045758286,74.72677336,34.98920829,FALSE,-2.4,1.63,0
0.008643049,74.71408814,34.96681237,FALSE,-2.4,1.63,0
0.001655075,74.71904414,34.96831927,FALSE,-2.4,1.63,0
0.002716493,74.71860977,34.96664379,FALSE,-2.4,1.63,0
0.033998073,74.58905736,35.00718898,FALSE,-0.81,1.73,0
0.006086882,74.57130681,35.00818822,FALSE,-0.81,1.73,0
0.008929872,74.64284011,35.03326017,FALSE,-0.81,1.73,0
0.009609989,74.55165716,35.02151992,FALSE,-0.81,1.73,0
0.00712462,74.44605283,35.06650357,FALSE,-0.81,1.73,0
0.001658927,74.4954593,35.05536548,FALSE,-0.81,1.73,0
0.00149061,74.49389571,35.05745938,FALSE,-0.81,1.73,0
0.004357877,74.70881434,35.0983914,FALSE,-2.4,1.63,0
0.00243958,74.68531016,35.0515191,FALSE,-0.81,1.73,0
0.002225349,74.68580173,35.05200085,FALSE,-0.81,1.73,0
0.011703045,74.63480063,35.04426149,FALSE,-0.81,1.73,0
0.045414669,74.56548827,35.16665434,FALSE,-0.81,1.73,0
0.007681813,74.51519235,35.14988652,FALSE,-0.81,1.73,0
0.081593171,74.61605261,35.19271716,FALSE,-0.81,1.73,0
0.144879733,74.78566511,35.33011429,TRUE,1.52,1.06,0
0.002602659,74.77453727,35.3327117,FALSE,1.52,1.06,0
0.002475688,74.77247274,35.33907494,FALSE,1.52,1.06,0
0.007675641,74.7534562,35.32318645,FALSE,1.52,1.06,0
0.00316577,74.75961412,35.33208302,FALSE,1.52,1.06,0
0.166998319,74.67515644,35.3995404,TRUE,5.99,1.02,0
0.01608893,74.66847493,35.41212792,FALSE,5.99,1.02,0
0.004986959,74.0523068,34.83389651,FALSE,0.22,1.74,0
0.000854494,74.04752147,34.86540498,FALSE,0.22,1.74,0
0.05902182,74.05034249,34.8657307,FALSE,0.22,1.74,0
0.003372502,74.09311957,34.83634007,FALSE,-0.81,1.73,0
0.000671565,74.09156809,34.83716701,FALSE,-0.81,1.73,0
0.000522017,74.11346041,34.86356357,FALSE,-0.81,1.73,0
0.003418232,74.09757709,34.86017989,FALSE,-0.81,1.73,0
0.005699431,74.10550667,34.98459103,FALSE,-0.81,1.73,0
0.039218784,74.17846435,35.09351066,FALSE,-0.81,1.73,0
0.000556991,74.18272625,35.08497822,FALSE,-0.81,1.73,0
0.000883882,74.17987832,35.08635132,FALSE,-0.81,1.73,0
0.003667438,74.20178219,35.07265082,FALSE,-0.81,1.73,0
0.046522634,74.1774635,35.0741868,FALSE,-0.81,1.73,0
0.006053636,74.17690056,35.08390104,FALSE,-0.81,1.73,0
0.017931692,74.14545526,34.86060714,FALSE,-0.81,1.73,0
0.004327633,74.24018039,35.02785494,FALSE,-0.81,1.73,0
0.000968107,74.23841107,35.02842331,FALSE,-0.81,1.73,0
0.000670544,74.23629909,35.15572917,FALSE,-0.81,1.73,0
0.007587649,74.23570024,35.15530164,FALSE,-0.81,1.73,0
0.003334568,74.23666471,35.16099572,FALSE,-0.81,1.73,0
0.004126431,74.23537187,35.17349236,FALSE,-0.81,1.73,0
0.000831677,74.23499267,35.17281798,FALSE,-0.81,1.73,0
0.008332244,74.36086327,34.88031995,FALSE,-0.81,1.73,0
0.002813905,74.37935923,35.10961563,FALSE,-0.81,1.73,0
0.004169869,74.39931634,35.20127644,FALSE,-0.81,1.73,0
0.002324768,74.39775161,35.21338636,FALSE,-0.81,1.73,0
0.002280068,74.46982972,35.27277642,FALSE,5.99,1.02,0
0.001220265,74.48616708,35.26389096,FALSE,5.99,1.02,0
0.000956787,74.47605463,35.27118854,FALSE,5.99,1.02,0
0.002138409,74.47594082,35.27197844,FALSE,5.99,1.02,0
0.001775073,74.46680745,35.27036937,FALSE,5.99,1.02,0
0.001671253,74.46294945,35.27377298,FALSE,5.99,1.02,0
0.002316434,74.48153044,35.26919981,FALSE,5.99,1.02,0
0.000711293,74.47627043,35.26874793,FALSE,5.99,1.02,0
0.004421206,74.45095577,35.21706839,FALSE,-0.81,1.73,0
0.00769109,74.55224266,34.91579598,FALSE,-0.81,1.73,0
0.000373784,74.55081943,34.91616479,FALSE,-0.81,1.73,0
0.002800037,74.51326186,34.97318281,FALSE,-0.81,1.73,0
0.00187164,74.5425938,35.17284305,FALSE,-0.81,1.73,0
0.003585569,74.71249725,35.4288492,FALSE,1.52,1.06,0
0.004220404,74.70881358,35.42906386,FALSE,1.52,1.06,0
0.0026012,74.67752876,35.02898605,FALSE,-0.81,1.73,0
0.002594436,74.65091158,34.9113641,FALSE,-0.81,1.73,0
0.004160333,74.78777517,35.35076051,FALSE,1.52,1.06,0
0.000803326,74.7945702,35.33624945,FALSE,1.52,1.06,0
0.001889601,74.79391974,35.33575105,FALSE,1.52,1.06,0
0.000667741,74.7911331,35.33176378,FALSE,1.52,1.06,0
0.002394383,74.73796965,35.2814975,FALSE,1.52,1.06,0
0.018216347,74.68127495,35.36421345,FALSE,5.99,1.02,0
0.021013819,74.70944522,35.44748321,FALSE,1.52,1.06,0
0.00014662,74.70845651,35.44821834,FALSE,1.52,1.06,0
0.005997156,74.62691722,34.9385985,FALSE,-0.81,1.73,0
0.005753862,74.61667102,34.9181976,FALSE,-0.81,1.73,0
0.001136409,74.59289673,34.98203261,FALSE,-0.81,1.73,0
0.000886358,74.60714406,35.01355005,FALSE,-0.81,1.73,0
0.004917332,74.60605749,35.01323541,FALSE,-0.81,1.73,0
0.005143507,74.60071182,35.04835115,FALSE,-0.81,1.73,0
0.004451816,74.6120123,35.10472955,FALSE,-0.81,1.73,0
0.002216133,74.56700403,35.17463519,FALSE,-0.81,1.73,0
0.007525629,74.5162856,35.10417475,FALSE,-0.81,1.73,0
0.001234364,74.48058725,35.00809999,FALSE,-0.81,1.73,0
0.00178117,74.44136211,34.99498901,FALSE,-0.81,1.73,0
0.002082331,72.01837296,36.43187072,FALSE,-4.58,0.64,0
0.008813377,72.01547532,36.43303777,FALSE,-4.58,0.64,0
0.002672722,72.01835987,36.4350035,FALSE,-4.58,0.64,0
0.000445158,72.01643589,36.43677515,FALSE,-4.58,0.64,0
0.003412868,72.01373995,36.43692057,FALSE,-4.58,0.64,0
0.000517341,72.02075028,36.44020202,FALSE,-4.58,0.64,0
0.000819689,72.00994964,36.44311858,FALSE,-4.58,0.64,0
0.000282954,72.01063894,36.44390607,FALSE,-4.58,0.64,0
0.001429009,72.0089609,36.44406348,FALSE,-4.58,0.64,0
0.000990743,72.00821611,36.44461575,FALSE,-4.58,0.64,0
0.008931604,72.00497141,36.446495,FALSE,-4.58,0.64,0
0.006052926,72.00284606,36.44794995,FALSE,-4.58,0.64,0
0.002512921,72.00237148,36.44876667,FALSE,-4.58,0.64,0
0.000386847,71.99715946,36.44931448,FALSE,-4.58,0.64,0
0.000692535,71.9959074,36.44828746,FALSE,-4.58,0.64,0
0.000684891,72.0007375,36.45156103,FALSE,-4.58,0.64,0
0.000567758,72.00111963,36.45126478,FALSE,-4.58,0.64,0
0.001924058,72.00279883,36.45093978,FALSE,-4.58,0.64,0
0.000485713,72.0042859,36.45041616,FALSE,-4.58,0.64,0
0.001258353,72.00882712,36.44816062,FALSE,-4.58,0.64,0
0.000133385,72.00570821,36.44984487,FALSE,-4.58,0.64,0
0.000132932,72.00501149,36.45118228,FALSE,-4.58,0.64,0
0.000229043,72.00949889,36.45009464,FALSE,-4.58,0.64,0
0.000466546,72.00935267,36.45038592,FALSE,-4.58,0.64,0
0.010962815,72.00765445,36.45350185,FALSE,-4.58,0.64,0
0.006418057,72.00597158,36.45374275,FALSE,-4.58,0.64,0
0.015208504,72.00395403,36.45481165,FALSE,-4.58,0.64,0
0.001917511,71.99873458,36.45347213,FALSE,-4.58,0.64,0
0.00095821,71.99813789,36.45215627,FALSE,-4.58,0.64,0
0.001544791,71.9974688,36.45255002,FALSE,-4.58,0.64,0
0.001360288,71.99612276,36.45384237,FALSE,-4.58,0.64,0
0.000491131,71.99519876,36.45367658,FALSE,-4.58,0.64,0
0.001130981,71.99550824,36.45216603,FALSE,-4.58,0.64,0
0.001262701,71.99382275,36.45181709,FALSE,-4.58,0.64,0
0.00206093,71.99163416,36.44989487,FALSE,-4.58,0.64,0
0.005351389,71.98615039,36.45597796,FALSE,-4.58,0.64,0
0.000460347,71.99165541,36.45813202,FALSE,-4.58,0.64,0
0.00317983,71.98837256,36.45771107,FALSE,-4.58,0.64,0
0.000503606,71.98459732,36.45912526,FALSE,-4.58,0.64,0
0.001271524,71.9866383,36.45996562,FALSE,-4.58,0.64,0
0.002228025,71.98448498,36.46201099,FALSE,-4.58,0.64,0
0.001909807,71.98300415,36.46384498,FALSE,-4.58,0.64,0
0.001467989,71.98239825,36.46390783,FALSE,-4.58,0.64,0
0.000272465,71.98160173,36.46457509,FALSE,-4.58,0.64,0
0.000233463,71.98180824,36.46559807,FALSE,-4.58,0.64,0
0.000784515,71.98057207,36.46515194,FALSE,-4.58,0.64,0
0.000683736,71.97987695,36.46475869,FALSE,-4.58,0.64,0
0.000378764,71.98106229,36.46848612,FALSE,-4.58,0.64,0
0.000831825,71.9793647,36.46841634,FALSE,-4.58,0.64,0
0.000295609,71.9770595,36.46880303,FALSE,-4.58,0.64,0
0.005117803,71.97697942,36.47123163,FALSE,-4.58,0.64,0
0.000524334,71.97675784,36.47162957,FALSE,-4.58,0.64,0
0.000487467,71.98046554,36.46165547,FALSE,-4.58,0.64,0
0.002638553,71.9840959,36.46588275,FALSE,-4.58,0.64,0
0.00111114,71.98314102,36.46619284,FALSE,-4.58,0.64,0
0.000760719,71.96276802,36.47493044,FALSE,-4.58,0.64,0
0.00020384,71.96200983,36.4749877,FALSE,-4.58,0.64,0
0.000139301,71.9642946,36.47477725,FALSE,-4.58,0.64,0
0.000542988,71.9635594,36.47480597,FALSE,-4.58,0.64,0
0.000190885,71.97270028,36.46534093,FALSE,-4.58,0.64,0
0.013735925,71.9079335,36.48056294,FALSE,-4.58,0.64,0
0.004206382,71.92179827,36.48117075,FALSE,-4.58,0.64,0
0.000637401,71.92104482,36.47618687,FALSE,-4.58,0.64,0
0.002824286,71.9416531,36.47443343,FALSE,-4.58,0.64,0
0.001552178,71.93746103,36.47513572,FALSE,-4.58,0.64,0
0.000660395,71.95164625,36.47297038,FALSE,-4.58,0.64,0
0.000528268,71.95396713,36.47153415,FALSE,-4.58,0.64,0
0.000956253,71.878368,36.47145424,FALSE,-4.58,0.64,0
0.000807689,71.87834745,36.47111832,FALSE,-4.58,0.64,0
0.000339686,71.87267118,36.47224878,FALSE,-4.58,0.64,0
0.0002249,71.8749398,36.47263727,FALSE,-4.58,0.64,0
0.003454159,71.87565092,36.47564582,FALSE,-4.58,0.64,0
0.000809531,71.93654054,36.43052637,FALSE,-4.58,0.64,0
0.001739372,71.94232135,36.42916859,FALSE,-4.58,0.64,0
0.009023196,71.9464867,36.42992858,FALSE,-4.58,0.64,0
0.000834557,71.94874264,36.42893561,FALSE,-4.58,0.64,0
0.001876617,71.95735463,36.42142673,FALSE,-4.58,0.64,0
0.015942659,71.95526988,36.41761986,FALSE,-4.58,0.64,0
0.011396127,71.96057838,36.41590419,FALSE,-4.58,0.64,0
0.000331292,71.96219564,36.41686432,FALSE,-4.58,0.64,0
0.000476057,71.95993703,36.4195163,FALSE,-4.58,0.64,0
0.001140471,71.95892697,36.41916589,FALSE,-4.58,0.64,0
0.000765973,71.9582178,36.41889309,FALSE,-4.58,0.64,0
0.000174963,71.93461778,36.4268082,FALSE,-4.58,0.64,0
0.000831684,71.96716899,36.42555139,FALSE,-4.58,0.64,0
0.001590084,71.96884788,36.424816,FALSE,-4.58,0.64,0
0.000248949,71.96884542,36.42307725,FALSE,-4.58,0.64,0
0.00028832,71.96698605,36.42258765,FALSE,-4.58,0.64,0
0.000154067,71.96795625,36.42248198,FALSE,-4.58,0.64,0
0.000884468,71.96755242,36.42999653,FALSE,-4.58,0.64,0
0.000773392,71.96683256,36.42954311,FALSE,-4.58,0.64,0
0.0012226,71.96957525,36.43082394,FALSE,-4.58,0.64,0
0.000400211,71.97339704,36.42585786,FALSE,-4.58,0.64,0
0.000307483,71.97804047,36.43409603,FALSE,-4.58,0.64,0
0.002464765,71.97823702,36.43512314,FALSE,-4.58,0.64,0
0.00184183,71.97895445,36.435755,FALSE,-4.58,0.64,0
0.003449848,71.98640947,36.44098729,FALSE,-4.58,0.64,0
0.0004905,71.98509943,36.44168517,FALSE,-4.58,0.64,0
0.001036747,71.98848989,36.44191917,FALSE,-4.58,0.64,0
0.000468245,71.9887568,36.44362749,FALSE,-4.58,0.64,0
0.00194488,71.98845689,36.44766446,FALSE,-4.58,0.64,0
0.001385327,71.98879036,36.44682457,FALSE,-4.58,0.64,0
0.001735676,71.98947233,36.4468753,FALSE,-4.58,0.64,0
0.001177612,71.99554566,36.37491436,FALSE,-4.58,0.64,0
0.000930926,71.99337982,36.37486146,FALSE,-4.58,0.64,0
0.000233228,71.9896056,36.37593153,FALSE,-4.58,0.64,0
0.000969011,71.98395336,36.37520013,FALSE,-4.58,0.64,0
0.000703742,71.97697179,36.38176064,FALSE,-4.58,0.64,0
0.00016164,71.97698437,36.38002286,FALSE,-4.58,0.64,0
0.000335532,71.97817323,36.38382155,FALSE,-4.58,0.64,0
0.000401815,71.97811067,36.38345721,FALSE,-4.58,0.64,0
0.001126924,71.94968524,36.35531742,FALSE,-4.58,0.64,0
0.000496518,71.95172835,36.3459094,FALSE,-4.58,0.64,0
0.001517888,71.95193242,36.34541787,FALSE,-4.58,0.64,0
0.000563283,71.95057275,36.34540169,FALSE,-4.58,0.64,0
0.000459038,71.9506153,36.34272562,FALSE,-4.58,0.64,0
0.010575837,71.95326379,36.34287145,FALSE,-4.58,0.64,0
0.000283511,71.94678677,36.32792937,FALSE,-4.58,0.64,0
0.001921968,71.94407433,36.32145034,FALSE,-4.58,0.64,0
0.011286762,71.96946331,36.30635573,FALSE,-4.58,0.64,0
0.00067634,71.97836554,36.31046406,FALSE,-4.58,0.64,0
0.000867034,71.9809045,36.30898407,FALSE,-4.58,0.64,0
0.000988424,71.94304846,36.30993156,FALSE,-4.58,0.64,0
0.001252129,71.94986761,36.30903698,FALSE,-4.58,0.64,0
0.013073423,71.91624851,36.30737418,FALSE,-4.58,0.64,0
0.000637201,71.9155063,36.30245557,FALSE,-4.58,0.64,0
0.000251252,71.9150797,36.30229431,FALSE,-4.58,0.64,0
0.005532346,71.91406162,36.30183177,FALSE,-4.58,0.64,0
0.003744374,71.91274487,36.30026457,FALSE,-4.58,0.64,0
0.000600992,71.91765777,36.3158925,FALSE,-4.58,0.64,0
0.000238776,71.91731448,36.31464513,FALSE,-4.58,0.64,0
0.000180959,71.91743067,36.3140484,FALSE,-4.58,0.64,0
0.001170135,71.89955679,36.32908051,FALSE,-4.58,0.64,0
0.000430436,71.89610515,36.3300868,FALSE,-4.58,0.64,0
0.007918125,71.89544459,36.33078212,FALSE,-4.58,0.64,0
0.000953169,71.8935074,36.33319448,FALSE,-4.58,0.64,0
0.000667951,71.89107914,36.33258063,FALSE,-4.58,0.64,0
0.00109089,71.89053143,36.33398018,FALSE,-4.58,0.64,0
0.000253474,71.89008189,36.33426138,FALSE,-4.58,0.64,0
0.001291637,71.88953402,36.33407075,FALSE,-4.58,0.64,0
0.00017559,71.88786219,36.33455399,FALSE,-4.58,0.64,0
0.000356729,71.87552245,36.34180076,FALSE,-4.58,0.64,0
0.000595419,71.87427347,36.34250891,FALSE,-4.58,0.64,0
0.000197073,71.87479035,36.3408827,FALSE,-4.58,0.64,0
0.00019463,71.87224066,36.34192482,FALSE,-4.58,0.64,0
0.000223936,71.87025321,36.34188593,FALSE,-4.58,0.64,0
0.004050966,71.8714255,36.34400302,FALSE,-4.58,0.64,0
0.000545244,71.86827394,36.34554449,FALSE,-4.58,0.64,0
0.000789566,71.86560585,36.34416761,FALSE,-4.58,0.64,0
0.001155386,71.86625205,36.34542322,FALSE,-4.58,0.64,0
0.001130798,71.86596091,36.34510354,FALSE,-4.58,0.64,0
0.003150732,71.86441799,36.34549123,FALSE,-4.58,0.64,0
0.00099115,71.86509686,36.34650778,FALSE,-4.58,0.64,0
0.000128034,71.86268414,36.3460833,FALSE,-4.58,0.64,0
0.000293578,71.8642958,36.34191018,FALSE,-4.58,0.64,0
0.000476998,71.86242566,36.34222507,FALSE,-4.58,0.64,0
0.000324858,71.86917471,36.34046517,FALSE,-4.58,0.64,0
0.00024609,71.86907071,36.34079669,FALSE,-4.58,0.64,0
0.006313843,71.85507099,36.34708241,FALSE,-4.58,0.64,0
0.002138328,71.8538562,36.34417056,FALSE,-4.58,0.64,0
0.000143316,71.85452925,36.34389048,FALSE,-4.58,0.64,0
0.000363965,71.85433816,36.34415469,FALSE,-4.58,0.64,0
0.000369756,71.85332298,36.34360231,FALSE,-4.58,0.64,0
0.000559377,71.85309046,36.33999946,FALSE,-4.58,0.64,0
0.00062368,71.85223593,36.33904065,FALSE,-4.58,0.64,0
0.00089983,71.85295363,36.33895173,FALSE,-4.58,0.64,0
0.000327206,71.85219623,36.33829416,FALSE,-4.58,0.64,0
0.000613856,71.8521048,36.34798383,FALSE,-4.58,0.64,0
0.001085595,71.85213677,36.34766527,FALSE,-4.58,0.64,0
0.002800715,71.84990811,36.34561542,FALSE,-4.58,0.64,0
0.000281267,71.84926271,36.34744305,FALSE,-4.58,0.64,0
0.004413107,71.84572748,36.34672984,FALSE,-4.58,0.64,0
0.000508932,71.84080315,36.34531487,FALSE,-4.58,0.64,0
0.000147443,71.84181895,36.34689974,FALSE,-4.58,0.64,0
0.002126451,71.83646655,36.34068858,FALSE,-4.58,0.64,0
0.00068889,71.83997394,36.33887819,FALSE,-4.58,0.64,0
0.000699283,71.84075251,36.33789645,FALSE,-4.58,0.64,0
0.00037234,71.83483757,36.33597141,FALSE,-4.58,0.64,0
0.000524922,71.83412309,36.33808941,FALSE,-4.58,0.64,0
0.000513806,71.83281174,36.34210066,FALSE,-4.58,0.64,0
0.000186038,71.81643885,36.35699202,FALSE,-4.58,0.64,0
0.001125027,71.81594182,36.35833232,FALSE,-4.58,0.64,0
0.001540971,71.75111626,36.49057911,FALSE,-4.58,0.64,0
0.000469933,71.75006206,36.48761676,FALSE,-4.58,0.64,0
0.001068559,71.74887998,36.48036193,FALSE,-4.58,0.64,0
0.004479986,71.7442007,36.47056166,FALSE,-4.58,0.64,0
0.003244984,71.74467867,36.46709109,FALSE,-4.58,0.64,0
0.002126206,71.74825083,36.46506492,FALSE,-4.58,0.64,0
0.000578546,71.75279606,36.45922456,FALSE,-4.58,0.64,0
0.00140907,71.75625852,36.45457997,FALSE,-4.58,0.64,0
0.000635564,71.75619148,36.45569926,FALSE,-4.58,0.64,0
0.001110429,71.75428231,36.45385019,FALSE,-4.58,0.64,0
0.157124723,71.79971964,36.18071721,TRUE,-0.61,0.98,1
0.03929937,71.78323257,36.16819302,FALSE,-0.61,0.98,0
0.007713603,71.77880482,36.14537324,FALSE,-0.61,0.98,0
0.000446279,71.77235005,36.1375953,FALSE,-0.61,0.98,0
0.000779249,71.77173655,36.13826662,FALSE,-0.61,0.98,0
0.025467232,71.77369181,36.13814136,FALSE,-0.61,0.98,0
0.000470067,71.7702199,36.13901389,FALSE,-0.61,0.98,0
0.033308309,71.76946434,36.13774442,FALSE,-0.61,0.98,0
0.048173611,71.76362663,36.13894417,FALSE,-0.61,0.98,0
0.005616847,71.77312068,36.12881559,FALSE,-0.61,0.98,0
0.032119067,71.77806454,36.12677725,FALSE,-0.61,0.98,0
0.022231467,71.77994608,36.12414154,FALSE,-0.61,0.98,0
0.000377424,71.78432209,36.12330676,FALSE,-0.61,0.98,0
0.000266711,71.78117399,36.12255322,FALSE,-0.61,0.98,0
0.002158,71.78361903,36.11611801,FALSE,-0.61,0.98,0
0.003359944,71.85042912,36.18366872,FALSE,-0.61,0.98,1
0.000447873,71.84846713,36.18412972,FALSE,-0.61,0.98,1
0.000592099,71.8466118,36.18715629,FALSE,-0.61,0.98,1
0.000384791,71.84529228,36.18842218,FALSE,-0.61,0.98,0
0.001619402,71.84381266,36.18929555,FALSE,-0.61,0.98,0
0.000437417,71.83720043,36.17914058,FALSE,-0.61,0.98,0
0.000182566,71.83659702,36.17869593,FALSE,-0.61,0.98,0
0.006719873,71.83407497,36.17136786,FALSE,-0.61,0.98,0
6.53E-05,71.83303012,36.17167626,FALSE,-0.61,0.98,0
0.000145132,71.83677449,36.16503846,FALSE,-0.61,0.98,0
0.000358117,71.83634466,36.16465792,FALSE,-0.61,0.98,0
0.002353449,71.82916649,36.15191318,FALSE,-0.61,0.98,0
0.000478461,71.81637221,36.15785376,FALSE,-0.61,0.98,0
0.000248916,71.81702876,36.15691131,FALSE,-0.61,0.98,0
0.000247848,71.81487106,36.15598849,FALSE,-0.61,0.98,0
0.000984448,71.81835348,36.14770012,FALSE,-0.61,0.98,0
7.81E-05,71.79409721,36.14341543,FALSE,-0.61,0.98,0
0.004392332,71.86513248,36.17009939,FALSE,-0.61,0.98,1
0.000250362,71.88415319,36.18211047,FALSE,-0.61,0.98,1
0.001717862,71.89109623,36.17191793,FALSE,-0.61,0.98,1
0.000186387,71.38167267,35.98566793,FALSE,-3.03,0.97,0
0.001707496,71.38059291,35.98445737,FALSE,-3.03,0.97,0
0.000185662,71.38263777,35.98491463,FALSE,-3.03,0.97,0
0.000479215,71.38228827,35.98466496,FALSE,-3.03,0.97,0
0.08047433,71.37301315,35.97956748,FALSE,-3.03,0.97,0
0.003928566,71.38048981,35.97367016,FALSE,-3.03,0.97,0
0.002518604,71.35609947,35.97514121,FALSE,-3.03,0.97,0
0.005312525,71.36219284,35.96130487,FALSE,-3.03,0.97,0
0.067229098,71.37632135,35.95180727,FALSE,-3.03,0.97,0
0.000902895,71.3701962,35.96076937,FALSE,-3.03,0.97,0
0.000395307,71.38476474,35.96436765,FALSE,-3.03,0.97,0
0.002351142,71.38663889,35.96358568,FALSE,-3.03,0.97,0
0.000211155,71.3883923,35.96253832,FALSE,-3.03,0.97,0
0.001855807,71.39446301,35.9696031,FALSE,-3.03,0.97,0
0.018422599,71.40264964,35.96236049,FALSE,-3.03,0.97,0
0.001123815,71.40409906,35.95985484,FALSE,-3.03,0.97,0
0.016035912,71.42905606,35.89476705,FALSE,-3.03,0.97,0
0.002584224,71.4252534,35.89547186,FALSE,-3.03,0.97,0
0.000238704,71.42536882,35.89747309,FALSE,-3.03,0.97,0
0.001430291,71.43585475,35.89854747,FALSE,-3.03,0.97,0
0.008647637,71.42174526,35.88042361,FALSE,-3.03,0.97,0
0.00525291,71.47881288,36.14440914,FALSE,-3.03,0.97,0
0.000612566,71.4699051,36.13959805,FALSE,-3.03,0.97,0
0.004685752,71.47523802,36.12514546,FALSE,-3.03,0.97,0
0.000158195,71.47581533,36.12468205,FALSE,-3.03,0.97,0
0.000212671,71.46894741,36.11114507,FALSE,-3.03,0.97,0
0.000107615,71.46957476,36.11135032,FALSE,-3.03,0.97,0
0.000139539,71.46899785,36.11160851,FALSE,-3.03,0.97,0
0.000569785,71.47848502,36.11429532,FALSE,-3.03,0.97,0
0.000786499,71.47151103,36.11222944,FALSE,-3.03,0.97,0
0.002037426,71.49681234,36.12853444,FALSE,-3.03,0.97,0
0.052116557,71.38399468,36.18394411,FALSE,-3.03,0.97,0
0.000617613,71.38608438,36.18484985,FALSE,-3.03,0.97,0
0.000794496,71.38858264,36.18322894,FALSE,-3.03,0.97,0
0.000650412,71.38777773,36.18165569,FALSE,-3.03,0.97,0
0.000389594,71.38979488,36.18255082,FALSE,-3.03,0.97,0
8.61E-05,71.39178033,36.18262995,FALSE,-3.03,0.97,0
7.76E-05,71.39246363,36.18302579,FALSE,-3.03,0.97,0
0.00046917,71.39662025,36.18502827,FALSE,-3.03,0.97,0
0.000217035,71.38608684,36.1885773,FALSE,-3.03,0.97,0
0.000425196,71.37557631,36.19082525,FALSE,-3.03,0.97,0
0.000287752,71.37470774,36.16650465,FALSE,-3.03,0.97,0
0.032340516,71.35763108,36.13926264,FALSE,-3.03,0.97,0
0.002741934,71.36309963,36.11584797,FALSE,-3.03,0.97,0
0.000640992,71.33014335,36.01077072,FALSE,-3.03,0.97,0
0.003992943,71.32021723,36.01264644,FALSE,-3.03,0.97,0
0.001550607,71.29988338,35.85788272,FALSE,-3.03,0.97,0
0.000532418,71.34619681,36.04896618,FALSE,-3.03,0.97,0
0.004422218,71.36670517,36.01892661,FALSE,-3.03,0.97,0
0.000429385,71.42846465,36.21506667,FALSE,-3.03,0.97,0
0.005961708,71.42831058,36.21427878,FALSE,-3.03,0.97,0
0.000902006,71.44965282,36.07102563,FALSE,-3.03,0.97,0
0.00149854,71.46591275,36.07343015,FALSE,-3.03,0.97,0
0.000161605,71.46753669,36.07380874,FALSE,-3.03,0.97,0
0.001211018,71.46746581,36.07223322,FALSE,-3.03,0.97,0
0.009568859,71.46663828,36.07231007,FALSE,-3.03,0.97,0
0.000144747,71.46651351,36.07127694,FALSE,-3.03,0.97,0
0.013489808,71.47228579,36.06635224,FALSE,-3.03,0.97,0
0.001048516,71.48458949,36.06047131,FALSE,-3.03,0.97,0
0.000722161,71.46988234,36.06023527,FALSE,-3.03,0.97,0
0.000805139,71.4729155,36.05752108,FALSE,-3.03,0.97,0
0.001476445,71.49270956,36.048342,FALSE,-3.03,0.97,0
0.005139903,71.48183906,35.81394712,FALSE,-3.03,0.97,0
0.000189129,71.48149854,35.81516544,FALSE,-3.03,0.97,0
0.020974728,71.48800878,35.81363828,FALSE,-3.03,0.97,0
0.008964461,71.49625698,35.81495472,FALSE,-3.03,0.97,0
0.000128018,71.49595209,35.81425104,FALSE,-3.03,0.97,0
0.000604678,71.49969597,35.8160702,FALSE,-3.03,0.97,0
0.000782534,71.50891027,35.82508945,FALSE,-3.03,0.97,0
0.00026611,71.50319113,35.82656184,FALSE,-3.03,0.97,0
0.04589649,71.50637949,35.82607324,FALSE,-3.03,0.97,0
0.000600246,71.48747392,35.79870099,FALSE,-3.03,0.97,0
0.018216339,71.49420623,35.78496883,FALSE,-3.03,0.97,0
0.012610873,71.48998305,35.78463166,FALSE,-3.03,0.97,0
0.029339409,71.463555,35.77383557,FALSE,-3.03,0.97,0
0.000487016,71.46456336,35.77389693,FALSE,-3.03,0.97,0
0.001113399,71.48195686,35.74642054,FALSE,2.7,1.35,0
0.045184305,71.51738271,35.74042142,FALSE,2.7,1.35,0
0.000451915,71.52003892,35.74085869,FALSE,2.7,1.35,0
0.000317632,71.52066096,35.74145837,FALSE,2.7,1.35,0
0.018543966,71.53816127,35.74680302,FALSE,2.7,1.35,0
0.008936286,71.54193396,35.74334962,FALSE,2.7,1.35,0
0.009228678,71.54004338,35.73674111,FALSE,2.7,1.35,0
0.013078512,71.53166918,35.7280958,FALSE,2.7,1.35,0
0.050321696,71.52534436,35.72824295,FALSE,2.7,1.35,0
0.053788775,71.5295831,35.72310496,FALSE,2.7,1.35,0
0.001318697,71.51584969,35.72739345,FALSE,2.7,1.35,0
0.024930721,71.51826069,35.72656956,FALSE,2.7,1.35,0
0.148855459,71.53233098,35.71399166,TRUE,2.7,1.35,0
0.003568067,71.53530611,35.71012985,FALSE,2.7,1.35,0
0.015639151,71.54306599,35.70623958,FALSE,2.7,1.35,0
0.010003569,71.54732858,35.69926573,FALSE,2.7,1.35,0
0.009287023,71.55653709,35.69844004,FALSE,2.7,1.35,0
0.015484786,71.53994901,35.69505359,FALSE,2.7,1.35,0
0.009455505,71.52772326,35.6911286,FALSE,2.7,1.35,0
0.014077264,71.52158768,35.6791393,FALSE,2.7,1.35,0
0.002545132,71.51120835,35.67190243,FALSE,2.7,1.35,0
0.005496745,71.53837763,35.68266674,FALSE,2.7,1.35,0
0.010379592,71.53759615,35.68103143,FALSE,2.7,1.35,0
0.071438365,71.51643788,35.65856064,FALSE,2.7,1.35,0
0.001316777,71.49829122,35.6547208,FALSE,2.7,1.35,0
0.029112266,71.48821726,35.64888252,FALSE,2.7,1.35,0
0.002062806,71.49447116,35.64357974,FALSE,2.7,1.35,0
0.034504129,71.4964384,35.64359879,FALSE,2.7,1.35,0
0.00223844,71.48653004,35.63668784,FALSE,2.7,1.35,0
0.026401501,71.47606383,35.63577378,FALSE,2.7,1.35,0
0.016294177,71.46888281,35.63785764,FALSE,2.7,1.35,0
0.105025636,71.46767095,35.63316993,FALSE,2.7,1.35,0
0.123778391,71.44690988,35.61998343,TRUE,2.7,1.35,0
0.031736687,71.4480451,35.61484628,FALSE,2.7,1.35,0
0.020404879,71.42311907,35.62489962,FALSE,2.7,1.35,0
0.042945095,71.40184999,35.63124082,FALSE,2.7,1.35,0
0.033086796,71.47633876,35.62101252,FALSE,2.7,1.35,0
0.004931091,71.51916275,35.68541445,FALSE,2.7,1.35,0
0.07398846,71.51861027,35.68911588,FALSE,2.7,1.35,0
0.006055445,71.54161205,35.72298368,FALSE,2.7,1.35,0
0.000862679,71.53621977,35.8535316,FALSE,-3.03,0.97,0
0.000420277,71.53995729,35.852731,FALSE,-3.03,0.97,0
0.004862544,71.51419773,35.86341869,FALSE,-3.03,0.97,0
0.027912417,71.55152787,35.87341732,FALSE,-3.03,0.97,0
0.000114437,71.56663878,35.8757287,FALSE,-0.61,0.98,0
0.00578511,71.56798225,35.87492709,FALSE,-0.61,0.98,0
0.001019008,71.58045181,35.88123368,FALSE,-0.61,0.98,0
0.000350205,71.59058417,35.88072477,FALSE,-0.61,0.98,0
0.001353577,71.60196982,35.88297386,FALSE,-0.61,0.98,0
0.007773697,71.60623605,35.88023246,FALSE,-0.61,0.98,0
0.005777481,71.63352878,35.88767251,FALSE,-0.61,0.98,0
0.001944102,71.8800367,36.19504677,FALSE,-0.61,0.98,1
0.59658151,71.7729024,36.15784358,TRUE,-0.61,0.98,0
0.001336312,71.76390465,36.14598258,FALSE,-0.61,0.98,0
0.002742284,71.60620247,35.59052439,FALSE,5.7,1.41,0
0.002719541,71.60213087,35.5890407,FALSE,5.7,1.41,0
0.002823995,71.63591122,35.92152207,FALSE,-0.61,0.98,0
0.006327759,71.6544076,35.92710645,FALSE,-0.61,0.98,0
0.002627251,71.6542194,35.92761351,FALSE,-0.61,0.98,0
0.053473759,71.58640574,35.74836219,FALSE,5.7,1.41,0
0.002664436,71.56096963,35.5965947,FALSE,2.7,1.35,0
0.008321559,71.54201823,35.61107136,FALSE,2.7,1.35,0
0.022475996,71.53888518,35.61134514,FALSE,2.7,1.35,0
0.002522618,71.49351748,35.65856658,FALSE,2.7,1.35,0
0.00200349,71.49903555,36.07920756,FALSE,-3.03,0.97,0
0.004088754,71.49036369,36.06875369,FALSE,-3.03,0.97,0
0.010952054,71.48483303,36.10239167,FALSE,-3.03,0.97,0
0.000682085,71.48710297,36.24858297,FALSE,-3.03,0.97,0
0.000802996,71.4946759,36.28003634,FALSE,-1.35,0.68,0
0.020085872,71.48443155,36.28706685,FALSE,-1.35,0.68,0
0.000510292,71.48958448,36.28960205,FALSE,-1.35,0.68,0
0.000182524,71.49059245,36.28945565,FALSE,-1.35,0.68,0
0.001761702,71.47038675,36.29923532,FALSE,-1.35,0.68,0
0.00209208,71.43984597,36.2764439,FALSE,-1.35,0.68,0
0.000281555,71.43402063,36.27420864,FALSE,-1.35,0.68,0
0.001244938,71.43458724,36.2741622,FALSE,-1.35,0.68,0
0.001792039,71.43231148,36.25933114,FALSE,-1.35,0.68,0
0.000305324,71.4312904,36.25947604,FALSE,-1.35,0.68,0
0.000825839,71.41852228,35.90375333,FALSE,-3.03,0.97,0
0.001477639,71.45298344,36.06497758,FALSE,-3.03,0.97,0
0.002224884,71.45031779,36.0640251,FALSE,-3.03,0.97,0
0.000803222,71.44932669,36.06430453,FALSE,-3.03,0.97,0
0.000600923,71.44803184,36.06471897,FALSE,-3.03,0.97,0
0.000532196,71.44293172,36.0753358,FALSE,-3.03,0.97,0
0.001813155,71.4642454,36.23571436,FALSE,-3.03,0.97,0
0.001380241,71.4617054,36.23338339,FALSE,-3.03,0.97,0
0.000258629,71.45778571,36.24301867,FALSE,-3.03,0.97,0
0.000168623,71.45311067,36.24359998,FALSE,-3.03,0.97,0
0.000572795,71.45260587,36.2442518,FALSE,-3.03,0.97,0
0.001073647,71.45129157,36.24777661,FALSE,-3.03,0.97,0
0.000315255,71.45074357,36.25111971,FALSE,-1.35,0.68,0
0.000216287,71.45091045,36.2503497,FALSE,-1.35,0.68,0
0.001981475,71.39875967,36.20744454,FALSE,-3.03,0.97,0
0.000893145,71.40207806,36.20678881,FALSE,-3.03,0.97,0
0.000622771,71.38783663,36.19650974,FALSE,-3.03,0.97,0
0.006937183,71.38731752,36.19578244,FALSE,-3.03,0.97,0
0.007713915,71.33685072,36.16003544,FALSE,-3.03,0.97,0
0.012438799,71.34242913,36.15184104,FALSE,-3.03,0.97,0
0.009074052,71.25552379,36.02721044,FALSE,-3.03,0.97,0
0.000746734,71.23920522,36.03136906,FALSE,-3.03,0.97,0
0.003865249,71.24170543,36.03149548,FALSE,-3.03,0.97,0
0.017870724,71.23954918,36.0395868,FALSE,-3.03,0.97,0
0.000398015,71.2333507,36.04478799,FALSE,-3.03,0.97,0
0.000581262,71.23203806,36.04308505,FALSE,-3.03,0.97,0
0.000878529,71.23090937,36.04297509,FALSE,-3.03,0.97,0
0.000314943,71.22862487,36.04211469,FALSE,-3.03,0.97,0
0.00097119,71.22631097,36.0409647,FALSE,-3.03,0.97,0
0.000227137,71.22336729,36.04152373,FALSE,-3.03,0.97,0
0.000975172,71.22309881,36.04117673,FALSE,-3.03,0.97,0
0.002847932,71.24349799,36.01704934,FALSE,-3.03,0.97,0
0.002115616,71.24442103,36.01576728,FALSE,-3.03,0.97,0
0.000299379,71.2471361,36.01843107,FALSE,-3.03,0.97,0
0.002078372,71.31942072,35.9771513,FALSE,-3.03,0.97,0
0.004437786,71.29700005,36.16413303,FALSE,-3.03,0.97,0
0.001776485,71.29768447,36.16317111,FALSE,-3.03,0.97,0
0.000627139,71.27460793,36.1515547,FALSE,-3.03,0.97,0
0.000929828,71.27661592,36.15061207,FALSE,-3.03,0.97,0
0.000686698,71.27310084,36.1487913,FALSE,-3.03,0.97,0
0.000201183,71.27221381,36.14853723,FALSE,-3.03,0.97,0
0.004405645,71.23752309,36.05956482,FALSE,-3.03,0.97,0
0.005737047,71.24226907,36.07075435,FALSE,-3.03,0.97,0
0.001941503,71.2279777,36.10243604,FALSE,-3.03,0.97,0
0.000311993,71.22792652,36.10155511,FALSE,-3.03,0.97,0
0.001596365,71.23828261,36.10112228,FALSE,-3.03,0.97,0
0.05066744,71.23411147,36.10044619,FALSE,-3.03,0.97,0
0.013466878,71.24011213,36.10531106,FALSE,-3.03,0.97,0
0.067357407,71.19428919,36.08738674,FALSE,-3.03,0.97,0
0.00622367,71.20646482,36.10746884,FALSE,-3.03,0.97,0
0.84791573,71.20751214,36.11990939,TRUE,-3.03,0.97,0
0.00188199,71.32313894,36.14576754,FALSE,-3.03,0.97,0
0.000161871,71.31333733,36.14930287,FALSE,-3.03,0.97,0
0.009231655,71.23683482,36.12604498,FALSE,-3.03,0.97,0
0.00079694,71.2500398,36.13533049,FALSE,-3.03,0.97,0
0.005101034,71.24898472,36.13640259,FALSE,-3.03,0.97,0
0.000102826,71.2476911,36.13559833,FALSE,-3.03,0.97,0
0.000270846,71.24772501,36.1367246,FALSE,-3.03,0.97,0
0.009346608,71.24630412,36.13619857,FALSE,-3.03,0.97,0
0.024950205,71.24237438,36.14293545,FALSE,-3.03,0.97,0
0.053949914,71.24290728,36.14659613,FALSE,-3.03,0.97,0
0.005537441,71.24553308,36.15130666,FALSE,-3.03,0.97,0
0.04134387,71.19523999,36.15811473,FALSE,-3.03,0.97,0
0.015923523,71.15929326,36.13259555,FALSE,-3.03,0.97,0
0.001396201,71.16591368,36.11913192,FALSE,-3.03,0.97,0
0.001359838,71.16466386,36.11897774,FALSE,-3.03,0.97,0
0.001858969,71.16377344,36.11855684,FALSE,-3.03,0.97,0
0.006869466,71.16309924,36.11952091,FALSE,-3.03,0.97,0
0.004547857,71.16489093,36.05944163,FALSE,-3.03,0.97,0
0.000196593,71.16413833,36.03835447,FALSE,-3.03,0.97,0
0.005496141,71.16240941,36.03770352,FALSE,-3.03,0.97,0
0.030784055,71.20034025,36.02454637,FALSE,-3.03,0.97,0
0.001046558,71.20073132,36.01350233,FALSE,-3.03,0.97,0
0.0005609,71.21359612,36.06687183,FALSE,-3.03,0.97,0
0.000101572,71.21346581,36.06708693,FALSE,-3.03,0.97,0
0.001437459,71.21404217,36.06725716,FALSE,-3.03,0.97,0
0.000981061,71.64795238,35.93293759,FALSE,-0.61,0.98,0
0.000784781,71.65960559,35.93698248,FALSE,-0.61,0.98,0
0.007958273,71.66745399,35.93873549,FALSE,-0.61,0.98,0
0.001653584,71.66805592,35.94435126,FALSE,-0.61,0.98,0
0.001555108,71.66757201,35.94949262,FALSE,-0.61,0.98,0
0.002602171,71.14899979,36.12221575,FALSE,-3.03,0.97,0
0.002598649,71.19851252,36.02954776,FALSE,-3.03,0.97,0
0.000893288,71.20053592,36.02689364,FALSE,-3.03,0.97,0
0.003309957,71.19569117,36.02643887,FALSE,-3.03,0.97,0
0.001430717,71.19669586,36.02337234,FALSE,-3.03,0.97,0
0.000384847,71.20601816,36.05070004,FALSE,-3.03,0.97,0
0.000124249,71.20758704,36.05002996,FALSE,-3.03,0.97,0
0.000382246,71.2299546,36.10272233,FALSE,-3.03,0.97,0
0.000552312,71.26458566,36.11895389,FALSE,-3.03,0.97,0
0.001494795,71.26426195,36.1222309,FALSE,-3.03,0.97,0
0.001101355,71.26673152,36.14633197,FALSE,-3.03,0.97,0
0.00984784,71.32472673,36.1742967,FALSE,-3.03,0.97,0
5.94E-05,71.32955485,36.17433365,FALSE,-3.03,0.97,0
7.23E-05,71.32929478,36.1743633,FALSE,-3.03,0.97,0
0.001548703,71.33123995,36.18067655,FALSE,-3.03,0.97,0
0.00053831,71.33066337,36.18039225,FALSE,-3.03,0.97,0
0.000549464,71.34825519,36.18988975,FALSE,-3.03,0.97,0
0.003391971,71.34893132,36.19011789,FALSE,-3.03,0.97,0
0.000906681,71.35844227,36.15269226,FALSE,-3.03,0.97,0
0.000698449,71.4472672,36.23389158,FALSE,-3.03,0.97,0
0.001356411,71.43901196,36.1701314,FALSE,-3.03,0.97,0
0.001137106,71.45148214,35.91129497,FALSE,-3.03,0.97,0
0.001133009,71.46775956,35.91999951,FALSE,-3.03,0.97,0
0.000984941,71.47636836,36.08103997,FALSE,-3.03,0.97,0
0.000668685,71.47438035,36.08205898,FALSE,-3.03,0.97,0
0.001581902,71.47367931,36.09005755,FALSE,-3.03,0.97,0
0.000107005,71.47475881,36.0906443,FALSE,-3.03,0.97,0
0.001365577,71.48260186,36.08920025,FALSE,-3.03,0.97,0
0.000193506,71.47992354,36.1069216,FALSE,-3.03,0.97,0
0.000139176,71.48060335,36.10643188,FALSE,-3.03,0.97,0
0.008023341,71.48118556,36.19902634,FALSE,-3.03,0.97,0
0.000208578,71.47995741,36.19975665,FALSE,-3.03,0.97,0
0.000627374,71.48099149,36.19975897,FALSE,-3.03,0.97,0
0.001794835,71.50133031,36.34122867,FALSE,-1.35,0.68,0
0.000177409,71.50231864,36.34111064,FALSE,-1.35,0.68,0
0.002637207,71.51083963,36.31273242,FALSE,-1.35,0.68,0
0.000446167,71.49087872,36.17350255,FALSE,-3.03,0.97,0
0.000757538,71.4915483,35.8105066,FALSE,-3.03,0.97,0
0.000586586,71.54181384,35.85543701,FALSE,-3.03,0.97,0
0.000118578,71.5419997,35.85593787,FALSE,-3.03,0.97,0
0.000417473,71.75181535,36.45673228,FALSE,-4.58,0.64,0
0.000532726,71.7315339,36.41634756,FALSE,-4.58,0.64,0
0.001237455,71.73490768,36.41289507,FALSE,-4.58,0.64,0
0.000434131,71.76534317,36.48057023,FALSE,-4.58,0.64,0
0.001397376,71.76338002,36.48128239,FALSE,-4.58,0.64,0
0.000281162,71.75458955,36.45794768,FALSE,-4.58,0.64,0
9.32E-05,71.75514869,36.45704069,FALSE,-4.58,0.64,0
0.000213217,71.75602553,36.45679862,FALSE,-4.58,0.64,0
0.002328521,71.92113921,36.35192374,FALSE,-4.58,0.64,0
0.004546792,71.97499285,36.47277923,FALSE,-4.58,0.64,0
0.002523665,72.23922072,35.26995082,FALSE,0.55,1.36,0
0.027970358,72.2302589,35.27454999,FALSE,0.55,1.36,0
0.002725366,72.24656242,35.2862585,FALSE,0.55,1.36,0
0.001004998,72.21725167,35.27190475,FALSE,0.55,1.36,0
0.001076922,72.24313704,35.27889978,FALSE,0.55,1.36,0
0.005667528,72.21712161,35.26808907,FALSE,0.55,1.36,0
0.000436269,72.16422284,35.26436614,FALSE,5.7,1.41,0
0.012462224,72.16280766,35.26457754,FALSE,5.7,1.41,0
0.001989905,72.15917328,35.26780062,FALSE,5.7,1.41,0
0.026487602,72.15664566,35.26773683,FALSE,5.7,1.41,0
0.029129207,72.15362884,35.27394725,FALSE,5.7,1.41,0
0.000998058,72.1633011,35.27377173,FALSE,5.7,1.41,0
0.000944079,72.16292925,35.27355014,FALSE,5.7,1.41,0
0.008054028,72.16375936,35.27273642,FALSE,5.7,1.41,0
0.051781307,72.13823278,35.26046826,FALSE,5.7,1.41,0
0.021029176,72.12763825,35.25252118,FALSE,5.7,1.41,0
0.016340055,72.12383041,35.25449363,FALSE,5.7,1.41,0
0.002843367,72.12358484,35.25608669,FALSE,5.7,1.41,0
0.003171348,72.24726323,35.29705716,FALSE,0.55,1.36,0
0.567737188,72.23330841,35.30005667,TRUE,0.55,1.36,0
0.089903636,72.21981583,35.30314231,FALSE,0.55,1.36,0
0.008628913,72.21467813,35.31032036,FALSE,0.55,1.36,0
0.125401652,72.22563755,35.32052369,TRUE,0.55,1.36,0
0.005632558,72.24119615,35.31615522,FALSE,0.55,1.36,0
0.046461896,72.24209395,35.32047627,FALSE,0.55,1.36,0
0.0104075,72.24241509,35.34665511,FALSE,0.55,1.36,0
0.065406756,72.13285853,35.52498877,FALSE,5.7,1.41,0
0.017135037,72.15925347,35.53052034,FALSE,5.7,1.41,0
0.002562931,72.14122371,35.54388845,FALSE,5.7,1.41,0
0.051411121,72.13507906,35.54706734,FALSE,5.7,1.41,0
0.136788376,72.13958071,35.51112384,TRUE,5.7,1.41,0
0.000208753,72.1224014,35.50713426,FALSE,5.7,1.41,0
0.006877285,72.12342569,35.50622107,FALSE,5.7,1.41,0
0.032217816,72.31027921,35.53015249,FALSE,0.55,1.36,0
0.002599358,72.32476303,35.54799023,FALSE,0.55,1.36,0
0.01057182,72.31524955,35.55015841,FALSE,0.55,1.36,0
0.021710981,72.30891438,35.54636881,FALSE,0.55,1.36,0
0.000773469,72.30068805,35.54626759,FALSE,0.55,1.36,0
0.00779469,72.30140908,35.54718877,FALSE,0.55,1.36,0
0.011158961,72.29288296,35.54687971,FALSE,0.55,1.36,0
0.003842568,72.29058436,35.54725107,FALSE,0.55,1.36,0
0.010625168,72.30169161,35.54417161,FALSE,0.55,1.36,0
0.00397979,72.29956919,35.5442952,FALSE,0.55,1.36,0
0.001947895,72.28645033,35.54982591,FALSE,0.55,1.36,0
0.002599,72.28500638,35.55971805,FALSE,0.55,1.36,0
0.001030195,72.28554305,35.55733955,FALSE,0.55,1.36,0
0.001937139,72.27733733,35.56382676,FALSE,0.55,1.36,0
0.000270778,72.27107623,35.56581965,FALSE,0.55,1.36,0
0.003173302,72.27104086,35.56516745,FALSE,0.55,1.36,0
0.004052975,72.26892823,35.56458805,FALSE,0.55,1.36,0
0.002332807,72.32798258,35.5534881,FALSE,0.55,1.36,0
0.013164201,72.27370894,35.57758408,FALSE,0.55,1.36,0
0.00286449,72.26208542,35.57909045,FALSE,0.55,1.36,0
0.025824684,72.21424206,35.59523884,FALSE,0.55,1.36,0
0.170583534,72.23462907,35.6081569,TRUE,0.55,1.36,0
0.016570756,72.22664428,35.61420115,FALSE,0.55,1.36,0
0.006828289,72.21586103,35.62369379,FALSE,0.55,1.36,0
0.151146337,72.23237893,35.62532578,TRUE,0.55,1.36,0
0.00772403,72.32426465,35.61423685,FALSE,0.55,1.36,0
0.02853903,72.2995577,35.61079492,FALSE,0.55,1.36,0
0.006416238,72.29937299,35.61776378,FALSE,0.55,1.36,0
0.000516215,72.3019563,35.6355484,FALSE,0.55,1.36,0
0.265907077,72.29681282,35.63589031,TRUE,0.55,1.36,0
0.067726103,72.28669028,35.65874885,FALSE,0.55,1.36,0
0.014144038,72.26884172,35.67998371,FALSE,0.55,1.36,0
0.003656374,72.26939855,35.68497917,FALSE,0.55,1.36,0
0.011946221,72.27325515,35.68711449,FALSE,0.55,1.36,0
0.000874813,72.0306093,35.54823078,FALSE,5.7,1.41,0
0.011908024,72.02950978,35.54959458,FALSE,5.7,1.41,0
0.007224899,72.05768933,35.55763995,FALSE,5.7,1.41,0
0.080945506,72.12438897,35.57278336,FALSE,5.7,1.41,0
0.065869867,72.13246773,35.58295581,FALSE,5.7,1.41,0
0.007692177,72.13244582,35.58685261,FALSE,5.7,1.41,0
0.038038132,72.10709992,35.61170879,FALSE,5.7,1.41,0
0.034717419,72.10760157,35.61892375,FALSE,5.7,1.41,0
0.001013975,71.99220446,35.56149801,FALSE,5.7,1.41,0
0.004985868,72.03662634,35.57030689,FALSE,5.7,1.41,0
0.065601046,72.03418678,35.57283754,FALSE,5.7,1.41,0
0.005011212,72.05278692,35.58310408,FALSE,5.7,1.41,0
0.022581671,72.04913371,35.58597121,FALSE,5.7,1.41,0
0.018781398,72.0569487,35.59339908,FALSE,5.7,1.41,0
0.034512066,72.09806384,35.64118748,FALSE,5.7,1.41,0
0.003414275,72.09897179,35.64187688,FALSE,5.7,1.41,0
0.000339277,72.09775701,35.64239747,FALSE,5.7,1.41,0
0.000539001,72.1176333,35.64341368,FALSE,5.7,1.41,0
0.094318408,72.11748813,35.64115232,FALSE,5.7,1.41,0
0.098366711,71.9967167,35.83173679,FALSE,-0.61,0.98,1
0.082503674,71.99380389,35.81705323,FALSE,-0.61,0.98,1
0.204421874,72.16398728,35.77158094,TRUE,-0.61,0.98,1
0.000743305,72.17923947,35.78414296,FALSE,-0.61,0.98,1
0.187984668,72.17571474,35.78081804,TRUE,-0.61,0.98,1
0.54730227,72.19410652,35.79947493,TRUE,-2.76,0.9,1
0.001407726,72.19766282,35.79962756,FALSE,-2.76,0.9,1
0.011747427,72.21670416,35.82635988,FALSE,-2.76,0.9,0
0.001513303,72.21708162,35.8250165,FALSE,-2.76,0.9,0
0.005034534,72.21775516,35.82365574,FALSE,-2.76,0.9,0
0.000669813,72.21664835,35.9383763,FALSE,-2.76,0.9,0
0.001859645,72.21498033,35.9374473,FALSE,-2.76,0.9,0
0.000267452,72.21393305,35.93805736,FALSE,-2.76,0.9,0
0.000484327,72.21570523,35.93108281,FALSE,-2.76,0.9,0
0.00023126,72.21691749,35.93127517,FALSE,-2.76,0.9,0
0.000373439,72.21169852,35.9276007,FALSE,-2.76,0.9,0
0.000245251,72.21328918,35.92646966,FALSE,-2.76,0.9,0
0.001538771,72.21697648,35.92647463,FALSE,-2.76,0.9,0
0.001143772,72.21977581,35.92583255,FALSE,-2.76,0.9,0
0.006134366,72.33608962,35.92564616,FALSE,-2.76,0.9,0
1.618183971,72.33440196,35.91196826,TRUE,-2.76,0.9,0
0.004450074,72.37422582,35.92451419,FALSE,-2.76,0.9,0
0.000959789,72.37109367,35.88140562,FALSE,-2.76,0.9,1
0.001106981,72.36987851,35.88139496,FALSE,-2.76,0.9,1
0.002416594,72.36899323,35.90357752,FALSE,-2.76,0.9,0
0.006089527,72.34854239,35.81847666,FALSE,-2.76,0.9,1
0.000577257,72.1752182,35.81394316,FALSE,-0.61,0.98,1
0.001679271,72.17506379,35.81252929,FALSE,-0.61,0.98,1
0.006819096,71.97498703,35.80464932,FALSE,-0.61,0.98,0
0.002783067,72.33828601,35.73100186,FALSE,0.55,1.36,0
0.000304169,72.34183023,35.73453084,FALSE,0.55,1.36,0
0.001224522,72.34026904,35.73457839,FALSE,0.55,1.36,0
0.00090595,72.33806631,35.73602256,FALSE,0.55,1.36,0
0.000950265,72.33591428,35.73696989,FALSE,0.55,1.36,0
0.000678973,72.35638504,35.73088606,FALSE,0.55,1.36,0
0.000308441,72.24464571,35.72949973,FALSE,0.55,1.36,0
0.191045983,72.24070614,35.72854676,TRUE,0.55,1.36,0
0.084867966,72.2301627,35.7309097,FALSE,0.55,1.36,0
0.000970824,72.22111562,35.74364581,FALSE,0.55,1.36,0
0.000755669,72.2216069,35.74516287,FALSE,0.55,1.36,0
0.000431892,72.29578874,35.68886913,FALSE,0.55,1.36,0
0.013555526,72.29428417,35.68911591,FALSE,0.55,1.36,0
0.000656676,72.29253623,35.69385386,FALSE,0.55,1.36,0
0.005341114,71.95796997,35.6001308,FALSE,5.7,1.41,0
0.161762818,72.26306702,35.28757224,TRUE,0.55,1.36,0
0.020764233,72.2567856,35.27896311,FALSE,0.55,1.36,0
0.010340422,72.26871771,35.28125535,FALSE,0.55,1.36,0
0.054095905,72.29480405,35.27640177,FALSE,0.55,1.36,0
0.052182247,72.29170781,35.25872615,FALSE,0.55,1.36,0
0.032133761,72.31900195,35.2600647,FALSE,0.55,1.36,0
0.02781034,72.30293302,35.22792235,FALSE,11.82,1.87,0
0.064273735,72.3000457,35.22109351,FALSE,11.82,1.87,0
0.014975017,72.31364622,35.22003281,FALSE,11.82,1.87,0
0.071366962,72.3126227,35.20868923,FALSE,11.82,1.87,0
0.084468519,72.32154081,35.22071796,FALSE,11.82,1.87,0
0.133691726,72.32583242,35.19189829,TRUE,11.82,1.87,0
0.014630334,72.33871735,35.20032968,FALSE,11.82,1.87,0
0.042378465,72.37432492,35.22491357,FALSE,11.82,1.87,0
0.219465134,72.37530553,35.21728349,TRUE,11.82,1.87,0
0.029716954,72.38910318,35.21216059,FALSE,11.82,1.87,0
0.008329871,72.32092678,35.18274043,FALSE,11.82,1.87,0
0.049082543,72.33213314,35.19705137,FALSE,11.82,1.87,0
0.014276159,72.33120743,35.20063282,FALSE,11.82,1.87,0
0.523416602,72.32300927,35.31918397,TRUE,0.55,1.36,0
0.138250127,72.3226926,35.33143603,TRUE,0.55,1.36,0
0.001146221,72.32614953,35.3316196,FALSE,0.55,1.36,0
0.08859842,72.35042457,35.33078856,FALSE,0.55,1.36,0
0.02175485,72.36539037,35.32589336,FALSE,0.55,1.36,0
0.012551145,72.36437997,35.32753662,FALSE,0.55,1.36,0
0.138235138,72.3767215,35.31438723,TRUE,0.55,1.36,0
0.130294735,72.40759986,35.31088966,TRUE,0.55,1.36,0
0.062564827,72.42956708,35.30406153,FALSE,0.55,1.36,0
0.024105671,72.43742309,35.3004039,FALSE,0.55,1.36,0
0.057512892,72.40713909,35.3330867,FALSE,0.55,1.36,0
0.026447066,72.40683396,35.33505861,FALSE,0.55,1.36,0
0.039015449,72.40932468,35.34091511,FALSE,0.55,1.36,0
0.019961614,72.41338396,35.34410672,FALSE,0.55,1.36,0
0.011903903,72.40639206,35.33762704,FALSE,0.55,1.36,0
0.037683828,72.41020414,35.33641986,FALSE,0.55,1.36,0
0.266091367,72.46972024,35.32254759,TRUE,0.55,1.36,0
0.181424881,72.50966379,35.35165232,TRUE,0.55,1.36,0
0.147460459,72.51485128,35.35699847,TRUE,0.55,1.36,0
0.203343151,72.51604514,35.36283452,TRUE,0.55,1.36,0
0.176054767,72.53603362,35.34586543,TRUE,0.55,1.36,0
0.061350331,72.46142057,35.34178536,FALSE,0.55,1.36,0
0.019771491,72.42711085,35.35455805,FALSE,0.55,1.36,0
0.067005244,72.3663405,35.33511225,FALSE,0.55,1.36,0
0.759469005,72.34594043,35.3673378,TRUE,0.55,1.36,0
0.01515897,72.31068433,35.29554404,FALSE,0.55,1.36,0
0.002581731,72.30839372,35.29522955,FALSE,0.55,1.36,0
0.106332009,72.30498418,35.30484946,FALSE,0.55,1.36,0
0.280539721,72.29234593,35.32121323,TRUE,0.55,1.36,0
0.091273106,72.28887037,35.34997347,FALSE,0.55,1.36,0
0.147706248,72.33183752,35.3842815,TRUE,0.55,1.36,0
0.036029016,72.39770795,35.37790291,FALSE,0.55,1.36,0
0.008271472,72.40424953,35.37755964,FALSE,0.55,1.36,0
0.011560652,72.39530204,35.37633137,FALSE,0.55,1.36,0
0.006187096,72.39600481,35.37244684,FALSE,0.55,1.36,0
0.039436522,72.39589831,35.39891023,FALSE,0.55,1.36,0
0.032021506,72.4135725,35.40246282,FALSE,0.55,1.36,0
0.051425243,72.41392989,35.40640708,FALSE,0.55,1.36,0
0.044469174,72.49688888,35.36919575,FALSE,0.55,1.36,0
0.44928143,72.4330335,35.41899998,TRUE,0.55,1.36,0
0.036156752,72.50010654,35.38930246,FALSE,0.55,1.36,0
0.475528098,72.51398763,35.42223617,TRUE,0.55,1.36,0
0.042217048,72.48125812,35.42457128,FALSE,0.55,1.36,0
0.018296345,72.50652644,35.43701367,FALSE,0.55,1.36,0
0.061230697,72.35359212,35.59280193,FALSE,0.55,1.36,0
0.041547804,72.34707242,35.60471035,FALSE,0.55,1.36,0
0.056303041,72.37654457,35.60069502,FALSE,0.55,1.36,0
0.03191574,72.37342018,35.60992225,FALSE,0.55,1.36,0
0.014728843,72.36046536,35.61544564,FALSE,0.55,1.36,0
0.183271765,72.59828939,35.60258833,TRUE,0.55,1.36,0
0.299158122,72.51210897,35.64580522,TRUE,0.55,1.36,0
0.029748628,72.55399657,35.63448903,FALSE,0.55,1.36,0
0.048762549,72.57729253,35.62272567,FALSE,0.55,1.36,0
0.045477795,72.58485407,35.64302789,FALSE,0.55,1.36,0
0.013499196,72.59534737,35.6446869,FALSE,0.55,1.36,0
0.051215893,72.61436458,35.64484768,FALSE,0.55,1.36,0
0.05711363,72.44026714,35.69041573,FALSE,0.55,1.36,0
0.071272186,72.57414324,35.84789174,FALSE,-2.76,0.9,0
0.233739627,72.64258863,35.83354126,TRUE,-2.76,0.9,0
0.020401378,72.63540474,35.8281132,FALSE,-2.76,0.9,0
0.03811823,72.64230652,35.82390652,FALSE,-2.76,0.9,0
0.01394436,72.6494386,35.82201686,FALSE,-2.76,0.9,0
0.082588846,72.64994215,35.82714481,FALSE,-2.76,0.9,0
0.01845421,72.64714804,35.86065668,FALSE,-2.76,0.9,0
0.137521359,72.58399553,35.6640784,TRUE,0.55,1.36,0
0.009019826,72.57302556,35.66482922,FALSE,0.55,1.36,0
0.00861697,72.57379312,35.67029809,FALSE,0.55,1.36,0
0.013689032,72.5777301,35.6701039,FALSE,0.55,1.36,0
0.045244199,72.55338354,35.70508537,FALSE,0.55,1.36,0
0.012161527,72.59561906,35.70460779,FALSE,0.55,1.36,0
0.067140515,72.56916987,35.72673819,FALSE,0.55,1.36,0
1.129130045,72.53551941,36.07836614,TRUE,-2.76,0.9,0
0.085736771,72.56887506,36.08707939,FALSE,-2.76,0.9,0
2.024334068,72.61268886,35.99441426,TRUE,-2.76,0.9,0
1.026276039,72.59433924,35.9442336,TRUE,-2.76,0.9,0
0.061012091,72.59501679,35.96171684,FALSE,-2.76,0.9,0
0.047217886,72.59906427,35.96521703,FALSE,-2.76,0.9,0
0.01419775,72.67955442,35.9462263,FALSE,-2.76,0.9,0
0.000259855,72.67621885,35.96530729,FALSE,-2.76,0.9,0
0.026094937,73.06693782,35.56163654,FALSE,4.27,1.28,0
0.046194753,73.07727001,35.58220714,FALSE,4.27,1.28,0
0.00926437,73.10892906,35.59112334,FALSE,4.27,1.28,0
0.01536439,72.51866657,35.73522308,FALSE,0.55,1.36,0
0.011422471,72.55016765,35.71766219,FALSE,0.55,1.36,0
0.014853257,72.55998368,35.7296754,FALSE,0.55,1.36,0
0.025517509,72.58411368,35.72257544,FALSE,0.55,1.36,0
0.11431155,72.55066195,36.07968935,FALSE,-2.76,0.9,0
0.018601087,72.55363069,36.08226534,FALSE,-2.76,0.9,0
0.205124015,73.18446923,35.61133006,TRUE,4.27,1.28,1
0.11753191,73.06230268,35.64113004,FALSE,4.27,1.28,0
0.007264913,73.06568763,35.64523011,FALSE,4.27,1.28,0
0.030727851,73.06172219,35.64856404,FALSE,4.27,1.28,0
0.00596187,73.06573471,35.65118403,FALSE,4.27,1.28,0
0.102027126,73.08588831,35.6368011,FALSE,4.27,1.28,0
0.049078472,73.10306227,35.63152573,FALSE,4.27,1.28,0
0.01026944,73.07076335,35.67558074,FALSE,4.27,1.28,0
0.000980367,73.07276204,35.67513777,FALSE,4.27,1.28,0
0.003592704,73.07360329,35.67493203,FALSE,4.27,1.28,0
0.135865253,73.07673825,35.6728686,TRUE,4.27,1.28,0
0.033615749,73.09718711,35.66690121,FALSE,4.27,1.28,0
0.029093522,73.09732576,35.67168024,FALSE,4.27,1.28,0
0.012178795,73.09663781,35.65896242,FALSE,4.27,1.28,0
0.02988336,73.11267497,35.66328966,FALSE,4.27,1.28,0
0.084423053,73.11718226,35.66835593,FALSE,4.27,1.28,0
0.010987048,73.09735027,35.67630707,FALSE,4.27,1.28,0
0.023669295,73.08847503,35.68169554,FALSE,4.27,1.28,0
0.037211546,73.0951416,35.68371775,FALSE,4.27,1.28,0
0.035356056,73.08996251,35.68929482,FALSE,4.27,1.28,0
0.008327343,73.09001672,35.68655126,FALSE,4.27,1.28,0
0.016882123,73.07530416,35.69427709,FALSE,4.27,1.28,0
0.058933922,73.07818966,35.69278234,FALSE,4.27,1.28,0
0.037656457,73.06452895,35.70835185,FALSE,4.27,1.28,0
0.056921787,73.07928426,35.72286908,FALSE,4.27,1.28,0
0.005806221,73.07423481,35.69955162,FALSE,4.27,1.28,0
0.004289461,73.05840711,35.71749318,FALSE,4.27,1.28,0
0.011633925,73.09810458,35.68528756,FALSE,4.27,1.28,0
0.066443967,73.1028616,35.68147982,FALSE,4.27,1.28,0
0.027065566,73.14152326,35.70891388,FALSE,4.27,1.28,0
0.013535582,73.13959876,35.7044313,FALSE,4.27,1.28,0
0.159264207,73.16594095,35.71438769,TRUE,4.27,1.28,0
0.013588863,73.15400735,35.71788082,FALSE,4.27,1.28,0
0.097864471,73.18007375,35.72777195,FALSE,4.27,1.28,0
0.251094953,73.21543462,35.72999206,TRUE,4.27,1.28,0
0.079782981,73.1530326,35.65832114,FALSE,4.27,1.28,1
0.005400056,73.15605499,35.66439412,FALSE,4.27,1.28,1
0.021795125,73.18769099,35.65792923,FALSE,4.27,1.28,1
0.00893692,73.18521799,35.66232367,FALSE,4.27,1.28,1
0.011837875,73.1881399,35.66281697,FALSE,4.27,1.28,1
0.010330888,73.18576571,35.6159987,FALSE,4.27,1.28,1
0.014350627,73.18422781,35.61962287,FALSE,4.27,1.28,1
0.002133797,73.18550782,35.62034506,FALSE,4.27,1.28,1
0.009616149,73.00630784,35.79838144,FALSE,-2.53,0.76,0
0.031845589,73.02868189,35.81206765,FALSE,-2.53,0.76,0
0.025380047,73.03374916,35.81158728,FALSE,-2.53,0.76,0
0.003630941,73.0354917,35.80361332,FALSE,-2.53,0.76,0
0.077834679,73.03192049,35.80416722,FALSE,-2.53,0.76,0
0.033834501,73.02941574,35.79930258,FALSE,-2.53,0.76,0
0.02308676,73.03886559,35.80711592,FALSE,-2.53,0.76,0
0.030187615,72.97981434,35.80938741,FALSE,-2.53,0.76,0
0.055633603,72.98458867,35.81820731,FALSE,-2.53,0.76,0
0.015001872,73.0020913,35.82112837,FALSE,-2.53,0.76,0
0.014839626,73.00702552,35.81867125,FALSE,-2.53,0.76,0
0.052625649,73.02221212,35.82570118,FALSE,-2.53,0.76,0
0.147941032,72.99556359,35.8126494,TRUE,-2.53,0.76,0
0.104395241,72.98158314,35.82645544,FALSE,-2.53,0.76,0
0.006009575,72.97020551,35.82323675,FALSE,-2.53,0.76,0
0.004669996,72.97966356,35.75754973,FALSE,-2.53,0.76,0
0.106956224,72.9735136,35.75878277,FALSE,-2.53,0.76,0
0.043442291,72.94565063,35.75510414,FALSE,-2.53,0.76,0
0.046945083,72.94107647,35.7600091,FALSE,-2.53,0.76,0
0.015415628,72.94757488,35.7634439,FALSE,-2.53,0.76,0
0.0366527,72.98634725,35.76477296,FALSE,-2.53,0.76,0
0.009174194,72.95931113,35.77386911,FALSE,-2.53,0.76,0
0.032358586,72.96478707,35.77637813,FALSE,-2.53,0.76,0
0.005044218,72.9499833,35.78751318,FALSE,-2.53,0.76,0
0.00083325,73.02514796,35.8323859,FALSE,-2.53,0.76,0
0.013391469,73.02323596,35.83489392,FALSE,-2.53,0.76,0
0.002511696,73.02426457,35.83534593,FALSE,-2.53,0.76,0
0.013342683,73.03353413,35.83888729,FALSE,-2.53,0.76,0
0.007645634,73.03645223,35.83780102,FALSE,-2.53,0.76,0
0.038578048,73.04305162,35.83293805,FALSE,-2.53,0.76,0
0.010626518,73.04248044,35.82925187,FALSE,-2.53,0.76,0
0.013533062,73.09947754,35.77590736,FALSE,-2.53,0.76,0
0.019307817,73.09709987,35.78601475,FALSE,-2.53,0.76,0
0.007747052,73.0959297,35.78737295,FALSE,-2.53,0.76,0
0.058067229,73.11556061,35.78388387,FALSE,-2.53,0.76,0
0.014237551,73.11294798,35.79198902,FALSE,-2.53,0.76,0
0.000766096,73.11525464,35.79456236,FALSE,-2.53,0.76,0
0.083973084,73.12017152,35.79260997,FALSE,-2.53,0.76,0
0.092613911,73.1167265,35.79644196,FALSE,-2.53,0.76,0
0.001556299,73.07596381,35.78576419,FALSE,-2.53,0.76,0
0.004091928,73.0759227,35.7847237,FALSE,-2.53,0.76,0
0.015746669,73.07276703,35.78718273,FALSE,-2.53,0.76,0
0.062366759,73.07977157,35.78756218,FALSE,-2.53,0.76,0
0.006001126,73.09117074,35.80577413,FALSE,-2.53,0.76,0
0.017756828,73.09655378,35.80699635,FALSE,-2.53,0.76,0
0.005897063,73.09629882,35.80905474,FALSE,-2.53,0.76,0
0.043507673,73.09292381,35.81007122,FALSE,-2.53,0.76,0
0.035498493,73.07640985,35.80039132,FALSE,-2.53,0.76,0
0.024742313,73.17571428,35.73438223,FALSE,4.27,1.28,0
0.024299192,73.17145255,35.73458399,FALSE,4.27,1.28,0
0.004950419,73.17374235,35.73831833,FALSE,4.27,1.28,0
0.032020635,73.16393238,35.7420049,FALSE,4.27,1.28,0
0.01844361,73.17615964,35.74419161,FALSE,4.27,1.28,0
0.003985692,73.16357754,35.74578504,FALSE,4.27,1.28,0
0.021021073,73.15035075,35.76471349,FALSE,-2.53,0.76,0
0.004636087,73.15510666,35.76967865,FALSE,-2.53,0.76,0
0.008248495,73.15716236,35.77065059,FALSE,-2.53,0.76,0
0.002646216,73.21018017,35.76874461,FALSE,-2.53,0.76,0
0.004362471,73.20958869,35.77560786,FALSE,-2.53,0.76,0
0.015670948,73.20543916,35.78542032,FALSE,-2.53,0.76,0
0.01949147,73.20854584,35.78882987,FALSE,-2.53,0.76,0
0.018406758,73.21602454,35.7920797,FALSE,-2.53,0.76,0
0.033772608,73.20973028,35.80331348,FALSE,-2.53,0.76,0
0.008962482,73.19096735,35.79445344,FALSE,-2.53,0.76,0
0.04115754,73.18387598,35.81344173,FALSE,-2.53,0.76,0
0.012057569,73.15202112,35.80871814,FALSE,-2.53,0.76,0
0.003154207,73.15358179,35.80893366,FALSE,-2.53,0.76,0
0.022172992,73.16061001,35.81165499,FALSE,-2.53,0.76,0
0.00187185,73.13197759,35.8174685,FALSE,-2.53,0.76,0
0.021109084,73.13150353,35.82565433,FALSE,-2.53,0.76,0
0.011842574,73.13757259,35.81918489,FALSE,-2.53,0.76,0
0.017461734,73.13682587,35.83049315,FALSE,-2.53,0.76,0
0.037868027,73.13150851,35.83052207,FALSE,-2.53,0.76,0
0.010463509,73.12260656,35.83410411,FALSE,-2.53,0.76,0
0.020946057,73.12982966,35.84029697,FALSE,-2.53,0.76,0
0.0384874,73.16255599,35.84215322,FALSE,-2.53,0.76,0
0.07126667,73.16429737,35.83181923,FALSE,-2.53,0.76,0
0.003103287,73.18181907,35.83683865,FALSE,-2.53,0.76,0
0.005178042,73.1939834,35.83862097,FALSE,-2.53,0.76,0
0.004345232,73.19489374,35.84039748,FALSE,-2.53,0.76,0
0.03425685,73.19584943,35.83562639,FALSE,-2.53,0.76,0
0.01317326,73.17681707,35.84109452,FALSE,-2.53,0.76,0
0.0552613,73.17392871,35.84323848,FALSE,-2.53,0.76,0
0.001781005,73.17589171,35.850021,FALSE,-2.53,0.76,0
0.003723064,73.1731435,35.84799175,FALSE,-2.53,0.76,0
0.017421305,73.22445907,35.85577073,FALSE,-2.53,0.76,0
0.271240361,73.21112875,35.82497438,TRUE,-2.53,0.76,0
0.033613265,73.22050931,35.83155662,FALSE,-2.53,0.76,0
0.006236114,73.23249096,35.82863421,FALSE,-2.53,0.76,0
0.009676246,73.23602449,35.83314466,FALSE,-2.53,0.76,0
0.125535743,73.22757124,35.82957216,TRUE,-2.53,0.76,0
0.163425747,73.08423743,35.80055169,TRUE,-2.53,0.76,0
0.007106421,72.96628814,35.8447826,FALSE,-2.53,0.76,0
0.143185439,72.98023566,35.85538033,TRUE,-2.53,0.76,0
0.068714611,73.01742819,35.85682251,FALSE,-2.53,0.76,0
0.025150706,73.04248568,35.84059555,FALSE,-2.53,0.76,0
0.006697538,73.04929767,35.83823601,FALSE,-2.53,0.76,0
0.045137521,73.05382379,35.84033264,FALSE,-2.53,0.76,0
0.168401273,73.06132923,35.84807413,TRUE,-2.53,0.76,0
0.028400048,73.06643958,35.84450963,FALSE,-2.53,0.76,0
0.026512362,73.0697717,35.84370279,FALSE,-2.53,0.76,0
0.029296777,73.07492936,35.85179009,FALSE,-2.53,0.76,0
0.04518988,73.0838966,35.8560126,FALSE,-2.53,0.76,0
0.0254276,73.05110743,35.87785971,FALSE,-2.53,0.76,0
0.029387577,73.05782739,35.87821515,FALSE,-2.53,0.76,0
0.041194041,73.054204,35.87527088,FALSE,-2.53,0.76,0
0.021944158,73.04605693,35.88319401,FALSE,-2.53,0.76,0
0.027639205,73.06936645,35.86894351,FALSE,-2.53,0.76,0
0.003867269,73.07149328,35.86947827,FALSE,-2.53,0.76,0
0.13174642,73.0735812,35.87159562,TRUE,-2.53,0.76,0
0.018380594,73.07451908,35.87658121,FALSE,-2.53,0.76,0
0.022668687,73.14866077,35.85339945,FALSE,-2.53,0.76,0
0.029150375,73.13808285,35.86557272,FALSE,-2.53,0.76,0
0.008775197,73.13025929,35.86764538,FALSE,-2.53,0.76,0
0.007156928,73.13479722,35.87027045,FALSE,-2.53,0.76,0
0.035675125,73.0899386,35.86352649,FALSE,-2.53,0.76,0
0.006671605,73.08361307,35.8602138,FALSE,-2.53,0.76,0
0.005046036,73.09733666,35.84468746,FALSE,-2.53,0.76,0
0.006388285,73.10531347,35.85118451,FALSE,-2.53,0.76,0
0.219462767,73.06385054,35.92015995,TRUE,-2.53,0.76,0
0.02350194,73.07399054,35.92394714,FALSE,-2.53,0.76,0
0.012012375,73.07017851,35.92597693,FALSE,-2.53,0.76,0
0.012157735,73.11236302,35.92395349,FALSE,-2.53,0.76,0
0.041879469,73.10603267,35.94223396,FALSE,-2.53,0.76,0
0.018562433,73.09269046,35.94705625,FALSE,-2.53,0.76,0
0.092189041,73.05351846,35.9602254,FALSE,-2.53,0.76,0
0.24645921,73.15447639,35.90591287,TRUE,-2.53,0.76,0
0.028980375,73.15672506,35.93384699,FALSE,-2.53,0.76,0
0.020865143,73.16783744,35.93448748,FALSE,-2.53,0.76,0
0.030378954,73.17271935,35.93515643,FALSE,-2.53,0.76,0
0.033383024,73.18756908,35.93004942,FALSE,-2.53,0.76,0
0.080844949,73.24693309,35.92974683,FALSE,-2.53,0.76,0
0.017324543,73.24377011,35.93910053,FALSE,-2.53,0.76,0
0.114162105,73.26839345,35.9360676,FALSE,-2.53,0.76,0
0.021570234,73.2707905,35.92211476,FALSE,-2.53,0.76,0
0.015983821,73.24605768,35.88053061,FALSE,-2.53,0.76,0
0.050685035,73.25999586,35.8967497,FALSE,-2.53,0.76,0
0.017763231,73.25634787,35.90856045,FALSE,-2.53,0.76,0
0.020455547,73.2535484,35.90683465,FALSE,-2.53,0.76,0
0.013568695,73.2427419,35.90562574,FALSE,-2.53,0.76,0
0.02657363,73.24577567,35.89433417,FALSE,-2.53,0.76,0
0.002432357,73.24571936,35.89549226,FALSE,-2.53,0.76,0
0.009469088,73.23423194,35.86949586,FALSE,-2.53,0.76,0
0.036394385,73.09912655,35.89138467,FALSE,-2.53,0.76,0
0.015935946,73.09488704,35.89471418,FALSE,-2.53,0.76,0
0.01459435,73.19236551,35.96170652,FALSE,-2.53,0.76,0
0.035359,73.19353643,35.95515657,FALSE,-2.53,0.76,0
0.013733561,73.15498956,35.95288637,FALSE,-2.53,0.76,0
0.005012756,73.15131423,35.92784478,FALSE,-2.53,0.76,0
0.005574216,73.15493634,35.92893252,FALSE,-2.53,0.76,0
0.005964338,73.18640107,35.92665415,FALSE,-2.53,0.76,0
0.057976062,73.28570618,35.99280902,FALSE,-2.53,0.76,0
0.032934333,73.28141282,35.99015272,FALSE,-2.53,0.76,0
0.080799785,73.27342549,36.00421361,FALSE,-2.53,0.76,0
0.046096016,73.23004982,36.01066403,FALSE,-2.53,0.76,1
0.015438881,73.22979872,36.01528358,FALSE,-2.53,0.76,1
0.011299833,73.25285248,36.01948956,FALSE,-2.53,0.76,0
0.009937992,73.25656829,36.0182345,FALSE,-2.53,0.76,0
0.008759866,73.27209831,36.01414249,FALSE,-2.53,0.76,0
0.006248241,73.27032976,36.00864591,FALSE,-2.53,0.76,0
0.012324698,73.18431709,36.03209768,FALSE,-2.53,0.76,1
0.071445615,73.19261282,36.03748043,FALSE,-2.53,0.76,1
0.04164884,73.19539344,36.05561465,FALSE,-2.53,0.76,1
0.035881605,73.20461269,36.06159363,FALSE,-2.53,0.76,1
0.014609758,73.20254481,36.04930322,FALSE,-2.53,0.76,1
0.006345697,73.19966765,36.05085506,FALSE,-2.53,0.76,1
0.016696413,73.18592767,36.04041713,FALSE,-2.53,0.76,1
0.009841373,73.21400202,36.03777545,FALSE,-2.53,0.76,1
0.002533773,73.21541628,36.03722846,FALSE,-2.53,0.76,1
0.022285447,73.2329735,36.06052306,FALSE,-2.53,0.76,1
0.019967873,73.23070688,36.06356983,FALSE,-2.53,0.76,1
0.076501794,73.23223817,36.07693623,FALSE,-2.53,0.76,0
0.036715889,73.23977724,36.08192452,FALSE,-2.53,0.76,0
0.005890138,73.24197532,36.09001967,FALSE,-2.53,0.76,0
0.025506735,73.20393653,36.06782139,FALSE,-2.53,0.76,1
0.032339627,73.25805239,36.03638366,FALSE,-2.53,0.76,0
0.004659941,73.23902778,36.12558949,FALSE,-2.53,0.76,0
0.005346479,73.24252231,36.13182568,FALSE,-2.53,0.76,0
0.019378949,73.21930476,36.13224222,FALSE,-2.53,0.76,0
0.097371882,73.12117174,36.24590894,FALSE,-2.53,0.76,0
0.050109681,73.13726062,36.24726252,FALSE,-2.53,0.76,0
0.007021792,73.12319434,36.25170565,FALSE,-2.91,0.48,0
0.017170782,73.16157225,36.28204686,FALSE,-2.91,0.48,0
0.030595496,73.15803513,36.28773281,FALSE,-2.91,0.48,0
0.018102242,73.11513839,36.29371369,FALSE,-2.91,0.48,0
0.013685445,73.10558494,36.30185503,FALSE,-2.91,0.48,0
0.012390354,73.11828494,36.30118865,FALSE,-2.91,0.48,0
0.010685776,73.12119595,36.29762258,FALSE,-2.91,0.48,0
0.004549477,73.12085941,36.29871411,FALSE,-2.91,0.48,0
0.016771922,73.14185705,36.27880162,FALSE,-2.91,0.48,0
0.025373841,73.16707391,36.28854442,FALSE,-2.91,0.48,0
0.047412653,73.17992368,36.28029293,FALSE,-2.91,0.48,0
0.017237506,73.18370216,36.21841454,FALSE,-2.53,0.76,0
0.012781738,73.25181441,36.29722167,FALSE,-2.91,0.48,0
0.020890192,73.25145699,36.29966399,FALSE,-2.91,0.48,0
0.096136112,73.24931273,36.30609807,FALSE,-2.91,0.48,0
0.014665634,73.23427127,36.30135778,FALSE,-2.91,0.48,0
0.04117823,73.19775466,36.32748795,FALSE,-2.91,0.48,0
0.020234723,73.23159276,36.30926204,FALSE,-2.91,0.48,0
0.019288316,72.78823765,35.70555417,FALSE,0.55,1.36,0
0.034577558,72.77799384,35.70775463,FALSE,0.55,1.36,0
0.027093799,72.77093115,35.71461419,FALSE,0.55,1.36,0
0.058661728,72.7810472,35.71741141,FALSE,0.55,1.36,0
0.031451213,72.92763194,35.7742691,FALSE,-2.53,0.76,0
0.097082013,72.9267917,35.77852985,FALSE,-2.53,0.76,0
0.168363549,72.93458952,35.77525104,TRUE,-2.53,0.76,0
0.006189967,72.91919819,35.76932589,FALSE,-2.53,0.76,0
0.018658667,72.93316431,35.78860676,FALSE,-2.53,0.76,0
0.041355419,72.94075126,35.79323856,FALSE,-2.53,0.76,0
0.395546369,72.92076162,35.79877398,TRUE,-2.53,0.76,0
0.163083085,72.9447695,35.82062403,TRUE,-2.53,0.76,0
0.070154498,72.80085984,35.80882342,FALSE,-2.76,0.9,0
0.046621306,72.84826726,35.81353749,FALSE,-2.53,0.76,0
0.015814733,72.72476532,35.90773431,FALSE,-2.76,0.9,0
0.009221199,72.80150132,35.89363007,FALSE,-2.76,0.9,0
0.027923049,72.80999822,35.9073365,FALSE,-2.76,0.9,0
0.079188095,72.91107503,35.84464153,FALSE,-2.53,0.76,0
0.020161822,72.91871797,35.84116065,FALSE,-2.53,0.76,0
0.199291437,72.9393638,35.86887868,TRUE,-2.53,0.76,0
0.016187225,72.92696282,35.85587913,FALSE,-2.53,0.76,0
0.004181139,72.92533128,35.85699251,FALSE,-2.53,0.76,0
0.033329386,72.94110757,36.10628642,FALSE,-2.53,0.76,0
0.022597902,72.91810317,36.03262075,FALSE,-2.53,0.76,0
0.009442086,72.90235565,35.82762513,FALSE,-2.53,0.76,0
0.00686456,72.67693287,35.83163748,FALSE,-2.76,0.9,0
0.020666238,72.67412078,35.85754199,FALSE,-2.76,0.9,0
0.016548745,72.82401631,35.84741633,FALSE,-2.53,0.76,0
0.017621091,72.8737411,35.8763871,FALSE,-2.53,0.76,0
0.007034227,72.80601606,35.8981563,FALSE,-2.76,0.9,0
0.00298897,72.87181607,36.00932527,FALSE,-2.53,0.76,0
0.013782192,72.87504139,36.01238911,FALSE,-2.53,0.76,0
0.004398247,72.87999383,36.00757962,FALSE,-2.53,0.76,0
0.013559397,72.87667354,36.02274524,FALSE,-2.53,0.76,0
0.008730153,72.88715408,36.01487483,FALSE,-2.53,0.76,0
0.021251834,72.95079909,35.90911684,FALSE,-2.53,0.76,0
0.018822362,72.95013402,35.91857295,FALSE,-2.53,0.76,0
0.003823011,72.94737237,35.91622103,FALSE,-2.53,0.76,0
0.036779948,72.95068944,35.9232146,FALSE,-2.53,0.76,0
0.019414089,72.95150019,35.92739742,FALSE,-2.53,0.76,0
0.077388834,72.92960545,35.9299581,FALSE,-2.53,0.76,0
0.012652711,72.93036753,35.93404786,FALSE,-2.53,0.76,0
0.011034068,72.70490846,35.81951545,FALSE,-2.76,0.9,0
0.050194396,72.83598228,35.76452279,FALSE,-2.53,0.76,0
0.017089968,72.77175748,35.90578255,FALSE,-2.76,0.9,0
0.006152291,72.93865362,36.05135267,FALSE,-2.53,0.76,0
0.007812208,72.90337031,36.05846895,FALSE,-2.53,0.76,0
0.164378874,72.74532941,36.06875819,TRUE,-2.76,0.9,0
0.011232882,72.85919774,36.14144582,FALSE,-2.53,0.76,0
0.067910319,73.01065133,36.24189859,FALSE,-2.53,0.76,0
0.017695402,73.06054351,36.23845717,FALSE,-2.53,0.76,0
0.062350166,73.0482634,36.23952485,FALSE,-2.53,0.76,0
0.103960815,73.05254611,36.26950925,FALSE,-2.91,0.48,0
0.219410996,73.04732705,36.26338914,TRUE,-2.91,0.48,0
0.019518511,73.00723772,36.26035991,FALSE,-2.91,0.48,0
0.025478692,73.01594704,36.25926036,FALSE,-2.91,0.48,0
0.049920583,73.03835553,36.25922879,FALSE,-2.91,0.48,0
0.050635981,73.05679341,36.2532196,FALSE,-2.91,0.48,0
0.020690558,73.02976203,36.26237001,FALSE,-2.91,0.48,0
0.003025961,73.03952558,36.26374784,FALSE,-2.91,0.48,0
0.004611345,73.03657042,36.25599893,FALSE,-2.91,0.48,0
0.148996008,72.9005885,36.41182823,TRUE,-2.91,0.48,0
0.006467198,73.04491139,36.26777465,FALSE,-2.91,0.48,0
0.009781905,73.18822766,36.26350403,FALSE,-2.91,0.48,0
0.073164025,73.06975073,35.89912059,FALSE,-2.53,0.76,0
0.015156757,73.18934827,35.8901372,FALSE,-2.53,0.76,0
0.011129434,73.19516701,35.88187042,FALSE,-2.53,0.76,0
0.013317346,73.15817642,35.89383862,FALSE,-2.53,0.76,0
0.005036967,73.1932884,35.7842195,FALSE,-2.53,0.76,0
0.004761422,73.19439374,35.77905617,FALSE,-2.53,0.76,0
0.105680048,73.66769837,36.09651163,FALSE,1.01,0.65,0
0.039540322,73.68799995,36.09235792,FALSE,1.01,0.65,0
0.012213458,73.69532831,36.10637058,FALSE,1.01,0.65,0
0.008252393,73.67356618,36.1210627,FALSE,1.01,0.65,0
0.065965443,73.68478078,36.10088891,FALSE,1.01,0.65,0
0.014414477,73.68207747,36.10074818,FALSE,1.01,0.65,0
0.042689806,73.77002118,36.0833485,FALSE,1.01,0.65,0
0.025200488,73.73556879,36.06954742,FALSE,1.01,0.65,0
0.004720813,73.74028152,36.06788064,FALSE,1.01,0.65,0
0.054052868,73.72768207,36.06152506,FALSE,1.01,0.65,0
0.03526807,73.71282665,36.05169416,FALSE,1.01,0.65,0
0.1050696,73.71330498,36.03023615,FALSE,1.01,0.65,0
0.04253116,73.65104068,36.03652372,FALSE,1.01,0.65,0
0.060376391,73.66480213,36.02076356,FALSE,1.01,0.65,0
0.020817143,73.66509678,36.01166748,FALSE,1.01,0.65,0
0.043435369,73.65116309,36.00864035,FALSE,1.01,0.65,0
0.068672368,73.66413904,35.99948568,FALSE,1.01,0.65,0
0.006427301,73.65138418,36.0034931,FALSE,1.01,0.65,0
0.033548841,73.65096932,36.00120579,FALSE,1.01,0.65,0
0.005147282,73.652768,35.99762892,FALSE,1.01,0.65,0
0.010864165,73.6553205,36.00021003,FALSE,1.01,0.65,0
0.069173556,73.71959264,36.04258758,FALSE,1.01,0.65,0
0.004038712,73.71623568,36.04725496,FALSE,1.01,0.65,0
0.00733481,73.74564271,36.05042096,FALSE,1.01,0.65,0
0.016208272,73.8044267,36.16127779,FALSE,1.01,0.65,0
0.037444931,73.93252002,36.02478081,FALSE,1.01,0.65,0
0.069274818,73.92168813,36.01893328,FALSE,1.01,0.65,0
0.010402063,73.88606197,36.00070917,FALSE,1.01,0.65,0
0.013232001,73.89211667,35.99078653,FALSE,1.01,0.65,0
0.038712117,73.92303613,35.98026461,FALSE,1.01,0.65,0
0.008662201,73.89367723,35.97205651,FALSE,1.01,0.65,0
0.016302246,73.89387085,35.97021606,FALSE,1.01,0.65,0
0.294150639,73.91077179,35.9722195,TRUE,1.01,0.65,0
0.023870637,73.87429116,35.98059768,FALSE,1.01,0.65,0
0.019682109,73.90577883,35.90396357,FALSE,1.01,0.65,0
0.019282995,73.8793468,35.88789006,FALSE,1.01,0.65,0
0.01756394,73.86757814,35.88713974,FALSE,1.01,0.65,0
0.016407114,73.86833327,35.87574812,FALSE,1.01,0.65,0
0.024856583,73.86700896,35.87264586,FALSE,1.01,0.65,0
0.156570193,73.86913029,35.85840251,TRUE,1.01,0.65,0
0.018169525,73.86999054,35.84870451,FALSE,1.01,0.65,0
0.202198374,73.87687007,35.8518592,TRUE,1.01,0.65,0
0.080105618,73.88360618,35.84398613,FALSE,1.01,0.65,0
0.023179918,73.88418022,35.83422521,FALSE,1.01,0.65,0
0.017697982,73.88700224,35.83478545,FALSE,1.01,0.65,0
0.0054013,73.88443684,35.83267706,FALSE,1.01,0.65,0
0.044414599,73.84546167,35.87490782,FALSE,1.01,0.65,0
0.007271237,73.86028621,35.86269065,FALSE,1.01,0.65,0
0.027003123,73.82446428,35.88329338,FALSE,1.01,0.65,0
0.029336356,73.81030356,35.87266793,FALSE,1.01,0.65,0
0.017287532,73.80091828,35.87049892,FALSE,1.01,0.65,0
0.078115718,73.60457628,35.82370735,FALSE,1.01,0.65,0
0.038028647,73.59706644,35.81781081,FALSE,1.01,0.65,0
0.029178598,73.61129605,35.81433672,FALSE,1.01,0.65,0
0.089802392,73.60355371,35.81216975,FALSE,1.01,0.65,0
0.129767789,73.61438631,35.87695278,TRUE,1.01,0.65,0
0.019030537,73.61354653,35.86751316,FALSE,1.01,0.65,0
0.058620206,73.62451936,35.8662874,FALSE,1.01,0.65,0
0.011312173,73.64239824,35.88126515,FALSE,1.01,0.65,0
0.009418116,73.63476765,35.89657622,FALSE,1.01,0.65,0
0.027989181,73.61937689,35.90845896,FALSE,1.01,0.65,0
0.0312753,73.62357231,35.90972935,FALSE,1.01,0.65,0
0.011333941,73.642954,35.92025752,FALSE,1.01,0.65,0
0.036296492,73.64634282,35.9192658,FALSE,1.01,0.65,0
0.050879566,73.63889706,35.93219747,FALSE,1.01,0.65,0
0.031520202,73.6327401,35.94598432,FALSE,1.01,0.65,0
0.010197453,73.63252884,35.94073839,FALSE,1.01,0.65,0
0.006772027,73.68891188,35.94611293,FALSE,1.01,0.65,0
0.090930626,73.70330654,35.94418711,FALSE,1.01,0.65,0
0.023130685,73.70849173,35.96314174,FALSE,1.01,0.65,0
0.015064256,73.72006127,35.95228913,FALSE,1.01,0.65,0
0.015801738,73.72679905,35.95707042,FALSE,1.01,0.65,0
0.018576647,73.74137073,35.95680743,FALSE,1.01,0.65,0
0.01620888,73.72754528,35.94617623,FALSE,1.01,0.65,0
0.018374929,73.7574571,35.94876137,FALSE,1.01,0.65,0
0.006538653,73.75292569,35.94657822,FALSE,1.01,0.65,0
0.004855292,73.77310495,35.96008434,FALSE,1.01,0.65,0
0.019221237,73.76697167,35.96085067,FALSE,1.01,0.65,0
0.007777947,73.76089712,35.96249818,FALSE,1.01,0.65,0
0.035828946,73.75830809,35.97087397,FALSE,1.01,0.65,0
0.006513343,73.71841356,35.96583477,FALSE,1.01,0.65,0
0.04417567,73.70928484,35.97119332,FALSE,1.01,0.65,0
0.010305517,73.70467998,35.98201006,FALSE,1.01,0.65,0
0.00919076,73.7131378,35.98819245,FALSE,1.01,0.65,0
0.020944509,73.72449617,35.98912225,FALSE,1.01,0.65,0
0.023377797,73.7276306,35.98044046,FALSE,1.01,0.65,0
0.052379296,73.72954193,35.99724965,FALSE,1.01,0.65,0
0.030811297,73.7356118,35.99650163,FALSE,1.01,0.65,0
0.02623459,73.73693147,36.00443362,FALSE,1.01,0.65,0
0.009832721,73.73383663,36.00751755,FALSE,1.01,0.65,0
0.009974275,73.73186001,36.0120773,FALSE,1.01,0.65,0
0.012549585,73.74623105,36.01148756,FALSE,1.01,0.65,0
0.03992749,73.73591568,36.01833282,FALSE,1.01,0.65,0
0.014949955,73.75079658,36.02062397,FALSE,1.01,0.65,0
0.055064114,73.7462652,36.02167577,FALSE,1.01,0.65,0
0.057970812,73.74068707,36.02447218,FALSE,1.01,0.65,0
0.013450564,73.74646578,36.02549802,FALSE,1.01,0.65,0
0.012557824,73.75340423,36.02449525,FALSE,1.01,0.65,0
0.03408474,73.70432786,36.0099468,FALSE,1.01,0.65,0
0.022907633,73.71578242,36.02668004,FALSE,1.01,0.65,0
0.01854183,73.78229364,35.85131916,FALSE,1.01,0.65,0
0.002737315,73.78313042,35.85294863,FALSE,1.01,0.65,0
0.281663436,73.77480961,35.85568292,TRUE,1.01,0.65,0
0.870225556,73.74548555,35.86461532,TRUE,1.01,0.65,0
0.426740085,73.76280494,35.88243804,TRUE,1.01,0.65,0
0.00909053,73.772311,35.87259534,FALSE,1.01,0.65,0
0.033628359,73.78346239,35.89359391,FALSE,1.01,0.65,0
0.046691445,73.7379129,35.887767,FALSE,1.01,0.65,0
0.003790818,73.75223536,35.88762783,FALSE,1.01,0.65,0
0.061560128,73.73366787,35.90237137,FALSE,1.01,0.65,0
0.017440205,73.72922349,35.89914778,FALSE,1.01,0.65,0
0.011654083,73.70920226,35.9268984,FALSE,1.01,0.65,0
0.108160197,73.69176607,35.88925483,FALSE,1.01,0.65,0
0.015845772,73.67820178,35.90545469,FALSE,1.01,0.65,0
0.036528095,73.65800219,35.87630177,FALSE,1.01,0.65,0
0.011436482,73.75068972,36.07716327,FALSE,1.01,0.65,0
0.01286778,73.67719644,36.09758999,FALSE,1.01,0.65,0
0.012628708,73.66206183,36.08097986,FALSE,1.01,0.65,0
0.013571782,73.68148664,35.97602789,FALSE,1.01,0.65,0
0.009331276,73.68530468,35.9772151,FALSE,1.01,0.65,0
0.032054543,73.67965026,35.86838234,FALSE,1.01,0.65,0
0.043492954,73.76453482,35.77096911,FALSE,1.01,0.65,0
0.009039494,73.80335035,35.78945017,FALSE,1.01,0.65,0
0.017446794,73.7963706,35.80232912,FALSE,1.01,0.65,0
0.007475031,73.81249548,35.80265994,FALSE,1.01,0.65,0
0.028074732,73.77590325,35.82478259,FALSE,1.01,0.65,0
0.013372894,73.78960029,35.82976974,FALSE,1.01,0.65,0
0.017350804,73.7951486,35.82318279,FALSE,1.01,0.65,0
0.116947367,74.19551438,35.77296673,FALSE,1.74,0.72,0
0.129251013,74.20485571,35.77905994,TRUE,1.74,0.72,0
0.095837077,74.17975857,35.76048958,FALSE,1.74,0.72,0
0.008145969,74.17179743,35.76639972,FALSE,1.74,0.72,0
0.024950217,74.16127192,35.78012607,FALSE,1.74,0.72,0
0.054892146,74.143798,35.78708379,FALSE,1.74,0.72,0
0.069859288,74.22429381,35.789075,FALSE,1.74,0.72,0
0.026242213,74.14843338,35.76415223,FALSE,1.74,0.72,0
0.012923194,74.14202726,35.77165968,FALSE,1.74,0.72,0
0.011172591,74.14588624,35.77414368,FALSE,1.74,0.72,0
0.0267444,74.10557756,35.83676222,FALSE,1.74,0.72,0
0.067886316,74.09960643,35.84471053,FALSE,1.74,0.72,0
0.03376084,74.0859868,35.82727295,FALSE,1.74,0.72,0
0.152905529,74.08299088,35.81712499,TRUE,1.74,0.72,0
0.003932572,74.07069836,35.81634565,FALSE,1.74,0.72,0
0.016418494,74.07335527,35.81367146,FALSE,1.74,0.72,0
0.044340642,74.08440804,35.79292846,FALSE,1.74,0.72,0
0.005201722,74.10107029,35.78562799,FALSE,1.74,0.72,0
0.00636203,74.06701245,35.81920506,FALSE,1.74,0.72,0
0.007918468,74.0626348,35.81056468,FALSE,1.74,0.72,0
0.004193521,74.08170419,35.80183324,FALSE,1.74,0.72,0
0.002825913,74.08036992,35.79495223,FALSE,1.74,0.72,0
0.067004451,74.10764456,35.82645315,FALSE,1.74,0.72,0
0.039673811,74.12608612,35.74075452,FALSE,5.99,1.02,0
0.02811072,74.11851798,35.74728166,FALSE,5.99,1.02,0
0.056107155,74.07040935,35.96976993,FALSE,1.74,0.72,0
0.017062694,74.16381246,35.74149911,FALSE,5.99,1.02,0
0.013513171,74.17104326,35.7474505,FALSE,5.99,1.02,0
0.030556215,74.18869103,35.68577992,FALSE,5.99,1.02,0
0.017383993,74.16972667,35.69718482,FALSE,5.99,1.02,0
0.033098298,73.89834396,35.85078235,FALSE,1.01,0.65,0
0.02534768,73.90268829,35.85087089,FALSE,1.01,0.65,0
0.076276661,73.9119046,35.86978185,FALSE,1.01,0.65,0
0.019839834,73.91642895,35.86724843,FALSE,1.01,0.65,0
0.045838422,73.91567119,35.86347736,FALSE,1.01,0.65,0
0.024801669,73.93761957,35.8524462,FALSE,1.01,0.65,0
0.102678614,73.95620593,35.86623818,FALSE,1.01,0.65,0
0.061312934,73.95523168,35.85848727,FALSE,1.01,0.65,0
0.043295115,73.95324088,35.87703127,FALSE,1.01,0.65,0
0.154853269,73.92106883,35.90586675,TRUE,1.01,0.65,0
0.013920765,73.94054842,35.90376841,FALSE,1.01,0.65,0
0.015005802,73.94291234,35.90608043,FALSE,1.01,0.65,0
0.120193164,73.94524144,35.91669333,TRUE,1.01,0.65,0
0.029916518,73.95218183,35.91288431,FALSE,1.01,0.65,0
0.054091833,73.96447598,35.91226574,FALSE,1.01,0.65,0
0.005615953,73.96854418,35.90665001,FALSE,1.01,0.65,0
0.026053194,73.98009904,35.90796359,FALSE,1.01,0.65,0
0.010651885,73.98879582,35.91136984,FALSE,1.01,0.65,0
0.02254765,73.98929367,35.90483222,FALSE,1.01,0.65,0
0.107211836,73.99203251,35.91646991,FALSE,1.01,0.65,0
0.001885666,73.97224718,35.90417989,FALSE,1.01,0.65,0
0.012096552,73.96477417,35.90588079,FALSE,1.01,0.65,0
0.004722195,73.96679458,35.91544589,FALSE,1.01,0.65,0
0.020435109,73.93225344,35.93042195,FALSE,1.01,0.65,0
0.012413521,73.91654418,35.93487887,FALSE,1.01,0.65,0
0.072518586,73.97100108,35.90046243,FALSE,1.01,0.65,0
0.007471045,73.94868675,35.90149256,FALSE,1.01,0.65,0
0.072888373,73.92650784,35.875333,FALSE,1.01,0.65,0
0.160631371,73.92847095,35.86804837,TRUE,1.01,0.65,0
0.041625262,73.98810976,35.86049575,FALSE,1.01,0.65,0
0.038705183,74.01011051,35.84318382,FALSE,1.01,0.65,0
0.010475683,73.9638617,35.82174148,FALSE,1.01,0.65,0
0.014913336,74.00238383,35.81664631,FALSE,1.01,0.65,0
0.045312345,74.00049541,35.8225698,FALSE,1.01,0.65,0
0.004965999,73.98257958,35.82290022,FALSE,1.01,0.65,0
0.018796871,73.99708867,35.83263211,FALSE,1.01,0.65,0
0.005949744,74.0074404,35.81959269,FALSE,1.01,0.65,0
0.023688218,74.01339896,35.86536845,FALSE,1.01,0.65,0
0.015734269,74.01636037,35.86116774,FALSE,1.01,0.65,0
0.013504098,74.0649951,35.86409285,FALSE,1.74,0.72,0
0.035657476,74.11280959,35.87857643,FALSE,1.74,0.72,0
0.018168512,73.33851289,35.62966437,FALSE,4.27,1.28,0
0.155975932,73.35231353,35.64363309,TRUE,4.27,1.28,0
0.212191069,73.35714661,35.65191207,TRUE,4.27,1.28,0
0.015980746,73.35507234,35.64757557,FALSE,4.27,1.28,0
0.077091901,73.32022721,35.65049532,FALSE,4.27,1.28,0
0.258752591,73.34399491,35.67523421,TRUE,4.27,1.28,0
0.113720928,73.56570325,36.4314689,FALSE,-0.87,0.45,0
0.006605474,73.60984049,36.37406584,FALSE,-0.87,0.45,0
0.012443704,73.59686106,36.35535334,FALSE,-0.87,0.45,0
0.002454194,73.61075498,36.36055163,FALSE,-0.87,0.45,0
0.028191568,73.59749095,36.34344504,FALSE,-0.87,0.45,0
0.021412535,73.59358992,36.34397644,FALSE,-0.87,0.45,0
0.00771476,73.55330309,36.36547845,FALSE,-0.87,0.45,0
0.051426904,73.55383993,36.33890822,FALSE,-0.87,0.45,0
0.025320683,73.57242315,36.34241318,FALSE,-0.87,0.45,0
0.004653763,73.56792167,36.3431011,FALSE,-0.87,0.45,0
0.07003245,73.555567,36.34346489,FALSE,-0.87,0.45,0
0.028926497,73.55592015,36.3477646,FALSE,-0.87,0.45,0
0.003611736,73.56400192,36.33991484,FALSE,-0.87,0.45,0
0.005418144,73.54362866,36.32152952,FALSE,-0.87,0.45,0
0.010957154,73.51125173,36.33129267,FALSE,-0.87,0.45,0
0.00496934,73.52056403,36.33557544,FALSE,-0.87,0.45,0
0.025983088,73.52387574,36.34756871,FALSE,-0.87,0.45,0
0.009694123,73.52127281,36.35250843,FALSE,-0.87,0.45,0
0.016267739,73.51990548,36.35305821,FALSE,-0.87,0.45,0
0.15999964,73.51364414,36.35075121,TRUE,-0.87,0.45,0
0.009553987,73.5728476,36.36272203,FALSE,-0.87,0.45,0
0.009700018,73.55911891,36.37312245,FALSE,-0.87,0.45,0
0.00816562,73.51065677,36.32333448,FALSE,-0.87,0.45,0
0.007129637,73.61933469,36.41271375,FALSE,-0.87,0.45,0
0.0011614,73.62509271,36.40833105,FALSE,-0.87,0.45,0
0.009188943,73.64032638,36.40538929,FALSE,-0.87,0.45,0
0.013701086,73.63674484,36.19562445,FALSE,1.01,0.65,1
0.006642634,73.63487004,36.19154223,FALSE,1.01,0.65,1
0.002067368,73.58606618,36.32082791,FALSE,-0.87,0.45,0
0.00062353,73.58461019,36.31999527,FALSE,-0.87,0.45,0
0.012362134,73.61311044,36.15774931,FALSE,1.01,0.65,1
0.133866389,73.61615465,36.15398021,TRUE,1.01,0.65,1
0.177059567,73.63911075,36.14536188,TRUE,1.01,0.65,1
0.198116068,73.42283662,36.11643894,TRUE,-2.53,0.76,1
0.104675382,73.44898891,36.11222299,FALSE,1.01,0.65,1
0.031148681,73.44878169,36.11893761,FALSE,1.01,0.65,1
0.041717705,73.44732159,36.12747781,FALSE,1.01,0.65,1
0.046996445,73.46682208,36.10291388,FALSE,1.01,0.65,1
0.21127169,73.46432635,36.10825798,TRUE,1.01,0.65,1
0.138361521,73.46037327,36.08581992,TRUE,1.01,0.65,0
0.01880752,73.46957053,36.09045143,FALSE,1.01,0.65,0
0.011582205,73.45790467,36.10256429,FALSE,1.01,0.65,1
0.076196264,73.50573952,36.12055922,FALSE,1.01,0.65,0
0.065867704,73.50015894,36.13332687,FALSE,1.01,0.65,0
0.016576664,73.49950216,36.13955775,FALSE,1.01,0.65,0
0.040748861,73.52401607,36.13639804,FALSE,1.01,0.65,0
0.229170557,73.50476817,36.12868867,TRUE,1.01,0.65,0
0.042425617,73.66563382,36.1182528,FALSE,1.01,0.65,0
0.013932282,73.66534443,36.11300166,FALSE,1.01,0.65,0
0.020109204,73.66336371,36.11413777,FALSE,1.01,0.65,0
0.019217222,73.66319346,36.09376787,FALSE,1.01,0.65,0
0.284196472,73.64579542,36.080091,TRUE,1.01,0.65,0
0.028602217,73.63070177,36.09247835,FALSE,1.01,0.65,0
0.028000151,73.62167915,36.06809251,FALSE,1.01,0.65,0
0.01063494,73.6255316,36.04683798,FALSE,1.01,0.65,0
0.037718093,73.61101668,36.01345437,FALSE,1.01,0.65,0
0.012929044,73.61948953,36.0172506,FALSE,1.01,0.65,0
0.060789934,73.59994896,36.02317657,FALSE,1.01,0.65,0
0.096068975,73.57929833,36.01579636,FALSE,1.01,0.65,0
0.030281416,73.58991336,36.02231085,FALSE,1.01,0.65,0
0.007135033,73.577409,36.02242234,FALSE,1.01,0.65,0
0.032662379,73.57068754,36.02660076,FALSE,1.01,0.65,0
0.193234097,73.59177703,36.03860165,TRUE,1.01,0.65,0
0.012041504,73.57982289,36.04307605,FALSE,1.01,0.65,0
0.018922531,73.57473129,36.05046726,FALSE,1.01,0.65,0
0.01673009,73.57884127,36.0484181,FALSE,1.01,0.65,0
0.001596041,73.5816812,36.04519768,FALSE,1.01,0.65,0
0.028902767,73.58409545,36.03612005,FALSE,1.01,0.65,0
0.023067942,73.51268415,36.04653636,FALSE,1.01,0.65,0
0.011956216,73.516525,36.05736334,FALSE,1.01,0.65,0
0.020468106,73.51814648,36.05510165,FALSE,1.01,0.65,0
0.001896002,73.51980773,36.05525583,FALSE,1.01,0.65,0
0.012033711,73.48177846,36.05183608,FALSE,1.01,0.65,0
0.012209029,73.4799849,36.03705165,FALSE,1.01,0.65,0
0.073155737,73.55937488,35.74282606,FALSE,6.1,1.01,0
0.018306311,73.5507451,35.74842357,FALSE,6.1,1.01,0
0.019924969,73.56641636,35.76784876,FALSE,1.01,0.65,0
0.007341941,73.56845074,35.78518408,FALSE,1.01,0.65,0
0.217860354,73.57153719,35.78218205,TRUE,1.01,0.65,0
0.007410195,73.56566637,35.78892352,FALSE,1.01,0.65,0
0.007553223,73.5764475,35.79875009,FALSE,1.01,0.65,0
0.05071607,73.5996818,35.81608428,FALSE,1.01,0.65,0
0.007268135,73.59779161,35.84518141,FALSE,1.01,0.65,0
0.001440717,73.5989606,35.87819397,FALSE,1.01,0.65,0
0.043075585,73.59883535,35.87634887,FALSE,1.01,0.65,0
0.042835663,73.56668998,35.88599035,FALSE,1.01,0.65,0
0.304415867,73.5763131,35.87991915,TRUE,1.01,0.65,0
0.027193493,73.54432125,35.87221387,FALSE,1.01,0.65,0
0.037980271,73.52494937,35.86075461,FALSE,1.01,0.65,0
0.009487391,73.51884345,35.85908139,FALSE,1.01,0.65,0
0.007659965,73.51689239,35.86021775,FALSE,1.01,0.65,0
0.015894165,73.50686795,35.85758636,FALSE,1.01,0.65,0
0.089099466,73.50392453,35.85130203,FALSE,1.01,0.65,0
0.036014028,73.49726918,35.845582,FALSE,1.01,0.65,0
0.088632686,73.48100719,35.79480756,FALSE,1.01,0.65,0
0.011709279,73.48314685,35.8055808,FALSE,1.01,0.65,0
0.006187205,73.48340362,35.80818621,FALSE,1.01,0.65,0
0.042425862,73.46662954,35.81583876,FALSE,1.01,0.65,0
0.025238118,73.46535678,35.81083641,FALSE,1.01,0.65,0
0.02532962,73.46104037,35.81584738,FALSE,1.01,0.65,0
0.006556933,73.48158171,35.82451176,FALSE,1.01,0.65,0
0.011598029,73.48102804,35.82835046,FALSE,1.01,0.65,0
0.024020911,73.46965347,35.83171315,FALSE,1.01,0.65,0
0.009031049,73.45090382,35.84477624,FALSE,1.01,0.65,0
0.027875925,73.48051766,35.83175184,FALSE,1.01,0.65,0
0.041781238,73.48434187,35.82669863,FALSE,1.01,0.65,0
0.039705066,73.47488493,35.830903,FALSE,1.01,0.65,0
0.009469586,73.45762493,35.83873135,FALSE,1.01,0.65,0
0.008835459,73.54084968,35.8435076,FALSE,1.01,0.65,0
0.016396308,73.52825871,35.84558463,FALSE,1.01,0.65,0
0.011776145,73.5091504,35.87349509,FALSE,1.01,0.65,0
0.038505272,73.49237232,35.86076482,FALSE,1.01,0.65,0
0.026322701,73.48629813,35.87675621,FALSE,1.01,0.65,0
0.049057552,73.48032865,35.87488783,FALSE,1.01,0.65,0
0.052167557,73.47059109,35.88471925,FALSE,1.01,0.65,0
0.014038769,73.51395262,35.88151092,FALSE,1.01,0.65,0
0.009818397,73.51010076,35.88214968,FALSE,1.01,0.65,0
0.0109668,73.49773981,35.88768948,FALSE,1.01,0.65,0
0.012199734,73.50283914,35.89025889,FALSE,1.01,0.65,0
0.011083219,73.50293305,35.88235987,FALSE,1.01,0.65,0
0.181979608,73.56801907,35.90449693,TRUE,1.01,0.65,0
0.033780538,73.55665992,35.9057986,FALSE,1.01,0.65,0
0.044608214,73.55155596,35.90436473,FALSE,1.01,0.65,0
0.013925461,73.55033034,35.88604464,FALSE,1.01,0.65,0
0.023589643,73.54487235,35.89048299,FALSE,1.01,0.65,0
0.045196582,73.53910039,35.89082739,FALSE,1.01,0.65,0
0.072414108,73.58005573,35.92057043,FALSE,1.01,0.65,0
0.01248975,73.62082673,35.91844116,FALSE,1.01,0.65,0
0.014830916,73.58518602,35.9133771,FALSE,1.01,0.65,0
0.03284677,73.54476759,35.92765072,FALSE,1.01,0.65,0
0.048809474,73.54267148,35.91764861,FALSE,1.01,0.65,0
0.008949959,73.54452705,35.92094629,FALSE,1.01,0.65,0
0.011605235,73.40480894,35.94225114,FALSE,-2.53,0.76,0
0.010101031,73.40887753,35.94466038,FALSE,-2.53,0.76,0
0.008531818,73.41975591,35.94642239,FALSE,-2.53,0.76,0
0.015302722,73.47200276,35.92787352,FALSE,1.01,0.65,0
0.078865157,73.47921636,35.92424082,FALSE,1.01,0.65,0
0.073258074,73.48000127,35.91235943,FALSE,1.01,0.65,0
0.030227514,73.49646371,35.90733552,FALSE,1.01,0.65,0
0.006859276,73.49899137,35.89629254,FALSE,1.01,0.65,0
0.008812041,73.46707368,35.9110922,FALSE,1.01,0.65,0
0.025370224,73.47119598,35.9093336,FALSE,1.01,0.65,0
0.098617224,73.470375,35.90279641,FALSE,1.01,0.65,0
0.015106115,73.54690368,35.87475275,FALSE,1.01,0.65,0
0.003147945,73.55422989,35.87290119,FALSE,1.01,0.65,0
0.008164931,73.37557827,35.93877061,FALSE,-2.53,0.76,0
0.011674487,73.38432103,35.93396101,FALSE,-2.53,0.76,0
0.036551896,73.39233575,35.93437366,FALSE,-2.53,0.76,0
0.017445393,73.37560661,35.94870068,FALSE,-2.53,0.76,0
0.01450391,73.37839629,35.95684438,FALSE,-2.53,0.76,0
0.128803003,73.37088398,35.9178616,TRUE,-2.53,0.76,0
0.045477713,73.37961624,35.91161051,FALSE,-2.53,0.76,0
0.003238422,73.37541583,35.89979983,FALSE,-2.53,0.76,0
0.004808774,73.38364615,35.89955027,FALSE,-2.53,0.76,0
0.047131975,73.48076144,35.77677418,FALSE,1.01,0.65,0
0.00346731,73.47731089,35.7705887,FALSE,1.01,0.65,0
0.003800109,73.47923539,35.76936473,FALSE,1.01,0.65,0
0.002492587,73.48192404,35.77123695,FALSE,1.01,0.65,0
0.003338123,73.48445183,35.77044017,FALSE,1.01,0.65,0
0.006498611,73.48086598,35.76734364,FALSE,1.01,0.65,0
0.009983625,73.48268544,35.76681826,FALSE,1.01,0.65,0
0.007875638,73.48049883,35.76532364,FALSE,1.01,0.65,0
0.12021149,73.50705649,35.78343649,TRUE,1.01,0.65,0
0.046145002,73.64735141,36.05162268,FALSE,1.01,0.65,0
0.011883865,73.63053613,36.03030489,FALSE,1.01,0.65,0
0.010212336,73.5163911,36.01491503,FALSE,1.01,0.65,0
0.016071773,73.53520193,36.00992989,FALSE,1.01,0.65,0
0.247829314,73.55734988,36.01069482,TRUE,1.01,0.65,0
0.002189573,73.61431137,35.99967377,FALSE,1.01,0.65,0
0.004673998,73.61398128,36.00215339,FALSE,1.01,0.65,0
0.009389881,73.58609893,35.99460402,FALSE,1.01,0.65,0
0.010556078,73.56494028,36.03733958,FALSE,1.01,0.65,0
0.005568266,73.59477749,36.02535344,FALSE,1.01,0.65,0
0.005967302,73.61249778,36.02166999,FALSE,1.01,0.65,0
0.001548557,73.60032304,36.01743507,FALSE,1.01,0.65,0
0.005467164,73.60614632,36.02498223,FALSE,1.01,0.65,0
0.00290184,73.60407228,36.02396984,FALSE,1.01,0.65,0
0.000841624,73.52026182,36.04007619,FALSE,1.01,0.65,0
0.00317429,73.52171648,36.04225897,FALSE,1.01,0.65,0
0.008112325,73.55578485,36.0688714,FALSE,1.01,0.65,0
0.047687063,73.54862716,36.06878656,FALSE,1.01,0.65,0
0.027652933,73.55209607,36.06409927,FALSE,1.01,0.65,0
0.013439887,73.5192032,36.07210598,FALSE,1.01,0.65,0
0.010388304,73.43237107,36.05109853,FALSE,-2.53,0.76,0
0.004606345,73.45582641,36.05195351,FALSE,1.01,0.65,0
0.002132375,73.44276953,36.10229662,FALSE,1.01,0.65,1
0.012332226,73.4489821,36.10466802,FALSE,1.01,0.65,1
0.022348214,73.54706321,36.04435399,FALSE,1.01,0.65,0
0.013246469,73.55297724,36.04799348,FALSE,1.01,0.65,0
0.048800834,73.52082765,35.95079417,FALSE,1.01,0.65,0
0.019094228,73.58915364,35.9305453,FALSE,1.01,0.65,0
0.009754842,73.58351669,35.93055343,FALSE,1.01,0.65,0
0.025049406,73.57765852,35.92882371,FALSE,1.01,0.65,0
0.053367339,73.58328698,35.94948855,FALSE,1.01,0.65,0
0.039084794,73.58276707,35.95553808,FALSE,1.01,0.65,0
0.011372569,73.54424473,35.73506886,FALSE,6.1,1.01,0
0.023366637,73.40078468,35.92324718,FALSE,-2.53,0.76,0
0.204127198,73.39702235,35.96226173,TRUE,-2.53,0.76,0
0.020508107,73.38522589,35.97007218,FALSE,-2.53,0.76,0
0.013380194,73.42688413,35.97405888,FALSE,-2.53,0.76,0
0.013056899,73.43362639,35.96379037,FALSE,-2.53,0.76,0
0.005969562,73.44713358,35.96112065,FALSE,1.01,0.65,0
0.001636092,73.44552151,35.96012756,FALSE,1.01,0.65,0
0.00134628,73.44419613,35.96732095,FALSE,1.01,0.65,0
0.019711484,73.39025861,35.9769716,FALSE,-2.53,0.76,0
0.002717394,73.38692894,35.97529444,FALSE,-2.53,0.76,0
0.001378731,73.5049435,36.07305101,FALSE,1.01,0.65,0
0.214031449,73.26530645,35.65272554,TRUE,4.27,1.28,0
0.005674495,73.26851307,35.65044739,FALSE,4.27,1.28,0
0.278113338,73.25536214,35.73827051,TRUE,4.27,1.28,0
0.010707722,73.25064742,35.74872233,FALSE,4.27,1.28,0
0.067604378,73.25640395,35.74693938,FALSE,4.27,1.28,0
0.144087817,73.2972139,35.81709046,TRUE,-2.53,0.76,0
0.027788698,73.25910453,35.83230578,FALSE,-2.53,0.76,0
0.015159336,73.27982497,35.85679623,FALSE,-2.53,0.76,0
0.076625362,73.29950427,35.85961223,FALSE,-2.53,0.76,0
0.047118991,73.28805773,35.86090655,FALSE,-2.53,0.76,0
0.038995449,73.28118541,35.86313291,FALSE,-2.53,0.76,0
0.056022632,73.27492451,35.86349923,FALSE,-2.53,0.76,0
0.01930207,73.26417816,35.86583475,FALSE,-2.53,0.76,0
0.04156199,73.27267745,35.87803839,FALSE,-2.53,0.76,0
0.011147972,73.28765678,35.879352,FALSE,-2.53,0.76,0
0.001828229,73.28154204,35.87840081,FALSE,-2.53,0.76,0
0.061786673,73.35627903,35.91561852,FALSE,-2.53,0.76,0
0.114315263,73.34211392,35.92498129,FALSE,-2.53,0.76,0
0.012481936,73.34062304,35.92963988,FALSE,-2.53,0.76,0
0.038047436,73.34413834,35.93221594,FALSE,-2.53,0.76,0
0.018496891,73.33183089,35.93358414,FALSE,-2.53,0.76,0
0.015231488,73.3548479,35.94110344,FALSE,-2.53,0.76,0
0.024680094,73.34995985,35.94991628,FALSE,-2.53,0.76,0
0.073130156,73.34925776,35.95374482,FALSE,-2.53,0.76,0
0.001600615,73.34118699,35.95096755,FALSE,-2.53,0.76,0
0.001050974,73.34190716,35.95029413,FALSE,-2.53,0.76,0
0.00283108,73.33825284,35.96581671,FALSE,-2.53,0.76,0
0.067319544,73.28974161,35.93441295,FALSE,-2.53,0.76,0
0.072072634,73.29821937,35.9338062,FALSE,-2.53,0.76,0
0.016796267,73.30734487,35.93832335,FALSE,-2.53,0.76,0
0.003131268,73.31012456,35.9430535,FALSE,-2.53,0.76,0
0.371760636,73.29072277,35.94563583,TRUE,-2.53,0.76,0
0.175181905,73.28433442,35.95699101,TRUE,-2.53,0.76,0
0.014642098,73.30465994,35.95107296,FALSE,-2.53,0.76,0
0.021271601,73.31611026,35.95749326,FALSE,-2.53,0.76,0
0.030437174,73.3127892,35.96638076,FALSE,-2.53,0.76,0
0.019173271,73.31982437,35.98997613,FALSE,-2.53,0.76,0
0.002440052,73.31904389,35.98768227,FALSE,-2.53,0.76,0
0.00959608,73.30589183,35.98412732,FALSE,-2.53,0.76,0
0.009982721,73.31140823,35.9805925,FALSE,-2.53,0.76,0
0.022905303,73.31359976,35.97882567,FALSE,-2.53,0.76,0
0.015044788,73.31157173,35.9778812,FALSE,-2.53,0.76,0
0.03829353,73.33826231,35.97227775,FALSE,-2.53,0.76,0
0.013686642,73.31560659,35.9461968,FALSE,-2.53,0.76,0
0.035678394,73.31780906,35.94856838,FALSE,-2.53,0.76,0
0.001836523,73.33604123,35.95447637,FALSE,-2.53,0.76,0
0.009784327,73.29173359,35.97028988,FALSE,-2.53,0.76,0
0.019425549,73.29634787,35.97129978,FALSE,-2.53,0.76,0
0.005025122,73.34529517,35.98543583,FALSE,-2.53,0.76,0
0.032149179,73.33878359,35.99582579,FALSE,-2.53,0.76,0
0.104707007,73.31294933,35.98679324,FALSE,-2.53,0.76,0
0.132734966,73.31224659,35.99977097,TRUE,-2.53,0.76,0
0.008873138,73.31061361,36.00236108,FALSE,-2.53,0.76,0
0.055440567,73.30333044,36.00635585,FALSE,-2.53,0.76,0
0.011741477,73.33391572,36.01324068,FALSE,-2.53,0.76,0
0.007245611,73.33566415,36.01317613,FALSE,-2.53,0.76,0
0.094497757,73.32748211,36.02378022,FALSE,-2.53,0.76,0
0.037578156,73.30632396,36.01795977,FALSE,-2.53,0.76,0
0.071967655,73.31588824,36.04264797,FALSE,-2.53,0.76,0
0.005604132,73.33210791,36.02550424,FALSE,-2.53,0.76,0
0.026511366,73.41563294,36.12607492,FALSE,-2.53,0.76,1
0.003294997,73.40713319,36.13235919,FALSE,-2.53,0.76,1
0.004577625,73.38964489,36.13601926,FALSE,-2.53,0.76,1
0.002746041,73.39022284,36.13796011,FALSE,-2.53,0.76,1
0.046413532,73.38096854,36.1391807,FALSE,-2.53,0.76,1
0.114065816,73.38231419,36.13257253,FALSE,-2.53,0.76,1
0.119647112,73.38566799,36.12870026,TRUE,-2.53,0.76,1
0.010608093,73.40488471,36.15809685,FALSE,-2.53,0.76,1
0.054628967,73.38207196,36.17074822,FALSE,-2.53,0.76,1
0.002953813,73.38593679,36.17260269,FALSE,-2.53,0.76,1
0.019235089,73.38901814,36.17540528,FALSE,-2.53,0.76,1
0.006229173,73.36035482,36.17989639,FALSE,-2.53,0.76,1
0.031046776,73.35944595,36.18819947,FALSE,-2.53,0.76,1
0.004632214,72.65478927,36.27029196,FALSE,-3.05,0.57,0
0.001210272,72.65647295,36.26795813,FALSE,-3.05,0.57,0
0.000440316,72.65053913,36.26868312,FALSE,-3.05,0.57,0
0.019075699,72.77657744,35.53774672,FALSE,0.55,1.36,0
0.071311606,72.7722504,35.55212881,FALSE,0.55,1.36,0
0.005717729,72.77149309,35.5552466,FALSE,0.55,1.36,0
0.015848871,72.78996955,35.5562275,FALSE,0.55,1.36,0
0.008609084,72.7548797,35.55682182,FALSE,0.55,1.36,0
0.028338324,72.76903535,35.57550028,FALSE,0.55,1.36,0
0.008914174,72.80206296,35.58572901,FALSE,0.55,1.36,0
0.011830738,72.82387736,35.58880834,FALSE,4.27,1.28,0
0.007578942,72.80799123,35.59370435,FALSE,0.55,1.36,0
0.073843999,72.84743159,35.60077423,FALSE,4.27,1.28,0
0.024316577,72.81013492,35.60894237,FALSE,0.55,1.36,0
0.003257993,72.78820695,35.59625401,FALSE,0.55,1.36,0
0.028323592,72.80977377,35.6142226,FALSE,0.55,1.36,0
0.010355342,72.83648217,35.61827651,FALSE,4.27,1.28,0
0.007477676,72.8069404,35.62501726,FALSE,0.55,1.36,0
0.014949329,72.79425262,35.63079428,FALSE,0.55,1.36,0
0.003324028,72.79646524,35.62963512,FALSE,0.55,1.36,0
0.018177818,72.7941883,35.62907131,FALSE,0.55,1.36,0
0.282657994,72.79816642,35.62388842,TRUE,0.55,1.36,0
0.010912585,72.83389133,35.64226755,FALSE,4.27,1.28,0
0.02392341,72.85929441,35.64541438,FALSE,4.27,1.28,0
0.007961173,72.85882693,35.64192999,FALSE,4.27,1.28,0
0.231290021,72.8272924,35.61268075,TRUE,4.27,1.28,0
0.03683691,72.82172136,35.66114701,FALSE,4.27,1.28,0
0.006765106,72.811236,35.65314457,FALSE,0.55,1.36,0
0.671743611,73.36477585,35.94507597,TRUE,-2.53,0.76,0
0.110123415,73.2737681,35.92554156,FALSE,-2.53,0.76,0
0.004753472,73.2552434,35.91466483,FALSE,-2.53,0.76,0
0.027286726,73.35817782,35.90754175,FALSE,-2.53,0.76,0
0.001955496,73.37357044,35.91553665,FALSE,-2.53,0.76,0
0.018633945,73.2670748,35.89240373,FALSE,-2.53,0.76,0
0.024823468,72.3703854,35.27250797,FALSE,0.55,1.36,0
0.026937992,72.37275735,35.27355718,FALSE,0.55,1.36,0
0.186129712,72.45195909,35.43372769,TRUE,0.55,1.36,0
0.030258793,72.55576056,36.082918,FALSE,-2.76,0.9,0
0.001424958,73.11480319,35.66768067,FALSE,4.27,1.28,0
0.002696216,73.10045292,35.66874577,FALSE,4.27,1.28,0
0.003432337,73.20740238,35.84335001,FALSE,-2.53,0.76,0
0.001731927,73.18284037,35.8603514,FALSE,-2.53,0.76,0
0.00376706,73.03627325,35.91428644,FALSE,-2.53,0.76,0
0.003059037,73.03945688,35.91140839,FALSE,-2.53,0.76,0
0.021302389,73.01586058,35.93584527,FALSE,-2.53,0.76,0
0.0104163,73.03143259,35.9996117,FALSE,-2.53,0.76,0
0.002659299,73.03520417,35.99986468,FALSE,-2.53,0.76,0
0.004652282,73.14787513,35.90813442,FALSE,-2.53,0.76,0
0.003885764,73.14552586,35.90968503,FALSE,-2.53,0.76,0
0.001011708,73.14380484,35.90987721,FALSE,-2.53,0.76,0
0.001668889,73.14694064,35.91202652,FALSE,-2.53,0.76,0
0.005091957,73.15241924,35.9151602,FALSE,-2.53,0.76,0
0.008451773,73.16435704,35.91054131,FALSE,-2.53,0.76,0
0.003205761,73.16820507,35.93313201,FALSE,-2.53,0.76,0
0.005536327,73.17493857,35.95364208,FALSE,-2.53,0.76,0
0.002769243,73.17236111,35.96530905,FALSE,-2.53,0.76,0
0.00346971,73.1712633,35.96578887,FALSE,-2.53,0.76,0
0.001796162,73.18989688,35.94029339,FALSE,-2.53,0.76,0
0.010999083,73.19156632,35.94001355,FALSE,-2.53,0.76,0
0.009296131,73.24990788,35.95934137,FALSE,-2.53,0.76,0
0.003066812,73.25054441,35.95851584,FALSE,-2.53,0.76,0
0.004326232,73.25791203,35.95963245,FALSE,-2.53,0.76,0
0.000651968,73.25684018,35.96069686,FALSE,-2.53,0.76,0
0.026713243,73.24879954,35.95665122,FALSE,-2.53,0.76,0
0.002587167,73.25889127,35.99229693,FALSE,-2.53,0.76,0
0.009429286,73.21868616,36.04433628,FALSE,-2.53,0.76,1
0.005914209,73.19784958,36.03458843,FALSE,-2.53,0.76,1
0.003714603,73.19890319,36.07279861,FALSE,-2.53,0.76,1
0.007521244,73.07200368,36.10259439,FALSE,-2.53,0.76,0
0.006984125,73.07923825,36.08824756,FALSE,-2.53,0.76,0
0.002247973,73.08752289,36.0817347,FALSE,-2.53,0.76,0
0.00398827,73.29815461,36.31911917,FALSE,-2.91,0.48,0
0.004123334,73.18241085,36.23581753,FALSE,-2.53,0.76,0
0.00935009,73.26347875,36.3013186,FALSE,-2.91,0.48,0
0.002314353,73.07020141,36.24691379,FALSE,-2.53,0.76,0
0.004637149,73.07221933,36.24578038,FALSE,-2.53,0.76,0
0.004813839,73.07447968,36.24969767,FALSE,-2.53,0.76,0
0.005774098,73.13229407,36.24863805,FALSE,-2.53,0.76,0
0.002447598,73.145308,36.27328158,FALSE,-2.91,0.48,0
0.002887178,73.1588148,36.28443096,FALSE,-2.91,0.48,0
0.002935253,73.17233811,36.2925205,FALSE,-2.91,0.48,0
0.001500381,73.14308996,36.29495517,FALSE,-2.91,0.48,0
0.009984685,72.76212771,35.8060593,FALSE,-2.76,0.9,0
0.009586301,72.77649296,35.81820773,FALSE,-2.76,0.9,0
0.007193974,72.88017481,36.04870024,FALSE,-2.53,0.76,0
0.003471878,72.88330061,36.05006858,FALSE,-2.53,0.76,0
0.001476239,72.88340938,36.05094645,FALSE,-2.53,0.76,0
0.000950836,72.89122925,36.01392178,FALSE,-2.53,0.76,0
0.001063276,72.89136821,36.01321247,FALSE,-2.53,0.76,0
0.005205088,72.96504112,36.17117354,FALSE,-2.53,0.76,0
0.13016246,72.94710557,36.17283536,TRUE,-2.53,0.76,0
0.006844544,73.03501105,36.25648166,FALSE,-2.91,0.48,0
0.02192537,73.06006083,36.26435421,FALSE,-2.91,0.48,0
0.003928208,73.61527083,35.80772856,FALSE,1.01,0.65,0
0.015265379,73.81566482,35.92871775,FALSE,1.01,0.65,0
0.008444453,73.78352938,36.0328322,FALSE,1.01,0.65,0
0.035812326,73.78293521,36.03613928,FALSE,1.01,0.65,0
0.033486399,74.20681198,35.66888569,FALSE,5.99,1.02,0
0.018383464,74.2116084,35.67576523,FALSE,5.99,1.02,0
0.000814382,73.95287268,35.87662642,FALSE,1.01,0.65,0
0.040330075,74.00888747,35.92421727,FALSE,1.01,0.65,0
0.017001707,74.00387418,35.93196246,FALSE,1.01,0.65,0
0.031832622,73.9887835,35.93063634,FALSE,1.01,0.65,0
0.035143958,73.99137492,35.93444807,FALSE,1.01,0.65,0
0.02128579,74.01252504,35.94973646,FALSE,1.01,0.65,0
0.042782833,74.00505976,35.96049865,FALSE,1.01,0.65,0
0.153051928,74.01876439,35.96220219,TRUE,1.01,0.65,0
0.055265719,73.98336926,35.96069406,FALSE,1.01,0.65,0
0.028543818,73.99277694,35.94395817,FALSE,1.01,0.65,0
0.006806183,73.99646425,35.94447619,FALSE,1.01,0.65,0
0.014800048,73.92431541,35.94982022,FALSE,1.01,0.65,0
0.02247452,73.93185236,35.9683664,FALSE,1.01,0.65,0
0.013665392,73.92666277,35.97354991,FALSE,1.01,0.65,0
0.015176124,74.01598034,35.96615809,FALSE,1.01,0.65,0
0.002868428,73.5762894,35.79579311,FALSE,1.01,0.65,0
0.003909103,73.61700688,35.9103166,FALSE,1.01,0.65,0
0.006839619,73.54836765,35.91434647,FALSE,1.01,0.65,0
0.002618167,73.55993881,35.93803156,FALSE,1.01,0.65,0
0.003946113,73.56294505,35.93687351,FALSE,1.01,0.65,0
0.003372724,73.57208631,35.94464133,FALSE,1.01,0.65,0
0.003269516,73.5673937,36.01828298,FALSE,1.01,0.65,0
0.003581492,73.63389777,36.01884771,FALSE,1.01,0.65,0
0.003985935,73.63381676,36.08229004,FALSE,1.01,0.65,0
0.002086953,73.54593082,36.32558141,FALSE,-0.87,0.45,0
0.002094586,73.56708147,36.34505678,FALSE,-0.87,0.45,0
0.003756353,72.76565922,35.65251816,FALSE,0.55,1.36,0
0.004731373,72.76640246,35.65323339,FALSE,0.55,1.36,0
0.001778168,72.78374365,35.65215841,FALSE,0.55,1.36,0
0.004622726,72.75671591,35.53495694,FALSE,0.55,1.36,0
0.008347166,72.03474143,35.84102674,FALSE,-0.61,0.98,0
0.000608036,72.29550743,35.30125044,FALSE,0.55,1.36,0
0.009988202,72.2996055,35.29566167,FALSE,0.55,1.36,0
0.000169495,72.29862017,35.29683662,FALSE,0.55,1.36,0
0.003623463,72.30101822,35.2936116,FALSE,0.55,1.36,0
0.007024786,72.28502141,35.28786283,FALSE,0.55,1.36,0
0.00558782,72.28933375,35.27139521,FALSE,0.55,1.36,0
0.014422477,72.27765466,35.27247677,FALSE,0.55,1.36,0
0.004847309,72.27231724,35.23257693,FALSE,11.82,1.87,0
0.00110197,72.33331679,35.20217125,FALSE,11.82,1.87,0
0.001440898,72.37854618,35.22141969,FALSE,11.82,1.87,0
0.004870145,72.37780244,35.28091092,FALSE,0.55,1.36,0
0.003460631,72.31894877,35.26929829,FALSE,0.55,1.36,0
0.002970603,72.36179262,35.2809196,FALSE,0.55,1.36,0
0.047332228,72.36570102,35.28886591,FALSE,0.55,1.36,0
0.012633276,72.35031449,35.30182659,FALSE,0.55,1.36,0
0.024934856,72.3564778,35.3033717,FALSE,0.55,1.36,0
0.011936308,72.35413555,35.3088809,FALSE,0.55,1.36,0
0.001415204,72.3399756,35.33188597,FALSE,0.55,1.36,0
0.014234656,72.39013464,35.33365641,FALSE,0.55,1.36,0
0.003286152,72.3360131,35.3367497,FALSE,0.55,1.36,0
0.001473009,72.37593665,35.35455768,FALSE,0.55,1.36,0
0.087891922,72.37871296,35.35612852,FALSE,0.55,1.36,0
0.005713258,72.39424178,35.33955441,FALSE,0.55,1.36,0
0.036619335,72.39238064,35.33692313,FALSE,0.55,1.36,0
0.004023551,72.37578144,35.40400306,FALSE,0.55,1.36,0
0.001004013,72.37651583,35.40471761,FALSE,0.55,1.36,0
0.184305767,72.3771493,35.3996515,TRUE,0.55,1.36,0
0.002512901,72.42340857,35.88200948,FALSE,-2.76,0.9,0
0.000962835,72.41342768,35.90389149,FALSE,-2.76,0.9,0
0.00675552,72.50577004,35.35316215,FALSE,0.55,1.36,0
0.001818785,72.49606318,35.35382404,FALSE,0.55,1.36,0
0.011308534,72.4697071,35.35660072,FALSE,0.55,1.36,0
0.004851982,72.46923316,35.35451502,FALSE,0.55,1.36,0
0.032043493,72.44841045,35.35174994,FALSE,0.55,1.36,0
0.002300254,72.41363747,35.34812198,FALSE,0.55,1.36,0
0.021735329,72.41484599,35.3520757,FALSE,0.55,1.36,0
0.003379803,72.42428569,35.35991049,FALSE,0.55,1.36,0
0.05416851,72.43053013,35.37850231,FALSE,0.55,1.36,0
0.000321112,72.43359391,35.38027922,FALSE,0.55,1.36,0
0.000883058,72.43205596,35.37993146,FALSE,0.55,1.36,0
0.002269873,72.4242014,35.37605481,FALSE,0.55,1.36,0
0.000876982,72.41963567,35.37210989,FALSE,0.55,1.36,0
0.00251973,72.41866217,35.37236329,FALSE,0.55,1.36,0
0.003512634,72.41682634,35.37099579,FALSE,0.55,1.36,0
0.037329805,72.41438687,35.36763875,FALSE,0.55,1.36,0
0.040450716,72.41301099,35.36280606,FALSE,0.55,1.36,0
0.020091819,72.50784036,35.41006916,FALSE,0.55,1.36,0
0.153479228,72.49673111,35.33193296,TRUE,0.55,1.36,0
0.013307874,72.52875221,35.35935366,FALSE,0.55,1.36,0
0.002807983,72.46799275,35.36334763,FALSE,0.55,1.36,0
0.001806928,72.46115143,35.36949547,FALSE,0.55,1.36,0
0.022876081,72.46459068,35.36683454,FALSE,0.55,1.36,0
0.015518896,72.48124319,35.65403462,FALSE,0.55,1.36,0
0.083087918,72.48644216,35.69796414,FALSE,0.55,1.36,0
0.005714946,72.45932344,35.79652721,FALSE,-2.76,0.9,0
0.094444462,72.4653903,35.80712691,FALSE,-2.76,0.9,0
0.000190054,72.45273605,35.7952928,FALSE,-2.76,0.9,0
0.00042236,72.45176471,35.79375006,FALSE,-2.76,0.9,0
0.002603156,72.45093226,35.79361324,FALSE,-2.76,0.9,0
0.014967005,72.45050789,35.79431491,FALSE,-2.76,0.9,0
7.39E-05,72.44965307,35.79469003,FALSE,-2.76,0.9,0
0.000801266,72.47594335,35.82797832,FALSE,-2.76,0.9,0
0.012940647,72.47688241,35.8273989,FALSE,-2.76,0.9,0
0.000823974,72.47551611,35.82626968,FALSE,-2.76,0.9,0
0.053140164,72.47697323,35.83323271,FALSE,-2.76,0.9,0
0.003991951,72.47511801,35.83239674,FALSE,-2.76,0.9,0
0.001617328,72.43370643,35.77516455,FALSE,-2.76,0.9,0
0.006414313,72.46516283,35.78308697,FALSE,-2.76,0.9,0
0.000297247,72.46453937,35.7830373,FALSE,-2.76,0.9,0
0.007768638,72.4653646,35.78070433,FALSE,-2.76,0.9,0
0.043732518,72.46929578,35.78431624,FALSE,-2.76,0.9,0
0.000609264,72.46824164,35.7835888,FALSE,-2.76,0.9,0
0.002191224,72.46917861,35.78581884,FALSE,-2.76,0.9,0
0.000365438,72.46992196,35.78607572,FALSE,-2.76,0.9,0
0.000964045,72.46985216,35.78630293,FALSE,-2.76,0.9,0
0.005966037,72.5347876,35.86204817,FALSE,-2.76,0.9,0
0.001954835,72.53662857,35.83517307,FALSE,-2.76,0.9,0
0.022593931,72.53499346,35.83642764,FALSE,-2.76,0.9,0
0.005247011,72.53302447,35.83555915,FALSE,-2.76,0.9,0
0.00071114,72.5337251,35.83465113,FALSE,-2.76,0.9,0
0.03876081,72.5220123,35.84991903,FALSE,-2.76,0.9,0
0.015188586,72.58092636,35.9051928,FALSE,-2.76,0.9,0
0.000727098,72.54526238,35.90556124,FALSE,-2.76,0.9,0
0.00273224,72.54421375,35.90467448,FALSE,-2.76,0.9,0
0.000721434,72.56438727,35.91991472,FALSE,-2.76,0.9,0
0.005194227,72.56276893,35.91909036,FALSE,-2.76,0.9,0
0.000591747,72.56469216,35.91758062,FALSE,-2.76,0.9,0
0.000163672,72.56483601,35.91786864,FALSE,-2.76,0.9,0
0.000899717,72.56437594,35.91790528,FALSE,-2.76,0.9,0
0.000234484,72.56357872,35.91664579,FALSE,-2.76,0.9,0
0.001559072,72.56402893,35.91628926,FALSE,-2.76,0.9,0
0.00320813,72.53169523,35.96818181,FALSE,-2.76,0.9,0
0.011479362,72.53455821,35.86490255,FALSE,-2.76,0.9,0
0.005974234,72.5325783,35.86430627,FALSE,-2.76,0.9,0
0.011562121,72.59974774,35.78990367,FALSE,-2.76,0.9,0
0.007607794,72.59485294,35.63416339,FALSE,0.55,1.36,0
0.008816778,72.55236539,35.61007819,FALSE,0.55,1.36,0
0.002527557,72.60349537,35.64085595,FALSE,0.55,1.36,0
0.001186241,72.61143514,35.65558227,FALSE,0.55,1.36,0
0.065735401,72.61431309,35.65601704,FALSE,0.55,1.36,0
0.004546233,72.72842367,35.81055444,FALSE,-2.76,0.9,0
0.001580688,72.82416918,35.82009106,FALSE,-2.53,0.76,0
0.026319521,72.82290978,35.81942338,FALSE,-2.53,0.76,0
0.002921513,72.83055304,35.608687,FALSE,4.27,1.28,0
0.002550497,72.81443796,35.63506891,FALSE,4.27,1.28,0
0.004836056,72.83588384,35.63711788,FALSE,4.27,1.28,0
0.000798928,72.78967154,35.89141525,FALSE,-2.76,0.9,0
0.004721182,72.79064199,35.8896857,FALSE,-2.76,0.9,0
0.000334766,72.78900259,35.89024879,FALSE,-2.76,0.9,0
6.13E-05,72.78878693,35.89052733,FALSE,-2.76,0.9,0
0.003213555,72.79582989,35.88054943,FALSE,-2.76,0.9,0
0.006287718,72.78134713,35.93996364,FALSE,-2.76,0.9,0
0.002878053,72.82422626,36.00794554,FALSE,-2.53,0.76,0
0.004688293,72.82448174,36.00622863,FALSE,-2.53,0.76,0
0.001142517,72.82364149,36.00523015,FALSE,-2.53,0.76,0
0.000332703,72.82295709,36.00666775,FALSE,-2.53,0.76,0
0.000403439,72.8229134,36.0071452,FALSE,-2.53,0.76,0
0.023541948,72.80644222,36.18272247,FALSE,-2.76,0.9,0
0.000360545,72.80470537,36.18396552,FALSE,-2.76,0.9,0
0.000696649,72.80670712,36.18391331,FALSE,-2.76,0.9,0
0.007985717,72.82937292,36.18126448,FALSE,-2.53,0.76,0
0.052144106,72.79986738,36.18002013,FALSE,-2.76,0.9,0
0.043350703,74.22638684,35.69031903,FALSE,5.99,1.02,0
0.04241959,74.22856647,35.68624582,FALSE,5.99,1.02,0
0.001019406,74.22663876,35.68596602,FALSE,5.99,1.02,0
0.004751531,74.17052698,35.6542463,FALSE,5.99,1.02,0
0.001730714,74.18409853,35.71524103,FALSE,5.99,1.02,0
0.026331102,74.17997965,35.71505302,FALSE,5.99,1.02,0
0.006236598,74.14576269,35.71463223,FALSE,5.99,1.02,0
0.02171251,74.16525695,35.72301356,FALSE,5.99,1.02,0
0.037855296,74.16582932,35.71918621,FALSE,5.99,1.02,0
0.008986239,74.19302362,35.74139077,FALSE,5.99,1.02,0
0.024841735,74.164493,35.74678023,FALSE,5.99,1.02,0
0.001041926,74.15012084,35.72855196,FALSE,5.99,1.02,0
0.000963203,74.18066011,35.7441393,FALSE,5.99,1.02,0
0.002407396,74.12234137,35.72711661,FALSE,5.99,1.02,0
0.001656027,74.09769783,35.7187432,FALSE,5.99,1.02,0
0.012806593,74.0961118,35.71777562,FALSE,5.99,1.02,0
0.002403404,74.09253416,35.71581017,FALSE,5.99,1.02,0
0.039450164,74.09029783,35.72609481,FALSE,5.99,1.02,0
0.001428016,74.08727274,35.72392204,FALSE,5.99,1.02,0
0.012841868,74.06048198,35.73184754,FALSE,6.1,1.01,0
0.004569468,74.05762033,35.73543171,FALSE,6.1,1.01,0
0.001244523,74.1007963,35.72889629,FALSE,5.99,1.02,0
0.005319719,74.08009519,35.75638152,FALSE,1.74,0.72,0
0.009955613,74.06925425,35.75735201,FALSE,1.74,0.72,0
0.001628431,74.07322989,35.74904416,FALSE,5.99,1.02,0
0.009218329,74.22486234,35.83795076,FALSE,1.74,0.72,0
0.002752996,74.25377785,35.83057676,FALSE,1.74,0.72,0
0.003053544,74.25320596,35.83098416,FALSE,1.74,0.72,0
0.000140598,74.25329611,35.82998291,FALSE,1.74,0.72,0
0.005930487,74.25341888,35.82868459,FALSE,1.74,0.72,0
0.004252545,74.23445089,35.78732324,FALSE,1.74,0.72,0
0.004420865,74.20072838,35.80280758,FALSE,1.74,0.72,0
0.004056889,74.18262998,35.76561739,FALSE,1.74,0.72,0
0.001973058,74.20643622,35.79584801,FALSE,1.74,0.72,0
0.001737341,74.17508908,35.76850343,FALSE,1.74,0.72,0
0.002120926,74.1488282,35.79433212,FALSE,1.74,0.72,0
0.021723925,74.21312033,35.81823187,FALSE,1.74,0.72,0
0.009028905,73.94778601,35.88810541,FALSE,1.01,0.65,0
0.04730771,73.98004151,35.9486629,FALSE,1.01,0.65,0
0.003962072,73.98196291,35.94307015,FALSE,1.01,0.65,0
0.00815811,73.98093736,35.94486124,FALSE,1.01,0.65,0
0.189685965,73.98506956,35.93921652,TRUE,1.01,0.65,0
0.01877066,74.0029747,35.96543735,FALSE,1.01,0.65,0
0.086188335,74.00462927,35.97019534,FALSE,1.01,0.65,0
0.047727712,74.00343194,35.98191452,FALSE,1.01,0.65,0
0.073408894,73.99385719,35.97445471,FALSE,1.01,0.65,0
0.0030448,73.99106296,35.97170378,FALSE,1.01,0.65,0
0.003216732,73.99234542,35.97174535,FALSE,1.01,0.65,0
0.009595218,73.67435699,36.07342968,FALSE,1.01,0.65,0
0.005750041,73.66999768,36.07215051,FALSE,1.01,0.65,0
0.008078248,73.6726199,36.06017725,FALSE,1.01,0.65,0
0.032761159,73.65425465,36.02263613,FALSE,1.01,0.65,0
0.001351368,73.64547604,36.0221619,FALSE,1.01,0.65,0
0.032039904,73.64682652,36.0216617,FALSE,1.01,0.65,0
0.010402111,73.20456173,35.65170791,FALSE,4.27,1.28,1
0.029088203,73.20248442,35.6517642,FALSE,4.27,1.28,1
0.007139234,73.19644801,35.65809733,FALSE,4.27,1.28,1
0.004101452,73.19602192,35.65923136,FALSE,4.27,1.28,1
0.001568911,73.08810595,35.98045679,FALSE,-2.53,0.76,0
0.002574923,73.08279051,35.98013305,FALSE,-2.53,0.76,0
0.000283605,73.08102975,35.98010752,FALSE,-2.53,0.76,0
0.001183854,73.08209323,35.98223851,FALSE,-2.53,0.76,0
0.000265396,73.08193812,35.98084772,FALSE,-2.53,0.76,0
0.000343015,73.08217091,35.9810796,FALSE,-2.53,0.76,0
0.000562643,73.08316378,35.97779945,FALSE,-2.53,0.76,0
0.003569955,73.1016226,35.92424897,FALSE,-2.53,0.76,0
0.004628349,73.09562728,35.87582427,FALSE,-2.53,0.76,0
0.002253581,73.03189644,35.84786302,FALSE,-2.53,0.76,0
0.001091907,73.02997212,35.84774499,FALSE,-2.53,0.76,0
0.001145313,73.02643455,35.84479218,FALSE,-2.53,0.76,0
0.005862359,73.02359814,35.82766069,FALSE,-2.53,0.76,0
0.001940539,73.00468968,35.81430781,FALSE,-2.53,0.76,0
0.001976575,72.99014951,35.79793371,FALSE,-2.53,0.76,0
0.032959354,72.99793884,35.84331738,FALSE,-2.53,0.76,0
0.003400399,72.99599205,35.84464757,FALSE,-2.53,0.76,0
0.009539226,72.99505743,35.84100036,FALSE,-2.53,0.76,0
0.003887216,72.99473622,35.84249172,FALSE,-2.53,0.76,0
0.000815508,73.07935424,35.8745992,FALSE,-2.53,0.76,0
0.001324649,73.03881805,35.94320771,FALSE,-2.53,0.76,0
0.006047761,73.03748885,35.94225516,FALSE,-2.53,0.76,0
0.000597455,73.02041523,35.96324228,FALSE,-2.53,0.76,0
0.002085915,73.02070106,35.96532919,FALSE,-2.53,0.76,0
0.004921234,73.15397694,36.06928215,FALSE,-2.53,0.76,0
0.001603896,73.19551213,36.23934841,FALSE,-2.53,0.76,0
0.001014853,73.15928383,36.28054949,FALSE,-2.91,0.48,0
0.03033448,76.06760658,35.30553577,FALSE,-5.92,0.8,0
0.007454063,76.02795549,35.3206653,FALSE,-5.92,0.8,0
0.009557099,76.52567651,35.47701792,FALSE,-5.92,0.8,0
0.001109991,76.52328414,35.47855588,FALSE,-5.92,0.8,0
0.000795075,76.52435402,35.4795095,FALSE,-5.92,0.8,0
0.001616504,76.53987789,35.48331113,FALSE,-5.92,0.8,0
0.007437046,76.64736,35.41370069,FALSE,-12.07,0.63,0
0.001631355,76.64614749,35.41411814,FALSE,-12.07,0.63,0
0.000561267,76.64954952,35.41473317,FALSE,-12.07,0.63,0
0.005842485,76.65099733,35.42354985,FALSE,-12.07,0.63,0
0.001404417,76.64921213,35.42501682,FALSE,-12.07,0.63,0
0.000904877,76.6495713,35.42673696,FALSE,-12.07,0.63,0
0.001005139,76.65399512,35.42326245,FALSE,-12.07,0.63,0
0.004074733,76.65948412,35.42254185,FALSE,-12.07,0.63,0
0.001511765,76.64251225,35.41698963,FALSE,-12.07,0.63,0
0.001595702,76.65896076,35.4469579,FALSE,-12.07,0.63,0
0.000887679,76.65669857,35.44623886,FALSE,-12.07,0.63,0
0.002321948,76.65144459,35.44862843,FALSE,-12.07,0.63,0
0.000510262,76.65211634,35.44823726,FALSE,-12.07,0.63,0
0.002062092,76.65078489,35.45105614,FALSE,-12.07,0.63,0
0.000135496,76.64886496,35.45031617,FALSE,-12.07,0.63,0
0.001465038,76.66434138,35.43365147,FALSE,-12.07,0.63,0
0.006852026,76.74272071,35.4057687,FALSE,-12.07,0.63,0
0.001070716,76.74326325,35.40612667,FALSE,-12.07,0.63,0
0.002739557,76.70252203,35.46791859,FALSE,-12.07,0.63,0
0.000397223,76.68726965,35.4456573,FALSE,-12.07,0.63,0
0.001294001,76.69836101,35.48211259,FALSE,-12.07,0.63,0
0.000272312,76.70216571,35.48082919,FALSE,-12.07,0.63,0
0.002323116,76.71652531,35.4760228,FALSE,-12.07,0.63,0
0.003405058,76.01241714,35.36197476,FALSE,-5.92,0.8,0
0.002551937,76.00753666,35.36739475,FALSE,-5.92,0.8,0
0.003823832,76.00641211,35.3664519,FALSE,-5.92,0.8,0
0.000706672,76.01212748,35.37490648,FALSE,-5.92,0.8,0
0.000357631,76.00632843,35.38551671,FALSE,-5.92,0.8,0
0.00123709,76.00676981,35.38477583,FALSE,-5.92,0.8,0
0.000600045,76.01214003,35.3907523,FALSE,-5.92,0.8,0
0.029308832,75.94895941,35.37137813,FALSE,-5.92,0.8,0
0.004009887,76.00210994,35.34444788,FALSE,-5.92,0.8,0
0.001341124,76.00357032,35.34605761,FALSE,-5.92,0.8,0
0.00155519,76.00454826,35.32345595,FALSE,-5.92,0.8,0
0.006098056,75.9737039,35.37407296,FALSE,-5.92,0.8,0
0.000746189,75.97106728,35.34622142,FALSE,-5.92,0.8,0
0.000138335,75.97087053,35.34740752,FALSE,-5.92,0.8,0
0.000900567,76.03342668,35.32326995,FALSE,-5.92,0.8,0
0.017486011,76.02744693,35.33699511,FALSE,-5.92,0.8,0
0.011640974,76.03817769,35.33759556,FALSE,-5.92,0.8,0
0.00476551,76.03893208,35.33449511,FALSE,-5.92,0.8,0
0.000284813,76.04051477,35.33674589,FALSE,-5.92,0.8,0
0.000633532,76.03318083,35.3369794,FALSE,-5.92,0.8,0
0.001088018,76.03339195,35.33645317,FALSE,-5.92,0.8,0
0.086765859,76.09073482,35.30874262,FALSE,-5.92,0.8,0
0.005498197,76.05620865,35.31534456,FALSE,-5.92,0.8,0
0.006132715,76.05588455,35.31082833,FALSE,-5.92,0.8,0
0.004222331,76.07367077,35.33658485,FALSE,-5.92,0.8,0
0.000426951,76.03758204,35.37652917,FALSE,-5.92,0.8,0
0.002198203,76.03816786,35.37634317,FALSE,-5.92,0.8,0
0.000245912,76.0383701,35.37721584,FALSE,-5.92,0.8,0
0.002462891,76.03300671,35.35894204,FALSE,-5.92,0.8,0
0.042995268,76.07473601,35.35591401,FALSE,-5.92,0.8,0
0.001791626,76.07757222,35.35795384,FALSE,-5.92,0.8,0
0.000903927,76.19651873,35.36803477,FALSE,-5.92,0.8,0
0.001342046,76.64859678,35.39943453,FALSE,-12.07,0.63,0
0.00566454,76.64728626,35.39281342,FALSE,-12.07,0.63,0
0.002773487,76.64322319,35.38854587,FALSE,-12.07,0.63,0
0.000738209,76.64440141,35.38825939,FALSE,-12.07,0.63,0
0.00290173,76.64878833,35.40263321,FALSE,-12.07,0.63,0
0.002321458,76.64686688,35.40370648,FALSE,-12.07,0.63,0
0.000210584,76.64436764,35.40421443,FALSE,-12.07,0.63,0
0.002160514,76.64837274,35.39613216,FALSE,-12.07,0.63,0
0.000740388,76.64780329,35.39710591,FALSE,-12.07,0.63,0
0.000735265,76.64764978,35.39753081,FALSE,-12.07,0.63,0
0.000886717,76.6493441,35.39770803,FALSE,-12.07,0.63,0
0.001969317,76.65262971,35.36719167,FALSE,-12.07,0.63,0
0.313206398,76.21092089,34.98672031,TRUE,-0.46,0.89,0
0.163499495,76.26115473,35.05566532,TRUE,-0.46,0.89,0
0.047002994,76.39172274,34.98444496,FALSE,-0.46,0.89,0
0.029480806,76.3811279,34.98430596,FALSE,-0.46,0.89,0
0.037415601,76.38438699,34.98697257,FALSE,-0.46,0.89,0
0.021167634,76.39945278,34.9795675,FALSE,-0.46,0.89,0
0.018147109,76.3893477,34.97566497,FALSE,-0.46,0.89,0
0.065264505,76.37081596,35.01913752,FALSE,-0.46,0.89,0
0.006633212,76.36337719,35.024391,FALSE,-0.46,0.89,0
0.026291443,76.35613954,35.02436198,FALSE,-0.46,0.89,0
0.00398425,76.35254438,35.03642225,FALSE,-0.46,0.89,0
0.078792387,76.37750371,35.06442129,FALSE,-0.46,0.89,0
0.101512192,76.29300519,35.07425719,FALSE,-0.46,0.89,0
0.052873498,76.31210504,35.05953362,FALSE,-0.46,0.89,0
0.048137668,76.31417835,35.05295861,FALSE,-0.46,0.89,0
0.042963425,76.30833806,35.03682645,FALSE,-0.46,0.89,0
0.023227642,76.31046184,35.03359351,FALSE,-0.46,0.89,0
0.020847022,76.322624,35.02933927,FALSE,-0.46,0.89,0
0.028060881,76.31887591,35.02119595,FALSE,-0.46,0.89,0
0.008443546,76.33713905,35.01925332,FALSE,-0.46,0.89,0
0.00126236,76.33780428,35.01661556,FALSE,-0.46,0.89,0
0.01120945,76.30904086,35.00337234,FALSE,-0.46,0.89,0
0.132926702,76.32032005,35.01029661,TRUE,-0.46,0.89,0
0.013867132,76.30598909,35.01021129,FALSE,-0.46,0.89,0
0.003164006,76.34600318,34.99892446,FALSE,-0.46,0.89,0
0.002183229,76.35645616,34.99637417,FALSE,-0.46,0.89,0
0.017719335,76.37567802,35.00197727,FALSE,-0.46,0.89,0
0.015139238,76.37129817,35.00609597,FALSE,-0.46,0.89,0
0.0013572,76.37177581,35.01183712,FALSE,-0.46,0.89,0
0.002512733,76.38805287,35.00693869,FALSE,-0.46,0.89,0
0.000903036,76.3873847,35.00852265,FALSE,-0.46,0.89,0
0.001072876,76.38952315,35.01338625,FALSE,-0.46,0.89,0
0.000212735,76.38889805,35.01313818,FALSE,-0.46,0.89,0
0.003433699,76.64976865,35.04928879,FALSE,-5.8,0.73,0
0.014347893,77.17593214,35.26550087,FALSE,-12.07,0.63,0
0.000332371,77.19461215,35.2556156,FALSE,-13.37,0.46,0
0.000744392,77.20654154,35.27769714,FALSE,-13.37,0.46,0
0.001839729,77.20818697,35.27009781,FALSE,-13.37,0.46,0
0.000445835,77.20755207,35.26682819,FALSE,-13.37,0.46,0
0.000784781,77.20579166,35.26867448,FALSE,-13.37,0.46,0
0.000667708,77.20693801,35.26830762,FALSE,-13.37,0.46,0
0.005958946,77.1990775,35.20505795,FALSE,-9.14,0.58,0
0.000667768,77.20073165,35.20561358,FALSE,-9.14,0.58,0
0.00232244,77.2015619,35.20310425,FALSE,-9.14,0.58,0
0.00072505,77.20029664,35.20404329,FALSE,-9.14,0.58,0
0.00101444,77.20013823,35.20439377,FALSE,-9.14,0.58,0
9.84E-05,77.19683396,35.19784652,FALSE,-9.14,0.58,0
0.001957767,77.1971101,35.19764155,FALSE,-9.14,0.58,0
0.001152398,77.18065952,35.23681761,FALSE,-5.8,0.73,0
0.000536634,77.17891161,35.23867157,FALSE,-5.8,0.73,0
0.001385887,77.18038067,35.242094,FALSE,-5.8,0.73,0
0.000208452,77.18111916,35.24214173,FALSE,-5.8,0.73,0
0.00731658,77.18582021,35.24077578,FALSE,-5.8,0.73,0
0.000419834,77.18677165,35.24078211,FALSE,-5.8,0.73,0
0.000383502,77.18267592,35.24511694,FALSE,-5.8,0.73,0
0.000534621,77.17847901,35.22947966,FALSE,-5.8,0.73,0
0.217050579,76.23366411,35.09639991,TRUE,-0.46,0.89,0
0.008572104,76.21747327,35.08960987,FALSE,-0.46,0.89,0
0.002981392,77.15883451,35.23281874,FALSE,-5.8,0.73,0
0.002806413,77.15770517,35.23457836,FALSE,-5.8,0.73,0
0.004581968,77.15784054,35.23581124,FALSE,-5.8,0.73,0
0.007976065,77.15628433,35.23648471,FALSE,-5.8,0.73,0
0.017946747,76.22992056,35.0894069,FALSE,-0.46,0.89,0
0.001951598,76.25528403,35.08510376,FALSE,-0.46,0.89,0
0.061580886,76.28381463,35.0938977,FALSE,-0.46,0.89,0
0.002642386,76.28186948,35.08976944,FALSE,-0.46,0.89,0
0.245601412,76.25223104,35.09214823,TRUE,-0.46,0.89,0
0.301092331,76.20519607,35.17094014,TRUE,-0.46,0.89,0
0.010648265,76.18088681,35.08886071,FALSE,-0.46,0.89,0
0.012849134,76.19707892,35.08617275,FALSE,-0.46,0.89,0
0.032180702,76.20003421,35.09694995,FALSE,-0.46,0.89,0
0.002890421,76.2136801,35.08525179,FALSE,-0.46,0.89,0
0.034427292,76.3490851,35.08428598,FALSE,-0.46,0.89,0
0.062401139,76.35628192,35.0848651,FALSE,-0.46,0.89,0
0.013522009,76.91734625,34.99773957,FALSE,-5.8,0.73,0
0.002205827,76.91673732,35.0058832,FALSE,-5.8,0.73,0
0.017939512,76.91221595,34.95634657,FALSE,-5.8,0.73,0
0.071143893,76.39498684,34.94894928,FALSE,-0.46,0.89,0
0.018269793,76.39851852,34.95120425,FALSE,-0.46,0.89,0
0.012816135,76.40104567,34.96240881,FALSE,-0.46,0.89,0
0.026324461,76.40290694,34.93107995,FALSE,-0.46,0.89,0
0.061755645,76.42552369,34.92278073,FALSE,-0.46,0.89,0
0.010500102,76.43582702,34.91089729,FALSE,-0.46,0.89,0
0.006752138,76.41582296,34.9143259,FALSE,-0.46,0.89,0
0.033596218,76.42327872,34.91415645,FALSE,-0.46,0.89,0
0.003634084,76.43177925,34.92151615,FALSE,-0.46,0.89,0
0.021237977,76.43291353,34.90608026,FALSE,-0.46,0.89,0
0.016648147,76.43313852,34.95846428,FALSE,-0.46,0.89,0
0.003155466,76.43255123,34.95753247,FALSE,-0.46,0.89,0
0.009984785,76.43388818,34.95750581,FALSE,-0.46,0.89,0
0.018014216,76.42865713,34.88017728,FALSE,-0.46,0.89,0
0.007501302,76.41956364,34.87230231,FALSE,-0.46,0.89,0
0.001538895,76.42280937,34.86728409,FALSE,-0.46,0.89,0
0.001613263,76.42368179,34.86731787,FALSE,-0.46,0.89,0
0.00412298,76.441288,34.84833347,FALSE,-0.46,0.89,0
0.003551428,76.42059271,34.83530075,FALSE,-0.46,0.89,0
0.000653733,76.42062589,34.83461152,FALSE,-0.46,0.89,0
0.018549256,77.1164661,34.99112605,FALSE,-5.8,0.73,0
0.001632093,77.11780801,34.98978985,FALSE,-5.8,0.73,0
0.001893907,77.10946314,34.98952548,FALSE,-5.8,0.73,0
0.006057933,77.11377815,34.98768363,FALSE,-5.8,0.73,0
0.079040062,76.40906486,34.81837311,FALSE,-0.46,0.89,0
0.001675048,76.42336645,34.81380718,FALSE,-0.46,0.89,0
0.001983924,76.394758,34.81804684,FALSE,-0.46,0.89,0
0.006070202,76.38718651,34.82179185,FALSE,-0.46,0.89,0
0.001359868,76.38563711,34.82331739,FALSE,-0.46,0.89,0
0.000703897,76.38591497,34.82469413,FALSE,-0.46,0.89,0
0.0165181,76.38105407,34.82900247,FALSE,-0.46,0.89,0
0.019997835,76.37302776,34.83429763,FALSE,-0.46,0.89,0
0.122639727,76.38252863,34.85383191,TRUE,-0.46,0.89,0
0.004882639,76.37490718,34.85844865,FALSE,-0.46,0.89,0
0.013799118,76.4135739,34.84260926,FALSE,-0.46,0.89,0
0.049919515,76.4150607,34.83860454,FALSE,-0.46,0.89,0
0.003279319,76.42983302,34.8523842,FALSE,-0.46,0.89,0
0.096628436,76.47609163,34.8526507,FALSE,-0.46,0.89,0
0.04535171,76.47433909,34.85837718,FALSE,-0.46,0.89,0
0.034072668,76.51140109,34.85086298,FALSE,-0.46,0.89,0
0.00142907,76.51897408,34.85484024,FALSE,-0.46,0.89,0
0.000853843,76.49685749,34.85795532,FALSE,-0.46,0.89,0
0.000673357,76.4973153,34.85910875,FALSE,-0.46,0.89,0
0.014362143,76.50450261,34.87147728,FALSE,-0.46,0.89,0
0.003593224,76.501418,34.87014596,FALSE,-0.46,0.89,0
0.066447603,76.50050039,34.86583975,FALSE,-0.46,0.89,0
0.009788055,76.38072886,34.80584539,FALSE,-0.46,0.89,0
0.004326992,76.37324338,34.80551247,FALSE,-0.46,0.89,0
0.002147254,76.37160877,34.80524319,FALSE,-0.46,0.89,0
0.022385562,76.49507034,34.81398034,FALSE,-0.46,0.89,0
0.137126253,76.50203476,34.81044317,TRUE,-0.46,0.89,0
0.159133572,76.51717797,34.81332996,TRUE,-0.46,0.89,0
0.074481094,76.49190922,34.78936002,FALSE,-0.46,0.89,0
0.01892339,76.48029342,34.783863,FALSE,-0.46,0.89,0
0.010484541,76.47076625,34.77970228,FALSE,-0.46,0.89,0
0.014748126,76.44652492,34.77748219,FALSE,-0.46,0.89,0
0.010000063,76.44386646,34.77663081,FALSE,-0.46,0.89,0
0.020021489,76.43930074,34.77740016,FALSE,-0.46,0.89,0
0.007710111,76.45816862,34.78180038,FALSE,-0.46,0.89,0
0.027215546,76.4807159,34.771104,FALSE,-0.46,0.89,0
0.067013206,76.48120887,34.77502448,FALSE,-0.46,0.89,0
0.016527243,76.49377137,34.76491513,FALSE,-0.46,0.89,0
0.091094515,76.49986556,34.77151156,FALSE,-0.46,0.89,0
0.031800446,76.50628759,34.78347841,FALSE,-0.46,0.89,0
0.003883725,76.51445838,34.7800729,FALSE,-0.46,0.89,0
0.002955772,76.4831551,34.76992942,FALSE,-0.46,0.89,0
0.003928125,76.48532611,34.77109679,FALSE,-0.46,0.89,0
0.050605991,76.47450391,34.76896209,FALSE,-0.46,0.89,0
0.003099902,76.46877585,34.77198663,FALSE,-0.46,0.89,0
0.001941345,76.46940793,34.77066198,FALSE,-0.46,0.89,0
0.00279782,76.46788275,34.7767713,FALSE,-0.46,0.89,0
0.001718208,76.46046425,34.7755289,FALSE,-0.46,0.89,0
0.009108031,76.46045201,34.76707563,FALSE,-0.46,0.89,0
0.026103303,76.46162266,34.76266522,FALSE,-0.46,0.89,0
0.147360715,76.46845888,34.76184449,TRUE,-0.46,0.89,0
0.018650045,76.47385558,34.75807498,FALSE,-0.46,0.89,0
0.010578069,76.48068053,34.75615083,FALSE,-0.46,0.89,0
0.006661712,76.48572337,34.75955512,FALSE,-0.46,0.89,0
0.00908809,76.48733355,34.75880426,FALSE,-0.46,0.89,0
0.020217602,76.47701815,34.75001962,FALSE,-0.46,0.89,0
0.029572348,76.4517945,34.76144195,FALSE,-0.46,0.89,0
0.016334942,76.44838108,34.76199507,FALSE,-0.46,0.89,0
0.071567631,76.42595992,34.76197403,FALSE,-0.46,0.89,0
0.030787262,76.42823493,34.78136377,FALSE,-0.46,0.89,0
0.002042093,76.4406628,34.78988733,FALSE,-0.46,0.89,0
0.000861388,76.44108904,34.78957584,FALSE,-0.46,0.89,0
0.001350583,76.45666348,34.79242007,FALSE,-0.46,0.89,0
0.009518832,76.46976463,34.79854505,FALSE,-0.46,0.89,0
0.002243449,76.46061163,34.79724631,FALSE,-0.46,0.89,0
0.003985782,76.46125006,34.79650251,FALSE,-0.46,0.89,0
0.000464259,76.46277967,34.79676915,FALSE,-0.46,0.89,0
0.004972653,76.46906359,34.79494047,FALSE,-0.46,0.89,0
0.011730441,76.54660702,34.75956368,FALSE,-0.46,0.89,0
0.017801116,76.54550246,34.75558213,FALSE,-0.46,0.89,0
0.038469472,76.53921618,34.7549149,FALSE,-0.46,0.89,0
0.000477742,76.53028556,34.76353302,FALSE,-0.46,0.89,0
0.011814131,76.53122268,34.76297174,FALSE,-0.46,0.89,0
0.009039969,76.56633092,34.77164813,FALSE,-5.8,0.73,0
0.008604008,76.56815124,34.76455176,FALSE,-5.8,0.73,0
0.006402372,76.5718747,34.76416083,FALSE,-5.8,0.73,0
0.00451386,76.57394528,34.7641545,FALSE,-5.8,0.73,0
0.018204369,76.58582905,34.76786106,FALSE,-5.8,0.73,0
0.016182612,76.58858886,34.75607915,FALSE,-5.8,0.73,0
0.011425791,76.59070636,34.77411691,FALSE,-5.8,0.73,0
0.031476635,76.66832091,34.7783552,FALSE,-5.8,0.73,0
0.111743458,76.71068285,34.76480039,FALSE,-5.8,0.73,0
0.014637506,76.72610973,34.78443655,FALSE,-5.8,0.73,0
0.023905033,76.8190128,34.74813059,FALSE,-3.82,0.77,0
0.004513202,76.81392878,34.74152742,FALSE,-3.82,0.77,0
0.029393462,76.39645866,34.74819835,FALSE,-1.39,0.98,0
0.012449744,76.39958528,34.74684774,FALSE,-1.39,0.98,0
0.004595161,76.39056129,34.75520832,FALSE,-0.46,0.89,0
0.034661843,76.4141083,34.75698651,FALSE,-0.46,0.89,0
0.042778403,76.43612279,34.75169789,FALSE,-0.46,0.89,0
0.040913425,76.45193735,34.74828368,FALSE,-1.39,0.98,0
0.006099777,76.46510567,34.73456334,FALSE,-1.39,0.98,0
0.002400732,76.4526006,34.75602773,FALSE,-0.46,0.89,0
0.001637672,76.45238032,34.75499793,FALSE,-0.46,0.89,0
0.015429385,76.42974313,34.73501242,FALSE,-1.39,0.98,0
0.034390262,76.56027533,34.7421012,FALSE,-1.39,0.98,0
0.006529871,76.58169928,34.67530298,FALSE,-3.82,0.77,0
0.005826837,76.5732209,34.68698924,FALSE,-3.82,0.77,0
0.020759295,76.70149413,34.69508172,FALSE,-3.82,0.77,0
0.039801467,76.70840298,34.69616367,FALSE,-3.82,0.77,0
0.001425003,76.73292206,34.70903152,FALSE,-3.82,0.77,0
0.000534928,76.734708,34.70845693,FALSE,-3.82,0.77,0
0.006559892,76.73395162,34.70780466,FALSE,-3.82,0.77,0
0.000488479,76.74418209,34.70941491,FALSE,-3.82,0.77,0
0.000873476,76.74757345,34.70614231,FALSE,-3.82,0.77,0
0.010318078,76.72969082,34.71758097,FALSE,-3.82,0.77,0
0.004148867,76.72754071,34.72007642,FALSE,-3.82,0.77,0
0.001040786,76.72322393,34.7184523,FALSE,-3.82,0.77,0
0.004797907,76.68923905,34.73067511,FALSE,-3.82,0.77,0
0.003875496,76.69115641,34.73325348,FALSE,-3.82,0.77,0
0.00044019,76.68992589,34.73413027,FALSE,-3.82,0.77,0
0.000239576,76.69116574,34.73430842,FALSE,-3.82,0.77,0
0.001321917,76.69694433,34.73337209,FALSE,-3.82,0.77,0
0.015030814,76.68109821,34.73148409,FALSE,-3.82,0.77,0
0.002492003,76.75543919,34.73108955,FALSE,-3.82,0.77,0
0.029600155,76.77709987,34.72685622,FALSE,-3.82,0.77,0
0.020603998,76.80796224,34.71341092,FALSE,-3.82,0.77,0
0.017260238,76.79412669,34.70256788,FALSE,-3.82,0.77,0
0.003739358,76.79527117,34.69765713,FALSE,-3.82,0.77,0
0.001295137,76.78947413,34.70307926,FALSE,-3.82,0.77,0
0.020756787,76.75019215,34.68212582,FALSE,-3.82,0.77,0
0.303477682,76.75761965,34.670957,TRUE,-3.82,0.77,0
0.000843994,76.7588468,34.66470025,FALSE,-3.82,0.77,0
0.008528601,76.7595242,34.64876078,FALSE,-3.82,0.77,0
0.025420064,76.72454743,34.60598958,FALSE,-3.82,0.77,0
0.015838978,76.83975331,34.72044444,FALSE,-3.82,0.77,0
0.027385295,76.85677784,34.69954086,FALSE,-3.82,0.77,0
0.029581254,77.02218389,34.69289361,FALSE,-3.82,0.77,0
0.001045589,77.02115583,34.69004811,FALSE,-3.82,0.77,0
0.001559701,77.01845301,34.69156015,FALSE,-3.82,0.77,0
0.018005866,77.07093841,34.67422368,FALSE,-3.82,0.77,0
0.001817273,77.08524811,34.67866087,FALSE,-3.82,0.77,0
0.001064948,77.08392565,34.67910316,FALSE,-3.82,0.77,0
0.002340264,77.0678219,34.70063541,FALSE,-3.82,0.77,0
0.006262854,77.0735463,34.70680344,FALSE,-3.82,0.77,0
0.00144585,77.07661509,34.70796899,FALSE,-3.82,0.77,0
0.009773587,77.07520363,34.70974722,FALSE,-3.82,0.77,0
0.00098403,77.07198862,34.70407212,FALSE,-3.82,0.77,0
0.000546265,77.07584296,34.7066208,FALSE,-3.82,0.77,0
0.002193969,77.03183907,34.69757329,FALSE,-3.82,0.77,0
0.011115248,76.9516276,34.6850769,FALSE,-3.82,0.77,0
0.001917657,76.9530365,34.68601717,FALSE,-3.82,0.77,0
0.003460773,76.98159742,34.69511297,FALSE,-3.82,0.77,0
0.000670591,76.96764835,34.62460188,FALSE,-3.82,0.77,0
0.000347415,76.96771502,34.62413423,FALSE,-3.82,0.77,0
0.04765394,76.96820387,34.62160164,FALSE,-3.82,0.77,0
0.002715812,76.97505216,34.61493446,FALSE,-3.82,0.77,0
0.010602919,76.72490293,34.62434244,FALSE,-3.82,0.77,0
0.000502105,76.72236335,34.62560963,FALSE,-3.82,0.77,0
0.003008478,76.73242158,34.58773936,FALSE,-3.82,0.77,0
0.015086647,76.76307425,34.5871612,FALSE,-3.82,0.77,0
0.004467185,76.78727417,34.59311004,FALSE,-3.82,0.77,0
0.016845047,76.80730487,34.58591878,FALSE,-3.82,0.77,0
0.092879271,76.81310402,34.58677245,FALSE,-3.82,0.77,0
0.012092483,76.81263419,34.58085845,FALSE,-3.82,0.77,0
0.019154142,76.77783115,34.60660334,FALSE,-3.82,0.77,0
0.000725508,76.77565439,34.60664671,FALSE,-3.82,0.77,0
0.00187777,76.77790291,34.60077686,FALSE,-3.82,0.77,0
0.000946649,76.77204517,34.59761545,FALSE,-3.82,0.77,0
0.000382451,76.77304999,34.59738092,FALSE,-3.82,0.77,0
0.002887726,76.74315237,34.59685576,FALSE,-3.82,0.77,0
0.002100305,76.76740578,34.59592069,FALSE,-3.82,0.77,0
0.003144436,76.7702664,34.59620976,FALSE,-3.82,0.77,0
0.001209187,76.75445438,34.59404786,FALSE,-3.82,0.77,0
0.000575149,76.75525222,34.59373947,FALSE,-3.82,0.77,0
0.000329008,76.76558615,34.5951516,FALSE,-3.82,0.77,0
0.010205542,76.77909981,34.57205186,FALSE,-3.82,0.77,0
0.042148314,76.81701881,34.5673623,FALSE,-3.82,0.77,0
0.002174628,76.8220673,34.56792198,FALSE,-3.82,0.77,0
0.000593465,76.82241783,34.5676666,FALSE,-3.82,0.77,0
0.015404017,76.81443749,34.57213933,FALSE,-3.82,0.77,0
0.000871375,76.8179749,34.57323574,FALSE,-3.82,0.77,0
0.000971713,76.8170203,34.573863,FALSE,-3.82,0.77,0
0.002514004,76.82607139,34.56592983,FALSE,-3.82,0.77,0
0.000725386,76.82468363,34.56540272,FALSE,-3.82,0.77,0
0.000629421,76.83212034,34.56691993,FALSE,-3.82,0.77,0
0.00052014,76.831891,34.5674367,FALSE,-3.82,0.77,0
0.003119034,76.82968194,34.57025754,FALSE,-3.82,0.77,0
0.044448911,76.8488474,34.56093779,FALSE,-3.82,0.77,0
0.001192789,76.85243566,34.56276278,FALSE,-3.82,0.77,0
0.000825678,76.85239845,34.56210049,FALSE,-3.82,0.77,0
0.002535417,76.8425124,34.55706401,FALSE,-3.82,0.77,0
0.003547533,76.87198986,34.54820362,FALSE,-3.82,0.77,0
0.028435558,76.05120662,35.30314949,FALSE,-5.92,0.8,0
0.040823834,76.00352019,35.35737201,FALSE,-5.92,0.8,0
0.001510359,76.04525701,35.29805627,FALSE,-5.92,0.8,0
0.000394415,76.04678771,35.29894497,FALSE,-5.92,0.8,0
0.00057366,76.08396251,35.30259854,FALSE,-5.92,0.8,0
0.004719154,76.08388299,35.30380646,FALSE,-5.92,0.8,0
0.009267017,76.09088741,35.2945628,FALSE,-5.92,0.8,0
0.00154182,76.09452453,35.29479552,FALSE,-5.92,0.8,0
0.000487874,76.09545366,35.29326452,FALSE,-5.92,0.8,0
0.00064321,76.15602675,35.18699574,FALSE,-0.46,0.89,0
0.000135445,76.16319728,35.18640051,FALSE,-0.46,0.89,0
0.001975388,76.16218754,35.18646836,FALSE,-0.46,0.89,0
0.001778519,76.1634656,35.18461464,FALSE,-0.46,0.89,0
0.000540458,76.19797688,35.10764547,FALSE,-0.46,0.89,0
0.004214663,76.19913198,35.10258634,FALSE,-0.46,0.89,0
0.000218146,76.1688088,35.08925416,FALSE,-0.46,0.89,0
0.002017507,76.22070142,35.06476517,FALSE,-0.46,0.89,0
0.000664457,76.20342055,35.0594024,FALSE,-0.46,0.89,0
0.000349218,76.2833805,35.08729447,FALSE,-0.46,0.89,0
0.000899149,76.28258735,35.08645815,FALSE,-0.46,0.89,0
0.00046595,76.27347846,35.09682635,FALSE,-0.46,0.89,0
0.000643905,76.27571205,35.09689826,FALSE,-0.46,0.89,0
0.000317961,76.27515553,35.09643856,FALSE,-0.46,0.89,0
0.001278423,76.27746764,35.09653472,FALSE,-0.46,0.89,0
0.008505796,76.28729662,35.09865005,FALSE,-0.46,0.89,0
0.004003665,76.29106172,35.10324316,FALSE,-0.46,0.89,0
0.001012687,76.36160164,35.08390988,FALSE,-0.46,0.89,0
0.003990056,76.3620603,35.0884756,FALSE,-0.46,0.89,0
0.023779586,76.3809468,35.07303596,FALSE,-0.46,0.89,0
0.002482434,76.35857832,35.01275674,FALSE,-0.46,0.89,0
0.001193349,76.37819262,34.98256611,FALSE,-0.46,0.89,0
0.000306726,76.37467306,34.98332045,FALSE,-0.46,0.89,0
0.000633927,76.3745682,34.98287239,FALSE,-0.46,0.89,0
0.028446595,76.35180156,34.81170642,FALSE,-0.46,0.89,0
0.001219938,76.33381245,34.81035367,FALSE,-0.46,0.89,0
0.00190402,76.33226692,34.80994091,FALSE,-0.46,0.89,0
0.006200405,76.33094739,34.80975344,FALSE,-0.46,0.89,0
0.003423909,76.32969767,34.80983007,FALSE,-0.46,0.89,0
0.001129454,76.32564154,34.81222322,FALSE,-0.46,0.89,0
0.000819159,76.31731985,34.81296204,FALSE,-0.46,0.89,0
0.001252865,76.3147814,34.8133517,FALSE,-0.46,0.89,0
0.000167901,76.31509789,34.81494605,FALSE,-0.46,0.89,0
0.003326096,76.31500805,34.81579686,FALSE,-0.46,0.89,0
0.014544885,76.31259981,34.82209121,FALSE,-0.46,0.89,0
0.015217532,76.31001513,34.83043083,FALSE,-0.46,0.89,0
0.023965236,76.32632693,34.8210223,FALSE,-0.46,0.89,0
0.036901541,76.32845501,34.81679188,FALSE,-0.46,0.89,0
0.019090261,76.35785708,34.83102684,FALSE,-0.46,0.89,0
0.093844065,76.35169023,34.83333393,FALSE,-0.46,0.89,0
0.023670239,76.35083622,34.85880876,FALSE,-0.46,0.89,0
0.0005348,76.34779881,34.85237848,FALSE,-0.46,0.89,0
0.000195924,76.34539499,34.85103563,FALSE,-0.46,0.89,0
0.025275117,76.35044506,34.85497434,FALSE,-0.46,0.89,0
0.129874966,76.36759779,34.85400806,TRUE,-0.46,0.89,0
0.020822325,76.37368807,34.85692078,FALSE,-0.46,0.89,0
0.015344736,76.37276638,34.85270859,FALSE,-0.46,0.89,0
0.005056574,76.34361543,34.76697829,FALSE,-0.46,0.89,0
0.002116328,76.54213602,35.50017153,FALSE,-5.92,0.8,0
0.000466931,76.532827,35.46654987,FALSE,-5.92,0.8,0
0.001401214,76.52919395,35.46480171,FALSE,-5.92,0.8,0
0.002565669,76.52998189,35.46404536,FALSE,-5.92,0.8,0
0.001317068,76.53028858,35.46361152,FALSE,-5.92,0.8,0
0.000956263,76.53066324,35.46327288,FALSE,-5.92,0.8,0
0.001815218,76.53112845,35.46276819,FALSE,-5.92,0.8,0
0.000722307,76.53194582,35.46152223,FALSE,-5.92,0.8,0
0.001138558,76.53273304,35.46068722,FALSE,-5.92,0.8,0
0.000525734,76.53103213,35.47510009,FALSE,-5.92,0.8,0
0.001079611,76.53405298,35.47174636,FALSE,-5.92,0.8,0
0.00076235,76.53092104,35.47364471,FALSE,-5.92,0.8,0
0.000867359,76.53329354,35.47239777,FALSE,-5.92,0.8,0
0.001178317,76.52457092,35.47616412,FALSE,-5.92,0.8,0
0.001179122,76.52111511,35.4695028,FALSE,-5.92,0.8,0
0.001254725,76.52327705,35.46836658,FALSE,-5.92,0.8,0
0.001209681,76.52480974,35.4679869,FALSE,-5.92,0.8,0
0.000590664,76.52505291,35.46760378,FALSE,-5.92,0.8,0
0.00032048,76.62281626,35.49507834,FALSE,-12.07,0.63,0
0.000295839,76.62262878,35.49616379,FALSE,-12.07,0.63,0
0.000695286,76.62518043,35.49707296,FALSE,-12.07,0.63,0
0.000339103,76.6251918,35.49644321,FALSE,-12.07,0.63,0
0.000812613,76.62517233,35.49385348,FALSE,-12.07,0.63,0
0.000397906,76.6246689,35.4923471,FALSE,-12.07,0.63,0
0.000570678,76.62646126,35.49201068,FALSE,-12.07,0.63,0
0.001276699,76.63410795,35.47133398,FALSE,-12.07,0.63,0
0.000808028,76.6332319,35.471302,FALSE,-12.07,0.63,0
0.000572866,76.6340335,35.4702314,FALSE,-12.07,0.63,0
0.000350618,76.63319658,35.46961407,FALSE,-12.07,0.63,0
0.000845515,76.63929597,35.46892205,FALSE,-12.07,0.63,0
0.000764792,76.6615116,35.44625007,FALSE,-12.07,0.63,0
0.000703677,76.66909803,35.4393104,FALSE,-12.07,0.63,0
0.00114203,76.65721514,35.42905954,FALSE,-12.07,0.63,0
0.000696354,76.65654509,35.42907546,FALSE,-12.07,0.63,0
0.00230833,76.6599208,35.42323465,FALSE,-12.07,0.63,0
0.001259703,76.64667746,35.42410852,FALSE,-12.07,0.63,0
0.001454136,76.64622635,35.42265275,FALSE,-12.07,0.63,0
0.004352363,76.64775169,35.3890198,FALSE,-12.07,0.63,0
0.000504113,76.64088532,35.41887049,FALSE,-12.07,0.63,0
0.001558331,76.64942418,35.43298537,FALSE,-12.07,0.63,0
0.000260994,76.65018697,35.43368937,FALSE,-12.07,0.63,0
0.000700887,76.76040778,35.393697,FALSE,-12.07,0.63,0
0.00195746,76.75956115,35.38440371,FALSE,-12.07,0.63,0
0.007843386,76.81437769,35.32458326,FALSE,-12.07,0.63,0
0.006668757,76.81141421,35.32529449,FALSE,-12.07,0.63,0
0.001050278,76.80046314,35.32704507,FALSE,-12.07,0.63,0
0.000464968,76.88974655,35.30999986,FALSE,-12.07,0.63,0
0.000522621,76.88966354,35.31117948,FALSE,-12.07,0.63,0
0.002779696,76.88413931,35.27890894,FALSE,-12.07,0.63,0
0.00109098,76.88108139,35.2766495,FALSE,-12.07,0.63,0
0.000695882,76.87976245,35.27328049,FALSE,-12.07,0.63,0
0.001325608,76.85559221,35.23286764,FALSE,-5.8,0.73,0
0.000458038,76.8549665,35.23225803,FALSE,-5.8,0.73,0
0.000756048,76.8616104,35.23629077,FALSE,-5.8,0.73,0
0.00106582,76.8637447,35.23973292,FALSE,-5.8,0.73,0
0.001711612,76.91605687,35.21490633,FALSE,-5.8,0.73,0
0.001546227,76.91167529,35.21651704,FALSE,-5.8,0.73,0
0.001009598,76.91467536,35.21856196,FALSE,-5.8,0.73,0
0.00098094,76.92574676,35.21585958,FALSE,-5.8,0.73,0
0.000762212,76.90832959,35.21834976,FALSE,-5.8,0.73,0
0.00335147,76.8716352,35.24523548,FALSE,-5.8,0.73,0
0.000937222,76.87548276,35.23951182,FALSE,-5.8,0.73,0
0.001687391,76.87080639,35.24979102,FALSE,-5.8,0.73,0
0.001642727,76.87797991,35.25928059,FALSE,-12.07,0.63,0
0.002335876,76.88108231,35.25047561,FALSE,-12.07,0.63,0
0.00222571,76.88343569,35.2569591,FALSE,-12.07,0.63,0
0.000634418,76.88215369,35.25892862,FALSE,-12.07,0.63,0
0.018383672,76.5425611,35.36445265,FALSE,-5.92,0.8,0
0.074826764,77.03280935,34.50720548,FALSE,-3.82,0.77,0
0.003733707,77.03756806,34.5119735,FALSE,-3.82,0.77,0
0.001609126,77.02729236,34.51362974,FALSE,-3.82,0.77,0
0.00068454,77.04534216,34.51187403,FALSE,-3.82,0.77,0
0.003710297,77.04432137,34.51356321,FALSE,-3.82,0.77,0
0.032512512,77.04917543,34.54263557,FALSE,-3.82,0.77,0
0.022865467,76.97087179,34.50943994,FALSE,-3.82,0.77,0
0.001408212,76.97939949,34.50858963,FALSE,-3.82,0.77,0
0.000560038,76.96808183,34.50772845,FALSE,-3.82,0.77,0
0.000461812,76.99469153,34.50914903,FALSE,-3.82,0.77,0
0.001124011,76.99672318,34.51119648,FALSE,-3.82,0.77,0
0.001187707,76.98335411,34.52671549,FALSE,-3.82,0.77,0
0.001161087,76.98422641,34.52626723,FALSE,-3.82,0.77,0
0.000559791,76.97798631,34.5298365,FALSE,-3.82,0.77,0
0.001155983,76.97303521,34.53404053,FALSE,-3.82,0.77,0
0.003218624,77.00883193,34.52827344,FALSE,-3.82,0.77,0
0.00074577,77.00795749,34.52805258,FALSE,-3.82,0.77,0
0.000326559,77.01083062,34.52900425,FALSE,-3.82,0.77,0
0.010826378,76.95139517,34.55047919,FALSE,-3.82,0.77,0
0.005867495,76.95345565,34.54101495,FALSE,-3.82,0.77,0
0.020954614,76.95048287,34.53226731,FALSE,-3.82,0.77,0
0.002545124,76.94148012,34.52735307,FALSE,-3.82,0.77,0
0.011997324,76.92469599,34.55929755,FALSE,-3.82,0.77,0
0.059431965,76.91629301,34.56228528,FALSE,-3.82,0.77,0
0.009871727,76.8767874,34.55913402,FALSE,-3.82,0.77,0
0.024782571,76.83279843,34.52946416,FALSE,-3.82,0.77,0
0.01785727,76.82304267,34.53359177,FALSE,-3.82,0.77,0
0.00237228,76.86527876,34.5405395,FALSE,-3.82,0.77,0
0.000455577,76.83433359,34.54423596,FALSE,-3.82,0.77,0
0.028776377,76.83465617,34.54245841,FALSE,-3.82,0.77,0
0.00049375,76.83650392,34.5429132,FALSE,-3.82,0.77,0
0.002916673,77.03436238,34.72236141,FALSE,-3.82,0.77,0
0.009332177,77.08802231,34.82839354,FALSE,-5.8,0.73,0
0.02065694,76.66889499,35.00727851,FALSE,-5.8,0.73,0
0.000888218,77.05864501,34.95263706,FALSE,-5.8,0.73,0
0.003747881,77.06188258,34.95542966,FALSE,-5.8,0.73,0
0.002496539,77.05976745,34.95541123,FALSE,-5.8,0.73,0
0.004539939,77.053138,34.96226797,FALSE,-5.8,0.73,0
0.012464215,77.05350528,34.96734394,FALSE,-5.8,0.73,0
0.002577207,77.05738809,34.96881558,FALSE,-5.8,0.73,0
0.005798277,77.05717695,34.97129691,FALSE,-5.8,0.73,0
0.000598677,77.05242768,34.97531576,FALSE,-5.8,0.73,0
0.000896061,77.04970159,34.97690761,FALSE,-5.8,0.73,0
0.000649224,77.04858013,34.976699,FALSE,-5.8,0.73,0
0.001778959,77.04823397,34.97758393,FALSE,-5.8,0.73,0
0.000353085,77.04751905,34.9792958,FALSE,-5.8,0.73,0
0.000867181,77.04714561,34.98127877,FALSE,-5.8,0.73,0
0.001516116,77.04950848,34.98278074,FALSE,-5.8,0.73,0
0.000868494,77.04876108,34.98453449,FALSE,-5.8,0.73,0
0.002976594,77.05202473,34.99555191,FALSE,-5.8,0.73,0
0.000426187,77.0516829,34.9946872,FALSE,-5.8,0.73,0
0.000193913,77.04966566,34.99415304,FALSE,-5.8,0.73,0
0.002350514,77.04902985,34.99965424,FALSE,-5.8,0.73,0
0.000515683,77.0534,35.00331517,FALSE,-5.8,0.73,0
0.000291284,77.05234652,35.0033868,FALSE,-5.8,0.73,0
0.004475753,77.05319477,35.00373816,FALSE,-5.8,0.73,0
0.001934478,77.0466604,35.01957388,FALSE,-5.8,0.73,0
0.000601383,77.05640571,35.02637223,FALSE,-5.8,0.73,0
0.001242914,77.11470177,35.0164324,FALSE,-5.8,0.73,0
0.001161166,77.11367005,35.01661461,FALSE,-5.8,0.73,0
0.000268117,77.112038,35.01361834,FALSE,-5.8,0.73,0
0.002091133,77.11246363,35.01075811,FALSE,-5.8,0.73,0
0.000187153,77.11120431,35.01148504,FALSE,-5.8,0.73,0
0.000336458,77.11138756,35.01032631,FALSE,-5.8,0.73,0
0.000183434,77.10996393,35.01024377,FALSE,-5.8,0.73,0
0.000593946,77.11132482,35.00920573,FALSE,-5.8,0.73,0
0.000487407,77.11030756,35.00809586,FALSE,-5.8,0.73,0
0.000517194,77.10979924,35.00648747,FALSE,-5.8,0.73,0
0.002353557,77.10986887,35.00500009,FALSE,-5.8,0.73,0
0.00074709,77.10880943,35.00489361,FALSE,-5.8,0.73,0
0.001619625,77.10855978,35.00342485,FALSE,-5.8,0.73,0
0.000446069,77.10908896,35.0040493,FALSE,-5.8,0.73,0
0.004005722,77.10713465,35.00108007,FALSE,-5.8,0.73,0
0.002323516,77.17698845,35.03637637,FALSE,-5.8,0.73,0
0.003160213,77.14817957,35.04843714,FALSE,-5.8,0.73,0
0.002708676,77.15360207,35.04932328,FALSE,-5.8,0.73,0
0.004759002,77.16954321,35.12639872,FALSE,-5.8,0.73,0
0.000760862,77.16396953,35.1175685,FALSE,-5.8,0.73,0
0.001954499,77.16222428,35.11848375,FALSE,-5.8,0.73,0
0.002686421,77.16677491,35.12500571,FALSE,-5.8,0.73,0
0.001795306,77.16339143,35.12282921,FALSE,-5.8,0.73,0
0.00153912,77.17225282,35.12773939,FALSE,-5.8,0.73,0
0.000696405,77.17263103,35.12826062,FALSE,-5.8,0.73,0
0.000704107,77.16970614,35.12857389,FALSE,-5.8,0.73,0
0.000792829,77.15801985,35.1160643,FALSE,-5.8,0.73,0
0.000324262,77.15920907,35.1138751,FALSE,-5.8,0.73,0
0.007372141,77.06204844,35.07637343,FALSE,-5.8,0.73,0
0.000249228,77.06183209,35.07507078,FALSE,-5.8,0.73,0
9.72E-05,77.06091732,35.07524793,FALSE,-5.8,0.73,0
0.000329435,77.05992284,35.07590716,FALSE,-5.8,0.73,0
0.000271076,77.05668729,35.07214784,FALSE,-5.8,0.73,0
0.000313287,77.05536035,35.07281381,FALSE,-5.8,0.73,0
0.000652302,77.03458627,35.09709313,FALSE,-5.8,0.73,0
0.003776704,77.02558252,35.11245849,FALSE,-5.8,0.73,0
0.001089264,77.0238458,35.11223091,FALSE,-5.8,0.73,0
0.001751359,77.02095328,35.11172361,FALSE,-5.8,0.73,0
0.000381885,77.02229275,35.1139595,FALSE,-5.8,0.73,0
0.000715491,77.02509669,35.11377838,FALSE,-5.8,0.73,0
0.000936347,77.02388213,35.11444638,FALSE,-5.8,0.73,0
0.000644883,77.01964907,35.11665437,FALSE,-5.8,0.73,0
0.005400911,77.01975249,35.11900767,FALSE,-5.8,0.73,0
0.000816289,77.00543263,35.12463259,FALSE,-5.8,0.73,0
0.00470634,77.0100177,35.12307924,FALSE,-5.8,0.73,0
0.001837281,77.01106689,35.12125287,FALSE,-5.8,0.73,0
0.00159978,77.00766251,35.12120106,FALSE,-5.8,0.73,0
0.008793413,77.00508091,35.12819833,FALSE,-5.8,0.73,0
0.000623505,77.0057389,35.12829145,FALSE,-5.8,0.73,0
0.001538487,77.01732857,35.12354612,FALSE,-5.8,0.73,0
0.000575227,77.02065797,35.12085643,FALSE,-5.8,0.73,0
0.000602949,77.01514801,35.1186776,FALSE,-5.8,0.73,0
0.001395058,77.01054054,35.12418888,FALSE,-5.8,0.73,0
0.001766303,77.01164223,35.12397944,FALSE,-5.8,0.73,0
0.001275601,77.00914624,35.12536494,FALSE,-5.8,0.73,0
0.000679743,76.99439976,35.1292293,FALSE,-5.8,0.73,0
0.000861582,77.0632355,35.23246394,FALSE,-5.8,0.73,0
0.000602164,77.08398342,35.23355721,FALSE,-5.8,0.73,0
0.000616181,77.10534881,35.23827707,FALSE,-5.8,0.73,0
0.000885338,77.11125949,35.23922469,FALSE,-5.8,0.73,0
0.000599853,77.11376435,35.24207158,FALSE,-5.8,0.73,0
0.000227952,77.11295308,35.24110079,FALSE,-5.8,0.73,0
0.000240422,77.11132311,35.24200974,FALSE,-5.8,0.73,0
0.000206076,77.11198356,35.24213754,FALSE,-5.8,0.73,0
0.000330613,77.111793,35.24337572,FALSE,-5.8,0.73,0
0.006716946,77.1192036,35.24426662,FALSE,-5.8,0.73,0
0.001116136,77.13495332,35.24551952,FALSE,-5.8,0.73,0
0.001065821,77.13647062,35.24185245,FALSE,-5.8,0.73,0
0.003559515,77.13422386,35.24118162,FALSE,-5.8,0.73,0
0.003492427,77.14868486,35.24613585,FALSE,-5.8,0.73,0
0.00443851,77.14565414,35.24399911,FALSE,-5.8,0.73,0
0.002812598,77.161886,35.23845894,FALSE,-5.8,0.73,0
0.001040718,77.16642846,35.25775504,FALSE,-12.07,0.63,0
0.000443325,77.1650188,35.25664227,FALSE,-12.07,0.63,0
0.001144685,77.17100878,35.2597533,FALSE,-12.07,0.63,0
0.000908678,77.16210189,35.25214189,FALSE,-12.07,0.63,0
0.001024867,77.16059999,35.24964098,FALSE,-5.8,0.73,0
0.000128808,77.15930398,35.24791277,FALSE,-5.8,0.73,0
0.000634383,77.15959375,35.24698789,FALSE,-5.8,0.73,0
0.001329388,77.15754676,35.24618984,FALSE,-5.8,0.73,0
0.006856112,77.15780726,35.24502949,FALSE,-5.8,0.73,0
0.004169614,77.16534925,35.24557499,FALSE,-5.8,0.73,0
0.005148291,77.1650712,35.2434218,FALSE,-5.8,0.73,0
0.013501652,77.1547102,35.24204381,FALSE,-5.8,0.73,0
0.005051852,77.15546743,35.24109836,FALSE,-5.8,0.73,0
0.001175656,77.14785151,35.24325434,FALSE,-5.8,0.73,0
0.000628072,77.15612622,35.24003854,FALSE,-5.8,0.73,0
0.003219904,77.15779049,35.23698053,FALSE,-5.8,0.73,0
0.000697642,77.15937495,35.22900186,FALSE,-5.8,0.73,0
0.001004567,77.1568681,35.23526336,FALSE,-5.8,0.73,0
0.001492781,77.15677731,35.23410105,FALSE,-5.8,0.73,0
0.00091454,77.157271,35.23324276,FALSE,-5.8,0.73,0
0.000774251,77.16138177,35.23408969,FALSE,-5.8,0.73,0
0.000700466,77.16240929,35.23496323,FALSE,-5.8,0.73,0
0.000489611,77.16058107,35.23343453,FALSE,-5.8,0.73,0
0.000551075,77.16139318,35.23349567,FALSE,-5.8,0.73,0
0.002955946,77.16074919,35.22021977,FALSE,-5.8,0.73,0
0.000753203,77.16027818,35.22217631,FALSE,-5.8,0.73,0
0.000205638,77.16005908,35.22002546,FALSE,-5.8,0.73,0
0.000898465,77.18118182,35.21315665,FALSE,-5.8,0.73,0
0.000848588,77.17908259,35.21115355,FALSE,-5.8,0.73,0
0.000973572,77.1761539,35.21259471,FALSE,-5.8,0.73,0
0.001607866,77.17544402,35.21405226,FALSE,-5.8,0.73,0
0.001088948,77.17053532,35.21370914,FALSE,-5.8,0.73,0
0.001081939,77.16928961,35.21555141,FALSE,-5.8,0.73,0
0.000330378,77.16558497,35.21522154,FALSE,-5.8,0.73,0
0.001409334,77.19599839,35.25500194,FALSE,-13.37,0.46,0
0.002476303,77.19904015,35.27601016,FALSE,-13.37,0.46,0
0.01285341,76.95157615,35.26279934,FALSE,-12.07,0.63,0
0.000975167,77.03459772,35.2032702,FALSE,-5.8,0.73,0
0.000370884,77.03261515,35.20248771,FALSE,-5.8,0.73,0
0.000426048,77.02750674,35.20312144,FALSE,-5.8,0.73,0
0.000468155,77.06429078,35.19361113,FALSE,-5.8,0.73,0
0.005023322,76.75065742,34.83113996,FALSE,-5.8,0.73,0
0.002734937,76.75143535,34.83203159,FALSE,-5.8,0.73,0
0.007660184,76.75640614,34.83324288,FALSE,-5.8,0.73,0
0.00385165,76.75772591,34.83489073,FALSE,-5.8,0.73,0
0.001656311,76.73301178,34.75069251,FALSE,-5.8,0.73,0
0.000919467,76.83801901,34.60018439,FALSE,-3.82,0.77,0
0.005956185,76.83708822,34.59992346,FALSE,-3.82,0.77,0
0.001379002,76.81437047,34.62195589,FALSE,-3.82,0.77,0
0.000182555,76.81612523,34.62240392,FALSE,-3.82,0.77,0
0.044277777,76.81290284,34.61885427,FALSE,-3.82,0.77,0
0.003016078,76.77346506,34.62358202,FALSE,-3.82,0.77,0
0.001520905,76.76943487,34.62216168,FALSE,-3.82,0.77,0
0.006544449,76.77035932,34.62061673,FALSE,-3.82,0.77,0
0.011729521,76.82611046,34.75718278,FALSE,-5.8,0.73,0
0.001865865,76.39909437,34.9314381,FALSE,-0.46,0.89,0
0.000956437,76.40273729,34.96487366,FALSE,-0.46,0.89,0
0.389057878,76.37281333,35.72082333,TRUE,-5.92,0.8,0
0.010200777,76.42837661,35.75880987,FALSE,-11.83,0.6,0
0.003456103,76.47547179,35.74931206,FALSE,-5.92,0.8,0
0.000953717,76.47177431,35.74900642,FALSE,-5.92,0.8,0
0.00115743,76.47238061,35.7494395,FALSE,-5.92,0.8,0
0.004515016,76.46684836,35.74034973,FALSE,-5.92,0.8,0
0.001873522,76.46504123,35.74123136,FALSE,-5.92,0.8,0
0.002070807,76.46961442,35.73952036,FALSE,-5.92,0.8,0
0.003374412,76.46169447,35.74044782,FALSE,-5.92,0.8,0
0.001925414,76.46033888,35.74073649,FALSE,-5.92,0.8,0
0.003369446,76.45886797,35.73871664,FALSE,-5.92,0.8,0
0.001291125,76.46491913,35.73820854,FALSE,-5.92,0.8,0
0.00193454,76.46246024,35.74059026,FALSE,-5.92,0.8,0
0.003315975,76.46683273,35.73695815,FALSE,-5.92,0.8,0
0.000715754,76.465127,35.72948863,FALSE,-5.92,0.8,0
0.003031911,76.46264624,35.73553304,FALSE,-5.92,0.8,0
0.000742463,76.46061523,35.73567949,FALSE,-5.92,0.8,0
0.002349006,76.46486146,35.73770854,FALSE,-5.92,0.8,0
0.001132142,76.46011422,35.73291415,FALSE,-5.92,0.8,0
0.000859273,76.46942802,35.73715244,FALSE,-5.92,0.8,0
0.00075809,76.46639301,35.73074052,FALSE,-5.92,0.8,0
0.000968143,76.46674215,35.7306314,FALSE,-5.92,0.8,0
0.000570865,76.46233956,35.72908698,FALSE,-5.92,0.8,0
0.00181239,76.46191137,35.7417966,FALSE,-5.92,0.8,0
0.001181867,76.4519633,35.74759557,FALSE,-5.92,0.8,0
0.000741004,76.45210953,35.74511472,FALSE,-5.92,0.8,0
0.001508891,76.45427186,35.74382403,FALSE,-5.92,0.8,0
0.00118691,76.45201656,35.74414838,FALSE,-5.92,0.8,0
0.003099519,76.45476535,35.7409735,FALSE,-5.92,0.8,0
0.001580582,76.45478121,35.74028115,FALSE,-5.92,0.8,0
0.001214391,76.45269833,35.73875148,FALSE,-5.92,0.8,0
0.001426643,76.44921834,35.74285501,FALSE,-5.92,0.8,0
0.002771908,76.45428224,35.73605182,FALSE,-5.92,0.8,0
0.001082306,76.44909394,35.73418878,FALSE,-5.92,0.8,0
0.0018052,76.45454019,35.72900231,FALSE,-5.92,0.8,0
0.001363388,76.44897493,35.73345907,FALSE,-5.92,0.8,0
0.000986365,76.45000024,35.7258556,FALSE,-5.92,0.8,0
0.003422764,76.44623795,35.72702983,FALSE,-5.92,0.8,0
0.004452312,76.44677542,35.73553928,FALSE,-5.92,0.8,0
0.003620895,76.43737867,35.74566755,FALSE,-5.92,0.8,0
0.001355276,76.44281552,35.74392488,FALSE,-5.92,0.8,0
0.000957946,76.44162386,35.74418072,FALSE,-5.92,0.8,0
0.002494322,76.44657641,35.74236441,FALSE,-5.92,0.8,0
0.001875282,76.43662273,35.74242763,FALSE,-5.92,0.8,0
0.0012076,76.43721243,35.74187938,FALSE,-5.92,0.8,0
0.000570403,76.43774764,35.74235239,FALSE,-5.92,0.8,0
0.003985714,76.44547774,35.73612736,FALSE,-5.92,0.8,0
0.000769423,76.44418402,35.7366531,FALSE,-5.92,0.8,0
0.00050972,76.4437701,35.73657904,FALSE,-5.92,0.8,0
0.001740348,76.4397353,35.73673592,FALSE,-5.92,0.8,0
0.001179909,76.43924441,35.7372935,FALSE,-5.92,0.8,0
0.000811807,76.43973616,35.73734914,FALSE,-5.92,0.8,0
0.004826015,76.43706494,35.73919231,FALSE,-5.92,0.8,0
0.001917941,76.43734582,35.74850641,FALSE,-5.92,0.8,0
0.002539713,76.43962142,35.74728586,FALSE,-5.92,0.8,0
0.002272136,76.4465836,35.74564532,FALSE,-5.92,0.8,0
0.003940969,76.43201343,35.75026734,FALSE,-11.83,0.6,0
0.000994741,76.43520175,35.75116978,FALSE,-11.83,0.6,0
0.004067424,76.43593828,35.74727901,FALSE,-5.92,0.8,0
0.005234158,76.43310326,35.74078973,FALSE,-5.92,0.8,0
0.002958673,76.42894923,35.74159876,FALSE,-5.92,0.8,0
0.002542822,76.42895965,35.74228744,FALSE,-5.92,0.8,0
0.000861319,76.41625209,35.75333938,FALSE,-11.83,0.6,0
0.000769098,76.41612907,35.7528387,FALSE,-11.83,0.6,0
0.000876158,76.42014024,35.75244094,FALSE,-11.83,0.6,0
0.000966871,76.41989075,35.75189753,FALSE,-11.83,0.6,0
0.001785743,76.41809761,35.75170557,FALSE,-11.83,0.6,0
0.002193929,76.41724081,35.75100093,FALSE,-11.83,0.6,0
0.003624164,76.41614245,35.75007192,FALSE,-11.83,0.6,0
0.003294622,76.42210755,35.74946588,FALSE,-5.92,0.8,0
0.000905777,76.42248302,35.75017553,FALSE,-11.83,0.6,0
0.001589517,76.42086052,35.75017641,FALSE,-11.83,0.6,0
0.000861232,76.42169421,35.75176237,FALSE,-11.83,0.6,0
0.00878806,76.42002332,35.74181307,FALSE,-5.92,0.8,0
0.001143062,76.41515289,35.74687229,FALSE,-5.92,0.8,0
0.000904104,76.41599035,35.75234906,FALSE,-11.83,0.6,0
0.003482581,76.41757886,35.74263709,FALSE,-5.92,0.8,0
0.001294195,76.41724953,35.74281008,FALSE,-5.92,0.8,0
0.001661983,76.41731808,35.74179194,FALSE,-5.92,0.8,0
0.001788813,76.41613038,35.74156111,FALSE,-5.92,0.8,0
0.00091285,76.41648218,35.73731585,FALSE,-5.92,0.8,0
0.001808234,76.42000583,35.73515966,FALSE,-5.92,0.8,0
0.00064544,76.41972259,35.73578029,FALSE,-5.92,0.8,0
0.00519449,76.41778547,35.75810691,FALSE,-11.83,0.6,0
0.001354926,76.42049307,35.75740488,FALSE,-11.83,0.6,0
0.000809311,76.42347356,35.757612,FALSE,-11.83,0.6,0
0.000930502,76.42284288,35.75672605,FALSE,-11.83,0.6,0
0.002462482,76.4233087,35.7594809,FALSE,-11.83,0.6,0
0.001392034,76.41700422,35.757188,FALSE,-11.83,0.6,0
0.000885444,76.41639264,35.75806986,FALSE,-11.83,0.6,0
0.000968256,76.41425535,35.75511037,FALSE,-11.83,0.6,0
0.001983015,76.41465434,35.75470069,FALSE,-11.83,0.6,0
0.002856294,76.41454121,35.75341221,FALSE,-11.83,0.6,0
0.000729471,76.41400227,35.75372085,FALSE,-11.83,0.6,0
0.005401832,76.4142807,35.75202366,FALSE,-11.83,0.6,0
0.001590704,76.4127284,35.74985768,FALSE,-5.92,0.8,0
0.005293162,76.41088793,35.75035816,FALSE,-11.83,0.6,0
0.002226057,76.40219528,35.75019484,FALSE,-11.83,0.6,0
0.002401537,76.40393558,35.75026395,FALSE,-11.83,0.6,0
0.003449807,76.40366894,35.74932471,FALSE,-5.92,0.8,0
0.001513297,76.41009606,35.74929403,FALSE,-5.92,0.8,0
0.001095996,76.40694715,35.74810792,FALSE,-5.92,0.8,0
0.001565129,76.40515843,35.74753294,FALSE,-5.92,0.8,0
0.001718245,76.40415912,35.74764984,FALSE,-5.92,0.8,0
0.000520504,76.40234653,35.74748012,FALSE,-5.92,0.8,0
0.001080758,76.40268723,35.74817817,FALSE,-5.92,0.8,0
0.002305086,76.40849595,35.75008249,FALSE,-11.83,0.6,0
0.000862703,76.41414491,35.74503358,FALSE,-5.92,0.8,0
0.000703573,76.41185219,35.74495629,FALSE,-5.92,0.8,0
0.001653407,76.40943338,35.74621299,FALSE,-5.92,0.8,0
0.000498251,76.40903418,35.74600546,FALSE,-5.92,0.8,0
0.000517109,76.40895343,35.74640177,FALSE,-5.92,0.8,0
0.002743388,76.40653196,35.74508129,FALSE,-5.92,0.8,0
0.000340185,76.40606985,35.74469282,FALSE,-5.92,0.8,0
0.000441554,76.41327072,35.74628871,FALSE,-5.92,0.8,0
0.000641319,76.41335084,35.74503754,FALSE,-5.92,0.8,0
0.0003843,76.40767117,35.74563353,FALSE,-5.92,0.8,0
0.000386933,76.40804717,35.74583989,FALSE,-5.92,0.8,0
0.000800449,76.40497555,35.74459894,FALSE,-5.92,0.8,0
0.004680812,76.38887857,35.75116628,FALSE,-11.83,0.6,0
0.002044247,76.39845297,35.74678297,FALSE,-5.92,0.8,0
0.003867617,76.39748054,35.74683394,FALSE,-5.92,0.8,0
0.001872983,76.39683969,35.7471429,FALSE,-5.92,0.8,0
0.00581505,76.39186694,35.74612969,FALSE,-5.92,0.8,0
0.004633936,76.38875374,35.7458451,FALSE,-5.92,0.8,0
0.002157898,76.38848349,35.74465953,FALSE,-5.92,0.8,0
0.001440996,76.38911883,35.74474837,FALSE,-5.92,0.8,0
0.003640427,76.38560889,35.74622612,FALSE,-5.92,0.8,0
0.002013519,76.38475107,35.74682501,FALSE,-5.92,0.8,0
0.006657501,76.3911338,35.74285866,FALSE,-5.92,0.8,0
0.006246667,76.39082817,35.74488919,FALSE,-5.92,0.8,0
0.000482998,76.39929222,35.74839427,FALSE,-5.92,0.8,0
0.001878188,76.39933339,35.74653431,FALSE,-5.92,0.8,0
0.002361514,76.39804296,35.74240064,FALSE,-5.92,0.8,0
0.000668975,76.39625405,35.74210329,FALSE,-5.92,0.8,0
0.000582809,76.39569614,35.74240413,FALSE,-5.92,0.8,0
0.000463864,76.39585689,35.74176022,FALSE,-5.92,0.8,0
0.000976543,76.39991715,35.74324554,FALSE,-5.92,0.8,0
0.000756443,76.40015411,35.74263886,FALSE,-5.92,0.8,0
0.002933473,76.39788445,35.7377775,FALSE,-5.92,0.8,0
0.003300681,76.39503455,35.7277885,FALSE,-5.92,0.8,0
0.003018537,76.39221411,35.72715732,FALSE,-5.92,0.8,0
0.004258771,76.39190385,35.72637111,FALSE,-5.92,0.8,0
0.000531807,76.39055151,35.72698861,FALSE,-5.92,0.8,0
0.00072412,76.38821323,35.7261269,FALSE,-5.92,0.8,0
0.000725495,76.38483592,35.72578202,FALSE,-5.92,0.8,0
0.001627711,76.3899051,35.7250031,FALSE,-5.92,0.8,0
0.00139908,76.38909449,35.72467414,FALSE,-5.92,0.8,0
0.004598974,76.38648043,35.72409146,FALSE,-5.92,0.8,0
0.000998699,76.38879668,35.7230698,FALSE,-5.92,0.8,0
0.00090426,76.38852883,35.72232888,FALSE,-5.92,0.8,0
0.01937333,76.39861528,35.72639153,FALSE,-5.92,0.8,0
0.00301645,76.39100466,35.73514073,FALSE,-5.92,0.8,0
0.000934825,76.39540247,35.73322694,FALSE,-5.92,0.8,0
0.003456554,76.38300293,35.7439728,FALSE,-5.92,0.8,0
0.000626819,76.38249723,35.74411379,FALSE,-5.92,0.8,0
0.005291923,76.38225454,35.74306487,FALSE,-5.92,0.8,0
0.001252971,76.37980079,35.74509718,FALSE,-5.92,0.8,0
0.002941787,76.37874586,35.74440075,FALSE,-5.92,0.8,0
0.003126572,76.3819651,35.73236656,FALSE,-5.92,0.8,0
0.001240347,76.37677022,35.7315418,FALSE,-5.92,0.8,0
0.005944881,76.37083557,35.73137331,FALSE,-5.92,0.8,0
0.001534311,76.37872862,35.73838874,FALSE,-5.92,0.8,0
0.002580185,76.37699654,35.73814674,FALSE,-5.92,0.8,0
0.001244496,76.37615177,35.73765609,FALSE,-5.92,0.8,0
0.001561633,76.37596512,35.73880746,FALSE,-5.92,0.8,0
0.001566649,76.37545553,35.73826554,FALSE,-5.92,0.8,0
0.001013267,76.3738041,35.73882876,FALSE,-5.92,0.8,0
0.000977018,76.37279116,35.73845953,FALSE,-5.92,0.8,0
0.001687417,76.37165816,35.73855028,FALSE,-5.92,0.8,0
0.001318473,76.37131671,35.73798191,FALSE,-5.92,0.8,0
0.006635202,76.37541562,35.74109199,FALSE,-5.92,0.8,0
0.001665518,76.373104,35.74109831,FALSE,-5.92,0.8,0
0.003889336,76.37131713,35.74113702,FALSE,-5.92,0.8,0
0.000741881,76.3691053,35.74244383,FALSE,-5.92,0.8,0
0.002431767,76.3697289,35.74304518,FALSE,-5.92,0.8,0
0.002965062,76.36762726,35.74202337,FALSE,-5.92,0.8,0
0.001923789,76.36699952,35.74093309,FALSE,-5.92,0.8,0
0.004316169,76.36832024,35.73796264,FALSE,-5.92,0.8,0
0.001793611,76.36708421,35.73751134,FALSE,-5.92,0.8,0
0.001369148,76.37233402,35.74027721,FALSE,-5.92,0.8,0
0.001501037,76.36981484,35.74212648,FALSE,-5.92,0.8,0
0.004655195,76.3764468,35.74261876,FALSE,-5.92,0.8,0
0.000899685,76.37689087,35.74206728,FALSE,-5.92,0.8,0
0.002203883,76.37798896,35.74255768,FALSE,-5.92,0.8,0
0.002956233,76.37936496,35.74338302,FALSE,-5.92,0.8,0
0.00765451,76.37106831,35.7445742,FALSE,-5.92,0.8,0
0.001395707,76.37367242,35.74481816,FALSE,-5.92,0.8,0
0.001438688,76.37246579,35.74460121,FALSE,-5.92,0.8,0
0.001249765,76.36726543,35.72793632,FALSE,-5.92,0.8,0
0.003936863,76.36690504,35.72879115,FALSE,-5.92,0.8,0
0.002537561,76.36573762,35.72952971,FALSE,-5.92,0.8,0
0.002303145,76.36730613,35.73011442,FALSE,-5.92,0.8,0
0.000850987,76.3683451,35.73129141,FALSE,-5.92,0.8,0
0.000845773,76.36953379,35.73212308,FALSE,-5.92,0.8,0
0.01079104,76.36252621,35.74977225,FALSE,-5.92,0.8,0
0.001848482,76.36263603,35.74631744,FALSE,-5.92,0.8,0
0.000640841,76.36161008,35.74635765,FALSE,-5.92,0.8,0
0.000569396,76.36549566,35.74425893,FALSE,-5.92,0.8,0
0.002467409,76.36518809,35.74239041,FALSE,-5.92,0.8,0
0.001095297,76.35835239,35.74340122,FALSE,-5.92,0.8,0
0.00127567,76.34884026,35.73993666,FALSE,-5.92,0.8,0
0.003391856,76.36232818,35.73869327,FALSE,-5.92,0.8,0
0.0011758,76.36336134,35.73880501,FALSE,-5.92,0.8,0
0.001859447,76.36398002,35.73865287,FALSE,-5.92,0.8,0
0.002641004,76.36558841,35.73839873,FALSE,-5.92,0.8,0
0.001335112,76.36459571,35.73770535,FALSE,-5.92,0.8,0
0.001261404,76.36587883,35.73739995,FALSE,-5.92,0.8,0
0.001124195,76.36591193,35.73499321,FALSE,-5.92,0.8,0
0.001686128,76.36434753,35.73313887,FALSE,-5.92,0.8,0
0.002459569,76.36308135,35.73188762,FALSE,-5.92,0.8,0
0.002340509,76.3623144,35.72962055,FALSE,-5.92,0.8,0
0.002243811,76.36228931,35.7287153,FALSE,-5.92,0.8,0
0.000670661,76.36105114,35.72896906,FALSE,-5.92,0.8,0
0.003074471,76.36095862,35.72785977,FALSE,-5.92,0.8,0
0.002513266,76.36073942,35.72734033,FALSE,-5.92,0.8,0
0.002484309,76.35981657,35.72797784,FALSE,-5.92,0.8,0
0.014674548,76.36455608,35.72705265,FALSE,-5.92,0.8,0
0.001598621,76.36569934,35.72786668,FALSE,-5.92,0.8,0
0.001549829,76.36590405,35.72834794,FALSE,-5.92,0.8,0
0.005032653,76.35960538,35.73179934,FALSE,-5.92,0.8,0
0.001634276,76.35833492,35.7323864,FALSE,-5.92,0.8,0
0.002510891,76.35758098,35.73300239,FALSE,-5.92,0.8,0
0.002242179,76.3551426,35.73200484,FALSE,-5.92,0.8,0
0.002409446,76.35976998,35.73346116,FALSE,-5.92,0.8,0
0.001570131,76.36030255,35.73313876,FALSE,-5.92,0.8,0
0.001593938,76.36264618,35.7380857,FALSE,-5.92,0.8,0
0.002435634,76.36024197,35.73002333,FALSE,-5.92,0.8,0
0.001839768,76.35905766,35.72987856,FALSE,-5.92,0.8,0
0.000552837,76.35826001,35.7307267,FALSE,-5.92,0.8,0
0.000918905,76.36259018,35.73095572,FALSE,-5.92,0.8,0
0.001083653,76.36292372,35.73100136,FALSE,-5.92,0.8,0
0.001029778,76.36238639,35.73042248,FALSE,-5.92,0.8,0
0.00056356,76.36268427,35.73012131,FALSE,-5.92,0.8,0
0.001078838,76.35024923,35.73454043,FALSE,-5.92,0.8,0
0.003150777,76.34909807,35.73483654,FALSE,-5.92,0.8,0
0.001855694,76.35193701,35.72462296,FALSE,-5.92,0.8,0
0.001099917,76.33841474,35.75121121,FALSE,-11.83,0.6,0
0.000716819,76.34009527,35.75138971,FALSE,-11.83,0.6,0
0.000787462,76.33630415,35.75208921,FALSE,-11.83,0.6,0
0.001597977,76.34415032,35.74548775,FALSE,-5.92,0.8,0
0.002061997,76.34380166,35.74457819,FALSE,-5.92,0.8,0
0.009449784,76.341802,35.7446482,FALSE,-5.92,0.8,0
0.001274027,76.33815203,35.74503522,FALSE,-5.92,0.8,0
0.001011214,76.33930497,35.7454465,FALSE,-5.92,0.8,0
0.000961783,76.33986915,35.74608957,FALSE,-5.92,0.8,0
0.001642345,76.33673463,35.74556061,FALSE,-5.92,0.8,0
0.001878941,76.33626842,35.7463752,FALSE,-5.92,0.8,0
0.000629846,76.33545914,35.74580574,FALSE,-5.92,0.8,0
0.000898764,76.3348291,35.74554454,FALSE,-5.92,0.8,0
0.003782544,76.34871299,35.73623867,FALSE,-5.92,0.8,0
0.000884535,76.34653339,35.73562848,FALSE,-5.92,0.8,0
0.00133688,76.34502962,35.73611938,FALSE,-5.92,0.8,0
0.000809828,76.34314816,35.73659959,FALSE,-5.92,0.8,0
0.001119305,76.3423792,35.73707494,FALSE,-5.92,0.8,0
0.004421989,76.33266213,35.73788374,FALSE,-5.92,0.8,0
0.000716504,76.34677336,35.73336254,FALSE,-5.92,0.8,0
0.001410969,76.34605221,35.73476349,FALSE,-5.92,0.8,0
0.003260726,76.33950931,35.72862298,FALSE,-5.92,0.8,0
0.010056369,76.33160108,35.72987316,FALSE,-5.92,0.8,0
0.001584397,76.32947436,35.7516613,FALSE,-11.83,0.6,0
0.000474605,76.32899324,35.7517458,FALSE,-11.83,0.6,0
0.002585512,76.32690589,35.75265666,FALSE,-11.83,0.6,0
0.000482194,76.32725704,35.75028666,FALSE,-11.83,0.6,0
0.005389728,76.3239892,35.74909215,FALSE,-5.92,0.8,0
0.001320558,76.32330423,35.7485015,FALSE,-5.92,0.8,0
0.002057628,76.32493316,35.74618143,FALSE,-5.92,0.8,0
0.001087846,76.32516709,35.74713735,FALSE,-5.92,0.8,0
0.000624643,76.32562934,35.74705865,FALSE,-5.92,0.8,0
0.000499058,76.3210818,35.74672017,FALSE,-5.92,0.8,0
0.010311168,76.31876073,35.74638895,FALSE,-5.92,0.8,0
0.001436267,76.3280372,35.7443975,FALSE,-5.92,0.8,0
0.001140966,76.33037357,35.74743914,FALSE,-5.92,0.8,0
0.000555272,76.32998052,35.74601353,FALSE,-5.92,0.8,0
0.000728305,76.32672737,35.73667505,FALSE,-5.92,0.8,0
0.000959756,76.32959616,35.72920591,FALSE,-5.92,0.8,0
0.001926789,76.32842751,35.72872252,FALSE,-5.92,0.8,0
0.003801019,76.32753263,35.72947064,FALSE,-5.92,0.8,0
0.000673795,76.32614998,35.72930669,FALSE,-5.92,0.8,0
0.000417261,76.31090052,35.72642274,FALSE,-5.92,0.8,0
0.000590759,76.31028743,35.72634614,FALSE,-5.92,0.8,0
0.00095711,76.30997836,35.72774539,FALSE,-5.92,0.8,0
0.043638659,76.32336608,35.75334657,FALSE,-11.83,0.6,0
0.001364437,76.32486306,35.75080857,FALSE,-11.83,0.6,0
0.00249623,76.3228244,35.75050843,FALSE,-11.83,0.6,0
0.000447852,76.32215646,35.75048067,FALSE,-11.83,0.6,0
0.000582131,76.32159952,35.75046781,FALSE,-11.83,0.6,0
0.00059991,76.32243174,35.74951803,FALSE,-5.92,0.8,0
0.004199886,76.31313873,35.74657352,FALSE,-5.92,0.8,0
0.005102939,76.31085127,35.74691321,FALSE,-5.92,0.8,0
0.003478552,76.3066422,35.74709163,FALSE,-5.92,0.8,0
0.001037438,76.31805074,35.75007535,FALSE,-11.83,0.6,0
0.001395251,76.31587292,35.74960351,FALSE,-5.92,0.8,0
0.000513267,76.31495438,35.75026477,FALSE,-11.83,0.6,0
0.00088829,76.31400239,35.74997237,FALSE,-5.92,0.8,0
0.000610322,76.31274595,35.74918048,FALSE,-5.92,0.8,0
0.000678212,76.31317221,35.748891,FALSE,-5.92,0.8,0
0.000455112,76.31170152,35.74882004,FALSE,-5.92,0.8,0
0.000940864,76.31058252,35.74851549,FALSE,-5.92,0.8,0
0.003144163,76.30669213,35.75046298,FALSE,-11.83,0.6,0
0.000504325,76.30968208,35.75233843,FALSE,-11.83,0.6,0
0.001284295,76.31265148,35.74375423,FALSE,-5.92,0.8,0
0.00049679,76.31291756,35.74602595,FALSE,-5.92,0.8,0
0.000861845,76.31268868,35.74572435,FALSE,-5.92,0.8,0
0.000545315,76.31668581,35.74405969,FALSE,-5.92,0.8,0
0.000683702,76.31895676,35.7438161,FALSE,-5.92,0.8,0
0.001173805,76.31557157,35.73629687,FALSE,-5.92,0.8,0
0.000779619,76.32080535,35.73767519,FALSE,-5.92,0.8,0
0.000299529,76.31559348,35.73937792,FALSE,-5.92,0.8,0
0.000858746,76.31485362,35.73813065,FALSE,-5.92,0.8,0
0.001658647,76.30947621,35.73851304,FALSE,-5.92,0.8,0
0.002532463,76.30593915,35.74011896,FALSE,-5.92,0.8,0
0.000382499,76.30866781,35.73368216,FALSE,-5.92,0.8,0
0.001256315,76.30686467,35.72853923,FALSE,-5.92,0.8,0
0.000210928,76.30650172,35.72925378,FALSE,-5.92,0.8,0
0.001962721,76.3118948,35.7236198,FALSE,-5.92,0.8,0
0.000458329,76.31108058,35.7236333,FALSE,-5.92,0.8,0
0.002491775,76.31195799,35.72179357,FALSE,-5.92,0.8,0
0.000687633,76.31396559,35.71672073,FALSE,-5.92,0.8,0
0.001514371,76.31684974,35.7103313,FALSE,-5.92,0.8,0
0.000444732,76.3151496,35.71042243,FALSE,-5.92,0.8,0
0.001038563,76.31506669,35.71097815,FALSE,-5.92,0.8,0
0.015274286,76.305802,35.75133681,FALSE,-11.83,0.6,0
0.000642728,76.30255326,35.75097023,FALSE,-11.83,0.6,0
0.000382053,76.30535733,35.74859988,FALSE,-5.92,0.8,0
0.000360498,76.30554491,35.74806794,FALSE,-5.92,0.8,0
0.000639427,76.30319211,35.7488003,FALSE,-5.92,0.8,0
0.000610214,76.30161792,35.74766158,FALSE,-5.92,0.8,0
0.001744256,76.30276814,35.74678176,FALSE,-5.92,0.8,0
0.00046052,76.29954933,35.74597097,FALSE,-5.92,0.8,0
0.000469378,76.29728544,35.74633563,FALSE,-5.92,0.8,0
0.00068251,76.29666604,35.74629346,FALSE,-5.92,0.8,0
0.002749191,76.29320641,35.74575502,FALSE,-5.92,0.8,0
0.00048331,76.29288599,35.74650083,FALSE,-5.92,0.8,0
0.000370146,76.29587583,35.74438293,FALSE,-5.92,0.8,0
0.007809726,76.3025837,35.73991576,FALSE,-5.92,0.8,0
0.000911555,76.29888827,35.74036453,FALSE,-5.92,0.8,0
0.00575379,76.29948109,35.74059448,FALSE,-5.92,0.8,0
0.000544966,76.2983356,35.7391198,FALSE,-5.92,0.8,0
0.000501552,76.29780872,35.73821672,FALSE,-5.92,0.8,0
0.002242981,76.29460644,35.73897684,FALSE,-5.92,0.8,0
0.001096074,76.29424973,35.7379119,FALSE,-5.92,0.8,0
0.000887504,76.29499948,35.73729079,FALSE,-5.92,0.8,0
0.000456665,76.29227522,35.73836917,FALSE,-5.92,0.8,0
0.000545003,76.28791501,35.73749787,FALSE,-5.92,0.8,0
0.001080609,76.28855705,35.73574134,FALSE,-5.92,0.8,0
0.001620108,76.28630689,35.73396223,FALSE,-5.92,0.8,0
0.001819567,76.28215671,35.73529244,FALSE,-5.92,0.8,0
0.031023067,76.28108545,35.72736889,FALSE,-5.92,0.8,0
0.00175912,76.27926981,35.72634821,FALSE,-5.92,0.8,0
0.000827372,76.30404393,35.73694139,FALSE,-5.92,0.8,0
0.000603271,76.30480465,35.74379547,FALSE,-5.92,0.8,0
0.001055484,76.29102113,35.74851625,FALSE,-5.92,0.8,0
0.000405673,76.28938102,35.74723853,FALSE,-5.92,0.8,0
0.002740119,76.28412103,35.74707013,FALSE,-5.92,0.8,0
0.000719212,76.28649597,35.7436198,FALSE,-5.92,0.8,0
0.000351721,76.28375676,35.74258157,FALSE,-5.92,0.8,0
0.001174539,76.28644407,35.73724288,FALSE,-5.92,0.8,0
0.000528068,76.2839641,35.73604886,FALSE,-5.92,0.8,0
0.000255271,76.28421623,35.73665089,FALSE,-5.92,0.8,0
0.000350226,76.2817887,35.73577749,FALSE,-5.92,0.8,0
0.000969866,76.2806033,35.74910023,FALSE,-5.92,0.8,0
0.002038731,76.28030037,35.74748299,FALSE,-5.92,0.8,0
0.001281464,76.27892186,35.74823786,FALSE,-5.92,0.8,0
0.007588582,76.27851629,35.74692939,FALSE,-5.92,0.8,0
0.001139007,76.27332874,35.74847024,FALSE,-5.92,0.8,0
0.001892129,76.27185543,35.74773782,FALSE,-5.92,0.8,0
0.00185289,76.27264378,35.74722201,FALSE,-5.92,0.8,0
0.000949884,76.2721406,35.7463478,FALSE,-5.92,0.8,0
0.001160911,76.27451252,35.74604432,FALSE,-5.92,0.8,0
0.001170621,76.27372699,35.74594574,FALSE,-5.92,0.8,0
0.007171876,76.27394865,35.74436256,FALSE,-5.92,0.8,0
0.001431708,76.27551106,35.74286062,FALSE,-5.92,0.8,0
0.001741563,76.27464083,35.74290331,FALSE,-5.92,0.8,0
0.001723113,76.27424556,35.74254537,FALSE,-5.92,0.8,0
0.00224323,76.27050333,35.74047462,FALSE,-5.92,0.8,0
0.000473475,76.27205681,35.73992794,FALSE,-5.92,0.8,0
0.001173094,76.27177678,35.73848939,FALSE,-5.92,0.8,0
0.002603467,76.26353062,35.73833998,FALSE,-5.92,0.8,0
0.000863803,76.26834503,35.74060842,FALSE,-5.92,0.8,0
0.004910235,76.26738132,35.74171267,FALSE,-5.92,0.8,0
0.001270508,76.26646303,35.74103286,FALSE,-5.92,0.8,0
0.002014155,76.26488944,35.74130053,FALSE,-5.92,0.8,0
0.001352469,76.26568649,35.74341444,FALSE,-5.92,0.8,0
0.000633155,76.26444548,35.74439455,FALSE,-5.92,0.8,0
0.000288047,76.26558731,35.74428801,FALSE,-5.92,0.8,0
0.000532485,76.26674789,35.74581971,FALSE,-5.92,0.8,0
0.001790088,76.27755592,35.74510356,FALSE,-5.92,0.8,0
0.00918135,76.27378555,35.73554746,FALSE,-5.92,0.8,0
0.002381131,76.27015829,35.73214631,FALSE,-5.92,0.8,0
0.001242637,76.26818577,35.73423212,FALSE,-5.92,0.8,0
0.001209001,76.26501899,35.73305089,FALSE,-5.92,0.8,0
0.000218566,76.27668167,35.73381752,FALSE,-5.92,0.8,0
0.000580849,76.266499,35.73914298,FALSE,-5.92,0.8,0
0.003293462,76.27253174,35.72842211,FALSE,-5.92,0.8,0
0.000555087,76.27510443,35.72867975,FALSE,-5.92,0.8,0
0.000956549,76.27638552,35.73008888,FALSE,-5.92,0.8,0
0.000656371,76.27423088,35.72966839,FALSE,-5.92,0.8,0
0.001478087,76.27128573,35.73408662,FALSE,-5.92,0.8,0
0.001139407,76.26144972,35.74099679,FALSE,-5.92,0.8,0
0.00105742,76.25931398,35.74254292,FALSE,-5.92,0.8,0
0.00382144,76.2572693,35.74276559,FALSE,-5.92,0.8,0
0.001544861,76.25631898,35.74135578,FALSE,-5.92,0.8,0
0.001375432,76.25355417,35.74223108,FALSE,-5.92,0.8,0
0.001892192,76.25116322,35.74025508,FALSE,-5.92,0.8,0
0.000341728,76.26070403,35.74367083,FALSE,-5.92,0.8,0
0.000161802,76.26121461,35.74368161,FALSE,-5.92,0.8,0
0.000125558,76.26243392,35.74318535,FALSE,-5.92,0.8,0
0.000831676,76.26059775,35.7376063,FALSE,-5.92,0.8,0
0.002557648,76.2539324,35.73710892,FALSE,-5.92,0.8,0
0.000683468,76.25114492,35.73891528,FALSE,-5.92,0.8,0
0.00266516,76.24864187,35.73735543,FALSE,-5.92,0.8,0
0.000313783,76.24848577,35.73825466,FALSE,-5.92,0.8,0
0.000908909,76.25427102,35.72950897,FALSE,-5.92,0.8,0
0.001188519,76.25101221,35.72990328,FALSE,-5.92,0.8,0
0.00144203,76.25279634,35.73024321,FALSE,-5.92,0.8,0
0.000512977,76.25112169,35.73096515,FALSE,-5.92,0.8,0
0.000361734,76.25181945,35.73117868,FALSE,-5.92,0.8,0
0.00247037,76.26287914,35.72790177,FALSE,-5.92,0.8,0
0.001041582,76.25401047,35.7273587,FALSE,-5.92,0.8,0
0.000701877,76.25506335,35.72624412,FALSE,-5.92,0.8,0
0.002572161,76.24421722,35.74613864,FALSE,-5.92,0.8,0
0.003209413,76.23775781,35.74316284,FALSE,-5.92,0.8,0
0.000319923,76.23864794,35.74361932,FALSE,-5.92,0.8,0
0.000832502,76.24726403,35.74115294,FALSE,-5.92,0.8,0
0.00127334,76.24552342,35.74114207,FALSE,-5.92,0.8,0
0.000497725,76.2445917,35.73906244,FALSE,-5.92,0.8,0
0.002040003,76.24497356,35.73786934,FALSE,-5.92,0.8,0
0.003028303,76.24578813,35.73794838,FALSE,-5.92,0.8,0
0.000877943,76.24575399,35.73858262,FALSE,-5.92,0.8,0
0.006669459,76.24277034,35.73762588,FALSE,-5.92,0.8,0
0.001120223,76.24768736,35.73373776,FALSE,-5.92,0.8,0
0.002826077,76.24687536,35.7330261,FALSE,-5.92,0.8,0
0.003217338,76.24449942,35.73320711,FALSE,-5.92,0.8,0
0.012673853,76.24250715,35.73326621,FALSE,-5.92,0.8,0
0.000913291,76.23969782,35.73320356,FALSE,-5.92,0.8,0
0.001768195,76.23732852,35.73359801,FALSE,-5.92,0.8,0
0.002435398,76.23498827,35.73486152,FALSE,-5.92,0.8,0
0.007148534,76.23554671,35.73820728,FALSE,-5.92,0.8,0
0.001028825,76.23627462,35.73669349,FALSE,-5.92,0.8,0
0.000638823,76.23614844,35.73738514,FALSE,-5.92,0.8,0
0.002927271,76.24938349,35.72765975,FALSE,-5.92,0.8,0
0.000548498,76.24890392,35.72859425,FALSE,-5.92,0.8,0
0.000574373,76.24786697,35.72796296,FALSE,-5.92,0.8,0
0.000698241,76.24550249,35.72728886,FALSE,-5.92,0.8,0
0.001246031,76.24596455,35.72640779,FALSE,-5.92,0.8,0
0.001722601,76.24291455,35.7281874,FALSE,-5.92,0.8,0
0.000208032,76.24244872,35.72827455,FALSE,-5.92,0.8,0
0.002255946,76.24155546,35.72833261,FALSE,-5.92,0.8,0
0.004127473,76.24049259,35.72884962,FALSE,-5.92,0.8,0
0.000419097,76.23921771,35.72917779,FALSE,-5.92,0.8,0
0.001069126,76.23718026,35.73065237,FALSE,-5.92,0.8,0
0.001041879,76.23762412,35.73100597,FALSE,-5.92,0.8,0
0.00157665,76.24207031,35.73057039,FALSE,-5.92,0.8,0
0.001581755,76.24324012,35.73000515,FALSE,-5.92,0.8,0
0.000883985,76.24349256,35.72225092,FALSE,-5.92,0.8,0
0.000639686,76.2423085,35.72197804,FALSE,-5.92,0.8,0
0.000150313,76.2410349,35.72196916,FALSE,-5.92,0.8,0
0.000359792,76.24147588,35.72144474,FALSE,-5.92,0.8,0
0.010686249,76.23873283,35.72705733,FALSE,-5.92,0.8,0
0.003542252,76.22722375,35.73462625,FALSE,-5.92,0.8,0
0.000435238,76.22648138,35.73461853,FALSE,-5.92,0.8,0
0.0073363,76.22612775,35.7326946,FALSE,-5.92,0.8,0
0.000765832,76.23378136,35.73455377,FALSE,-5.92,0.8,0
0.00261775,76.23373391,35.73408854,FALSE,-5.92,0.8,0
0.000973832,76.23486906,35.73149009,FALSE,-5.92,0.8,0
0.00170945,76.23346992,35.73162925,FALSE,-5.92,0.8,0
0.002802146,76.23275823,35.73161127,FALSE,-5.92,0.8,0
0.00162539,76.23093658,35.73242631,FALSE,-5.92,0.8,0
0.000203069,76.2314334,35.73233423,FALSE,-5.92,0.8,0
0.000434905,76.2312126,35.73261603,FALSE,-5.92,0.8,0
0.001796056,76.23143471,35.73050324,FALSE,-5.92,0.8,0
0.003175805,76.22851381,35.7303547,FALSE,-5.92,0.8,0
0.002141861,76.22708826,35.72897022,FALSE,-5.92,0.8,0
0.001396516,76.22213185,35.72998754,FALSE,-5.92,0.8,0
0.000522301,76.22292519,35.7301856,FALSE,-5.92,0.8,0
0.000764907,76.22235561,35.72951346,FALSE,-5.92,0.8,0
0.008518156,76.21994715,35.73036197,FALSE,-5.92,0.8,0
0.000401822,76.21925481,35.72945399,FALSE,-5.92,0.8,0
0.001495743,76.2202593,35.72874797,FALSE,-5.92,0.8,0
0.001270817,76.22225695,35.72677059,FALSE,-5.92,0.8,0
0.000866816,76.21942116,35.72412684,FALSE,-5.92,0.8,0
0.000790001,76.22051774,35.72334692,FALSE,-5.92,0.8,0
0.002728893,76.22430889,35.72346784,FALSE,-5.92,0.8,0
0.001085931,76.22398657,35.72278709,FALSE,-5.92,0.8,0
0.003197078,76.22285582,35.72211805,FALSE,-5.92,0.8,0
0.001530917,76.22127067,35.7206212,FALSE,-5.92,0.8,0
0.000553049,76.2197955,35.71991003,FALSE,-5.92,0.8,0
0.004000366,76.22059901,35.71855803,FALSE,-5.92,0.8,0
0.000800605,76.23073785,35.71484456,FALSE,-5.92,0.8,0
0.00416744,76.22974074,35.72022742,FALSE,-5.92,0.8,0
0.001050634,76.23091175,35.72068856,FALSE,-5.92,0.8,0
0.000559757,76.23387431,35.72400612,FALSE,-5.92,0.8,0
0.000208528,76.23426951,35.72442842,FALSE,-5.92,0.8,0
0.000225058,76.23217079,35.72463517,FALSE,-5.92,0.8,0
0.00110309,76.23576036,35.72612563,FALSE,-5.92,0.8,0
0.00043803,76.23781848,35.72051998,FALSE,-5.92,0.8,0
0.001916874,76.2160386,35.7308552,FALSE,-5.92,0.8,0
0.000636616,76.22414832,35.71179337,FALSE,-5.92,0.8,0
0.003860948,76.21399306,35.73075635,FALSE,-5.92,0.8,0
0.000322971,76.21269832,35.73130605,FALSE,-5.92,0.8,0
0.006307104,76.21516689,35.72887363,FALSE,-5.92,0.8,0
0.002103393,76.21291676,35.7283048,FALSE,-5.92,0.8,0
0.00097047,76.21352473,35.7280586,FALSE,-5.92,0.8,0
0.002265023,76.21366721,35.72729324,FALSE,-5.92,0.8,0
0.000910602,76.21141493,35.72861649,FALSE,-5.92,0.8,0
0.000828458,76.21071996,35.72898166,FALSE,-5.92,0.8,0
0.006227533,76.21032508,35.72815485,FALSE,-5.92,0.8,0
0.00063409,76.21046446,35.72629478,FALSE,-5.92,0.8,0
0.000401199,76.2115664,35.72663206,FALSE,-5.92,0.8,0
0.000714766,76.20880904,35.72618897,FALSE,-5.92,0.8,0
0.005380991,76.2083183,35.72526578,FALSE,-5.92,0.8,0
0.000118232,76.21031116,35.72460164,FALSE,-5.92,0.8,0
0.000195981,76.20998554,35.72568423,FALSE,-5.92,0.8,0
0.008484966,76.21311496,35.72395615,FALSE,-5.92,0.8,0
0.002602551,76.20753794,35.72254635,FALSE,-5.92,0.8,0
0.001786709,76.21186304,35.71986606,FALSE,-5.92,0.8,0
0.000698219,76.21439886,35.72034144,FALSE,-5.92,0.8,0
0.001086678,76.21855358,35.72069108,FALSE,-5.92,0.8,0
0.000446945,76.21538469,35.71792246,FALSE,-5.92,0.8,0
0.001067859,76.21310351,35.71682141,FALSE,-5.92,0.8,0
0.000560302,76.21223939,35.71723511,FALSE,-5.92,0.8,0
0.001532341,76.21269774,35.71717478,FALSE,-5.92,0.8,0
0.01033744,76.20786878,35.71787116,FALSE,-5.92,0.8,0
0.003207418,76.20693471,35.71932032,FALSE,-5.92,0.8,0
0.001975693,76.20877594,35.71341704,FALSE,-5.92,0.8,0
0.002142418,76.20723945,35.71446213,FALSE,-5.92,0.8,0
0.001547118,76.20557698,35.71766571,FALSE,-5.92,0.8,0
0.001108776,76.20190494,35.72250273,FALSE,-5.92,0.8,0
0.001077864,76.202394,35.7230511,FALSE,-5.92,0.8,0
0.00344219,76.20450182,35.72385469,FALSE,-5.92,0.8,0
0.000604925,76.20425598,35.72466001,FALSE,-5.92,0.8,0
0.001100697,76.20179355,35.7261782,FALSE,-5.92,0.8,0
0.009634759,76.20300509,35.72850857,FALSE,-5.92,0.8,0
0.000478859,76.20209256,35.72988209,FALSE,-5.92,0.8,0
0.000764584,76.20266239,35.7298349,FALSE,-5.92,0.8,0
0.000683787,76.20535985,35.72931016,FALSE,-5.92,0.8,0
0.002554755,76.20625278,35.72925368,FALSE,-5.92,0.8,0
0.000505053,76.20648592,35.72876306,FALSE,-5.92,0.8,0
0.000480995,76.20622046,35.72860515,FALSE,-5.92,0.8,0
0.000531102,76.20563517,35.72818384,FALSE,-5.92,0.8,0
0.000598391,76.20676492,35.73025723,FALSE,-5.92,0.8,0
0.000635658,76.20109139,35.72392371,FALSE,-5.92,0.8,0
0.000157479,76.20155103,35.7237316,FALSE,-5.92,0.8,0
0.000410086,76.20219654,35.72392759,FALSE,-5.92,0.8,0
0.000805891,76.20054849,35.72515519,FALSE,-5.92,0.8,0
0.001360497,76.20327139,35.72422881,FALSE,-5.92,0.8,0
0.001586435,76.20754992,35.71305806,FALSE,-5.92,0.8,0
0.000703627,76.20642499,35.71345424,FALSE,-5.92,0.8,0
0.000750408,76.20676162,35.71326317,FALSE,-5.92,0.8,0
0.001243333,76.20667371,35.71418137,FALSE,-5.92,0.8,0
0.011687914,76.20493845,35.71446819,FALSE,-5.92,0.8,0
0.001016128,76.19525523,35.72345068,FALSE,-5.92,0.8,0
0.001086866,76.19742659,35.72324168,FALSE,-5.92,0.8,0
0.001145932,76.1984131,35.72123638,FALSE,-5.92,0.8,0
0.003480912,76.19922052,35.71917231,FALSE,-5.92,0.8,0
0.002771078,76.19927939,35.71834934,FALSE,-5.92,0.8,0
0.001248197,76.20136333,35.71850329,FALSE,-5.92,0.8,0
0.00336333,76.20182366,35.7165646,FALSE,-5.92,0.8,0
0.003405759,76.20397724,35.71590056,FALSE,-5.92,0.8,0
0.000723769,76.2054786,35.71333577,FALSE,-5.92,0.8,0
0.000825643,76.20450503,35.71272616,FALSE,-5.92,0.8,0
0.001499782,76.20347219,35.71180183,FALSE,-5.92,0.8,0
0.002147758,76.20182032,35.71254474,FALSE,-5.92,0.8,0
0.015773562,76.19971422,35.71413467,FALSE,-5.92,0.8,0
0.016783956,76.19854438,35.7098898,FALSE,-5.92,0.8,0
0.002887539,76.19792515,35.71130808,FALSE,-5.92,0.8,0
0.002896477,76.19908421,35.7114401,FALSE,-5.92,0.8,0
0.00075467,76.20125256,35.71231824,FALSE,-5.92,0.8,0
0.000351212,76.20171478,35.71070127,FALSE,-5.92,0.8,0
0.00096664,76.19427536,35.70981679,FALSE,-5.92,0.8,0
0.001137831,76.19385117,35.71059551,FALSE,-5.92,0.8,0
0.001749576,76.19481026,35.70576673,FALSE,-5.92,0.8,0
0.000813512,76.19648183,35.70710699,FALSE,-5.92,0.8,0
0.00158829,76.19176751,35.70704497,FALSE,-5.92,0.8,0
0.005000469,76.1897082,35.71028584,FALSE,-5.92,0.8,0
0.000548753,76.18865545,35.71171087,FALSE,-5.92,0.8,0
0.001261559,76.19307651,35.71487718,FALSE,-5.92,0.8,0
0.00173598,76.19113504,35.7146211,FALSE,-5.92,0.8,0
0.004401476,76.18601467,35.71465702,FALSE,-5.92,0.8,0
0.002478686,76.1846533,35.71609426,FALSE,-5.92,0.8,0
0.004766977,76.1850918,35.71666859,FALSE,-5.92,0.8,0
0.001770006,76.19038623,35.71849147,FALSE,-5.92,0.8,0
0.000594777,76.18994528,35.7170584,FALSE,-5.92,0.8,0
0.0004473,76.18873477,35.7176646,FALSE,-5.92,0.8,0
0.000437987,76.18832029,35.71765084,FALSE,-5.92,0.8,0
0.003210634,76.18803298,35.71999143,FALSE,-5.92,0.8,0
0.001255962,76.1891558,35.72138717,FALSE,-5.92,0.8,0
0.000818077,76.18331797,35.71880468,FALSE,-5.92,0.8,0
0.000823217,76.18129998,35.71612389,FALSE,-5.92,0.8,0
0.002401383,76.1816569,35.71666782,FALSE,-5.92,0.8,0
0.000410233,76.18083639,35.7145385,FALSE,-5.92,0.8,0
0.000670778,76.18194645,35.71190153,FALSE,-5.92,0.8,0
0.001622976,76.18373265,35.71207398,FALSE,-5.92,0.8,0
0.025654756,76.18124511,35.70942757,FALSE,-5.92,0.8,0
0.011672289,76.17642729,35.71103822,FALSE,-5.92,0.8,0
0.000950095,76.17580726,35.71066439,FALSE,-5.92,0.8,0
0.000588188,76.1748458,35.71308124,FALSE,-5.92,0.8,0
0.001128849,76.17627832,35.7082651,FALSE,-5.92,0.8,0
0.002238816,76.18072914,35.70722637,FALSE,-5.92,0.8,0
0.00061066,76.18366126,35.70730138,FALSE,-5.92,0.8,0
0.000235819,76.18292824,35.70801588,FALSE,-5.92,0.8,0
0.000339351,76.18128341,35.70799852,FALSE,-5.92,0.8,0
0.005864435,76.17739125,35.70330761,FALSE,-5.92,0.8,0
0.000504374,76.17987238,35.70338114,FALSE,-5.92,0.8,0
0.000504799,76.17879671,35.70278292,FALSE,-5.92,0.8,0
0.003285178,76.1816929,35.70287317,FALSE,-5.92,0.8,0
0.000626123,76.18486807,35.70222256,FALSE,-5.92,0.8,0
0.002255099,76.18763158,35.70358297,FALSE,-5.92,0.8,0
0.000672814,76.18883682,35.70424456,FALSE,-5.92,0.8,0
0.001486439,76.19144044,35.70428278,FALSE,-5.92,0.8,0
0.002864928,76.18880585,35.7054167,FALSE,-5.92,0.8,0
0.000351413,76.18588559,35.70782671,FALSE,-5.92,0.8,0
0.001551827,76.19287221,35.70291525,FALSE,-5.92,0.8,0
0.004784328,76.19173342,35.70189307,FALSE,-5.92,0.8,0
0.001555399,76.18967072,35.70185245,FALSE,-5.92,0.8,0
0.001481155,76.18451114,35.69965012,FALSE,-5.92,0.8,0
0.003340471,76.18637033,35.70116996,FALSE,-5.92,0.8,0
0.000393621,76.17764455,35.70030686,FALSE,-5.92,0.8,0
0.00124972,76.17494693,35.70089766,FALSE,-5.92,0.8,0
0.00109919,76.17331828,35.70041952,FALSE,-5.92,0.8,0
0.000357749,76.17286679,35.70199168,FALSE,-5.92,0.8,0
0.001003394,76.17021638,35.70631471,FALSE,-5.92,0.8,0
0.000414604,76.17393002,35.71035424,FALSE,-5.92,0.8,0
0.000734687,76.17678429,35.70950999,FALSE,-5.92,0.8,0
0.002931859,76.18036138,35.70442808,FALSE,-5.92,0.8,0
0.000221416,76.17987212,35.70493682,FALSE,-5.92,0.8,0
0.005575844,76.16891344,35.68815689,FALSE,-5.92,0.8,0
0.000297337,76.16700757,35.68881282,FALSE,-5.92,0.8,0
0.002462101,76.15520022,35.68754981,FALSE,-5.92,0.8,0
0.004142117,75.30033547,36.09455633,FALSE,-3.39,0.77,0
0.000586514,75.30083443,36.08435967,FALSE,-3.39,0.77,0
0.001045906,75.29961013,36.08361466,FALSE,-3.39,0.77,0
0.000228271,75.30010182,36.08378189,FALSE,-3.39,0.77,0
0.000366096,75.3013356,36.08391323,FALSE,-3.39,0.77,0
0.001070199,75.29868612,36.08237969,FALSE,-3.39,0.77,0
0.000764117,75.29842015,36.08188643,FALSE,-3.39,0.77,0
0.000666499,75.29719596,36.08193145,FALSE,-3.39,0.77,0
0.001284379,75.29638616,36.08099158,FALSE,-3.39,0.77,0
0.000331987,75.29815271,36.08293104,FALSE,-3.39,0.77,0
0.00041536,75.29648356,36.08413144,FALSE,-3.39,0.77,0
0.001227268,75.29587363,36.08400797,FALSE,-3.39,0.77,0
0.001512287,75.29383153,36.08393628,FALSE,-3.39,0.77,0
0.000464198,75.29468844,36.08349064,FALSE,-3.39,0.77,0
0.000319064,75.29513245,36.0836267,FALSE,-3.39,0.77,0
0.00079304,75.29501176,36.08288393,FALSE,-3.39,0.77,0
0.000619952,75.29237408,36.08313196,FALSE,-3.39,0.77,0
0.000759271,75.29148534,36.08301539,FALSE,-3.39,0.77,0
0.000979897,75.28977699,36.08281561,FALSE,-3.39,0.77,0
0.000854124,75.2887379,36.082617,FALSE,-3.39,0.77,0
0.000850072,75.28793858,36.08242558,FALSE,-3.39,0.77,0
0.000801037,75.28624874,36.08228117,FALSE,-3.39,0.77,0
0.00086586,75.28640171,36.08145056,FALSE,-3.39,0.77,0
0.000964159,75.28723562,36.0814102,FALSE,-3.39,0.77,0
0.001670605,75.28843704,36.08154913,FALSE,-3.39,0.77,0
0.000523072,75.28955414,36.0816522,FALSE,-3.39,0.77,0
0.000633899,75.29050167,36.08061922,FALSE,-3.39,0.77,0
0.000226199,75.28989901,36.0806781,FALSE,-3.39,0.77,0
0.000347492,75.28950446,36.08045309,FALSE,-3.39,0.77,0
0.000860261,75.28804686,36.08180997,FALSE,-3.39,0.77,0
0.000797738,75.28746754,36.08188641,FALSE,-3.39,0.77,0
0.000514701,75.28587838,36.08167042,FALSE,-3.39,0.77,0
0.000776134,75.28681241,36.08182839,FALSE,-3.39,0.77,0
0.000143438,75.2863015,36.08284633,FALSE,-3.39,0.77,0
0.000529656,75.29090589,36.08435983,FALSE,-3.39,0.77,0
0.000489129,75.29496928,36.08494007,FALSE,-3.39,0.77,0
0.000687337,75.29249889,36.08637353,FALSE,-3.39,0.77,0
0.001062005,75.29092538,36.0861496,FALSE,-3.39,0.77,0
0.000731904,75.29626075,36.09400445,FALSE,-3.39,0.77,0
0.000530528,75.29882952,36.09218445,FALSE,-3.39,0.77,0
0.000533974,75.29943234,36.08790905,FALSE,-3.39,0.77,0
0.000451762,75.30034795,36.08523943,FALSE,-3.39,0.77,0
0.00029188,75.29862809,36.07751755,FALSE,-3.39,0.77,0
0.000606908,75.29880436,36.07727131,FALSE,-3.39,0.77,0
0.000756664,75.29861572,36.07618883,FALSE,-3.39,0.77,0
0.000251514,75.29896092,36.07598052,FALSE,-3.39,0.77,0
0.000482815,75.29687088,36.07524871,FALSE,-3.39,0.77,0
0.000346215,75.29635711,36.07526627,FALSE,-3.39,0.77,0
0.001064521,75.29550077,36.07524607,FALSE,-3.39,0.77,0
0.000335836,75.29485421,36.07518311,FALSE,-3.39,0.77,0
0.001830107,75.29653996,36.07458927,FALSE,-3.39,0.77,0
0.000322202,75.29580925,36.07403502,FALSE,-3.39,0.77,0
0.000669588,75.29609492,36.0736954,FALSE,-3.39,0.77,0
0.002553508,75.29467908,36.07377824,FALSE,-3.39,0.77,0
0.001445589,75.29433992,36.07233432,FALSE,-3.39,0.77,0
0.003056903,75.29529646,36.07212202,FALSE,-3.39,0.77,0
0.000497697,75.29482848,36.07284276,FALSE,-3.39,0.77,0
0.000421206,75.29125053,36.07599257,FALSE,-3.39,0.77,0
0.000540729,75.2902701,36.07644623,FALSE,-3.39,0.77,0
0.000578084,75.28587612,36.07379177,FALSE,-3.39,0.77,0
0.000570673,75.28702502,36.07328923,FALSE,-3.39,0.77,0
0.000917613,75.28628186,36.07311995,FALSE,-3.39,0.77,0
0.000806458,75.28952312,36.07301485,FALSE,-3.39,0.77,0
0.000652418,75.29123239,36.07250574,FALSE,-3.39,0.77,0
0.000519376,75.29049314,36.07258481,FALSE,-3.39,0.77,0
0.000394333,75.29066905,36.07227724,FALSE,-3.39,0.77,0
0.00043743,75.29202325,36.07397929,FALSE,-3.39,0.77,0
0.000264739,75.29146808,36.07426273,FALSE,-3.39,0.77,0
0.000395868,75.29137877,36.07393341,FALSE,-3.39,0.77,0
0.000230923,75.29096594,36.07334964,FALSE,-3.39,0.77,0
0.000343847,75.29052988,36.07351022,FALSE,-3.39,0.77,0
0.000397821,75.29105811,36.07309286,FALSE,-3.39,0.77,0
0.002493898,75.28557811,36.07415681,FALSE,-3.39,0.77,0
0.00072855,75.28454623,36.07460504,FALSE,-3.39,0.77,0
0.000446077,75.28472926,36.07562126,FALSE,-3.39,0.77,0
0.000102943,75.28499942,36.07552604,FALSE,-3.39,0.77,0
0.000225481,75.2840599,36.07548053,FALSE,-3.39,0.77,0
0.000992526,75.28202094,36.0750864,FALSE,-3.39,0.77,0
0.000417679,75.28349294,36.07457434,FALSE,-3.39,0.77,0
0.001156214,75.28288752,36.0738511,FALSE,-3.39,0.77,0
0.00112076,75.28459964,36.07319864,FALSE,-3.39,0.77,0
0.000336635,75.28545837,36.07264806,FALSE,-3.39,0.77,0
0.00036283,75.28204042,36.07354269,FALSE,-3.39,0.77,0
0.000341409,75.28240166,36.07319642,FALSE,-3.39,0.77,0
0.001001582,75.28167107,36.07317532,FALSE,-3.39,0.77,0
0.00074757,75.28126358,36.0738231,FALSE,-3.39,0.77,0
0.000797734,75.28123822,36.07343987,FALSE,-3.39,0.77,0
0.001740996,75.27968063,36.07413442,FALSE,-3.39,0.77,0
0.000788086,75.27985278,36.07369298,FALSE,-3.39,0.77,0
0.000752945,75.28034452,36.07235015,FALSE,-3.39,0.77,0
0.001031974,75.27843583,36.07255364,FALSE,-3.39,0.77,0
0.00060853,75.27839278,36.07287881,FALSE,-3.39,0.77,0
0.000856557,75.27678712,36.07299969,FALSE,-3.39,0.77,0
0.001741687,75.27618154,36.0732949,FALSE,-3.39,0.77,0
0.00040834,75.27649051,36.07358191,FALSE,-3.39,0.77,0
0.002744583,75.27811683,36.07424638,FALSE,-3.39,0.77,0
0.000253267,75.27853017,36.07415741,FALSE,-3.39,0.77,0
0.000525618,75.27635626,36.07390705,FALSE,-3.39,0.77,0
0.001129006,75.27619958,36.0761523,FALSE,-3.39,0.77,0
0.001238659,75.28688715,36.08015789,FALSE,-3.39,0.77,0
0.000357452,75.28687659,36.08075727,FALSE,-3.39,0.77,0
0.000606961,75.28585118,36.08054067,FALSE,-3.39,0.77,0
0.000735042,75.28392731,36.08343392,FALSE,-3.39,0.77,0
0.00090813,75.28354069,36.08468975,FALSE,-3.39,0.77,0
0.000955034,75.28230115,36.082147,FALSE,-3.39,0.77,0
0.000733737,75.2805786,36.08251253,FALSE,-3.39,0.77,0
0.001446511,75.27948106,36.08252263,FALSE,-3.39,0.77,0
0.004790413,75.28124186,36.08127887,FALSE,-3.39,0.77,0
0.000448068,75.27824748,36.08327882,FALSE,-3.39,0.77,0
0.003402976,75.27837189,36.08216203,FALSE,-3.39,0.77,0
0.001097269,75.27849427,36.08566571,FALSE,-3.39,0.77,0
0.000822374,75.28127654,36.08766519,FALSE,-3.39,0.77,0
0.000472806,75.27961569,36.08745598,FALSE,-3.39,0.77,0
0.000551364,75.28568027,36.09159072,FALSE,-3.39,0.77,0
0.002377111,75.28921916,36.09322854,FALSE,-3.39,0.77,0
0.000549188,75.28793594,36.09309971,FALSE,-3.39,0.77,0
0.000935023,75.27949715,36.09131336,FALSE,-3.39,0.77,0
0.001043079,75.2773292,36.09028584,FALSE,-3.39,0.77,0
0.000359703,75.2788416,36.0808398,FALSE,-3.39,0.77,0
0.001066013,75.28083904,36.080335,FALSE,-3.39,0.77,0
0.000567057,75.2798066,36.08056067,FALSE,-3.39,0.77,0
0.000459663,75.27837534,36.07985745,FALSE,-3.39,0.77,0
0.001212173,75.29003566,36.07578743,FALSE,-3.39,0.77,0
0.001286731,75.2891185,36.07540783,FALSE,-3.39,0.77,0
0.000990677,75.29275388,36.07476467,FALSE,-3.39,0.77,0
0.000228964,75.29363713,36.07479915,FALSE,-3.39,0.77,0
0.000520776,75.28401571,36.06991801,FALSE,-3.39,0.77,0
0.009085356,75.28061228,36.06910223,FALSE,-3.39,0.77,0
0.000641351,75.27662811,36.07696408,FALSE,-3.39,0.77,0
0.004234742,75.27137488,36.09437209,FALSE,-3.39,0.77,0
0.000831751,75.27345838,36.09324513,FALSE,-3.39,0.77,0
0.000679357,75.27329546,36.09394209,FALSE,-3.39,0.77,0
0.00154408,75.27175385,36.09298421,FALSE,-3.39,0.77,0
0.000511796,75.27217211,36.09180689,FALSE,-3.39,0.77,0
0.000494639,75.27441933,36.09279404,FALSE,-3.39,0.77,0
0.00145398,75.26925926,36.09466202,FALSE,-3.39,0.77,0
0.000403126,75.26947669,36.09444348,FALSE,-3.39,0.77,0
0.000247024,75.26629045,36.09639892,FALSE,-3.39,0.77,0
0.000484484,75.27634647,36.09072067,FALSE,-3.39,0.77,0
0.000185254,75.27597798,36.090423,FALSE,-3.39,0.77,0
0.000383572,75.27568661,36.09020809,FALSE,-3.39,0.77,0
0.000699866,75.27535633,36.0887709,FALSE,-3.39,0.77,0
0.000408364,75.27624118,36.08690699,FALSE,-3.39,0.77,0
0.00076829,75.27473671,36.0863555,FALSE,-3.39,0.77,0
0.000940898,75.27132797,36.08436644,FALSE,-3.39,0.77,0
0.001709063,75.27386254,36.08034778,FALSE,-3.39,0.77,0
0.001597705,75.27334973,36.07982294,FALSE,-3.39,0.77,0
0.001709918,75.27251781,36.08011596,FALSE,-3.39,0.77,0
0.000299002,75.27024405,36.08258578,FALSE,-3.39,0.77,0
0.000372177,75.26955439,36.082385,FALSE,-3.39,0.77,0
0.000456236,75.26863204,36.08216752,FALSE,-3.39,0.77,0
0.000857344,75.2657651,36.0833707,FALSE,-3.39,0.77,0
0.000193344,75.26606186,36.08324761,FALSE,-3.39,0.77,0
0.000364231,75.26495858,36.08329999,FALSE,-3.39,0.77,0
0.000588633,75.26381001,36.08323898,FALSE,-3.39,0.77,0
0.002912077,75.26330288,36.08361256,FALSE,-3.39,0.77,0
0.001764655,75.26149567,36.08474588,FALSE,-3.39,0.77,0
0.001520544,75.26010538,36.08368421,FALSE,-3.39,0.77,0
0.000743519,75.26608473,36.08472897,FALSE,-3.39,0.77,0
0.001751934,75.26624566,36.08550349,FALSE,-3.39,0.77,0
0.00022686,75.26356652,36.08709501,FALSE,-3.39,0.77,0
0.001257476,75.26469487,36.09253456,FALSE,-3.39,0.77,0
0.000437196,75.2654095,36.09313755,FALSE,-3.39,0.77,0
0.000696105,75.25991307,36.09617478,FALSE,-3.39,0.77,0
0.000528743,75.27117803,36.09024188,FALSE,-3.39,0.77,0
0.001157684,75.2708203,36.09078479,FALSE,-3.39,0.77,0
0.000762314,75.26918974,36.08998845,FALSE,-3.39,0.77,0
0.00056916,75.26503027,36.09127362,FALSE,-3.39,0.77,0
0.000518606,75.26566196,36.09224109,FALSE,-3.39,0.77,0
0.000731556,75.26237078,36.09250417,FALSE,-3.39,0.77,0
0.005278184,75.2610596,36.0894997,FALSE,-3.39,0.77,0
0.000691798,75.25932483,36.08592187,FALSE,-3.39,0.77,0
0.001818569,75.2707006,36.07342031,FALSE,-3.39,0.77,0
0.001267936,75.26969645,36.07365843,FALSE,-3.39,0.77,0
0.000637128,75.26902065,36.07384521,FALSE,-3.39,0.77,0
0.000407854,75.26906572,36.07409913,FALSE,-3.39,0.77,0
0.001205487,75.26899121,36.07442251,FALSE,-3.39,0.77,0
0.000554695,75.26784465,36.07377014,FALSE,-3.39,0.77,0
0.00096534,75.2661753,36.07228663,FALSE,-3.39,0.77,0
0.000724547,75.26406928,36.07296231,FALSE,-3.39,0.77,0
0.002112841,75.26231058,36.07255472,FALSE,-3.39,0.77,0
0.001966267,75.26103019,36.07312338,FALSE,-3.39,0.77,0
0.000416857,75.26081688,36.07222338,FALSE,-3.39,0.77,0
0.001254961,75.26021088,36.07224822,FALSE,-3.39,0.77,0
0.001514972,75.25965289,36.07354441,FALSE,-3.39,0.77,0
0.002277565,75.25886327,36.07188961,FALSE,-3.39,0.77,0
0.000716047,75.25864879,36.07371245,FALSE,-3.39,0.77,0
0.001185814,75.26021905,36.07463714,FALSE,-3.39,0.77,0
0.000226793,75.2611306,36.07485985,FALSE,-3.39,0.77,0
0.000354154,75.26044964,36.07484671,FALSE,-3.39,0.77,0
0.000633825,75.25981901,36.07524166,FALSE,-3.39,0.77,0
0.000792605,75.26132658,36.07572023,FALSE,-3.39,0.77,0
0.001363566,75.25859604,36.07689243,FALSE,-3.39,0.77,0
0.000404292,75.25901406,36.07706307,FALSE,-3.39,0.77,0
0.001382107,75.2591293,36.07640479,FALSE,-3.39,0.77,0
0.001261159,75.25841516,36.07605226,FALSE,-3.39,0.77,0
0.000535532,75.25921742,36.0758619,FALSE,-3.39,0.77,0
0.000654008,75.25864622,36.07557648,FALSE,-3.39,0.77,0
0.002139603,75.25788994,36.0756963,FALSE,-3.39,0.77,0
0.002421299,75.25856388,36.07515443,FALSE,-3.39,0.77,0
0.00071925,75.27274424,36.07031114,FALSE,-3.39,0.77,0
0.004786359,75.27143374,36.07005281,FALSE,-3.39,0.77,0
0.00103116,75.27183559,36.06934814,FALSE,-3.39,0.77,0
0.001418162,75.27120942,36.06948823,FALSE,-3.39,0.77,0
0.000971882,75.27085272,36.0711626,FALSE,-3.39,0.77,0
0.000757575,75.27070595,36.07039128,FALSE,-3.39,0.77,0
0.000311242,75.27049006,36.07060843,FALSE,-3.39,0.77,0
0.000509448,75.27529373,36.07313738,FALSE,-3.39,0.77,0
0.000898006,75.26206198,36.07148389,FALSE,-3.39,0.77,0
0.000919239,75.26168114,36.07104149,FALSE,-3.39,0.77,0
0.000374148,75.26031668,36.07120458,FALSE,-3.39,0.77,0
0.000696685,75.25999836,36.07105829,FALSE,-3.39,0.77,0
0.00092864,75.26576595,36.07132806,FALSE,-3.39,0.77,0
0.000672927,75.25772434,36.09916596,FALSE,-3.39,0.77,0
0.000554638,75.2566386,36.09924125,FALSE,-3.39,0.77,0
0.001349934,75.25601249,36.09887849,FALSE,-3.39,0.77,0
0.000532984,75.25599136,36.09928504,FALSE,-3.39,0.77,0
0.00102363,75.25716783,36.10295986,FALSE,-3.39,0.77,0
0.001708002,75.25145875,36.10457127,FALSE,-3.39,0.77,0
0.000995229,75.25099902,36.10437425,FALSE,-3.39,0.77,0
0.001289645,75.25073872,36.10474087,FALSE,-3.39,0.77,0
0.004581868,75.24999875,36.10405235,FALSE,-3.39,0.77,0
0.000527998,75.25144525,36.10333609,FALSE,-3.39,0.77,0
0.001489256,75.25135928,36.10274142,FALSE,-3.39,0.77,0
0.001053587,75.25050378,36.10225285,FALSE,-3.39,0.77,0
0.000572198,75.24869504,36.1013252,FALSE,-3.39,0.77,0
0.000183992,75.24953369,36.10117037,FALSE,-3.39,0.77,0
0.000570138,75.24905329,36.10270035,FALSE,-3.39,0.77,0
0.000914774,75.25231055,36.10136756,FALSE,-3.39,0.77,0
0.000274843,75.25341415,36.1015087,FALSE,-3.39,0.77,0
0.00102256,75.25319163,36.1010316,FALSE,-3.39,0.77,0
0.001112992,75.2500418,36.09972431,FALSE,-3.39,0.77,0
0.000910681,75.2513316,36.09706854,FALSE,-3.39,0.77,0
0.000561394,75.2515031,36.09757577,FALSE,-3.39,0.77,0
0.001266401,75.24828368,36.09697069,FALSE,-3.39,0.77,0
0.000520643,75.24803281,36.09751649,FALSE,-3.39,0.77,0
0.000560859,75.2473531,36.09707351,FALSE,-3.39,0.77,0
0.001159451,75.24689152,36.0965645,FALSE,-3.39,0.77,0
0.000536857,75.24565479,36.09580525,FALSE,-3.39,0.77,0
0.000629405,75.24467118,36.09559378,FALSE,-3.39,0.77,0
0.001380738,75.24894161,36.09472869,FALSE,-3.39,0.77,0
0.000469499,75.24953078,36.09489686,FALSE,-3.39,0.77,0
0.001367863,75.25062237,36.09406796,FALSE,-3.39,0.77,0
0.001261004,75.24835515,36.09328137,FALSE,-3.39,0.77,0
0.00087476,75.24738804,36.09299992,FALSE,-3.39,0.77,0
0.00379832,75.24712967,36.09344977,FALSE,-3.39,0.77,0
0.002052683,75.24641977,36.0938641,FALSE,-3.39,0.77,0
0.000950086,75.24532507,36.0935248,FALSE,-3.39,0.77,0
0.000922665,75.24602593,36.09176786,FALSE,-3.39,0.77,0
0.00047788,75.24794687,36.09025999,FALSE,-3.39,0.77,0
0.000961879,75.24929171,36.09119067,FALSE,-3.39,0.77,0
0.001049654,75.2510365,36.09201095,FALSE,-3.39,0.77,0
0.000418802,75.24985654,36.09188104,FALSE,-3.39,0.77,0
0.000939968,75.24995145,36.09249175,FALSE,-3.39,0.77,0
0.001154767,75.25207703,36.0924358,FALSE,-3.39,0.77,0
0.000827611,75.25275112,36.09189283,FALSE,-3.39,0.77,0
0.000638608,75.25214956,36.09155644,FALSE,-3.39,0.77,0
0.002099264,75.25171693,36.09106141,FALSE,-3.39,0.77,0
0.001091373,75.25238002,36.09063765,FALSE,-3.39,0.77,0
0.000740027,75.25278824,36.09055216,FALSE,-3.39,0.77,0
0.001263129,75.25446199,36.09015582,FALSE,-3.39,0.77,0
0.000689841,75.25368627,36.08955472,FALSE,-3.39,0.77,0
0.000536256,75.25200708,36.08921306,FALSE,-3.39,0.77,0
0.000150647,75.25184168,36.08941886,FALSE,-3.39,0.77,0
0.000728608,75.25280089,36.08710762,FALSE,-3.39,0.77,0
0.001050112,75.25354551,36.08672789,FALSE,-3.39,0.77,0
0.00044246,75.25416874,36.08668164,FALSE,-3.39,0.77,0
0.00075332,75.25215244,36.08675751,FALSE,-3.39,0.77,0
0.000941994,75.2533836,36.0885938,FALSE,-3.39,0.77,0
0.000783735,75.25653369,36.08898081,FALSE,-3.39,0.77,0
0.001550711,75.25814041,36.08859313,FALSE,-3.39,0.77,0
0.00254127,75.25537794,36.08527325,FALSE,-3.39,0.77,0
0.00028324,75.25492025,36.08565758,FALSE,-3.39,0.77,0
0.00059994,75.25460592,36.08577318,FALSE,-3.39,0.77,0
0.000849156,75.2536485,36.08502322,FALSE,-3.39,0.77,0
0.001025195,75.24974073,36.08992391,FALSE,-3.39,0.77,0
0.000780586,75.24999008,36.08948593,FALSE,-3.39,0.77,0
0.000372289,75.24961605,36.08910369,FALSE,-3.39,0.77,0
0.000553882,75.24849601,36.08886089,FALSE,-3.39,0.77,0
0.000396325,75.24883411,36.08930727,FALSE,-3.39,0.77,0
0.000707743,75.24940124,36.08837918,FALSE,-3.39,0.77,0
0.009132544,75.25671513,36.09187999,FALSE,-3.39,0.77,0
0.000590892,75.25305612,36.09379076,FALSE,-3.39,0.77,0
0.000819301,75.25343802,36.09357084,FALSE,-3.39,0.77,0
0.000723479,75.25258158,36.09357253,FALSE,-3.39,0.77,0
0.000677977,75.25270618,36.0945579,FALSE,-3.39,0.77,0
0.000931412,75.25189975,36.0944635,FALSE,-3.39,0.77,0
0.000584794,75.24863193,36.10790095,FALSE,-3.39,0.77,0
0.00089083,75.2487178,36.10745794,FALSE,-3.39,0.77,0
0.000736364,75.24915986,36.105787,FALSE,-3.39,0.77,0
0.000639976,75.24807309,36.10533415,FALSE,-3.39,0.77,0
0.00183486,75.24732336,36.105619,FALSE,-3.39,0.77,0
0.001153513,75.24689239,36.10424089,FALSE,-3.39,0.77,0
0.000569857,75.2569083,36.08351909,FALSE,-3.39,0.77,0
0.002076921,75.25502784,36.07743093,FALSE,-3.39,0.77,0
0.000760224,75.25428441,36.07700401,FALSE,-3.39,0.77,0
0.000381759,75.25353563,36.07710714,FALSE,-3.39,0.77,0
0.000970402,75.25478971,36.0762904,FALSE,-3.39,0.77,0
0.000696672,75.2552789,36.07404827,FALSE,-3.39,0.77,0
0.000644162,75.25507554,36.0733807,FALSE,-3.39,0.77,0
0.000877887,75.254564,36.07323912,FALSE,-3.39,0.77,0
0.001856077,75.2535644,36.07558125,FALSE,-3.39,0.77,0
0.000580534,75.25116703,36.07634244,FALSE,-3.39,0.77,0
0.001193269,75.25265588,36.07800583,FALSE,-3.39,0.77,0
0.001022471,75.25028225,36.07882228,FALSE,-3.39,0.77,0
0.000735452,75.25039486,36.07924248,FALSE,-3.39,0.77,0
0.001819792,75.24868263,36.07953793,FALSE,-3.39,0.77,0
0.001881028,75.24696357,36.07934519,FALSE,-3.39,0.77,0
0.000377852,75.24733982,36.07912795,FALSE,-3.39,0.77,0
0.000748427,75.24419665,36.08016909,FALSE,-3.39,0.77,0
0.000596001,75.24343234,36.08071142,FALSE,-3.39,0.77,0
0.000804778,75.24263791,36.07933459,FALSE,-3.39,0.77,0
0.001780522,75.246363,36.08162898,FALSE,-3.39,0.77,0
0.000504244,75.25358244,36.08014907,FALSE,-3.39,0.77,0
0.002055332,75.24975905,36.08141211,FALSE,-3.39,0.77,0
0.000453226,75.24819204,36.08032287,FALSE,-3.39,0.77,0
0.000478949,75.24808945,36.08100071,FALSE,-3.39,0.77,0
0.000292523,75.2489003,36.08203028,FALSE,-3.39,0.77,0
0.000884487,75.24661527,36.08345653,FALSE,-3.39,0.77,0
0.002129989,75.24491254,36.08308451,FALSE,-3.39,0.77,0
0.000394278,75.24486971,36.0834813,FALSE,-3.39,0.77,0
0.001109844,75.24310177,36.08284406,FALSE,-3.39,0.77,0
0.000427939,75.24392342,36.08344,FALSE,-3.39,0.77,0
0.002275452,75.24607373,36.10707181,FALSE,-3.39,0.77,0
0.000223128,75.24388517,36.10837702,FALSE,-3.39,0.77,0
0.000258657,75.24293792,36.10836056,FALSE,-3.39,0.77,0
0.001176018,75.24411252,36.1095808,FALSE,-3.39,0.77,0
0.002324871,75.24326645,36.10996525,FALSE,-3.39,0.77,0
0.000186491,75.24103505,36.10665648,FALSE,-3.39,0.77,0
0.000146669,75.24421842,36.10442454,FALSE,-3.39,0.77,0
0.000308746,75.24359552,36.10390376,FALSE,-3.39,0.77,0
0.000272722,75.2432321,36.10401296,FALSE,-3.39,0.77,0
0.003583558,75.24162106,36.10348265,FALSE,-3.39,0.77,0
0.003912662,75.24128046,36.10157023,FALSE,-3.39,0.77,0
0.000575892,75.23757628,36.10048516,FALSE,-3.39,0.77,0
0.000756407,75.23675205,36.10074269,FALSE,-3.39,0.77,0
0.01084682,75.23895162,36.10193315,FALSE,-3.39,0.77,0
0.006058938,75.23770676,36.10297846,FALSE,-3.39,0.77,0
0.002165856,75.23159802,36.09771213,FALSE,-3.39,0.77,0
0.001273109,75.23581684,36.09663137,FALSE,-3.39,0.77,0
0.000427641,75.23219573,36.09620179,FALSE,-3.39,0.77,0
0.000339386,75.23022309,36.09599093,FALSE,-3.39,0.77,0
0.000889565,75.24251731,36.09669172,FALSE,-3.39,0.77,0
0.000609746,75.24200956,36.09606494,FALSE,-3.39,0.77,0
0.001131762,75.24204089,36.09721761,FALSE,-3.39,0.77,0
0.000778266,75.24106346,36.09714828,FALSE,-3.39,0.77,0
0.000941731,75.24161523,36.09780557,FALSE,-3.39,0.77,0
0.000837818,75.23964003,36.09817784,FALSE,-3.39,0.77,0
0.000352012,75.23991738,36.09806808,FALSE,-3.39,0.77,0
0.005256512,75.24158846,36.07995143,FALSE,-3.39,0.77,0
0.000660638,75.24119029,36.08060495,FALSE,-3.39,0.77,0
0.00145582,75.24226315,36.08078884,FALSE,-3.39,0.77,0
0.000530292,75.24163685,36.08096846,FALSE,-3.39,0.77,0
0.000572988,75.24186627,36.08120734,FALSE,-3.39,0.77,0
0.001059112,75.24234849,36.08174942,FALSE,-3.39,0.77,0
0.000521305,75.24207604,36.08237174,FALSE,-3.39,0.77,0
0.001018422,75.2416398,36.08247141,FALSE,-3.39,0.77,0
0.000388754,75.24091467,36.08199579,FALSE,-3.39,0.77,0
0.001300943,75.24041033,36.08217842,FALSE,-3.39,0.77,0
0.001158162,75.24168627,36.08304437,FALSE,-3.39,0.77,0
0.00318427,75.24238778,36.08323808,FALSE,-3.39,0.77,0
0.000406367,75.24216929,36.08425122,FALSE,-3.39,0.77,0
0.001540446,75.24188775,36.08414383,FALSE,-3.39,0.77,0
0.000163443,75.24226621,36.083993,FALSE,-3.39,0.77,0
0.000866122,75.24096383,36.08434654,FALSE,-3.39,0.77,0
0.001333025,75.24028846,36.08376881,FALSE,-3.39,0.77,0
0.00094265,75.23964043,36.08386246,FALSE,-3.39,0.77,0
0.000894821,75.23746892,36.08333788,FALSE,-3.39,0.77,0
0.000423369,75.23839169,36.08358005,FALSE,-3.39,0.77,0
0.000613641,75.23771446,36.083747,FALSE,-3.39,0.77,0
0.000843623,75.23728445,36.08623693,FALSE,-3.39,0.77,0
0.00055328,75.23565353,36.08639685,FALSE,-3.39,0.77,0
0.000777407,75.23490333,36.08740607,FALSE,-3.39,0.77,0
0.001007968,75.23317547,36.08758613,FALSE,-3.39,0.77,0
0.000615407,75.23350575,36.08720601,FALSE,-3.39,0.77,0
0.0015916,75.23813401,36.09081719,FALSE,-3.39,0.77,0
0.000805619,75.23766369,36.09388591,FALSE,-3.39,0.77,0
0.000654626,75.23653474,36.09334491,FALSE,-3.39,0.77,0
0.00070246,75.23639795,36.09283998,FALSE,-3.39,0.77,0
0.0010701,75.23756759,36.09123108,FALSE,-3.39,0.77,0
0.001410626,75.23021867,36.10042173,FALSE,-3.39,0.77,0
0.000676381,75.22876817,36.09953578,FALSE,-3.39,0.77,0
0.000393154,75.23345331,36.0982842,FALSE,-3.39,0.77,0
0.000496043,75.23444761,36.0977616,FALSE,-3.39,0.77,0
0.000365226,75.24245348,36.09998337,FALSE,-3.39,0.77,0
0.003900079,75.23739085,36.10552138,FALSE,-3.39,0.77,0
0.002021384,75.23645282,36.10623337,FALSE,-3.39,0.77,0
0.000679948,75.23530867,36.10593951,FALSE,-3.39,0.77,0
0.000760246,75.23337528,36.1052567,FALSE,-3.39,0.77,0
0.000873738,75.23340692,36.1039874,FALSE,-3.39,0.77,0
0.000459717,75.23313493,36.10619468,FALSE,-3.39,0.77,0
0.000890391,75.23083226,36.10663821,FALSE,-3.39,0.77,0
0.004013356,75.23645151,36.10807928,FALSE,-3.39,0.77,0
0.000237707,75.23586366,36.10820335,FALSE,-3.39,0.77,0
0.000475654,75.23711445,36.10816825,FALSE,-3.39,0.77,0
0.000443927,75.23871916,36.10809651,FALSE,-3.39,0.77,0
0.000673785,75.23958588,36.10801217,FALSE,-3.39,0.77,0
0.00056049,75.24021806,36.10789033,FALSE,-3.39,0.77,0
0.001113917,75.23906157,36.10930735,FALSE,-3.39,0.77,0
0.00080903,75.23617161,36.10895327,FALSE,-3.39,0.77,0
0.000568092,75.23656603,36.10921005,FALSE,-3.39,0.77,0
0.001033028,75.23570935,36.109802,FALSE,-3.39,0.77,0
0.000681748,75.24298182,36.10538818,FALSE,-3.39,0.77,0
0.00033118,75.24239911,36.10542612,FALSE,-3.39,0.77,0
0.000331516,75.24505439,36.1049003,FALSE,-3.39,0.77,0
0.00168524,75.22905672,36.11522724,FALSE,-3.39,0.77,0
0.004021128,75.22833559,36.11451876,FALSE,-3.39,0.77,0
0.041906002,75.22537473,36.11600182,FALSE,-3.39,0.77,0
0.000798494,75.22272948,36.11578112,FALSE,-3.39,0.77,0
0.000443916,75.22349415,36.11526496,FALSE,-3.39,0.77,0
0.001947794,75.22209932,36.11638569,FALSE,-3.39,0.77,0
0.000600145,75.22032017,36.11557876,FALSE,-3.39,0.77,0
0.000633954,75.22047971,36.11620663,FALSE,-3.39,0.77,0
0.002015074,75.21939847,36.11437863,FALSE,-3.39,0.77,0
0.000479925,75.22249125,36.11332759,FALSE,-3.39,0.77,0
0.005115286,75.21958622,36.10818174,FALSE,-3.39,0.77,0
0.006573637,75.22317086,36.10715689,FALSE,-3.39,0.77,0
0.001653509,75.22462365,36.10814346,FALSE,-3.39,0.77,0
0.000334287,75.22632722,36.10676607,FALSE,-3.39,0.77,0
0.000432407,75.23028907,36.10695322,FALSE,-3.39,0.77,0
0.002956945,75.22940465,36.10707419,FALSE,-3.39,0.77,0
0.000791503,75.22911697,36.10577772,FALSE,-3.39,0.77,0
0.000350636,75.22788801,36.10537931,FALSE,-3.39,0.77,0
0.001062286,75.22636668,36.10553674,FALSE,-3.39,0.77,0
0.000425583,75.21971353,36.10674257,FALSE,-3.39,0.77,0
0.000649008,75.22776801,36.10003729,FALSE,-3.39,0.77,0
0.001185037,75.22716435,36.10022636,FALSE,-3.39,0.77,0
0.001106639,75.22701472,36.10074077,FALSE,-3.39,0.77,0
0.000362892,75.22660136,36.10080342,FALSE,-3.39,0.77,0
0.001028616,75.22555709,36.10086113,FALSE,-3.39,0.77,0
0.000698296,75.22482075,36.10044515,FALSE,-3.39,0.77,0
0.002106965,75.22540702,36.10131692,FALSE,-3.39,0.77,0
0.000279063,75.22483842,36.10160031,FALSE,-3.39,0.77,0
0.001339319,75.22298754,36.1009408,FALSE,-3.39,0.77,0
0.001741344,75.22268719,36.10137494,FALSE,-3.39,0.77,0
0.000411715,75.22257003,36.10003166,FALSE,-3.39,0.77,0
0.000563149,75.22251054,36.10064607,FALSE,-3.39,0.77,0
0.000715973,75.22676904,36.09718047,FALSE,-3.39,0.77,0
0.000839752,75.2243712,36.09836961,FALSE,-3.39,0.77,0
0.000162157,75.22436941,36.0981834,FALSE,-3.39,0.77,0
0.000991622,75.22458071,36.09801243,FALSE,-3.39,0.77,0
0.000466276,75.22677581,36.09814813,FALSE,-3.39,0.77,0
0.000406393,75.22177598,36.10208417,FALSE,-3.39,0.77,0
0.0014635,75.22060525,36.10185321,FALSE,-3.39,0.77,0
0.000341082,75.21857569,36.10253777,FALSE,-3.39,0.77,0
0.000648785,75.21681692,36.10186982,FALSE,-3.39,0.77,0
0.000558934,75.21944631,36.10005615,FALSE,-3.39,0.77,0
0.00019193,75.22119011,36.10060488,FALSE,-3.39,0.77,0
0.000423214,75.22126537,36.10098275,FALSE,-3.39,0.77,0
0.001959761,75.21593754,36.09766512,FALSE,-3.39,0.77,0
0.000313169,75.21508267,36.09816082,FALSE,-3.39,0.77,0
0.000291559,75.21981736,36.10366316,FALSE,-3.39,0.77,0
0.000664978,75.22671569,36.1093507,FALSE,-3.39,0.77,0
0.000581574,75.22211066,36.10909127,FALSE,-3.39,0.77,0
0.000603463,75.22341364,36.10898537,FALSE,-3.39,0.77,0
0.000885019,75.21832414,36.11048348,FALSE,-3.39,0.77,0
0.001133286,75.21416585,36.10051456,FALSE,-3.39,0.77,0
0.001907893,75.21526289,36.10842888,FALSE,-3.39,0.77,0
0.00080691,75.21480004,36.10887634,FALSE,-3.39,0.77,0
0.000416207,75.21326696,36.10798484,FALSE,-3.39,0.77,0
0.000853064,75.2117827,36.10948134,FALSE,-3.39,0.77,0
0.002755717,75.2101563,36.10920225,FALSE,-3.39,0.77,0
0.005889754,75.20657315,36.10974645,FALSE,-3.39,0.77,0
0.00140988,75.20447745,36.10883497,FALSE,-3.39,0.77,0
0.001710155,75.20315339,36.10962637,FALSE,-3.39,0.77,0
0.002177758,75.20424705,36.11020373,FALSE,-3.39,0.77,0
0.00020749,75.20468901,36.11093828,FALSE,-3.39,0.77,0
0.010853099,75.21954536,36.11743625,FALSE,-3.39,0.77,0
0.000685101,75.20974873,36.10165012,FALSE,-3.39,0.77,0
0.001510175,75.20806332,36.10099143,FALSE,-3.39,0.77,0
0.000868867,75.20737731,36.1002698,FALSE,-3.39,0.77,0
0.000510056,75.20752859,36.10101744,FALSE,-3.39,0.77,0
0.000962983,75.20663843,36.10082169,FALSE,-3.39,0.77,0
0.000562559,75.20503564,36.09942323,FALSE,-3.39,0.77,0
0.000666337,75.20481189,36.09991127,FALSE,-3.39,0.77,0
0.000837091,75.20321019,36.09961243,FALSE,-3.39,0.77,0
0.000440321,75.2035146,36.09980509,FALSE,-3.39,0.77,0
0.000493254,75.20147617,36.10524682,FALSE,-3.39,0.77,0
0.007266227,75.18591467,36.10287398,FALSE,-3.39,0.77,0
0.000774241,75.18832897,36.10680441,FALSE,-3.39,0.77,0
0.002231282,75.1869819,36.10760972,FALSE,-3.39,0.77,0
0.000934984,75.18837818,36.10780072,FALSE,-3.39,0.77,0
0.000521359,75.18849079,36.10920826,FALSE,-3.39,0.77,0
0.003766478,75.1970154,36.11057833,FALSE,-3.39,0.77,0
0.003921494,75.19738583,36.11180027,FALSE,-3.39,0.77,0
0.006413143,75.19668725,36.11140235,FALSE,-3.39,0.77,0
0.00166614,75.19968397,36.11145217,FALSE,-3.39,0.77,0
0.000720166,75.20070733,36.11156127,FALSE,-3.39,0.77,0
0.000682449,75.20216701,36.11099599,FALSE,-3.39,0.77,0
0.002543936,75.20076278,36.10951696,FALSE,-3.39,0.77,0
0.001116717,75.19973437,36.11027034,FALSE,-3.39,0.77,0
0.000532637,75.20292302,36.11223926,FALSE,-3.39,0.77,0
0.000835291,75.20261632,36.112468,FALSE,-3.39,0.77,0
0.000691367,75.19783636,36.11608655,FALSE,-3.39,0.77,0
0.003973823,75.19052079,36.11793074,FALSE,-3.39,0.77,0
0.000448056,75.19000943,36.12058178,FALSE,-3.39,0.77,0
0.000328501,75.19243221,36.12139275,FALSE,-3.39,0.77,0
0.000977577,75.1951945,36.11995104,FALSE,-3.39,0.77,0
0.000559772,75.19646152,36.12036584,FALSE,-3.39,0.77,0
0.005443965,75.19872138,36.12321145,FALSE,-3.39,0.77,0
0.001399499,75.19050227,36.11484478,FALSE,-3.39,0.77,0
0.000355972,75.19377627,36.11322914,FALSE,-3.39,0.77,0
0.001249741,75.19465615,36.11280742,FALSE,-3.39,0.77,0
0.000338223,75.19762517,36.11357098,FALSE,-3.39,0.77,0
0.00052189,75.19738781,36.11380593,FALSE,-3.39,0.77,0
0.000372394,75.20221358,36.11319372,FALSE,-3.39,0.77,0
0.006464265,75.19121701,36.12456223,FALSE,-3.39,0.77,0
0.001781813,75.18881645,36.12464802,FALSE,-3.39,0.77,0
0.002573291,75.18831455,36.12490623,FALSE,-3.39,0.77,0
0.007633607,75.19095158,36.12364569,FALSE,-3.39,0.77,0
0.001851791,75.19373561,36.10325984,FALSE,-3.39,0.77,0
0.000574189,75.19106883,36.1051988,FALSE,-3.39,0.77,0
0.000631495,75.19158561,36.10519676,FALSE,-3.39,0.77,0
0.000306575,75.18820936,36.10539802,FALSE,-3.39,0.77,0
0.000607004,75.18730486,36.10621478,FALSE,-3.39,0.77,0
0.000628675,75.18574527,36.1060721,FALSE,-3.39,0.77,0
0.000658013,75.18484099,36.10595304,FALSE,-3.39,0.77,0
0.000955757,75.18671094,36.12576247,FALSE,-3.39,0.77,0
0.000471024,75.18589136,36.12537778,FALSE,-3.39,0.77,0
0.000833451,75.18717173,36.12425978,FALSE,-3.39,0.77,0
0.0005715,75.18646936,36.12404124,FALSE,-3.39,0.77,0
0.001008067,75.18246709,36.12659575,FALSE,-3.39,0.77,0
0.001182842,75.18346808,36.12644295,FALSE,-3.39,0.77,0
0.001847324,75.17939891,36.12697667,FALSE,-3.39,0.77,0
0.001886665,75.1751683,36.12788251,FALSE,-3.39,0.77,0
0.000886883,75.17403299,36.12794549,FALSE,-3.39,0.77,0
0.00076295,75.17317724,36.12777461,FALSE,-3.39,0.77,0
0.000582973,75.17320837,36.12884699,FALSE,-3.39,0.77,0
0.000784883,75.17267566,36.12259973,FALSE,-3.39,0.77,0
0.000722624,75.17369756,36.12254892,FALSE,-3.39,0.77,0
0.001091272,75.17269402,36.12205014,FALSE,-3.39,0.77,0
0.002116701,75.17357178,36.12162929,FALSE,-3.39,0.77,0
0.000427403,75.17207156,36.1243631,FALSE,-3.39,0.77,0
0.000278836,75.17330093,36.12430474,FALSE,-3.39,0.77,0
0.000275482,75.18068434,36.12533873,FALSE,-3.39,0.77,0
0.00089583,75.18508275,36.11879354,FALSE,-3.39,0.77,0
0.000383481,75.18454326,36.11906446,FALSE,-3.39,0.77,0
0.000680966,75.18385415,36.11806833,FALSE,-3.39,0.77,0
0.0005801,75.18429249,36.11710363,FALSE,-3.39,0.77,0
0.000967304,75.18202773,36.11710413,FALSE,-3.39,0.77,0
0.00067243,75.18179744,36.11684413,FALSE,-3.39,0.77,0
0.003242707,75.18149496,36.11772801,FALSE,-3.39,0.77,0
0.004107854,75.180734,36.11852092,FALSE,-3.39,0.77,0
0.000468259,75.18103131,36.11894791,FALSE,-3.39,0.77,0
0.001119086,75.17978459,36.11934908,FALSE,-3.39,0.77,0
0.001405459,75.18141088,36.11986422,FALSE,-3.39,0.77,0
0.002613646,75.1831436,36.12063296,FALSE,-3.39,0.77,0
0.001330058,75.18225702,36.12061671,FALSE,-3.39,0.77,0
0.000293029,75.17955844,36.12248218,FALSE,-3.39,0.77,0
0.000300631,75.17941082,36.12078897,FALSE,-3.39,0.77,0
0.001064912,75.17741686,36.12142917,FALSE,-3.39,0.77,0
0.000895935,75.1749305,36.11980765,FALSE,-3.39,0.77,0
0.000403155,75.17747885,36.12035165,FALSE,-3.39,0.77,0
0.001002563,75.17331973,36.11941014,FALSE,-3.39,0.77,0
0.00188213,75.17141304,36.12002816,FALSE,-3.39,0.77,0
0.00092039,75.17796421,36.12810805,FALSE,-3.39,0.77,0
0.001664397,75.18412512,36.10776299,FALSE,-3.39,0.77,0
0.001984268,75.18041492,36.10802542,FALSE,-3.39,0.77,0
0.004531158,75.18139513,36.10567031,FALSE,-3.39,0.77,0
0.011530885,75.17951355,36.10625152,FALSE,-3.39,0.77,0
0.00133841,75.17408969,36.11029368,FALSE,-3.39,0.77,0
0.000578186,75.17490913,36.10968365,FALSE,-3.39,0.77,0
0.000322001,75.17785055,36.10947776,FALSE,-3.39,0.77,0
0.00116379,75.18148359,36.10952026,FALSE,-3.39,0.77,0
0.000549521,75.1810506,36.10967653,FALSE,-3.39,0.77,0
0.000394807,75.17939006,36.11074277,FALSE,-3.39,0.77,0
0.00063504,75.1807799,36.11067298,FALSE,-3.39,0.77,0
0.001061455,75.17232963,36.11296955,FALSE,-3.39,0.77,0
0.000529342,75.17387806,36.11131857,FALSE,-3.39,0.77,0
0.072396288,75.16772794,36.13109235,FALSE,-3.39,0.77,0
0.008843651,75.16182457,36.13392429,FALSE,-3.39,0.77,0
0.000778543,75.15957381,36.13375679,FALSE,-3.39,0.77,0
0.000279269,75.16046542,36.13368393,FALSE,-3.39,0.77,0
0.000316976,75.16084709,36.13363688,FALSE,-3.39,0.77,0
0.00019739,75.1630313,36.13236374,FALSE,-3.39,0.77,0
0.00084355,75.17138935,36.1243497,FALSE,-3.39,0.77,0
0.00096561,75.17103786,36.12603812,FALSE,-3.39,0.77,0
0.000731403,75.17054918,36.12616774,FALSE,-3.39,0.77,0
0.000535546,75.17066355,36.12661018,FALSE,-3.39,0.77,0
0.000420504,75.16963928,36.12513549,FALSE,-3.39,0.77,0
0.000666031,75.16922677,36.12464412,FALSE,-3.39,0.77,0
0.000419569,75.16900958,36.12496777,FALSE,-3.39,0.77,0
0.000943937,75.16720824,36.12512385,FALSE,-3.39,0.77,0
0.000450509,75.16616872,36.12473888,FALSE,-3.39,0.77,0
0.000862482,75.17142159,36.12357795,FALSE,-3.39,0.77,0
0.001953729,75.17085365,36.12257005,FALSE,-3.39,0.77,0
0.000391166,75.17039441,36.12182865,FALSE,-3.39,0.77,0
0.010513275,75.16953221,36.12271352,FALSE,-3.39,0.77,0
0.004129378,75.16567223,36.12070311,FALSE,-3.39,0.77,0
0.002494603,75.16506313,36.12216222,FALSE,-3.39,0.77,0
0.00225841,75.16520711,36.12325322,FALSE,-3.39,0.77,0
0.001283193,75.16399763,36.12574236,FALSE,-3.39,0.77,0
0.000154033,75.16388788,36.12633198,FALSE,-3.39,0.77,0
0.00041486,75.16313191,36.12803137,FALSE,-3.39,0.77,0
0.000556564,75.16276797,36.12731222,FALSE,-3.39,0.77,0
0.001864014,75.16129231,36.12578872,FALSE,-3.39,0.77,0
0.00080171,75.16120983,36.12492199,FALSE,-3.39,0.77,0
0.00060638,75.15803334,36.12574084,FALSE,-3.39,0.77,0
0.011496317,75.15831002,36.12468795,FALSE,-3.39,0.77,0
0.001226918,75.16906108,36.11351242,FALSE,-3.39,0.77,0
0.001894205,75.16901825,36.11232057,FALSE,-3.39,0.77,0
0.000549878,75.16848529,36.11219001,FALSE,-3.39,0.77,0
0.001564528,75.16990345,36.11216362,FALSE,-3.39,0.77,0
0.000308292,75.16760605,36.10832025,FALSE,-3.39,0.77,0
0.000267327,75.16788496,36.10877695,FALSE,-3.39,0.77,0
0.000103586,75.16710142,36.1087134,FALSE,-3.39,0.77,0
0.002363809,75.16621839,36.10819959,FALSE,-3.39,0.77,0
0.001157435,75.16525061,36.10870312,FALSE,-3.39,0.77,0
0.003416571,75.16200599,36.11179813,FALSE,-3.39,0.77,0
0.000982518,75.04608446,36.15847481,FALSE,-3.39,0.77,0
0.000555732,75.04294475,36.15774631,FALSE,-3.39,0.77,0
0.001864748,75.03977112,36.16092618,FALSE,-3.39,0.77,0
0.000293119,75.04018094,36.16069393,FALSE,-3.39,0.77,0
0.000195427,75.03888435,36.16081853,FALSE,-3.39,0.77,0
0.001407848,75.05942947,36.14641009,FALSE,-3.39,0.77,0
0.002570313,75.05838491,36.14919137,FALSE,-3.39,0.77,0
0.000830222,75.05719386,36.15026952,FALSE,-3.39,0.77,0
0.000564724,75.05684211,36.15039179,FALSE,-3.39,0.77,0
0.000423075,75.05748261,36.15048687,FALSE,-3.39,0.77,0
0.000467924,75.05539878,36.15139816,FALSE,-3.39,0.77,0
0.00088488,75.05344066,36.15229215,FALSE,-3.39,0.77,0
0.001977034,75.05002792,36.14871927,FALSE,-3.39,0.77,0
0.000154027,75.05004938,36.14932986,FALSE,-3.39,0.77,0
0.003968204,75.06343948,36.15044316,FALSE,-3.39,0.77,0
0.000758301,75.06400105,36.15249072,FALSE,-3.39,0.77,0
0.000388952,75.06301355,36.15158202,FALSE,-3.39,0.77,0
0.00088084,75.05879983,36.15285562,FALSE,-3.39,0.77,0
0.000861146,75.06426617,36.15337179,FALSE,-3.39,0.77,0
0.009119859,75.05904126,36.15712868,FALSE,-3.39,0.77,0
0.001030796,75.05271261,36.15845073,FALSE,-3.39,0.77,0
0.001763361,75.05155074,36.15787897,FALSE,-3.39,0.77,0
0.00106828,75.04896432,36.15717905,FALSE,-3.39,0.77,0
0.000531875,75.05623449,36.15926645,FALSE,-3.39,0.77,0
0.000363129,75.05158937,36.14792838,FALSE,-3.39,0.77,0
0.0004331,75.05109034,36.14807871,FALSE,-3.39,0.77,0
0.000346734,75.05169904,36.14840594,FALSE,-3.39,0.77,0
0.000811145,75.06441234,36.1473895,FALSE,-3.39,0.77,0
0.000204275,75.06529195,36.15096097,FALSE,-3.39,0.77,0
0.000652056,75.0650206,36.14993494,FALSE,-3.39,0.77,0
0.000831199,75.06748291,36.14973496,FALSE,-3.39,0.77,0
0.000653162,75.06727011,36.15128432,FALSE,-3.39,0.77,0
0.000224918,75.06711279,36.15185204,FALSE,-3.39,0.77,0
0.001092702,75.06952723,36.15270111,FALSE,-3.39,0.77,0
0.000415409,75.06913804,36.15338736,FALSE,-3.39,0.77,0
0.000964975,75.07077721,36.15371833,FALSE,-3.39,0.77,0
0.001027074,75.07345914,36.15433435,FALSE,-3.39,0.77,0
0.000900998,75.07229822,36.15273978,FALSE,-3.39,0.77,0
0.000605669,75.07659966,36.15253512,FALSE,-3.39,0.77,0
0.000531326,75.07628143,36.15262605,FALSE,-3.39,0.77,0
0.001283168,75.07728704,36.15336292,FALSE,-3.39,0.77,0
0.001493524,75.07857059,36.15496307,FALSE,-3.39,0.77,0
0.000922928,75.07944574,36.15516583,FALSE,-3.39,0.77,0
0.000385255,75.08032511,36.1542829,FALSE,-3.39,0.77,0
0.000329682,75.06644172,36.15382933,FALSE,-3.39,0.77,0
0.000373549,75.06680957,36.15375948,FALSE,-3.39,0.77,0
0.001985323,75.07548518,36.152535,FALSE,-3.39,0.77,0
0.001270815,75.07473042,36.15253236,FALSE,-3.39,0.77,0
0.001689265,75.07740504,36.13805208,FALSE,-3.39,0.77,0
0.001639474,75.07679176,36.13852896,FALSE,-3.39,0.77,0
0.000945152,75.07563418,36.13879226,FALSE,-3.39,0.77,0
0.000445213,75.07394285,36.14194068,FALSE,-3.39,0.77,0
0.000433768,75.07253786,36.14184546,FALSE,-3.39,0.77,0
0.000413362,75.07122707,36.14141325,FALSE,-3.39,0.77,0
0.004053986,75.06908015,36.14203171,FALSE,-3.39,0.77,0
0.002114798,75.07009624,36.14142816,FALSE,-3.39,0.77,0
0.000786043,75.06741517,36.14490333,FALSE,-3.39,0.77,0
0.00629799,75.06690366,36.14304446,FALSE,-3.39,0.77,0
0.000804916,75.07124353,36.14959436,FALSE,-3.39,0.77,0
0.001747731,75.06991203,36.14972805,FALSE,-3.39,0.77,0
0.003110279,75.0815268,36.15429939,FALSE,-3.39,0.77,0
0.003460412,75.08072391,36.15457788,FALSE,-3.39,0.77,0
0.00077434,75.0821024,36.1486631,FALSE,-3.39,0.77,0
0.00318031,75.08837151,36.14821677,FALSE,-3.39,0.77,0
0.002229191,75.08207262,36.14457549,FALSE,-3.39,0.77,0
0.000500617,75.079299,36.14543986,FALSE,-3.39,0.77,0
0.000327259,75.0782687,36.14643689,FALSE,-3.39,0.77,0
0.000343115,75.07747987,36.14450598,FALSE,-3.39,0.77,0
0.000387743,75.08136105,36.14386288,FALSE,-3.39,0.77,0
0.001544412,75.08591078,36.14312089,FALSE,-3.39,0.77,0
0.001222183,75.08330542,36.14137086,FALSE,-3.39,0.77,0
0.00039438,75.08401721,36.13926149,FALSE,-3.39,0.77,0
0.002244852,75.08617585,36.13666492,FALSE,-3.39,0.77,0
0.00147688,75.08685523,36.13580344,FALSE,-3.39,0.77,0
0.000750744,75.0876825,36.13584085,FALSE,-3.39,0.77,0
0.000454836,75.0879934,36.13555185,FALSE,-3.39,0.77,0
0.00395001,75.08901018,36.13650596,FALSE,-3.39,0.77,0
0.000804237,75.08887254,36.13592608,FALSE,-3.39,0.77,0
0.002495826,75.08774529,36.1369649,FALSE,-3.39,0.77,0
0.001663319,75.08941393,36.14214087,FALSE,-3.39,0.77,0
0.000536703,75.09448476,36.13886334,FALSE,-3.39,0.77,0
0.000101584,75.09160725,36.1393154,FALSE,-3.39,0.77,0
0.00026222,75.09223418,36.13900378,FALSE,-3.39,0.77,0
0.00014751,75.09250802,36.13892866,FALSE,-3.39,0.77,0
0.000758895,75.08886873,36.14603463,FALSE,-3.39,0.77,0
0.000511103,75.08815664,36.1454668,FALSE,-3.39,0.77,0
0.000531009,75.0907866,36.14536738,FALSE,-3.39,0.77,0
0.000878772,75.08936243,36.14501906,FALSE,-3.39,0.77,0
0.000417132,75.09259705,36.14554631,FALSE,-3.39,0.77,0
0.001726125,75.09600349,36.14407573,FALSE,-3.39,0.77,0
0.000661944,75.09620453,36.14448457,FALSE,-3.39,0.77,0
0.001977971,75.09672815,36.14500874,FALSE,-3.39,0.77,0
0.00228464,75.09706289,36.14654829,FALSE,-3.39,0.77,0
0.000965035,75.09559859,36.14657074,FALSE,-3.39,0.77,0
0.000389386,75.09540752,36.14590771,FALSE,-3.39,0.77,0
0.000295316,75.09508714,36.14574993,FALSE,-3.39,0.77,0
0.00489427,75.09443444,36.14744507,FALSE,-3.39,0.77,0
0.001560169,75.09486522,36.14838708,FALSE,-3.39,0.77,0
0.000597301,75.09419585,36.14850367,FALSE,-3.39,0.77,0
0.00062226,75.09679757,36.14983188,FALSE,-3.39,0.77,0
0.012162029,75.09719122,36.14919098,FALSE,-3.39,0.77,0
0.000540861,75.09864181,36.14993679,FALSE,-3.39,0.77,0
0.001130224,75.08503982,36.15115109,FALSE,-3.39,0.77,0
0.00027984,75.08556915,36.1513223,FALSE,-3.39,0.77,0
0.000942068,75.09911749,36.13888424,FALSE,-3.39,0.77,0
0.000404516,75.09869582,36.13991002,FALSE,-3.39,0.77,0
0.000551984,75.09749887,36.14292758,FALSE,-3.39,0.77,0
0.000719735,75.09626955,36.14278708,FALSE,-3.39,0.77,0
0.00194639,75.09941273,36.14540017,FALSE,-3.39,0.77,0
0.000390899,75.09271736,36.14422648,FALSE,-3.39,0.77,0
0.000836644,75.11962642,36.14749645,FALSE,-3.39,0.77,0
0.000222693,75.11949216,36.14724989,FALSE,-3.39,0.77,0
0.001383475,75.11813063,36.14730037,FALSE,-3.39,0.77,0
0.000194304,75.11807363,36.14810788,FALSE,-3.39,0.77,0
0.000484298,75.11443627,36.14728598,FALSE,-3.39,0.77,0
0.00030614,75.10846002,36.14753146,FALSE,-3.39,0.77,0
0.00041046,75.12040255,36.14358752,FALSE,-3.39,0.77,0
0.000424791,75.1145801,36.14395788,FALSE,-3.39,0.77,0
0.002784541,75.11603406,36.14273283,FALSE,-3.39,0.77,0
0.001539297,75.10245407,36.14515562,FALSE,-3.39,0.77,0
0.000460707,75.1123196,36.133656,FALSE,-3.39,0.77,0
0.000879283,75.11239121,36.13303347,FALSE,-3.39,0.77,0
0.000333876,75.11170317,36.13270434,FALSE,-3.39,0.77,0
0.000423273,75.11054392,36.1329951,FALSE,-3.39,0.77,0
0.001204347,75.10820954,36.130966,FALSE,-3.39,0.77,0
0.000420548,75.1084408,36.13063567,FALSE,-3.39,0.77,0
0.000449355,75.10999393,36.1311332,FALSE,-3.39,0.77,0
0.002085797,75.11319443,36.12954808,FALSE,-3.39,0.77,0
0.000490895,75.11537178,36.12941107,FALSE,-3.39,0.77,0
0.001027741,75.11175026,36.12877022,FALSE,-3.39,0.77,0
0.000366231,75.11458565,36.13115777,FALSE,-3.39,0.77,0
0.000258178,75.11168552,36.13218473,FALSE,-3.39,0.77,0
0.001003838,75.11032957,36.12951327,FALSE,-3.39,0.77,0
0.002571399,75.12143554,36.14812282,FALSE,-3.39,0.77,0
0.001197381,75.12407345,36.14723744,FALSE,-3.39,0.77,0
0.002414966,75.12439647,36.14676218,FALSE,-3.39,0.77,0
0.000721803,75.12373403,36.14454211,FALSE,-3.39,0.77,0
0.001624918,75.12218392,36.14390519,FALSE,-3.39,0.77,0
0.000336543,75.12651808,36.14398741,FALSE,-3.39,0.77,0
0.001086083,75.12739756,36.14472107,FALSE,-3.39,0.77,0
0.001244864,75.12866406,36.14629598,FALSE,-3.39,0.77,0
0.000900503,75.12995789,36.1465597,FALSE,-3.39,0.77,0
0.00053914,75.13066937,36.1453739,FALSE,-3.39,0.77,0
0.001370834,75.12582942,36.138289,FALSE,-3.39,0.77,0
0.000582598,75.12942086,36.14047335,FALSE,-3.39,0.77,0
0.000482859,75.12910425,36.14065418,FALSE,-3.39,0.77,0
0.001716062,75.13932598,36.12281459,FALSE,-3.39,0.77,0
0.000423802,75.13500548,36.12753913,FALSE,-3.39,0.77,0
0.000227361,75.13557217,36.12827164,FALSE,-3.39,0.77,0
0.000188795,75.13533647,36.12874536,FALSE,-3.39,0.77,0
0.000422763,75.13892189,36.12850463,FALSE,-3.39,0.77,0
0.000473269,75.14239532,36.12800572,FALSE,-3.39,0.77,0
0.000533255,75.14377257,36.1288059,FALSE,-3.39,0.77,0
0.001490014,75.14385357,36.13076753,FALSE,-3.39,0.77,0
0.000752703,75.14331569,36.13087142,FALSE,-3.39,0.77,0
0.001663426,75.14454655,36.13564921,FALSE,-3.39,0.77,0
0.000488084,75.14419943,36.13807401,FALSE,-3.39,0.77,0
0.000989087,75.14364671,36.13767842,FALSE,-3.39,0.77,0
0.001091598,75.14381719,36.13841249,FALSE,-3.39,0.77,0
0.002198709,75.14320296,36.13818789,FALSE,-3.39,0.77,0
0.003673328,75.14390767,36.1395734,FALSE,-3.39,0.77,0
0.000384588,75.14323829,36.13974515,FALSE,-3.39,0.77,0
0.001349362,75.14188141,36.14012513,FALSE,-3.39,0.77,0
0.00042083,75.1393852,36.14223131,FALSE,-3.39,0.77,0
0.000566371,75.13905561,36.14158882,FALSE,-3.39,0.77,0
0.002457902,75.13826307,36.1404237,FALSE,-3.39,0.77,0
0.001065684,75.13591053,36.13911288,FALSE,-3.39,0.77,0
0.005308327,75.13954993,36.13973141,FALSE,-3.39,0.77,0
0.000758759,75.14548581,36.1407846,FALSE,-3.39,0.77,0
0.00101387,75.14502673,36.14234988,FALSE,-3.39,0.77,0
0.000871607,75.14115444,36.13098122,FALSE,-3.39,0.77,0
0.000303274,75.13873457,36.13190477,FALSE,-3.39,0.77,0
0.001195499,75.13205014,36.12770025,FALSE,-3.39,0.77,0
0.00227113,75.15387597,36.11620177,FALSE,-3.39,0.77,0
0.000840258,75.15537652,36.11638335,FALSE,-3.39,0.77,0
0.000503861,75.15526027,36.11590139,FALSE,-3.39,0.77,0
0.000993428,75.15015396,36.11775618,FALSE,-3.39,0.77,0
0.000484615,75.14986465,36.11881774,FALSE,-3.39,0.77,0
0.000302708,75.15148276,36.11880314,FALSE,-3.39,0.77,0
0.000423641,75.15136344,36.11924825,FALSE,-3.39,0.77,0
0.002481697,75.15170229,36.11972392,FALSE,-3.39,0.77,0
0.0006349,75.15126937,36.12013751,FALSE,-3.39,0.77,0
0.000489067,75.14595738,36.11915151,FALSE,-3.39,0.77,0
0.000385546,75.14641871,36.11940672,FALSE,-3.39,0.77,0
0.001484886,75.14918429,36.12466918,FALSE,-3.39,0.77,0
0.001830093,75.1556053,36.12608478,FALSE,-3.39,0.77,0
0.000206204,75.15597598,36.12658688,FALSE,-3.39,0.77,0
0.008217863,75.1568888,36.12548936,FALSE,-3.39,0.77,0
0.00067469,75.15491195,36.12465077,FALSE,-3.39,0.77,0
0.00035674,75.15410324,36.12485389,FALSE,-3.39,0.77,0
0.000121907,75.15115545,36.12594761,FALSE,-3.39,0.77,0
0.003021943,75.15807033,36.12757481,FALSE,-3.39,0.77,0
0.000244521,75.15675032,36.12747456,FALSE,-3.39,0.77,0
0.000663249,75.15488646,36.12819493,FALSE,-3.39,0.77,0
0.00058283,75.15419329,36.12730956,FALSE,-3.39,0.77,0
0.000466769,75.15704039,36.12867667,FALSE,-3.39,0.77,0
7.67E-05,75.15274881,36.13005843,FALSE,-3.39,0.77,0
0.000593743,75.15139756,36.1301835,FALSE,-3.39,0.77,0
0.00028874,75.15228248,36.12881804,FALSE,-3.39,0.77,0
0.000297938,75.15124279,36.12894149,FALSE,-3.39,0.77,0
0.000484526,75.14929426,36.12927872,FALSE,-3.39,0.77,0
0.001710451,75.1488455,36.13017555,FALSE,-3.39,0.77,0
0.000189287,75.14726731,36.13083733,FALSE,-3.39,0.77,0
0.003533397,75.16006671,36.13592715,FALSE,-3.39,0.77,0
0.001747784,75.15947565,36.13590609,FALSE,-3.39,0.77,0
0.000806522,75.15914158,36.13557114,FALSE,-3.39,0.77,0
0.00066083,75.15778333,36.13614969,FALSE,-3.39,0.77,0
0.001402709,75.15755051,36.13661526,FALSE,-3.39,0.77,0
0.001768893,75.15623331,36.13702671,FALSE,-3.39,0.77,0
0.001636708,75.15335187,36.13714171,FALSE,-3.39,0.77,0
0.000508469,75.15453017,36.1371252,FALSE,-3.39,0.77,0
0.014879975,75.15532581,36.13784059,FALSE,-3.39,0.77,0
0.001709814,75.1549524,36.13899245,FALSE,-3.39,0.77,0
0.001237487,75.15423308,36.13903738,FALSE,-3.39,0.77,0
0.001565611,75.15559972,36.14006794,FALSE,-3.39,0.77,0
0.000790423,75.15111514,36.13983217,FALSE,-3.39,0.77,0
0.001877669,75.149689,36.13984304,FALSE,-3.39,0.77,0
0.001484,75.14605416,36.13975025,FALSE,-3.39,0.77,0
0.000364774,75.15007963,36.1392277,FALSE,-3.39,0.77,0
0.000931988,75.14683811,36.13799092,FALSE,-3.39,0.77,0
0.000177911,75.14690832,36.1389553,FALSE,-3.39,0.77,0
0.001301137,75.14749846,36.13622265,FALSE,-3.39,0.77,0
0.000440417,75.14512121,36.12846967,FALSE,-3.39,0.77,0
0.001412236,75.1484739,36.1418759,FALSE,-3.39,0.77,0
0.001050723,75.1497673,36.14157259,FALSE,-3.39,0.77,0
0.001773514,75.15101813,36.14103848,FALSE,-3.39,0.77,0
0.000433581,75.15155672,36.14074468,FALSE,-3.39,0.77,0
0.000751831,75.15330675,36.14001415,FALSE,-3.39,0.77,0
0.001306719,75.15242982,36.14036077,FALSE,-3.39,0.77,0
0.001009088,76.41534873,35.76997818,FALSE,-11.83,0.6,0
0.000791514,76.43497467,35.77904101,FALSE,-11.83,0.6,0
0.001468851,76.35171899,35.73462559,FALSE,-5.92,0.8,0
0.021733455,76.38280419,35.79230923,FALSE,-11.83,0.6,0
0.002790359,76.39750048,35.79783522,FALSE,-11.83,0.6,0
0.000726022,76.31720852,35.76117499,FALSE,-11.83,0.6,0
0.000356949,76.31804014,35.76027443,FALSE,-11.83,0.6,0
0.000494327,76.31879045,35.75898169,FALSE,-11.83,0.6,0
0.000523525,76.31272198,35.77024984,FALSE,-11.83,0.6,0
0.000852233,76.24039621,35.74467239,FALSE,-5.92,0.8,0
0.001868032,76.24086869,35.73950365,FALSE,-5.92,0.8,0
0.001127898,76.24754663,35.73964603,FALSE,-5.92,0.8,0
0.001325855,76.24989975,35.73905615,FALSE,-5.92,0.8,0
0.00349666,76.27621074,35.73869545,FALSE,-5.92,0.8,0
0.000558818,76.28229333,35.74546322,FALSE,-5.92,0.8,0
0.002416529,76.28731479,35.72995115,FALSE,-5.92,0.8,0
0.000345439,76.29514339,35.73131889,FALSE,-5.92,0.8,0
0.006828446,76.23591119,35.61272825,FALSE,-5.92,0.8,0
0.006850999,76.21679852,35.62279889,FALSE,-5.92,0.8,0
0.010117214,76.21885737,35.62167995,FALSE,-5.92,0.8,0
0.003424589,76.24706821,35.62686129,FALSE,-5.92,0.8,0
0.000782911,76.20347988,35.71007961,FALSE,-5.92,0.8,0
0.00208897,76.18345613,35.742258,FALSE,-5.92,0.8,0
0.000519628,76.18167893,35.7422398,FALSE,-5.92,0.8,0
0.000311115,76.18187165,35.74370604,FALSE,-5.92,0.8,0
0.000933549,76.19156008,35.72738204,FALSE,-5.92,0.8,0
0.000657565,76.19771212,35.7270645,FALSE,-5.92,0.8,0
0.000299357,76.19910868,35.72705569,FALSE,-5.92,0.8,0
0.000833614,76.19781994,35.72760351,FALSE,-5.92,0.8,0
0.000768615,76.20242614,35.72632354,FALSE,-5.92,0.8,0
0.000928567,76.20296141,35.72692688,FALSE,-5.92,0.8,0
0.020226711,76.17781228,35.75257367,FALSE,-11.83,0.6,0
0.001548378,76.22645379,35.75466016,FALSE,-11.83,0.6,0
0.000665018,76.22535896,35.75624303,FALSE,-11.83,0.6,0
0.000792915,76.22374098,35.75723726,FALSE,-11.83,0.6,0
0.001013138,76.22149217,35.75851308,FALSE,-11.83,0.6,0
0.00058019,76.20968161,35.77385168,FALSE,-11.83,0.6,0
0.001581068,76.21024228,35.77404356,FALSE,-11.83,0.6,0
0.000886023,76.21313064,35.77340352,FALSE,-11.83,0.6,0
0.001119697,76.21693202,35.77568852,FALSE,-11.83,0.6,0
0.003051929,76.21625216,35.77843309,FALSE,-11.83,0.6,0
0.002066831,76.18784241,35.79340642,FALSE,-11.83,0.6,0
0.003312098,76.1845028,35.79355268,FALSE,-11.83,0.6,0
0.001457985,76.18568866,35.79383251,FALSE,-11.83,0.6,0
0.00127526,76.16958069,35.75433872,FALSE,-11.83,0.6,0
0.000877303,76.16686799,35.75399922,FALSE,-11.83,0.6,0
0.000412481,76.16536153,35.75464398,FALSE,-11.83,0.6,0
0.000441328,76.16568538,35.75566026,FALSE,-11.83,0.6,0
0.000855037,76.16498337,35.75896145,FALSE,-11.83,0.6,0
0.000350778,76.15694617,35.76004663,FALSE,-11.83,0.6,0
0.000382335,76.15899239,35.75964708,FALSE,-11.83,0.6,0
0.000552888,76.14706086,35.76637812,FALSE,-11.83,0.6,0
0.000357782,76.14653519,35.76821282,FALSE,-11.83,0.6,0
0.00286762,76.00351561,35.54586037,FALSE,-5.92,0.8,0
0.000743929,76.12374717,35.77572687,FALSE,-11.83,0.6,0
0.001391692,76.09127804,35.79492613,FALSE,-11.83,0.6,0
0.002181167,76.08267011,35.92687784,FALSE,-11.83,0.6,0
0.000834057,76.09270786,35.92588609,FALSE,-11.83,0.6,0
0.000315866,76.09275778,35.92636423,FALSE,-11.83,0.6,0
0.000525335,76.09377035,35.92587087,FALSE,-11.83,0.6,0
0.000975747,76.08556798,35.9303765,FALSE,-11.83,0.6,0
0.000281351,76.08573884,35.93006344,FALSE,-11.83,0.6,0
0.000254313,76.0857528,35.93077122,FALSE,-11.83,0.6,0
0.0003988,76.08426297,35.92941717,FALSE,-11.83,0.6,0
0.007143944,76.06086016,35.91813024,FALSE,-11.83,0.6,0
0.001041937,76.02189612,35.9253755,FALSE,-11.83,0.6,0
0.002845662,76.01827686,35.92731974,FALSE,-11.83,0.6,0
0.001572744,76.01686474,35.92775799,FALSE,-11.83,0.6,0
0.000552058,76.02209087,35.92133662,FALSE,-11.83,0.6,0
0.001439737,76.01340828,35.91630552,FALSE,-11.83,0.6,0
0.005617465,76.01186954,35.91733417,FALSE,-11.83,0.6,0
0.000477728,76.01337585,35.91828286,FALSE,-11.83,0.6,0
0.005235788,76.01287697,35.91802571,FALSE,-11.83,0.6,0
0.001517903,76.01177299,35.91822932,FALSE,-11.83,0.6,0
0.005701696,76.0277795,35.92872525,FALSE,-11.83,0.6,0
0.001681521,76.02733046,35.93086656,FALSE,-11.83,0.6,0
0.000745495,76.0199962,35.93203371,FALSE,-11.83,0.6,0
0.010364638,76.0262171,35.93637583,FALSE,-11.83,0.6,0
0.001819784,76.02544369,35.93889823,FALSE,-11.83,0.6,0
0.002601342,76.02962879,35.94983994,FALSE,-11.83,0.6,0
0.000867524,76.03250397,35.94976995,FALSE,-11.83,0.6,0
0.001150776,76.02952699,35.95086954,FALSE,-11.83,0.6,0
0.000427864,76.02964774,35.95148152,FALSE,-11.83,0.6,0
0.112496912,76.02991688,35.95406122,FALSE,-11.83,0.6,0
0.005304137,76.01116539,35.95696222,FALSE,-11.83,0.6,0
0.000547022,76.01179968,35.95642284,FALSE,-11.83,0.6,0
0.000921558,76.0108444,35.95742988,FALSE,-11.83,0.6,0
0.001612835,76.02606119,35.96446269,FALSE,-11.83,0.6,0
0.005579669,76.02320551,35.96381174,FALSE,-11.83,0.6,0
0.002955382,76.0243751,35.96640302,FALSE,-11.83,0.6,0
0.001512015,76.02223975,35.96586631,FALSE,-11.83,0.6,0
0.006357352,76.02706363,35.96063166,FALSE,-11.83,0.6,0
0.000394531,76.0224715,35.96874744,FALSE,-11.83,0.6,0
0.001349201,76.02280704,35.96926126,FALSE,-11.83,0.6,0
0.009093403,76.01988377,35.97031375,FALSE,-11.83,0.6,0
0.001948484,76.01753512,35.96984931,FALSE,-11.83,0.6,0
0.004359195,76.01596102,35.96803779,FALSE,-11.83,0.6,0
0.002322341,76.0151324,35.96994701,FALSE,-11.83,0.6,0
0.003523893,76.01305447,35.97023775,FALSE,-11.83,0.6,0
0.000419282,76.01408065,35.96993414,FALSE,-11.83,0.6,0
0.001693641,76.01351008,35.97099795,FALSE,-11.83,0.6,0
0.003469181,76.01457058,35.97119352,FALSE,-11.83,0.6,0
0.000616791,76.01339503,35.97267494,FALSE,-11.83,0.6,0
0.004637564,76.01761528,35.97564113,FALSE,-11.83,0.6,0
0.001733708,76.01381164,35.97875199,FALSE,-11.83,0.6,0
0.000615168,76.01378678,35.9761135,FALSE,-11.83,0.6,0
0.000275551,76.01424133,35.976202,FALSE,-11.83,0.6,0
0.000457969,76.01402535,35.97673338,FALSE,-11.83,0.6,0
0.001129432,76.01451577,35.97774907,FALSE,-11.83,0.6,0
0.002935744,76.0146502,35.97838348,FALSE,-11.83,0.6,0
0.001821264,76.00970678,35.98044264,FALSE,-11.83,0.6,0
0.001050173,76.00500914,35.96945715,FALSE,-11.83,0.6,0
0.001474912,76.05378643,35.97568143,FALSE,-11.83,0.6,0
0.002679365,76.05618457,35.97257201,FALSE,-11.83,0.6,0
0.003644884,76.00400024,35.98442027,FALSE,-11.83,0.6,0
0.001587381,75.97885175,35.98303537,FALSE,-11.83,0.6,0
0.00070366,75.98065787,35.98163254,FALSE,-11.83,0.6,0
0.001186073,75.99473561,35.99070632,FALSE,-11.83,0.6,0
0.006304346,76.00253035,35.9208078,FALSE,-11.83,0.6,0
0.005981912,76.01536539,35.94779822,FALSE,-11.83,0.6,0
0.000907945,76.01424185,35.93924172,FALSE,-11.83,0.6,0
0.000688851,76.01374749,35.93925931,FALSE,-11.83,0.6,0
0.002215735,76.01400757,35.93860954,FALSE,-11.83,0.6,0
0.003662974,76.01309273,35.93454548,FALSE,-11.83,0.6,0
0.018752774,75.90852027,35.69301598,FALSE,-0.23,0.97,1
0.004504871,75.90872964,35.68915287,FALSE,-0.23,0.97,1
0.00037883,75.90482502,35.68661076,FALSE,-0.23,0.97,1
0.000557676,75.91390731,35.70046935,FALSE,-0.23,0.97,1
0.000634157,75.91363482,35.70032207,FALSE,-0.23,0.97,1
0.001174916,75.90989,35.70044068,FALSE,-0.23,0.97,1
0.00027407,75.91063908,35.70106797,FALSE,-0.23,0.97,1
0.001175971,75.90803724,35.70263427,FALSE,-0.23,0.97,1
0.000543943,75.90770198,35.70206038,FALSE,-0.23,0.97,1
0.000442997,75.90629651,35.70145665,FALSE,-0.23,0.97,1
0.001566009,75.94627735,35.62100229,FALSE,-5.92,0.8,0
0.000581373,75.94704609,35.60646301,FALSE,-5.92,0.8,0
0.000426614,75.94558328,35.60137871,FALSE,-5.92,0.8,0
0.000827933,75.93263119,35.59415046,FALSE,-0.23,0.97,0
0.001025019,75.95387766,35.59286522,FALSE,-5.92,0.8,0
0.002089096,75.95400286,35.59235351,FALSE,-5.92,0.8,0
0.002907249,75.95326579,35.59856807,FALSE,-5.92,0.8,0
0.000798153,75.95353372,35.59817063,FALSE,-5.92,0.8,0
0.000445104,75.95053346,35.61720873,FALSE,-5.92,0.8,0
0.000961923,75.95233031,35.56801898,FALSE,-5.92,0.8,0
0.004946993,75.88263417,35.57254271,FALSE,-0.23,0.97,0
0.000934559,75.88037936,35.56953792,FALSE,-0.23,0.97,0
0.000714465,75.88809946,35.56283147,FALSE,-0.23,0.97,0
0.000731704,75.88579781,35.58464375,FALSE,-0.23,0.97,0
0.001958264,75.83501111,35.59308963,FALSE,-0.23,0.97,0
0.000790617,75.83584644,35.59267666,FALSE,-0.23,0.97,0
0.000538864,75.83657726,35.59472489,FALSE,-0.23,0.97,0
0.000390763,75.83621984,35.59321485,FALSE,-0.23,0.97,0
0.000326414,75.8365626,35.59359947,FALSE,-0.23,0.97,0
0.00037834,75.83643879,35.59410966,FALSE,-0.23,0.97,0
0.00031508,75.83850935,35.59330156,FALSE,-0.23,0.97,0
0.00029686,75.83852141,35.59446742,FALSE,-0.23,0.97,0
0.000515071,75.83883336,35.59532549,FALSE,-0.23,0.97,0
0.000343194,75.83917332,35.59581816,FALSE,-0.23,0.97,0
0.000176286,75.83830683,35.59597852,FALSE,-0.23,0.97,0
0.000446276,75.83721211,35.59658067,FALSE,-0.23,0.97,0
0.000385814,75.83674029,35.59664125,FALSE,-0.23,0.97,0
0.000299374,75.94898721,35.99638425,FALSE,-11.83,0.6,0
0.00061195,75.94916746,35.97186292,FALSE,-11.83,0.6,0
0.000681825,75.94828943,35.96970049,FALSE,-11.83,0.6,0
0.001362211,75.77766804,35.6356004,FALSE,-0.23,0.97,0
0.004528478,75.77838861,35.63666289,FALSE,-0.23,0.97,0
0.0014312,75.78077572,35.68091585,FALSE,-0.23,0.97,0
0.000430687,75.7872472,35.68426646,FALSE,-0.23,0.97,0
0.000589581,75.78563697,35.68436796,FALSE,-0.23,0.97,0
0.000748457,75.78826508,35.68874935,FALSE,-0.23,0.97,0
0.000195436,75.78690967,35.68960465,FALSE,-0.23,0.97,0
0.000400204,75.78636851,35.68991805,FALSE,-0.23,0.97,0
0.000264212,75.78712064,35.69039128,FALSE,-0.23,0.97,0
0.000120944,75.78675351,35.69069177,FALSE,-0.23,0.97,0
0.000167548,75.78457078,35.6903811,FALSE,-0.23,0.97,0
0.000274345,75.78662296,35.69154015,FALSE,-0.23,0.97,0
0.00066979,75.78549722,35.69147009,FALSE,-0.23,0.97,0
0.000321926,75.78384241,35.69056185,FALSE,-0.23,0.97,0
0.000332411,75.78408038,35.68677488,FALSE,-0.23,0.97,0
0.000602718,75.78453557,35.68684233,FALSE,-0.23,0.97,0
0.000494198,75.78500607,35.68713797,FALSE,-0.23,0.97,0
0.000326857,75.7853706,35.68736205,FALSE,-0.23,0.97,0
0.000644013,75.77541346,35.68845339,FALSE,-0.23,0.97,0
0.000629478,75.77997949,35.83840212,FALSE,-9.14,0.75,0
0.00168923,75.78714508,35.8407176,FALSE,-9.14,0.75,0
0.001740746,75.78509151,35.84147328,FALSE,-9.14,0.75,0
0.000407118,75.79103508,35.83880384,FALSE,-9.14,0.75,0
0.00024022,75.79101157,35.83839034,FALSE,-9.14,0.75,0
0.000402611,75.78406481,35.84185938,FALSE,-9.14,0.75,0
0.001224253,75.7829428,35.84154643,FALSE,-9.14,0.75,0
0.001329193,75.78217978,35.84168964,FALSE,-9.14,0.75,0
0.00049976,75.78210717,35.84099282,FALSE,-9.14,0.75,0
0.000176835,75.7828623,35.84030757,FALSE,-9.14,0.75,0
0.00020663,75.78221467,35.83976217,FALSE,-9.14,0.75,0
0.001326921,75.74691993,35.83297198,FALSE,-9.14,0.75,0
0.000856424,75.74792767,35.83214465,FALSE,-9.14,0.75,0
0.000679601,75.74670617,35.83148097,FALSE,-9.14,0.75,0
0.000741054,75.74853581,35.8316895,FALSE,-9.14,0.75,0
0.00055825,75.74641889,35.83209458,FALSE,-9.14,0.75,0
0.032445789,75.74012117,35.82923722,FALSE,-9.14,0.75,0
0.003698641,75.74816885,35.82899089,FALSE,-9.14,0.75,0
0.000661179,75.74948352,35.82884569,FALSE,-9.14,0.75,0
0.002319914,75.74876781,35.82932914,FALSE,-9.14,0.75,0
0.00105381,75.75251918,35.82576634,FALSE,-9.14,0.75,0
0.002288069,75.76063787,35.82026294,FALSE,-9.14,0.75,0
0.005963519,75.76549348,35.8175645,FALSE,-9.14,0.75,0
0.000432545,75.76758873,35.81696898,FALSE,-9.14,0.75,0
0.010050878,75.77327623,35.8146444,FALSE,-9.14,0.75,0
0.007076017,75.7848671,35.80912151,FALSE,-9.14,0.75,0
0.001140904,75.78998363,35.80620224,FALSE,-9.14,0.75,0
0.010512499,75.79208592,35.80493799,FALSE,-9.14,0.75,0
0.002782185,75.78907656,35.80882008,FALSE,-9.14,0.75,0
0.001792723,75.78976475,35.80861722,FALSE,-9.14,0.75,0
0.001899037,75.80850932,35.79392973,FALSE,-9.14,0.75,0
0.001165709,75.80912928,35.79363599,FALSE,-9.14,0.75,0
0.001142069,75.82453615,35.7733491,FALSE,-9.14,0.75,0
0.001836832,75.82421683,35.77421437,FALSE,-9.14,0.75,0
0.011228029,75.82672598,35.77040425,FALSE,-9.14,0.75,0
0.001044693,75.82927155,35.76956499,FALSE,-9.14,0.75,0
0.001297295,75.82544026,35.7721865,FALSE,-9.14,0.75,0
0.001601203,75.82867069,35.76721409,FALSE,-9.14,0.75,0
0.003676362,75.83219479,35.76506309,FALSE,-9.14,0.75,0
0.002120874,75.85224576,35.75327908,FALSE,-9.14,0.75,0
0.002832942,75.85773375,35.74851095,FALSE,-0.23,0.97,0
0.009616001,75.85714703,35.74927931,FALSE,-0.23,0.97,0
0.000891778,75.86297844,35.7608965,FALSE,-9.14,0.75,0
0.000429713,75.8643164,35.76238369,FALSE,-9.14,0.75,0
0.000529615,75.8646368,35.76210634,FALSE,-9.14,0.75,0
0.002800408,75.86312191,35.76366386,FALSE,-9.14,0.75,0
0.00089993,75.85690344,35.76970775,FALSE,-9.14,0.75,0
0.001983683,75.85208135,35.77331879,FALSE,-9.14,0.75,0
0.000665435,75.84997239,35.77650578,FALSE,-9.14,0.75,0
0.000538551,75.85005093,35.77736949,FALSE,-9.14,0.75,0
0.000567518,75.85136687,35.77653283,FALSE,-9.14,0.75,0
0.001352869,75.80526353,35.81806924,FALSE,-9.14,0.75,0
0.000894005,75.80581941,35.81886058,FALSE,-9.14,0.75,0
0.000741009,75.80304567,35.81922947,FALSE,-9.14,0.75,0
0.000522572,75.80557534,35.81953213,FALSE,-9.14,0.75,0
0.000307489,75.8059235,35.81935884,FALSE,-9.14,0.75,0
0.001347829,75.80235253,35.82607552,FALSE,-9.14,0.75,0
0.000703158,75.79936951,35.82935176,FALSE,-9.14,0.75,0
0.00024406,75.79914329,35.82956179,FALSE,-9.14,0.75,0
0.000373752,75.79687019,35.83195389,FALSE,-9.14,0.75,0
0.000371811,75.79750631,35.83192575,FALSE,-9.14,0.75,0
0.000316037,75.79728238,35.83142025,FALSE,-9.14,0.75,0
0.000850169,75.7967357,35.8317724,FALSE,-9.14,0.75,0
0.000634193,75.79650486,35.83217336,FALSE,-9.14,0.75,0
0.001642071,75.78019891,35.83801564,FALSE,-9.14,0.75,0
0.025506903,75.76816429,35.81840595,FALSE,-9.14,0.75,0
0.015202103,75.75156867,35.82113455,FALSE,-9.14,0.75,0
0.000887088,75.73227259,35.80518858,FALSE,-9.14,0.75,0
0.000653921,75.73010607,35.79558785,FALSE,-9.14,0.75,0
0.000565723,75.73044795,35.79545364,FALSE,-9.14,0.75,0
0.000425576,75.73211008,35.79380287,FALSE,-9.14,0.75,0
0.000486868,75.7323234,35.7939911,FALSE,-9.14,0.75,0
0.00060196,75.77612559,35.9128559,FALSE,-9.14,0.75,0
0.000229156,75.77656396,35.91318064,FALSE,-9.14,0.75,0
0.00053707,75.77710707,35.91358385,FALSE,-9.14,0.75,0
0.000488608,75.771018,35.9041718,FALSE,-9.14,0.75,0
0.000471883,75.71971064,35.91731059,FALSE,-9.14,0.75,0
0.000284031,75.7204586,35.91692227,FALSE,-9.14,0.75,0
0.000413692,75.71935056,35.91795984,FALSE,-9.14,0.75,0
0.000378403,75.71834913,35.91954925,FALSE,-9.14,0.75,0
0.000494938,75.71469959,35.92055659,FALSE,-9.14,0.75,0
0.000687346,75.72768759,35.91397237,FALSE,-9.14,0.75,0
0.000642586,75.77413646,35.88290813,FALSE,-9.14,0.75,0
0.000593718,75.77747558,35.88388909,FALSE,-9.14,0.75,0
0.000657384,75.776892,35.88444325,FALSE,-9.14,0.75,0
0.000299935,75.77695188,35.88703541,FALSE,-9.14,0.75,0
0.000815287,75.77299961,35.88742348,FALSE,-9.14,0.75,0
0.000897764,75.79152592,35.88723595,FALSE,-9.14,0.75,0
0.000361992,75.79072207,35.88815599,FALSE,-9.14,0.75,0
0.000880265,75.79877229,35.88436692,FALSE,-9.14,0.75,0
0.002109663,75.80605041,35.88868647,FALSE,-9.14,0.75,0
0.000653019,75.80672506,35.88957588,FALSE,-9.14,0.75,0
0.000473471,75.80522313,35.88932876,FALSE,-9.14,0.75,0
0.000774647,75.80334936,35.89139993,FALSE,-9.14,0.75,0
0.000654597,75.80123328,35.8924165,FALSE,-9.14,0.75,0
0.000606513,75.80146265,35.89256682,FALSE,-9.14,0.75,0
0.001080472,75.79995107,35.88689962,FALSE,-9.14,0.75,0
0.001072084,75.80085981,35.88629694,FALSE,-9.14,0.75,0
0.000904455,75.80051808,35.88717984,FALSE,-9.14,0.75,0
0.017406742,75.80205852,35.88694463,FALSE,-9.14,0.75,0
0.000978181,75.80697783,35.89143546,FALSE,-9.14,0.75,0
0.000675505,75.77825373,35.88217391,FALSE,-9.14,0.75,0
0.000364617,75.77685459,35.88337248,FALSE,-9.14,0.75,0
0.000941512,75.77268604,35.88154808,FALSE,-9.14,0.75,0
0.001394624,75.73752006,35.87121886,FALSE,-9.14,0.75,0
0.000327506,75.73632973,35.87522023,FALSE,-9.14,0.75,0
0.00092549,75.73812625,35.87188662,FALSE,-9.14,0.75,0
0.000486282,75.7390817,35.87107854,FALSE,-9.14,0.75,0
0.001002371,75.74327939,35.8663795,FALSE,-9.14,0.75,0
0.000698831,75.74181464,35.86632974,FALSE,-9.14,0.75,0
0.000580528,75.74103139,35.86740299,FALSE,-9.14,0.75,0
0.000337036,75.74140503,35.86755716,FALSE,-9.14,0.75,0
0.0005511,75.74085701,35.86793296,FALSE,-9.14,0.75,0
0.00054936,75.73981413,35.86745173,FALSE,-9.14,0.75,0
0.00043242,75.74116278,35.86679857,FALSE,-9.14,0.75,0
0.000455896,75.74251563,35.86737585,FALSE,-9.14,0.75,0
0.000758617,75.74554508,35.86716585,FALSE,-9.14,0.75,0
0.003597965,75.74656927,35.86699637,FALSE,-9.14,0.75,0
0.001810641,75.74703898,35.86617724,FALSE,-9.14,0.75,0
0.003615079,75.7520828,35.86341504,FALSE,-9.14,0.75,0
0.00212912,75.75127052,35.86198466,FALSE,-9.14,0.75,0
0.001578274,75.75225365,35.86200235,FALSE,-9.14,0.75,0
0.000362282,75.75323267,35.86143402,FALSE,-9.14,0.75,0
0.000199709,75.75318745,35.86185856,FALSE,-9.14,0.75,0
0.00041431,75.75431147,35.86199436,FALSE,-9.14,0.75,0
0.000680754,75.75447702,35.86141257,FALSE,-9.14,0.75,0
0.000948159,75.75396312,35.86116484,FALSE,-9.14,0.75,0
0.001667347,75.75526063,35.86048774,FALSE,-9.14,0.75,0
0.00141068,75.75549564,35.86001945,FALSE,-9.14,0.75,0
0.001368163,75.75565135,35.86082607,FALSE,-9.14,0.75,0
0.000942143,75.75892119,35.86063225,FALSE,-9.14,0.75,0
0.00103758,75.75637102,35.85973779,FALSE,-9.14,0.75,0
0.00065548,75.75705144,35.85998377,FALSE,-9.14,0.75,0
0.000151908,75.7567856,35.8602205,FALSE,-9.14,0.75,0
0.000108116,75.75630298,35.86037159,FALSE,-9.14,0.75,0
0.000598453,75.75762757,35.85946972,FALSE,-9.14,0.75,0
0.000541804,75.75705874,35.85907816,FALSE,-9.14,0.75,0
0.001323711,75.75525109,35.85854269,FALSE,-9.14,0.75,0
0.00064586,75.75397474,35.85807425,FALSE,-9.14,0.75,0
0.000283488,75.75289364,35.85886255,FALSE,-9.14,0.75,0
0.000374853,75.75321525,35.85943526,FALSE,-9.14,0.75,0
0.000363652,75.75382368,35.8596252,FALSE,-9.14,0.75,0
0.000279188,75.75333574,35.86038225,FALSE,-9.14,0.75,0
0.000218526,75.75278266,35.86061184,FALSE,-9.14,0.75,0
0.000895268,75.75245401,35.86092103,FALSE,-9.14,0.75,0
0.000795852,75.75376013,35.86275261,FALSE,-9.14,0.75,0
0.000135545,75.75360642,35.86241998,FALSE,-9.14,0.75,0
0.000943739,75.75153177,35.86303024,FALSE,-9.14,0.75,0
0.001368106,75.75731543,35.85839391,FALSE,-9.14,0.75,0
0.000321428,75.75761776,35.85810849,FALSE,-9.14,0.75,0
0.000789687,75.75898686,35.85819201,FALSE,-9.14,0.75,0
0.000297437,75.75806031,35.85877223,FALSE,-9.14,0.75,0
0.000694908,75.75759948,35.85734094,FALSE,-9.14,0.75,0
0.000521643,75.75830341,35.85704913,FALSE,-9.14,0.75,0
0.000431058,75.75809929,35.85677205,FALSE,-9.14,0.75,0
0.000200062,75.75923643,35.85723413,FALSE,-9.14,0.75,0
0.000272446,75.75958065,35.85750192,FALSE,-9.14,0.75,0
0.000927185,75.75639466,35.85674257,FALSE,-9.14,0.75,0
0.000385697,75.75552392,35.85728069,FALSE,-9.14,0.75,0
0.000355604,75.75674855,35.85782138,FALSE,-9.14,0.75,0
0.000180562,75.75477876,35.8578905,FALSE,-9.14,0.75,0
0.00019374,75.75723558,35.85663039,FALSE,-9.14,0.75,0
0.000858444,75.75983552,35.85638091,FALSE,-9.14,0.75,0
0.006151481,75.75906074,35.85600053,FALSE,-9.14,0.75,0
0.000446295,75.75874184,35.8557101,FALSE,-9.14,0.75,0
0.0007561,75.76001399,35.85609849,FALSE,-9.14,0.75,0
0.001582342,75.75928384,35.85487396,FALSE,-9.14,0.75,0
0.000615584,75.75993294,35.85524243,FALSE,-9.14,0.75,0
0.000721651,75.76004301,35.85499652,FALSE,-9.14,0.75,0
0.000527269,75.76043131,35.85513559,FALSE,-9.14,0.75,0
0.000286906,75.76094161,35.85502809,FALSE,-9.14,0.75,0
0.000230031,75.76117336,35.85433318,FALSE,-9.14,0.75,0
0.000422176,75.75962804,35.85400516,FALSE,-9.14,0.75,0
0.002437403,75.76587404,35.85586799,FALSE,-9.14,0.75,0
0.003398473,75.76839953,35.85269408,FALSE,-9.14,0.75,0
0.000491584,75.76654736,35.85151784,FALSE,-9.14,0.75,0
0.000199539,75.76758284,35.85328127,FALSE,-9.14,0.75,0
0.002154475,75.78363438,35.84199365,FALSE,-9.14,0.75,0
0.000465914,75.78279332,35.84226998,FALSE,-9.14,0.75,0
0.003982618,75.78228873,35.8427605,FALSE,-9.14,0.75,0
0.000441696,75.78087292,35.84258197,FALSE,-9.14,0.75,0
0.000291286,75.78013231,35.84342399,FALSE,-9.14,0.75,0
0.000184382,75.78113095,35.84339097,FALSE,-9.14,0.75,0
0.002593441,75.78141138,35.84297809,FALSE,-9.14,0.75,0
0.035338029,75.78184332,35.84487612,FALSE,-9.14,0.75,0
0.00171983,75.75097952,35.86381294,FALSE,-9.14,0.75,0
0.000818357,75.72404975,35.88106328,FALSE,-9.14,0.75,0
0.005667419,75.71018927,35.88598617,FALSE,-9.14,0.75,0
0.060274533,75.72946149,35.84186777,FALSE,-9.14,0.75,0
0.009486029,75.73186461,35.83930773,FALSE,-9.14,0.75,0
0.003505885,75.73393492,35.83817271,FALSE,-9.14,0.75,0
0.000861294,75.73283964,35.84097928,FALSE,-9.14,0.75,0
0.000483641,75.73147236,35.84207025,FALSE,-9.14,0.75,0
0.001163899,75.73028714,35.84305097,FALSE,-9.14,0.75,0
0.000716759,75.73089202,35.84319856,FALSE,-9.14,0.75,0
0.000510111,75.72959302,35.84354784,FALSE,-9.14,0.75,0
0.000494089,75.73049968,35.84375722,FALSE,-9.14,0.75,0
0.000337825,75.73074667,35.84371448,FALSE,-9.14,0.75,0
0.000507044,75.73200321,35.84402496,FALSE,-9.14,0.75,0
0.000494721,75.73071008,35.84427116,FALSE,-9.14,0.75,0
0.000207142,75.72987201,35.84408214,FALSE,-9.14,0.75,0
0.037823744,75.72978571,35.8378465,FALSE,-9.14,0.75,0
0.001726356,75.73281997,35.8338348,FALSE,-9.14,0.75,0
0.001493796,75.73207841,35.8335696,FALSE,-9.14,0.75,0
0.000331869,75.73247717,35.83336398,FALSE,-9.14,0.75,0
0.000456763,75.73145499,35.83232163,FALSE,-9.14,0.75,0
0.006287341,75.73754905,35.83258627,FALSE,-9.14,0.75,0
0.000889876,75.7391743,35.83279519,FALSE,-9.14,0.75,0
0.00145672,75.74122059,35.83292345,FALSE,-9.14,0.75,0
0.000350255,75.74023778,35.83262295,FALSE,-9.14,0.75,0
0.000697642,75.74028809,35.83234678,FALSE,-9.14,0.75,0
0.00047333,75.73988588,35.83257353,FALSE,-9.14,0.75,0
0.00127646,75.74093651,35.83374956,FALSE,-9.14,0.75,0
0.000435793,75.74541829,35.83318688,FALSE,-9.14,0.75,0
0.000260149,75.74198509,35.83535768,FALSE,-9.14,0.75,0
0.000949663,75.73795612,35.83478172,FALSE,-9.14,0.75,0
0.000584011,75.73881936,35.83483083,FALSE,-9.14,0.75,0
0.000628892,75.74016346,35.83552282,FALSE,-9.14,0.75,0
0.000715649,75.74751175,35.83634502,FALSE,-9.14,0.75,0
0.000480486,75.74795953,35.83715878,FALSE,-9.14,0.75,0
0.004544824,74.86163299,36.15466937,FALSE,-3.39,0.77,0
0.001531317,75.01715932,36.08371316,FALSE,-3.39,0.77,0
0.006415717,75.01671176,36.08427837,FALSE,-3.39,0.77,0
0.004769501,75.01628433,36.08536731,FALSE,-3.39,0.77,0
0.002349917,75.00775798,36.11619132,FALSE,-3.39,0.77,0
0.001278206,74.98302783,36.24105726,FALSE,-3.39,0.77,0
0.002450637,75.01005985,36.08569638,FALSE,-3.39,0.77,0
0.009830189,74.6462599,36.03885751,FALSE,1.74,0.72,1
0.002666305,74.64954436,36.06657303,FALSE,1.74,0.72,1
0.048501534,74.80598795,36.00587076,FALSE,-3.39,0.77,0
0.005576915,75.01648272,35.80047602,FALSE,-3.39,0.77,0
0.000814414,75.02016192,35.79525782,FALSE,-3.39,0.77,1
0.001532699,75.0526871,35.77342514,FALSE,-3.39,0.77,1
0.004679183,75.05010233,35.77505802,FALSE,-3.39,0.77,1
0.000893289,75.04851455,35.77655872,FALSE,-3.39,0.77,1
0.004639532,75.0480404,35.77722911,FALSE,-3.39,0.77,1
0.000462991,75.04447856,35.78074332,FALSE,-3.39,0.77,1
0.00049165,75.04183151,35.7812678,FALSE,-3.39,0.77,1
0.001025376,75.02810842,35.79539607,FALSE,-3.39,0.77,1
0.001489271,74.99495948,35.80645125,FALSE,-3.39,0.77,0
0.000346396,75.08122107,35.79974115,FALSE,-3.39,0.77,1
0.001096106,75.0805539,35.80046114,FALSE,-3.39,0.77,1
0.005695796,75.07975323,35.80299088,FALSE,-3.39,0.77,1
0.000859012,75.08078117,35.80416962,FALSE,-3.39,0.77,1
0.003328199,75.08192257,35.80379767,FALSE,-3.39,0.77,1
0.002487788,75.07994221,35.80711864,FALSE,-3.39,0.77,1
0.000947017,75.08205259,35.80711847,FALSE,-3.39,0.77,1
0.000589785,75.0755644,35.80852629,FALSE,-3.39,0.77,1
0.000406435,75.07686104,35.80809043,FALSE,-3.39,0.77,1
0.001268635,75.07986395,35.81274329,FALSE,-3.39,0.77,0
0.000374509,75.08041387,35.81309798,FALSE,-3.39,0.77,0
0.000840468,75.07988911,35.81324632,FALSE,-3.39,0.77,0
0.00058789,75.07743453,35.81437834,FALSE,-3.39,0.77,0
0.000631898,75.07672137,35.81452619,FALSE,-3.39,0.77,0
0.00076832,75.07793834,35.81546066,FALSE,-3.39,0.77,0
0.000860593,75.07537654,35.81570371,FALSE,-3.39,0.77,0
0.00038295,75.07522095,35.81619762,FALSE,-3.39,0.77,0
0.000676274,75.08295487,35.81605043,FALSE,-3.39,0.77,0
0.000509622,75.08279751,35.81529464,FALSE,-3.39,0.77,0
0.013588605,75.23775136,35.77384397,FALSE,-3.39,0.77,0
0.004989594,75.25610654,35.73597914,FALSE,1.52,1.06,0
0.001284233,75.75447351,35.64072787,FALSE,-0.23,0.97,0
0.002286308,75.67734635,35.66038135,FALSE,-0.23,0.97,0
0.000510921,75.6885334,35.67487232,FALSE,-0.23,0.97,0
0.001111986,74.99934358,35.99345304,FALSE,-3.39,0.77,0
0.006127052,75.11425258,35.96311169,FALSE,-3.39,0.77,0
0.000739424,75.11509146,35.96206243,FALSE,-3.39,0.77,0
0.000712082,75.12018102,35.95957259,FALSE,-3.39,0.77,0
0.000629798,75.11900148,35.95920794,FALSE,-3.39,0.77,0
0.002479473,75.1197812,35.95920514,FALSE,-3.39,0.77,0
0.000668187,75.12093735,35.95820355,FALSE,-3.39,0.77,0
0.000308091,75.12469914,35.9554904,FALSE,-3.39,0.77,0
0.000860284,75.12482439,35.95602038,FALSE,-3.39,0.77,0
0.001045078,75.12754172,35.9545344,FALSE,-3.39,0.77,0
0.000520401,75.12939052,35.95430625,FALSE,-3.39,0.77,0
0.001109482,75.13014214,35.95392093,FALSE,-3.39,0.77,0
0.000831707,75.1289667,35.95357093,FALSE,-3.39,0.77,0
0.000336205,75.12934796,35.95357334,FALSE,-3.39,0.77,0
0.00086979,75.13482847,35.93508225,FALSE,-3.39,0.77,0
0.000830255,75.13410647,35.93540607,FALSE,-3.39,0.77,0
0.000701135,75.13735685,35.93389092,FALSE,-3.39,0.77,0
0.001669968,75.13552969,35.93142383,FALSE,-3.39,0.77,0
0.001038302,75.13607613,35.93116422,FALSE,-3.39,0.77,0
0.000977295,75.13504837,35.93013134,FALSE,-3.39,0.77,0
0.00071128,75.13369895,35.9298201,FALSE,-3.39,0.77,0
0.000503051,75.13242541,35.93103853,FALSE,-3.39,0.77,0
0.000547298,75.12880581,35.932545,FALSE,-3.39,0.77,0
0.000904109,75.12848352,35.93381299,FALSE,-3.39,0.77,0
0.00119521,75.12929995,35.93397278,FALSE,-3.39,0.77,0
0.000486044,75.12845238,35.93426306,FALSE,-3.39,0.77,0
0.001499886,75.12783351,35.93430339,FALSE,-3.39,0.77,0
0.005355905,75.12418959,35.93248408,FALSE,-3.39,0.77,0
0.00360656,75.1210414,35.93172076,FALSE,-3.39,0.77,0
0.003153872,75.12372723,35.92936079,FALSE,-3.39,0.77,0
0.000723432,75.12439165,35.9291311,FALSE,-3.39,0.77,0
0.000762203,75.12570242,35.92934209,FALSE,-3.39,0.77,0
0.001307939,75.12509781,35.92806727,FALSE,-3.39,0.77,0
0.001855006,75.12402282,35.92785411,FALSE,-3.39,0.77,0
0.010711852,75.04923188,35.98158662,FALSE,-3.39,0.77,0
0.001329882,75.01870175,35.98741673,FALSE,-3.39,0.77,0
0.001010669,75.02198747,35.98626162,FALSE,-3.39,0.77,0
0.000618922,75.0871651,35.95512705,FALSE,-3.39,0.77,0
0.00092355,75.09250572,35.97636929,FALSE,-3.39,0.77,0
0.00064077,75.09289399,35.97607815,FALSE,-3.39,0.77,0
0.000660133,75.0868889,35.98218688,FALSE,-3.39,0.77,0
0.002888994,75.0923765,35.98462608,FALSE,-3.39,0.77,0
0.002851053,75.08301901,35.98743389,FALSE,-3.39,0.77,0
0.003722821,75.08091691,35.98583722,FALSE,-3.39,0.77,0
0.001064606,75.08575643,35.9840783,FALSE,-3.39,0.77,0
0.000774019,75.09361311,35.97993496,FALSE,-3.39,0.77,0
0.000584124,75.09449205,35.98003649,FALSE,-3.39,0.77,0
0.000672819,75.09416005,35.97978433,FALSE,-3.39,0.77,0
0.000453761,75.09265663,35.98109852,FALSE,-3.39,0.77,0
0.001636133,75.13376875,35.94833519,FALSE,-3.39,0.77,0
0.000467113,75.11971658,35.90733595,FALSE,-3.39,0.77,0
0.000786456,75.0960931,35.95184442,FALSE,-3.39,0.77,0
0.000469021,75.09574553,35.95312803,FALSE,-3.39,0.77,0
0.000436435,75.09559535,35.95387092,FALSE,-3.39,0.77,0
0.000544789,75.10285534,35.9523732,FALSE,-3.39,0.77,0
0.00081523,75.10428299,35.95169872,FALSE,-3.39,0.77,0
0.000396025,75.06679774,35.95763466,FALSE,-3.39,0.77,0
0.000683568,75.07937878,35.97109536,FALSE,-3.39,0.77,0
0.001469881,75.06078921,35.97490725,FALSE,-3.39,0.77,0
0.000387755,75.06200334,35.97489105,FALSE,-3.39,0.77,0
0.00080085,75.02360872,35.96138057,FALSE,-3.39,0.77,0
0.000455223,75.06322279,35.97881213,FALSE,-3.39,0.77,0
0.000463827,75.06500027,35.97835632,FALSE,-3.39,0.77,0
0.000595793,75.06434105,35.98474496,FALSE,-3.39,0.77,0
0.000712178,75.06352883,35.98436513,FALSE,-3.39,0.77,0
0.000616478,75.06405814,35.9843823,FALSE,-3.39,0.77,0
0.000648339,75.0656626,35.98364685,FALSE,-3.39,0.77,0
0.0004155,75.05509109,35.98420539,FALSE,-3.39,0.77,0
0.000997686,75.07060138,35.98882018,FALSE,-3.39,0.77,0
0.008362135,75.06850613,35.98974679,FALSE,-3.39,0.77,0
0.000700061,75.06301568,35.99087307,FALSE,-3.39,0.77,0
0.001449009,75.05506439,35.99847542,FALSE,-3.39,0.77,0
0.000915376,75.05456563,35.99923943,FALSE,-3.39,0.77,0
0.000639281,75.05533625,35.9990289,FALSE,-3.39,0.77,0
0.000744412,75.05712836,36.00154792,FALSE,-3.39,0.77,0
0.002114546,75.06472219,36.00905946,FALSE,-3.39,0.77,0
0.000740918,75.0655141,36.00928562,FALSE,-3.39,0.77,0
0.000537455,75.06221797,36.00933667,FALSE,-3.39,0.77,0
0.001083905,75.06876664,36.01429953,FALSE,-3.39,0.77,0
0.00227679,75.06896988,36.01496721,FALSE,-3.39,0.77,0
0.001262195,75.06827416,36.01513271,FALSE,-3.39,0.77,0
0.001887848,75.04258402,35.99606233,FALSE,-3.39,0.77,0
0.028310495,75.04431734,35.99560043,FALSE,-3.39,0.77,0
0.001048672,75.12370118,36.21673383,FALSE,-3.39,0.77,0
0.000594142,75.12517245,36.21660579,FALSE,-3.39,0.77,0
0.001292393,75.12641772,36.21630135,FALSE,-3.39,0.77,0
0.001116524,75.12586926,36.21543013,FALSE,-3.39,0.77,0
0.00126702,75.1294815,36.21462926,FALSE,-3.39,0.77,0
0.001247014,75.12789791,36.21419182,FALSE,-3.39,0.77,0
0.000459884,75.1269224,36.21260145,FALSE,-3.39,0.77,0
0.000668179,75.12537501,36.21281348,FALSE,-3.39,0.77,0
0.001065903,75.12395084,36.21426891,FALSE,-3.39,0.77,0
0.000592907,75.12327218,36.21531924,FALSE,-3.39,0.77,0
0.001366922,75.12696466,36.20850185,FALSE,-3.39,0.77,0
0.001150107,75.12885157,36.20840535,FALSE,-3.39,0.77,0
0.004016306,75.12935558,36.20637039,FALSE,-3.39,0.77,0
0.003401229,75.13017451,36.20492779,FALSE,-3.39,0.77,0
0.001665813,75.12819724,36.20469394,FALSE,-3.39,0.77,0
0.001923946,75.13078094,36.20391112,FALSE,-3.39,0.77,0
0.000829137,75.13071828,36.20321701,FALSE,-3.39,0.77,0
0.000580215,75.13137882,36.20358439,FALSE,-3.39,0.77,0
0.000512732,75.13134928,36.20153773,FALSE,-3.39,0.77,0
0.001377664,75.13575348,36.19932418,FALSE,-3.39,0.77,0
0.000426624,75.13156246,36.2005333,FALSE,-3.39,0.77,0
0.001172737,75.12803945,36.19654021,FALSE,-3.39,0.77,0
0.000961731,75.12857244,36.19566704,FALSE,-3.39,0.77,0
0.000983548,75.12790237,36.19260135,FALSE,-3.39,0.77,0
0.000596306,75.12390138,36.19273701,FALSE,-3.39,0.77,0
0.000863668,75.12953403,36.1903179,FALSE,-3.39,0.77,0
0.002644554,75.13212508,36.18835387,FALSE,-3.39,0.77,0
0.000441438,75.13265398,36.1886659,FALSE,-3.39,0.77,0
0.001839632,75.12667369,36.18905229,FALSE,-3.39,0.77,0
0.001197596,75.12777209,36.18943876,FALSE,-3.39,0.77,0
0.000516531,75.12749472,36.18985905,FALSE,-3.39,0.77,0
0.000829983,75.12952043,36.18771824,FALSE,-3.39,0.77,0
0.00114295,75.12928873,36.18728605,FALSE,-3.39,0.77,0
0.000909814,75.1307048,36.18649877,FALSE,-3.39,0.77,0
0.000888063,75.1320121,36.18432857,FALSE,-3.39,0.77,0
0.001186168,75.13021473,36.18388949,FALSE,-3.39,0.77,0
0.002016142,75.12725256,36.18444071,FALSE,-3.39,0.77,0
0.001082618,75.12593645,36.18226427,FALSE,-3.39,0.77,0
0.001162619,75.13227131,36.17914036,FALSE,-3.39,0.77,0
0.000387374,75.13065353,36.18039491,FALSE,-3.39,0.77,0
0.000739926,75.13061093,36.17598285,FALSE,-3.39,0.77,0
0.000362173,75.12917078,36.1764625,FALSE,-3.39,0.77,0
0.000314823,75.12748948,36.17675505,FALSE,-3.39,0.77,0
0.000533378,75.12839392,36.17815684,FALSE,-3.39,0.77,0
0.000671133,75.12737815,36.17159942,FALSE,-3.39,0.77,0
0.000386961,75.12614694,36.17204541,FALSE,-3.39,0.77,0
0.001067008,75.12725784,36.16976253,FALSE,-3.39,0.77,0
0.00158923,75.12722748,36.16684827,FALSE,-3.39,0.77,0
0.000592222,75.12752354,36.16638585,FALSE,-3.39,0.77,0
0.000610552,75.12867641,36.16254825,FALSE,-3.39,0.77,0
0.000774789,75.13344775,36.15570227,FALSE,-3.39,0.77,0
0.000529883,75.13411002,36.15512794,FALSE,-3.39,0.77,0
0.002170135,75.13379376,36.15449324,FALSE,-3.39,0.77,0
0.000544965,75.13292215,36.15389702,FALSE,-3.39,0.77,0
0.000423066,75.13427839,36.15220363,FALSE,-3.39,0.77,0
0.000803623,75.12783078,36.15764442,FALSE,-3.39,0.77,0
0.000605875,75.11816296,36.2230309,FALSE,-3.39,0.77,0
0.00031641,75.11672923,36.22397046,FALSE,-3.39,0.77,0
0.011367151,75.30308393,36.16455093,FALSE,-3.39,0.77,0
0.000550913,75.30888736,36.16825487,FALSE,-3.39,0.77,0
0.000369737,75.30620973,36.154764,FALSE,-3.39,0.77,0
0.000394503,75.30609772,36.15500856,FALSE,-3.39,0.77,0
0.00090656,75.30738931,36.15084713,FALSE,-3.39,0.77,0
0.000414253,75.30785503,36.15098834,FALSE,-3.39,0.77,0
0.00093628,75.30887664,36.14989056,FALSE,-3.39,0.77,0
0.001419034,75.31569779,36.14865938,FALSE,-9.14,0.75,0
0.000621904,75.31388354,36.14788938,FALSE,-9.14,0.75,0
0.000493897,75.31462768,36.147975,FALSE,-9.14,0.75,0
0.000468732,75.3139836,36.14835927,FALSE,-9.14,0.75,0
0.000306969,75.31421948,36.14825025,FALSE,-9.14,0.75,0
0.000782514,75.31385061,36.1486467,FALSE,-9.14,0.75,0
0.001483535,75.31539272,36.14555502,FALSE,-9.14,0.75,0
0.001000796,75.31575723,36.1451074,FALSE,-9.14,0.75,0
0.000867771,75.31580764,36.14430602,FALSE,-9.14,0.75,0
0.000798494,75.31711219,36.14409601,FALSE,-9.14,0.75,0
0.000315594,75.30903052,36.1470449,FALSE,-3.39,0.77,0
0.000547738,75.30842702,36.14695085,FALSE,-3.39,0.77,0
0.000278566,75.30825178,36.14863886,FALSE,-3.39,0.77,0
0.000294803,75.30871899,36.14848279,FALSE,-3.39,0.77,0
0.00098095,75.30514457,36.14870535,FALSE,-3.39,0.77,0
0.000678149,75.30534714,36.1503222,FALSE,-3.39,0.77,0
0.000838055,75.3043294,36.14997192,FALSE,-3.39,0.77,0
0.000658947,75.30459838,36.14923041,FALSE,-3.39,0.77,0
0.000418835,75.30685797,36.14577977,FALSE,-3.39,0.77,0
0.000954761,75.30612641,36.14536943,FALSE,-3.39,0.77,0
0.001146848,75.30582551,36.14592966,FALSE,-3.39,0.77,0
0.000678341,75.31100603,36.14292444,FALSE,-3.39,0.77,0
0.000405307,75.30955589,36.14466005,FALSE,-3.39,0.77,0
0.000620687,75.30998923,36.14439697,FALSE,-3.39,0.77,0
0.000412279,75.31143808,36.14039407,FALSE,-3.39,0.77,0
0.000977488,75.31078914,36.1406769,FALSE,-3.39,0.77,0
0.000422377,75.31173148,36.13895549,FALSE,-3.39,0.77,0
0.000634752,75.30877023,36.14011007,FALSE,-3.39,0.77,0
0.000580181,75.31207686,36.1344137,FALSE,-3.39,0.77,0
0.00063173,75.31192657,36.13532223,FALSE,-3.39,0.77,0
0.000563816,75.31258871,36.13618773,FALSE,-9.14,0.75,0
0.000563879,75.31087541,36.13687976,FALSE,-3.39,0.77,0
0.001637509,75.31875182,36.13013501,FALSE,-9.14,0.75,0
0.001894772,75.31828484,36.12972008,FALSE,-9.14,0.75,0
0.001829487,75.31761827,36.13024385,FALSE,-9.14,0.75,0
0.001582834,75.31786005,36.12692357,FALSE,-9.14,0.75,0
0.002109127,75.32280141,36.12383184,FALSE,-9.14,0.75,0
0.00150575,75.31772636,36.12315278,FALSE,-9.14,0.75,0
0.001407094,75.31779269,36.12272133,FALSE,-9.14,0.75,0
0.002905427,75.31872383,36.12210549,FALSE,-9.14,0.75,0
0.000876299,75.32281749,36.12328265,FALSE,-9.14,0.75,0
0.00187485,75.32203256,36.12243721,FALSE,-9.14,0.75,0
0.001251407,75.31294199,36.11075744,FALSE,-9.14,0.75,0
0.002432748,75.31981054,36.10586537,FALSE,-9.14,0.75,0
0.001742836,75.31124681,36.10291812,FALSE,-3.39,0.77,0
0.002422747,75.31131272,36.10148143,FALSE,-3.39,0.77,0
0.002503564,75.31225751,36.09972082,FALSE,-3.39,0.77,0
0.004580974,75.32430666,36.09481191,FALSE,-9.14,0.75,0
0.001887223,75.3205428,36.08924391,FALSE,-9.14,0.75,0
0.002453971,75.31884956,36.08540878,FALSE,-9.14,0.75,0
0.007615889,75.32140968,36.08398402,FALSE,-9.14,0.75,0
0.00262306,75.323628,36.08362683,FALSE,-9.14,0.75,0
0.002658724,75.32055476,36.08447803,FALSE,-9.14,0.75,0
0.001143916,75.32015996,36.08365595,FALSE,-9.14,0.75,0
0.000772336,75.32071512,36.08330061,FALSE,-9.14,0.75,0
0.000855846,75.32123132,36.08296939,FALSE,-9.14,0.75,0
0.002138187,75.30487489,36.08130136,FALSE,-3.39,0.77,0
0.001185736,75.30298143,36.08107729,FALSE,-3.39,0.77,0
0.000791794,75.30341912,36.082707,FALSE,-3.39,0.77,0
0.004005503,75.30330904,36.08538466,FALSE,-3.39,0.77,0
0.002178308,75.30471636,36.0848236,FALSE,-3.39,0.77,0
0.004568788,75.30363604,36.08467003,FALSE,-3.39,0.77,0
0.000709308,75.30479753,36.08349277,FALSE,-3.39,0.77,0
0.000891701,75.30836771,36.08397221,FALSE,-3.39,0.77,0
0.001305616,75.30366034,36.08873176,FALSE,-3.39,0.77,0
0.003809002,75.30733297,36.08691566,FALSE,-3.39,0.77,0
0.000960658,75.30876325,36.08830317,FALSE,-3.39,0.77,0
0.001014211,75.30865177,36.08783879,FALSE,-3.39,0.77,0
0.004318561,75.3086357,36.07013617,FALSE,-3.39,0.77,0
0.002689067,75.30463474,36.07051302,FALSE,-3.39,0.77,0
0.001211653,75.30973004,36.07368608,FALSE,-3.39,0.77,0
0.00162661,75.30077407,36.0754753,FALSE,-3.39,0.77,0
0.001215565,75.30446374,36.0760646,FALSE,-3.39,0.77,0
0.001649113,75.20881558,36.13545183,FALSE,-3.39,0.77,0
0.002613713,75.20821187,36.13579513,FALSE,-3.39,0.77,0
0.001132488,75.21590676,36.15813707,FALSE,-3.39,0.77,0
0.008223915,75.25070546,35.9959471,FALSE,-3.39,0.77,0
0.001185416,75.25256019,35.99975153,FALSE,-3.39,0.77,0
0.00076525,75.25644528,36.00019435,FALSE,-3.39,0.77,0
0.000623025,75.25166154,36.00213604,FALSE,-3.39,0.77,0
0.000912315,75.23951123,36.00346055,FALSE,-3.39,0.77,0
0.000903146,75.23748932,36.00363276,FALSE,-3.39,0.77,0
0.000648912,75.25456944,36.00555417,FALSE,-3.39,0.77,0
0.000957404,75.25262442,36.00483448,FALSE,-3.39,0.77,0
0.000863319,75.25038284,36.00591826,FALSE,-3.39,0.77,0
0.000789004,75.2403242,36.01001837,FALSE,-3.39,0.77,0
0.002482694,75.23617422,36.01077527,FALSE,-3.39,0.77,0
0.001057793,75.23961016,36.01430047,FALSE,-3.39,0.77,0
0.001528914,75.22384249,36.02206909,FALSE,-3.39,0.77,0
0.002007535,75.21770603,36.02531442,FALSE,-3.39,0.77,0
0.001727783,75.26596836,35.99259421,FALSE,-3.39,0.77,0
0.001233422,75.26532773,35.99572801,FALSE,-3.39,0.77,0
0.001613756,75.14877209,35.98321445,FALSE,-3.39,0.77,0
0.001820543,75.180438,35.9274086,FALSE,-3.39,0.77,0
0.000602542,75.184813,35.92727627,FALSE,-3.39,0.77,0
0.000728513,75.1750728,35.92963207,FALSE,-3.39,0.77,0
0.000443921,75.17470157,35.92951078,FALSE,-3.39,0.77,0
0.000398173,75.17751199,35.9287955,FALSE,-3.39,0.77,0
0.002497619,75.16537004,35.93345139,FALSE,-3.39,0.77,0
0.000641814,75.1634876,35.93429092,FALSE,-3.39,0.77,0
0.008316165,75.14127221,35.94492539,FALSE,-3.39,0.77,0
0.001169818,75.13822169,35.92839433,FALSE,-3.39,0.77,0
0.00047011,75.13829636,35.92775278,FALSE,-3.39,0.77,0
0.000571253,75.13769937,35.92757509,FALSE,-3.39,0.77,0
0.000413897,75.13694791,35.92514645,FALSE,-3.39,0.77,0
0.001092111,75.14850573,35.91606022,FALSE,-3.39,0.77,0
0.001650654,75.1433172,35.92043576,FALSE,-3.39,0.77,0
0.000917941,75.13605924,35.91993479,FALSE,-3.39,0.77,0
0.035679349,75.1556978,35.82912935,FALSE,-3.39,0.77,0
0.001470456,75.15775635,35.80541897,FALSE,-3.39,0.77,0
0.000423306,75.15757935,35.80635296,FALSE,-3.39,0.77,0
0.000850637,75.17518562,35.85541704,FALSE,-3.39,0.77,0
0.006708586,75.21235691,35.86918624,FALSE,-3.39,0.77,0
0.001542752,75.20511479,35.87159447,FALSE,-3.39,0.77,0
0.002792583,75.20703416,35.878388,FALSE,-3.39,0.77,0
0.001182246,75.22308146,35.87825349,FALSE,-3.39,0.77,0
0.001395315,75.22274467,35.87849763,FALSE,-3.39,0.77,0
0.000496199,75.22263197,35.87889969,FALSE,-3.39,0.77,0
0.000236551,75.21978638,35.88201123,FALSE,-3.39,0.77,0
0.00095518,75.21894212,35.88268884,FALSE,-3.39,0.77,0
0.001581431,75.2175527,35.88371111,FALSE,-3.39,0.77,0
0.000643002,75.21380365,35.87964441,FALSE,-3.39,0.77,0
0.000982997,75.21523952,35.87371046,FALSE,-3.39,0.77,0
0.002798893,75.21664425,35.86454191,FALSE,-3.39,0.77,0
0.000982519,75.22062453,35.86654569,FALSE,-3.39,0.77,0
0.000449072,75.22085379,35.86607123,FALSE,-3.39,0.77,0
0.000927482,75.21952928,35.86294663,FALSE,-3.39,0.77,0
0.000679464,75.21906091,35.86341716,FALSE,-3.39,0.77,0
0.002031487,75.22277079,35.86388052,FALSE,-3.39,0.77,0
0.000461317,75.22597059,35.8647904,FALSE,-3.39,0.77,0
0.000410248,75.22436673,35.86557289,FALSE,-3.39,0.77,0
0.002889164,75.22720437,35.86714292,FALSE,-3.39,0.77,0
0.002878325,75.23228672,35.86462314,FALSE,-3.39,0.77,0
0.000729467,75.24109309,35.86128055,FALSE,-3.39,0.77,0
0.000598782,75.24290566,35.86384875,FALSE,-3.39,0.77,0
0.000558533,75.2395104,35.86539742,FALSE,-3.39,0.77,0
0.00253051,75.23563804,35.8686787,FALSE,-3.39,0.77,0
0.000658573,75.23370769,35.8684437,FALSE,-3.39,0.77,0
0.001796452,75.22882112,35.87146352,FALSE,-3.39,0.77,0
0.000601636,75.22814663,35.87449351,FALSE,-3.39,0.77,0
0.000545671,75.22730438,35.87533423,FALSE,-3.39,0.77,0
0.000816556,75.22613859,35.87382181,FALSE,-3.39,0.77,0
0.001556997,75.23623054,35.85917731,FALSE,-3.39,0.77,0
0.000908676,75.23575039,35.85744441,FALSE,-3.39,0.77,0
0.00718385,75.33588389,36.0856772,FALSE,-9.14,0.75,0
0.002283524,75.32808887,36.08268137,FALSE,-9.14,0.75,0
0.001258776,75.33383713,36.08455838,FALSE,-9.14,0.75,0
0.00080479,75.3347508,36.08413089,FALSE,-9.14,0.75,0
0.001791708,75.33522843,36.08396592,FALSE,-9.14,0.75,0
0.001739737,75.33197399,36.0818569,FALSE,-9.14,0.75,0
0.002544131,75.33546761,36.08021727,FALSE,-9.14,0.75,0
0.001185238,75.33535133,36.07971846,FALSE,-9.14,0.75,0
0.005986999,75.33769865,36.07097426,FALSE,-9.14,0.75,0
0.002576624,75.36980627,36.06873258,FALSE,-9.14,0.75,0
0.002882021,75.37512819,36.06999997,FALSE,-9.14,0.75,0
0.003942479,75.37861104,36.07131968,FALSE,-9.14,0.75,0
0.001418941,75.37476485,36.06791159,FALSE,-9.14,0.75,0
0.001280703,75.38319684,36.06697416,FALSE,-9.14,0.75,0
0.001620291,75.38219845,36.06968178,FALSE,-9.14,0.75,0
0.002455806,75.38294946,36.0692679,FALSE,-9.14,0.75,0
0.001097853,75.38608413,36.06482102,FALSE,-9.14,0.75,0
0.000999973,75.38550149,36.06440684,FALSE,-9.14,0.75,0
0.00143928,75.38035734,36.06283027,FALSE,-9.14,0.75,0
0.001161616,75.39200031,36.0613753,FALSE,-9.14,0.75,0
0.001494855,75.39149757,36.06153644,FALSE,-9.14,0.75,0
0.002533312,75.3924321,36.06083668,FALSE,-9.14,0.75,0
0.001083789,75.39149756,36.06001569,FALSE,-9.14,0.75,0
0.001057462,75.39112034,36.05969345,FALSE,-9.14,0.75,0
0.001364013,75.39971373,36.06203375,FALSE,-9.14,0.75,0
0.001336585,75.40172793,36.06305545,FALSE,-9.14,0.75,0
0.00111234,75.40229339,36.06332168,FALSE,-9.14,0.75,0
0.000836364,75.40357213,36.06357231,FALSE,-9.14,0.75,0
0.001923514,75.40600668,36.06541421,FALSE,-9.14,0.75,0
0.001568131,75.40999706,36.06650579,FALSE,-9.14,0.75,0
0.001480178,75.41115134,36.06661127,FALSE,-9.14,0.75,0
0.00191916,75.41160497,36.06711994,FALSE,-9.14,0.75,0
0.000646461,75.41142617,36.06762643,FALSE,-9.14,0.75,0
0.000714038,75.41500636,36.06850512,FALSE,-9.14,0.75,0
0.01168479,75.41717292,36.06732019,FALSE,-9.14,0.75,0
0.001327863,75.41886168,36.06554594,FALSE,-9.14,0.75,0
0.00150354,75.41103948,36.06430835,FALSE,-9.14,0.75,0
0.002697594,75.41864462,36.06107359,FALSE,-9.14,0.75,0
0.002498515,75.42202293,36.06028114,FALSE,-9.14,0.75,0
0.001373755,75.41419246,36.06294431,FALSE,-9.14,0.75,0
0.004631187,75.33597054,36.06533836,FALSE,-9.14,0.75,0
0.0020499,75.33727511,36.06553052,FALSE,-9.14,0.75,0
0.003789799,75.33641371,36.06669874,FALSE,-9.14,0.75,0
0.011270474,75.43251604,35.95692965,FALSE,-9.14,0.75,0
0.004421469,75.43593615,35.96100947,FALSE,-9.14,0.75,0
0.007791502,75.43027904,35.96204503,FALSE,-9.14,0.75,0
0.002960343,75.43238006,35.96442703,FALSE,-9.14,0.75,0
0.011190718,75.43293478,35.95331172,FALSE,-9.14,0.75,0
0.002427411,75.46573618,35.9347284,FALSE,-9.14,0.75,0
0.010692281,75.30339257,35.86865255,FALSE,-3.39,0.77,0
0.020668329,75.31661248,35.87109109,FALSE,-9.14,0.75,0
0.006453322,75.26727315,35.85536269,FALSE,-3.39,0.77,0
0.012174547,75.27122757,35.85438317,FALSE,-3.39,0.77,0
0.003411229,75.26919451,35.85421168,FALSE,-3.39,0.77,0
0.002078046,75.2777244,35.85623259,FALSE,-3.39,0.77,0
0.003786774,75.27627566,35.85543347,FALSE,-3.39,0.77,0
0.001605882,75.58921051,35.89432129,FALSE,-9.14,0.75,0
0.001192154,75.58540145,35.89430753,FALSE,-9.14,0.75,0
0.000687996,75.58546371,35.8935888,FALSE,-9.14,0.75,0
0.000491229,75.58601544,35.89439024,FALSE,-9.14,0.75,0
0.0004129,75.58595832,35.89396118,FALSE,-9.14,0.75,0
0.000408932,75.58422897,35.89521557,FALSE,-9.14,0.75,0
0.001155618,75.58510527,35.89169428,FALSE,-9.14,0.75,0
0.000591137,75.58449344,35.89115072,FALSE,-9.14,0.75,0
0.000539411,75.58746147,35.89136221,FALSE,-9.14,0.75,0
0.00055609,75.57078182,35.8850075,FALSE,-9.14,0.75,0
0.000643671,75.57100766,35.88380128,FALSE,-9.14,0.75,0
0.001190209,75.56861878,35.88275705,FALSE,-9.14,0.75,0
0.001341263,75.56582827,35.88341692,FALSE,-9.14,0.75,0
0.000925139,75.56731416,35.88425084,FALSE,-9.14,0.75,0
0.000651796,75.56899002,35.88010233,FALSE,-9.14,0.75,0
0.000986576,75.56863225,35.87930573,FALSE,-9.14,0.75,0
0.001337978,75.5658046,35.87902635,FALSE,-9.14,0.75,0
0.000787386,75.56328355,35.87798463,FALSE,-9.14,0.75,0
0.00041411,75.56254389,35.87837598,FALSE,-9.14,0.75,0
0.001018161,75.56202756,35.87861586,FALSE,-9.14,0.75,0
0.000532042,75.56150229,35.87830164,FALSE,-9.14,0.75,0
0.001481757,75.55689122,35.8791317,FALSE,-9.14,0.75,0
0.000823996,75.55648105,35.87931499,FALSE,-9.14,0.75,0
0.001199824,75.55416904,35.87935172,FALSE,-9.14,0.75,0
0.001261746,75.55039809,35.88095281,FALSE,-9.14,0.75,0
0.000846773,75.54858459,35.8784606,FALSE,-9.14,0.75,0
0.000158998,75.5481227,35.87861348,FALSE,-9.14,0.75,0
0.000990118,75.54925119,35.87779559,FALSE,-9.14,0.75,0
0.000772179,75.5481961,35.87741385,FALSE,-9.14,0.75,0
0.000511433,75.54818627,35.87707359,FALSE,-9.14,0.75,0
0.005096875,75.54648047,35.87772197,FALSE,-9.14,0.75,0
0.000746223,75.54748185,35.8771169,FALSE,-9.14,0.75,0
0.000956282,75.55440813,35.87661366,FALSE,-9.14,0.75,0
0.001685965,75.57225505,35.87807754,FALSE,-9.14,0.75,0
0.000684241,75.57181929,35.87796262,FALSE,-9.14,0.75,0
0.003076949,75.5731066,35.87558983,FALSE,-9.14,0.75,0
0.001448123,75.57250371,35.87440161,FALSE,-9.14,0.75,0
0.000534048,75.57067116,35.87323065,FALSE,-9.14,0.75,0
0.000926083,75.57062184,35.87303742,FALSE,-9.14,0.75,0
0.000774127,75.57164777,35.87300097,FALSE,-9.14,0.75,0
0.006107144,75.5722462,35.8711637,FALSE,-9.14,0.75,0
0.001381977,75.57464486,35.87039948,FALSE,-9.14,0.75,0
0.001870433,75.57887824,35.87021345,FALSE,-9.14,0.75,0
0.002025439,75.57266569,35.86615544,FALSE,-9.14,0.75,0
0.003288533,75.57310187,35.86653994,FALSE,-9.14,0.75,0
0.000398021,75.5744466,35.86700732,FALSE,-9.14,0.75,0
0.000613754,75.57576651,35.86692322,FALSE,-9.14,0.75,0
0.00027586,75.57756837,35.86624489,FALSE,-9.14,0.75,0
0.002603618,75.57579688,35.85953281,FALSE,-9.14,0.75,0
0.001731006,75.58543668,35.85912214,FALSE,-9.14,0.75,0
0.000799826,75.58405493,35.85608939,FALSE,-9.14,0.75,0
0.001084193,75.58134577,35.85462579,FALSE,-9.14,0.75,0
0.00100065,75.57578142,35.85578227,FALSE,-9.14,0.75,0
0.002044354,75.57742353,35.8538015,FALSE,-9.14,0.75,0
0.002167971,75.5762809,35.85348201,FALSE,-9.14,0.75,0
0.001543372,75.57519295,35.8525769,FALSE,-9.14,0.75,0
0.000869004,75.57991616,35.85265675,FALSE,-9.14,0.75,0
0.000895067,75.58036417,35.8519012,FALSE,-9.14,0.75,0
0.001588845,75.58047901,35.85114015,FALSE,-9.14,0.75,0
0.003524715,75.58167154,35.85047358,FALSE,-9.14,0.75,0
0.000839612,75.5844274,35.84858217,FALSE,-9.14,0.75,0
0.001034167,75.58579738,35.84620629,FALSE,-9.14,0.75,0
0.004409906,75.58199506,35.84458579,FALSE,-9.14,0.75,0
0.001292633,75.58375824,35.84361222,FALSE,-9.14,0.75,0
0.000225614,75.58348237,35.8439446,FALSE,-9.14,0.75,0
0.000460168,75.58322148,35.84372827,FALSE,-9.14,0.75,0
0.001676816,75.57977802,35.84365236,FALSE,-9.14,0.75,0
0.000652728,75.57646247,35.84065754,FALSE,-9.14,0.75,0
0.000436209,75.57718553,35.84102197,FALSE,-9.14,0.75,0
0.005008304,75.57130905,35.83367515,FALSE,-9.14,0.75,0
0.001358848,75.58259534,35.83128233,FALSE,-9.14,0.75,0
0.00104143,75.57470699,35.83024212,FALSE,-9.14,0.75,0
0.001528834,75.57873141,35.8492884,FALSE,-9.14,0.75,0
0.000625542,75.58432105,35.86353039,FALSE,-9.14,0.75,0
0.000308824,75.58508015,35.86207356,FALSE,-9.14,0.75,0
0.001462722,75.55140406,35.83653655,FALSE,-9.14,0.75,0
0.001030085,75.55825075,35.83376767,FALSE,-9.14,0.75,0
0.001047291,75.56670559,35.8302113,FALSE,-9.14,0.75,0
0.000454536,75.57125104,35.83060758,FALSE,-9.14,0.75,0
0.009542318,75.55866851,35.82595485,FALSE,-9.14,0.75,0
0.001806819,75.55951456,35.82707318,FALSE,-9.14,0.75,0
0.001670492,75.56068737,35.82668219,FALSE,-9.14,0.75,0
0.001608317,75.56227539,35.82270064,FALSE,-9.14,0.75,0
0.000298158,75.56359106,35.82326124,FALSE,-9.14,0.75,0
0.000752785,75.56452976,35.82276265,FALSE,-9.14,0.75,0
0.002066737,75.56302519,35.82132252,FALSE,-9.14,0.75,0
0.006527981,75.56432804,35.82060721,FALSE,-9.14,0.75,0
0.002821345,75.56601054,35.81874832,FALSE,-9.14,0.75,0
0.003193372,75.56974621,35.81881812,FALSE,-9.14,0.75,0
0.004378321,75.56816081,35.86956144,FALSE,-9.14,0.75,0
0.000602646,75.56605683,35.87327028,FALSE,-9.14,0.75,0
0.000506694,75.56552766,35.87342988,FALSE,-9.14,0.75,0
0.001148182,75.56728965,35.86743691,FALSE,-9.14,0.75,0
0.000561125,75.57912937,35.87285947,FALSE,-9.14,0.75,0
0.001447746,75.57888889,35.876123,FALSE,-9.14,0.75,0
0.000855452,75.57860299,35.87715561,FALSE,-9.14,0.75,0
0.000440679,75.57223517,35.88230915,FALSE,-9.14,0.75,0
0.001043955,75.56558107,35.88608863,FALSE,-9.14,0.75,0
0.000391413,75.56601872,35.88554677,FALSE,-9.14,0.75,0
0.004166838,75.56318538,35.88467683,FALSE,-9.14,0.75,0
0.001777049,75.56513375,35.8855989,FALSE,-9.14,0.75,0
0.002371281,75.58273832,35.89110177,FALSE,-9.14,0.75,0
0.002694918,75.58348279,35.90044239,FALSE,-9.14,0.75,0
0.000797692,75.58390549,35.90087515,FALSE,-9.14,0.75,0
0.00042269,75.58536887,35.90252362,FALSE,-9.14,0.75,0
0.000494559,75.58299919,35.89882053,FALSE,-9.14,0.75,0
0.000298241,75.57681144,35.89813193,FALSE,-9.14,0.75,0
0.005934596,75.55172824,35.81372511,FALSE,-9.14,0.75,0
0.023381777,75.62890368,35.91492027,FALSE,-9.14,0.75,0
0.003614537,75.62757871,35.91936893,FALSE,-9.14,0.75,0
0.000388067,75.63466091,35.91914372,FALSE,-9.14,0.75,0
0.000190328,75.6348732,35.91902378,FALSE,-9.14,0.75,0
0.00040381,75.63264767,35.91948645,FALSE,-9.14,0.75,0
0.00017395,75.63057203,35.92030848,FALSE,-9.14,0.75,0
0.000577787,75.62680981,35.92370583,FALSE,-9.14,0.75,0
0.00030499,75.62581181,35.92430299,FALSE,-9.14,0.75,0
0.000678102,75.61538448,35.92981138,FALSE,-9.14,0.75,0
0.001271858,75.61459123,35.93007902,FALSE,-9.14,0.75,0
0.000201484,75.61334912,35.92994421,FALSE,-9.14,0.75,0
0.002199763,75.61089884,35.93052384,FALSE,-9.14,0.75,0
0.001129636,75.61546416,35.93432347,FALSE,-9.14,0.75,0
0.001016302,75.61768039,35.93387825,FALSE,-9.14,0.75,0
0.000437972,75.61128347,35.96743692,FALSE,-9.14,0.75,0
0.000524294,75.61287038,35.96743161,FALSE,-9.14,0.75,0
0.003390935,75.6167473,35.96309818,FALSE,-9.14,0.75,0
0.001785574,75.61775052,35.96214203,FALSE,-9.14,0.75,0
0.001632579,75.6189987,35.96134294,FALSE,-9.14,0.75,0
0.000106302,75.61896582,35.96006108,FALSE,-9.14,0.75,0
0.00087838,75.6231586,35.9583255,FALSE,-9.14,0.75,0
0.000999323,75.6238858,35.95406928,FALSE,-9.14,0.75,0
0.001238181,75.62820112,35.95289178,FALSE,-9.14,0.75,0
0.000414477,75.62891378,35.95368603,FALSE,-9.14,0.75,0
0.001132691,75.63117415,35.95117412,FALSE,-9.14,0.75,0
0.000277994,75.63061097,35.95159374,FALSE,-9.14,0.75,0
0.000304625,75.62995865,35.95176252,FALSE,-9.14,0.75,0
0.000318496,75.63324813,35.95076023,FALSE,-9.14,0.75,0
0.002231596,75.63548564,35.9502972,FALSE,-9.14,0.75,0
0.000220028,75.63328773,35.94903745,FALSE,-9.14,0.75,0
0.000531065,75.64395358,35.94327198,FALSE,-9.14,0.75,0
0.01305182,75.64216522,35.94348932,FALSE,-9.14,0.75,0
0.000402278,75.64076348,35.94348482,FALSE,-9.14,0.75,0
0.002004957,75.65401883,35.93443217,FALSE,-9.14,0.75,0
0.001039663,75.66061959,35.93245762,FALSE,-9.14,0.75,0
0.000434969,75.66112682,35.9322106,FALSE,-9.14,0.75,0
0.001682548,75.67052385,35.92509669,FALSE,-9.14,0.75,0
0.0072351,75.68259997,35.91622163,FALSE,-9.14,0.75,0
0.001474018,75.68316074,35.91573436,FALSE,-9.14,0.75,0
0.000959706,75.7021745,35.89071797,FALSE,-9.14,0.75,0
0.024944008,75.7065654,35.85516959,FALSE,-9.14,0.75,0
0.000256178,75.70859621,35.85619553,FALSE,-9.14,0.75,0
0.000186826,75.70822179,35.85610278,FALSE,-9.14,0.75,0
0.000634057,75.70814527,35.85633489,FALSE,-9.14,0.75,0
0.000952143,75.70775793,35.85652979,FALSE,-9.14,0.75,0
0.000713158,75.70716256,35.85669301,FALSE,-9.14,0.75,0
0.000253599,75.70525091,35.8581754,FALSE,-9.14,0.75,0
0.000623113,75.70453423,35.85787764,FALSE,-9.14,0.75,0
0.000509065,75.70127938,35.85833089,FALSE,-9.14,0.75,0
0.000527776,75.70373929,35.86080907,FALSE,-9.14,0.75,0
0.000634616,75.70336475,35.86248541,FALSE,-9.14,0.75,0
0.000333637,75.69773837,35.86451899,FALSE,-9.14,0.75,0
0.000793926,75.69627881,35.86187994,FALSE,-9.14,0.75,0
0.000273319,75.69569643,35.86165871,FALSE,-9.14,0.75,0
0.000631596,75.69480869,35.86204674,FALSE,-9.14,0.75,0
0.00031238,75.69551947,35.86187007,FALSE,-9.14,0.75,0
0.000555012,75.69469207,35.86256455,FALSE,-9.14,0.75,0
0.000339242,75.69489414,35.86281691,FALSE,-9.14,0.75,0
0.000340363,75.69452128,35.86271523,FALSE,-9.14,0.75,0
0.000377311,75.69401326,35.86252716,FALSE,-9.14,0.75,0
0.007098982,75.69225771,35.86108143,FALSE,-9.14,0.75,0
0.000714214,75.69611854,35.86290737,FALSE,-9.14,0.75,0
0.000560557,75.69549743,35.86294691,FALSE,-9.14,0.75,0
0.00096994,75.69390139,35.862905,FALSE,-9.14,0.75,0
0.000715782,75.69543486,35.86327823,FALSE,-9.14,0.75,0
0.000409496,75.69513354,35.86357931,FALSE,-9.14,0.75,0
0.000306543,75.69338298,35.8633426,FALSE,-9.14,0.75,0
0.002474569,75.68552114,35.86637192,FALSE,-9.14,0.75,0
0.000756185,75.6870761,35.86633972,FALSE,-9.14,0.75,0
0.000796934,75.68693586,35.86512918,FALSE,-9.14,0.75,0
0.001234278,75.68727751,35.86692826,FALSE,-9.14,0.75,0
0.000595947,75.68724049,35.86750301,FALSE,-9.14,0.75,0
0.000484406,75.68696264,35.86760831,FALSE,-9.14,0.75,0
0.001051943,75.68913519,35.86751044,FALSE,-9.14,0.75,0
0.000308694,75.68617147,35.86864918,FALSE,-9.14,0.75,0
0.000640058,75.68528453,35.86855761,FALSE,-9.14,0.75,0
0.000837816,75.6846347,35.86783249,FALSE,-9.14,0.75,0
0.002752139,75.68269452,35.86701656,FALSE,-9.14,0.75,0
0.007916608,75.68185205,35.86728228,FALSE,-9.14,0.75,0
0.002730742,75.68156457,35.86916839,FALSE,-9.14,0.75,0
0.005214822,75.68363994,35.86887043,FALSE,-9.14,0.75,0
0.000695151,75.6888223,35.87119347,FALSE,-9.14,0.75,0
0.000461289,75.68723768,35.8698807,FALSE,-9.14,0.75,0
0.000972672,75.68530217,35.87289925,FALSE,-9.14,0.75,0
0.000584479,75.68586493,35.87240842,FALSE,-9.14,0.75,0
0.008548926,75.68366073,35.87036522,FALSE,-9.14,0.75,0
0.000607162,75.6843485,35.86951276,FALSE,-9.14,0.75,0
0.001446241,75.66764185,35.88763648,FALSE,-9.14,0.75,0
0.001977,75.6675261,35.88717416,FALSE,-9.14,0.75,0
0.001230049,75.67369292,35.89002361,FALSE,-9.14,0.75,0
0.00060013,75.67306683,35.89038181,FALSE,-9.14,0.75,0
0.001501547,75.67514814,35.89034786,FALSE,-9.14,0.75,0
0.002423764,75.65286699,35.82180666,FALSE,-9.14,0.75,0
0.004712003,75.90167722,35.68851801,FALSE,-0.23,0.97,1
0.000269644,75.90221717,35.68852742,FALSE,-0.23,0.97,1
0.006350817,75.90139649,35.68974062,FALSE,-0.23,0.97,1
0.000409531,75.90218145,35.689487,FALSE,-0.23,0.97,1
0.001974313,75.89994965,35.68936904,FALSE,-0.23,0.97,1
0.000308642,75.90037397,35.68899077,FALSE,-0.23,0.97,1
0.000451488,75.90179625,35.69128874,FALSE,-0.23,0.97,1
0.000648475,75.90287817,35.69130018,FALSE,-0.23,0.97,1
0.000286671,75.90387098,35.69094222,FALSE,-0.23,0.97,1
0.000266286,75.90339839,35.6920174,FALSE,-0.23,0.97,1
0.000207816,75.90369497,35.69177864,FALSE,-0.23,0.97,1
0.000815104,75.8998897,35.69342102,FALSE,-0.23,0.97,1
0.000201829,75.89884071,35.69390038,FALSE,-0.23,0.97,1
0.001203767,75.89886677,35.69419872,FALSE,-0.23,0.97,1
0.000323747,75.89946674,35.69508436,FALSE,-0.23,0.97,1
0.001116508,75.902285,35.69579208,FALSE,-0.23,0.97,1
0.000991452,75.89925422,35.69654779,FALSE,-0.23,0.97,1
0.00270736,75.90404757,35.70062651,FALSE,-0.23,0.97,1
0.000222123,75.90283471,35.7007493,FALSE,-0.23,0.97,1
0.000268238,75.90346622,35.70040994,FALSE,-0.23,0.97,1
0.002883159,75.90521492,35.70263037,FALSE,-0.23,0.97,1
0.000332709,75.90262885,35.70430132,FALSE,-0.23,0.97,1
0.004005488,75.9012738,35.70362182,FALSE,-0.23,0.97,1
0.000629848,75.90235043,35.70263971,FALSE,-0.23,0.97,1
0.0001312,75.90277539,35.70290667,FALSE,-0.23,0.97,1
0.000522318,75.90340096,35.70598277,FALSE,-0.23,0.97,1
0.001214092,75.90049507,35.70601229,FALSE,-0.23,0.97,1
0.00036184,75.90067656,35.70644324,FALSE,-0.23,0.97,1
0.002017323,75.89795052,35.70662006,FALSE,-0.23,0.97,1
0.000258054,75.89959374,35.70685183,FALSE,-0.23,0.97,1
0.000670989,75.89572603,35.705222,FALSE,-0.23,0.97,1
0.000333556,75.89489154,35.70572493,FALSE,-0.23,0.97,1
0.000159939,75.89373878,35.70547847,FALSE,-0.23,0.97,1
0.000826141,75.89516273,35.70358225,FALSE,-0.23,0.97,1
0.000354906,75.89474322,35.70330694,FALSE,-0.23,0.97,1
0.000261975,75.89782613,35.70191909,FALSE,-0.23,0.97,1
0.000174563,75.89807639,35.7016491,FALSE,-0.23,0.97,1
0.000263562,75.89627592,35.70125805,FALSE,-0.23,0.97,1
0.000575607,75.89550782,35.70130018,FALSE,-0.23,0.97,1
0.001058913,75.8972655,35.69944368,FALSE,-0.23,0.97,1
0.003353154,75.89837117,35.69908971,FALSE,-0.23,0.97,1
0.000454586,75.89536074,35.69949251,FALSE,-0.23,0.97,1
0.002037921,75.90380151,35.70841408,FALSE,-0.23,0.97,1
0.002020792,75.90602295,35.70900917,FALSE,-0.23,0.97,1
0.000851629,75.9041124,35.70957213,FALSE,-0.23,0.97,1
0.001095897,75.90290948,35.70961565,FALSE,-0.23,0.97,1
0.00137763,75.90362019,35.70974451,FALSE,-0.23,0.97,1
0.000249607,75.9048248,35.71062809,FALSE,-0.23,0.97,1
0.000540992,75.90120983,35.71187265,FALSE,-0.23,0.97,1
0.000600924,75.9004498,35.71259146,FALSE,-0.23,0.97,1
0.000905456,75.89769338,35.70845603,FALSE,-0.23,0.97,1
0.002844562,75.89845384,35.70919772,FALSE,-0.23,0.97,1
0.000640215,75.89956273,35.71028889,FALSE,-0.23,0.97,1
0.000498926,75.89525434,35.7138151,FALSE,-0.23,0.97,1
0.000315922,75.89423917,35.71361405,FALSE,-0.23,0.97,1
0.000627605,75.89374057,35.71292125,FALSE,-0.23,0.97,1
0.000369358,75.89361647,35.71265884,FALSE,-0.23,0.97,1
0.000810694,75.89289541,35.71419383,FALSE,-0.23,0.97,1
0.000540046,75.89475793,35.71544846,FALSE,-0.23,0.97,1
0.000676543,75.8959687,35.7157926,FALSE,-0.23,0.97,1
0.000196383,75.89587307,35.71599853,FALSE,-0.23,0.97,1
0.000894825,75.89461079,35.7165704,FALSE,-0.23,0.97,1
0.001432681,75.89488313,35.71729479,FALSE,-0.23,0.97,1
0.000220401,75.89489537,35.71691201,FALSE,-0.23,0.97,1
0.000749934,75.87029152,35.75700176,FALSE,-9.14,0.75,0
0.000558774,75.86945822,35.75707043,FALSE,-9.14,0.75,0
0.000859502,75.87084186,35.75607295,FALSE,-9.14,0.75,0
0.000511267,75.86791374,35.75432764,FALSE,-9.14,0.75,0
0.000615441,75.86990786,35.75323929,FALSE,-9.14,0.75,0
0.000465751,75.87070951,35.75303746,FALSE,-9.14,0.75,0
0.000951221,75.87257079,35.75455668,FALSE,-9.14,0.75,0
0.000529316,75.87214644,35.75379101,FALSE,-9.14,0.75,0
0.001497957,75.87646585,35.74933912,FALSE,-0.23,0.97,0
0.000449712,75.87745228,35.74829743,FALSE,-0.23,0.97,0
0.000485552,75.87603893,35.74832497,FALSE,-0.23,0.97,0
0.000390457,75.87690225,35.74891834,FALSE,-0.23,0.97,0
0.000124748,75.87757228,35.74922704,FALSE,-0.23,0.97,0
0.000440028,75.87671925,35.74734116,FALSE,-0.23,0.97,0
0.000619369,75.8846143,35.72910808,FALSE,-0.23,0.97,0
0.001346692,75.88824064,35.72647219,FALSE,-0.23,0.97,1
0.000587502,75.89238981,35.72668749,FALSE,-0.23,0.97,1
0.00154001,75.89473941,35.73056118,FALSE,-0.23,0.97,1
0.002472648,75.89427842,35.73117435,FALSE,-0.23,0.97,0
0.000707317,75.89123352,35.73213713,FALSE,-0.23,0.97,0
0.000403837,75.8901841,35.73169181,FALSE,-0.23,0.97,0
0.00204482,75.89131908,35.72266507,FALSE,-0.23,0.97,1
0.000812328,75.89182956,35.72213701,FALSE,-0.23,0.97,1
0.000384483,75.8912051,35.72166444,FALSE,-0.23,0.97,1
0.000374443,75.89010791,35.72304369,FALSE,-0.23,0.97,1
0.001175972,75.89273808,35.71998707,FALSE,-0.23,0.97,1
0.000696307,75.89912093,35.72023665,FALSE,-0.23,0.97,1
0.001104453,75.89989516,35.71958643,FALSE,-0.23,0.97,1
0.000462038,75.90013692,35.71939161,FALSE,-0.23,0.97,1
0.000528757,75.89172855,35.71685044,FALSE,-0.23,0.97,1
0.001957715,75.8987815,35.69132667,FALSE,-0.23,0.97,1
0.000433077,75.89772033,35.69141119,FALSE,-0.23,0.97,1
0.00016012,75.89678947,35.69180892,FALSE,-0.23,0.97,1
0.000284119,75.89713584,35.69171561,FALSE,-0.23,0.97,1
0.000964142,75.89902203,35.69299221,FALSE,-0.23,0.97,1
0.001014336,75.91155958,35.93498869,FALSE,-9.14,0.75,0
0.000414747,75.91213673,35.93513666,FALSE,-9.14,0.75,0
0.000686262,75.91710168,35.93227511,FALSE,-9.14,0.75,0
0.000375473,75.9177894,35.93069561,FALSE,-9.14,0.75,0
9.64E-05,75.91754045,35.93082559,FALSE,-9.14,0.75,0
0.000130559,75.91746484,35.93113164,FALSE,-9.14,0.75,0
0.000215554,75.91714667,35.93111601,FALSE,-9.14,0.75,0
0.000138232,75.91701701,35.93141363,FALSE,-9.14,0.75,0
0.000519291,75.91888026,35.93027948,FALSE,-9.14,0.75,0
0.001199188,75.91943161,35.93179626,FALSE,-9.14,0.75,0
0.000531327,75.91867907,35.92955734,FALSE,-9.14,0.75,0
0.000152543,75.91927497,35.92977135,FALSE,-9.14,0.75,0
0.000140563,75.92289132,35.92875445,FALSE,-9.14,0.75,0
0.000405495,75.92281333,35.92829211,FALSE,-9.14,0.75,0
0.000381924,75.92308725,35.92844327,FALSE,-9.14,0.75,0
0.000249407,75.92118195,35.92940637,FALSE,-9.14,0.75,0
0.000117897,75.92306807,35.92703392,FALSE,-9.14,0.75,0
0.000204272,75.92474639,35.92747673,FALSE,-9.14,0.75,0
0.000371072,75.93017551,35.92257528,FALSE,-9.14,0.75,0
0.000287267,75.93158596,35.92136953,FALSE,-9.14,0.75,0
0.000349713,75.9326701,35.91970691,FALSE,-9.14,0.75,0
0.000282262,75.93288654,35.91861389,FALSE,-9.14,0.75,0
0.000306398,75.9335689,35.91873302,FALSE,-9.14,0.75,0
0.000950222,75.93429242,35.9184527,FALSE,-9.14,0.75,0
0.000294398,75.93911126,35.91325722,FALSE,-11.83,0.6,0
0.000804159,75.93962119,35.9128244,FALSE,-11.83,0.6,0
0.001034585,75.94032227,35.91031415,FALSE,-11.83,0.6,0
0.000816475,75.94853264,35.9086563,FALSE,-11.83,0.6,0
0.000242068,75.94872808,35.90843361,FALSE,-11.83,0.6,0
0.000778038,75.94964368,35.90826679,FALSE,-11.83,0.6,0
0.000555572,75.95002286,35.90709054,FALSE,-11.83,0.6,0
0.000663054,75.95043548,35.90694657,FALSE,-11.83,0.6,0
0.001000287,75.95099792,35.9073724,FALSE,-11.83,0.6,0
0.000233223,75.95175696,35.90590008,FALSE,-11.83,0.6,0
0.00132528,75.95577592,35.90466537,FALSE,-11.83,0.6,0
0.00043772,75.95619961,35.9042743,FALSE,-11.83,0.6,0
0.002394893,75.93706036,35.90039296,FALSE,-9.14,0.75,0
0.000510796,75.93656926,35.90118765,FALSE,-9.14,0.75,0
0.000472929,75.93310247,35.9033602,FALSE,-9.14,0.75,0
0.000312475,75.93400702,35.90322885,FALSE,-9.14,0.75,0
0.000558196,75.93336762,35.90362615,FALSE,-9.14,0.75,0
0.000470353,75.93271749,35.9039688,FALSE,-9.14,0.75,0
0.000204434,75.93289638,35.90368509,FALSE,-9.14,0.75,0
0.00027742,75.93245334,35.90367962,FALSE,-9.14,0.75,0
0.000466162,75.93122486,35.90480759,FALSE,-9.14,0.75,0
0.001050916,75.92831712,35.90398115,FALSE,-9.14,0.75,0
0.000344187,75.92660158,35.90764701,FALSE,-9.14,0.75,0
0.001689806,75.9189862,35.90991932,FALSE,-9.14,0.75,0
0.000375472,75.93356084,35.90918816,FALSE,-9.14,0.75,0
0.001001064,75.92854772,35.91036274,FALSE,-9.14,0.75,0
0.00076309,75.92696541,35.91151312,FALSE,-9.14,0.75,0
0.000285337,75.92227657,35.91181157,FALSE,-9.14,0.75,0
0.001999487,75.96886446,35.81734717,FALSE,-11.83,0.6,0
0.001874549,75.96548344,35.82047396,FALSE,-11.83,0.6,0
0.00057501,75.96539135,35.82622595,FALSE,-11.83,0.6,0
0.00191036,75.96179645,35.83439701,FALSE,-11.83,0.6,0
0.001998928,75.96580695,35.83677236,FALSE,-11.83,0.6,0
0.000791066,75.96649239,35.83892994,FALSE,-11.83,0.6,0
0.002273236,75.9595137,35.83988898,FALSE,-11.83,0.6,0
0.001302395,75.95475431,35.84270944,FALSE,-11.83,0.6,0
0.002049588,75.95405466,35.84488207,FALSE,-11.83,0.6,0
0.002762134,75.96628726,35.84522147,FALSE,-11.83,0.6,0
0.00188627,75.96891812,35.84499824,FALSE,-11.83,0.6,0
0.001598264,75.9658601,35.84996864,FALSE,-11.83,0.6,0
0.005585172,75.96924176,35.85186689,FALSE,-11.83,0.6,0
0.000759483,75.96691633,35.85166739,FALSE,-11.83,0.6,0
0.000941746,75.96616346,35.85120385,FALSE,-11.83,0.6,0
0.002596957,75.96958891,35.85295383,FALSE,-11.83,0.6,0
0.003289618,75.97159059,35.85588824,FALSE,-11.83,0.6,0
0.000783981,75.9739058,35.85966292,FALSE,-11.83,0.6,0
0.002026608,75.9754984,35.86078614,FALSE,-11.83,0.6,0
0.002496164,75.97666283,35.86597269,FALSE,-11.83,0.6,0
0.000696496,75.97294348,35.8643342,FALSE,-11.83,0.6,0
0.002628676,75.97772005,35.8704979,FALSE,-11.83,0.6,0
0.001022245,75.97801519,35.87013459,FALSE,-11.83,0.6,0
0.002100594,75.97873641,35.8730912,FALSE,-11.83,0.6,0
0.001846191,75.97504379,35.87256721,FALSE,-11.83,0.6,0
0.001088718,75.97991459,35.87524971,FALSE,-11.83,0.6,0
0.001926355,75.9795904,35.87546569,FALSE,-11.83,0.6,0
0.00213473,75.97907257,35.87579059,FALSE,-11.83,0.6,0
0.000842828,75.97564335,35.87776455,FALSE,-11.83,0.6,0
0.001662315,75.97848123,35.87994332,FALSE,-11.83,0.6,0
0.001079262,75.98111881,35.8829529,FALSE,-11.83,0.6,0
0.003527963,75.97996904,35.88302899,FALSE,-11.83,0.6,0
0.002714094,75.9804478,35.88347838,FALSE,-11.83,0.6,0
0.00417386,75.97916862,35.88305652,FALSE,-11.83,0.6,0
0.000652794,75.98128933,35.88405465,FALSE,-11.83,0.6,0
0.006599574,75.98144233,35.8851678,FALSE,-11.83,0.6,0
0.000512663,75.98139382,35.88623114,FALSE,-11.83,0.6,0
0.00040074,75.98068395,35.88658934,FALSE,-11.83,0.6,0
0.00086865,75.98043872,35.88627186,FALSE,-11.83,0.6,0
0.000336854,75.97952562,35.8863674,FALSE,-11.83,0.6,0
0.003180097,75.97929497,35.88568949,FALSE,-11.83,0.6,0
0.000242438,75.97993163,35.88575382,FALSE,-11.83,0.6,0
0.000191108,75.98013506,35.88591571,FALSE,-11.83,0.6,0
0.000173696,75.98009433,35.8852539,FALSE,-11.83,0.6,0
0.001107058,75.9785781,35.88507562,FALSE,-11.83,0.6,0
0.000103163,75.97828904,35.88515311,FALSE,-11.83,0.6,0
0.001338794,75.97896851,35.88413461,FALSE,-11.83,0.6,0
0.001063358,75.97735781,35.88430094,FALSE,-11.83,0.6,0
0.013151829,75.97733781,35.88309833,FALSE,-11.83,0.6,0
0.000524899,75.97724899,35.88578048,FALSE,-11.83,0.6,0
0.003394056,75.97714736,35.88499606,FALSE,-11.83,0.6,0
0.000339866,75.97658981,35.88482148,FALSE,-11.83,0.6,0
0.002164833,75.97667535,35.88600027,FALSE,-11.83,0.6,0
0.0002547,75.97840494,35.88625133,FALSE,-11.83,0.6,0
0.000797479,75.97856995,35.8875714,FALSE,-11.83,0.6,0
0.000297538,75.9813179,35.88692996,FALSE,-11.83,0.6,0
0.000516297,75.98144412,35.88806255,FALSE,-11.83,0.6,0
0.001278756,75.977853,35.89077841,FALSE,-11.83,0.6,0
0.019020805,76.00299017,35.91606116,FALSE,-11.83,0.6,0
0.000646257,76.0034193,35.91506766,FALSE,-11.83,0.6,0
0.001296427,76.00210786,35.9148662,FALSE,-11.83,0.6,0
0.002926998,76.00076335,35.91348352,FALSE,-11.83,0.6,0
0.001355177,75.99670935,35.91317981,FALSE,-11.83,0.6,0
0.000531994,75.99509186,35.91204454,FALSE,-11.83,0.6,0
0.002484461,75.99354712,35.91019317,FALSE,-11.83,0.6,0
0.002148399,75.99713363,35.9087561,FALSE,-11.83,0.6,0
0.00142517,75.99298216,35.907778,FALSE,-11.83,0.6,0
0.005830154,75.99407353,35.90785592,FALSE,-11.83,0.6,0
0.000675199,75.99492055,35.90693023,FALSE,-11.83,0.6,0
0.001520635,76.00113713,35.90023386,FALSE,-11.83,0.6,0
0.000580186,76.00064337,35.90016331,FALSE,-11.83,0.6,0
0.000755228,76.00212577,35.90066134,FALSE,-11.83,0.6,0
0.000777272,75.98939524,35.90288168,FALSE,-11.83,0.6,0
0.000511041,75.99002125,35.90396958,FALSE,-11.83,0.6,0
0.000690841,75.99547735,35.89805109,FALSE,-11.83,0.6,0
0.000901821,75.99501493,35.89793178,FALSE,-11.83,0.6,0
0.002372651,75.99365924,35.89727574,FALSE,-11.83,0.6,0
0.001081379,75.99308243,35.89701187,FALSE,-11.83,0.6,0
0.001391333,75.99194483,35.89806784,FALSE,-11.83,0.6,0
0.003196933,75.98877653,35.90020872,FALSE,-11.83,0.6,0
0.002334478,75.98123602,35.89868962,FALSE,-11.83,0.6,0
0.000511365,75.98349285,35.89836871,FALSE,-11.83,0.6,0
0.000361424,75.98773325,35.89605153,FALSE,-11.83,0.6,0
0.000608159,75.98814195,35.89619282,FALSE,-11.83,0.6,0
0.000326842,75.9905307,35.89517643,FALSE,-11.83,0.6,0
0.001711754,75.98725621,35.89283176,FALSE,-11.83,0.6,0
0.000780895,75.98640715,35.89227804,FALSE,-11.83,0.6,0
0.000560881,75.98609413,35.89274879,FALSE,-11.83,0.6,0
0.000822769,75.98751513,35.89365159,FALSE,-11.83,0.6,0
0.00242988,75.98434209,35.89452784,FALSE,-11.83,0.6,0
0.008072957,75.98623377,35.89429119,FALSE,-11.83,0.6,0
0.000404593,75.98597049,35.89556194,FALSE,-11.83,0.6,0
0.000859917,75.98180648,35.89444931,FALSE,-11.83,0.6,0
0.000444604,75.98149773,35.8942543,FALSE,-11.83,0.6,0
0.000263506,75.98140204,35.89479396,FALSE,-11.83,0.6,0
0.00044487,75.98117694,35.8949976,FALSE,-11.83,0.6,0
0.003834664,75.97990263,35.89617487,FALSE,-11.83,0.6,0
0.00044361,75.98012397,35.89516262,FALSE,-11.83,0.6,0
0.000489344,75.97728513,35.89572001,FALSE,-11.83,0.6,0
0.009211585,75.97560867,35.89445297,FALSE,-11.83,0.6,0
0.003687373,75.97807822,35.89442339,FALSE,-11.83,0.6,0
0.016330554,75.97304679,35.89279239,FALSE,-11.83,0.6,0
0.001693658,75.97323887,35.89403596,FALSE,-11.83,0.6,0
0.002137131,75.97403713,35.89329646,FALSE,-11.83,0.6,0
0.001765964,75.97614535,35.89299302,FALSE,-11.83,0.6,0
0.002731769,75.97569681,35.89231634,FALSE,-11.83,0.6,0
0.001857058,75.97551761,35.89094457,FALSE,-11.83,0.6,0
0.002368151,75.97578217,35.89165377,FALSE,-11.83,0.6,0
0.006586797,75.97675592,35.89054933,FALSE,-11.83,0.6,0
0.001801308,75.97924218,35.89063177,FALSE,-11.83,0.6,0
0.001623247,75.97970547,35.89094775,FALSE,-11.83,0.6,0
0.000905069,75.9794257,35.89180001,FALSE,-11.83,0.6,0
0.001830567,75.98130531,35.89106731,FALSE,-11.83,0.6,0
0.00086747,75.98442793,35.88998777,FALSE,-11.83,0.6,0
0.00103354,75.98301304,35.88842841,FALSE,-11.83,0.6,0
0.00068928,75.9844874,35.8914209,FALSE,-11.83,0.6,0
0.000740442,75.98418327,35.89186368,FALSE,-11.83,0.6,0
0.000402313,75.98450778,35.89219397,FALSE,-11.83,0.6,0
0.000833147,75.97595599,35.88986308,FALSE,-11.83,0.6,0
0.001720685,75.95461788,35.89136705,FALSE,-11.83,0.6,0
0.00086895,75.9570712,35.889026,FALSE,-11.83,0.6,0
0.0005632,75.95887007,35.88727282,FALSE,-11.83,0.6,0
0.000839448,75.95589546,35.88737889,FALSE,-11.83,0.6,0
0.003634881,75.96203199,35.87672885,FALSE,-11.83,0.6,0
0.001027554,75.9620127,35.87606046,FALSE,-11.83,0.6,0
0.000620163,75.96255037,35.87616322,FALSE,-11.83,0.6,0
0.001348649,75.96220496,35.87576524,FALSE,-11.83,0.6,0
0.001046677,75.96359156,35.87588941,FALSE,-11.83,0.6,0
0.001580897,75.96508461,35.87659828,FALSE,-11.83,0.6,0
0.000497969,75.96367308,35.87692081,FALSE,-11.83,0.6,0
0.000778109,75.9634916,35.8742107,FALSE,-11.83,0.6,0
0.000846859,75.96213272,35.87299864,FALSE,-11.83,0.6,0
0.000771097,75.9642859,35.86820667,FALSE,-11.83,0.6,0
0.000640556,75.9645295,35.86803616,FALSE,-11.83,0.6,0
0.001923758,75.96244172,35.86846413,FALSE,-11.83,0.6,0
0.000906984,75.96123427,35.86741866,FALSE,-11.83,0.6,0
0.001087359,75.96241385,35.8668934,FALSE,-11.83,0.6,0
0.002186817,75.961041,35.86688918,FALSE,-11.83,0.6,0
0.003659494,75.96323032,35.86570246,FALSE,-11.83,0.6,0
0.000719812,75.96212799,35.86544519,FALSE,-11.83,0.6,0
0.002292224,75.97104669,35.86049386,FALSE,-11.83,0.6,0
0.001866534,75.96827377,35.86022265,FALSE,-11.83,0.6,0
0.001154078,75.96904667,35.85820104,FALSE,-11.83,0.6,0
0.001152609,75.97365122,35.85820126,FALSE,-11.83,0.6,0
0.001409643,75.97284923,35.85824411,FALSE,-11.83,0.6,0
0.000890129,75.97042187,35.85789075,FALSE,-11.83,0.6,0
0.001333765,75.96780025,35.85601114,FALSE,-11.83,0.6,0
0.002875895,75.96658524,35.85522885,FALSE,-11.83,0.6,0
0.005029224,75.96379914,35.85226473,FALSE,-11.83,0.6,0
0.0017414,75.9632895,35.84876622,FALSE,-11.83,0.6,0
0.001985914,75.96652406,35.86387917,FALSE,-11.83,0.6,0
0.004046672,75.967313,35.86265005,FALSE,-11.83,0.6,0
0.002536954,75.96159385,35.86907714,FALSE,-11.83,0.6,0
0.001995772,75.97928338,35.8767599,FALSE,-11.83,0.6,0
0.001311124,75.98082437,35.87791679,FALSE,-11.83,0.6,0
0.000998099,75.97510553,35.88093974,FALSE,-11.83,0.6,0
0.001530237,75.97747909,35.88058164,FALSE,-11.83,0.6,0
0.000598425,75.97556352,35.87981863,FALSE,-11.83,0.6,0
0.000907395,75.96163668,35.87891324,FALSE,-11.83,0.6,0
0.000375616,75.96205077,35.87885421,FALSE,-11.83,0.6,0
0.001535114,75.9609153,35.87887088,FALSE,-11.83,0.6,0
0.000820001,75.96164015,35.87965281,FALSE,-11.83,0.6,0
0.047852837,76.39338411,35.78427746,FALSE,-11.83,0.6,0
0.001804362,75.90961728,35.69175922,FALSE,-0.23,0.97,1
0.000146642,75.90955837,35.69217306,FALSE,-0.23,0.97,1
0.009604565,75.91045077,35.69113599,FALSE,-0.23,0.97,1
8.58E-05,75.87752588,35.74903358,FALSE,-0.23,0.97,0
0.001130353,75.84700347,35.77828879,FALSE,-9.14,0.75,0
0.003106105,75.72978767,35.88047305,FALSE,-9.14,0.75,0
0.000271758,75.72776339,35.87998168,FALSE,-9.14,0.75,0
0.000394104,75.63156392,35.91036701,FALSE,-9.14,0.75,0
0.000704258,75.631748,35.90985918,FALSE,-9.14,0.75,0
0.000485383,75.63212409,35.90956532,FALSE,-9.14,0.75,0
0.000949473,75.36100047,36.07039824,FALSE,-9.14,0.75,0
0.001187942,75.35933445,36.07073442,FALSE,-9.14,0.75,0
0.000885523,75.35861453,36.07126097,FALSE,-9.14,0.75,0
0.000443628,75.00817964,35.80258857,FALSE,-3.39,0.77,0
0.000465215,75.12684815,36.18557087,FALSE,-3.39,0.77,0
0.031401277,74.88632014,35.89349733,FALSE,-3.39,0.77,0
0.048678277,74.88239125,36.17368534,FALSE,-3.39,0.77,0
0.00197132,74.8171493,36.21136736,FALSE,-3.39,0.77,0
3.930649382,74.85702198,36.32183327,TRUE,-5.46,0.51,0
0.12738251,74.86239474,36.43009692,TRUE,-5.46,0.51,1
0.001821155,75.81685082,36.59327051,FALSE,-8.63,0.49,0
0.011849931,75.81739274,36.59196995,FALSE,-8.63,0.49,0
0.000811794,75.8230959,36.59055421,FALSE,-8.63,0.49,0
0.003805695,75.82264815,36.5903122,FALSE,-8.63,0.49,0
0.000201211,75.82066667,36.58953471,FALSE,-8.63,0.49,0
0.017156243,75.81324912,36.5899345,FALSE,-8.63,0.49,0
0.004175943,75.80633706,36.58626355,FALSE,-8.63,0.49,0
0.000920601,75.80457097,36.58657021,FALSE,-8.63,0.49,0
0.083534679,75.80593586,36.54779221,FALSE,-8.63,0.49,0
0.001046268,75.80905468,36.54358077,FALSE,-8.63,0.49,0
0.002327627,75.80910531,36.54205958,FALSE,-8.63,0.49,0
0.003876944,75.80205163,36.52832722,FALSE,-8.63,0.49,0
0.022423401,75.81161777,36.50022868,FALSE,-8.63,0.49,0
0.001981745,75.81118057,36.50120176,FALSE,-8.63,0.49,0
0.001867362,75.81243208,36.50417327,FALSE,-8.63,0.49,0
0.006056952,75.82090965,36.50718188,FALSE,-8.63,0.49,0
0.0041158,75.8225853,36.5075719,FALSE,-8.63,0.49,0
0.001703987,75.82004749,36.51055752,FALSE,-8.63,0.49,0
0.006524363,75.81918691,36.50906709,FALSE,-8.63,0.49,0
0.008447701,75.81823221,36.51061917,FALSE,-8.63,0.49,0
0.003632407,75.84412883,36.50493725,FALSE,-8.63,0.49,0
0.001625098,75.81967097,36.43445157,FALSE,-8.63,0.49,0
0.001237563,75.82593683,36.43496591,FALSE,-8.63,0.49,0
0.000627898,75.82804426,36.43610265,FALSE,-8.63,0.49,0
0.001481231,75.827491,36.43712485,FALSE,-8.63,0.49,0
0.005059893,75.8266913,36.43723358,FALSE,-8.63,0.49,0
0.001165969,75.82752918,36.43796874,FALSE,-8.63,0.49,0
0.003873777,75.82572868,36.43782222,FALSE,-8.63,0.49,0
0.001454743,75.82404904,36.43733722,FALSE,-8.63,0.49,0
0.000709643,75.8200471,36.43861027,FALSE,-8.63,0.49,0
0.000982459,75.81891799,36.43844947,FALSE,-8.63,0.49,0
0.003396346,75.81974948,36.4393235,FALSE,-8.63,0.49,0
0.000611197,75.81929682,36.43711629,FALSE,-8.63,0.49,0
0.000144971,75.81966858,36.43713214,FALSE,-8.63,0.49,0
0.000178626,75.81901411,36.43701224,FALSE,-8.63,0.49,0
0.000109897,75.82004594,36.43648599,FALSE,-8.63,0.49,0
0.00027319,75.82040846,36.43637183,FALSE,-8.63,0.49,0
0.001542562,75.73411154,36.41358983,FALSE,-8.63,0.49,0
0.000338259,75.7334421,36.41429277,FALSE,-8.63,0.49,0
0.003044741,75.69924926,36.6441973,FALSE,-8.63,0.49,0
0.001997805,75.63743694,36.67589404,FALSE,-8.63,0.49,0
0.000804637,75.63647425,36.67665904,FALSE,-8.63,0.49,0
0.000950603,75.64969271,36.7391884,FALSE,-8.63,0.49,0
0.001798135,75.64761752,36.74173963,FALSE,-8.63,0.49,0
0.003493259,75.65591477,36.72648419,FALSE,-8.63,0.49,0
0.001054402,75.65658684,36.72883188,FALSE,-8.63,0.49,0
0.001308682,75.65755313,36.72913604,FALSE,-8.63,0.49,0
0.002180659,75.65638255,36.64772289,FALSE,-8.63,0.49,0
0.000988887,75.6558921,36.64783816,FALSE,-8.63,0.49,0
0.001912384,75.6720677,36.53271643,FALSE,-8.63,0.49,0
0.001676628,75.6666562,36.52425003,FALSE,-8.63,0.49,0
0.005110929,75.65988231,36.50729427,FALSE,-8.63,0.49,0
0.009487244,75.71766946,36.47921081,FALSE,-8.63,0.49,0
0.001000665,75.71844971,36.47888445,FALSE,-8.63,0.49,0
0.001085334,75.61786552,36.48047837,FALSE,-8.63,0.49,0
0.000585041,75.70788131,36.43645764,FALSE,-8.63,0.49,0
0.000210437,75.70784949,36.43716911,FALSE,-8.63,0.49,0
0.000574618,75.70883325,36.43826183,FALSE,-8.63,0.49,0
0.000608569,75.71041051,36.43859559,FALSE,-8.63,0.49,0
0.001759998,75.71150312,36.4386828,FALSE,-8.63,0.49,0
0.001250664,75.70904879,36.4391183,FALSE,-8.63,0.49,0
0.000322502,75.70945425,36.44090021,FALSE,-8.63,0.49,0
0.000933292,75.71133125,36.44131997,FALSE,-8.63,0.49,0
0.002001985,75.71039648,36.44135094,FALSE,-8.63,0.49,0
0.000933705,75.71059908,36.44195041,FALSE,-8.63,0.49,0
0.002354047,75.71041824,36.44228564,FALSE,-8.63,0.49,0
0.001626709,75.70898456,36.44150677,FALSE,-8.63,0.49,0
0.003171614,75.70889406,36.44215714,FALSE,-8.63,0.49,0
0.000869976,75.7133687,36.44248417,FALSE,-8.63,0.49,0
0.001539937,75.71245206,36.44247593,FALSE,-8.63,0.49,0
0.000317781,75.71282136,36.442038,FALSE,-8.63,0.49,0
0.001872283,75.71281485,36.44346198,FALSE,-8.63,0.49,0
0.002025193,75.71480673,36.44651743,FALSE,-8.63,0.49,0
0.001715232,75.71302017,36.44640286,FALSE,-8.63,0.49,0
0.000279571,75.71369164,36.44617473,FALSE,-8.63,0.49,0
0.000128966,75.71405533,36.44667162,FALSE,-8.63,0.49,0
0.002419272,75.71411732,36.44739868,FALSE,-8.63,0.49,0
0.002137501,75.71115473,36.44624089,FALSE,-8.63,0.49,0
0.002230075,75.71182428,36.44657271,FALSE,-8.63,0.49,0
0.000368936,75.71248841,36.44700631,FALSE,-8.63,0.49,0
0.003253937,75.71200748,36.44744385,FALSE,-8.63,0.49,0
0.000613522,75.71157419,36.44792208,FALSE,-8.63,0.49,0
0.001190977,75.71096986,36.44768249,FALSE,-8.63,0.49,0
0.015899045,75.71034259,36.4481911,FALSE,-8.63,0.49,0
0.001297732,75.70819435,36.44883705,FALSE,-8.63,0.49,0
0.000450791,75.7081293,36.44752518,FALSE,-8.63,0.49,0
0.000171084,75.70791326,36.44764096,FALSE,-8.63,0.49,0
0.000218601,75.70751056,36.44787349,FALSE,-8.63,0.49,0
0.000276543,75.70789381,36.44804114,FALSE,-8.63,0.49,0
0.004460703,75.70687893,36.44717933,FALSE,-8.63,0.49,0
0.001331293,75.70780983,36.4468788,FALSE,-8.63,0.49,0
0.00116354,75.70781122,36.4464127,FALSE,-8.63,0.49,0
0.002540752,75.70740994,36.44547107,FALSE,-8.63,0.49,0
0.000932733,75.70820351,36.4446255,FALSE,-8.63,0.49,0
0.002188685,75.70976157,36.44402387,FALSE,-8.63,0.49,0
0.000473165,75.71016516,36.44381918,FALSE,-8.63,0.49,0
0.021597846,75.71350302,36.44528509,FALSE,-8.63,0.49,0
0.00250172,75.71038498,36.44618537,FALSE,-8.63,0.49,0
0.000299674,75.70934098,36.44654467,FALSE,-8.63,0.49,0
0.0092105,75.70857222,36.44675636,FALSE,-8.63,0.49,0
0.002175282,75.70655733,36.44400513,FALSE,-8.63,0.49,0
0.002074075,75.70451806,36.44386654,FALSE,-8.63,0.49,0
0.004345371,75.70530232,36.44383479,FALSE,-8.63,0.49,0
0.001844404,75.70597826,36.44206078,FALSE,-8.63,0.49,0
0.000450487,75.70608247,36.44135196,FALSE,-8.63,0.49,0
0.001693571,75.70511521,36.44175376,FALSE,-8.63,0.49,0
0.005795762,75.70497088,36.4407867,FALSE,-8.63,0.49,0
0.002295727,75.70403392,36.44112724,FALSE,-8.63,0.49,0
0.001231482,75.70327832,36.44135721,FALSE,-8.63,0.49,0
0.000484127,75.70322343,36.44217735,FALSE,-8.63,0.49,0
0.012880039,75.70510046,36.4426677,FALSE,-8.63,0.49,0
0.000201652,75.70605906,36.44325555,FALSE,-8.63,0.49,0
0.000849529,75.71521526,36.44850802,FALSE,-8.63,0.49,0
0.0007585,75.71333675,36.44889668,FALSE,-8.63,0.49,0
0.002649518,75.71185277,36.4494807,FALSE,-8.63,0.49,0
0.002442077,75.71242288,36.45040156,FALSE,-8.63,0.49,0
0.000548558,75.71375388,36.45046283,FALSE,-8.63,0.49,0
0.000461125,75.71391131,36.45211884,FALSE,-8.63,0.49,0
0.000407599,75.71368156,36.45187461,FALSE,-8.63,0.49,0
0.000566856,75.71430192,36.45260009,FALSE,-8.63,0.49,0
0.000440375,75.71389756,36.45258945,FALSE,-8.63,0.49,0
0.000765968,75.7149141,36.45298962,FALSE,-8.63,0.49,0
0.000991356,75.72138104,36.45167891,FALSE,-8.63,0.49,0
0.005150944,75.71453287,36.45374162,FALSE,-8.63,0.49,0
0.000351463,75.71523707,36.45417337,FALSE,-8.63,0.49,0
0.000514859,75.7154381,36.45453618,FALSE,-8.63,0.49,0
0.000784116,75.71540331,36.45518016,FALSE,-8.63,0.49,0
0.000621907,75.71471663,36.45494122,FALSE,-8.63,0.49,0
0.001632018,75.71506915,36.45547269,FALSE,-8.63,0.49,0
0.000157467,75.71509425,36.45581212,FALSE,-8.63,0.49,0
0.000287546,75.71548173,36.45650365,FALSE,-8.63,0.49,0
0.001004897,75.71276874,36.45754074,FALSE,-8.63,0.49,0
0.000658912,75.70898284,36.45777943,FALSE,-8.63,0.49,0
0.000613146,75.70937352,36.45798842,FALSE,-8.63,0.49,0
0.000118627,75.71097854,36.4552389,FALSE,-8.63,0.49,0
0.001050531,75.70815016,36.45475234,FALSE,-8.63,0.49,0
0.001171214,75.70977081,36.46370186,FALSE,-8.63,0.49,0
0.000653747,75.71350195,36.47022437,FALSE,-8.63,0.49,0
0.001727278,75.72712046,36.47165816,FALSE,-8.63,0.49,0
0.000359643,75.72672719,36.47231107,FALSE,-8.63,0.49,0
0.002552574,75.73061859,36.47682912,FALSE,-8.63,0.49,0
0.000908933,75.72250628,36.48351584,FALSE,-8.63,0.49,0
0.00233169,75.70151103,36.37279764,FALSE,-8.63,0.49,0
0.00130976,75.69729853,36.37718008,FALSE,-8.63,0.49,0
0.00088902,75.69762581,36.37764687,FALSE,-8.63,0.49,0
0.001075677,75.6227033,36.63179982,FALSE,-8.63,0.49,0
0.004408444,75.62119196,36.63219802,FALSE,-8.63,0.49,0
0.00176112,75.61466095,36.54927637,FALSE,-8.63,0.49,0
0.001557531,75.6128773,36.54886014,FALSE,-8.63,0.49,0
0.001319698,75.59228856,36.38939475,FALSE,-8.63,0.49,0
0.000893556,75.48265899,36.33168514,FALSE,-8.63,0.49,1
0.00191308,75.48164631,36.33336885,FALSE,-8.63,0.49,1
0.000559494,75.48090431,36.33500251,FALSE,-8.63,0.49,1
0.000546566,75.48263804,36.33498805,FALSE,-8.63,0.49,1
0.000513289,75.48175325,36.33526874,FALSE,-8.63,0.49,1
0.000862333,75.47989493,36.33348574,FALSE,-8.63,0.49,1
0.000450726,75.47894306,36.33416979,FALSE,-8.63,0.49,1
0.000319082,75.47788299,36.33496203,FALSE,-8.63,0.49,1
0.000583868,75.47819331,36.33546037,FALSE,-8.63,0.49,1
0.000719514,75.48162596,36.33441684,FALSE,-8.63,0.49,1
0.001138267,75.47872987,36.33559304,FALSE,-8.63,0.49,1
0.000683111,75.45478222,36.33522184,FALSE,-8.63,0.49,1
0.001031744,75.45492555,36.33620991,FALSE,-8.63,0.49,1
0.002052004,75.45076945,36.3369492,FALSE,-8.63,0.49,1
0.000998879,75.45668002,36.33561686,FALSE,-8.63,0.49,1
0.002935729,75.44879299,36.3365385,FALSE,-8.63,0.49,1
0.002932717,75.34209705,36.54493244,FALSE,-8.63,0.49,0
0.048717345,75.34472983,36.54723703,FALSE,-8.63,0.49,0
0.004109791,75.27852408,36.56369041,FALSE,-5.46,0.51,0
0.003779056,75.22376136,36.49845985,FALSE,-5.46,0.51,0
0.001035253,75.23398541,36.49207177,FALSE,-5.46,0.51,0
0.002238287,75.23433456,36.50271865,FALSE,-5.46,0.51,0
0.002734723,75.18754372,36.5638734,FALSE,-5.46,0.51,0
0.004101383,75.18821661,36.56456305,FALSE,-5.46,0.51,0
0.00731649,75.18983727,36.56341231,FALSE,-5.46,0.51,0
0.005546678,75.19263759,36.56399647,FALSE,-5.46,0.51,0
0.009387366,75.1949693,36.57269402,FALSE,-5.46,0.51,0
0.003373175,75.19452082,36.57495593,FALSE,-5.46,0.51,0
0.019366768,75.19126863,36.57187779,FALSE,-5.46,0.51,0
0.000426254,75.1960762,36.58038594,FALSE,-5.46,0.51,0
0.000587504,75.19608937,36.58123193,FALSE,-5.46,0.51,0
0.00170442,75.19875354,36.583852,FALSE,-5.46,0.51,0
0.000507415,75.19966441,36.57697438,FALSE,-5.46,0.51,0
0.002850233,75.20433141,36.5727503,FALSE,-5.46,0.51,0
0.001937699,75.1958711,36.57638861,FALSE,-5.46,0.51,0
0.002821835,75.18745755,36.59639236,FALSE,-5.46,0.51,0
0.001062417,75.18615825,36.59778677,FALSE,-5.46,0.51,0
0.001624693,75.18932006,36.59960031,FALSE,-5.46,0.51,0
0.00038486,75.19045527,36.59747362,FALSE,-5.46,0.51,0
0.000108689,75.18983883,36.59749467,FALSE,-5.46,0.51,0
0.00306888,75.15383947,36.59310889,FALSE,-5.46,0.51,0
0.000818488,74.54332183,36.61398247,FALSE,-2.9,0.49,0
0.002101645,74.54690543,36.61273401,FALSE,-2.9,0.49,0
0.006904726,74.54588002,36.61307733,FALSE,-2.9,0.49,0
0.00644868,74.55142889,36.61228306,FALSE,-2.9,0.49,0
0.001295473,74.57773237,36.60969128,FALSE,-2.9,0.49,0
0.000842736,74.58244195,36.60715922,FALSE,-2.9,0.49,0
0.001112115,74.58239536,36.60608677,FALSE,-2.9,0.49,0
0.001111059,74.59002908,36.6065613,FALSE,-2.9,0.49,0
0.001659022,74.59370062,36.60382111,FALSE,-2.9,0.49,0
0.001118971,74.59391669,36.59991652,FALSE,-2.9,0.49,0
0.00143394,74.5957928,36.5995683,FALSE,-2.9,0.49,0
0.003153843,74.60075355,36.59672424,FALSE,-2.9,0.49,0
0.002697669,74.60211096,36.59662581,FALSE,-2.9,0.49,0
0.002871755,74.5976083,36.59231385,FALSE,-2.9,0.49,0
0.002224605,74.5992331,36.59255065,FALSE,-2.9,0.49,0
0.000325475,74.59956204,36.59233838,FALSE,-2.9,0.49,0
0.001041609,74.60469769,36.59277339,FALSE,-2.9,0.49,0
0.000714155,74.60547909,36.59395832,FALSE,-2.9,0.49,0
0.001080775,74.6053288,36.5933591,FALSE,-2.9,0.49,0
0.002951563,74.60391042,36.59224352,FALSE,-2.9,0.49,0
0.002930124,74.59696443,36.59379637,FALSE,-2.9,0.49,0
0.001670056,74.60943612,36.58642341,FALSE,-2.9,0.49,0
0.003225063,74.60906947,36.5855102,FALSE,-2.9,0.49,0
0.005013316,74.61340234,36.58580551,FALSE,-2.9,0.49,0
0.003251691,74.61110854,36.5880391,FALSE,-2.9,0.49,0
0.002931559,74.61220051,36.5866761,FALSE,-2.9,0.49,0
0.005565058,74.61793016,36.58089271,FALSE,-2.9,0.49,0
0.00469266,74.61809299,36.57989753,FALSE,-2.9,0.49,0
0.003505768,74.6280009,36.57298696,FALSE,-2.9,0.49,0
0.004171405,74.63164693,36.56958242,FALSE,-2.9,0.49,0
0.004805983,74.62579694,36.56965643,FALSE,-2.9,0.49,0
0.015619803,74.63052901,36.56305357,FALSE,-2.9,0.49,0
0.00416017,74.62994231,36.55920637,FALSE,-2.9,0.49,0
0.004218543,74.63161421,36.56007749,FALSE,-2.9,0.49,0
0.017069841,74.62213452,36.55528748,FALSE,-2.9,0.49,0
0.003438158,74.62289519,36.55401664,FALSE,-2.9,0.49,0
0.000838614,74.6232829,36.55389002,FALSE,-2.9,0.49,0
0.001402149,74.60922266,36.57223902,FALSE,-2.9,0.49,0
0.001221443,74.60800611,36.57322556,FALSE,-2.9,0.49,0
0.002536753,74.59999744,36.5777427,FALSE,-2.9,0.49,0
0.003914044,74.59914571,36.57804866,FALSE,-2.9,0.49,0
0.00191408,74.59653521,36.58057419,FALSE,-2.9,0.49,0
0.000859205,74.59016118,36.58470982,FALSE,-2.9,0.49,0
0.003008588,74.58178793,36.59355742,FALSE,-2.9,0.49,0
0.001116569,74.57807583,36.59485648,FALSE,-2.9,0.49,0
0.002136651,74.57521533,36.59579692,FALSE,-2.9,0.49,0
0.00150981,74.5737669,36.59625784,FALSE,-2.9,0.49,0
0.003644658,74.56465355,36.59644805,FALSE,-2.9,0.49,0
0.001980686,74.56080532,36.59982455,FALSE,-2.9,0.49,0
0.001485796,74.56127175,36.6006394,FALSE,-2.9,0.49,0
0.003457663,74.63318373,36.55381926,FALSE,-2.9,0.49,0
0.004385242,74.64047051,36.56048131,FALSE,-2.9,0.49,0
0.002294818,74.65611669,36.54713001,FALSE,-2.9,0.49,0
0.003169311,74.66239437,36.54769327,FALSE,-2.9,0.49,0
0.002309446,74.6746374,36.54900535,FALSE,-2.9,0.49,0
0.002609037,74.67964051,36.54872009,FALSE,-2.9,0.49,0
0.002100177,74.68050336,36.54852667,FALSE,-2.9,0.49,0
0.000649981,74.6810517,36.54853665,FALSE,-2.9,0.49,0
0.005660656,74.72715048,36.5463357,FALSE,-5.46,0.51,0
0.001143471,74.72615108,36.54651365,FALSE,-5.46,0.51,0
0.003465705,74.72850868,36.54278863,FALSE,-5.46,0.51,0
0.003290496,74.73670523,36.5428718,FALSE,-5.46,0.51,0
0.007559329,74.74335572,36.53213578,FALSE,-5.46,0.51,0
0.00348501,74.74658422,36.53187838,FALSE,-5.46,0.51,0
0.001493972,74.74694671,36.53246381,FALSE,-5.46,0.51,0
0.006654822,74.74777515,36.53201576,FALSE,-5.46,0.51,0
0.001958336,74.75042205,36.53231425,FALSE,-5.46,0.51,0
0.001434059,74.75053165,36.53372688,FALSE,-5.46,0.51,0
0.001801771,74.75012657,36.5346091,FALSE,-5.46,0.51,0
0.002091846,74.74735078,36.53328505,FALSE,-5.46,0.51,0
0.00168018,74.75117167,36.53186792,FALSE,-5.46,0.51,0
0.001316757,74.75227919,36.53008454,FALSE,-5.46,0.51,0
0.004439289,74.75233859,36.52949266,FALSE,-5.46,0.51,0
0.017923793,74.76093333,36.5283653,FALSE,-5.46,0.51,0
0.005591437,74.67058154,36.52822612,FALSE,-2.9,0.49,0
0.001446418,74.67191476,36.52837435,FALSE,-2.9,0.49,0
0.006330409,74.71646473,36.5319211,FALSE,-5.46,0.51,0
0.005394621,74.73064159,36.52477584,FALSE,-5.46,0.51,0
0.001202845,74.76300508,36.528012,FALSE,-5.46,0.51,0
0.001773731,74.76963392,36.5258493,FALSE,-5.46,0.51,0
0.008062872,74.77282532,36.52525324,FALSE,-5.46,0.51,0
0.001261779,74.77235068,36.52569464,FALSE,-5.46,0.51,0
0.002800962,74.77477965,36.52248694,FALSE,-5.46,0.51,0
0.00182681,74.77526333,36.52360655,FALSE,-5.46,0.51,0
0.001453865,74.77477987,36.52326437,FALSE,-5.46,0.51,0
0.005647452,74.77538975,36.52485408,FALSE,-5.46,0.51,0
0.001270636,74.77496504,36.52528669,FALSE,-5.46,0.51,0
0.000972087,74.77557244,36.5254942,FALSE,-5.46,0.51,0
0.002410738,74.77448399,36.52556285,FALSE,-5.46,0.51,0
0.001135941,74.77418766,36.52513472,FALSE,-5.46,0.51,0
0.000896948,74.77447304,36.52650912,FALSE,-5.46,0.51,0
0.017226072,74.77603844,36.52632445,FALSE,-5.46,0.51,0
0.003036983,74.77833862,36.52261696,FALSE,-5.46,0.51,0
0.003909786,74.7791491,36.52222829,FALSE,-5.46,0.51,0
0.002850828,74.77293288,36.52160496,FALSE,-5.46,0.51,0
0.003789817,74.77171293,36.52178237,FALSE,-5.46,0.51,0
0.000804658,74.77102943,36.52161401,FALSE,-5.46,0.51,0
0.00123313,74.77048637,36.52242634,FALSE,-5.46,0.51,0
0.001006028,74.77224386,36.52388462,FALSE,-5.46,0.51,0
0.001676318,74.77114863,36.5252328,FALSE,-5.46,0.51,0
0.000915867,74.77009554,36.52532346,FALSE,-5.46,0.51,0
0.000273483,74.77076555,36.52558517,FALSE,-5.46,0.51,0
0.002828184,74.77152378,36.52623948,FALSE,-5.46,0.51,0
0.000806105,74.76986173,36.52628968,FALSE,-5.46,0.51,0
0.001263824,74.77023304,36.52643692,FALSE,-5.46,0.51,0
0.015740859,74.78283886,36.5216876,FALSE,-5.46,0.51,0
0.000976005,74.77788508,36.52028789,FALSE,-5.46,0.51,0
0.002339362,74.77767245,36.52165858,FALSE,-5.46,0.51,0
0.0011148,74.84229843,36.50519595,FALSE,-5.46,0.51,1
0.000901166,74.83719875,36.50522126,FALSE,-5.46,0.51,1
0.001618831,74.83704333,36.50381704,FALSE,-5.46,0.51,1
0.000413128,74.82917405,36.50346151,FALSE,-5.46,0.51,1
0.001795019,74.84487158,36.49850867,FALSE,-5.46,0.51,1
0.001720739,74.84528982,36.49823273,FALSE,-5.46,0.51,1
0.006776472,74.84113508,36.49841546,FALSE,-5.46,0.51,1
0.00076982,74.83896148,36.49991868,FALSE,-5.46,0.51,1
0.00048211,74.84106858,36.50054776,FALSE,-5.46,0.51,1
0.000824353,74.84232522,36.5005476,FALSE,-5.46,0.51,1
0.005502192,74.83866399,36.49662036,FALSE,-5.46,0.51,1
0.001374135,74.83760286,36.49672325,FALSE,-5.46,0.51,1
0.008797509,74.83480749,36.49534375,FALSE,-5.46,0.51,1
0.000547151,74.83404837,36.49648076,FALSE,-5.46,0.51,1
0.00079261,74.83372042,36.49633791,FALSE,-5.46,0.51,1
0.003790452,74.8334817,36.49685731,FALSE,-5.46,0.51,1
0.005992001,74.83076573,36.49423771,FALSE,-5.46,0.51,1
0.003540379,74.8319091,36.49317414,FALSE,-5.46,0.51,1
0.002257135,74.82673962,36.49395909,FALSE,-5.46,0.51,1
0.001063527,74.82729551,36.49614815,FALSE,-5.46,0.51,1
0.00056152,74.8234626,36.4946796,FALSE,-5.46,0.51,1
0.002633811,74.82051329,36.49267415,FALSE,-5.46,0.51,1
0.000529404,74.82148906,36.49263473,FALSE,-5.46,0.51,1
0.000589235,74.81928787,36.49343454,FALSE,-5.46,0.51,1
0.000912678,74.81898957,36.494019,FALSE,-5.46,0.51,1
0.001249289,74.82180953,36.49843447,FALSE,-5.46,0.51,1
0.006186013,74.81923064,36.50182287,FALSE,-5.46,0.51,1
0.003298268,74.82059977,36.50445152,FALSE,-5.46,0.51,1
0.004646706,74.81701866,36.50619285,FALSE,-5.46,0.51,1
0.003378042,74.81505782,36.50489763,FALSE,-5.46,0.51,1
0.004530129,74.81328505,36.50451347,FALSE,-5.46,0.51,1
0.000683222,74.80929199,36.50517086,FALSE,-5.46,0.51,1
0.01589648,74.80830589,36.50379036,FALSE,-5.46,0.51,1
0.001708563,74.80631101,36.49730423,FALSE,-5.46,0.51,1
0.001995684,74.79969126,36.4991056,FALSE,-5.46,0.51,1
0.000684919,74.80056074,36.49842139,FALSE,-5.46,0.51,1
0.003085529,74.79364674,36.50023884,FALSE,-5.46,0.51,0
0.002799842,74.79982757,36.50780633,FALSE,-5.46,0.51,1
0.00337068,74.79981955,36.50711341,FALSE,-5.46,0.51,1
0.000994084,74.79751801,36.5094264,FALSE,-5.46,0.51,1
0.004600343,74.79901804,36.51031144,FALSE,-5.46,0.51,1
0.002828202,74.79955865,36.5121833,FALSE,-5.46,0.51,1
0.006059136,74.80088984,36.51291276,FALSE,-5.46,0.51,1
0.001101891,74.7993395,36.51444507,FALSE,-5.46,0.51,1
0.0008772,74.80004103,36.51494535,FALSE,-5.46,0.51,1
0.004406953,74.80197845,36.51428346,FALSE,-5.46,0.51,1
0.003388009,74.79319767,36.51029204,FALSE,-5.46,0.51,0
0.005403043,74.79161831,36.50954755,FALSE,-5.46,0.51,0
0.001376214,74.79115735,36.51152815,FALSE,-5.46,0.51,0
0.002866193,74.78659834,36.51359061,FALSE,-5.46,0.51,0
0.005232067,74.78986971,36.51513792,FALSE,-5.46,0.51,0
0.00221393,74.78848659,36.5147199,FALSE,-5.46,0.51,0
0.001014324,74.78635043,36.51558367,FALSE,-5.46,0.51,0
0.001524198,74.78387339,36.51411318,FALSE,-5.46,0.51,0
0.001808706,74.78435916,36.51394909,FALSE,-5.46,0.51,0
0.004798561,74.7876,36.51780576,FALSE,-5.46,0.51,0
0.000939474,74.78655516,36.51797528,FALSE,-5.46,0.51,0
0.00832057,74.78831219,36.51901831,FALSE,-5.46,0.51,0
0.003408125,74.79131934,36.51940699,FALSE,-5.46,0.51,0
0.001979358,74.79030549,36.51986584,FALSE,-5.46,0.51,0
0.001374864,74.78550703,36.52131036,FALSE,-5.46,0.51,0
0.00061378,74.78766302,36.52102748,FALSE,-5.46,0.51,0
0.001275488,74.78562384,36.52007479,FALSE,-5.46,0.51,0
0.000866159,74.78648382,36.51961591,FALSE,-5.46,0.51,0
0.002626213,74.77852572,36.52375379,FALSE,-5.46,0.51,0
0.002812833,74.76591054,36.52765846,FALSE,-5.46,0.51,0
0.001027578,74.76390202,36.52780811,FALSE,-5.46,0.51,0
0.000656858,74.76459774,36.52777132,FALSE,-5.46,0.51,0
0.001075476,74.76519168,36.52764079,FALSE,-5.46,0.51,0
0.001051159,74.76725279,36.52781217,FALSE,-5.46,0.51,0
0.027819266,74.77704888,36.50594798,FALSE,-5.46,0.51,0
0.003023968,75.06031913,36.48798944,FALSE,-5.46,0.51,0
0.002719796,74.96476295,36.33679475,FALSE,-5.46,0.51,1
0.001230927,74.97646751,36.27953385,FALSE,-5.46,0.51,0
0.001120574,74.97425866,36.27566864,FALSE,-5.46,0.51,0
0.000350507,74.97316772,36.27518597,FALSE,-5.46,0.51,0
0.000384742,74.97155823,36.2629674,FALSE,-5.46,0.51,0
0.002029166,74.90648952,36.26696428,FALSE,-5.46,0.51,0
0.000842892,74.91112361,36.2641003,FALSE,-5.46,0.51,0
0.001357773,74.92641606,36.25952771,FALSE,-5.46,0.51,0
0.003115431,74.73810739,36.47530877,FALSE,-5.46,0.51,0
0.000987091,74.7406422,36.47362339,FALSE,-5.46,0.51,0
0.004271417,74.71509407,36.47730154,FALSE,-5.46,0.51,0
0.003675911,74.5243156,36.45351363,FALSE,-2.9,0.49,0
0.001394763,74.51518501,36.45529096,FALSE,-2.9,0.49,0
0.000267671,74.57867937,36.60943738,FALSE,-2.9,0.49,0
0.001020011,74.58223903,36.60792919,FALSE,-2.9,0.49,0
0.009038913,74.69179345,36.5268458,FALSE,-5.46,0.51,0
0.001513992,74.8539319,36.51351089,FALSE,-5.46,0.51,1
0.002295093,75.35305526,36.54833344,FALSE,-8.63,0.49,0
0.063785282,75.67914515,36.44411747,FALSE,-8.63,0.49,0
0.267906376,75.68572522,36.43938576,TRUE,-8.63,0.49,0
0.015444496,75.66437922,36.55525259,FALSE,-8.63,0.49,0
0.026519684,73.38152961,36.88544026,FALSE,-5.75,0.34,0
0.007673635,73.38684624,36.88452615,FALSE,-5.75,0.34,0
0.003372773,73.40130782,36.8752957,FALSE,-5.75,0.34,0
0.054843898,73.4030134,36.88076785,FALSE,-5.75,0.34,0
0.005824829,73.40904814,36.87934582,FALSE,-5.75,0.34,0
0.032598543,73.41147362,36.87985237,FALSE,-5.75,0.34,0
0.03961493,73.40699345,36.88790241,FALSE,-5.75,0.34,0
0.095922703,73.40840054,36.89213835,FALSE,-5.75,0.34,0
0.003608647,73.40553399,36.89380212,FALSE,-5.75,0.34,0
0.055710115,73.40378123,36.89576354,FALSE,-5.75,0.34,0
0.011901206,73.4159226,36.89615215,FALSE,-5.75,0.34,0
0.031975326,73.41924004,36.8993153,FALSE,-5.75,0.34,0
0.182647749,73.42822874,36.88551072,TRUE,-5.75,0.34,0
0.00464277,73.39259368,36.8674765,FALSE,-5.75,0.34,0
0.012300326,73.40047696,36.86697658,FALSE,-5.75,0.34,0
0.001864609,73.40594579,36.86637156,FALSE,-5.75,0.34,0
0.007436339,73.41240747,36.86623942,FALSE,-5.75,0.34,0
0.001004473,73.41108723,36.86483306,FALSE,-5.75,0.34,0
0.011006378,73.41535387,36.85966785,FALSE,-5.75,0.34,0
0.005042314,73.42198675,36.85921275,FALSE,-5.75,0.34,0
0.012464589,73.44922547,36.86167553,FALSE,-5.97,0.31,0
0.026488784,73.44636041,36.86015036,FALSE,-5.97,0.31,0
0.018741748,73.4501283,36.85913827,FALSE,-5.97,0.31,0
0.00344999,73.45203593,36.86040483,FALSE,-5.97,0.31,0
0.004319525,73.45118974,36.85671035,FALSE,-5.97,0.31,0
0.015111806,73.45264923,36.85582702,FALSE,-5.97,0.31,0
0.001968045,73.45979006,36.85186667,FALSE,-5.97,0.31,0
0.013766323,73.46405701,36.85431615,FALSE,-5.97,0.31,0
0.000628873,73.49398675,36.84769737,FALSE,-5.97,0.31,0
0.010405473,73.49633362,36.84689666,FALSE,-5.97,0.31,0
0.02147119,73.50316844,36.84402553,FALSE,-5.97,0.31,0
0.00149796,73.5008776,36.84347194,FALSE,-5.97,0.31,0
0.011667623,73.4981326,36.84698049,FALSE,-5.97,0.31,0
0.005933811,73.50096267,36.84461555,FALSE,-5.97,0.31,0
0.003467079,73.50760016,36.84038549,FALSE,-5.97,0.31,0
0.000686742,73.51079649,36.83829292,FALSE,-5.97,0.31,0
0.001515008,73.51335682,36.83762027,FALSE,-5.97,0.31,0
0.019466857,73.51613624,36.83601175,FALSE,-5.97,0.31,0
0.016417638,73.53453672,36.83201187,FALSE,-5.97,0.31,0
0.016870711,73.53732379,36.83103392,FALSE,-5.97,0.31,0
0.035705701,73.53812785,36.82853939,FALSE,-5.97,0.31,0
0.001698062,73.53692031,36.82628118,FALSE,-5.97,0.31,0
0.031448467,73.54372053,36.82693163,FALSE,-5.97,0.31,0
0.001450722,73.54933734,36.82684674,FALSE,-5.97,0.31,0
0.009797213,73.54028565,36.82256566,FALSE,-5.97,0.31,0
0.000821264,73.42219451,36.85808151,FALSE,-5.75,0.34,0
0.034328091,73.36355847,36.79597663,FALSE,-5.75,0.34,1
0.001078703,73.41821155,36.84253749,FALSE,-5.75,0.34,0
0.00308359,73.46072919,36.78084779,FALSE,-5.97,0.31,0
0.000843484,73.48942619,36.78984489,FALSE,-5.97,0.31,0
0.143538913,73.67294173,36.86787278,TRUE,-5.97,0.31,0
0.042919736,73.67448299,36.88151977,FALSE,-5.97,0.31,0
0.001057839,73.67682911,36.88085548,FALSE,-5.97,0.31,0
0.028368198,73.68546936,36.87836656,FALSE,-5.97,0.31,0
0.002872783,73.68728695,36.8782889,FALSE,-5.97,0.31,0
2.653523838,73.70412692,36.87936031,TRUE,-5.97,0.31,0
0.001826061,73.72315315,36.88311558,FALSE,-5.97,0.31,0
0.001789783,73.75183174,36.87951013,FALSE,-5.97,0.31,0
0.001433981,73.75599535,36.87835977,FALSE,-5.97,0.31,0
0.001974768,73.75733754,36.87806589,FALSE,-5.97,0.31,0
0.001492784,73.7615236,36.86939185,FALSE,-5.97,0.31,0
0.001988067,73.75532439,36.85940283,FALSE,-5.97,0.31,0
0.002179456,73.67697889,36.7642394,FALSE,-5.97,0.31,0
0.002150687,73.67843558,36.76180105,FALSE,-5.97,0.31,0
0.0011839,73.73676062,36.92668706,FALSE,-5.97,0.31,0
0.00028655,73.7355493,36.92620388,FALSE,-5.97,0.31,0
0.00160038,73.80085104,36.86327947,FALSE,-5.97,0.31,1
0.00108081,73.80251223,36.86293814,FALSE,-5.97,0.31,1
0.000218657,73.80299826,36.86274327,FALSE,-5.97,0.31,1
0.000324021,73.96193049,36.7765785,FALSE,-5.97,0.31,1
0.000964361,73.99714508,36.79273334,FALSE,-5.97,0.31,1
0.000285023,73.99049574,36.78703761,FALSE,-5.97,0.31,1
0.002512076,74.00196385,36.77691765,FALSE,-5.97,0.31,1
0.001980636,74.00003382,36.77103032,FALSE,-5.97,0.31,1
0.00044243,74.0531624,36.76866554,FALSE,-5.97,0.31,1
0.005847778,74.15788596,36.81257605,FALSE,-6.6,0.31,1
0.000669166,74.17898012,36.81724725,FALSE,-6.6,0.31,1
0.002344556,74.1767637,36.82381165,FALSE,-6.6,0.31,1
0.003107139,74.20600276,36.82643551,FALSE,-6.6,0.31,1
0.003335598,74.26622515,36.79602588,FALSE,-6.6,0.31,0
0.003152639,74.24891884,36.76625272,FALSE,-6.6,0.31,0
0.000443041,74.25736108,36.73428845,FALSE,-2.9,0.49,0
0.000541625,73.90368702,36.63362262,FALSE,-0.87,0.45,1
0.000531682,73.88534772,36.60813122,FALSE,-0.87,0.45,1
0.050311767,73.88278196,36.60801723,FALSE,-0.87,0.45,1
0.023287281,73.86176478,36.60077719,FALSE,-0.87,0.45,1
0.020493153,73.72946707,36.67631685,FALSE,-0.87,0.45,0
0.001778009,73.72899266,36.67457803,FALSE,-0.87,0.45,0
0.000298444,73.72715137,36.67307963,FALSE,-0.87,0.45,0
0.001058161,73.6727709,36.62997119,FALSE,-0.87,0.45,0
0.006998502,73.66265212,36.6495663,FALSE,-0.87,0.45,0
1.062369028,73.64614996,36.64406672,TRUE,-0.87,0.45,0
0.163888141,73.40619888,36.64235016,TRUE,-2.91,0.48,0
0.021904701,73.59535377,36.5614082,FALSE,-0.87,0.45,0
0.015564961,73.59075093,36.52368331,FALSE,-0.87,0.45,0
0.040420148,73.47365979,36.6231336,FALSE,-0.87,0.45,0
0.023807244,73.98744043,36.89085054,FALSE,-5.97,0.31,0
0.000842825,73.99119174,36.88563732,FALSE,-5.97,0.31,0
0.005899805,73.95559886,36.85641834,FALSE,-5.97,0.31,0
0.002531286,73.69318588,36.5961389,FALSE,-0.87,0.45,0
0.000195231,73.6896536,36.59245935,FALSE,-0.87,0.45,0
0.001939476,73.49890142,36.59877046,FALSE,-0.87,0.45,0
0.001079217,73.49827811,36.59792844,FALSE,-0.87,0.45,0
0.000628657,73.49774341,36.59728207,FALSE,-0.87,0.45,0
0.001451548,73.72134794,36.8735406,FALSE,-5.97,0.31,0
0.000406412,73.35358384,36.8608044,FALSE,-5.75,0.34,0
0.000431469,73.34852465,36.83631343,FALSE,-5.75,0.34,0
0.000417139,73.37460006,36.86246367,FALSE,-5.75,0.34,0
0.003063411,73.41916059,36.92189965,FALSE,-5.75,0.34,0
0.024920818,73.41941336,36.82538945,FALSE,-5.75,0.34,0
0.00028006,73.54417471,36.91286145,FALSE,-5.97,0.31,0
0.000744372,73.62218913,36.66167418,FALSE,-0.87,0.45,0
0.01281602,73.62140916,36.66063335,FALSE,-0.87,0.45,0
0.007018443,73.70505072,36.8104692,FALSE,-5.97,0.31,0
0.000409894,73.70645264,36.62297349,FALSE,-0.87,0.45,0
0.000221261,73.70636595,36.62270562,FALSE,-0.87,0.45,0
0.000428797,73.73150292,36.6680481,FALSE,-0.87,0.45,0
0.000785375,73.73177771,36.67028927,FALSE,-0.87,0.45,0
0.000191182,73.73248388,36.67126275,FALSE,-0.87,0.45,0
0.000447618,73.73076552,36.67317556,FALSE,-0.87,0.45,0
0.000238951,73.73067778,36.67256844,FALSE,-0.87,0.45,0
0.00051121,73.73720667,36.67898454,FALSE,-0.87,0.45,0
0.000140036,73.73598056,36.67925727,FALSE,-0.87,0.45,0
0.03821956,73.75027995,36.62968086,FALSE,-0.87,0.45,0
0.000965733,73.79653852,36.63249342,FALSE,-0.87,0.45,0
0.003215389,73.90053737,36.61349088,FALSE,-0.87,0.45,1
0.001070239,73.9138368,36.64697132,FALSE,-0.87,0.45,1
0.00071551,73.71594047,36.81091286,FALSE,-5.97,0.31,0
0.000651471,73.72641738,36.80711741,FALSE,-5.97,0.31,0
0.009171933,73.66920218,36.603229,FALSE,-0.87,0.45,0
0.000629175,73.68908471,36.59267079,FALSE,-0.87,0.45,0
0.001100684,73.68894739,36.59206155,FALSE,-0.87,0.45,0
0.000750896,73.69669362,36.61989695,FALSE,-0.87,0.45,0
0.000989233,73.99502103,36.79573802,FALSE,-5.97,0.31,1
0.000468192,74.03062981,36.88665205,FALSE,-5.97,0.31,0
0.002278453,74.06608054,36.7612632,FALSE,-6.6,0.31,1
0.002951746,74.12095067,36.80468118,FALSE,-6.6,0.31,1
0.002012105,74.11655467,36.80100296,FALSE,-6.6,0.31,1
0.000854328,74.11308283,36.80282276,FALSE,-6.6,0.31,1
0.000143854,74.20510677,36.8044009,FALSE,-6.6,0.31,1
0.000385645,74.20477781,36.80436313,FALSE,-6.6,0.31,1
0.001488527,74.20733944,36.80248606,FALSE,-6.6,0.31,1
0.000130926,74.20721488,36.80162524,FALSE,-6.6,0.31,1
0.000388537,74.28238155,36.8737963,FALSE,-6.6,0.31,0
0.000313897,74.27891782,36.8750126,FALSE,-6.6,0.31,0
0.000364053,74.25265732,36.72686385,FALSE,-2.9,0.49,0
0.003387973,74.26936766,36.74620955,FALSE,-2.9,0.49,0
0.00041139,74.2578692,36.70720561,FALSE,-2.9,0.49,0
0.000868129,73.9196765,36.83881288,FALSE,-5.97,0.31,1
0.001131333,73.90955725,36.8392858,FALSE,-5.97,0.31,1
0.000180014,73.90688986,36.83912503,FALSE,-5.97,0.31,1
0.000210322,73.9158434,36.84009738,FALSE,-5.97,0.31,1
0.000306506,73.90280401,36.8475943,FALSE,-5.97,0.31,1
0.001983795,73.90192052,36.84760638,FALSE,-5.97,0.31,1
0.00016416,73.90231857,36.84735988,FALSE,-5.97,0.31,1
0.000144194,73.90168513,36.84737273,FALSE,-5.97,0.31,1
5.71E-05,73.90191047,36.84733493,FALSE,-5.97,0.31,1
0.000438623,73.90505149,36.84679533,FALSE,-5.97,0.31,1
1.56E-05,73.90459878,36.84681128,FALSE,-5.97,0.31,1
0.000997621,73.79141119,36.85431324,FALSE,-5.97,0.31,1
0.002848887,73.78967003,36.91024086,FALSE,-5.97,0.31,0
0.000497698,73.79433946,36.9126839,FALSE,-5.97,0.31,0
0.000437322,73.48030099,36.52753004,FALSE,-0.87,0.45,0
0.005982705,73.60189636,36.66585958,FALSE,-0.87,0.45,0
0.000270372,73.61295909,36.58367955,FALSE,-0.87,0.45,0
0.003293794,73.61686525,36.58058647,FALSE,-0.87,0.45,0
0.000403482,73.7851577,36.68151575,FALSE,-0.87,0.45,0
0.00014196,73.79972597,36.67245284,FALSE,-0.87,0.45,0
0.001620635,73.79935023,36.67180545,FALSE,-0.87,0.45,0
0.0002053,74.14079707,36.70928818,FALSE,-2.9,0.49,0
0.001575553,74.14084946,36.70987721,FALSE,-2.9,0.49,0
0.008695929,75.85466946,36.22914308,FALSE,-9.14,0.75,0
0.002739936,75.81019797,36.28698402,FALSE,-8.63,0.49,0
0.000658426,75.81117788,36.28691509,FALSE,-8.63,0.49,0
0.001405612,75.81198935,36.28603372,FALSE,-8.63,0.49,0
0.002604628,75.81171641,36.28654602,FALSE,-8.63,0.49,0
0.000574889,75.81155889,36.28774719,FALSE,-8.63,0.49,0
0.000238877,75.81208318,36.28565671,FALSE,-8.63,0.49,0
0.003764956,75.81294697,36.28583978,FALSE,-8.63,0.49,0
0.0003236,75.80817481,36.28608083,FALSE,-8.63,0.49,0
0.000126264,75.81142628,36.28496622,FALSE,-8.63,0.49,0
0.000306753,75.81385092,36.28555268,FALSE,-8.63,0.49,0
0.000574835,75.81491176,36.28539969,FALSE,-8.63,0.49,0
0.000333824,75.81479049,36.2851673,FALSE,-8.63,0.49,0
0.000455271,75.81329141,36.28449568,FALSE,-8.63,0.49,0
0.001239281,75.81383582,36.28247608,FALSE,-8.63,0.49,0
0.00061818,75.81553625,36.28216532,FALSE,-8.63,0.49,0
0.000572933,75.81408048,36.28427852,FALSE,-8.63,0.49,0
0.000242284,75.81463932,36.28425753,FALSE,-8.63,0.49,0
7.82E-05,75.81599997,36.28154295,FALSE,-8.63,0.49,0
0.000329453,75.81375783,36.28130498,FALSE,-8.63,0.49,0
0.00114428,75.81495446,36.28048426,FALSE,-8.63,0.49,0
0.000179258,75.81505414,36.27973483,FALSE,-8.63,0.49,0
0.003376773,75.81534218,36.27898041,FALSE,-8.63,0.49,0
8.21E-05,75.81301369,36.27888521,FALSE,-8.63,0.49,0
0.000519774,75.81644801,36.27758882,FALSE,-8.63,0.49,0
0.000560919,75.81824062,36.27779981,FALSE,-8.63,0.49,0
0.000800381,75.81862752,36.27504076,FALSE,-8.63,0.49,0
0.000219736,75.81902484,36.27493263,FALSE,-8.63,0.49,0
8.47E-05,75.8192122,36.27502859,FALSE,-8.63,0.49,0
0.001211866,75.8186856,36.27449198,FALSE,-8.63,0.49,0
0.001177175,75.82031727,36.27379826,FALSE,-8.63,0.49,0
0.006310878,75.82364979,36.2715816,FALSE,-8.63,0.49,0
0.001191254,75.82511491,36.27042928,FALSE,-8.63,0.49,0
0.000294386,75.80375693,36.27881346,FALSE,-8.63,0.49,0
0.00017282,75.80486853,36.27852869,FALSE,-8.63,0.49,0
0.000594631,75.80171674,36.27771966,FALSE,-8.63,0.49,0
0.000896947,75.80223785,36.27566522,FALSE,-8.63,0.49,0
0.000596768,75.80763803,36.27554124,FALSE,-8.63,0.49,0
0.000221676,75.80877645,36.27402721,FALSE,-8.63,0.49,0
9.57E-05,75.80922448,36.27348742,FALSE,-8.63,0.49,0
0.000324335,75.8092046,36.2724759,FALSE,-8.63,0.49,0
6.92E-05,75.80850032,36.27412447,FALSE,-8.63,0.49,0
0.000160745,75.81179957,36.26961415,FALSE,-8.63,0.49,0
0.000551962,75.81486934,36.27226841,FALSE,-8.63,0.49,0
0.000692957,75.81601015,36.27336008,FALSE,-8.63,0.49,0
0.00011567,75.81809577,36.27142255,FALSE,-8.63,0.49,0
0.000366573,75.82515563,36.26942176,FALSE,-8.63,0.49,0
0.000912692,75.82557883,36.26908581,FALSE,-8.63,0.49,0
0.000383596,75.82622648,36.26902094,FALSE,-8.63,0.49,0
0.000416324,75.82712366,36.26801742,FALSE,-8.63,0.49,0
0.000456058,75.82087481,36.26600645,FALSE,-8.63,0.49,0
0.000919011,75.82093215,36.26553305,FALSE,-8.63,0.49,0
8.23E-05,75.82046592,36.26544395,FALSE,-8.63,0.49,0
0.000314443,75.81286567,36.26877318,FALSE,-8.63,0.49,0
0.000272159,75.81339253,36.26876381,FALSE,-8.63,0.49,0
9.03E-06,75.80988339,36.27050662,FALSE,-8.63,0.49,0
0.000165639,75.81249842,36.26784927,FALSE,-8.63,0.49,0
0.000232288,75.81545732,36.27082124,FALSE,-8.63,0.49,0
0.000169357,75.81788635,36.27188621,FALSE,-8.63,0.49,0
4.98E-05,75.81735788,36.27299924,FALSE,-8.63,0.49,0
6.31E-05,75.81998305,36.27203515,FALSE,-8.63,0.49,0
0.000142469,75.81980575,36.27241829,FALSE,-8.63,0.49,0
8.35E-05,75.82211232,36.27289998,FALSE,-8.63,0.49,0
6.08E-05,75.81678316,36.27808695,FALSE,-8.63,0.49,0
0.000196517,75.82698923,36.26482854,FALSE,-8.63,0.49,0
0.000262075,75.82708513,36.2646221,FALSE,-8.63,0.49,0
0.000914229,75.82952153,36.26372867,FALSE,-8.63,0.49,0
5.57E-05,75.82946754,36.26346313,FALSE,-8.63,0.49,0
0.000239017,75.82967718,36.26337399,FALSE,-8.63,0.49,0
0.000616419,75.82006219,36.26116881,FALSE,-8.63,0.49,0
0.000104526,75.82253218,36.26050456,FALSE,-8.63,0.49,0
0.000534401,75.82434797,36.25758575,FALSE,-8.63,0.49,0
8.75E-05,75.82292267,36.25728014,FALSE,-8.63,0.49,0
0.000479224,75.82903353,36.25938481,FALSE,-8.63,0.49,0
4.27E-05,75.82920902,36.26336855,FALSE,-8.63,0.49,0
7.86E-05,75.82988789,36.26287418,FALSE,-8.63,0.49,0
0.000275113,75.82631274,36.25461026,FALSE,-8.63,0.49,0
0.00045718,75.82780592,36.25328612,FALSE,-8.63,0.49,0
0.00131761,75.752546,36.24851565,FALSE,-9.14,0.75,0
0.000932985,75.74717864,36.23694677,FALSE,-9.14,0.75,0
0.000192578,75.83614388,36.25502913,FALSE,-8.63,0.49,0
5.57E-05,75.83544193,36.25477987,FALSE,-8.63,0.49,0
0.00062234,75.83225543,36.25117617,FALSE,-8.63,0.49,0
0.000185948,75.83373791,36.25027629,FALSE,-8.63,0.49,0
0.001521359,75.8373693,36.25038772,FALSE,-8.63,0.49,0
0.000296188,75.83784288,36.25079538,FALSE,-8.63,0.49,0
0.000264568,75.82718282,36.24848353,FALSE,-9.14,0.75,0
0.000660646,75.82837982,36.24761503,FALSE,-9.14,0.75,0
0.00051185,75.82894866,36.24687806,FALSE,-9.14,0.75,0
0.000395033,75.82964466,36.24683133,FALSE,-9.14,0.75,0
0.000281775,75.83778318,36.24612993,FALSE,-9.14,0.75,0
5.32E-05,75.83825501,36.24535918,FALSE,-9.14,0.75,0
0.00119703,75.837344,36.24482169,FALSE,-9.14,0.75,0
0.000147519,75.84266024,36.2420025,FALSE,-9.14,0.75,0
0.000212082,75.84360752,36.24186049,FALSE,-9.14,0.75,0
0.000238224,75.8443611,36.23970344,FALSE,-9.14,0.75,0
0.000119697,75.84557609,36.23953342,FALSE,-9.14,0.75,0
0.001155191,75.83248811,36.23950962,FALSE,-9.14,0.75,0
0.000381818,75.83520561,36.2380511,FALSE,-9.14,0.75,0
0.000233809,75.84479666,36.22259217,FALSE,-9.14,0.75,0
0.000392458,75.83745776,36.22931987,FALSE,-9.14,0.75,0
0.000218784,75.83703716,36.22914039,FALSE,-9.14,0.75,0
0.000193583,75.83630188,36.22943605,FALSE,-9.14,0.75,0
0.000421879,75.8453383,36.22101845,FALSE,-9.14,0.75,0
0.000140834,75.84999989,36.22174457,FALSE,-9.14,0.75,0
0.000264942,75.85220363,36.2260236,FALSE,-9.14,0.75,0
0.000490921,75.85581654,36.22541628,FALSE,-9.14,0.75,0
0.00025887,75.8554469,36.22517441,FALSE,-9.14,0.75,0
0.002182841,75.84947406,36.21292139,FALSE,-9.14,0.75,0
0.000188838,75.84969134,36.21142095,FALSE,-9.14,0.75,0
0.000122366,75.85003626,36.21133981,FALSE,-9.14,0.75,0
0.000145605,75.84954103,36.21189535,FALSE,-9.14,0.75,0
0.001344383,75.86467041,36.2151139,FALSE,-9.14,0.75,0
0.000847013,75.86107424,36.22006881,FALSE,-9.14,0.75,0
0.000411086,75.86759194,36.20694947,FALSE,-9.14,0.75,0
9.78E-05,75.8674637,36.20535766,FALSE,-9.14,0.75,0
7.68E-05,75.86795749,36.20461656,FALSE,-9.14,0.75,0
0.000270429,75.86760451,36.20414756,FALSE,-9.14,0.75,0
0.000606547,75.8697356,36.20260195,FALSE,-9.14,0.75,0
0.000133985,75.86978766,36.20204508,FALSE,-9.14,0.75,0
0.000325745,75.86813717,36.20223522,FALSE,-9.14,0.75,0
0.000194544,75.87002387,36.19985365,FALSE,-9.14,0.75,0
0.000751713,75.82767786,36.21297206,FALSE,-9.14,0.75,0
0.001351835,75.76286483,36.21366337,FALSE,-9.14,0.75,0
0.000106088,75.76743012,36.21140631,FALSE,-9.14,0.75,0
0.004433482,75.73010703,36.26718509,FALSE,-8.63,0.49,0
0.001132768,75.73923055,36.27086622,FALSE,-8.63,0.49,0
0.000141096,75.89333886,36.21492767,FALSE,-9.14,0.75,0
0.0002251,75.89104323,36.21890965,FALSE,-9.14,0.75,0
0.000228322,75.89069408,36.22050468,FALSE,-9.14,0.75,0
0.000106595,75.89554344,36.21207953,FALSE,-9.14,0.75,0
0.000228328,75.86038929,36.19678848,FALSE,-9.14,0.75,0
0.000353615,75.85676296,36.2187688,FALSE,-9.14,0.75,0
0.000465665,75.85905001,36.22125694,FALSE,-9.14,0.75,0
0.000190249,75.85800348,36.22239683,FALSE,-9.14,0.75,0
0.000265612,75.85706412,36.22491515,FALSE,-9.14,0.75,0
0.00098327,75.83852665,36.22975269,FALSE,-9.14,0.75,0
0.000247847,75.83727284,36.23108113,FALSE,-9.14,0.75,0
0.00137313,75.83769697,36.23187283,FALSE,-9.14,0.75,0
8.31E-05,75.83721863,36.23177234,FALSE,-9.14,0.75,0
0.000350428,75.83292741,36.23691938,FALSE,-9.14,0.75,0
0.000902259,75.83643599,36.23707222,FALSE,-9.14,0.75,0
0.00030472,75.83366926,36.23579152,FALSE,-9.14,0.75,0
0.000471612,75.84246698,36.23707999,FALSE,-9.14,0.75,0
0.000182443,75.84690489,36.23345786,FALSE,-9.14,0.75,0
7.60E-05,75.84723065,36.23336778,FALSE,-9.14,0.75,0
0.000340455,75.84743874,36.23284932,FALSE,-9.14,0.75,0
4.97E-05,75.85146864,36.2319321,FALSE,-9.14,0.75,0
0.000122266,75.85167106,36.23276991,FALSE,-9.14,0.75,0
0.000180433,75.847783,36.23019541,FALSE,-9.14,0.75,0
4.79E-05,75.84598995,36.23287978,FALSE,-9.14,0.75,0
0.001000227,75.83278857,36.24106864,FALSE,-9.14,0.75,0
0.000135222,75.83437607,36.24514469,FALSE,-9.14,0.75,0
6.11E-05,75.83796351,36.23996528,FALSE,-9.14,0.75,0
0.002585214,75.72821555,36.30631776,FALSE,-8.63,0.49,0
0.001812452,75.74246164,36.30818467,FALSE,-8.63,0.49,0
0.000144395,75.76114085,36.25076915,FALSE,-8.63,0.49,0
0.000109922,75.7613811,36.25118234,FALSE,-8.63,0.49,0
0.00028057,75.75901868,36.2512634,FALSE,-8.63,0.49,0
0.000249349,75.75857729,36.25136912,FALSE,-8.63,0.49,0
0.000663124,75.76129175,36.25686257,FALSE,-8.63,0.49,0
0.000200202,75.76202659,36.25759441,FALSE,-8.63,0.49,0
0.000115437,75.76276157,36.25776203,FALSE,-8.63,0.49,0
0.000204388,75.76616263,36.26013974,FALSE,-8.63,0.49,0
4.73E-05,75.76715878,36.26007783,FALSE,-8.63,0.49,0
0.000376445,75.76851953,36.26051875,FALSE,-8.63,0.49,0
0.000210631,75.76781783,36.26093256,FALSE,-8.63,0.49,0
0.00080534,75.76741585,36.26099251,FALSE,-8.63,0.49,0
0.000203138,75.76873098,36.26144948,FALSE,-8.63,0.49,0
0.000153462,75.77269117,36.26260306,FALSE,-8.63,0.49,0
6.11E-05,75.77298827,36.26275085,FALSE,-8.63,0.49,0
0.000102401,75.77180605,36.26230462,FALSE,-8.63,0.49,0
0.000265299,75.77122796,36.26197776,FALSE,-8.63,0.49,0
8.80E-05,75.77139672,36.26214668,FALSE,-8.63,0.49,0
0.004108122,75.80330672,36.27569195,FALSE,-8.63,0.49,0
0.000665484,75.80436339,36.27770802,FALSE,-8.63,0.49,0
0.000148595,75.80423268,36.27809849,FALSE,-8.63,0.49,0
0.061531577,75.81161804,36.27289823,FALSE,-8.63,0.49,0
0.009758171,75.8174424,36.26778209,FALSE,-8.63,0.49,0
0.008846983,75.82110789,36.26761147,FALSE,-8.63,0.49,0
0.000246549,75.82051155,36.26471741,FALSE,-8.63,0.49,0
0.010888983,75.82098969,36.26329273,FALSE,-8.63,0.49,0
0.001281714,75.82339649,36.26640017,FALSE,-8.63,0.49,0
0.001119271,75.8257488,36.26491129,FALSE,-8.63,0.49,0
0.00016966,75.83149593,36.26156876,FALSE,-8.63,0.49,0
0.002929711,75.82674394,36.25505579,FALSE,-8.63,0.49,0
0.000135424,75.82598675,36.24880288,FALSE,-9.14,0.75,0
7.91E-05,75.82708119,36.24833554,FALSE,-9.14,0.75,0
0.00016856,75.83183949,36.23615339,FALSE,-9.14,0.75,0
0.000210931,75.812416,36.28781409,FALSE,-8.63,0.49,0
0.000155945,75.81505186,36.2842935,FALSE,-8.63,0.49,0
0.003972196,75.81884448,36.27691364,FALSE,-8.63,0.49,0
0.002828815,75.81979502,36.27425084,FALSE,-8.63,0.49,0
0.001706214,75.82097833,36.2746146,FALSE,-8.63,0.49,0
0.000153023,75.82046094,36.27429487,FALSE,-8.63,0.49,0
0.002151415,75.82143796,36.27335934,FALSE,-8.63,0.49,0
0.01118287,75.83896087,36.24879075,FALSE,-9.14,0.75,0
0.001030107,75.83582334,36.24532357,FALSE,-9.14,0.75,0
0.004556931,75.83086287,36.23847185,FALSE,-9.14,0.75,0
0.001811705,75.83254388,36.23857554,FALSE,-9.14,0.75,0
0.003962425,75.83230021,36.23517402,FALSE,-9.14,0.75,0
0.002031556,75.83619456,36.23558026,FALSE,-9.14,0.75,0
0.006216132,75.84407588,36.22306439,FALSE,-9.14,0.75,0
0.000993255,75.85005897,36.21080111,FALSE,-9.14,0.75,0
0.000422905,75.84839976,36.21293122,FALSE,-9.14,0.75,0
0.000137743,75.87065382,36.19439275,FALSE,-9.14,0.75,0
0.001077905,75.87077115,36.19328441,FALSE,-9.14,0.75,0
0.000296237,75.87055693,36.19364986,FALSE,-9.14,0.75,0
0.000906613,75.86937856,36.19670902,FALSE,-9.14,0.75,0
0.000173294,75.87073144,36.19567957,FALSE,-9.14,0.75,0
0.005959142,75.87062524,36.19747078,FALSE,-9.14,0.75,0
0.001273489,75.87012752,36.19860353,FALSE,-9.14,0.75,0
0.003563331,75.86965987,36.20116489,FALSE,-9.14,0.75,0
0.005453679,75.86847325,36.20452574,FALSE,-9.14,0.75,0
0.000846125,75.86370124,36.20871288,FALSE,-9.14,0.75,0
0.000194013,75.86490978,36.20829507,FALSE,-9.14,0.75,0
0.000525938,75.86015523,36.22094899,FALSE,-9.14,0.75,0
7.10E-05,75.84461874,36.24070875,FALSE,-9.14,0.75,0
0.001399912,75.84413591,36.24130678,FALSE,-9.14,0.75,0
0.001895898,75.84117057,36.24597211,FALSE,-9.14,0.75,0
8.47E-05,75.75700521,36.22601171,FALSE,-9.14,0.75,0
0.00086918,75.75744207,36.22617125,FALSE,-9.14,0.75,0
0.000685741,75.7572418,36.22573754,FALSE,-9.14,0.75,0
0.000657005,75.74755235,36.23663165,FALSE,-9.14,0.75,0
0.000725389,75.92585425,36.29318215,FALSE,-8.63,0.49,0
0.000223364,75.92556318,36.29294673,FALSE,-8.63,0.49,0
0.002050283,75.9246833,36.29385315,FALSE,-8.63,0.49,0
0.000248697,75.82148967,36.27515688,FALSE,-8.63,0.49,0
0.000176081,75.81219765,36.27715249,FALSE,-8.63,0.49,0
0.000167554,75.81330429,36.27620251,FALSE,-8.63,0.49,0
0.000245158,75.80936459,36.27972354,FALSE,-8.63,0.49,0
0.000103764,75.80947114,36.27896485,FALSE,-8.63,0.49,0
7.51E-05,75.8096782,36.27940792,FALSE,-8.63,0.49,0
0.000207647,75.8117701,36.28003219,FALSE,-8.63,0.49,0
7.88E-05,75.81204429,36.27972041,FALSE,-8.63,0.49,0
0.000303016,75.80463118,36.28096431,FALSE,-8.63,0.49,0
0.000144845,75.81663828,36.2787816,FALSE,-8.63,0.49,0
0.001031935,75.82557764,36.26754473,FALSE,-8.63,0.49,0
0.000124219,75.82549159,36.26779443,FALSE,-8.63,0.49,0
0.000178161,75.82584433,36.26790906,FALSE,-8.63,0.49,0
0.016694461,74.06498487,35.86411373,FALSE,1.74,0.72,0
0.001984153,74.04303546,35.8460585,FALSE,1.01,0.65,0
0.000274585,74.04264237,35.84517572,FALSE,1.01,0.65,0
0.000434707,74.04305427,35.84505583,FALSE,1.01,0.65,0
0.000270724,74.04283615,35.84374959,FALSE,1.01,0.65,0
0.000259979,74.04247132,35.84342385,FALSE,1.01,0.65,0
0.001216816,74.05961616,35.84571302,FALSE,1.01,0.65,0
0.000243423,74.06049061,35.84553943,FALSE,1.01,0.65,0
0.000119286,74.05947493,35.84463365,FALSE,1.01,0.65,0
0.000751254,74.04799221,35.8323087,FALSE,1.01,0.65,0
0.000460135,74.06122662,35.82015047,FALSE,1.01,0.65,0
0.00036934,74.061435,35.81875227,FALSE,1.01,0.65,0
0.007056865,74.06688698,35.81928552,FALSE,1.74,0.72,0
0.006049686,74.07073384,35.81631541,FALSE,1.74,0.72,0
0.02122062,74.07332581,35.81371447,FALSE,1.74,0.72,0
0.176735543,74.083048,35.81720452,TRUE,1.74,0.72,0
0.009679914,74.06265347,35.81057433,FALSE,1.74,0.72,0
0.005487296,74.08170036,35.80193419,FALSE,1.74,0.72,0
0.003892481,74.08045276,35.79490593,FALSE,1.74,0.72,0
0.006599172,74.1011025,35.78556391,FALSE,1.74,0.72,0
0.001838578,74.09649613,35.78544886,FALSE,1.74,0.72,0
0.001110202,74.0873797,35.79406992,FALSE,1.74,0.72,0
0.043864826,74.08450076,35.79285149,FALSE,1.74,0.72,0
0.00181004,74.08124086,35.78419296,FALSE,1.74,0.72,0
0.000796522,74.08525764,35.78109142,FALSE,1.74,0.72,0
0.000512959,74.08443878,35.78031763,FALSE,1.74,0.72,0
0.000631684,74.07556478,35.781366,FALSE,1.74,0.72,0
0.001026752,74.08233385,35.80576556,FALSE,1.74,0.72,0
0.00085812,74.06901672,35.76001409,FALSE,1.74,0.72,0
0.001493824,74.06938387,35.76066465,FALSE,1.74,0.72,0
0.014702043,74.06929952,35.7573146,FALSE,1.74,0.72,0
0.00907595,74.0801885,35.75628499,FALSE,1.74,0.72,0
0.000660149,74.0730461,35.74960308,FALSE,5.99,1.02,0
0.000374393,74.07394324,35.74959123,FALSE,5.99,1.02,0
0.0044608,74.07338013,35.74901592,FALSE,5.99,1.02,0
0.003507403,74.08726806,35.72384157,FALSE,5.99,1.02,0
0.043179172,74.09030696,35.72601237,FALSE,5.99,1.02,0
0.002563527,74.09771468,35.71871264,FALSE,5.99,1.02,0
0.014804461,74.09613053,35.71774464,FALSE,5.99,1.02,0
0.005154853,74.09256923,35.71574893,FALSE,5.99,1.02,0
0.000812505,74.09187322,35.71573569,FALSE,5.99,1.02,0
0.001184248,74.10161651,35.7291479,FALSE,5.99,1.02,0
0.002452498,74.10080661,35.72890352,FALSE,5.99,1.02,0
0.000516758,74.10231176,35.728663,FALSE,5.99,1.02,0
0.004815052,74.1224322,35.7270407,FALSE,5.99,1.02,0
0.000682764,74.12776795,35.73819249,FALSE,5.99,1.02,0
0.000427374,74.12853912,35.73845227,FALSE,5.99,1.02,0
0.047628827,74.12626249,35.74072081,FALSE,5.99,1.02,0
0.000287182,74.11930218,35.7443438,FALSE,5.99,1.02,0
0.000710414,74.11553589,35.74405819,FALSE,5.99,1.02,0
0.030988203,74.11849678,35.74733445,FALSE,5.99,1.02,0
0.02901421,74.1484425,35.76414906,FALSE,1.74,0.72,0
0.011947545,74.14576689,35.77420123,FALSE,1.74,0.72,0
0.014187553,74.14207377,35.77161954,FALSE,1.74,0.72,0
0.023746058,74.16127365,35.78007981,FALSE,1.74,0.72,0
0.054508622,74.14382776,35.78705188,FALSE,1.74,0.72,0
0.000578958,74.14374828,35.78550803,FALSE,1.74,0.72,0
0.000245281,74.14151877,35.78936928,FALSE,1.74,0.72,0
0.002470137,74.14883927,35.79430512,FALSE,1.74,0.72,0
0.001466396,74.11781822,35.79681348,FALSE,1.74,0.72,0
0.000990317,74.11783063,35.79722389,FALSE,1.74,0.72,0
0.000804868,74.11970551,35.79646933,FALSE,1.74,0.72,0
0.000918142,74.1181727,35.79922221,FALSE,1.74,0.72,0
0.000606528,74.12188959,35.79993381,FALSE,1.74,0.72,0
0.000559932,74.12215617,35.80058885,FALSE,1.74,0.72,0
0.00215778,74.13132754,35.80327361,FALSE,1.74,0.72,0
0.000894977,74.14274065,35.88697239,FALSE,1.74,0.72,0
0.000944508,74.14333438,35.886951,FALSE,1.74,0.72,0
0.001376968,74.14170418,35.88870328,FALSE,1.74,0.72,0
0.03541405,74.11280525,35.87855151,FALSE,1.74,0.72,0
0.068162215,74.09959752,35.84477937,FALSE,1.74,0.72,0
0.026556978,74.10559804,35.83682123,FALSE,1.74,0.72,0
0.037195626,74.08609659,35.82735661,FALSE,1.74,0.72,0
0.003503025,74.07815944,35.82323356,FALSE,1.74,0.72,0
0.004555348,74.07183495,35.82159719,FALSE,1.74,0.72,0
0.000726887,74.07122692,35.82412245,FALSE,1.74,0.72,0
0.07972814,74.10765137,35.826585,FALSE,1.74,0.72,0
0.000883731,74.16901926,35.65687776,FALSE,5.99,1.02,0
0.005720514,74.17057092,35.65419957,FALSE,5.99,1.02,0
0.034604571,74.20675,35.66893035,FALSE,5.99,1.02,0
0.01949087,74.21148864,35.67584312,FALSE,5.99,1.02,0
0.04462275,74.22635894,35.6903542,FALSE,5.99,1.02,0
0.057692735,74.23173933,35.69096635,FALSE,5.99,1.02,0
0.000277816,74.2272615,35.68632844,FALSE,5.99,1.02,0
0.002991432,74.22652229,35.68593419,FALSE,5.99,1.02,0
0.137828738,74.22977957,35.6862745,TRUE,5.99,1.02,0
0.003381399,74.24153159,35.66409485,FALSE,5.99,1.02,0
0.00198973,74.2418317,35.66437252,FALSE,5.99,1.02,0
0.002025786,74.24253538,35.66460997,FALSE,5.99,1.02,0
0.000330118,74.24247959,35.66501306,FALSE,5.99,1.02,0
0.000182579,74.24230238,35.66492808,FALSE,5.99,1.02,0
0.001464707,74.24280419,35.66516408,FALSE,5.99,1.02,0
0.000258292,74.24277233,35.66488584,FALSE,5.99,1.02,0
0.000627856,74.24295771,35.66539788,FALSE,5.99,1.02,0
0.000248836,74.24415542,35.66507299,FALSE,5.99,1.02,0
0.002472431,74.25288149,35.67145445,FALSE,5.99,1.02,0
0.000234469,74.24801621,35.66944428,FALSE,5.99,1.02,0
0.014389696,74.24214195,35.70292625,FALSE,5.99,1.02,0
0.16407359,74.24304316,35.70703099,TRUE,5.99,1.02,0
0.000215494,74.24245515,35.71065304,FALSE,5.99,1.02,0
0.000684202,74.24263716,35.71103489,FALSE,5.99,1.02,0
0.047075255,74.23906168,35.71244606,FALSE,5.99,1.02,0
0.003342988,74.23863522,35.71522805,FALSE,5.99,1.02,0
0.009867356,74.25891,35.7112304,FALSE,5.99,1.02,0
0.002776523,74.25847539,35.71546636,FALSE,5.99,1.02,0
0.107459074,74.25536028,35.72185016,FALSE,5.99,1.02,0
0.034937999,74.28866124,35.73114048,FALSE,5.99,1.02,0
0.03340005,74.18859204,35.68583473,FALSE,5.99,1.02,0
0.018987941,74.16972304,35.69716914,FALSE,5.99,1.02,0
0.001027005,74.17068407,35.70040003,FALSE,5.99,1.02,0
0.002381205,74.17320591,35.70666901,FALSE,5.99,1.02,0
0.001348653,74.17509112,35.71173102,FALSE,5.99,1.02,0
0.000690288,74.17635867,35.71374056,FALSE,5.99,1.02,0
0.000406317,74.17672579,35.71367755,FALSE,5.99,1.02,0
0.028460514,74.18001108,35.71504732,FALSE,5.99,1.02,0
0.002826674,74.18402997,35.71529056,FALSE,5.99,1.02,0
0.026311884,74.16524509,35.72304227,FALSE,5.99,1.02,0
0.046806888,74.16579186,35.7193018,FALSE,5.99,1.02,0
0.008499517,74.14576288,35.71460842,FALSE,5.99,1.02,0
0.001831234,74.14433522,35.7028643,FALSE,5.99,1.02,0
0.003086053,74.15013475,35.72852928,FALSE,5.99,1.02,0
0.020508745,74.16382029,35.7414735,FALSE,5.99,1.02,0
0.031854511,74.16442037,35.7467646,FALSE,5.99,1.02,0
0.017578122,74.17104832,35.74745396,FALSE,5.99,1.02,0
0.003238653,74.18083223,35.744277,FALSE,5.99,1.02,0
0.000549706,74.18151264,35.74313136,FALSE,5.99,1.02,0
0.00197023,74.18469304,35.74483027,FALSE,5.99,1.02,0
0.002139782,74.18545691,35.74497554,FALSE,5.99,1.02,0
0.000475361,74.18835678,35.74145583,FALSE,5.99,1.02,0
0.011669664,74.19302247,35.7413984,FALSE,5.99,1.02,0
0.009870085,74.17184276,35.76638891,FALSE,1.74,0.72,0
0.002774092,74.17509118,35.76849826,FALSE,1.74,0.72,0
0.005010279,74.18262456,35.76564032,FALSE,1.74,0.72,0
0.09535061,74.17973064,35.76061833,FALSE,1.74,0.72,0
0.117306934,74.19550374,35.772935,FALSE,1.74,0.72,0
0.00121967,74.2099988,35.78162129,FALSE,1.74,0.72,0
0.128690313,74.20483547,35.77904485,TRUE,1.74,0.72,0
0.076551861,74.22422724,35.78908978,FALSE,1.74,0.72,0
0.006794276,74.23439605,35.78723318,FALSE,1.74,0.72,0
0.000498812,74.23470348,35.78671846,FALSE,1.74,0.72,0
0.005925917,74.23474427,35.79606233,FALSE,1.74,0.72,0
0.00407258,74.20639445,35.79582924,FALSE,1.74,0.72,0
0.001424221,74.2019541,35.80346076,FALSE,1.74,0.72,0
0.000497224,74.20293383,35.80269406,FALSE,1.74,0.72,0
0.001517846,74.20207193,35.8024485,FALSE,1.74,0.72,0
0.006315016,74.20071227,35.80274472,FALSE,1.74,0.72,0
0.011560398,74.22477959,35.83795396,FALSE,1.74,0.72,0
0.009237544,74.2534913,35.83072895,FALSE,1.74,0.72,0
0.009242006,74.25331769,35.82884542,FALSE,1.74,0.72,0
0.044557729,74.26735957,35.8189265,FALSE,1.74,0.72,0
0.029182297,74.28054546,35.81785695,FALSE,1.74,0.72,0
0.122511533,74.29379577,35.82085144,TRUE,1.74,0.72,0
0.051312043,74.30158503,35.8190781,FALSE,1.74,0.72,0
0.027665888,74.29579703,35.81727958,FALSE,1.74,0.72,0
0.075915044,74.30389912,35.81328127,FALSE,1.74,0.72,0
0.043418587,74.34158291,35.81742665,FALSE,1.74,0.72,0
0.018076756,74.34404323,35.81383951,FALSE,1.74,0.72,0
0.024230425,74.47894883,35.69886019,FALSE,5.99,1.02,0
0.008016693,74.4169157,35.5879916,FALSE,5.99,1.02,0
0.059038639,74.40919476,35.59812038,FALSE,5.99,1.02,0
0.000820366,74.41028172,35.59957608,FALSE,5.99,1.02,0
0.050277868,74.41743097,35.60001714,FALSE,5.99,1.02,0
0.004057563,74.40060145,35.61375361,FALSE,5.99,1.02,0
0.078772944,74.40661861,35.61477481,FALSE,5.99,1.02,0
0.02770879,74.39923012,35.62849791,FALSE,5.99,1.02,0
0.014963017,74.40178667,35.63248561,FALSE,5.99,1.02,0
0.009951395,74.42632369,35.65050767,FALSE,5.99,1.02,0
0.001767581,74.34691009,35.6736574,FALSE,5.99,1.02,0
0.001595632,74.34300707,35.67558672,FALSE,5.99,1.02,0
0.01295039,74.32494081,35.68760415,FALSE,5.99,1.02,0
0.14202298,74.41030136,35.70333458,TRUE,5.99,1.02,0
0.056869062,74.3357261,35.63744796,FALSE,5.99,1.02,0
0.005561134,74.30868528,35.63580458,FALSE,5.99,1.02,0
0.001051486,74.28230685,35.59706272,FALSE,5.99,1.02,0
0.056637689,74.34018439,35.60859997,FALSE,5.99,1.02,0
0.000147332,74.07418163,35.75063567,FALSE,1.74,0.72,0
0.003489569,74.09085133,35.72246606,FALSE,5.99,1.02,0
0.000334885,74.08981564,35.72214515,FALSE,5.99,1.02,0
0.00066629,74.08664724,35.81403664,FALSE,1.74,0.72,0
0.000310774,74.08639045,35.81346277,FALSE,1.74,0.72,0
0.001029387,74.17854671,35.80254827,FALSE,1.74,0.72,0
0.001339234,74.21316728,35.7294508,FALSE,5.99,1.02,0
0.000105984,74.21287732,35.72929489,FALSE,5.99,1.02,0
0.001478912,74.20652654,35.72066595,FALSE,5.99,1.02,0
0.000841313,74.22164308,35.67658917,FALSE,5.99,1.02,0
0.005563636,74.24470994,35.82689715,FALSE,1.74,0.72,0
0.000970156,74.24391832,35.82754323,FALSE,1.74,0.72,0
0.001314075,74.28254627,35.81147731,FALSE,1.74,0.72,0
0.000215543,74.27629762,35.6860815,FALSE,5.99,1.02,0
0.000382653,74.27248083,35.68044794,FALSE,5.99,1.02,0
0.00026115,74.26702462,35.67654072,FALSE,5.99,1.02,0
0.014065025,74.34646353,36.79274309,FALSE,-6.6,0.31,1
0.004032629,74.35283929,36.79721785,FALSE,-6.6,0.31,1
0.000450709,74.35285979,36.7976567,FALSE,-6.6,0.31,1
0.000437145,74.35533857,36.7960341,FALSE,-6.6,0.31,1
0.000247924,74.35615248,36.79585525,FALSE,-6.6,0.31,1
0.000445165,74.35479019,36.79308937,FALSE,-6.6,0.31,1
0.00035085,74.35489604,36.79334568,FALSE,-6.6,0.31,1
0.000905039,74.35729527,36.79268695,FALSE,-6.6,0.31,1
0.000416022,74.34488967,36.79494266,FALSE,-6.6,0.31,1
0.001699186,74.34608689,36.79177267,FALSE,-6.6,0.31,1
0.003683847,74.342513,36.79147682,FALSE,-6.6,0.31,1
0.001744793,74.34864274,36.79129979,FALSE,-6.6,0.31,1
0.000417376,74.35621768,36.79220655,FALSE,-6.6,0.31,1
0.003660749,74.35418885,36.79179448,FALSE,-6.6,0.31,1
0.001139326,74.35467741,36.79143298,FALSE,-6.6,0.31,1
0.00089153,74.3485003,36.79006363,FALSE,-6.6,0.31,1
0.00058051,74.35069274,36.79048316,FALSE,-6.6,0.31,1
0.001652152,74.34898337,36.7888623,FALSE,-6.6,0.31,1
0.00058432,74.35501866,36.78973266,FALSE,-6.6,0.31,1
0.000619019,74.35169447,36.78804378,FALSE,-6.6,0.31,1
0.00463783,74.34556217,36.78948513,FALSE,-6.6,0.31,1
0.001103469,74.34618526,36.78897107,FALSE,-6.6,0.31,1
0.000837992,74.34309008,36.78984674,FALSE,-6.6,0.31,1
0.006497423,74.34401929,36.7890283,FALSE,-6.6,0.31,1
0.007607239,74.34230674,36.78842125,FALSE,-6.6,0.31,1
0.004947578,74.34645118,36.78745058,FALSE,-6.6,0.31,1
0.005716301,74.34477743,36.78605997,FALSE,-6.6,0.31,1
0.000731488,74.34958201,36.78584995,FALSE,-6.6,0.31,1
0.000611439,74.34609712,36.78318246,FALSE,-6.6,0.31,1
0.000727585,74.33951785,36.78513469,FALSE,-6.6,0.31,0
0.000733848,74.33639329,36.78435601,FALSE,-6.6,0.31,0
0.004229149,74.3358219,36.78310106,FALSE,-6.6,0.31,0
0.000456393,74.34244808,36.78136374,FALSE,-6.6,0.31,0
0.001820988,74.33630992,36.78004798,FALSE,-6.6,0.31,0
0.000387606,74.33738878,36.77939589,FALSE,-6.6,0.31,0
0.000325557,74.33700702,36.77916212,FALSE,-6.6,0.31,0
0.000560099,74.34563142,36.77882918,FALSE,-6.6,0.31,0
0.000101603,74.33645626,36.78096476,FALSE,-6.6,0.31,0
0.000250705,74.34259283,36.77915433,FALSE,-6.6,0.31,0
0.004639058,74.34215079,36.77683048,FALSE,-6.6,0.31,0
0.000287805,74.34275574,36.77682662,FALSE,-6.6,0.31,0
0.000201161,74.33632921,36.77787118,FALSE,-6.6,0.31,0
0.000470792,74.33527018,36.77831051,FALSE,-6.6,0.31,0
0.000453284,74.33493653,36.77859009,FALSE,-6.6,0.31,0
0.000558189,74.33482854,36.77821657,FALSE,-6.6,0.31,0
0.000923799,74.33166568,36.77894215,FALSE,-6.6,0.31,0
0.000265523,74.33148404,36.78015864,FALSE,-6.6,0.31,0
0.00066081,74.3345167,36.77971293,FALSE,-6.6,0.31,0
0.000230249,74.33465269,36.779118,FALSE,-6.6,0.31,0
7.83E-05,74.33776497,36.77858901,FALSE,-6.6,0.31,0
0.000671971,74.33413703,36.77713877,FALSE,-6.6,0.31,0
0.002232441,74.33906292,36.77613324,FALSE,-6.6,0.31,0
0.000486516,74.32908754,36.77759176,FALSE,-6.6,0.31,0
0.001096106,74.32894968,36.77697937,FALSE,-6.6,0.31,0
0.00014822,74.34538607,36.77594204,FALSE,-6.6,0.31,0
0.000231352,74.34248738,36.77478605,FALSE,-6.6,0.31,0
0.001988375,74.34286962,36.77360963,FALSE,-6.6,0.31,0
0.000286501,74.3351727,36.77484275,FALSE,-6.6,0.31,0
0.001982701,74.33695546,36.7730335,FALSE,-6.6,0.31,0
0.001474005,74.33851063,36.77174131,FALSE,-6.6,0.31,0
0.000262219,74.33074817,36.77658646,FALSE,-6.6,0.31,0
0.000275312,74.33248212,36.775678,FALSE,-6.6,0.31,0
0.000302558,74.332514,36.77429755,FALSE,-6.6,0.31,0
0.000141436,74.33117959,36.77464692,FALSE,-6.6,0.31,0
0.000490641,74.32798244,36.77538531,FALSE,-6.6,0.31,0
0.003468399,74.33389541,36.77319774,FALSE,-6.6,0.31,0
0.000196845,74.33391999,36.7723069,FALSE,-6.6,0.31,0
0.002677089,74.33427803,36.7716723,FALSE,-6.6,0.31,0
0.026902621,74.33565693,36.76965521,FALSE,-6.6,0.31,0
0.00027633,74.32863287,36.77468415,FALSE,-6.6,0.31,0
0.000266226,74.32869379,36.774144,FALSE,-6.6,0.31,0
0.000443636,74.33143615,36.77373876,FALSE,-6.6,0.31,0
0.000636763,74.32611704,36.77252061,FALSE,-6.6,0.31,0
0.001764987,74.33006607,36.76977761,FALSE,-6.6,0.31,0
0.001556339,74.333689,36.76858621,FALSE,-6.6,0.31,0
0.00258517,74.33383476,36.76938487,FALSE,-6.6,0.31,0
0.000588787,74.33859239,36.76858633,FALSE,-6.6,0.31,0
0.000134514,74.3364684,36.76776255,FALSE,-6.6,0.31,0
0.0015112,74.3356699,36.76661427,FALSE,-6.6,0.31,0
0.000467022,74.32406835,36.77090604,FALSE,-6.6,0.31,0
0.000249085,74.32422918,36.77117102,FALSE,-6.6,0.31,0
0.000562816,74.32518958,36.77080289,FALSE,-6.6,0.31,0
0.000522094,74.32704207,36.77059338,FALSE,-6.6,0.31,0
0.000364849,74.32957131,36.76921147,FALSE,-6.6,0.31,0
0.001657649,74.32924917,36.76887747,FALSE,-6.6,0.31,0
0.000920454,74.33337034,36.76766177,FALSE,-6.6,0.31,0
0.000657409,74.33374221,36.76678704,FALSE,-6.6,0.31,0
0.000566655,74.33414786,36.76670841,FALSE,-6.6,0.31,0
0.000323992,74.33467765,36.76555847,FALSE,-6.6,0.31,0
7.99E-05,74.33477633,36.76577395,FALSE,-6.6,0.31,0
0.005884442,74.3324885,36.76522653,FALSE,-6.6,0.31,0
0.000956467,74.33271114,36.7656585,FALSE,-6.6,0.31,0
0.000523043,74.32483639,36.7694027,FALSE,-6.6,0.31,0
0.002647001,74.33090536,36.76643428,FALSE,-6.6,0.31,0
0.000454946,74.33040158,36.76557426,FALSE,-6.6,0.31,0
0.000581097,74.33016298,36.76481598,FALSE,-6.6,0.31,0
0.000591153,74.32981908,36.76441933,FALSE,-6.6,0.31,0
0.003179585,74.32435017,36.76694019,FALSE,-6.6,0.31,0
0.003513402,74.32287456,36.76818494,FALSE,-6.6,0.31,0
0.008734249,74.32155618,36.76767653,FALSE,-6.6,0.31,0
0.001598212,74.32282728,36.7675439,FALSE,-6.6,0.31,0
0.000638833,74.32415028,36.76600419,FALSE,-6.6,0.31,0
0.000342455,74.32993538,36.7634,FALSE,-6.6,0.31,0
0.000764549,74.32125275,36.76465288,FALSE,-6.6,0.31,0
0.000712449,74.32104286,36.76388469,FALSE,-6.6,0.31,0
0.00248598,74.32114625,36.76330982,FALSE,-6.6,0.31,0
0.000327037,74.32916457,36.76023544,FALSE,-6.6,0.31,0
0.000715028,74.32748708,36.75907877,FALSE,-6.6,0.31,0
0.001529419,74.32586615,36.75861378,FALSE,-6.6,0.31,0
0.000319011,74.32232768,36.75952745,FALSE,-6.6,0.31,0
0.000678884,74.32091049,36.76124024,FALSE,-6.6,0.31,0
0.001367714,74.32143012,36.76109492,FALSE,-6.6,0.31,0
0.000894319,74.32483866,36.75956835,FALSE,-6.6,0.31,0
0.001796844,74.31917923,36.75897016,FALSE,-6.6,0.31,0
0.000527804,74.32388101,36.75650664,FALSE,-6.6,0.31,0
0.000436227,74.32181964,36.75899908,FALSE,-6.6,0.31,0
0.001097553,74.31745755,36.75758208,FALSE,-6.6,0.31,0
0.000505615,74.318974,36.75712407,FALSE,-6.6,0.31,0
0.007312477,74.31677653,36.7557859,FALSE,-6.6,0.31,0
0.002685165,74.31777588,36.75570638,FALSE,-6.6,0.31,0
0.008088597,74.31418604,36.75477669,FALSE,-6.6,0.31,0
0.000804233,74.32180967,36.75081541,FALSE,-6.6,0.31,0
0.000256219,74.32244563,36.75020118,FALSE,-6.6,0.31,0
0.001026607,74.32078282,36.74983925,FALSE,-2.9,0.49,0
0.000890003,74.31471324,36.75290194,FALSE,-6.6,0.31,0
0.000473326,74.31172072,36.75320088,FALSE,-6.6,0.31,0
0.000827986,74.31059334,36.75063087,FALSE,-6.6,0.31,0
0.000428372,74.31215141,36.7501755,FALSE,-6.6,0.31,0
0.000984756,74.31553236,36.74624917,FALSE,-2.9,0.49,0
0.000710988,74.30849612,36.74694274,FALSE,-2.9,0.49,0
0.001063709,74.3056141,36.74506025,FALSE,-2.9,0.49,0
0.002961533,74.30361324,36.74408482,FALSE,-2.9,0.49,0
0.000512984,74.3033792,36.74625625,FALSE,-2.9,0.49,0
0.000876415,74.3034211,36.74681341,FALSE,-2.9,0.49,0
0.000629315,74.30995988,36.74148778,FALSE,-2.9,0.49,0
0.00045575,74.31114633,36.74134372,FALSE,-2.9,0.49,0
0.000897309,74.31028053,36.73918343,FALSE,-2.9,0.49,0
0.001170786,74.30981151,36.73920641,FALSE,-2.9,0.49,0
0.00096475,74.30917741,36.7393117,FALSE,-2.9,0.49,0
0.001933506,74.30844409,36.73847106,FALSE,-2.9,0.49,0
0.000447836,74.30788078,36.74079465,FALSE,-2.9,0.49,0
0.001967704,74.29947056,36.74276361,FALSE,-2.9,0.49,0
0.008257195,74.2972057,36.74295425,FALSE,-2.9,0.49,0
0.000996262,74.29747885,36.74112221,FALSE,-2.9,0.49,0
0.000414823,74.2958117,36.73877657,FALSE,-2.9,0.49,0
0.000440263,74.30096818,36.74085977,FALSE,-2.9,0.49,0
0.000306272,74.30762947,36.73775703,FALSE,-2.9,0.49,0
0.000438334,74.30422794,36.73836616,FALSE,-2.9,0.49,0
0.000854852,74.30673033,36.73910456,FALSE,-2.9,0.49,0
0.000382198,74.3054257,36.73715908,FALSE,-2.9,0.49,0
0.00048124,74.3044492,36.73645578,FALSE,-2.9,0.49,0
0.000276205,74.307238,36.73462629,FALSE,-2.9,0.49,0
0.006159372,74.30504414,36.73234501,FALSE,-2.9,0.49,0
0.000549317,74.30723838,36.7325963,FALSE,-2.9,0.49,0
0.000393669,74.30076641,36.73656785,FALSE,-2.9,0.49,0
0.00066101,74.30025105,36.73638975,FALSE,-2.9,0.49,0
0.000374489,74.30028596,36.73605379,FALSE,-2.9,0.49,0
0.000529644,74.29928973,36.73488391,FALSE,-2.9,0.49,0
0.00039987,74.29905515,36.7345844,FALSE,-2.9,0.49,0
0.001825371,74.29675075,36.73158207,FALSE,-2.9,0.49,0
0.000641505,74.29969146,36.73307719,FALSE,-2.9,0.49,0
0.000491016,74.29810003,36.73249696,FALSE,-2.9,0.49,0
0.000869229,74.292862,36.73542712,FALSE,-2.9,0.49,0
0.001701109,74.29556016,36.73049622,FALSE,-2.9,0.49,0
0.003034968,74.29933163,36.72743213,FALSE,-2.9,0.49,0
0.000815239,74.29289964,36.72613671,FALSE,-2.9,0.49,0
0.0007649,74.28341333,36.72518861,FALSE,-2.9,0.49,0
0.000575186,74.27877261,36.7260911,FALSE,-2.9,0.49,0
0.000521999,74.2936462,36.72309456,FALSE,-2.9,0.49,0
0.001717485,74.30325101,36.71649672,FALSE,-2.9,0.49,0
0.000908743,74.2945591,36.71156974,FALSE,-2.9,0.49,0
0.000153812,74.29253605,36.70924364,FALSE,-2.9,0.49,0
0.000798388,74.29488798,36.70734362,FALSE,-2.9,0.49,0
0.000414625,74.29320766,36.70733002,FALSE,-2.9,0.49,0
0.00039511,74.29338291,36.70827407,FALSE,-2.9,0.49,0
0.006355667,74.24890398,36.766228,FALSE,-6.6,0.31,0
0.003397828,74.26633647,36.79603392,FALSE,-6.6,0.31,0
0.001557174,74.20741492,36.80253181,FALSE,-6.6,0.31,1
0.005390247,74.38099636,36.78607543,FALSE,-6.6,0.31,1
0.000907229,74.37862924,36.78484868,FALSE,-6.6,0.31,1
0.000596771,74.38124706,36.78223179,FALSE,-6.6,0.31,1
0.000266603,74.37726379,36.78575865,FALSE,-6.6,0.31,1
0.000349215,74.38277474,36.78452886,FALSE,-6.6,0.31,1
0.001939818,74.38624724,36.77711178,FALSE,-6.6,0.31,0
0.001084889,74.389911,36.77776213,FALSE,-6.6,0.31,0
0.001659011,74.39074255,36.77691351,FALSE,-6.6,0.31,0
0.000222565,74.39098243,36.7798861,FALSE,-6.6,0.31,0
0.000906956,74.39239139,36.77850957,FALSE,-6.6,0.31,0
0.00064705,74.39331268,36.77867797,FALSE,-6.6,0.31,0
0.000200183,74.39210426,36.77784044,FALSE,-6.6,0.31,0
0.000408487,74.39234641,36.77793303,FALSE,-6.6,0.31,0
0.000328065,74.39471508,36.7794246,FALSE,-6.6,0.31,0
0.000215589,74.39494257,36.77874134,FALSE,-6.6,0.31,0
0.000796388,74.3953984,36.77844315,FALSE,-6.6,0.31,0
0.000886952,74.39590106,36.77833508,FALSE,-6.6,0.31,0
0.005779916,74.39553747,36.77740616,FALSE,-6.6,0.31,0
0.000369373,74.39580182,36.77673746,FALSE,-6.6,0.31,0
0.000436525,74.3947023,36.77584314,FALSE,-6.6,0.31,0
0.003949216,74.39369678,36.77495561,FALSE,-6.6,0.31,0
0.002888448,74.39789326,36.77461623,FALSE,-6.6,0.31,0
0.000289417,74.39656506,36.7751527,FALSE,-6.6,0.31,0
0.000421182,74.39868011,36.77520348,FALSE,-6.6,0.31,0
0.002669021,74.39941404,36.77564388,FALSE,-6.6,0.31,0
0.000458518,74.40046763,36.77517762,FALSE,-6.6,0.31,0
0.000271334,74.39627138,36.77272916,FALSE,-6.6,0.31,0
0.000126764,74.3964922,36.77218853,FALSE,-6.6,0.31,0
0.000591633,74.39666863,36.77202257,FALSE,-6.6,0.31,0
0.000407044,74.39660333,36.771536,FALSE,-6.6,0.31,0
0.002293166,74.39832323,36.77191616,FALSE,-6.6,0.31,0
0.000406643,74.39886054,36.7764521,FALSE,-6.6,0.31,0
0.000370575,74.39822235,36.77672911,FALSE,-6.6,0.31,0
0.000383373,74.39849097,36.77701368,FALSE,-6.6,0.31,0
0.000346196,74.397342,36.77707563,FALSE,-6.6,0.31,0
0.000611541,74.40172376,36.77723603,FALSE,-6.6,0.31,0
0.000533273,74.40157878,36.77581766,FALSE,-6.6,0.31,0
0.000797963,74.4035785,36.77567677,FALSE,-6.6,0.31,0
0.00069532,74.40499932,36.77472059,FALSE,-6.6,0.31,0
0.001427442,74.40338223,36.77381814,FALSE,-6.6,0.31,0
0.000773017,74.4030533,36.77311722,FALSE,-6.6,0.31,0
0.000515817,74.40281594,36.77283252,FALSE,-6.6,0.31,0
0.00117117,74.40142036,36.77380159,FALSE,-6.6,0.31,0
0.000421459,74.4036972,36.77195514,FALSE,-6.6,0.31,0
0.00040245,74.40276323,36.77129804,FALSE,-6.6,0.31,0
0.000805276,74.40340069,36.77077114,FALSE,-6.6,0.31,0
0.002290999,74.40733835,36.76736103,FALSE,-6.6,0.31,0
0.000357813,74.40529607,36.76689821,FALSE,-6.6,0.31,0
0.000598913,74.41090601,36.7670543,FALSE,-6.6,0.31,0
0.000933623,74.41297992,36.76782516,FALSE,-6.6,0.31,0
0.001814043,74.40549435,36.76475325,FALSE,-6.6,0.31,0
0.000845118,74.40640506,36.76454962,FALSE,-6.6,0.31,0
0.001008767,74.40458342,36.7639676,FALSE,-6.6,0.31,0
0.00109562,74.40386081,36.76317668,FALSE,-6.6,0.31,0
0.000273722,74.4022269,36.76600578,FALSE,-6.6,0.31,0
0.001118584,74.40192879,36.76430282,FALSE,-6.6,0.31,0
0.000214004,74.40215863,36.76357759,FALSE,-6.6,0.31,0
0.000374467,74.40230459,36.76335893,FALSE,-6.6,0.31,0
0.001408899,74.40449118,36.76208365,FALSE,-6.6,0.31,0
0.000881684,74.40797244,36.7608951,FALSE,-6.6,0.31,0
0.005471586,74.41352993,36.76237386,FALSE,-6.6,0.31,0
0.000537783,74.4123854,36.76131589,FALSE,-6.6,0.31,0
0.001375796,74.41205914,36.76010411,FALSE,-6.6,0.31,0
0.000743251,74.41429367,36.75886887,FALSE,-6.6,0.31,0
0.000467451,74.40724307,36.75880765,FALSE,-6.6,0.31,0
0.001439576,74.40696128,36.75749776,FALSE,-6.6,0.31,0
0.000494822,74.40820712,36.75681987,FALSE,-6.6,0.31,0
0.00115442,74.40551484,36.75545052,FALSE,-6.6,0.31,0
0.000324651,74.40382945,36.75641282,FALSE,-6.6,0.31,0
0.00060161,74.40343649,36.75562794,FALSE,-6.6,0.31,0
0.001353917,74.41566333,36.75198116,FALSE,-6.6,0.31,0
0.000521106,74.40883236,36.74771223,FALSE,-2.9,0.49,0
0.000686131,74.41484675,36.74479545,FALSE,-2.9,0.49,0
0.000948605,74.41442124,36.73857813,FALSE,-2.9,0.49,0
0.019551959,74.41334559,36.73516716,FALSE,-2.9,0.49,0
0.000894412,74.41250696,36.73408848,FALSE,-2.9,0.49,0
0.001602325,74.42017074,36.73486977,FALSE,-2.9,0.49,0
0.000669112,74.41116007,36.73487699,FALSE,-2.9,0.49,0
0.000646213,74.41206019,36.73487059,FALSE,-2.9,0.49,0
0.000541821,74.41138964,36.73416589,FALSE,-2.9,0.49,0
0.000338225,74.41213888,36.73573059,FALSE,-2.9,0.49,0
0.000690542,74.42105638,36.73303509,FALSE,-2.9,0.49,0
0.000752244,74.42126038,36.7327832,FALSE,-2.9,0.49,0
0.001837187,74.42302568,36.73331165,FALSE,-2.9,0.49,0
0.000739037,74.41670927,36.73094077,FALSE,-2.9,0.49,0
0.000413301,74.42206154,36.72977721,FALSE,-2.9,0.49,0
0.007816796,74.41864859,36.72634988,FALSE,-2.9,0.49,0
0.000805993,74.4193745,36.72547892,FALSE,-2.9,0.49,0
0.001513597,74.4164585,36.72205553,FALSE,-2.9,0.49,0
0.000434391,74.41726075,36.72415758,FALSE,-2.9,0.49,0
0.000586594,74.41546646,36.72521463,FALSE,-2.9,0.49,0
0.000389823,74.41507527,36.72579568,FALSE,-2.9,0.49,0
0.000551888,74.42554442,36.72101938,FALSE,-2.9,0.49,0
0.00052609,74.42479917,36.72020032,FALSE,-2.9,0.49,0
0.000541071,74.42575394,36.71979053,FALSE,-2.9,0.49,0
0.000230146,74.42478387,36.71941664,FALSE,-2.9,0.49,0
0.000228585,74.42589015,36.71824123,FALSE,-2.9,0.49,0
0.00144166,74.42370514,36.71588168,FALSE,-2.9,0.49,0
0.00060062,74.41887795,36.71433006,FALSE,-2.9,0.49,0
0.000676312,74.42238709,36.71380125,FALSE,-2.9,0.49,0
0.000339777,74.42218767,36.71200008,FALSE,-2.9,0.49,0
0.000898814,74.42203531,36.71061763,FALSE,-2.9,0.49,0
0.001658054,74.42652188,36.70899022,FALSE,-2.9,0.49,0
0.000495068,74.42679681,36.70700349,FALSE,-2.9,0.49,0
0.000340306,74.4259662,36.70754847,FALSE,-2.9,0.49,0
0.00072518,74.34075564,36.74478482,FALSE,-2.9,0.49,0
0.003295275,74.20606762,36.82652472,FALSE,-6.6,0.31,1
0.004666682,74.37225181,36.81815462,FALSE,-6.6,0.31,1
0.000337712,74.37100315,36.81774005,FALSE,-6.6,0.31,1
0.000720334,74.36983292,36.81764407,FALSE,-6.6,0.31,1
0.000246527,74.37013397,36.8170917,FALSE,-6.6,0.31,1
0.000613726,74.36841154,36.81686442,FALSE,-6.6,0.31,1
0.000252909,74.36860427,36.81752898,FALSE,-6.6,0.31,1
0.000476743,74.36885179,36.8177433,FALSE,-6.6,0.31,1
0.001172358,74.36880828,36.81821613,FALSE,-6.6,0.31,1
0.002578709,74.38510522,36.82545298,FALSE,-6.6,0.31,1
0.000867078,74.38507224,36.82663827,FALSE,-6.6,0.31,1
0.000697949,74.38361551,36.82628511,FALSE,-6.6,0.31,1
0.001094938,74.37254801,36.82176885,FALSE,-6.6,0.31,1
0.000338429,74.37457535,36.82002418,FALSE,-6.6,0.31,1
0.00139221,74.36526358,36.82150903,FALSE,-6.6,0.31,1
0.000666041,74.35361478,36.80641713,FALSE,-6.6,0.31,1
0.000303298,74.2935038,36.70957021,FALSE,-2.9,0.49,0
0.001354608,74.4049081,36.82829741,FALSE,-6.6,0.31,1
0.00064637,74.40337709,36.82797882,FALSE,-6.6,0.31,1
0.000787674,74.40227161,36.82867864,FALSE,-6.6,0.31,1
0.000251763,74.41763787,36.82699047,FALSE,-6.6,0.31,1
0.00055442,74.33980449,36.78465298,FALSE,-6.6,0.31,0
0.000402716,74.32941021,36.77322855,FALSE,-6.6,0.31,0
0.001835413,74.31938097,36.76344139,FALSE,-6.6,0.31,0
0.002031116,74.32619045,36.76168323,FALSE,-6.6,0.31,0
0.001633365,74.32939596,36.758922,FALSE,-6.6,0.31,0
0.001815745,74.32057748,36.75340952,FALSE,-6.6,0.31,0
0.000233445,74.3214696,36.75290905,FALSE,-6.6,0.31,0
0.003759537,74.31178384,36.75234639,FALSE,-6.6,0.31,0
0.000430422,74.31203546,36.75124414,FALSE,-6.6,0.31,0
0.001848891,74.29895132,36.73395724,FALSE,-2.9,0.49,0
0.00020878,74.28657752,36.72749392,FALSE,-2.9,0.49,0
0.000353299,74.42692952,36.71527271,FALSE,-2.9,0.49,0
0.000201474,74.42697802,36.71479275,FALSE,-2.9,0.49,0
0.000230408,74.40268364,36.77515869,FALSE,-6.6,0.31,0
0.000557384,74.38585901,36.73766032,FALSE,-2.9,0.49,0
0.000467587,74.38380507,36.73181153,FALSE,-2.9,0.49,0
0.001216654,74.30332802,36.75076544,FALSE,-6.6,0.31,0
0.000777391,74.27259828,36.74631217,FALSE,-2.9,0.49,0
0.000744579,74.25991951,36.73294605,FALSE,-2.9,0.49,0
0.030665578,73.92660368,36.28564734,FALSE,-0.87,0.45,0
0.297327356,73.95456962,36.26471716,TRUE,-0.87,0.45,0
0.067929687,73.89859304,36.26065613,FALSE,-0.87,0.45,0
0.002177611,73.89907898,36.24835075,FALSE,1.01,0.65,0
0.019872394,73.95337215,36.24022661,FALSE,1.01,0.65,0
0.000612172,74.05088776,36.38508012,FALSE,-0.87,0.45,0
0.000832046,74.05286054,36.38547622,FALSE,-0.87,0.45,0
0.001095024,74.05288814,36.38632602,FALSE,-0.87,0.45,0
0.000336748,74.05754175,36.38940217,FALSE,-0.87,0.45,0
0.003220129,74.06465562,36.44380105,FALSE,-2.9,0.49,0
0.007166261,74.09177738,36.55811024,FALSE,-2.9,0.49,0
0.009700113,74.14540083,36.65839335,FALSE,-2.9,0.49,0
0.003836895,74.14964375,36.70106526,FALSE,-2.9,0.49,0
0.006668516,74.14675304,36.69915634,FALSE,-2.9,0.49,0
0.001993613,74.1268398,36.62916364,FALSE,-2.9,0.49,1
0.029563699,74.24967124,36.52890265,FALSE,-2.9,0.49,0
0.000610075,74.25526272,36.52669472,FALSE,-2.9,0.49,0
0.00109647,74.25623503,36.5246672,FALSE,-2.9,0.49,0
0.001493422,74.24148467,36.51131837,FALSE,-2.9,0.49,0
0.001640967,74.23943719,36.51081742,FALSE,-2.9,0.49,0
0.001216198,74.23923354,36.5086867,FALSE,-2.9,0.49,0
0.009175746,74.23473976,36.49779985,FALSE,-2.9,0.49,0
0.000962651,74.252857,36.47168274,FALSE,-2.9,0.49,0
0.001682532,74.15688663,36.46494639,FALSE,-2.9,0.49,0
0.000413984,74.15638318,36.46573433,FALSE,-2.9,0.49,0
0.000223147,74.15815674,36.46562049,FALSE,-2.9,0.49,0
0.002035262,74.35856133,36.46833999,FALSE,-2.9,0.49,0
0.003651813,74.3725522,36.46119632,FALSE,-2.9,0.49,0
0.000501908,74.37185501,36.46611657,FALSE,-2.9,0.49,0
0.001105856,74.3728417,36.4660468,FALSE,-2.9,0.49,0
0.000399391,74.3769167,36.46479011,FALSE,-2.9,0.49,0
0.000882303,74.3828013,36.46053969,FALSE,-2.9,0.49,0
0.001257043,74.38247962,36.46266247,FALSE,-2.9,0.49,0
0.000331312,74.39339606,36.46119197,FALSE,-2.9,0.49,0
0.000222706,74.39227706,36.46068742,FALSE,-2.9,0.49,0
0.001227471,74.39676902,36.45862241,FALSE,-2.9,0.49,0
0.00390997,74.39694903,36.45587246,FALSE,-2.9,0.49,0
0.00040486,74.39894011,36.45658281,FALSE,-2.9,0.49,0
0.002083461,74.40063299,36.4546187,FALSE,-2.9,0.49,0
0.000870906,74.40503812,36.45530955,FALSE,-2.9,0.49,0
0.000400012,74.40970276,36.45575693,FALSE,-2.9,0.49,0
1.74E-05,74.40892893,36.45654403,FALSE,-2.9,0.49,0
3.55E-05,74.41012174,36.45629383,FALSE,-2.9,0.49,0
0.000474499,74.41803113,36.46056519,FALSE,-2.9,0.49,0
0.000543373,74.41970611,36.45913187,FALSE,-2.9,0.49,0
0.000317179,74.41663263,36.46008369,FALSE,-2.9,0.49,0
0.000384997,74.40120162,36.45116427,FALSE,-2.9,0.49,0
0.000735161,74.39338787,36.45548875,FALSE,-2.9,0.49,0
0.000349218,74.39192271,36.45791872,FALSE,-2.9,0.49,0
0.000606964,74.3928896,36.45739982,FALSE,-2.9,0.49,0
0.000694948,74.383581,36.45484619,FALSE,-2.9,0.49,0
0.000191406,74.35663909,36.49005186,FALSE,-2.9,0.49,0
0.000232925,74.35701573,36.48954113,FALSE,-2.9,0.49,0
0.001450191,74.35956439,36.50508469,FALSE,-2.9,0.49,0
0.000727259,74.35756861,36.50626799,FALSE,-2.9,0.49,0
0.000677313,74.35605606,36.50488014,FALSE,-2.9,0.49,0
0.000115404,74.35660855,36.50502354,FALSE,-2.9,0.49,0
0.001292656,74.35858548,36.50702104,FALSE,-2.9,0.49,0
0.000184164,74.35775534,36.50664716,FALSE,-2.9,0.49,0
0.000755263,74.36059676,36.50792638,FALSE,-2.9,0.49,0
0.000417007,74.35911885,36.50941693,FALSE,-2.9,0.49,0
0.000335975,74.35995029,36.51157712,FALSE,-2.9,0.49,0
0.00035872,74.37129613,36.5278358,FALSE,-2.9,0.49,0
0.000298329,74.3696862,36.52721932,FALSE,-2.9,0.49,0
0.000277124,74.37190461,36.52657893,FALSE,-2.9,0.49,0
0.000222009,74.36897279,36.52632123,FALSE,-2.9,0.49,0
0.000651438,74.35818243,36.39071462,FALSE,-2.9,0.49,0
0.002531325,74.33803885,36.17102402,FALSE,1.74,0.72,0
0.003052185,74.1735038,36.52351506,FALSE,-2.9,0.49,0
0.003157219,74.14263428,36.41316249,FALSE,-2.9,0.49,0
0.001017667,74.14553661,36.40959918,FALSE,-2.9,0.49,0
0.001858985,74.13491591,36.31931032,FALSE,-2.9,0.49,0
0.001590854,74.11343539,36.2254215,FALSE,1.74,0.72,0
0.010785609,74.10684992,36.23162727,FALSE,1.74,0.72,0
0.033351757,74.10357396,36.23563349,FALSE,1.74,0.72,0
0.024946342,74.10264538,36.23823377,FALSE,1.74,0.72,0
0.024282593,74.10021888,36.23627573,FALSE,1.74,0.72,0
0.004582074,74.09901832,36.24421643,FALSE,1.74,0.72,0
0.174615714,74.084177,36.23918134,TRUE,1.74,0.72,0
0.010415398,74.10742649,36.29322298,FALSE,-2.9,0.49,0
0.003595995,74.05377397,36.32378778,FALSE,-0.87,0.45,0
0.000363388,74.0203632,36.26347583,FALSE,-0.87,0.45,0
0.0002053,74.14079707,36.70928818,FALSE,-2.9,0.49,0
0.001575553,74.14084946,36.70987721,FALSE,-2.9,0.49,0
0.000262553,74.14272404,36.70273647,FALSE,-2.9,0.49,0
0.000485221,74.14359825,36.70200655,FALSE,-2.9,0.49,0
0.00071383,74.05541945,36.39070584,FALSE,-0.87,0.45,0
0.002128609,74.01629613,36.32483999,FALSE,-0.87,0.45,0
7.95E-05,74.13682054,36.68122917,FALSE,-2.9,0.49,0
0.001113242,74.13708394,36.68057449,FALSE,-2.9,0.49,0
0.000797835,74.10926362,36.20604516,FALSE,1.74,0.72,0
0.002002332,74.16044585,36.66513885,FALSE,-2.9,0.49,0
0.000778535,74.16330851,36.69897239,FALSE,-2.9,0.49,0
0.000505304,74.16331852,36.69699923,FALSE,-2.9,0.49,0
0.001584004,74.16358258,36.6977064,FALSE,-2.9,0.49,0
0.000738326,74.16413045,36.69801934,FALSE,-2.9,0.49,0
0.000364555,74.17095253,36.62820042,FALSE,-2.9,0.49,0
0.000590046,74.14534597,36.28883554,FALSE,-2.9,0.49,0
0.004259916,74.11090029,36.22894597,FALSE,1.74,0.72,0
0.001051498,74.15713433,36.49240869,FALSE,-2.9,0.49,0
8.54E-05,74.15664819,36.4922918,FALSE,-2.9,0.49,0
0.001303948,74.19347601,36.20998813,FALSE,1.74,0.72,0
0.000602663,74.19043353,36.26689927,FALSE,-2.9,0.49,0
0.000717518,74.2334466,36.4958446,FALSE,-2.9,0.49,0
0.00378074,74.26091785,36.69123603,FALSE,-2.9,0.49,0
0.000302231,74.27385815,36.579208,FALSE,-2.9,0.49,0
0.000200534,74.26445175,36.52508557,FALSE,-2.9,0.49,0
0.000252247,74.24040522,36.48430938,FALSE,-2.9,0.49,0
0.004946551,74.2478692,36.10990355,FALSE,1.74,0.72,0
0.000980224,74.28349817,36.53379206,FALSE,-2.9,0.49,0
0.000314178,74.40082435,36.60344384,FALSE,-2.9,0.49,0
0.000299769,74.40084204,36.60573341,FALSE,-2.9,0.49,0
0.000342054,74.40115138,36.60457252,FALSE,-2.9,0.49,0
0.002476002,74.43506349,36.50400038,FALSE,-2.9,0.49,0
0.000151387,74.42400783,36.50500469,FALSE,-2.9,0.49,0
0.000120718,74.42313419,36.50415228,FALSE,-2.9,0.49,0
0.000120936,74.42205135,36.50508517,FALSE,-2.9,0.49,0
0.000899206,74.44120759,36.52757674,FALSE,-2.9,0.49,0
0.001037773,72.99354252,36.60297061,FALSE,-2.91,0.48,0
0.000515649,72.99356327,36.60444747,FALSE,-2.91,0.48,0
0.000301454,72.99520665,36.60461,FALSE,-2.91,0.48,0
0.000263248,72.99721789,36.60594981,FALSE,-2.91,0.48,0
0.00035746,72.99784189,36.60425607,FALSE,-2.91,0.48,0
0.000154908,72.99627529,36.60350902,FALSE,-2.91,0.48,0
0.00033527,73.00762493,36.60946403,FALSE,-2.91,0.48,0
0.000964388,73.01059114,36.61041566,FALSE,-2.91,0.48,0
0.000575775,73.01005962,36.60975862,FALSE,-2.91,0.48,0
0.000374491,73.00979681,36.60616225,FALSE,-2.91,0.48,0
0.000186537,73.00909787,36.60598697,FALSE,-2.91,0.48,0
0.000112815,73.00618158,36.60706834,FALSE,-2.91,0.48,0
0.000241379,73.0064965,36.60746076,FALSE,-2.91,0.48,0
0.000848609,73.01580726,36.60677743,FALSE,-2.91,0.48,0
0.00043244,73.01744728,36.60789038,FALSE,-2.91,0.48,0
0.003345627,73.0282206,36.61419083,FALSE,-2.91,0.48,0
0.000666056,73.0302759,36.6107312,FALSE,-2.91,0.48,0
0.000434227,73.03244554,36.61204491,FALSE,-2.91,0.48,0
0.000224981,73.03969422,36.6098519,FALSE,-2.91,0.48,0
0.000530159,73.04169682,36.609019,FALSE,-2.91,0.48,0
0.000840472,73.05625782,36.60823414,FALSE,-2.91,0.48,0
0.000385832,73.05473149,36.60825988,FALSE,-2.91,0.48,0
0.000310164,73.05089879,36.61137667,FALSE,-2.91,0.48,0
0.000465595,73.04184954,36.60721863,FALSE,-2.91,0.48,0
0.000283287,73.02912273,36.61061292,FALSE,-2.91,0.48,0
0.000264764,73.01298212,36.61067191,FALSE,-2.91,0.48,0
0.000738879,73.02671482,36.60943,FALSE,-2.91,0.48,0
0.000388467,73.05455727,36.61132318,FALSE,-2.91,0.48,0
0.000436014,73.06421775,36.61642462,FALSE,-2.91,0.48,0
0.000414835,73.0645366,36.61628932,FALSE,-2.91,0.48,0
5.50E-05,73.06466461,36.61615396,FALSE,-2.91,0.48,0
0.025622921,72.99870211,36.56464107,FALSE,-2.91,0.48,0
0.000876199,73.0263264,36.55422435,FALSE,-2.91,0.48,0
0.000256443,73.02448585,36.55571513,FALSE,-2.91,0.48,0
0.00491037,72.99330262,36.54386173,FALSE,-2.91,0.48,0
0.000457114,72.99008924,36.54209645,FALSE,-2.91,0.48,0
0.001608803,73.15297625,36.532562,FALSE,-2.91,0.48,0
0.000484511,73.12514239,36.53921495,FALSE,-2.91,0.48,0
0.000584324,73.12105145,36.54019264,FALSE,-2.91,0.48,0
0.000514487,73.11596332,36.5435343,FALSE,-2.91,0.48,0
0.000760843,73.10073188,36.54252705,FALSE,-2.91,0.48,0
0.001303389,73.1273708,36.63155342,FALSE,-2.91,0.48,0
0.000937621,73.10235257,36.62979857,FALSE,-2.91,0.48,0
0.000353296,73.10263781,36.63000351,FALSE,-2.91,0.48,0
0.000213562,73.10319838,36.63073714,FALSE,-2.91,0.48,0
0.000267964,73.11735786,36.64264824,FALSE,-2.91,0.48,0
0.000186807,73.11806227,36.58325884,FALSE,-2.91,0.48,0
0.000229545,73.13961865,36.56426515,FALSE,-2.91,0.48,0
6.98E-05,73.01090726,36.61036544,FALSE,-2.91,0.48,0
0.000426748,73.04213829,36.6069691,FALSE,-2.91,0.48,0
0.000850417,73.14397462,36.63290258,FALSE,-2.91,0.48,0
0.000186229,73.14402209,36.63267587,FALSE,-2.91,0.48,0
0.000405801,73.10448714,36.57536724,FALSE,-2.91,0.48,0
0.000156503,73.10889827,36.57683358,FALSE,-2.91,0.48,0
0.000339502,73.10916862,36.57740443,FALSE,-2.91,0.48,0
0.000799567,73.11020762,36.57614591,FALSE,-2.91,0.48,0
0.00285276,73.11303626,36.5771118,FALSE,-2.91,0.48,0
0.000433645,73.11379835,36.57733121,FALSE,-2.91,0.48,0
0.001615421,73.11608493,36.57774686,FALSE,-2.91,0.48,0
0.000522759,73.11742522,36.57814295,FALSE,-2.91,0.48,0
0.002306583,73.11696231,36.58347427,FALSE,-2.91,0.48,0
0.000843862,73.12016327,36.57462655,FALSE,-2.91,0.48,0
0.000260031,73.11936179,36.57513278,FALSE,-2.91,0.48,0
0.001020552,73.1203783,36.57312061,FALSE,-2.91,0.48,0
0.001232094,73.12169396,36.57105345,FALSE,-2.91,0.48,0
0.000750724,73.12638567,36.56640672,FALSE,-2.91,0.48,0
0.000381515,73.0830256,36.54457313,FALSE,-2.91,0.48,0
0.000581131,73.09813417,36.54579314,FALSE,-2.91,0.48,0
0.000507821,73.10082677,36.54437723,FALSE,-2.91,0.48,0
0.000567225,73.10605939,36.54185152,FALSE,-2.91,0.48,0
0.00071991,73.11565252,36.54040563,FALSE,-2.91,0.48,0
0.000210023,73.11983012,36.54104396,FALSE,-2.91,0.48,0
0.000524821,73.12084855,36.54061856,FALSE,-2.91,0.48,0
0.002468917,73.12297723,36.5391941,FALSE,-2.91,0.48,0
0.000994762,73.12469438,36.54199208,FALSE,-2.91,0.48,0
0.000962257,73.12749481,36.54182111,FALSE,-2.91,0.48,0
0.000356187,73.1295983,36.54104781,FALSE,-2.91,0.48,0
0.00048114,73.01600631,36.60828449,FALSE,-2.91,0.48,0
0.003494927,73.00848637,36.60811794,FALSE,-2.91,0.48,0
0.008051894,73.09789151,36.54719276,FALSE,-2.91,0.48,0
0.006432844,73.22771298,36.62293308,FALSE,-2.91,0.48,0
0.000152264,73.22687163,36.62282625,FALSE,-2.91,0.48,0
0.001940482,73.22695952,36.61983398,FALSE,-2.91,0.48,0
0.001621823,73.2257057,36.61938972,FALSE,-2.91,0.48,0
0.001174595,73.24054585,36.59578245,FALSE,-2.91,0.48,0
0.001255295,73.24142347,36.59447288,FALSE,-2.91,0.48,0
0.001654078,72.68085835,35.39098057,FALSE,0.55,1.36,0
0.00255052,72.6864861,35.39013912,FALSE,0.55,1.36,0
0.004629541,72.68709646,35.25460894,FALSE,0.55,1.36,0
0.002666199,72.68675596,35.25365978,FALSE,0.55,1.36,0
0.00455199,72.66907631,35.0959282,FALSE,11.82,1.87,0
0.004224747,72.69047193,35.11016707,FALSE,11.82,1.87,0
0.002197355,72.70887058,35.15032293,FALSE,11.82,1.87,0
0.000893462,72.69758206,35.18713913,FALSE,11.82,1.87,0
5.02E-05,72.69699282,35.18718483,FALSE,11.82,1.87,0
0.000739355,72.71565254,35.19612545,FALSE,11.82,1.87,0
0.012572896,72.71627523,35.21719512,FALSE,11.82,1.87,0
0.000700924,72.70552926,35.2230472,FALSE,11.82,1.87,0
0.000371126,72.70596448,35.22251598,FALSE,11.82,1.87,0
0.000864796,72.73086505,35.33705777,FALSE,0.55,1.36,0
0.022157436,72.72971579,35.33742877,FALSE,0.55,1.36,0
0.002140159,72.73187152,35.34507956,FALSE,0.55,1.36,0
0.004912446,72.75029239,35.35423909,FALSE,0.55,1.36,0
0.016905304,72.74762988,35.35167579,FALSE,0.55,1.36,0
0.004742114,72.82067148,35.36820082,FALSE,4.27,1.28,0
0.003130022,72.78718516,35.31190127,FALSE,0.55,1.36,0
0.015411931,72.79381907,35.30935293,FALSE,0.55,1.36,0
0.00117233,72.79830393,35.30970235,FALSE,0.55,1.36,0
0.002664689,72.8027319,35.30794935,FALSE,0.55,1.36,0
0.000264291,72.80002183,35.31245176,FALSE,0.55,1.36,0
0.004840559,72.80025275,35.31131563,FALSE,0.55,1.36,0
0.002069585,72.80039154,35.31037014,FALSE,0.55,1.36,0
0.000834051,72.8096798,35.31402266,FALSE,0.55,1.36,0
0.058994481,72.80632893,35.31207456,FALSE,0.55,1.36,0
0.002785453,72.83290007,35.30448828,FALSE,4.27,1.28,0
0.00164352,72.83830724,35.30402482,FALSE,4.27,1.28,0
0.01028975,72.83747671,35.30452935,FALSE,4.27,1.28,0
0.003465395,72.83620153,35.30389422,FALSE,4.27,1.28,0
0.022625711,72.83421186,35.30100294,FALSE,4.27,1.28,0
0.002275673,72.78083227,35.26563024,FALSE,0.55,1.36,0
0.023870399,72.80671646,35.25173304,FALSE,0.55,1.36,0
0.075352339,72.78606374,35.23062587,FALSE,11.82,1.87,0
0.00076982,72.78805153,35.21838176,FALSE,11.82,1.87,0
0.049570408,72.7933514,35.12587144,FALSE,11.82,1.87,0
0.002706429,72.86352778,35.2765681,FALSE,4.27,1.28,0
0.014967262,72.86258931,35.27632032,FALSE,4.27,1.28,0
0.000225185,72.86095631,35.2745997,FALSE,4.27,1.28,0
0.034089339,72.73652901,35.14750962,FALSE,11.82,1.87,0
0.003648413,72.75159198,35.16441681,FALSE,11.82,1.87,0
0.003102483,72.73495096,35.16529444,FALSE,11.82,1.87,0
0.001167972,72.74578689,35.16741866,FALSE,11.82,1.87,0
0.01779021,72.73366807,35.18087372,FALSE,11.82,1.87,0
0.003713387,72.73502518,35.25427422,FALSE,0.55,1.36,0
0.010477325,72.74000048,35.24515097,FALSE,11.82,1.87,0
0.003372878,72.73125237,35.24810429,FALSE,11.82,1.87,0
0.001120311,72.73453977,35.25289644,FALSE,0.55,1.36,0
0.003900005,72.69763744,35.21804586,FALSE,11.82,1.87,0
0.006560622,72.7039149,35.39515353,FALSE,0.55,1.36,0
0.001250891,72.70178877,35.39547531,FALSE,0.55,1.36,0
0.002737548,72.69733586,35.3920899,FALSE,0.55,1.36,0
0.001244653,72.7203885,35.16434351,FALSE,11.82,1.87,0
0.00041982,72.73038474,35.25362698,FALSE,0.55,1.36,0
0.000557731,72.78797404,35.2982397,FALSE,0.55,1.36,0
0.001001087,72.76320146,35.13856413,FALSE,11.82,1.87,0
0.00020436,72.76900076,35.16317262,FALSE,11.82,1.87,0
0.000496163,72.76898204,35.16280675,FALSE,11.82,1.87,0
0.001401334,75.24369919,34.62276089,FALSE,2.99,2.06,0
0.006923678,75.25430322,34.62309721,FALSE,2.99,2.06,0
0.005383673,75.25018426,34.62383857,FALSE,2.99,2.06,0
0.011760933,75.22923535,34.64139865,FALSE,2.99,2.06,0
0.003071283,75.23307225,34.64223579,FALSE,2.99,2.06,0
0.003154006,75.23419404,34.64455202,FALSE,2.99,2.06,0
0.000960631,75.28930151,34.62487385,FALSE,2.99,2.06,0
0.005745477,75.33395857,34.63824978,FALSE,-1.77,1.53,0
0.007814271,75.35635456,34.62484885,FALSE,-1.77,1.53,0
0.0108124,75.36020266,34.62649569,FALSE,-1.77,1.53,0
0.003020037,75.36126727,34.62871825,FALSE,-1.77,1.53,0
0.000713996,75.36711896,34.62241852,FALSE,-1.77,1.53,0
0.000410906,75.2894718,34.62927867,FALSE,2.99,2.06,0
0.000407435,75.34765556,34.60650589,FALSE,-1.77,1.53,0
0.013231374,75.33359835,34.6410761,FALSE,-1.77,1.53,0
0.003777558,75.34191157,34.64404111,FALSE,-1.77,1.53,0
0.010323034,75.34401328,34.64455562,FALSE,-1.77,1.53,0
0.002386042,75.34520889,34.64405644,FALSE,-1.77,1.53,0
0.000576178,75.35426877,34.64019953,FALSE,-1.77,1.53,0
0.000168914,75.35529641,34.6397336,FALSE,-1.77,1.53,0
0.000129907,75.35475442,34.63933887,FALSE,-1.77,1.53,0
0.125373022,75.36951877,34.65139583,TRUE,-1.77,1.53,0
0.008702045,75.36878103,34.65414528,FALSE,-1.77,1.53,0
0.021730371,75.36940886,34.65568988,FALSE,-1.77,1.53,0
0.004676092,75.33819413,34.64975483,FALSE,-1.77,1.53,0
0.013397775,75.34071137,34.66211836,FALSE,-1.77,1.53,0
0.01791846,75.26371157,34.69339819,FALSE,2.99,2.06,0
0.014244975,75.2585281,34.69407748,FALSE,2.99,2.06,0
0.013612598,75.25537681,34.70079727,FALSE,2.99,2.06,0
0.020902871,75.25944523,34.70146509,FALSE,2.99,2.06,0
0.014388583,75.24853278,34.70875242,FALSE,2.99,2.06,0
0.014382153,75.24926667,34.70650799,FALSE,2.99,2.06,0
0.008612371,75.25911001,34.71239078,FALSE,2.99,2.06,0
0.002768704,75.26069869,34.71344705,FALSE,2.99,2.06,0
0.010584424,75.32922899,34.68185485,FALSE,-1.77,1.53,0
0.001929652,75.35675967,34.67155473,FALSE,-1.77,1.53,0
0.007455957,75.37491594,34.69303081,FALSE,-1.77,1.53,0
0.007346367,75.41169613,34.65256375,FALSE,-1.77,1.53,0
0.009370072,75.41869473,34.64348576,FALSE,-1.77,1.53,0
0.001957992,75.41728318,34.6297435,FALSE,-1.77,1.53,0
0.085381003,75.42336741,34.60678455,FALSE,-1.77,1.53,0
0.019958754,75.4211004,34.59301004,FALSE,-1.77,1.53,0
0.003362109,75.45805983,34.58037529,FALSE,-1.77,1.53,0
0.005025913,75.34427532,34.71918964,FALSE,-1.77,1.53,0
0.000515585,75.37471714,34.74217346,FALSE,-1.77,1.53,0
0.079884629,75.40033601,34.61224956,FALSE,-1.77,1.53,0
0.001960875,75.40766084,34.60222341,FALSE,-1.77,1.53,0
0.001047152,75.40251161,34.59568297,FALSE,-1.77,1.53,0
0.000162057,75.40233405,34.59528617,FALSE,-1.77,1.53,0
0.017239558,75.40536001,34.5488329,FALSE,-1.77,1.53,0
0.003418909,75.38900072,34.55548258,FALSE,-1.77,1.53,0
0.000394063,75.39421517,34.55080088,FALSE,-1.77,1.53,0
0.005537143,75.37580964,34.69898904,FALSE,-1.77,1.53,0
0.008514087,75.3191241,34.68392143,FALSE,-1.77,1.53,0
0.004769097,75.26628566,34.73391833,FALSE,2.99,2.06,0
0.015269415,75.32787511,34.82116991,FALSE,-2.54,1.23,0
0.010068032,75.31932679,34.83263982,FALSE,-2.54,1.23,0
0.018630971,75.32214486,34.8341518,FALSE,-2.54,1.23,0
0.00023824,75.32228241,34.83578112,FALSE,-2.54,1.23,0
0.001111,75.32076622,34.83623549,FALSE,-2.54,1.23,0
0.030734136,75.31817423,34.84492206,FALSE,-2.54,1.23,0
0.004155575,75.33113823,34.84926338,FALSE,-2.54,1.23,0
0.053588818,75.33337463,34.85481945,FALSE,-2.54,1.23,0
0.012308021,75.32472957,34.85577243,FALSE,-2.54,1.23,0
0.005089006,75.32474454,34.86004034,FALSE,-2.54,1.23,0
0.010373347,75.3378701,34.86211338,FALSE,-2.54,1.23,0
0.001150474,75.34987105,34.86730156,FALSE,-2.54,1.23,0
0.00011546,75.34974118,34.86693186,FALSE,-2.54,1.23,0
8.01E-05,75.35401832,34.87052553,FALSE,-2.54,1.23,0
0.023847218,75.36314671,34.8349232,FALSE,-2.54,1.23,0
0.070295409,75.36408885,34.82962209,FALSE,-2.54,1.23,0
0.043582901,75.3625837,34.824894,FALSE,-2.54,1.23,0
0.000103457,75.36375856,34.8260477,FALSE,-2.54,1.23,0
0.0196344,75.37135185,34.8319985,FALSE,-2.54,1.23,0
0.00918315,75.37522314,34.83128278,FALSE,-2.54,1.23,0
0.002068165,75.37414044,34.8314452,FALSE,-2.54,1.23,0
0.006840481,75.37087383,34.82825912,FALSE,-2.54,1.23,0
0.003794224,75.37305951,34.8228742,FALSE,-2.54,1.23,0
0.01092495,75.3739581,34.81803261,FALSE,-2.54,1.23,0
0.034374726,75.39356127,34.81093938,FALSE,-2.54,1.23,0
0.055520389,75.40105343,34.81068446,FALSE,-2.54,1.23,0
0.00562164,75.4014313,34.81390674,FALSE,-2.54,1.23,0
0.004512461,75.40880073,34.80499767,FALSE,-2.54,1.23,0
0.01345025,75.41413102,34.8048753,FALSE,-2.54,1.23,0
0.235989965,75.38244552,34.82427152,TRUE,-2.54,1.23,0
0.034410333,75.35037645,34.82735958,FALSE,-2.54,1.23,0
0.001018207,75.32051858,34.88130598,FALSE,-2.54,1.23,0
0.009691805,75.35527986,34.88827397,FALSE,-2.54,1.23,0
0.001963976,75.3564483,34.88973272,FALSE,-2.54,1.23,0
0.000457228,75.35277875,34.89123926,FALSE,-2.54,1.23,0
0.000171116,75.3593767,34.89029182,FALSE,-2.54,1.23,0
0.00213709,75.35612704,34.80809562,FALSE,-2.54,1.23,0
0.003014634,75.35344455,34.80703806,FALSE,-2.54,1.23,0
0.000344288,75.30166201,34.87368083,FALSE,-2.4,1.63,0
0.00425681,75.49558286,34.75474555,FALSE,-2.54,1.23,0
0.000900803,75.49713361,34.75137101,FALSE,-2.54,1.23,0
0.009442823,75.48428843,34.75638251,FALSE,-2.54,1.23,0
0.002264,75.48544464,34.77207993,FALSE,-2.54,1.23,0
0.000770857,75.48536808,34.77111419,FALSE,-2.54,1.23,0
0.109134247,75.48025586,34.77495638,FALSE,-2.54,1.23,0
0.064720268,75.49239801,34.77852765,FALSE,-2.54,1.23,0
0.019164208,75.42976991,34.7590836,FALSE,-2.54,1.23,0
0.018379818,75.46299478,34.7765261,FALSE,-2.54,1.23,0
0.003058257,75.50045136,34.8028507,FALSE,-2.54,1.23,0
0.002362655,75.43339676,34.84088642,FALSE,-2.54,1.23,0
0.001065866,75.43569773,34.84315394,FALSE,-2.54,1.23,0
0.006999379,75.43924686,34.82860234,FALSE,-2.54,1.23,0
0.055947132,75.43715885,34.81277892,FALSE,-2.54,1.23,0
0.012820356,75.42105679,34.80659153,FALSE,-2.54,1.23,0
0.001262552,75.42289922,34.80335468,FALSE,-2.54,1.23,0
0.000286858,75.42285883,34.80422103,FALSE,-2.54,1.23,0
0.017740542,75.4261731,34.79876824,FALSE,-2.54,1.23,0
0.007265357,75.43616778,34.7925335,FALSE,-2.54,1.23,0
0.002042695,75.43747397,34.78564826,FALSE,-2.54,1.23,0
0.001035501,75.44803148,34.83958089,FALSE,-2.54,1.23,0
0.009952488,75.53462095,34.91019908,FALSE,-2.54,1.23,0
0.002472795,75.52572908,34.90892976,FALSE,-2.54,1.23,0
0.005018569,75.52664409,34.90761393,FALSE,-2.54,1.23,0
0.004212953,75.51845949,34.92010478,FALSE,-2.54,1.23,0
0.03609232,75.51837492,34.92267746,FALSE,-2.54,1.23,0
0.071742949,75.54475354,34.93531672,FALSE,-2.54,1.23,0
0.019258275,75.54469664,34.93145885,FALSE,-2.54,1.23,0
0.018504167,75.54940889,34.92786748,FALSE,-2.54,1.23,0
0.002537925,75.54803618,34.93156464,FALSE,-2.54,1.23,0
0.142460277,75.54514662,34.96476305,TRUE,-2.54,1.23,0
0.181243721,75.553413,34.98648601,TRUE,-2.54,1.23,0
0.017095795,75.53248846,34.96857007,FALSE,-2.54,1.23,0
0.050600483,75.51682818,34.96964898,FALSE,-2.54,1.23,0
0.000664663,75.51885054,34.96937049,FALSE,-2.54,1.23,0
0.062830481,75.53203459,34.96166178,FALSE,-2.54,1.23,0
0.008327688,75.53738761,35.01270502,FALSE,-2.54,1.23,0
0.008745574,75.51748815,35.0306211,FALSE,-2.54,1.23,0
0.001381345,75.51712176,35.03153087,FALSE,-2.54,1.23,0
0.000460204,75.65921978,34.85949789,FALSE,-2.54,1.23,0
0.013039688,75.66200027,34.86028636,FALSE,-2.54,1.23,0
0.000221952,75.66236721,34.85969305,FALSE,-2.54,1.23,0
0.034114211,75.65882343,34.86708346,FALSE,-2.54,1.23,0
0.000736366,75.65684167,34.86587753,FALSE,-2.54,1.23,0
0.065240861,75.65258595,34.87254946,FALSE,-2.54,1.23,0
0.029790492,75.66785768,34.88363792,FALSE,-2.54,1.23,0
0.003729439,75.67000546,34.88364138,FALSE,-2.54,1.23,0
0.066490788,75.66814191,34.89058555,FALSE,-2.54,1.23,0
0.010899592,75.65132786,34.89869842,FALSE,-2.54,1.23,0
0.003853967,75.6511359,34.9026515,FALSE,-2.54,1.23,0
0.000380121,75.65065611,34.90310257,FALSE,-2.54,1.23,0
0.000371663,75.65069592,34.90365481,FALSE,-2.54,1.23,0
0.001105128,75.66181637,34.9085991,FALSE,-2.54,1.23,0
0.00032319,75.6650264,34.90825295,FALSE,-2.54,1.23,0
0.041149239,75.66070344,34.92426637,FALSE,-2.54,1.23,0
0.007491067,75.6558939,34.9233744,FALSE,-2.54,1.23,0
0.00192395,75.67625817,34.93759555,FALSE,-2.54,1.23,0
0.00014053,75.67723965,34.93870831,FALSE,-2.54,1.23,0
0.001546746,75.68278962,34.92772619,FALSE,-2.54,1.23,0
0.003538298,75.63444641,34.89851042,FALSE,-2.54,1.23,0
0.002326948,75.63629276,34.89883702,FALSE,-2.54,1.23,0
0.000934241,75.63667005,34.89830929,FALSE,-2.54,1.23,0
0.024506305,75.62992947,34.89732241,FALSE,-2.54,1.23,0
0.12659861,75.61671744,34.89545281,TRUE,-2.54,1.23,0
0.036300492,75.61768892,34.88885923,FALSE,-2.54,1.23,0
0.003832579,75.63546023,34.93562494,FALSE,-2.54,1.23,0
0.01057894,75.63366573,34.93494342,FALSE,-2.54,1.23,0
0.000943451,75.63201868,34.93347281,FALSE,-2.54,1.23,0
0.000531079,75.63454003,34.94995338,FALSE,-2.54,1.23,0
0.004063899,75.65679254,34.96516398,FALSE,-2.54,1.23,0
0.046967055,75.70710192,34.99649012,FALSE,-2.54,1.23,0
0.000918227,75.71855498,34.99246794,FALSE,-2.54,1.23,0
0.005127931,75.7300285,34.99387544,FALSE,-2.54,1.23,0
0.000165609,75.73148669,34.99386118,FALSE,-2.54,1.23,0
0.001076981,75.73352797,34.99410338,FALSE,-2.54,1.23,0
0.004026516,75.73958547,34.99156569,FALSE,-2.54,1.23,0
0.000707186,75.74331564,34.99150505,FALSE,-2.54,1.23,0
0.000167673,75.74480704,34.99125321,FALSE,-2.54,1.23,0
0.024703578,75.75373583,34.99443713,FALSE,-2.54,1.23,0
0.00070407,75.76217762,34.9858604,FALSE,-2.54,1.23,0
0.000331998,75.76290847,34.98584308,FALSE,-2.54,1.23,0
0.015063928,75.76278491,34.98420762,FALSE,-2.54,1.23,0
0.000227677,75.7672395,34.98354555,FALSE,-2.54,1.23,0
0.090535377,75.76677497,35.00477873,FALSE,-2.54,1.23,0
0.00431599,75.77949102,35.00463535,FALSE,-2.54,1.23,0
0.00072475,75.80649584,35.0046017,FALSE,-2.54,1.23,0
0.000326745,75.80549695,35.00575276,FALSE,-2.54,1.23,0
0.000240979,75.80392999,35.00287523,FALSE,-2.54,1.23,0
0.000428784,75.80435965,35.00345122,FALSE,-2.54,1.23,0
0.00367507,75.77790815,35.02725944,FALSE,-2.54,1.23,0
6.19E-05,75.7789233,35.02727669,FALSE,-2.54,1.23,0
0.001179251,75.75300498,35.01309745,FALSE,-2.54,1.23,0
0.003113736,75.73149914,35.0225739,FALSE,-2.54,1.23,0
0.133096576,75.72540578,35.02717448,TRUE,-2.54,1.23,0
0.016858559,75.71673022,35.0271839,FALSE,-2.54,1.23,0
0.033161582,75.70773139,35.02988106,FALSE,-2.54,1.23,0
0.004880967,75.70942684,35.05873209,FALSE,-2.54,1.23,0
0.00355478,75.70888139,35.06008246,FALSE,-2.54,1.23,0
0.082718838,75.61722,34.91370009,FALSE,-2.54,1.23,0
0.039974191,75.58309097,34.9143858,FALSE,-2.54,1.23,0
0.015228878,75.58663261,34.91652338,FALSE,-2.54,1.23,0
0.006067081,75.58520483,34.92198562,FALSE,-2.54,1.23,0
0.004831401,75.56183718,34.93215042,FALSE,-2.54,1.23,0
0.001796585,75.55685117,34.91490171,FALSE,-2.54,1.23,0
0.005232105,75.58450912,34.90434226,FALSE,-2.54,1.23,0
0.00667008,75.60443614,34.88783148,FALSE,-2.54,1.23,0
0.020933014,75.59866592,34.82574365,FALSE,-2.54,1.23,0
0.039677687,75.68482324,34.90829462,FALSE,-2.54,1.23,0
0.001521658,75.68008843,34.91047534,FALSE,-2.54,1.23,0
0.104625336,75.65218063,34.96164015,FALSE,-2.54,1.23,0
0.00374747,75.62540395,34.94724108,FALSE,-2.54,1.23,0
0.011372618,75.61520678,34.93131302,FALSE,-2.54,1.23,0
0.004365641,75.61775405,34.92824582,FALSE,-2.54,1.23,0
0.011322743,75.60091843,34.94925774,FALSE,-2.54,1.23,0
0.011034721,75.6057291,34.95005691,FALSE,-2.54,1.23,0
0.019683687,75.60613839,34.96213526,FALSE,-2.54,1.23,0
0.144411216,75.59856633,34.92366642,TRUE,-2.54,1.23,0
0.252931783,75.5920622,34.94654238,TRUE,-2.54,1.23,0
0.088478976,75.69645864,34.88697422,FALSE,-2.54,1.23,0
0.185004181,75.71242251,34.89299373,TRUE,-2.54,1.23,0
0.0318692,75.71880829,34.89070497,FALSE,-2.54,1.23,0
0.003342031,75.70492825,34.89125094,FALSE,-2.54,1.23,0
0.141599875,75.6797781,34.88280741,TRUE,-2.54,1.23,0
0.022928282,75.67968238,34.87552492,FALSE,-2.54,1.23,0
0.000472616,75.68245473,34.87636737,FALSE,-2.54,1.23,0
0.000341625,75.68391972,34.87811193,FALSE,-2.54,1.23,0
0.023756871,75.68964164,34.8538362,FALSE,-2.54,1.23,0
0.009084689,75.68936285,34.85573853,FALSE,-2.54,1.23,0
0.018393304,75.68705544,34.85814073,FALSE,-2.54,1.23,0
0.024499882,75.68842051,34.8608814,FALSE,-2.54,1.23,0
0.027753356,75.69104009,34.86354599,FALSE,-2.54,1.23,0
0.065940727,75.70831435,34.84585649,FALSE,-2.54,1.23,0
0.04360091,75.70193394,34.84512332,FALSE,-2.54,1.23,0
0.092968688,75.7161825,34.83984599,FALSE,-2.54,1.23,0
0.001222921,75.74913996,34.8450359,FALSE,-2.54,1.23,0
0.001204267,75.74927018,34.84919435,FALSE,-2.54,1.23,0
0.00051397,75.74853957,34.84903963,FALSE,-2.54,1.23,0
0.001948079,75.7454658,34.85179795,FALSE,-2.54,1.23,0
0.006538567,75.73163163,34.86450907,FALSE,-2.54,1.23,0
0.006087542,75.71228077,34.85936227,FALSE,-2.54,1.23,0
0.001924863,75.71428218,34.86151189,FALSE,-2.54,1.23,0
0.046860321,75.708685,34.86879986,FALSE,-2.54,1.23,0
0.004801263,75.7122864,34.86849452,FALSE,-2.54,1.23,0
0.174825996,75.71575629,34.87271002,TRUE,-2.54,1.23,0
0.006419788,75.56603748,34.81878453,FALSE,-2.54,1.23,0
0.007993936,75.68404071,34.84124767,FALSE,-2.54,1.23,0
0.062284511,75.58366586,34.82265605,FALSE,-2.54,1.23,0
0.018287333,75.57951988,34.82025244,FALSE,-2.54,1.23,0
0.01039882,75.58179493,34.81781862,FALSE,-2.54,1.23,0
0.007003105,75.58142278,34.81260652,FALSE,-2.54,1.23,0
0.004188226,75.58055624,34.82482763,FALSE,-2.54,1.23,0
0.004469893,75.56013879,34.81383287,FALSE,-2.54,1.23,0
0.011843245,75.53570336,34.81755636,FALSE,-2.54,1.23,0
0.000304392,75.5340725,34.81755142,FALSE,-2.54,1.23,0
0.002155894,75.5282818,34.81438986,FALSE,-2.54,1.23,0
0.060305877,75.51354054,34.7907203,FALSE,-2.54,1.23,0
0.008852593,75.51314207,34.7925904,FALSE,-2.54,1.23,0
0.005856127,75.50390783,34.74169487,FALSE,-1.77,1.53,0
0.001294345,75.50216899,34.73670267,FALSE,-1.77,1.53,0
0.020703879,75.52221626,34.73447044,FALSE,-1.77,1.53,0
0.009637235,75.53489394,34.73206742,FALSE,-1.77,1.53,0
0.001259759,75.53633568,34.7321308,FALSE,-1.77,1.53,0
0.004473169,75.5496543,34.7194455,FALSE,-1.77,1.53,0
0.000572017,75.56449558,34.72171995,FALSE,-1.77,1.53,0
0.002749021,75.57260642,34.72052023,FALSE,-1.77,1.53,0
0.015220734,75.6448768,34.76462,FALSE,-2.54,1.23,0
0.001883116,75.64373126,34.76383832,FALSE,-2.54,1.23,0
0.00996992,75.66005757,34.75469396,FALSE,-2.54,1.23,0
0.040986789,75.66570708,34.75099408,FALSE,-2.54,1.23,0
0.000604747,75.66581357,34.7475983,FALSE,-1.77,1.53,0
0.00227689,75.65193689,34.75323488,FALSE,-2.54,1.23,0
5.67E-05,75.65100616,34.75418147,FALSE,-2.54,1.23,0
0.009785876,75.66753581,34.70443609,FALSE,-1.77,1.53,0
0.018567891,75.66969048,34.71539439,FALSE,-1.77,1.53,0
0.039287535,75.7052567,34.56798554,FALSE,-1.77,1.53,0
0.038330016,75.70631947,34.55939237,FALSE,-1.77,1.53,0
0.00850488,75.70271557,34.55774192,FALSE,-1.77,1.53,0
0.000978784,75.70418154,34.55760241,FALSE,-1.77,1.53,0
0.000149994,75.70368524,34.55761021,FALSE,-1.77,1.53,0
0.006882186,75.68200293,34.54383829,FALSE,-1.77,1.53,0
0.000192238,75.67989509,34.53991695,FALSE,-1.77,1.53,0
0.003116728,75.66829771,34.5517877,FALSE,-1.77,1.53,0
0.000529049,75.66882856,34.55174564,FALSE,-1.77,1.53,0
0.000137311,75.66903438,34.55142702,FALSE,-1.77,1.53,0
0.011134814,75.63626838,34.50805272,FALSE,-1.77,1.53,0
0.004416592,75.62557815,34.50519544,FALSE,-1.77,1.53,0
0.083346961,75.76536433,34.91810281,FALSE,-2.54,1.23,0
0.003413569,75.75871069,34.92015526,FALSE,-2.54,1.23,0
0.000222558,75.75784626,34.92165533,FALSE,-2.54,1.23,0
0.034248343,75.77773792,34.92520969,FALSE,-2.54,1.23,0
0.008803563,75.77551067,34.92209749,FALSE,-2.54,1.23,0
0.00385054,75.77381457,34.92254097,FALSE,-2.54,1.23,0
0.001242057,75.77155222,34.92076798,FALSE,-2.54,1.23,0
0.001420608,75.79189201,34.90519278,FALSE,-2.54,1.23,0
0.001464275,75.80831003,34.90494441,FALSE,-2.54,1.23,0
0.098685518,75.8919402,34.88803913,FALSE,-2.54,1.23,0
0.013414668,75.89071585,34.89354893,FALSE,-2.54,1.23,0
0.016063875,75.88583731,34.8857413,FALSE,-2.54,1.23,0
0.006031887,75.89137435,34.87796056,FALSE,-2.54,1.23,0
0.000693811,75.89265724,34.87815194,FALSE,-2.54,1.23,0
0.030845938,75.90629146,34.88163605,FALSE,-2.54,1.23,0
0.011437194,75.92718827,34.87274326,FALSE,-2.54,1.23,0
0.023068602,75.93174324,34.87663996,FALSE,-2.54,1.23,0
0.016928789,75.94732644,34.87493002,FALSE,-0.46,0.89,0
0.03610101,75.96236964,34.87871675,FALSE,-0.46,0.89,0
0.020255005,75.9910671,34.88749258,FALSE,-0.46,0.89,0
0.018527984,75.99796658,34.85781982,FALSE,-0.46,0.89,0
0.043577376,75.96011399,34.81689437,FALSE,-0.46,0.89,0
0.021914714,75.97720246,34.81022961,FALSE,-0.46,0.89,0
0.005494167,75.97854744,34.81220158,FALSE,-0.46,0.89,0
0.03415239,76.00169828,34.79570513,FALSE,-0.46,0.89,0
0.035014963,75.99735643,34.79296889,FALSE,-0.46,0.89,0
0.05005219,75.99461194,34.78854797,FALSE,-0.46,0.89,0
0.040610589,75.98961694,34.79270772,FALSE,-0.46,0.89,0
0.013544925,75.99183667,34.79547647,FALSE,-0.46,0.89,0
0.005370497,75.9788224,34.79232479,FALSE,-0.46,0.89,0
0.003626928,75.98056711,34.79012125,FALSE,-0.46,0.89,0
0.037740683,76.00919953,34.78229469,FALSE,-0.46,0.89,0
0.002668179,76.02748899,34.77306606,FALSE,-0.46,0.89,0
0.00471182,76.03103877,34.77407987,FALSE,-0.46,0.89,0
0.000526707,76.02638063,34.77008909,FALSE,-0.46,0.89,0
0.024032757,76.03755873,34.75365742,FALSE,-0.46,0.89,0
0.001606785,76.03883482,34.75542392,FALSE,-0.46,0.89,0
0.001144837,76.03583405,34.75291154,FALSE,-0.46,0.89,0
0.0080031,76.01463803,34.73873407,FALSE,-1.39,0.98,0
0.004925295,75.987951,34.74336257,FALSE,-1.39,0.98,0
0.034716108,75.98516321,34.74759061,FALSE,-1.39,0.98,0
0.005854662,75.98186391,34.75248954,FALSE,-0.46,0.89,0
0.002385486,75.98267294,34.75534277,FALSE,-0.46,0.89,0
0.026214173,75.98955744,34.76104629,FALSE,-0.46,0.89,0
0.004441191,75.99724488,34.75902027,FALSE,-0.46,0.89,0
0.024467559,76.00002455,34.7621629,FALSE,-0.46,0.89,0
0.001709805,76.03212894,34.74940701,FALSE,-1.39,0.98,0
0.002396382,76.04135856,34.75105716,FALSE,-0.46,0.89,0
0.000350584,76.03256562,34.7727865,FALSE,-0.46,0.89,0
0.001820293,75.97512713,34.73183175,FALSE,-1.39,0.98,0
0.006651171,75.97590707,34.73297197,FALSE,-1.39,0.98,0
0.010428893,75.97849582,34.75649453,FALSE,-0.46,0.89,0
0.090292396,75.96240295,34.74099593,FALSE,-1.39,0.98,0
0.00402001,75.95886333,34.72609064,FALSE,-1.39,0.98,0
0.019425109,75.94100683,34.72243273,FALSE,-1.39,0.98,0
0.000641969,75.93635239,34.72313592,FALSE,-1.77,1.53,0
0.07593184,75.87207312,34.8575597,FALSE,-2.54,1.23,0
0.000897433,75.87244101,34.85907378,FALSE,-2.54,1.23,0
0.000289293,75.87287092,34.85880124,FALSE,-2.54,1.23,0
0.000336276,75.87202995,34.85920066,FALSE,-2.54,1.23,0
0.013877835,75.88186706,34.84826232,FALSE,-2.54,1.23,0
0.005407269,75.88823972,34.85991523,FALSE,-2.54,1.23,0
0.042266056,75.89396611,34.85947851,FALSE,-2.54,1.23,0
0.002211755,75.88872598,34.85588239,FALSE,-2.54,1.23,0
0.002252761,75.85373596,34.83599196,FALSE,-2.54,1.23,0
0.204474904,75.87048819,34.87789002,TRUE,-2.54,1.23,0
0.011958707,75.87788236,34.8755232,FALSE,-2.54,1.23,0
0.000466976,75.87707859,34.8762065,FALSE,-2.54,1.23,0
0.000811459,75.88604947,34.87330747,FALSE,-2.54,1.23,0
0.030555625,75.81022362,34.85081822,FALSE,-2.54,1.23,0
0.009932907,75.80954813,34.84620643,FALSE,-2.54,1.23,0
0.00480429,75.80596085,34.84601762,FALSE,-2.54,1.23,0
0.036339323,75.78478524,34.85274344,FALSE,-2.54,1.23,0
0.020374529,75.781791,34.85852573,FALSE,-2.54,1.23,0
0.027168783,75.77602667,34.84325333,FALSE,-2.54,1.23,0
0.031452177,75.84068913,34.80162614,FALSE,-2.54,1.23,0
0.006414047,75.83664898,34.80136302,FALSE,-2.54,1.23,0
0.000233264,75.83558769,34.8004513,FALSE,-2.54,1.23,0
2.55E-05,75.8357792,34.80029918,FALSE,-2.54,1.23,0
2.03E-05,75.83552464,34.80017748,FALSE,-2.54,1.23,0
0.029552851,75.84834881,34.79674222,FALSE,-2.54,1.23,0
0.00145529,75.8473291,34.79837196,FALSE,-2.54,1.23,0
0.010516998,75.83191302,34.7937905,FALSE,-2.54,1.23,0
0.002513782,75.80556638,34.82037173,FALSE,-2.54,1.23,0
0.000349116,75.80547777,34.82003604,FALSE,-2.54,1.23,0
0.000731847,75.81840102,34.80525053,FALSE,-2.54,1.23,0
0.085796984,75.82481593,34.78301953,FALSE,-2.54,1.23,0
0.000932173,75.83107618,34.77637066,FALSE,-2.54,1.23,0
0.002256221,75.84716511,34.77031594,FALSE,-2.54,1.23,0
0.000898431,75.84715542,34.77162829,FALSE,-2.54,1.23,0
0.015560678,75.83680075,34.75693964,FALSE,-2.54,1.23,0
0.00857248,75.84018745,34.75983115,FALSE,-2.54,1.23,0
0.00195605,75.81786153,34.75956234,FALSE,-2.54,1.23,0
0.002796419,75.79890264,34.79889792,FALSE,-2.54,1.23,0
0.006390484,75.72149645,34.53434207,FALSE,-1.77,1.53,0
0.041504747,75.71620722,34.52560362,FALSE,-1.77,1.53,0
0.000811987,75.7128979,34.52805351,FALSE,-1.77,1.53,0
0.001094126,75.71176643,34.52994641,FALSE,-1.77,1.53,0
0.048800138,75.37753302,35.16876039,FALSE,-2.54,1.23,0
0.022881098,75.3808406,35.16622607,FALSE,-2.54,1.23,0
0.031576775,75.39543485,35.16254782,FALSE,-2.54,1.23,0
0.005496423,75.40100912,35.16224933,FALSE,-2.54,1.23,0
0.044368192,75.39653157,35.17324689,FALSE,-2.54,1.23,0
0.025849869,75.82287177,34.94449654,FALSE,-2.54,1.23,0
0.019828166,75.827781,34.93663305,FALSE,-2.54,1.23,0
0.141487801,75.4224344,35.18233863,TRUE,-2.54,1.23,0
0.016371852,75.41629064,35.18327858,FALSE,-2.54,1.23,0
0.004350278,75.45084743,35.17102071,FALSE,-2.54,1.23,0
0.017266106,75.41829086,35.19826314,FALSE,-2.54,1.23,0
0.004586633,75.42503724,35.19725443,FALSE,-2.54,1.23,0
0.045048314,75.47119164,35.16400823,FALSE,-2.54,1.23,0
0.001051703,75.22922418,34.64309874,FALSE,2.99,2.06,0
0.000175705,75.23077677,34.64407132,FALSE,2.99,2.06,0
0.003703184,75.23508263,34.64334235,FALSE,2.99,2.06,0
0.005098904,75.76268197,34.98682422,FALSE,-2.54,1.23,0
0.001854012,75.76967153,35.0048506,FALSE,-2.54,1.23,0
5.35E-05,75.80618947,35.00344078,FALSE,-2.54,1.23,0
0.007936242,75.56102591,34.72098929,FALSE,-1.77,1.53,0
0.025021095,75.45281629,35.18797878,FALSE,-2.54,1.23,0
0.201014507,75.44619762,35.44651803,TRUE,-0.23,0.97,0
0.005360049,75.4588064,35.43073557,FALSE,-0.23,0.97,0
0.045731491,75.45523863,35.42660558,FALSE,-0.23,0.97,0
0.038147217,75.4767475,35.22072202,FALSE,-2.54,1.23,0
0.003500157,75.49206824,35.22036439,FALSE,-2.54,1.23,0
0.000685768,75.48833382,35.21251435,FALSE,-2.54,1.23,0
0.008065503,75.47462693,35.23923153,FALSE,-2.54,1.23,0
0.029853171,75.36971735,35.12359811,FALSE,-2.54,1.23,0
0.008538865,75.37517705,35.1262067,FALSE,-2.54,1.23,0
0.039022613,75.47136307,35.16025166,FALSE,-2.54,1.23,0
0.000601618,75.43595512,34.94044893,FALSE,-2.54,1.23,0
0.000803662,75.33788874,34.97331165,FALSE,-2.54,1.23,0
0.000903126,75.32572056,34.96837032,FALSE,-2.54,1.23,0
0.001086697,75.34035597,34.93702539,FALSE,-2.54,1.23,0
0.00165234,75.35541615,34.92388426,FALSE,-2.54,1.23,0
0.000541035,75.3638238,34.92705226,FALSE,-2.54,1.23,0
0.00090673,76.02876093,34.95200613,FALSE,-0.46,0.89,0
0.095042561,76.01650161,34.90718884,FALSE,-0.46,0.89,0
0.004724768,76.01438887,34.90239985,FALSE,-0.46,0.89,0
0.000191072,76.01454786,34.90183337,FALSE,-0.46,0.89,0
0.000168112,76.01444896,34.90206452,FALSE,-0.46,0.89,0
0.0205103,76.02353443,34.91395685,FALSE,-0.46,0.89,0
0.019315965,76.02613418,34.91126199,FALSE,-0.46,0.89,0
0.012954198,76.0466184,34.91042761,FALSE,-0.46,0.89,0
0.02128409,76.05245139,34.8560706,FALSE,-0.46,0.89,0
0.009820047,76.03928602,34.84989374,FALSE,-0.46,0.89,0
0.011960983,76.03311002,34.81880549,FALSE,-0.46,0.89,0
0.014271911,75.87847165,34.53138591,FALSE,-1.77,1.53,0
0.000416146,75.87320941,34.53838889,FALSE,-1.77,1.53,0
0.003333709,75.86951531,34.53959837,FALSE,-1.77,1.53,0
0.000314337,75.87056238,34.54069817,FALSE,-1.77,1.53,0
0.001096047,75.85563621,34.53964326,FALSE,-1.77,1.53,0
0.003011727,75.89614689,34.57826895,FALSE,-1.77,1.53,0
0.008204731,75.90318631,34.5348644,FALSE,-1.77,1.53,0
0.007729225,75.9053075,34.5350166,FALSE,-1.77,1.53,0
0.018434362,75.96119254,34.7602248,FALSE,-0.46,0.89,0
0.000872114,75.92683112,34.7895499,FALSE,-2.54,1.23,0
0.041876927,75.96148395,34.80588832,FALSE,-0.46,0.89,0
0.058858634,75.94070936,34.82507818,FALSE,-0.46,0.89,0
0.018768515,75.93842677,34.83045223,FALSE,-0.46,0.89,0
0.052353337,75.94069492,34.84347575,FALSE,-0.46,0.89,0
0.139366641,75.94172455,34.85872433,TRUE,-0.46,0.89,0
0.000531975,75.94947279,34.85622364,FALSE,-0.46,0.89,0
0.003395199,75.91697822,34.87418028,FALSE,-2.54,1.23,0
0.034625929,75.9160144,34.90284148,FALSE,-2.54,1.23,0
0.01977616,75.91992326,34.90194969,FALSE,-2.54,1.23,0
0.014618922,75.90479919,34.91594805,FALSE,-2.54,1.23,0
0.002205323,75.91919263,34.91100654,FALSE,-2.54,1.23,0
0.000287081,75.90396205,34.88220785,FALSE,-2.54,1.23,0
0.003021414,75.78955404,34.83304218,FALSE,-2.54,1.23,0
0.002731448,75.84205695,34.91467812,FALSE,-2.54,1.23,0
0.000715795,75.84548367,34.91651519,FALSE,-2.54,1.23,0
0.001259357,75.84797031,34.92799485,FALSE,-2.54,1.23,0
0.00052819,75.84841102,34.92763109,FALSE,-2.54,1.23,0
0.023887859,75.87868202,34.94145308,FALSE,-2.54,1.23,0
0.046401598,75.87465098,34.94347168,FALSE,-2.54,1.23,0
0.000455945,75.87607242,34.94075746,FALSE,-2.54,1.23,0
4.40E-05,75.87606005,34.94098914,FALSE,-2.54,1.23,0
0.000787375,75.87871905,34.94302162,FALSE,-2.54,1.23,0
0.000628565,75.87153826,34.9418105,FALSE,-2.54,1.23,0
0.004768911,75.87858434,34.95159945,FALSE,-2.54,1.23,0
0.000773075,75.87981429,34.96071384,FALSE,-2.54,1.23,0
0.002115957,75.85045588,34.96474098,FALSE,-2.54,1.23,0
0.000108225,75.84884879,34.96575631,FALSE,-2.54,1.23,0
0.008662125,75.85372023,34.97453986,FALSE,-2.54,1.23,0
0.033203367,75.77819873,34.96747381,FALSE,-2.54,1.23,0
0.008049642,75.77471663,34.96982248,FALSE,-2.54,1.23,0
0.001109395,75.74674778,34.96470952,FALSE,-2.54,1.23,0
0.001517314,75.74103276,34.9631468,FALSE,-2.54,1.23,0
0.002352705,75.73927487,34.96327359,FALSE,-2.54,1.23,0
0.056403664,75.73422913,34.96265434,FALSE,-2.54,1.23,0
0.00265835,75.7317571,34.96116742,FALSE,-2.54,1.23,0
0.050842889,75.7376402,34.95482021,FALSE,-2.54,1.23,0
0.06111909,75.72902688,34.9508626,FALSE,-2.54,1.23,0
0.01544526,75.72630457,34.95598092,FALSE,-2.54,1.23,0
0.25344713,75.76240869,34.94671218,TRUE,-2.54,1.23,0
0.000387124,75.76947126,34.94533233,FALSE,-2.54,1.23,0
5.85E-05,75.76836203,34.94469477,FALSE,-2.54,1.23,0
0.044498851,75.7104135,34.92131055,FALSE,-2.54,1.23,0
0.011829757,75.71349133,34.91870972,FALSE,-2.54,1.23,0
0.02299482,75.71594737,34.92286731,FALSE,-2.54,1.23,0
0.012901705,75.7099889,34.9287421,FALSE,-2.54,1.23,0
0.094864073,75.70841918,34.93827886,FALSE,-2.54,1.23,0
0.029242718,75.70034692,34.92952682,FALSE,-2.54,1.23,0
0.007331238,75.68874573,34.92217102,FALSE,-2.54,1.23,0
0.006677673,75.6037728,34.89449033,FALSE,-2.54,1.23,0
0.022093627,75.66152285,35.08358002,FALSE,-2.54,1.23,0
0.009498079,75.64678884,35.07622541,FALSE,-2.54,1.23,0
0.058534284,75.66291459,35.11374079,FALSE,-2.54,1.23,0
0.010476273,75.65688833,35.10770376,FALSE,-2.54,1.23,0
0.001229611,75.65777694,35.10931743,FALSE,-2.54,1.23,0
0.006159519,75.65017066,35.09490525,FALSE,-2.54,1.23,0
0.008687377,75.64258757,35.09487586,FALSE,-2.54,1.23,0
0.035753336,75.6310914,35.11942072,FALSE,-2.54,1.23,0
0.002539376,75.63012099,35.12243874,FALSE,-2.54,1.23,0
0.061360294,75.62939099,35.12559192,FALSE,-2.54,1.23,0
0.037224325,75.63183822,35.13162231,FALSE,-2.54,1.23,0
0.006723162,75.64977966,35.13885067,FALSE,-2.54,1.23,0
0.036096,75.65516014,35.12464784,FALSE,-2.54,1.23,0
0.001784368,75.65064453,35.12502495,FALSE,-2.54,1.23,0
0.009740641,75.59635511,35.04851513,FALSE,-2.54,1.23,0
0.003772577,75.59183246,35.03904773,FALSE,-2.54,1.23,0
0.010838772,75.6015805,35.03691612,FALSE,-2.54,1.23,0
0.007660905,75.675482,35.07604875,FALSE,-2.54,1.23,0
0.019927161,75.70670995,35.00545151,FALSE,-2.54,1.23,0
0.000988529,75.70868294,35.00726763,FALSE,-2.54,1.23,0
0.021036673,75.69531733,35.00417704,FALSE,-2.54,1.23,0
0.011961383,75.69282876,35.0093305,FALSE,-2.54,1.23,0
0.036776078,75.67145369,35.017828,FALSE,-2.54,1.23,0
0.005044078,75.6785426,35.0124611,FALSE,-2.54,1.23,0
0.004108708,75.68174321,35.02900952,FALSE,-2.54,1.23,0
0.013511104,75.72912561,35.00309041,FALSE,-2.54,1.23,0
0.078541361,75.55128783,34.91637741,FALSE,-2.54,1.23,0
0.005356906,75.55264897,34.80296306,FALSE,-2.54,1.23,0
0.169901058,75.54420205,34.80736987,TRUE,-2.54,1.23,0
0.006183445,75.53432934,34.80000219,FALSE,-2.54,1.23,0
0.000839995,75.53186336,34.80160863,FALSE,-2.54,1.23,0
0.011340995,75.50323793,34.75803811,FALSE,-2.54,1.23,0
0.002868939,75.48488403,34.73550189,FALSE,-1.77,1.53,0
0.030907128,75.3948759,34.62010462,FALSE,-1.77,1.53,0
0.040131831,75.46983003,34.54175847,FALSE,-1.77,1.53,0
0.007109168,75.46663351,34.542323,FALSE,-1.77,1.53,0
0.005913592,75.47437143,34.54030683,FALSE,-1.77,1.53,0
0.002569384,75.47312109,34.53974169,FALSE,-1.77,1.53,0
0.00286015,75.4610209,34.54202255,FALSE,-1.77,1.53,0
0.007076994,75.4813789,34.52634575,FALSE,-1.77,1.53,0
0.005337042,75.48625444,34.53223846,FALSE,-1.77,1.53,0
0.007541867,75.54846617,34.5100105,FALSE,-1.77,1.53,0
0.006435203,75.55273097,34.50455356,FALSE,-1.77,1.53,0
0.00460594,75.5621516,34.56111695,FALSE,-1.77,1.53,0
0.003852244,75.53354893,34.51880606,FALSE,-1.77,1.53,0
0.002169134,75.54192034,34.52999962,FALSE,-1.77,1.53,0
0.000217119,75.52825419,34.53460844,FALSE,-1.77,1.53,0
0.06148972,75.63864708,34.49473851,FALSE,-1.77,1.53,0
0.016311876,75.49600803,34.54708426,FALSE,-1.77,1.53,0
0.000996767,75.58651162,34.51214748,FALSE,-1.77,1.53,0
0.000517447,75.58729725,34.51169267,FALSE,-1.77,1.53,0
0.00111666,75.58849375,34.5122174,FALSE,-1.77,1.53,0
0.006026362,75.49166956,34.5386788,FALSE,-1.77,1.53,0
0.018373336,75.6120065,34.49147138,FALSE,-1.77,1.53,0
0.001745172,75.64243181,34.48704431,FALSE,-1.77,1.53,0
0.00788599,75.64281006,34.50055951,FALSE,-1.77,1.53,0
0.000211396,75.6424533,34.49520449,FALSE,-1.77,1.53,0
0.003226666,75.63201229,34.51974972,FALSE,-1.77,1.53,0
0.005093464,75.62461761,34.51911039,FALSE,-1.77,1.53,0
0.005695515,75.74348737,34.5055437,FALSE,-1.77,1.53,0
0.091600505,75.74944935,34.51155144,FALSE,-1.77,1.53,0
0.001595088,75.75444751,34.51211152,FALSE,-1.77,1.53,0
0.072377107,75.77152949,34.52307981,FALSE,-1.77,1.53,0
0.000598891,75.77134387,34.51931915,FALSE,-1.77,1.53,0
0.003059011,75.7849855,34.52051081,FALSE,-1.77,1.53,0
0.000874892,75.76998592,34.5272024,FALSE,-1.77,1.53,0
0.000600946,75.78202496,34.49767661,FALSE,-1.77,1.53,0
0.012565057,75.80847615,34.5091208,FALSE,-1.77,1.53,0
0.012946638,75.86015138,34.77251569,FALSE,-2.54,1.23,0
0.007741506,75.86699422,34.77449802,FALSE,-2.54,1.23,0
0.007873928,75.87148657,34.77569668,FALSE,-2.54,1.23,0
0.006664133,75.92291057,34.84081407,FALSE,-2.54,1.23,0
0.002500347,75.92007259,34.83544766,FALSE,-2.54,1.23,0
0.028600326,75.72486999,35.04461409,FALSE,-2.54,1.23,0
0.008202917,75.72757564,35.03948872,FALSE,-2.54,1.23,0
0.004094275,75.72342332,35.05330562,FALSE,-2.54,1.23,0
2.213478561,75.63054643,35.23008247,TRUE,-2.54,1.23,0
0.03292872,75.50716049,35.17175879,FALSE,-2.54,1.23,0
0.119347696,75.5208563,35.17146002,FALSE,-2.54,1.23,0
0.010851446,75.53816341,35.16571959,FALSE,-2.54,1.23,0
0.005458527,75.53621694,35.16319391,FALSE,-2.54,1.23,0
0.014053437,75.5324292,35.16334392,FALSE,-2.54,1.23,0
0.00513374,75.54006657,35.15925348,FALSE,-2.54,1.23,0
0.045771232,75.53677017,35.15300688,FALSE,-2.54,1.23,0
0.089028342,75.54634078,35.14745053,FALSE,-2.54,1.23,0
0.003310785,75.55402718,35.15165442,FALSE,-2.54,1.23,0
0.003296471,75.56064471,35.15556995,FALSE,-2.54,1.23,0
0.00720022,75.54107781,35.13966168,FALSE,-2.54,1.23,0
0.012488236,75.54743201,35.13862872,FALSE,-2.54,1.23,0
0.016730438,75.42723963,35.25924103,FALSE,-0.23,0.97,0
0.038111471,75.56428879,34.72698167,FALSE,-1.77,1.53,0
0.00618701,75.56650112,34.76077001,FALSE,-2.54,1.23,0
0.012212478,75.57457167,34.82987942,FALSE,-2.54,1.23,0
0.001388419,75.2600384,34.74775247,FALSE,2.99,2.06,0
0.000552041,75.37094159,34.5653269,FALSE,-1.77,1.53,0
0.001240052,75.4204736,34.78637284,FALSE,-2.54,1.23,0
0.001836419,75.55596974,35.03822929,FALSE,-2.54,1.23,0
0.109333388,75.57936408,35.09572151,FALSE,-2.54,1.23,0
0.001241346,75.57868311,35.09888686,FALSE,-2.54,1.23,0
0.004863105,75.61730231,34.99002441,FALSE,-2.54,1.23,0
0.006192809,75.55540744,34.70229695,FALSE,-1.77,1.53,0
0.001926997,75.43280623,34.51977456,FALSE,-1.77,1.53,0
0.000660169,75.61934879,34.53095102,FALSE,-1.77,1.53,0
0.001205993,75.63708221,34.52644442,FALSE,-1.77,1.53,0
0.004431249,75.76625101,34.4826564,FALSE,-1.77,1.53,0
0.000412072,75.81150632,34.9404156,FALSE,-2.54,1.23,0
0.00071981,75.79889887,34.93557615,FALSE,-2.54,1.23,0
0.000760101,75.79802745,34.93658129,FALSE,-2.54,1.23,0
0.000488685,75.79799565,34.93853777,FALSE,-2.54,1.23,0
0.001206638,75.79229659,34.93899477,FALSE,-2.54,1.23,0
0.001537984,75.7889148,34.94264068,FALSE,-2.54,1.23,0
0.000158042,75.78449572,34.94487787,FALSE,-2.54,1.23,0
0.000441151,75.84336834,34.94687013,FALSE,-2.54,1.23,0
0.001181019,75.83154816,34.97100026,FALSE,-2.54,1.23,0
0.001046188,75.81383802,34.9575188,FALSE,-2.54,1.23,0
0.00171729,75.90024522,34.92818444,FALSE,-2.54,1.23,0
0.002276916,75.86436025,35.03406744,FALSE,-2.54,1.23,0
0.001630175,75.84599734,35.03120164,FALSE,-2.54,1.23,0
0.003819338,75.83287072,35.02442349,FALSE,-2.54,1.23,0
0.005990728,75.83140561,35.02253325,FALSE,-2.54,1.23,0
0.001424342,75.82252926,35.03143851,FALSE,-2.54,1.23,0
0.012223983,75.803638,35.0160036,FALSE,-2.54,1.23,0
0.000389427,75.81836717,35.05243708,FALSE,-2.54,1.23,0
0.016708168,75.57145841,35.02327023,FALSE,-2.54,1.23,0
0.026604538,75.77055295,35.00068643,FALSE,-2.54,1.23,0
0.000113073,75.76948837,35.00159296,FALSE,-2.54,1.23,0
0.003070272,75.50579117,35.20226848,FALSE,-2.54,1.23,0
0.000343689,75.50332865,35.215835,FALSE,-2.54,1.23,0
0.002886816,75.39340621,35.17229034,FALSE,-2.54,1.23,0
0.000781813,75.41102644,35.17276247,FALSE,-2.54,1.23,0
0.013747504,75.50041608,34.81308002,FALSE,-2.54,1.23,0
0.000767425,75.67943361,34.73518667,FALSE,-1.77,1.53,0
0.003452628,75.67731591,34.73512663,FALSE,-1.77,1.53,0
0.000511175,75.67622099,34.73578112,FALSE,-1.77,1.53,0
0.000776177,75.68084653,34.60302304,FALSE,-1.77,1.53,0
0.136956501,75.64901574,34.49118073,TRUE,-1.77,1.53,0
0.012054036,75.7395883,34.91439684,FALSE,-2.54,1.23,0
0.00688481,75.71908388,34.9193318,FALSE,-2.54,1.23,0
0.001133858,75.81543944,35.00461365,FALSE,-2.54,1.23,0
0.00979466,75.84552375,34.74412291,FALSE,-1.77,1.53,0
0.000645792,75.8952603,34.89643606,FALSE,-2.54,1.23,0
0.001215116,75.95485835,34.92165897,FALSE,-0.46,0.89,0
0.002893817,75.9657775,34.84099569,FALSE,-0.46,0.89,0
0.001748157,75.95886812,34.82375072,FALSE,-0.46,0.89,0
0.002365227,75.97468377,34.79371791,FALSE,-0.46,0.89,0
0.030001336,73.53707521,34.97838668,FALSE,0.22,1.74,0
0.001000919,73.53466996,34.97984678,FALSE,0.22,1.74,0
0.000162179,73.53276084,34.98051505,FALSE,0.22,1.74,0
0.004897536,73.54184967,34.96547152,FALSE,0.22,1.74,0
0.000372188,73.53875791,34.96691568,FALSE,0.22,1.74,0
0.000532171,73.52951911,34.92172496,FALSE,0.22,1.74,0
9.54E-05,73.53621032,34.92672556,FALSE,0.22,1.74,0
0.009603544,73.54152395,34.95232635,FALSE,0.22,1.74,0
0.000736572,73.51543429,34.98116663,FALSE,0.22,1.74,0
0.000100028,73.50511529,34.93086046,FALSE,0.22,1.74,0
0.003211584,73.49049334,34.91018916,FALSE,0.22,1.74,0
0.003767119,73.48909589,34.90655779,FALSE,0.22,1.74,0
0.001257962,73.4956396,34.91007973,FALSE,0.22,1.74,0
0.00036735,73.49816355,34.91347722,FALSE,0.22,1.74,0
0.000236929,73.49812946,34.91438477,FALSE,0.22,1.74,0
0.02880006,73.58031286,34.78599941,FALSE,0.22,1.74,0
0.012437288,73.61496901,34.82068111,FALSE,0.22,1.74,0
0.007710999,73.63426472,34.9634288,FALSE,0.22,1.74,0
0.002915982,73.63505734,34.96082567,FALSE,0.22,1.74,0
0.001094879,73.63265738,34.96110349,FALSE,0.22,1.74,0
0.001030008,73.63262326,34.96497264,FALSE,0.22,1.74,0
0.008752403,73.61925099,34.95575213,FALSE,0.22,1.74,0
0.000380724,73.61781412,34.9596892,FALSE,0.22,1.74,0
0.006613566,73.64307131,34.97215873,FALSE,0.22,1.74,0
0.01132745,73.63487734,34.98316111,FALSE,0.22,1.74,0
0.003385461,73.62001441,34.98476543,FALSE,0.22,1.74,0
0.056684326,73.65603676,34.99223334,FALSE,0.22,1.74,0
0.019031938,73.65042927,34.99700276,FALSE,0.22,1.74,0
0.010628924,73.65515601,34.99615919,FALSE,0.22,1.74,0
0.000183935,73.65568623,34.99761267,FALSE,0.22,1.74,0
0.003529895,73.65624721,34.99422424,FALSE,0.22,1.74,0
0.00624775,73.64478904,35.00850129,FALSE,0.22,1.74,0
0.000956845,73.63793832,35.01409865,FALSE,0.22,1.74,0
0.008247892,73.66826631,35.00572771,FALSE,0.22,1.74,0
0.005335459,73.67042892,35.00637353,FALSE,0.22,1.74,0
0.076728561,73.65181771,35.02327467,FALSE,0.22,1.74,0
0.001647122,73.66033164,35.01614069,FALSE,0.22,1.74,0
0.00045051,73.66070951,35.01509532,FALSE,0.22,1.74,0
0.000542668,73.66096921,35.01560723,FALSE,0.22,1.74,0
0.000310095,73.60459305,34.97613922,FALSE,0.22,1.74,0
0.006088801,73.5183748,35.01723056,FALSE,0.22,1.74,0
0.05942596,73.51420653,35.0191745,FALSE,0.22,1.74,0
0.003900562,73.51114105,35.01957664,FALSE,0.22,1.74,0
0.003618726,73.50421862,35.02067118,FALSE,0.22,1.74,0
0.074350475,73.49566766,35.3717405,FALSE,6.1,1.01,0
0.056830558,73.50910124,35.36141054,FALSE,6.1,1.01,0
0.001608191,73.51331259,35.36738243,FALSE,6.1,1.01,0
0.060620713,73.46872498,35.36212783,FALSE,6.1,1.01,0
0.09763199,73.47322461,35.35774131,FALSE,6.1,1.01,0
0.004779181,73.47452502,35.36549787,FALSE,6.1,1.01,0
0.061304597,73.48529863,35.33197548,FALSE,6.1,1.01,0
0.001375464,73.48851002,35.33242033,FALSE,6.1,1.01,0
0.094356374,73.45463882,35.32089774,FALSE,6.1,1.01,0
0.084981563,73.44885305,35.30726563,FALSE,6.1,1.01,0
0.026733905,73.4782195,35.31652483,FALSE,6.1,1.01,0
0.005803192,73.4948883,35.27675178,FALSE,6.1,1.01,0
0.017965516,73.48812314,35.26339873,FALSE,6.1,1.01,0
0.04374256,73.51408055,35.34588423,FALSE,6.1,1.01,0
0.002462259,73.51412225,35.34242736,FALSE,6.1,1.01,0
0.155443872,73.52369907,35.33792282,TRUE,6.1,1.01,0
0.011342953,73.52917913,35.34421273,FALSE,6.1,1.01,0
0.000591609,73.52935832,35.34252486,FALSE,6.1,1.01,0
0.019428253,73.54184468,35.34584238,FALSE,6.1,1.01,0
0.10622383,73.54604407,35.34427729,FALSE,6.1,1.01,0
0.008885733,73.55346278,35.34351194,FALSE,6.1,1.01,0
0.023138087,73.54994066,35.35054669,FALSE,6.1,1.01,0
0.001538724,73.5588056,35.34409002,FALSE,6.1,1.01,0
0.05971725,73.56619503,35.34491959,FALSE,6.1,1.01,0
0.016941413,73.57734013,35.34744076,FALSE,6.1,1.01,0
0.00538186,73.59014365,35.34943406,FALSE,6.1,1.01,0
0.003011378,73.58895112,35.34920487,FALSE,6.1,1.01,0
0.13909996,73.54042731,35.3316059,TRUE,6.1,1.01,0
0.020345103,73.52010736,35.32546293,FALSE,6.1,1.01,0
0.006934717,73.54403418,35.35608697,FALSE,6.1,1.01,0
0.052399641,73.6926268,35.35615298,FALSE,6.1,1.01,0
0.019212273,73.68235872,35.34573315,FALSE,6.1,1.01,0
0.023251873,73.6824479,35.33439138,FALSE,6.1,1.01,0
0.005366569,73.69541739,35.34548626,FALSE,6.1,1.01,0
0.02992024,73.69994972,35.34492689,FALSE,6.1,1.01,0
0.018846735,73.67232952,35.3381788,FALSE,6.1,1.01,0
0.019364214,73.67114013,35.33546521,FALSE,6.1,1.01,0
0.001335976,73.66960814,35.33430598,FALSE,6.1,1.01,0
0.001163244,73.66770685,35.33287919,FALSE,6.1,1.01,0
0.000534785,73.66718037,35.33677442,FALSE,6.1,1.01,0
0.012443906,73.65048102,35.32459144,FALSE,6.1,1.01,0
0.000433723,73.6531263,35.32301678,FALSE,6.1,1.01,0
0.012660215,73.64480059,35.33789781,FALSE,6.1,1.01,0
0.025106944,73.60417339,35.30747774,FALSE,6.1,1.01,0
0.004224848,73.61024569,35.31782609,FALSE,6.1,1.01,0
0.008402761,73.59337005,35.32918708,FALSE,6.1,1.01,0
0.022177887,73.58832711,35.33141788,FALSE,6.1,1.01,0
0.002408053,73.58596779,35.3324507,FALSE,6.1,1.01,0
0.002974866,73.59994353,35.33634793,FALSE,6.1,1.01,0
0.059433661,73.36741699,35.35666683,FALSE,4.27,1.28,0
0.053178377,73.3767274,35.36212611,FALSE,4.27,1.28,0
0.026401205,73.38224518,35.35720336,FALSE,4.27,1.28,0
0.013193473,73.38490796,35.3586721,FALSE,4.27,1.28,0
0.032397675,73.38711099,35.36191999,FALSE,4.27,1.28,0
0.025049378,73.38767974,35.35409528,FALSE,4.27,1.28,0
0.064411562,73.39315677,35.35539422,FALSE,4.27,1.28,0
0.112414796,73.4011715,35.353565,FALSE,4.27,1.28,0
0.00476995,73.40828505,35.35161546,FALSE,4.27,1.28,0
0.003363715,73.40830655,35.35360386,FALSE,4.27,1.28,0
0.001169383,73.40786692,35.35290479,FALSE,4.27,1.28,0
0.011871781,73.39689621,35.35026184,FALSE,4.27,1.28,0
0.004220935,73.39519141,35.34949288,FALSE,4.27,1.28,0
0.06697978,73.40479547,35.35962244,FALSE,4.27,1.28,0
0.040503525,73.42282204,35.36607316,FALSE,4.27,1.28,0
0.073022258,73.42107734,35.36959475,FALSE,4.27,1.28,0
0.000134652,73.42287319,35.37075211,FALSE,4.27,1.28,0
0.002984963,73.43177635,35.36302047,FALSE,4.27,1.28,0
0.001406634,73.43417535,35.36848337,FALSE,4.27,1.28,0
0.076603639,73.43835729,35.33885799,FALSE,6.1,1.01,0
0.095531784,73.69256276,35.24347694,FALSE,0.22,1.74,0
0.066222155,73.70167801,35.24844973,FALSE,0.22,1.74,0
0.023793206,73.72052783,35.24212768,FALSE,0.22,1.74,0
0.008037345,73.72646316,35.24569762,FALSE,0.22,1.74,0
0.075447562,73.73268633,35.23957143,FALSE,0.22,1.74,0
0.004933282,73.7347432,35.24173566,FALSE,0.22,1.74,0
0.024097976,73.73874874,35.24348486,FALSE,0.22,1.74,0
0.030879133,73.7412871,35.23944769,FALSE,0.22,1.74,0
0.010877254,73.7433838,35.24276601,FALSE,0.22,1.74,0
0.000398006,73.73963194,35.24228,FALSE,0.22,1.74,0
0.004050915,73.70942201,35.23055514,FALSE,0.22,1.74,0
0.008226827,73.70114499,35.23947036,FALSE,0.22,1.74,0
0.001058809,73.70386948,35.23981156,FALSE,0.22,1.74,0
7.73E-05,73.70347829,35.23962307,FALSE,0.22,1.74,0
0.009123341,73.67468116,35.23379133,FALSE,0.22,1.74,0
0.005963373,73.67539627,35.23284648,FALSE,0.22,1.74,0
0.001446703,73.67122888,35.23982719,FALSE,0.22,1.74,0
0.020233819,73.6453249,35.24149752,FALSE,0.22,1.74,0
0.152889996,73.63543399,35.23402727,TRUE,0.22,1.74,0
0.008498542,73.63078784,35.23864805,FALSE,0.22,1.74,0
0.00021507,73.63172679,35.23827544,FALSE,0.22,1.74,0
0.000431908,73.62699221,35.23933296,FALSE,0.22,1.74,0
0.03039528,73.63867887,35.24837748,FALSE,0.22,1.74,0
0.130327563,73.61973361,35.22030266,TRUE,0.22,1.74,0
0.004528786,73.62673854,35.22552638,FALSE,0.22,1.74,0
0.0348791,73.61220315,35.24838862,FALSE,0.22,1.74,0
0.008158667,73.61344631,35.24933246,FALSE,0.22,1.74,0
0.003603499,73.63441323,35.24164957,FALSE,0.22,1.74,0
0.019245748,73.71919186,35.28221476,FALSE,6.1,1.01,0
0.02727463,73.70112772,35.29285936,FALSE,6.1,1.01,0
0.001944458,73.70215197,35.29448837,FALSE,6.1,1.01,0
0.068760483,73.69811894,35.30485441,FALSE,6.1,1.01,0
0.000260332,73.699677,35.30185591,FALSE,6.1,1.01,0
0.00072494,73.69972999,35.29025552,FALSE,6.1,1.01,0
0.029287874,73.6617457,35.2582159,FALSE,6.1,1.01,0
0.002814051,73.66149087,35.26016942,FALSE,6.1,1.01,0
0.363757526,73.29164086,35.08799865,TRUE,8.74,1.92,0
0.01174384,73.28548711,35.09137313,FALSE,8.74,1.92,0
0.02008714,73.22070805,34.92837785,FALSE,8.74,1.92,0
0.01152844,73.22441806,34.92389046,FALSE,8.74,1.92,0
0.009585206,73.21055878,34.94899277,FALSE,8.74,1.92,0
0.002820704,73.22044504,34.93950984,FALSE,8.74,1.92,0
0.014094083,73.16702608,34.96209376,FALSE,8.74,1.92,0
0.007622842,73.16051873,34.96481034,FALSE,8.74,1.92,0
0.004318972,73.18221553,34.95567396,FALSE,8.74,1.92,0
0.039942107,73.39499168,35.37885886,FALSE,4.27,1.28,0
0.00148272,73.38985446,35.37619598,FALSE,4.27,1.28,0
0.002679097,73.39219967,35.37352319,FALSE,4.27,1.28,0
0.038575474,73.38705873,35.38509461,FALSE,4.27,1.28,0
0.016537919,73.383177,35.38688665,FALSE,4.27,1.28,0
0.027810824,73.37892816,35.38047531,FALSE,4.27,1.28,0
0.027121154,73.38129807,35.38173987,FALSE,4.27,1.28,0
0.005495869,73.3824803,35.3730886,FALSE,4.27,1.28,0
0.022524739,73.33580425,35.33394505,FALSE,4.27,1.28,0
0.000461945,73.33546238,35.33282535,FALSE,4.27,1.28,0
0.025300764,73.6300288,35.20338576,FALSE,0.22,1.74,0
0.109383389,73.6489865,35.21675619,FALSE,0.22,1.74,0
0.048627831,73.65074479,35.21263739,FALSE,0.22,1.74,0
0.00489033,73.65500273,35.21613594,FALSE,0.22,1.74,0
0.002002595,73.65364648,35.21548409,FALSE,0.22,1.74,0
0.019092516,73.543159,35.16432397,FALSE,0.22,1.74,0
0.000958783,73.54820762,35.16057528,FALSE,0.22,1.74,0
0.001009988,73.54746502,35.1609042,FALSE,0.22,1.74,0
0.00814858,73.54885683,35.161781,FALSE,0.22,1.74,0
0.026928858,73.41683474,35.35069918,FALSE,4.27,1.28,0
0.003626301,73.41389035,35.36642988,FALSE,4.27,1.28,0
0.000369688,73.41464507,35.36782842,FALSE,4.27,1.28,0
0.018258443,73.41928715,35.33862972,FALSE,4.27,1.28,0
0.008706623,73.41904524,35.33610574,FALSE,4.27,1.28,0
0.007977609,73.42931591,35.34260344,FALSE,4.27,1.28,0
0.002458347,73.44640296,35.34610373,FALSE,6.1,1.01,0
0.003425917,73.4484918,35.35878054,FALSE,6.1,1.01,0
0.002022166,73.44757919,35.35984907,FALSE,6.1,1.01,0
0.001101273,73.45698248,35.36761987,FALSE,6.1,1.01,0
0.001402911,73.46153239,35.35225519,FALSE,6.1,1.01,0
0.00015529,73.46125677,35.35254167,FALSE,6.1,1.01,0
0.001695037,73.46476409,35.35424167,FALSE,6.1,1.01,0
8.75E-05,73.46438767,35.35424426,FALSE,6.1,1.01,0
0.043108825,73.75409484,35.22891803,FALSE,0.22,1.74,0
0.013441111,73.74823936,35.22522587,FALSE,0.22,1.74,0
0.003033281,73.73195291,35.24561157,FALSE,0.22,1.74,0
0.027930195,73.65513107,35.1409723,FALSE,0.22,1.74,0
0.022652229,73.57862339,35.15458799,FALSE,0.22,1.74,0
0.018046659,73.56167365,35.12943103,FALSE,0.22,1.74,0
0.050630699,73.31701881,35.08300763,FALSE,8.74,1.92,0
0.037207085,73.57030293,35.10540031,FALSE,0.22,1.74,0
0.002681233,73.57142584,35.10680267,FALSE,0.22,1.74,0
0.000311127,73.57167067,35.10676295,FALSE,0.22,1.74,0
0.021339196,73.55196058,35.13038854,FALSE,0.22,1.74,0
0.05813547,73.53933678,35.1428819,FALSE,0.22,1.74,0
0.005956999,73.52694606,35.1468615,FALSE,0.22,1.74,0
0.002168301,73.52855143,35.14489044,FALSE,0.22,1.74,0
0.0507895,73.67329822,35.09338444,FALSE,0.22,1.74,0
0.035571053,73.67190345,35.08792961,FALSE,0.22,1.74,0
0.005398066,73.66735189,35.08314253,FALSE,0.22,1.74,0
0.011836583,73.65781357,35.09260573,FALSE,0.22,1.74,0
0.012294787,73.70567139,35.07977018,FALSE,0.22,1.74,0
0.004896388,73.69623591,35.07680814,FALSE,0.22,1.74,0
0.002583739,73.70015918,35.06783327,FALSE,0.22,1.74,0
0.003331268,73.65995559,35.09916258,FALSE,0.22,1.74,0
0.003817775,73.64233115,35.11267427,FALSE,0.22,1.74,0
0.011533511,73.52058581,35.10994364,FALSE,0.22,1.74,0
0.008191659,73.64865616,35.13306566,FALSE,0.22,1.74,0
0.005230043,73.64462875,35.12894467,FALSE,0.22,1.74,0
0.004699348,73.64558396,35.12994771,FALSE,0.22,1.74,0
0.001898797,73.64839042,35.1306226,FALSE,0.22,1.74,0
0.01237439,73.70305935,35.03862986,FALSE,0.22,1.74,0
0.015142471,73.60114168,35.02702298,FALSE,0.22,1.74,0
0.021089244,73.60126302,35.02464419,FALSE,0.22,1.74,0
0.004234034,73.60130901,35.02275935,FALSE,0.22,1.74,0
0.011478374,73.56813582,35.05578894,FALSE,0.22,1.74,0
0.015153942,73.59132925,35.01272755,FALSE,0.22,1.74,0
0.00575988,73.5857489,35.00056776,FALSE,0.22,1.74,0
0.004863232,73.6992694,35.04970498,FALSE,0.22,1.74,0
0.005379725,73.69468335,35.10696704,FALSE,0.22,1.74,0
0.009420282,73.68894162,35.10756034,FALSE,0.22,1.74,0
0.001400926,73.68898129,35.10983378,FALSE,0.22,1.74,0
0.012376176,73.73963808,35.21082164,FALSE,0.22,1.74,0
0.039613107,73.71273248,35.28478365,FALSE,6.1,1.01,0
0.004987772,73.42296126,35.34068169,FALSE,4.27,1.28,0
0.006358671,73.42079218,35.34340964,FALSE,4.27,1.28,0
0.004122096,73.43821639,35.37330309,FALSE,6.1,1.01,0
0.001787086,73.32500874,35.10181357,FALSE,8.74,1.92,0
0.000251524,73.42193231,34.87185926,FALSE,8.74,1.92,0
0.004208536,73.42263347,34.87104556,FALSE,8.74,1.92,0
0.006467937,73.42534211,34.86901526,FALSE,8.74,1.92,0
0.004384879,73.42652135,34.86790958,FALSE,8.74,1.92,0
0.001800868,73.44917224,34.88244418,FALSE,0.22,1.74,0
0.000440163,73.44545554,34.88393995,FALSE,0.22,1.74,0
0.001772798,73.42567481,34.91310036,FALSE,8.74,1.92,0
0.003061608,73.45666082,34.90512899,FALSE,0.22,1.74,0
0.000968863,73.45077002,34.90547894,FALSE,0.22,1.74,0
0.003314648,73.4456297,34.90832292,FALSE,0.22,1.74,0
0.002779113,73.45822503,35.07299398,FALSE,0.22,1.74,0
0.007130425,73.54013815,35.12317593,FALSE,0.22,1.74,0
0.009060136,73.53358638,35.1079283,FALSE,0.22,1.74,0
0.002625336,73.5220492,35.10900472,FALSE,0.22,1.74,0
0.000892668,73.5161891,35.11524519,FALSE,0.22,1.74,0
0.000399629,73.51605739,35.11473793,FALSE,0.22,1.74,0
0.012856073,73.52832393,35.0946795,FALSE,0.22,1.74,0
0.009089005,73.52496584,35.09260809,FALSE,0.22,1.74,0
0.002684407,73.50813895,35.07952769,FALSE,0.22,1.74,0
0.00060343,73.50976814,35.07365613,FALSE,0.22,1.74,0
0.038638609,73.52637163,35.06845028,FALSE,0.22,1.74,0
0.001263077,73.53583826,35.00636593,FALSE,0.22,1.74,0
0.001613537,73.53495068,35.00620844,FALSE,0.22,1.74,0
0.001694893,73.55261762,35.00476433,FALSE,0.22,1.74,0
0.000472202,73.55719194,35.00318688,FALSE,0.22,1.74,0
0.002471165,73.56291489,35.00259622,FALSE,0.22,1.74,0
0.005990426,73.57212608,35.12950788,FALSE,0.22,1.74,0
0.004645953,73.56892042,35.13046741,FALSE,0.22,1.74,0
0.000790614,73.57860488,35.15732678,FALSE,0.22,1.74,0
0.003278599,73.56154065,35.32585119,FALSE,6.1,1.01,0
0.001088571,73.57605561,35.34431403,FALSE,6.1,1.01,0
0.000326833,73.57319752,35.34771713,FALSE,6.1,1.01,0
0.002002113,73.65105412,35.36050721,FALSE,6.1,1.01,0
0.00063819,73.6363566,35.22996054,FALSE,0.22,1.74,0
0.001561385,73.62934937,35.21568268,FALSE,0.22,1.74,0
0.001291349,73.63413729,35.20361869,FALSE,0.22,1.74,0
0.000317069,73.62745053,35.20335385,FALSE,0.22,1.74,0
0.065186651,74.08050518,35.15224837,FALSE,-0.81,1.73,0
0.014077612,74.07003978,35.15760867,FALSE,-0.81,1.73,0
0.004972363,74.06643616,35.15985281,FALSE,-0.81,1.73,0
0.002480961,74.06598853,35.1604519,FALSE,-0.81,1.73,0
0.001560425,74.05004279,35.15817211,FALSE,0.22,1.74,0
0.021132307,74.09872522,35.12681441,FALSE,-0.81,1.73,0
0.146472194,74.0974724,35.09894255,TRUE,-0.81,1.73,0
0.027904569,74.09027714,35.09026841,FALSE,-0.81,1.73,0
0.045184034,74.10417737,35.10379808,FALSE,-0.81,1.73,0
0.042796143,74.07049293,35.15504041,FALSE,-0.81,1.73,0
0.000432345,74.02527107,35.16887358,FALSE,0.22,1.74,0
0.002253983,74.02362677,35.16676874,FALSE,0.22,1.74,0
0.000784474,74.02221202,35.16586103,FALSE,0.22,1.74,0
0.010586364,73.98980727,35.16649532,FALSE,0.22,1.74,0
0.1058856,73.95766042,35.18367328,FALSE,0.22,1.74,0
0.053256866,73.94667858,35.18526623,FALSE,0.22,1.74,0
0.300895352,74.09028865,35.01785774,TRUE,-0.81,1.73,0
0.019096696,74.04120838,35.10937704,FALSE,0.22,1.74,0
0.041096557,74.03513279,35.09972156,FALSE,0.22,1.74,0
0.02601343,74.03864683,35.0981343,FALSE,0.22,1.74,0
0.029683821,73.99742028,35.08739595,FALSE,0.22,1.74,0
0.037888833,74.0017623,35.08568781,FALSE,0.22,1.74,0
0.007038339,73.99882804,35.08520295,FALSE,0.22,1.74,0
0.022137115,74.00273206,35.0826542,FALSE,0.22,1.74,0
0.097576741,73.99146187,35.08230224,FALSE,0.22,1.74,0
0.005237808,73.97951146,35.07932735,FALSE,0.22,1.74,0
0.018346565,73.97461843,35.07955908,FALSE,0.22,1.74,0
0.044511694,73.97573764,35.08342243,FALSE,0.22,1.74,0
0.004703213,73.97243128,35.08387907,FALSE,0.22,1.74,0
0.007393901,73.9820012,35.07893204,FALSE,0.22,1.74,0
0.007582635,73.95979167,35.0811091,FALSE,0.22,1.74,0
0.035859112,73.96103103,35.07765591,FALSE,0.22,1.74,0
0.002647373,73.9626779,35.07673417,FALSE,0.22,1.74,0
0.950687387,73.92884111,35.08179628,TRUE,0.22,1.74,0
0.005812125,73.93206443,35.07638903,FALSE,0.22,1.74,0
0.009280674,73.92675879,35.06933366,FALSE,0.22,1.74,0
0.038032738,73.95832675,35.17774407,FALSE,0.22,1.74,0
0.013176097,73.95385932,35.17367651,FALSE,0.22,1.74,0
0.002237829,73.9596463,35.17641318,FALSE,0.22,1.74,0
0.004291414,73.95759527,35.17054406,FALSE,0.22,1.74,0
0.00525859,73.95746802,35.1690607,FALSE,0.22,1.74,0
0.010582615,73.90182972,35.18921228,FALSE,0.22,1.74,0
0.016588895,73.9177028,35.17430252,FALSE,0.22,1.74,0
0.051640341,74.00585189,35.08092548,FALSE,0.22,1.74,0
0.028555754,73.81126894,35.12780918,FALSE,0.22,1.74,0
0.003118543,73.81227906,35.11975653,FALSE,0.22,1.74,0
0.003596296,73.81322154,35.11863847,FALSE,0.22,1.74,0
0.013892693,73.88085157,35.15564819,FALSE,0.22,1.74,0
0.04281431,74.0475873,35.09073212,FALSE,0.22,1.74,0
0.008919365,74.04918268,35.10038074,FALSE,0.22,1.74,0
0.013260954,74.08105011,35.08376869,FALSE,-0.81,1.73,0
0.020910955,74.10487047,35.07309594,FALSE,-0.81,1.73,0
0.044078912,74.11421965,35.07012647,FALSE,-0.81,1.73,0
0.157880167,74.05816157,34.95910662,TRUE,0.22,1.74,0
0.0135483,74.08404979,34.94963352,FALSE,-0.81,1.73,0
0.001443943,74.08106059,34.94941959,FALSE,-0.81,1.73,0
0.00906854,74.07297194,34.97605913,FALSE,-0.81,1.73,0
0.01888124,74.00982228,34.95557859,FALSE,0.22,1.74,0
0.035437507,73.96840843,34.93425418,FALSE,0.22,1.74,0
0.032038781,73.95666361,34.93056456,FALSE,0.22,1.74,0
0.047922271,73.93469005,34.92755529,FALSE,0.22,1.74,0
0.012343064,73.94217213,34.91956169,FALSE,0.22,1.74,0
0.010956457,73.93782316,34.91611677,FALSE,0.22,1.74,0
0.070576438,73.99041939,34.92647901,FALSE,0.22,1.74,0
0.021137709,74.00969403,34.91610168,FALSE,0.22,1.74,0
0.020375152,74.0132427,34.91556085,FALSE,0.22,1.74,0
0.026920654,74.00812177,34.91103607,FALSE,0.22,1.74,0
0.144770352,74.02562906,34.90873111,TRUE,0.22,1.74,0
0.033783442,74.02033648,34.93591186,FALSE,0.22,1.74,0
0.030093927,73.98275363,34.93595033,FALSE,0.22,1.74,0
0.020943183,73.95455874,34.96701489,FALSE,0.22,1.74,0
0.026943032,73.99886842,35.01798851,FALSE,0.22,1.74,0
0.01549384,74.02393334,35.01223603,FALSE,0.22,1.74,0
0.052327744,74.03014643,35.00329939,FALSE,0.22,1.74,0
0.041041516,74.04729931,34.99801981,FALSE,0.22,1.74,0
0.044901099,74.05899905,35.04387396,FALSE,0.22,1.74,0
0.020135377,74.04068848,35.05252763,FALSE,0.22,1.74,0
0.013015615,74.00975947,35.06634873,FALSE,0.22,1.74,0
0.005872862,74.01495325,35.07564351,FALSE,0.22,1.74,0
0.017357209,74.03396916,35.06433177,FALSE,0.22,1.74,0
0.041224104,73.95980464,35.03769004,FALSE,0.22,1.74,0
0.006601787,74.03340497,35.14798695,FALSE,0.22,1.74,0
0.020428159,73.93256241,35.13738386,FALSE,0.22,1.74,0
0.015418376,73.93880846,35.12631853,FALSE,0.22,1.74,0
0.026163596,74.00141327,35.09916513,FALSE,0.22,1.74,0
0.011776535,73.94700014,35.1171369,FALSE,0.22,1.74,0
0.040782885,73.92123485,35.10749714,FALSE,0.22,1.74,0
0.008028529,73.90992678,35.10502853,FALSE,0.22,1.74,0
0.025782639,73.91117275,35.10128654,FALSE,0.22,1.74,0
0.012666099,74.06556254,35.06580815,FALSE,-0.81,1.73,0
0.021828725,74.06764102,35.06335206,FALSE,-0.81,1.73,0
0.007505829,74.08523016,35.06106241,FALSE,-0.81,1.73,0
0.07447267,74.08670096,35.03990081,FALSE,-0.81,1.73,0
0.027111441,74.09652701,35.04199281,FALSE,-0.81,1.73,0
0.012016962,74.08965791,35.05417633,FALSE,-0.81,1.73,0
0.183587032,74.04843801,34.9018214,TRUE,0.22,1.74,0
0.017151727,74.03143953,34.89344966,FALSE,0.22,1.74,0
0.059762349,74.05037583,34.86571103,FALSE,0.22,1.74,0
0.043354696,74.0597516,34.87224306,FALSE,0.22,1.74,0
0.025596705,73.97028718,34.8695254,FALSE,0.22,1.74,0
0.01983908,73.98871418,34.8533908,FALSE,0.22,1.74,0
0.011325663,73.94803936,34.8378696,FALSE,0.22,1.74,0
0.005246292,73.94717742,34.83654427,FALSE,0.22,1.74,0
0.028742762,73.88161389,34.79778615,FALSE,0.22,1.74,0
0.023912478,73.87867657,34.80555164,FALSE,0.22,1.74,0
0.012071145,73.90077333,34.79364191,FALSE,0.22,1.74,0
0.018938335,73.87904046,35.0810201,FALSE,0.22,1.74,0
0.025909183,73.84484728,35.08830089,FALSE,0.22,1.74,0
0.014571392,73.87495423,35.0185042,FALSE,0.22,1.74,0
0.008515281,73.84937419,35.00921111,FALSE,0.22,1.74,0
0.040516101,73.82798015,35.01689226,FALSE,0.22,1.74,0
0.137911333,73.80679916,35.01963078,TRUE,0.22,1.74,0
0.044016699,73.81542847,35.00970974,FALSE,0.22,1.74,0
0.049663179,73.76250933,34.78439406,FALSE,0.22,1.74,0
0.022004098,73.84336766,34.88467429,FALSE,0.22,1.74,0
0.034404401,73.89828661,35.24914423,FALSE,0.22,1.74,0
0.065885391,73.83314186,35.2333361,FALSE,0.22,1.74,0
0.003443926,73.84587384,35.23082352,FALSE,0.22,1.74,0
0.008343364,73.80403872,35.25688338,FALSE,6.1,1.01,0
0.0449839,73.77994257,35.24996333,FALSE,0.22,1.74,0
0.043899423,73.78987377,35.24230723,FALSE,0.22,1.74,0
0.003292398,73.77816666,35.25311804,FALSE,6.1,1.01,0
0.004502803,73.90269129,35.21216933,FALSE,0.22,1.74,0
0.000741771,73.92233275,35.20425655,FALSE,0.22,1.74,0
0.00926367,73.92915313,35.22850913,FALSE,0.22,1.74,0
0.009379595,73.86033366,35.02844161,FALSE,0.22,1.74,0
0.011217108,73.82753803,35.03960374,FALSE,0.22,1.74,0
0.017143096,73.83156739,35.03707586,FALSE,0.22,1.74,0
0.010781509,73.81792921,35.03418754,FALSE,0.22,1.74,0
0.006754818,73.81500764,34.99811859,FALSE,0.22,1.74,0
0.007369598,73.80704363,35.00053693,FALSE,0.22,1.74,0
0.012350957,73.80501727,34.98728224,FALSE,0.22,1.74,0
0.015125657,73.80438254,35.00141159,FALSE,0.22,1.74,0
0.033698701,73.86278989,35.20984852,FALSE,0.22,1.74,0
0.00255726,73.84044271,35.22010041,FALSE,0.22,1.74,0
0.001834523,73.84144331,35.21552665,FALSE,0.22,1.74,0
0.006072018,73.85504295,35.21998773,FALSE,0.22,1.74,0
0.006971882,73.94539898,35.19500234,FALSE,0.22,1.74,0
0.019655152,73.96765241,35.17867135,FALSE,0.22,1.74,0
0.027887071,73.83072448,34.77999188,FALSE,0.22,1.74,0
0.0109728,73.67636752,34.81406803,FALSE,0.22,1.74,0
0.002408017,73.66807769,34.8304848,FALSE,0.22,1.74,0
0.010554691,73.66067605,34.83307969,FALSE,0.22,1.74,0
0.002886268,73.7002102,35.06782679,FALSE,0.22,1.74,0
0.004966012,73.69628253,35.07681167,FALSE,0.22,1.74,0
0.013259967,73.70571255,35.07976824,FALSE,0.22,1.74,0
0.109488618,73.72114218,35.08322035,FALSE,0.22,1.74,0
0.011987253,73.73966696,35.21087296,FALSE,0.22,1.74,0
0.01382248,73.74828994,35.22520375,FALSE,0.22,1.74,0
0.043991011,73.7541535,35.22887798,FALSE,0.22,1.74,0
0.608204172,73.73797838,35.0647763,TRUE,0.22,1.74,0
0.002210563,73.74593142,35.07744958,FALSE,0.22,1.74,0
0.001068865,73.75589763,35.08317046,FALSE,0.22,1.74,0
0.001307616,73.75597599,35.08239434,FALSE,0.22,1.74,0
0.058080471,73.78236576,35.20809401,FALSE,0.22,1.74,0
0.006927724,73.78288822,35.21575191,FALSE,0.22,1.74,0
0.005489201,73.77920537,35.21228029,FALSE,0.22,1.74,0
0.020407123,73.76995362,35.23190947,FALSE,0.22,1.74,0
0.001692887,73.77122945,35.23585857,FALSE,0.22,1.74,0
0.000407146,73.77806987,35.23428228,FALSE,0.22,1.74,0
0.001656697,73.78943187,35.22679217,FALSE,0.22,1.74,0
0.002918039,73.79856574,35.24997262,FALSE,0.22,1.74,0
0.187438557,73.79930404,35.24706005,TRUE,0.22,1.74,0
0.002007163,73.78403154,35.25565082,FALSE,6.1,1.01,0
0.006573983,73.90041245,35.21995591,FALSE,0.22,1.74,0
0.001013317,73.90339146,35.21245434,FALSE,0.22,1.74,0
0.00757632,73.90770079,35.21435851,FALSE,0.22,1.74,0
0.001542446,73.81419131,35.03529507,FALSE,0.22,1.74,0
0.001785539,73.80885202,35.03759745,FALSE,0.22,1.74,0
0.000345825,73.69019885,34.87689934,FALSE,0.22,1.74,0
0.000840194,73.68989343,34.87927817,FALSE,0.22,1.74,0
0.472248523,73.69427017,34.87685379,TRUE,0.22,1.74,0
0.001345768,73.68560664,34.8839593,FALSE,0.22,1.74,0
0.001268695,73.68615627,34.88298303,FALSE,0.22,1.74,0
0.000441063,73.68585615,34.88532102,FALSE,0.22,1.74,0
0.001289065,73.83272443,34.80193847,FALSE,0.22,1.74,0
0.000380545,73.83262244,34.80225435,FALSE,0.22,1.74,0
0.007539662,73.84714932,34.80142442,FALSE,0.22,1.74,0
0.005239835,73.85139658,34.79753644,FALSE,0.22,1.74,0
0.011104554,73.78852357,34.77898963,FALSE,0.22,1.74,0
0.006165275,73.79100269,34.84304021,FALSE,0.22,1.74,0
0.002877819,73.80577119,34.97113668,FALSE,0.22,1.74,0
0.005610308,73.79901174,34.96773345,FALSE,0.22,1.74,0
0.004168632,73.7970443,34.96158966,FALSE,0.22,1.74,0
0.000988489,73.77531046,35.08448041,FALSE,0.22,1.74,0
0.003680033,73.77468068,35.08475537,FALSE,0.22,1.74,0
0.002205258,73.7596806,35.14759573,FALSE,0.22,1.74,0
0.000487575,73.76458893,35.15043168,FALSE,0.22,1.74,0
0.003519018,73.76364048,35.14975865,FALSE,0.22,1.74,0
0.003503974,73.82856621,35.10325986,FALSE,0.22,1.74,0
0.001729957,73.85664742,34.83879234,FALSE,0.22,1.74,0
0.007018946,73.87137486,34.78339603,FALSE,0.22,1.74,0
0.000417927,73.87044459,34.7829742,FALSE,0.22,1.74,0
0.000810957,73.85717352,34.86337811,FALSE,0.22,1.74,0
0.006694461,73.86675187,35.00256975,FALSE,0.22,1.74,0
0.00449867,73.86077966,35.02959633,FALSE,0.22,1.74,0
0.002283036,73.87271676,35.14247105,FALSE,0.22,1.74,0
0.003009551,73.87216032,35.14140053,FALSE,0.22,1.74,0
0.005306918,73.86880482,35.14263436,FALSE,0.22,1.74,0
0.001367934,73.85052243,35.20727512,FALSE,0.22,1.74,0
0.000927211,73.84311885,35.21617722,FALSE,0.22,1.74,0
0.017390506,73.94005067,35.19595265,FALSE,0.22,1.74,0
0.000610432,73.94375413,35.19737926,FALSE,0.22,1.74,0
0.005944379,73.95151147,34.96353843,FALSE,0.22,1.74,0
0.004888281,73.95225969,34.93958214,FALSE,0.22,1.74,0
0.006370983,73.95062015,34.93595134,FALSE,0.22,1.74,0
0.000493673,73.96148629,34.94249619,FALSE,0.22,1.74,0
0.003205331,73.9637626,34.93970067,FALSE,0.22,1.74,0
0.00092167,73.96540278,34.93949488,FALSE,0.22,1.74,0
0.002497207,73.97547706,34.92865755,FALSE,0.22,1.74,0
0.000581878,73.97450052,34.92887304,FALSE,0.22,1.74,0
0.006145983,73.98227491,34.85853361,FALSE,0.22,1.74,0
0.000192653,73.98186696,34.85738818,FALSE,0.22,1.74,0
0.002295478,73.99308936,34.86070971,FALSE,0.22,1.74,0
0.005387247,73.95475434,34.83969335,FALSE,0.22,1.74,0
0.000979517,73.94560384,34.83613181,FALSE,0.22,1.74,0
0.000654263,73.95436986,34.83674215,FALSE,0.22,1.74,0
0.008924613,73.95387859,34.8376336,FALSE,0.22,1.74,0
0.000224014,73.9391824,34.8210992,FALSE,0.22,1.74,0
0.000767591,73.9395795,34.82083924,FALSE,0.22,1.74,0
0.001370996,73.93946123,34.820464,FALSE,0.22,1.74,0
0.204847204,73.98455231,34.83044592,TRUE,0.22,1.74,0
0.000151447,73.99673987,34.92229104,FALSE,0.22,1.74,0
0.004695935,73.99832257,34.92238437,FALSE,0.22,1.74,0
0.001748017,74.01863636,34.93537324,FALSE,0.22,1.74,0
0.013698815,74.01573825,34.94204699,FALSE,0.22,1.74,0
0.006101673,74.01490663,34.95474872,FALSE,0.22,1.74,0
0.003671146,73.99405901,35.016292,FALSE,0.22,1.74,0
0.003502894,74.0025207,35.02043063,FALSE,0.22,1.74,0
0.000326222,73.99998638,35.01893868,FALSE,0.22,1.74,0
0.004105508,74.01093809,35.0139761,FALSE,0.22,1.74,0
0.00135347,74.03006884,35.0087948,FALSE,0.22,1.74,0
0.005368233,74.03478612,35.00822293,FALSE,0.22,1.74,0
0.001138171,74.04551331,35.00137351,FALSE,0.22,1.74,0
0.001338208,74.04561728,35.00099326,FALSE,0.22,1.74,0
0.008442873,74.04764495,35.00053944,FALSE,0.22,1.74,0
0.005182722,74.04957671,35.00462915,FALSE,0.22,1.74,0
0.004314054,74.05482886,35.00211527,FALSE,0.22,1.74,0
0.000187831,74.05657612,35.00140097,FALSE,0.22,1.74,0
0.000418349,74.05652565,35.00291921,FALSE,0.22,1.74,0
0.000161448,74.05789913,35.00381673,FALSE,0.22,1.74,0
0.000599766,74.05620574,35.00454761,FALSE,0.22,1.74,0
0.000257022,74.05479711,35.00421358,FALSE,0.22,1.74,0
0.000134199,74.05481214,35.00381315,FALSE,0.22,1.74,0
0.001367643,74.05556387,35.00709562,FALSE,0.22,1.74,0
0.007779195,74.0226605,35.06660267,FALSE,0.22,1.74,0
0.000368504,74.02254968,35.06582557,FALSE,0.22,1.74,0
0.00089874,74.01456297,35.07500831,FALSE,0.22,1.74,0
0.006234753,74.06113017,35.08382018,FALSE,0.22,1.74,0
0.00220274,74.07944818,35.05823133,FALSE,-0.81,1.73,0
0.003546663,74.07649541,35.04771906,FALSE,-0.81,1.73,0
0.0003212,74.0905266,35.03578556,FALSE,-0.81,1.73,0
0.000144931,74.09022433,35.03578265,FALSE,-0.81,1.73,0
0.000143892,74.08990211,35.03581225,FALSE,-0.81,1.73,0
0.01223714,74.08991975,35.03501132,FALSE,-0.81,1.73,0
0.007471027,74.05591031,34.98223073,FALSE,0.22,1.74,0
0.001248708,74.05276834,34.98140037,FALSE,0.22,1.74,0
0.003266811,74.04804319,34.97230524,FALSE,0.22,1.74,0
0.001380624,74.04657822,34.97083021,FALSE,0.22,1.74,0
0.002600232,74.05913491,34.94308272,FALSE,0.22,1.74,0
0.001429248,74.0730377,34.93982745,FALSE,-0.81,1.73,0
0.000960989,74.07008409,34.94210888,FALSE,-0.81,1.73,0
0.007475507,74.08693609,34.95439774,FALSE,-0.81,1.73,0
0.001543821,74.0740287,34.95676378,FALSE,-0.81,1.73,0
0.017164704,74.07542315,34.9564476,FALSE,-0.81,1.73,0
0.000459406,73.97075394,34.87182457,FALSE,0.22,1.74,0
0.000975964,73.99269986,34.87127491,FALSE,0.22,1.74,0
0.000693483,73.99115899,34.87096341,FALSE,0.22,1.74,0
0.00083008,74.00774195,34.8771535,FALSE,0.22,1.74,0
0.000382434,74.00847839,34.87717529,FALSE,0.22,1.74,0
0.001171208,74.00713289,34.88310661,FALSE,0.22,1.74,0
0.002140172,74.03077165,34.89055667,FALSE,0.22,1.74,0
0.000545856,74.03515641,34.89360994,FALSE,0.22,1.74,0
0.003449406,74.05585515,34.87179857,FALSE,0.22,1.74,0
0.002297832,74.00619116,34.91979152,FALSE,0.22,1.74,0
0.000395668,74.00564084,34.92027964,FALSE,0.22,1.74,0
0.006863677,74.12442695,35.10439501,FALSE,-0.81,1.73,0
0.100527902,74.94134473,35.33193172,FALSE,1.52,1.06,0
0.01990628,74.95271959,35.3307608,FALSE,1.52,1.06,0
0.002647687,74.95109679,35.33362689,FALSE,1.52,1.06,0
0.011219255,74.96247308,35.4644,FALSE,1.52,1.06,0
0.008672661,74.96489635,35.46454325,FALSE,1.52,1.06,0
0.005325327,74.99941907,35.45853412,FALSE,1.52,1.06,0
0.070241914,74.93514333,35.31442647,FALSE,1.52,1.06,0
0.002741485,74.92377363,35.30104953,FALSE,1.52,1.06,0
0.002494639,74.80445951,35.21375738,FALSE,-2.4,1.63,0
0.00110441,74.80303065,35.21425624,FALSE,-2.4,1.63,0
0.005728396,74.97326485,35.46686904,FALSE,1.52,1.06,0
0.004346108,75.22907927,35.4254191,FALSE,1.52,1.06,0
0.00560457,75.19846087,35.39367714,FALSE,1.52,1.06,0
0.003862248,75.19263566,35.39269842,FALSE,1.52,1.06,0
0.022870362,75.18516975,35.34313256,FALSE,1.52,1.06,0
0.011437291,75.18232326,35.32921977,FALSE,1.52,1.06,0
0.015334116,75.18296354,35.32329498,FALSE,1.52,1.06,0
0.006952117,75.18978578,35.32075771,FALSE,1.52,1.06,0
0.010557836,75.15402591,35.31379088,FALSE,1.52,1.06,0
0.045797662,75.20591536,35.28138176,FALSE,1.52,1.06,0
0.031467828,75.20776388,35.27815266,FALSE,1.52,1.06,0
0.046147723,75.16291312,35.27128419,FALSE,1.52,1.06,0
0.191462157,75.19349,35.26345186,TRUE,1.52,1.06,0
0.008803975,75.16101116,35.25716295,FALSE,1.52,1.06,0
0.015613737,75.15006723,35.24865935,FALSE,-2.4,1.63,0
0.01260803,75.14800562,35.2485498,FALSE,-2.4,1.63,0
0.004574252,75.14575791,35.24979763,FALSE,-2.4,1.63,0
0.011812785,75.13291262,35.25642841,FALSE,1.52,1.06,0
0.010087864,75.11114273,35.2536183,FALSE,1.52,1.06,0
0.002788142,75.09767791,35.25210207,FALSE,1.52,1.06,0
0.036904158,75.0705969,35.27110884,FALSE,1.52,1.06,0
0.017886732,75.07491459,35.27611589,FALSE,1.52,1.06,0
0.011230267,75.06995132,35.28453065,FALSE,1.52,1.06,0
0.037760741,75.07387563,35.30263435,FALSE,1.52,1.06,0
0.006288094,74.93780593,35.30495874,FALSE,1.52,1.06,0
0.114757755,75.18247191,35.23048577,FALSE,-2.4,1.63,0
0.039914731,75.17754063,35.23474747,FALSE,-2.4,1.63,0
0.005245524,75.15295162,35.22825752,FALSE,-2.4,1.63,0
0.016715077,75.16593761,35.2487678,FALSE,-2.4,1.63,0
0.005698559,75.10912768,35.24668125,FALSE,-2.4,1.63,0
0.011186554,75.15960239,35.3022639,FALSE,1.52,1.06,0
0.003422871,75.1573693,35.31377381,FALSE,1.52,1.06,0
0.001194791,75.15180463,35.31271227,FALSE,1.52,1.06,0
0.007474971,75.15577158,35.32469176,FALSE,1.52,1.06,0
0.00781842,75.15264661,35.33349609,FALSE,1.52,1.06,0
0.009626356,75.14790987,35.33636431,FALSE,1.52,1.06,0
0.002992022,75.15055995,35.33403004,FALSE,1.52,1.06,0
0.035566402,75.09087456,35.37560664,FALSE,1.52,1.06,0
0.035559545,75.09266557,35.37138819,FALSE,1.52,1.06,0
0.01085209,75.12026198,35.3719519,FALSE,1.52,1.06,0
0.006911786,75.10505812,35.37110763,FALSE,1.52,1.06,0
0.009149301,75.13067412,35.36580354,FALSE,1.52,1.06,0
0.008152332,75.12959263,35.37110952,FALSE,1.52,1.06,0
0.009229072,75.14001807,35.37357096,FALSE,1.52,1.06,0
0.006403977,75.09606675,35.39177588,FALSE,1.52,1.06,0
0.018424127,75.09492475,35.40855582,FALSE,1.52,1.06,0
0.00903637,75.09453515,35.40587498,FALSE,1.52,1.06,0
0.005481434,75.09638065,35.40346475,FALSE,1.52,1.06,0
0.027454155,75.04547277,35.42760489,FALSE,1.52,1.06,0
0.007685531,75.03692245,35.42611832,FALSE,1.52,1.06,0
0.068367029,75.19001786,35.30008861,FALSE,1.52,1.06,0
0.005254149,75.17150712,35.30597631,FALSE,1.52,1.06,0
0.003531674,75.17118518,35.3037949,FALSE,1.52,1.06,0
0.022632069,75.16295141,35.29824157,FALSE,1.52,1.06,0
0.009808864,75.15344449,35.29541379,FALSE,1.52,1.06,0
1.277676326,75.23636951,34.9910259,TRUE,-2.4,1.63,0
0.027636521,75.27982341,35.01309452,FALSE,-2.4,1.63,0
0.050712762,75.23794973,35.04847433,FALSE,-2.4,1.63,0
0.019492168,75.23136753,35.0500999,FALSE,-2.4,1.63,0
0.015883971,75.23894081,35.05643878,FALSE,-2.4,1.63,0
0.03143406,75.23140494,35.06693433,FALSE,-2.4,1.63,0
0.011908666,75.22180359,35.06959309,FALSE,-2.4,1.63,0
0.025919789,75.18137616,35.08407214,FALSE,-2.4,1.63,0
0.022077238,75.1988297,35.10420965,FALSE,-2.4,1.63,0
0.019469092,75.21224485,35.112226,FALSE,-2.4,1.63,0
0.160543628,75.22816541,35.11900842,TRUE,-2.4,1.63,0
0.060817216,75.23303174,35.10223738,FALSE,-2.4,1.63,0
0.016704648,75.22494602,35.10467938,FALSE,-2.4,1.63,0
0.016263333,75.25649999,35.13115635,FALSE,-2.4,1.63,0
0.012980772,75.26134506,35.12803813,FALSE,-2.4,1.63,0
0.122810013,75.26120535,35.14329356,TRUE,-2.4,1.63,0
0.287427968,74.9612254,35.08201532,TRUE,-2.4,1.63,0
0.100087328,74.95810907,35.07432969,FALSE,-2.4,1.63,0
0.083144919,74.93500631,35.09698728,FALSE,-2.4,1.63,0
0.016651541,74.92343614,35.10101853,FALSE,-2.4,1.63,0
0.012571772,74.90687567,35.10519236,FALSE,-2.4,1.63,0
0.117184882,74.90147127,35.09555061,FALSE,-2.4,1.63,0
0.005698983,74.89313658,35.09613365,FALSE,-2.4,1.63,0
0.01998885,74.88222858,35.09275897,FALSE,-2.4,1.63,0
0.007034502,74.89890023,35.09878938,FALSE,-2.4,1.63,0
0.019874166,74.92019632,35.10560283,FALSE,-2.4,1.63,0
0.013185677,74.90600336,35.12254949,FALSE,-2.4,1.63,0
0.010572033,74.92460947,35.11762699,FALSE,-2.4,1.63,0
0.026934757,74.92731002,35.10387313,FALSE,-2.4,1.63,0
0.023506044,74.94296677,35.08673577,FALSE,-2.4,1.63,0
0.009769715,74.94747533,35.08941169,FALSE,-2.4,1.63,0
0.01559231,74.971713,35.26889044,FALSE,1.52,1.06,0
0.007567098,75.00165987,35.28757064,FALSE,1.52,1.06,0
0.014717658,75.02277248,35.28791253,FALSE,1.52,1.06,0
0.038860432,74.91687258,35.013301,FALSE,-2.4,1.63,0
0.075755296,74.93745013,35.01139917,FALSE,-2.4,1.63,0
0.009017112,74.94067264,35.00409059,FALSE,-2.4,1.63,0
0.02629285,74.94129324,35.00084086,FALSE,-2.4,1.63,0
0.111308159,75.00107695,35.01623814,FALSE,-2.4,1.63,0
0.142059178,75.05052523,34.97202858,TRUE,-2.4,1.63,0
0.083339996,75.03921353,34.97992427,FALSE,-2.4,1.63,0
0.01852203,75.05271814,34.96309661,FALSE,-2.4,1.63,0
0.146253032,75.17717418,34.92037689,TRUE,-2.4,1.63,0
0.159779291,75.18874183,34.91935623,TRUE,-2.4,1.63,0
0.051252701,75.14307297,34.91962537,FALSE,-2.4,1.63,0
0.024969905,74.73479778,34.84182275,FALSE,-2.4,1.63,0
0.049612747,74.72815221,34.83614071,FALSE,-2.4,1.63,0
0.02010303,74.71863915,34.83048297,FALSE,-2.4,1.63,0
0.044980261,74.71704517,34.82534369,FALSE,-2.4,1.63,0
0.017372099,74.70242845,34.81961299,FALSE,-2.4,1.63,0
0.005777646,74.74222983,34.83439458,FALSE,-2.4,1.63,0
0.009671432,74.72238757,34.81264207,FALSE,-2.4,1.63,0
0.00987399,74.73759351,34.84386112,FALSE,-2.4,1.63,0
0.244955786,74.76112387,34.83939905,TRUE,-2.4,1.63,0
0.040645502,74.77058857,34.84665102,FALSE,-2.4,1.63,0
0.121590222,74.78665258,34.84644723,TRUE,-2.4,1.63,0
0.045985495,74.79631325,34.85308407,FALSE,-2.4,1.63,0
0.477171417,74.80872038,34.84501715,TRUE,-2.4,1.63,0
0.119556853,75.198198,35.04873112,TRUE,-2.4,1.63,0
0.041978935,75.13621205,35.11980059,FALSE,-2.4,1.63,0
0.019044434,75.14211693,35.1214414,FALSE,-2.4,1.63,0
0.043209641,75.1453774,35.12642554,FALSE,-2.4,1.63,0
0.007729066,75.11239111,35.13275494,FALSE,-2.4,1.63,0
0.012312885,75.09736988,35.16111154,FALSE,-2.4,1.63,0
0.054534933,75.09820398,35.16862015,FALSE,-2.4,1.63,0
0.046804875,75.11353085,35.17600424,FALSE,-2.4,1.63,0
0.019073216,75.13332839,35.16581996,FALSE,-2.4,1.63,0
0.024543331,75.15481712,35.28253357,FALSE,1.52,1.06,0
0.023477507,75.21319955,35.22727158,FALSE,-2.4,1.63,0
0.041114102,75.21726152,35.22844455,FALSE,-2.4,1.63,0
0.011236696,75.23978284,35.23198759,FALSE,-2.4,1.63,0
0.003005403,75.24149823,35.23316499,FALSE,-2.4,1.63,0
0.022810541,75.22271697,35.21948917,FALSE,-2.4,1.63,0
0.042879249,75.1264038,34.70848174,FALSE,2.99,2.06,0
0.017652915,75.11837739,34.71891175,FALSE,2.99,2.06,0
0.002367315,75.11655609,34.71867687,FALSE,2.99,2.06,0
0.074140201,75.09675771,34.72666425,FALSE,2.99,2.06,0
0.011382266,75.09668285,34.72369599,FALSE,2.99,2.06,0
0.631846736,75.13706677,34.69649681,TRUE,2.99,2.06,0
0.210102899,75.14044082,34.68356332,TRUE,2.99,2.06,0
0.058397987,75.15732648,34.67795783,FALSE,2.99,2.06,0
0.025791219,75.16474858,34.68137349,FALSE,2.99,2.06,0
0.045868116,75.16970433,34.67433913,FALSE,2.99,2.06,0
0.032229272,75.1572419,34.82303427,FALSE,-2.4,1.63,0
0.013369107,75.15451975,34.82612837,FALSE,-2.4,1.63,0
0.023696117,75.19705947,34.82768856,FALSE,-2.4,1.63,0
0.008780562,75.16881172,34.84493188,FALSE,-2.4,1.63,0
0.021640426,75.1488435,34.85419137,FALSE,-2.4,1.63,0
0.022285174,75.07876565,34.89554426,FALSE,-2.4,1.63,0
0.026960173,75.08893688,34.89166041,FALSE,-2.4,1.63,0
0.01845907,75.03348716,34.87957659,FALSE,-2.4,1.63,0
0.062940275,74.99187371,34.85700079,FALSE,-2.4,1.63,0
0.068976081,74.97615475,35.10119913,FALSE,-2.4,1.63,0
0.012951906,74.98092735,35.06040319,FALSE,-2.4,1.63,0
0.056160306,75.15451485,35.15063862,FALSE,-2.4,1.63,0
0.075700577,75.28849208,35.14475214,FALSE,-2.4,1.63,0
0.003817211,75.23511775,34.64338242,FALSE,2.99,2.06,0
0.002786743,75.2330614,34.6421713,FALSE,2.99,2.06,0
0.011385554,75.22925812,34.6413975,FALSE,2.99,2.06,0
0.015730601,75.2251787,34.64045547,FALSE,2.99,2.06,0
0.002798503,75.22409008,34.64390563,FALSE,2.99,2.06,0
0.031776778,75.21784118,34.64431066,FALSE,2.99,2.06,0
0.03002988,75.22167776,34.64739221,FALSE,2.99,2.06,0
0.00374833,75.22772722,34.64490698,FALSE,2.99,2.06,0
0.043957164,75.22916246,34.64817342,FALSE,2.99,2.06,0
0.070525277,75.14670737,34.62163244,FALSE,2.99,2.06,0
0.006816211,75.18518742,34.63339891,FALSE,2.99,2.06,0
0.021083149,75.19149994,34.64055837,FALSE,2.99,2.06,0
0.097124146,75.17725702,34.64584532,FALSE,2.99,2.06,0
0.006239512,75.18625348,34.6524964,FALSE,2.99,2.06,0
0.041823417,75.17538789,34.65336777,FALSE,2.99,2.06,0
0.007683436,75.18112405,34.65556144,FALSE,2.99,2.06,0
0.014593813,75.17851415,34.65821364,FALSE,2.99,2.06,0
0.00371455,75.15700229,34.68469897,FALSE,2.99,2.06,0
0.013699068,75.15925156,34.67988157,FALSE,2.99,2.06,0
0.011223484,75.16164363,34.67454943,FALSE,2.99,2.06,0
0.00748891,75.16482265,34.67060145,FALSE,2.99,2.06,0
0.00722616,75.16954212,34.67212255,FALSE,2.99,2.06,0
0.737230103,75.17942179,34.66612349,TRUE,2.99,2.06,0
0.0436091,75.19731344,34.66293593,FALSE,2.99,2.06,0
0.009463784,75.20016954,34.66012173,FALSE,2.99,2.06,0
0.006033906,75.1982939,34.65517388,FALSE,2.99,2.06,0
0.00789498,75.20319591,34.65314741,FALSE,2.99,2.06,0
0.038404815,75.20560415,34.65151048,FALSE,2.99,2.06,0
0.028090956,75.20748461,34.66072535,FALSE,2.99,2.06,0
0.010878579,75.13937064,34.85165213,FALSE,-2.4,1.63,0
0.006267169,75.13826493,34.84254781,FALSE,-2.4,1.63,0
0.003065786,75.1406123,34.83767378,FALSE,-2.4,1.63,0
0.01210912,75.14969694,34.83994843,FALSE,-2.4,1.63,0
0.00624847,75.14991577,34.8382716,FALSE,-2.4,1.63,0
0.005423635,75.15445248,34.84220183,FALSE,-2.4,1.63,0
0.00098184,75.15685893,34.84420382,FALSE,-2.4,1.63,0
0.021776477,75.16100074,34.84690595,FALSE,-2.4,1.63,0
0.007643629,75.08952187,34.88872473,FALSE,-2.4,1.63,0
0.014390569,75.28204276,34.86411551,FALSE,-2.4,1.63,0
0.142811343,75.24978356,34.9217431,TRUE,-2.4,1.63,0
0.004161227,75.07094738,34.93597351,FALSE,-2.4,1.63,0
0.015328596,75.12277201,34.97459682,FALSE,-2.4,1.63,0
0.008643853,75.12269401,34.96673988,FALSE,-2.4,1.63,0
0.014831799,75.13694834,34.95098458,FALSE,-2.4,1.63,0
0.004385926,75.14765617,34.94125289,FALSE,-2.4,1.63,0
0.015836995,75.1552352,34.93991376,FALSE,-2.4,1.63,0
0.026461051,75.15519149,34.93830665,FALSE,-2.4,1.63,0
0.004067075,75.16965265,34.94128995,FALSE,-2.4,1.63,0
0.011681916,75.12187646,34.91465592,FALSE,-2.4,1.63,0
0.009035423,75.13308248,34.91629124,FALSE,-2.4,1.63,0
0.004684669,75.15444566,34.92047127,FALSE,-2.4,1.63,0
0.003674087,75.15263086,34.91877916,FALSE,-2.4,1.63,0
0.000697245,75.14796662,34.92664441,FALSE,-2.4,1.63,0
0.003846522,75.14622754,34.92670641,FALSE,-2.4,1.63,0
0.001565477,75.20360781,34.91018353,FALSE,-2.4,1.63,0
0.027706151,75.33220027,35.10477285,FALSE,-2.54,1.23,0
0.023659327,75.33541139,35.09629301,FALSE,-2.54,1.23,0
0.00896549,75.34018803,35.09734361,FALSE,-2.54,1.23,0
0.004778241,75.34219846,35.11418647,FALSE,-2.54,1.23,0
0.197876598,75.32122845,35.13240341,TRUE,-2.54,1.23,0
0.077195525,75.33150809,35.14150804,FALSE,-2.54,1.23,0
0.009286817,75.37521956,35.12629447,FALSE,-2.54,1.23,0
0.034971726,75.36976239,35.12366807,FALSE,-2.54,1.23,0
0.022942412,75.27173659,35.11402504,FALSE,-2.4,1.63,0
0.013231424,75.27711279,35.10700718,FALSE,-2.4,1.63,0
0.001703071,75.29300599,35.12422126,FALSE,-2.4,1.63,0
0.004266998,75.28862962,35.12221761,FALSE,-2.4,1.63,0
0.002175187,75.25847792,35.11929799,FALSE,-2.4,1.63,0
0.002721358,75.2314803,35.12761443,FALSE,-2.4,1.63,0
0.008217557,75.22865412,35.13905448,FALSE,-2.4,1.63,0
0.00429982,75.26529739,35.14252949,FALSE,-2.4,1.63,0
0.01115331,75.25094904,35.13808606,FALSE,-2.4,1.63,0
0.012594537,75.22011732,35.1538748,FALSE,-2.4,1.63,0
0.000520099,75.21954974,35.15475949,FALSE,-2.4,1.63,0
0.000872293,75.21003641,35.14639845,FALSE,-2.4,1.63,0
0.010857991,75.18427054,35.20130079,FALSE,-2.4,1.63,0
0.004176199,75.18745714,35.1858018,FALSE,-2.4,1.63,0
0.016813994,75.19395068,35.19033431,FALSE,-2.4,1.63,0
0.000387162,75.20298741,35.19109555,FALSE,-2.4,1.63,0
0.000924587,75.20035078,35.18915524,FALSE,-2.4,1.63,0
0.002712461,75.28636627,35.14101573,FALSE,-2.4,1.63,0
0.000777471,75.28021568,35.15059292,FALSE,-2.4,1.63,0
0.002028575,75.27964618,35.15126144,FALSE,-2.4,1.63,0
0.006926412,75.27039687,35.15192614,FALSE,-2.4,1.63,0
0.000791648,75.28290253,35.14661381,FALSE,-2.4,1.63,0
0.001107821,75.29973437,35.16103653,FALSE,-2.4,1.63,0
0.002100791,75.29651532,35.16321583,FALSE,-2.4,1.63,0
0.013718492,75.29673156,35.16909106,FALSE,-2.4,1.63,0
0.001642589,75.30966026,35.16584084,FALSE,-2.4,1.63,0
0.002438683,75.30906095,35.16690887,FALSE,-2.4,1.63,0
0.011561578,75.31288136,35.17435659,FALSE,-2.54,1.23,0
0.001330308,75.32924193,35.16371616,FALSE,-2.54,1.23,0
0.000979712,75.34369804,35.15927885,FALSE,-2.54,1.23,0
0.004312003,75.34009215,35.16031299,FALSE,-2.54,1.23,0
0.001823341,75.33451735,35.16781164,FALSE,-2.54,1.23,0
0.084438492,75.33373771,35.1732813,FALSE,-2.54,1.23,0
0.000599633,75.33722189,35.17194789,FALSE,-2.54,1.23,0
0.005412058,75.30634235,35.18936882,FALSE,-2.4,1.63,0
0.000498433,75.31285593,35.19266294,FALSE,-2.54,1.23,0
0.022277664,75.32861339,35.18790816,FALSE,-2.54,1.23,0
0.026725952,75.34287802,35.18504929,FALSE,-2.54,1.23,0
0.00318193,75.34724252,35.18311685,FALSE,-2.54,1.23,0
0.012279901,75.34085393,35.17870971,FALSE,-2.54,1.23,0
0.000393566,75.35113766,35.17432065,FALSE,-2.54,1.23,0
0.000616602,75.35018869,35.17426703,FALSE,-2.54,1.23,0
0.003797326,75.34921451,35.17413097,FALSE,-2.54,1.23,0
0.00165099,75.35961982,35.17643546,FALSE,-2.54,1.23,0
0.057398105,75.3536251,35.17763565,FALSE,-2.54,1.23,0
0.005093056,75.3632616,35.17649175,FALSE,-2.54,1.23,0
0.001952851,75.37731463,35.18139022,FALSE,-2.54,1.23,0
0.047855168,75.37762498,35.16905298,FALSE,-2.54,1.23,0
0.021540139,75.38093536,35.16655652,FALSE,-2.54,1.23,0
0.034367791,75.36899472,35.20713747,FALSE,-2.54,1.23,0
0.005611969,75.36389435,35.20578393,FALSE,-2.54,1.23,0
0.045686978,75.35289902,35.19437526,FALSE,-2.54,1.23,0
0.003608679,75.34895738,35.19762095,FALSE,-2.54,1.23,0
0.005255803,75.33487741,35.19864934,FALSE,-2.54,1.23,0
0.017371429,75.33653191,35.20127605,FALSE,-2.54,1.23,0
0.030943298,75.33425992,35.20655701,FALSE,-2.54,1.23,0
0.002671935,75.3335544,35.20921623,FALSE,-2.54,1.23,0
0.015281894,75.33566478,35.2125741,FALSE,-2.54,1.23,0
0.000362669,75.3559839,35.20953532,FALSE,-2.54,1.23,0
0.002622092,75.34716547,35.22027305,FALSE,-2.54,1.23,0
0.032405416,75.34600096,35.22361743,FALSE,-2.54,1.23,0
0.002159467,75.37183452,35.23047084,FALSE,-2.54,1.23,0
0.001231732,75.36399771,35.23485834,FALSE,-2.54,1.23,0
0.004276095,75.37564721,35.24045966,FALSE,-2.54,1.23,0
0.002590591,75.38277635,35.24476325,FALSE,-2.54,1.23,0
0.011039586,75.3503432,35.24249306,FALSE,-2.54,1.23,0
0.017348407,75.29603523,35.25541549,FALSE,1.52,1.06,0
0.000812123,75.28356787,35.25177713,FALSE,1.52,1.06,0
0.016697804,75.28386589,35.24960109,FALSE,-2.4,1.63,0
0.006336284,75.25420037,35.24267281,FALSE,-2.4,1.63,0
0.000497907,75.28905232,35.24689528,FALSE,-2.4,1.63,0
0.001568267,75.29238431,35.26477939,FALSE,1.52,1.06,0
0.001447072,75.29024764,35.26417855,FALSE,1.52,1.06,0
0.011517126,75.28935462,35.2639051,FALSE,1.52,1.06,0
0.000943487,75.28675642,35.26393792,FALSE,1.52,1.06,0
0.003295395,75.28436745,35.264393,FALSE,1.52,1.06,0
0.01300294,75.28129288,35.26545783,FALSE,1.52,1.06,0
0.028730872,75.24787775,35.18882271,FALSE,-2.4,1.63,0
0.013036822,75.25147277,35.1925357,FALSE,-2.4,1.63,0
0.005669716,75.24363391,35.19192705,FALSE,-2.4,1.63,0
0.006171338,75.24227665,35.19655876,FALSE,-2.4,1.63,0
0.011660111,75.24671398,35.19817352,FALSE,-2.4,1.63,0
0.010536185,75.2315561,35.19379014,FALSE,-2.4,1.63,0
0.017437184,75.23181211,35.19058365,FALSE,-2.4,1.63,0
0.037246618,75.24856777,35.20269029,FALSE,-2.4,1.63,0
0.012897427,75.23023073,35.20368396,FALSE,-2.4,1.63,0
0.008362933,75.18838277,35.2135648,FALSE,-2.4,1.63,0
0.001734034,75.17946481,35.21462508,FALSE,-2.4,1.63,0
0.001043287,75.19718079,35.2144544,FALSE,-2.4,1.63,0
0.001249441,75.20692142,35.21815453,FALSE,-2.4,1.63,0
0.011718997,75.21796797,35.21212543,FALSE,-2.4,1.63,0
0.013036428,75.22146037,35.21302686,FALSE,-2.4,1.63,0
0.03382483,75.22539009,35.21251968,FALSE,-2.4,1.63,0
0.013710407,75.22648822,35.21925741,FALSE,-2.4,1.63,0
0.003085805,75.15332341,35.22045104,FALSE,-2.4,1.63,0
0.000942541,75.16157577,35.22876387,FALSE,-2.4,1.63,0
0.010330478,75.16296372,35.22794069,FALSE,-2.4,1.63,0
0.002040213,75.18587712,35.22658799,FALSE,-2.4,1.63,0
0.00090278,75.18244663,35.22527248,FALSE,-2.4,1.63,0
0.002526749,75.13761329,35.25882535,FALSE,1.52,1.06,0
0.001218299,75.13356368,35.24213543,FALSE,-2.4,1.63,0
0.004271962,75.13394235,35.36826112,FALSE,1.52,1.06,0
0.001171038,75.14153081,35.37499755,FALSE,1.52,1.06,0
0.001046148,75.14252182,35.37343145,FALSE,1.52,1.06,0
0.002452684,75.19779353,35.34712193,FALSE,1.52,1.06,0
0.007847515,75.19670772,35.34539579,FALSE,1.52,1.06,0
0.002550972,75.19552088,35.34513093,FALSE,1.52,1.06,0
0.017590133,75.23675035,35.37316383,FALSE,1.52,1.06,0
0.01613147,75.27451293,35.36722554,FALSE,1.52,1.06,0
0.022839012,75.40295685,35.35079893,FALSE,-0.23,0.97,0
0.045867243,75.38366384,35.36733742,FALSE,-0.23,0.97,0
0.00780075,75.19551004,35.38346886,FALSE,1.52,1.06,0
0.000740368,75.1971069,35.38285581,FALSE,1.52,1.06,0
0.004849588,75.20214857,35.38451406,FALSE,1.52,1.06,0
0.001352129,75.20362285,35.38131935,FALSE,1.52,1.06,0
0.001280806,75.25430387,35.38875866,FALSE,1.52,1.06,0
0.00284724,75.25347482,35.38590404,FALSE,1.52,1.06,0
0.057102988,75.27982618,35.40363274,FALSE,1.52,1.06,0
0.00353397,75.04919708,35.42586518,FALSE,1.52,1.06,0
0.000258396,75.04213919,35.42523541,FALSE,1.52,1.06,0
0.000291237,75.04236894,35.42470832,FALSE,1.52,1.06,0
0.002525768,75.18124378,35.33820822,FALSE,1.52,1.06,0
0.004349912,75.16048762,35.28669331,FALSE,1.52,1.06,0
0.051468052,74.69562191,34.85901857,FALSE,-2.4,1.63,0
0.005275779,74.73363952,34.85814305,FALSE,-2.4,1.63,0
0.008503589,74.76836354,34.84460396,FALSE,-2.4,1.63,0
0.001312148,74.76049889,34.84349517,FALSE,-2.4,1.63,0
0.005235644,74.81542454,34.85093011,FALSE,-2.4,1.63,0
0.011456674,74.81271299,34.85097568,FALSE,-2.4,1.63,0
0.00561087,74.82984017,34.8267425,FALSE,-2.4,1.63,0
0.061397395,74.84781362,34.807801,FALSE,-2.4,1.63,0
0.000668217,74.84970488,34.81017934,FALSE,-2.4,1.63,0
0.012150453,74.85025633,34.80949159,FALSE,-2.4,1.63,0
0.001438925,74.85519353,34.80922626,FALSE,-2.4,1.63,0
0.001990616,74.83613008,34.80010066,FALSE,-2.4,1.63,0
0.000258947,74.83559966,34.8004319,FALSE,-2.4,1.63,0
0.011970789,75.19845758,34.69211197,FALSE,2.99,2.06,0
0.007005711,75.19456807,34.69252196,FALSE,2.99,2.06,0
0.0040198,75.19494015,34.69164013,FALSE,2.99,2.06,0
0.007067837,75.23855202,34.72034772,FALSE,2.99,2.06,0
0.025968263,75.1894798,34.71249249,FALSE,2.99,2.06,0
0.005824948,75.04310301,34.71544724,FALSE,2.99,2.06,0
0.003263749,75.02914133,34.72664692,FALSE,2.99,2.06,0
0.019172486,75.0279277,34.72382557,FALSE,2.99,2.06,0
0.00231934,75.14081175,34.70210319,FALSE,2.99,2.06,0
0.002618139,75.12844177,34.68974861,FALSE,2.99,2.06,0
0.006303249,75.12834707,34.68861167,FALSE,2.99,2.06,0
0.031057274,74.98108243,34.81035397,FALSE,-2.4,1.63,0
0.015877676,74.97702833,34.8094071,FALSE,-2.4,1.63,0
0.001160394,74.95896833,34.80754082,FALSE,-2.4,1.63,0
0.007728743,75.02120724,34.84351079,FALSE,-2.4,1.63,0
0.01295342,75.0055415,34.84432827,FALSE,-2.4,1.63,0
0.001070196,74.88133665,34.816825,FALSE,-2.4,1.63,0
0.086086988,74.8065448,34.86159966,FALSE,-2.4,1.63,0
0.010056933,74.91025538,34.9222189,FALSE,-2.4,1.63,0
0.03338637,74.91401491,34.9185246,FALSE,-2.4,1.63,0
0.006083368,74.9181824,34.91525398,FALSE,-2.4,1.63,0
0.03194106,74.92001471,34.90862741,FALSE,-2.4,1.63,0
0.01669248,74.92022595,34.90501908,FALSE,-2.4,1.63,0
0.013798605,74.93016302,34.90817722,FALSE,-2.4,1.63,0
0.021595766,74.93605866,34.90284055,FALSE,-2.4,1.63,0
0.036817424,74.9435764,34.90278504,FALSE,-2.4,1.63,0
0.003243292,74.94300708,34.89282363,FALSE,-2.4,1.63,0
0.019863435,74.93950241,34.88882445,FALSE,-2.4,1.63,0
0.016651088,74.9386494,34.88572818,FALSE,-2.4,1.63,0
0.020630397,74.94901938,34.87843156,FALSE,-2.4,1.63,0
0.00320439,74.97973312,34.86786721,FALSE,-2.4,1.63,0
0.012740707,74.95203678,34.92037767,FALSE,-2.4,1.63,0
0.018870373,74.9552938,34.9177352,FALSE,-2.4,1.63,0
0.00227494,74.94832868,34.91565568,FALSE,-2.4,1.63,0
0.021457637,74.9481157,34.9140855,FALSE,-2.4,1.63,0
0.005196528,74.94524889,34.90786445,FALSE,-2.4,1.63,0
0.005955149,74.93236088,34.91026467,FALSE,-2.4,1.63,0
0.004759647,74.95530863,34.87986201,FALSE,-2.4,1.63,0
0.008107088,75.0703254,34.92566264,FALSE,-2.4,1.63,0
0.001790788,75.06789155,34.92603425,FALSE,-2.4,1.63,0
0.045214929,74.78819175,34.91408238,FALSE,-2.4,1.63,0
0.028195209,74.77171909,34.92242388,FALSE,-2.4,1.63,0
0.002745021,74.73143592,34.94500986,FALSE,-2.4,1.63,0
0.006602282,74.7285355,34.94261239,FALSE,-2.4,1.63,0
0.002853403,74.72522779,34.94242838,FALSE,-2.4,1.63,0
0.057242426,74.72651744,34.94687493,FALSE,-2.4,1.63,0
0.000651918,74.72366429,34.94396625,FALSE,-2.4,1.63,0
0.000440866,74.7237505,34.94255799,FALSE,-2.4,1.63,0
0.001501054,74.74873967,34.97307363,FALSE,-2.4,1.63,0
0.000164347,74.75061938,34.97437336,FALSE,-2.4,1.63,0
0.000212967,74.75193465,34.97496877,FALSE,-2.4,1.63,0
0.01449599,74.75071324,34.97556961,FALSE,-2.4,1.63,0
0.000585195,74.74940267,34.97732542,FALSE,-2.4,1.63,0
0.022742371,74.75394892,34.97474216,FALSE,-2.4,1.63,0
0.002749503,74.71840839,34.96667235,FALSE,-2.4,1.63,0
0.001881302,74.71880595,34.96833758,FALSE,-2.4,1.63,0
0.001626731,74.7523135,34.96002547,FALSE,-2.4,1.63,0
0.047059699,74.72655295,34.98921722,FALSE,-2.4,1.63,0
0.017264163,74.73970035,34.99483735,FALSE,-2.4,1.63,0
0.002866548,74.7265875,34.99424325,FALSE,-2.4,1.63,0
0.002874126,74.75880094,34.98722723,FALSE,-2.4,1.63,0
9.66E-05,74.76898492,34.9879246,FALSE,-2.4,1.63,0
0.019778829,74.76694285,34.98805574,FALSE,-2.4,1.63,0
0.00052325,74.77278577,34.97978908,FALSE,-2.4,1.63,0
0.001057681,74.77214695,34.98039045,FALSE,-2.4,1.63,0
0.000540338,74.77086059,34.98022207,FALSE,-2.4,1.63,0
0.002975054,74.76936254,34.98073776,FALSE,-2.4,1.63,0
0.000687059,74.77605113,34.9831383,FALSE,-2.4,1.63,0
0.014329386,74.77320245,34.98401797,FALSE,-2.4,1.63,0
0.017822413,74.77552962,34.98768418,FALSE,-2.4,1.63,0
0.001357109,74.78086855,34.99256661,FALSE,-2.4,1.63,0
0.003638693,75.07879337,34.96986773,FALSE,-2.4,1.63,0
0.009856114,74.98716274,35.00068776,FALSE,-2.4,1.63,0
0.003930755,74.97288651,34.99100535,FALSE,-2.4,1.63,0
0.002461779,74.98493349,34.98996222,FALSE,-2.4,1.63,0
0.000882059,74.99573471,34.99484995,FALSE,-2.4,1.63,0
0.001929886,74.99351748,34.99462028,FALSE,-2.4,1.63,0
0.005209185,75.00789229,35.00443846,FALSE,-2.4,1.63,0
0.002594748,74.75441415,35.01298102,FALSE,-2.4,1.63,0
0.00221964,74.7545003,35.01243838,FALSE,-2.4,1.63,0
0.009225314,74.89969076,35.01818579,FALSE,-2.4,1.63,0
0.002636657,74.91693989,35.01588592,FALSE,-2.4,1.63,0
0.002618311,74.91825774,35.01495611,FALSE,-2.4,1.63,0
0.000987486,74.9155961,35.01409962,FALSE,-2.4,1.63,0
0.004364089,74.91651342,35.02117435,FALSE,-2.4,1.63,0
0.000661858,74.99734602,35.00702429,FALSE,-2.4,1.63,0
0.315539572,74.82736757,35.05291048,TRUE,-2.4,1.63,0
0.014349202,75.02367522,35.07340429,FALSE,-2.4,1.63,0
0.00262255,75.01633651,35.08125951,FALSE,-2.4,1.63,0
0.061915204,74.95705769,35.05536231,FALSE,-2.4,1.63,0
0.003049853,74.96967722,35.06700756,FALSE,-2.4,1.63,0
0.00578,75.00281531,35.04764912,FALSE,-2.4,1.63,0
0.000704819,74.9800835,35.06144243,FALSE,-2.4,1.63,0
0.003314314,75.11502461,35.06693472,FALSE,-2.4,1.63,0
0.001563657,75.14694937,35.0673853,FALSE,-2.4,1.63,0
0.003179331,75.16491457,35.06353234,FALSE,-2.4,1.63,0
0.004765211,75.17162917,35.05679528,FALSE,-2.4,1.63,0
0.00227319,75.19347617,35.05209912,FALSE,-2.4,1.63,0
0.003516895,75.2041294,35.06111886,FALSE,-2.4,1.63,0
0.000671625,75.19024532,35.04847123,FALSE,-2.4,1.63,0
0.007931523,75.24241838,35.04478286,FALSE,-2.4,1.63,0
0.001926166,75.22181745,35.0793535,FALSE,-2.4,1.63,0
0.020373021,75.21578031,35.07848591,FALSE,-2.4,1.63,0
0.001553367,75.21641708,35.06880977,FALSE,-2.4,1.63,0
0.002419532,75.22470393,35.06523605,FALSE,-2.4,1.63,0
0.014852355,75.19958661,35.09099265,FALSE,-2.4,1.63,0
0.010493032,75.19692325,35.10254558,FALSE,-2.4,1.63,0
0.001411249,75.18280334,35.097921,FALSE,-2.4,1.63,0
0.010597534,75.16331727,35.12005523,FALSE,-2.4,1.63,0
0.004326507,75.16489787,35.11587809,FALSE,-2.4,1.63,0
0.004050032,75.11356636,35.11728423,FALSE,-2.4,1.63,0
0.001600435,75.14216271,35.10912383,FALSE,-2.4,1.63,0
0.007497005,75.15111522,35.10466483,FALSE,-2.4,1.63,0
0.0021601,75.32420458,35.11747092,FALSE,-2.54,1.23,0
0.001057839,75.32805306,35.11761438,FALSE,-2.54,1.23,0
0.007070722,74.85152172,35.16357465,FALSE,-2.4,1.63,0
0.00331416,75.12103064,35.16706442,FALSE,-2.4,1.63,0
0.00073295,75.11914025,35.16638709,FALSE,-2.4,1.63,0
0.002099579,75.0929312,35.18031159,FALSE,-2.4,1.63,0
0.011070727,75.26367496,35.21097358,FALSE,-2.4,1.63,0
0.000856869,74.92572158,35.30137666,FALSE,1.52,1.06,0
0.002663536,75.09173795,35.26479139,FALSE,1.52,1.06,0
0.000749731,75.09609642,35.25130395,FALSE,1.52,1.06,0
0.010570095,75.18467039,35.27967891,FALSE,1.52,1.06,0
0.006247459,75.19898284,35.29519085,FALSE,1.52,1.06,0
0.001242979,74.94311346,35.33534275,FALSE,1.52,1.06,0
0.014033562,74.97192956,35.42786364,FALSE,1.52,1.06,0
