lake_id,name,latitude,longitude,elevation_m,distance_to_nearest_settlement_km,reference_area_km2,updated_at
PKGL-00001,,34.82899441,74.06189099,3681.0,9.746248432251416,0.950522098,2026-09-01T06:54:27.896595+00:00
PKGL-00002,,34.8200792,74.08633956,3663.0,7.396566755187103,0.034728361,2026-09-01T06:54:27.896595+00:00
PKGL-00003,,34.80645933,74.07199024,3656.0,7.619067441375813,0.019693202,2026-09-01T06:54:27.896595+00:00
PKGL-00004,,34.85749696,74.07676326,3680.0,8.773069852484932,0.206074468,2026-09-01T06:54:27.896595+00:00
PKGL-00005,,34.8611627,74.0782622,3689.0,8.521194594123237,0.021374535,2026-09-01T06:54:27.896595+00:00
PKGL-00006,,34.86212171,74.07709179,3686.0,8.595120836905345,0.00073464,2026-09-01T06:54:27.896595+00:00
PKGL-00007,,34.85647831,74.08737154,3936.0,7.901621595782387,0.019091254,2026-09-01T06:54:27.896595+00:00
PKGL-00008,,34.91214152,74.08900043,3283.0,7.924807057618405,0.003892363,2026-09-01T06:54:27.896595+00:00
PKGL-00009,,34.90983314,74.08982955,3276.0,7.75183749471955,0.001057498,2026-09-01T06:54:27.896595+00:00
PKGL-00010,,34.93985521,74.07301453,4098.0,10.7590052955818,0.001867557,2026-09-01T06:54:27.896595+00:00
PKGL-00011,,34.94211262,74.07006201,4185.0,11.124634468033548,0.00106368,2026-09-01T06:54:27.896595+00:00
PKGL-00012,,34.94943634,74.08106762,4155.0,10.8768498144707,0.002289383,2026-09-01T06:54:27.896595+00:00
PKGL-00013,,34.94963879,74.0840106,4134.0,10.698599441544925,0.014796554,2026-09-01T06:54:27.896595+00:00
PKGL-00014,,34.95436444,74.08687314,4067.0,10.89293322599642,0.006490048,2026-09-01T06:54:27.896595+00:00
PKGL-00015,,34.95673787,74.07401803,3961.0,11.901943067474312,0.002289994,2026-09-01T06:54:27.896595+00:00
PKGL-00016,,34.95714655,74.0756251,3959.0,11.828750523061672,0.010953177,2026-09-01T06:54:27.896595+00:00
PKGL-00017,,34.96223809,74.10030032,3605.0,10.807915410139437,0.300042567,2026-09-01T06:54:27.896595+00:00
PKGL-00018,,34.95900102,74.117285,4083.0,9.68700801113309,0.027935232,2026-09-01T06:54:27.896595+00:00
PKGL-00019,,34.95656774,74.13008771,3799.0,8.937258633850922,0.059931822,2026-09-01T06:54:27.896595+00:00
PKGL-00020,,34.94793356,74.13842658,4014.0,7.7649240622901425,0.198136871,2026-09-01T06:54:27.896595+00:00
PKGL-00021,,34.94333046,74.14108063,4017.0,7.201095367745099,0.004052756,2026-09-01T06:54:27.896595+00:00
PKGL-00022,,34.9262382,74.1555706,3926.0,4.999537423882604,0.196994664,2026-09-01T06:54:27.896595+00:00
PKGL-00023,,35.0178167,74.09028527,3893.0,14.084989282670032,0.300729844,2026-09-01T06:54:27.896595+00:00
PKGL-00024,,35.04198724,74.09652296,3977.0,15.247764046547935,0.027285304,2026-09-01T06:54:27.896595+00:00
PKGL-00025,,35.07012639,74.11421817,4196.0,15.78347650204513,0.047214298,2026-09-01T06:54:27.896595+00:00
PKGL-00026,,35.07308481,74.10483304,4027.0,15.166294475142164,0.022111235,2026-09-01T06:54:27.896595+00:00
PKGL-00027,,35.08034104,74.12869151,4173.0,15.32944175887509,0.026123395,2026-09-01T06:54:27.896595+00:00
PKGL-00028,,35.09140121,74.14808283,4316.0,15.25042664101052,0.020752368,2026-09-01T06:54:27.896595+00:00
PKGL-00029,,35.10436818,74.12440705,4186.0,12.834382235464192,0.00715117,2026-09-01T06:54:27.896595+00:00
PKGL-00030,,35.12115546,74.14455504,4261.0,12.528372943318962,0.005218218,2026-09-01T06:54:27.896595+00:00
PKGL-00031,,35.10494894,74.21879852,4404.0,15.150406443992305,0.026402789,2026-09-01T06:54:27.896595+00:00
PKGL-00032,,35.10289113,74.21838499,4428.0,15.35575252264189,0.002361446,2026-09-01T06:54:27.896595+00:00
PKGL-00033,,35.10045216,74.21697416,4448.0,15.64989089506585,0.008699161,2026-09-01T06:54:27.896595+00:00
PKGL-00034,,35.10080893,74.21504603,4442.0,15.723476878284991,0.001741513,2026-09-01T06:54:27.896595+00:00
PKGL-00035,,35.09662396,74.19078405,4348.0,17.458087429736104,0.00302369,2026-09-01T06:54:27.896595+00:00
PKGL-00036,,35.08756943,74.19835689,4376.0,17.816934641190024,0.026828355,2026-09-01T06:54:27.896595+00:00
PKGL-00037,,35.07046505,74.22515598,4408.0,18.06892269686112,0.025998731,2026-09-01T06:54:27.896595+00:00
PKGL-00038,,35.062034,74.22254699,4398.0,19.008100639419546,0.016978644,2026-09-01T06:54:27.896595+00:00
PKGL-00039,,35.03726559,74.18089311,4025.0,17.255278254499746,0.028634279,2026-09-01T06:54:27.896595+00:00
PKGL-00040,,35.03883492,74.19138381,3824.0,17.519842175783744,0.002439057,2026-09-01T06:54:27.896595+00:00
PKGL-00041,,35.04657285,74.14694608,4196.0,18.350606486939,0.023585798,2026-09-01T06:54:27.896595+00:00
PKGL-00042,,35.05089764,74.15042157,4200.0,18.79931181248632,0.064902028,2026-09-01T06:54:27.896595+00:00
PKGL-00043,,35.04954782,74.14603749,4198.0,18.68830684518336,0.001826209,2026-09-01T06:54:27.896595+00:00
PKGL-00044,,34.85935138,74.28289021,4050.0,7.236086728588514,0.005803908,2026-09-01T06:54:27.896595+00:00
PKGL-00045,,34.86384275,74.28176518,4216.0,7.456155085660781,0.007400137,2026-09-01T06:54:27.896595+00:00
PKGL-00046,,34.86481901,74.27045377,4067.0,6.7998071117052445,0.047286329,2026-09-01T06:54:27.896595+00:00
PKGL-00047,,34.86807655,74.26972956,4130.0,6.699930007298888,0.010192533,2026-09-01T06:54:27.896595+00:00
PKGL-00048,,34.87107546,74.27258279,4269.0,6.945837638436641,0.005545481,2026-09-01T06:54:27.896595+00:00
PKGL-00049,,34.87339806,74.27250738,4306.0,6.939245857855719,0.007220898,2026-09-01T06:54:27.896595+00:00
PKGL-00050,,34.8773095,74.28104922,4099.0,7.738254445191524,0.009669159,2026-09-01T06:54:27.896595+00:00
PKGL-00051,,34.87807078,74.28734101,3993.0,7.579852066728107,0.0183238,2026-09-01T06:54:27.896595+00:00
PKGL-00052,,34.87775436,74.28819035,3998.0,7.494966222385707,0.000550488,2026-09-01T06:54:27.896595+00:00
PKGL-00053,,34.88089191,74.29165842,3895.0,7.397117773576461,0.004585308,2026-09-01T06:54:27.896595+00:00
PKGL-00054,,34.88257619,74.29315392,3888.0,7.384251653891601,0.009992423,2026-09-01T06:54:27.896595+00:00
PKGL-00055,,34.86961775,74.25739938,4157.0,5.566806078079532,0.002713219,2026-09-01T06:54:27.896595+00:00
PKGL-00056,,34.8738647,74.2501474,4039.0,4.901734092009392,0.096159655,2026-09-01T06:54:27.896595+00:00
PKGL-00057,,34.87954239,74.24740011,3950.0,4.7194682970262285,0.042144851,2026-09-01T06:54:27.896595+00:00
PKGL-00058,,34.88968736,74.28595576,4155.0,8.374722813457627,0.045135424,2026-09-01T06:54:27.896595+00:00
PKGL-00059,,34.95925824,74.30421112,4187.0,11.492084998891896,0.007744976,2026-09-01T06:54:27.896595+00:00
PKGL-00060,,34.96456666,74.32756059,4163.0,10.065763139485387,0.001519449,2026-09-01T06:54:27.896595+00:00
PKGL-00061,,35.00268236,74.29220132,4189.0,15.28754284949229,0.007531323,2026-09-01T06:54:27.896595+00:00
PKGL-00062,,35.03218249,74.27956099,4443.0,18.45283514570992,0.001324219,2026-09-01T06:54:27.896595+00:00
PKGL-00063,,35.03424086,74.27051762,4211.0,19.17493536808659,0.006262633,2026-09-01T06:54:27.896595+00:00
PKGL-00064,,35.04384006,74.26216638,4313.0,19.566539759522115,0.003331451,2026-09-01T06:54:27.896595+00:00
PKGL-00065,,35.05153027,74.278914,4197.0,18.377209637307843,0.001460655,2026-09-01T06:54:27.896595+00:00
PKGL-00066,,35.0532169,74.27883909,4188.0,18.19494067014197,0.007277967,2026-09-01T06:54:27.896595+00:00
PKGL-00067,,35.05912433,74.29684743,4481.0,17.280194866816313,0.003130972,2026-09-01T06:54:27.896595+00:00
PKGL-00068,,35.06208345,74.26928218,3915.0,17.438858511730974,0.002023044,2026-09-01T06:54:27.896595+00:00
PKGL-00069,,35.09670217,74.26995854,4302.0,13.741266746823047,0.001066896,2026-09-01T06:54:27.896595+00:00
PKGL-00070,,35.12268651,74.28735471,4543.0,10.506414812255787,0.007291193,2026-09-01T06:54:27.896595+00:00
PKGL-00071,,35.1972932,74.3763953,4642.0,5.455672828113641,0.079399207,2026-09-01T06:54:27.896595+00:00
PKGL-00072,,35.0128905,74.37392754,3864.0,11.00082041969732,0.003027491,2026-09-01T06:54:27.896595+00:00
PKGL-00073,,34.96838023,74.37697665,3404.0,7.4429331760818735,0.005580415,2026-09-01T06:54:27.896595+00:00
PKGL-00074,,34.89789041,74.34220828,3967.0,6.043516545222543,0.009904528,2026-09-01T06:54:27.896595+00:00
PKGL-00075,,34.90302733,74.36179248,4135.0,4.73943672778728,0.008394886,2026-09-01T06:54:27.896595+00:00
PKGL-00076,,34.86712201,74.30747407,4017.0,5.388776243811909,0.006073095,2026-09-01T06:54:27.896595+00:00
PKGL-00077,,34.86295733,74.27980466,4213.0,7.6029722668194335,0.00259134,2026-09-01T06:54:27.896595+00:00
PKGL-00078,,34.86987802,74.26098517,4168.0,5.89222300513656,0.000808335,2026-09-01T06:54:27.896595+00:00
PKGL-00079,,34.87704871,74.44343641,3858.0,4.367808718293793,0.021818263,2026-09-01T06:54:27.896595+00:00
PKGL-00080,,34.88010748,74.44832788,3694.0,4.417588745588661,0.016662246,2026-09-01T06:54:27.896595+00:00
PKGL-00081,,34.8742305,74.46815361,3649.0,6.222729085879751,0.001848374,2026-09-01T06:54:27.896595+00:00
PKGL-00082,,34.87335603,74.46835404,3649.0,6.295881048904913,0.004240915,2026-09-01T06:54:27.896595+00:00
PKGL-00083,,34.91927913,74.5216406,4045.0,6.140383090308157,0.754965753,2026-09-01T06:54:27.896595+00:00
PKGL-00084,,34.91412366,74.52854645,4060.0,6.989340819789172,0.005635789,2026-09-01T06:54:27.896595+00:00
PKGL-00085,,34.91449218,74.54360491,4173.0,7.970873065351662,0.045357093,2026-09-01T06:54:27.896595+00:00
PKGL-00086,,34.84895856,74.52268361,4018.0,5.826726285206552,0.217292385,2026-09-01T06:54:27.896595+00:00
PKGL-00087,,34.88268408,74.50773085,3583.0,7.822610794721371,0.014106051,2026-09-01T06:54:27.896595+00:00
PKGL-00088,,34.92999291,74.57868324,4287.0,9.947020481146788,0.029394611,2026-09-01T06:54:27.896595+00:00
PKGL-00089,,34.87835345,74.58610155,3818.0,10.27537764469952,0.007266541,2026-09-01T06:54:27.896595+00:00
PKGL-00090,,34.87732973,74.58712869,3812.0,10.183005649827347,0.001072802,2026-09-01T06:54:27.896595+00:00
PKGL-00091,,34.88048022,74.58627554,3848.0,10.510367605507264,0.010498989,2026-09-01T06:54:27.896595+00:00
PKGL-00092,,34.87199342,74.60211252,3564.0,9.955940163774413,0.01635248,2026-09-01T06:54:27.896595+00:00
PKGL-00093,,34.87000376,74.65902658,3567.0,11.117070356091755,0.009063474,2026-09-01T06:54:27.896595+00:00
PKGL-00094,,34.83949363,74.67585275,3868.0,9.373722542135493,0.111364795,2026-09-01T06:54:27.896595+00:00
PKGL-00095,,34.85904898,74.69584546,4033.0,12.035063564055813,0.051222856,2026-09-01T06:54:27.896595+00:00
PKGL-00096,,34.90818862,74.6801604,3865.0,15.769965709138424,0.248067301,2026-09-01T06:54:27.896595+00:00
PKGL-00097,,34.89459665,74.6612636,4202.0,13.657451274490093,0.052792729,2026-09-01T06:54:27.896595+00:00
PKGL-00098,,34.89914626,74.66334375,4283.0,14.19674607145165,0.058166805,2026-09-01T06:54:27.896595+00:00
PKGL-00099,,34.89794925,74.66109142,4289.0,13.992300393315196,0.015314678,2026-09-01T06:54:27.896595+00:00
PKGL-00100,,34.9089458,74.65523659,3954.0,14.933940658747588,0.040081308,2026-09-01T06:54:27.896595+00:00
PKGL-00101,,34.9112918,74.65700038,3924.0,15.233859023001106,0.004798301,2026-09-01T06:54:27.896595+00:00
PKGL-00102,,34.91750142,74.67170067,3685.0,16.371837599750652,0.022870294,2026-09-01T06:54:27.896595+00:00
PKGL-00103,,34.91427735,74.63777549,4025.0,15.052379569867586,0.070218064,2026-09-01T06:54:27.896595+00:00
PKGL-00104,,34.908184,74.64149452,4235.0,14.478181618022337,0.007837067,2026-09-01T06:54:27.896595+00:00
PKGL-00105,,34.84968327,74.66943133,4381.0,9.789038168416488,0.006702339,2026-09-01T06:54:27.896595+00:00
PKGL-00106,,34.88768104,74.61985869,4155.0,11.835866349318332,0.002600632,2026-09-01T06:54:27.896595+00:00
PKGL-00107,,34.93927691,74.70387386,4407.0,15.481996260274268,0.013224256,2026-09-01T06:54:27.896595+00:00
PKGL-00108,,34.94427016,74.69752986,4401.0,15.95144727005282,0.001779995,2026-09-01T06:54:27.896595+00:00
PKGL-00109,,34.94410298,74.70105045,4430.0,15.637739319819842,0.002401558,2026-09-01T06:54:27.896595+00:00
PKGL-00110,,34.94588415,74.70481959,4502.0,15.2671057609077,0.037073374,2026-09-01T06:54:27.896595+00:00
PKGL-00111,,34.92979535,74.69266512,4256.0,16.714224375372062,0.004281044,2026-09-01T06:54:27.896595+00:00
PKGL-00112,,34.93388233,74.7013803,4326.0,15.833726838032169,0.001337982,2026-09-01T06:54:27.896595+00:00
PKGL-00113,,34.93488782,74.70231031,4342.0,15.725481248046044,0.000720789,2026-09-01T06:54:27.896595+00:00
PKGL-00114,,34.94624562,74.67969938,4045.0,17.52746881757138,0.014837403,2026-09-01T06:54:27.896595+00:00
PKGL-00115,,34.94555156,74.67902526,4046.0,17.59871353804198,0.003865366,2026-09-01T06:54:27.896595+00:00
PKGL-00116,,34.95850199,74.63292619,4307.0,14.324661470023091,0.002970242,2026-09-01T06:54:27.896595+00:00
PKGL-00117,,34.9763622,74.62434194,4090.0,13.666421152598891,0.014775581,2026-09-01T06:54:27.896595+00:00
PKGL-00118,,34.97618927,74.62221615,4090.0,13.471914085176982,0.002605537,2026-09-01T06:54:27.896595+00:00
PKGL-00119,,34.9750584,74.62260571,4097.0,13.49068076890668,0.002370531,2026-09-01T06:54:27.896595+00:00
PKGL-00120,,34.97401623,74.62626473,4118.0,13.807728394795417,0.009916075,2026-09-01T06:54:27.896595+00:00
PKGL-00121,,34.98624845,74.57913492,4394.0,9.87205130128858,0.007814578,2026-09-01T06:54:27.896595+00:00
PKGL-00122,,34.98634912,74.56810286,4414.0,8.921620633149887,0.007036089,2026-09-01T06:54:27.896595+00:00
PKGL-00123,,34.98920829,74.72677336,4331.0,11.61286938407702,0.045758286,2026-09-01T06:54:27.896595+00:00
PKGL-00124,,34.96681237,74.71408814,4367.0,14.022738810984814,0.008643049,2026-09-01T06:54:27.896595+00:00
PKGL-00125,,34.96831927,74.71904414,4417.0,13.568034187624445,0.001655075,2026-09-01T06:54:27.896595+00:00
PKGL-00126,,34.96664379,74.71860977,4418.0,13.71851905510611,0.002716493,2026-09-01T06:54:27.896595+00:00
PKGL-00127,,35.00718898,74.58905736,4447.0,11.5952533050557,0.033998073,2026-09-01T06:54:27.896595+00:00
PKGL-00128,,35.00818822,74.57130681,4466.0,10.2402044341116,0.006086882,2026-09-01T06:54:27.896595+00:00
PKGL-00129,,35.03326017,74.64284011,4561.0,16.29548451003862,0.008929872,2026-09-01T06:54:27.896595+00:00
PKGL-00130,,35.02151992,74.55165716,4418.0,9.75043995035771,0.009609989,2026-09-01T06:54:27.896595+00:00
PKGL-00131,,35.06650357,74.44605283,3754.0,12.179825206573556,0.00712462,2026-09-01T06:54:27.896595+00:00
PKGL-00132,,35.05536548,74.4954593,3851.0,10.78781417435692,0.001658927,2026-09-01T06:54:27.896595+00:00
PKGL-00133,,35.05745938,74.49389571,3882.0,10.995152904287387,0.00149061,2026-09-01T06:54:27.896595+00:00
PKGL-00134,,35.0983914,74.70881434,4531.0,8.445253342462454,0.004357877,2026-09-01T06:54:27.896595+00:00
PKGL-00135,,35.0515191,74.68531016,4234.0,11.951767436753215,0.00243958,2026-09-01T06:54:27.896595+00:00
PKGL-00136,,35.05200085,74.68580173,4231.0,11.887249878425347,0.002225349,2026-09-01T06:54:27.896595+00:00
PKGL-00137,,35.04426149,74.63480063,4323.0,16.458185116675345,0.011703045,2026-09-01T06:54:27.896595+00:00
PKGL-00138,,35.16665434,74.56548827,3749.0,10.94575699669942,0.045414669,2026-09-01T06:54:27.896595+00:00
PKGL-00139,,35.14988652,74.51519235,4116.0,15.883129532606338,0.007681813,2026-09-01T06:54:27.896595+00:00
PKGL-00140,,35.19271716,74.61605261,3601.0,5.64634299993153,0.081593171,2026-09-01T06:54:27.896595+00:00
PKGL-00141,,35.33011429,74.78566511,3476.0,3.1754579072761184,0.144879733,2026-09-01T06:54:27.896595+00:00
PKGL-00142,,35.3327117,74.77453727,3664.0,3.582447089080678,0.002602659,2026-09-01T06:54:27.896595+00:00
PKGL-00143,,35.33907494,74.77247274,3594.0,3.29771657384178,0.002475688,2026-09-01T06:54:27.896595+00:00
PKGL-00144,,35.32318645,74.7534562,3759.0,5.726638071680301,0.007675641,2026-09-01T06:54:27.896595+00:00
PKGL-00145,,35.33208302,74.75961412,3682.0,4.699052597100795,0.00316577,2026-09-01T06:54:27.896595+00:00
PKGL-00146,,35.3995404,74.67515644,3387.0,2.800073327858992,0.166998319,2026-09-01T06:54:27.896595+00:00
PKGL-00147,,35.41212792,74.66847493,3108.0,1.275480720134124,0.01608893,2026-09-01T06:54:27.896595+00:00
PKGL-00148,,34.83389651,74.0523068,3546.0,10.772304642112571,0.004986959,2026-09-01T06:54:27.896595+00:00
PKGL-00149,,34.86540498,74.04752147,3814.0,11.152256350827624,0.000854494,2026-09-01T06:54:27.896595+00:00
PKGL-00150,,34.8657307,74.05034249,3819.0,10.892477041925863,0.05902182,2026-09-01T06:54:27.896595+00:00
PKGL-00151,,34.83634007,74.09311957,3713.0,8.293841849488247,0.003372502,2026-09-01T06:54:27.896595+00:00
PKGL-00152,,34.83716701,74.09156809,3715.0,8.460044098040608,0.000671565,2026-09-01T06:54:27.896595+00:00
PKGL-00153,,34.86356357,74.11346041,4119.0,5.399750850476657,0.000522017,2026-09-01T06:54:27.896595+00:00
PKGL-00154,,34.86017989,74.09757709,3690.0,6.884545285868371,0.003418232,2026-09-01T06:54:27.896595+00:00
PKGL-00155,,34.98459103,74.10550667,3437.0,12.7063825802069,0.005699431,2026-09-01T06:54:27.896595+00:00
PKGL-00156,,35.09351066,74.17846435,4101.0,16.883058833772992,0.039218784,2026-09-01T06:54:27.896595+00:00
PKGL-00157,,35.08497822,74.18272625,4245.0,17.833863590461274,0.000556991,2026-09-01T06:54:27.896595+00:00
PKGL-00158,,35.08635132,74.17987832,4207.0,17.544882360842387,0.000883882,2026-09-01T06:54:27.896595+00:00
PKGL-00159,,35.07265082,74.20178219,4336.0,18.97011379168073,0.003667438,2026-09-01T06:54:27.896595+00:00
PKGL-00160,,35.0741868,74.1774635,4042.0,18.4113680344277,0.046522634,2026-09-01T06:54:27.896595+00:00
PKGL-00161,,35.08390104,74.17690056,4155.0,17.56177947101476,0.006053636,2026-09-01T06:54:27.896595+00:00
PKGL-00162,,34.86060714,74.14545526,3929.0,3.181874466726485,0.017931692,2026-09-01T06:54:27.896595+00:00
PKGL-00163,,35.02785494,74.24018039,4421.0,17.45594290768809,0.004327633,2026-09-01T06:54:27.896595+00:00
PKGL-00164,,35.02842331,74.23841107,4409.0,17.454562221106507,0.000968107,2026-09-01T06:54:27.896595+00:00
PKGL-00165,,35.15572917,74.23629909,4590.0,9.926941115046786,0.000670544,2026-09-01T06:54:27.896595+00:00
PKGL-00166,,35.15530164,74.23570024,4589.0,9.999210139664918,0.007587649,2026-09-01T06:54:27.896595+00:00
PKGL-00167,,35.16099572,74.23666471,4681.0,9.532565468125638,0.003334568,2026-09-01T06:54:27.896595+00:00
PKGL-00168,,35.17349236,74.23537187,4690.0,8.853410975968925,0.004126431,2026-09-01T06:54:27.896595+00:00
PKGL-00169,,35.17281798,74.23499267,4689.0,8.920970297482427,0.000831677,2026-09-01T06:54:27.896595+00:00
PKGL-00170,,34.88031995,74.36086327,4008.0,3.857459195574897,0.008332244,2026-09-01T06:54:27.896595+00:00
PKGL-00171,,35.10961563,74.37935923,4267.0,12.752330801019207,0.002813905,2026-09-01T06:54:27.896595+00:00
PKGL-00172,,35.20127644,74.39931634,4613.0,7.360115984186423,0.004169869,2026-09-01T06:54:27.896595+00:00
PKGL-00173,,35.21338636,74.39775161,4418.0,7.092846564901825,0.002324768,2026-09-01T06:54:27.896595+00:00
PKGL-00174,,35.27277642,74.46982972,3898.0,7.221621827218372,0.002280068,2026-09-01T06:54:27.896595+00:00
PKGL-00175,,35.26389096,74.48616708,3991.0,8.993177219411578,0.001220265,2026-09-01T06:54:27.896595+00:00
PKGL-00176,,35.27118854,74.47605463,3926.0,7.806419190220411,0.000956787,2026-09-01T06:54:27.896595+00:00
PKGL-00177,,35.27197844,74.47594082,3917.0,7.759007072345519,0.002138409,2026-09-01T06:54:27.896595+00:00
PKGL-00178,,35.27036937,74.46680745,3878.0,7.105918173332837,0.001775073,2026-09-01T06:54:27.896595+00:00
PKGL-00179,,35.27377298,74.46294945,3837.0,6.616275199464157,0.001671253,2026-09-01T06:54:27.896595+00:00
PKGL-00180,,35.26919981,74.48153044,3944.0,8.350189283679974,0.002316434,2026-09-01T06:54:27.896595+00:00
PKGL-00181,,35.26874793,74.47627043,3933.0,7.9464161108757425,0.000711293,2026-09-01T06:54:27.896595+00:00
PKGL-00182,,35.21706839,74.45095577,4766.0,10.55997086776158,0.004421206,2026-09-01T06:54:27.896595+00:00
PKGL-00183,,34.91579598,74.55224266,4268.0,8.512255455672069,0.00769109,2026-09-01T06:54:27.896595+00:00
PKGL-00184,,34.91616479,74.55081943,4252.0,8.382545851966697,0.000373784,2026-09-01T06:54:27.896595+00:00
PKGL-00185,,34.97318281,74.51326186,3093.0,3.732824770659452,0.002800037,2026-09-01T06:54:27.896595+00:00
PKGL-00186,,35.17284305,74.5425938,3928.0,12.671435669170544,0.00187164,2026-09-01T06:54:27.896595+00:00
PKGL-00187,,35.4288492,74.71249725,4825.0,4.592193488668867,0.003585569,2026-09-01T06:54:27.896595+00:00
PKGL-00188,,35.42906386,74.70881358,4760.0,4.2667411142340566,0.004220404,2026-09-01T06:54:27.896595+00:00
PKGL-00189,,35.02898605,74.67752876,3879.0,13.45773863137841,0.0026012,2026-09-01T06:54:27.896595+00:00
PKGL-00190,,34.9113641,74.65091158,4113.0,15.061443250510331,0.002594436,2026-09-01T06:54:27.896595+00:00
PKGL-00191,,35.35076051,74.78777517,3393.0,1.4787058427191162,0.004160333,2026-09-01T06:54:27.896595+00:00
PKGL-00192,,35.33624945,74.7945702,3456.0,2.207516565075843,0.000803326,2026-09-01T06:54:27.896595+00:00
PKGL-00193,,35.33575105,74.79391974,3453.0,2.2807106636525987,0.001889601,2026-09-01T06:54:27.896595+00:00
PKGL-00194,,35.33176378,74.7911331,3481.0,2.787269599515359,0.000667741,2026-09-01T06:54:27.896595+00:00
PKGL-00195,,35.2814975,74.73796965,4393.0,2.4508818935740844,0.002394383,2026-09-01T06:54:27.896595+00:00
PKGL-00196,,35.36421345,74.68127495,4207.0,6.7009326304133,0.018216347,2026-09-01T06:54:27.896595+00:00
PKGL-00197,,35.44748321,74.70944522,4548.0,5.086987346659503,0.021013819,2026-09-01T06:54:27.896595+00:00
PKGL-00198,,35.44821834,74.70845651,4555.0,5.057985003726276,0.00014662,2026-09-01T06:54:27.896595+00:00
PKGL-00199,,34.9385985,74.62691722,4276.0,13.97650099744565,0.005997156,2026-09-01T06:54:27.896595+00:00
PKGL-00200,,34.9181976,74.61667102,4088.0,13.649696567002016,0.005753862,2026-09-01T06:54:27.896595+00:00
PKGL-00201,,34.98203261,74.59289673,4011.0,10.95958500650756,0.001136409,2026-09-01T06:54:27.896595+00:00
PKGL-00202,,35.01355005,74.60714406,4562.0,13.384483260622964,0.000886358,2026-09-01T06:54:27.896595+00:00
PKGL-00203,,35.01323541,74.60605749,4559.0,13.2803291292988,0.004917332,2026-09-01T06:54:27.896595+00:00
PKGL-00204,,35.04835115,74.60071182,4413.0,15.05720793469971,0.005143507,2026-09-01T06:54:27.896595+00:00
PKGL-00205,,35.10472955,74.6120123,4241.0,12.61915739609984,0.004451816,2026-09-01T06:54:27.896595+00:00
PKGL-00206,,35.17463519,74.56700403,3732.0,10.4976074363522,0.002216133,2026-09-01T06:54:27.896595+00:00
PKGL-00207,,35.10417475,74.5162856,4925.0,16.483297657907382,0.007525629,2026-09-01T06:54:27.896595+00:00
PKGL-00208,,35.00809999,74.48058725,4158.0,5.399713342364668,0.001234364,2026-09-01T06:54:27.896595+00:00
PKGL-00209,,34.99498901,74.44136211,3151.0,5.0209494331647,0.00178117,2026-09-01T06:54:27.896595+00:00
PKGL-00210,,36.43187072,72.01837296,3758.0,14.032704285899143,0.002082331,2026-09-01T06:54:27.896595+00:00
PKGL-00211,,36.43303777,72.01547532,3761.0,14.30852601149852,0.008813377,2026-09-01T06:54:27.896595+00:00
PKGL-00212,,36.4350035,72.01835987,3790.0,14.280706894617596,0.002672722,2026-09-01T06:54:27.896595+00:00
PKGL-00213,,36.43677515,72.01643589,3810.0,14.541911506997494,0.000445158,2026-09-01T06:54:27.896595+00:00
PKGL-00214,,36.43692057,72.01373995,3822.0,14.72267405119083,0.003412868,2026-09-01T06:54:27.896595+00:00
PKGL-00215,,36.44020202,72.02075028,3808.0,14.555653207011488,0.000517341,2026-09-01T06:54:27.896595+00:00
PKGL-00216,,36.44311858,72.00994964,3891.0,15.452218637521478,0.000819689,2026-09-01T06:54:27.896595+00:00
PKGL-00217,,36.44390607,72.01063894,3885.0,15.472786910135016,0.000282954,2026-09-01T06:54:27.896595+00:00
PKGL-00218,,36.44406348,72.0089609,3906.0,15.58924313836979,0.001429009,2026-09-01T06:54:27.896595+00:00
PKGL-00219,,36.44461575,72.00821611,3907.0,15.679691333541369,0.000990743,2026-09-01T06:54:27.896595+00:00
PKGL-00220,,36.446495,72.00497141,3918.0,16.031699235738827,0.008931604,2026-09-01T06:54:27.896595+00:00
PKGL-00221,,36.44794995,72.00284606,3948.0,16.280229018340677,0.006052926,2026-09-01T06:54:27.896595+00:00
PKGL-00222,,36.44876667,72.00237148,3954.0,16.374920704287543,0.002512921,2026-09-01T06:54:27.896595+00:00
PKGL-00223,,36.44931448,71.99715946,3983.0,16.745930483140498,0.000386847,2026-09-01T06:54:27.896595+00:00
PKGL-00224,,36.44828746,71.9959074,3979.0,16.745576664269123,0.000692535,2026-09-01T06:54:27.896595+00:00
PKGL-00225,,36.45156103,72.0007375,3955.0,16.700022819509226,0.000684891,2026-09-01T06:54:27.896595+00:00
PKGL-00226,,36.45126478,72.00111963,3956.0,16.652591795231302,0.000567758,2026-09-01T06:54:27.896595+00:00
PKGL-00227,,36.45093978,72.00279883,3947.0,16.522813600745103,0.001924058,2026-09-01T06:54:27.896595+00:00
PKGL-00228,,36.45041616,72.0042859,3939.0,16.389143668930245,0.000485713,2026-09-01T06:54:27.896595+00:00
PKGL-00229,,36.44816062,72.00882712,3906.0,15.928575983160028,0.001258353,2026-09-01T06:54:27.896595+00:00
PKGL-00230,,36.44984487,72.00570821,3935.0,16.255757942100967,0.000133385,2026-09-01T06:54:27.896595+00:00
PKGL-00231,,36.45118228,72.00501149,3934.0,16.407011722026812,0.000132932,2026-09-01T06:54:27.896595+00:00
PKGL-00232,,36.45009464,72.00949889,3906.0,16.046566118337225,0.000229043,2026-09-01T06:54:27.896595+00:00
PKGL-00233,,36.45038592,72.00935267,3903.0,16.07935948643602,0.000466546,2026-09-01T06:54:27.896595+00:00
PKGL-00234,,36.45350185,72.00765445,3922.0,16.4386821199723,0.010962815,2026-09-01T06:54:27.896595+00:00
PKGL-00235,,36.45374275,72.00597158,3939.0,16.55906741900794,0.006418057,2026-09-01T06:54:27.896595+00:00
PKGL-00236,,36.45481165,72.00395403,3925.0,16.768245242738143,0.015208504,2026-09-01T06:54:27.896595+00:00
PKGL-00237,,36.45347213,71.99873458,3949.0,16.97740773274343,0.001917511,2026-09-01T06:54:27.896595+00:00
PKGL-00238,,36.45215627,71.99813789,3968.0,16.909113730223094,0.00095821,2026-09-01T06:54:27.896595+00:00
PKGL-00239,,36.45255002,71.9974688,3968.0,16.982225305606054,0.001544791,2026-09-01T06:54:27.896595+00:00
PKGL-00240,,36.45384237,71.99612276,3959.0,17.169175519330267,0.001360288,2026-09-01T06:54:27.896595+00:00
PKGL-00241,,36.45367658,71.99519876,3967.0,17.213708015491513,0.000491131,2026-09-01T06:54:27.896595+00:00
PKGL-00242,,36.45216603,71.99550824,3971.0,17.074661060253238,0.001130981,2026-09-01T06:54:27.896595+00:00
PKGL-00243,,36.45181709,71.99382275,3974.0,17.153775675370593,0.001262701,2026-09-01T06:54:27.896595+00:00
PKGL-00244,,36.44989487,71.99163416,3992.0,17.14453967021146,0.00206093,2026-09-01T06:54:27.896595+00:00
PKGL-00245,,36.45597796,71.98615039,4028.0,17.967384085004905,0.005351389,2026-09-01T06:54:27.896595+00:00
PKGL-00246,,36.45813202,71.99165541,4021.0,17.789747335368812,0.000460347,2026-09-01T06:54:27.896595+00:00
PKGL-00247,,36.45771107,71.98837256,4040.0,17.961856699806436,0.00317983,2026-09-01T06:54:27.896595+00:00
PKGL-00248,,36.45912526,71.98459732,4062.0,18.311842537150536,0.000503606,2026-09-01T06:54:27.896595+00:00
PKGL-00249,,36.45996562,71.9866383,4052.0,18.249128066722864,0.001271524,2026-09-01T06:54:27.896595+00:00
PKGL-00250,,36.46201099,71.98448498,4076.0,18.54629081609573,0.002228025,2026-09-01T06:54:27.896595+00:00
PKGL-00251,,36.46384498,71.98300415,4099.0,18.7845897628176,0.001909807,2026-09-01T06:54:27.896595+00:00
PKGL-00252,,36.46390783,71.98239825,4098.0,18.82752097685896,0.001467989,2026-09-01T06:54:27.896595+00:00
PKGL-00253,,36.46457509,71.98160173,4100.0,18.93036683489709,0.000272465,2026-09-01T06:54:27.896595+00:00
PKGL-00254,,36.46559807,71.98180824,4093.0,18.99878966169259,0.000233463,2026-09-01T06:54:27.896595+00:00
PKGL-00255,,36.46515194,71.98057207,4104.0,19.04066464054064,0.000784515,2026-09-01T06:54:27.896595+00:00
PKGL-00256,,36.46475869,71.97987695,4105.0,19.05326994565856,0.000683736,2026-09-01T06:54:27.896595+00:00
PKGL-00257,,36.46848612,71.98106229,4124.0,19.27627703663352,0.000378764,2026-09-01T06:54:27.896595+00:00
PKGL-00258,,36.46841634,71.9793647,4129.0,19.375871193363253,0.000831825,2026-09-01T06:54:27.896595+00:00
PKGL-00259,,36.46880303,71.9770595,4130.0,19.550422572156737,0.000295609,2026-09-01T06:54:27.896595+00:00
PKGL-00260,,36.47123163,71.97697942,4154.0,19.749287906888863,0.005117803,2026-09-01T06:54:27.896595+00:00
PKGL-00261,,36.47162957,71.97675784,4144.0,19.79493142846803,0.000524334,2026-09-01T06:54:27.896595+00:00
PKGL-00262,,36.46165547,71.98046554,4090.0,18.772405546677195,0.000487467,2026-09-01T06:54:27.896595+00:00
PKGL-00263,,36.46588275,71.9840959,4088.0,18.879573105026804,0.002638553,2026-09-01T06:54:27.896595+00:00
PKGL-00264,,36.46619284,71.98314102,4099.0,18.96353463906704,0.00111114,2026-09-01T06:54:27.896595+00:00
PKGL-00265,,36.47493044,71.96276802,4205.0,20.93577028324512,0.000760719,2026-09-01T06:54:27.896595+00:00
PKGL-00266,,36.4749877,71.96200983,4201.0,20.988694056381288,0.00020384,2026-09-01T06:54:27.896595+00:00
PKGL-00267,,36.47477725,71.9642946,4200.0,20.826517380931307,0.000139301,2026-09-01T06:54:27.896595+00:00
PKGL-00268,,36.47480597,71.9635594,4201.0,20.87557824156395,0.000542988,2026-09-01T06:54:27.896595+00:00
PKGL-00269,,36.46534093,71.97270028,4141.0,19.55562569144656,0.000190885,2026-09-01T06:54:27.896595+00:00
PKGL-00270,,36.48056294,71.9079335,4516.0,22.694534412996543,0.013735925,2026-09-01T06:54:27.896595+00:00
PKGL-00271,,36.48117075,71.92179827,4448.0,23.043461231872083,0.004206382,2026-09-01T06:54:27.896595+00:00
PKGL-00272,,36.47618687,71.92104482,4449.0,23.5384688221908,0.000637401,2026-09-01T06:54:27.896595+00:00
PKGL-00273,,36.47443343,71.9416531,4350.0,22.28737893178233,0.002824286,2026-09-01T06:54:27.896595+00:00
PKGL-00274,,36.47513572,71.93746103,4358.0,22.622589654510584,0.001552178,2026-09-01T06:54:27.896595+00:00
PKGL-00275,,36.47297038,71.95164625,4293.0,21.510484217309656,0.000660395,2026-09-01T06:54:27.896595+00:00
PKGL-00276,,36.47153415,71.95396713,4284.0,21.249461591303003,0.000528268,2026-09-01T06:54:27.896595+00:00
PKGL-00277,,36.47145424,71.878368,4630.0,23.01719837563645,0.000956253,2026-09-01T06:54:27.896595+00:00
PKGL-00278,,36.47111832,71.87834745,4631.0,23.05352932874964,0.000807689,2026-09-01T06:54:27.896595+00:00
PKGL-00279,,36.47224878,71.87267118,4667.0,22.83911367005709,0.000339686,2026-09-01T06:54:27.896595+00:00
PKGL-00280,,36.47263727,71.8749398,4656.0,22.831661813697703,0.0002249,2026-09-01T06:54:27.896595+00:00
PKGL-00281,,36.47564582,71.87565092,4660.0,22.51405002869481,0.003454159,2026-09-01T06:54:27.896595+00:00
PKGL-00282,,36.43052637,71.93654054,4409.0,19.84160405797944,0.000809531,2026-09-01T06:54:27.896595+00:00
PKGL-00283,,36.42916859,71.94232135,4358.0,19.317081362595747,0.001739372,2026-09-01T06:54:27.896595+00:00
PKGL-00284,,36.42992858,71.9464867,4331.0,19.036834509790346,0.009023196,2026-09-01T06:54:27.896595+00:00
PKGL-00285,,36.42893561,71.94874264,4322.0,18.80688670894672,0.000834557,2026-09-01T06:54:27.896595+00:00
PKGL-00286,,36.42142673,71.95735463,4258.0,17.722454503659286,0.001876617,2026-09-01T06:54:27.896595+00:00
PKGL-00287,,36.41761986,71.95526988,4256.0,17.68311803929031,0.015942659,2026-09-01T06:54:27.896595+00:00
PKGL-00288,,36.41590419,71.96057838,4269.0,17.174150700412753,0.011396127,2026-09-01T06:54:27.896595+00:00
PKGL-00289,,36.41686432,71.96219564,4250.0,17.097539682759137,0.000331292,2026-09-01T06:54:27.896595+00:00
PKGL-00290,,36.4195163,71.95993703,4259.0,17.417004242212823,0.000476057,2026-09-01T06:54:27.896595+00:00
PKGL-00291,,36.41916589,71.95892697,4272.0,17.477101345902703,0.001140471,2026-09-01T06:54:27.896595+00:00
PKGL-00292,,36.41889309,71.9582178,4270.0,17.51807262883716,0.000765973,2026-09-01T06:54:27.896595+00:00
PKGL-00293,,36.4268082,71.93461778,4387.0,19.794296032882546,0.000174963,2026-09-01T06:54:27.896595+00:00
PKGL-00294,,36.42555139,71.96716899,4191.0,17.20277087085342,0.000831684,2026-09-01T06:54:27.896595+00:00
PKGL-00295,,36.424816,71.96884788,4202.0,17.032087909108437,0.001590084,2026-09-01T06:54:27.896595+00:00
PKGL-00296,,36.42307725,71.96884542,4190.0,16.929990545161527,0.000248949,2026-09-01T06:54:27.896595+00:00
PKGL-00297,,36.42258765,71.96698605,4202.0,17.043540170239893,0.00028832,2026-09-01T06:54:27.896595+00:00
PKGL-00298,,36.42248198,71.96795625,4193.0,16.9632448751781,0.000154067,2026-09-01T06:54:27.896595+00:00
PKGL-00299,,36.42999653,71.96755242,4187.0,17.442442611121823,0.000884468,2026-09-01T06:54:27.896595+00:00
PKGL-00300,,36.42954311,71.96683256,4184.0,17.468337686087107,0.000773392,2026-09-01T06:54:27.896595+00:00
PKGL-00301,,36.43082394,71.96957525,4170.0,17.343567979773095,0.0012226,2026-09-01T06:54:27.896595+00:00
PKGL-00302,,36.42585786,71.97339704,4184.0,16.752468778841074,0.000400211,2026-09-01T06:54:27.896595+00:00
PKGL-00303,,36.43409603,71.97804047,4112.0,16.937330390621025,0.000307483,2026-09-01T06:54:27.896595+00:00
PKGL-00304,,36.43512314,71.97823702,4115.0,16.991728554418675,0.002464765,2026-09-01T06:54:27.896595+00:00
PKGL-00305,,36.435755,71.97895445,4111.0,16.983032350666686,0.00184183,2026-09-01T06:54:27.896595+00:00
PKGL-00306,,36.44098729,71.98640947,4066.0,16.827907600925283,0.003449848,2026-09-01T06:54:27.896595+00:00
PKGL-00307,,36.44168517,71.98509943,4050.0,16.967485603847692,0.0004905,2026-09-01T06:54:27.896595+00:00
PKGL-00308,,36.44191917,71.98848989,4062.0,16.754135457679837,0.001036747,2026-09-01T06:54:27.896595+00:00
PKGL-00309,,36.44362749,71.9887568,4036.0,16.86140319226284,0.000468245,2026-09-01T06:54:27.896595+00:00
PKGL-00310,,36.44766446,71.98845689,4011.0,17.18194089735414,0.00194488,2026-09-01T06:54:27.896595+00:00
PKGL-00311,,36.44682457,71.98879036,4016.0,17.096864076395054,0.001385327,2026-09-01T06:54:27.896595+00:00
PKGL-00312,,36.4468753,71.98947233,4011.0,17.055689249301594,0.001735676,2026-09-01T06:54:27.896595+00:00
PKGL-00313,,36.37491436,71.99554566,4464.0,12.52766274531821,0.001177612,2026-09-01T06:54:27.896595+00:00
PKGL-00314,,36.37486146,71.99337982,4486.0,12.712172037228148,0.000930926,2026-09-01T06:54:27.896595+00:00
PKGL-00315,,36.37593153,71.9896056,4526.0,13.069837898037282,0.000233228,2026-09-01T06:54:27.896595+00:00
PKGL-00316,,36.37520013,71.98395336,4604.0,13.534854389381527,0.000969011,2026-09-01T06:54:27.896595+00:00
PKGL-00317,,36.38176064,71.97697179,4793.0,14.340087010159763,0.000703742,2026-09-01T06:54:27.896595+00:00
PKGL-00318,,36.38002286,71.97698437,4777.0,14.28233764458426,0.00016164,2026-09-01T06:54:27.896595+00:00
PKGL-00319,,36.38382155,71.97817323,4794.0,14.30828909803277,0.000335532,2026-09-01T06:54:27.896595+00:00
PKGL-00320,,36.38345721,71.97811067,4774.0,14.300851502441713,0.000401815,2026-09-01T06:54:27.896595+00:00
PKGL-00321,,36.35531742,71.94968524,4433.0,16.182406680437854,0.001126924,2026-09-01T06:54:27.896595+00:00
PKGL-00322,,36.3459094,71.95172835,4332.0,15.945947976348814,0.000496518,2026-09-01T06:54:27.896595+00:00
PKGL-00323,,36.34541787,71.95193242,4328.0,15.926726185277207,0.001517888,2026-09-01T06:54:27.896595+00:00
PKGL-00324,,36.34540169,71.95057275,4339.0,16.048459671900435,0.000563283,2026-09-01T06:54:27.896595+00:00
PKGL-00325,,36.34272562,71.9506153,4336.0,16.042828564384344,0.000459038,2026-09-01T06:54:27.896595+00:00
PKGL-00326,,36.34287145,71.95326379,4310.0,15.805571871421646,0.010575837,2026-09-01T06:54:27.896595+00:00
PKGL-00327,,36.32792937,71.94678677,4115.0,16.473245715492414,0.000283511,2026-09-01T06:54:27.896595+00:00
PKGL-00328,,36.32145034,71.94407433,4034.0,16.803394787499176,0.001921968,2026-09-01T06:54:27.896595+00:00
PKGL-00329,,36.30635573,71.96946331,3754.0,14.822914547718916,0.011286762,2026-09-01T06:54:27.896595+00:00
PKGL-00330,,36.31046406,71.97836554,3669.0,14.03579891324269,0.00067634,2026-09-01T06:54:27.896595+00:00
PKGL-00331,,36.30898407,71.9809045,3667.0,13.860367754741334,0.000867034,2026-09-01T06:54:27.896595+00:00
PKGL-00332,,36.30993156,71.94304846,3947.0,16.859625925925805,0.000988424,2026-09-01T06:54:27.896595+00:00
PKGL-00333,,36.30903698,71.94986761,3892.0,16.326412208872814,0.001252129,2026-09-01T06:54:27.896595+00:00
PKGL-00334,,36.30737418,71.91624851,4024.0,18.62124459716374,0.013073423,2026-09-01T06:54:27.896595+00:00
PKGL-00335,,36.30245557,71.9155063,4123.0,18.37825953473783,0.000637201,2026-09-01T06:54:27.896595+00:00
PKGL-00336,,36.30229431,71.9150797,4124.0,18.401004312242566,0.000251252,2026-09-01T06:54:27.896595+00:00
PKGL-00337,,36.30183177,71.91406162,4121.0,18.450991339454703,0.005532346,2026-09-01T06:54:27.896595+00:00
PKGL-00338,,36.30026457,71.91274487,4120.0,18.460146725329142,0.003744374,2026-09-01T06:54:27.896595+00:00
PKGL-00339,,36.3158925,71.91765777,4020.0,19.06349866534464,0.000600992,2026-09-01T06:54:27.896595+00:00
PKGL-00340,,36.31464513,71.91731448,4021.0,19.00629329124993,0.000238776,2026-09-01T06:54:27.896595+00:00
PKGL-00341,,36.3140484,71.91743067,4022.0,18.958886193459826,0.000180959,2026-09-01T06:54:27.896595+00:00
PKGL-00342,,36.32908051,71.89955679,4224.0,19.94257233225313,0.001170135,2026-09-01T06:54:27.896595+00:00
PKGL-00343,,36.3300868,71.89610515,4263.0,19.659473586378127,0.000430436,2026-09-01T06:54:27.896595+00:00
PKGL-00344,,36.33078212,71.89544459,4280.0,19.616223706437992,0.007918125,2026-09-01T06:54:27.896595+00:00
PKGL-00345,,36.33319448,71.8935074,4299.0,19.500270333161588,0.000953169,2026-09-01T06:54:27.896595+00:00
PKGL-00346,,36.33258063,71.89107914,4324.0,19.27330584966685,0.000667951,2026-09-01T06:54:27.896595+00:00
PKGL-00347,,36.33398018,71.89053143,4330.0,19.25833895963025,0.00109089,2026-09-01T06:54:27.896595+00:00
PKGL-00348,,36.33426138,71.89008189,4330.0,19.225817637283143,0.000253474,2026-09-01T06:54:27.896595+00:00
PKGL-00349,,36.33407075,71.88953402,4331.0,19.17330316884805,0.001291637,2026-09-01T06:54:27.896595+00:00
PKGL-00350,,36.33455399,71.88786219,4343.0,19.039014490717506,0.00017559,2026-09-01T06:54:27.896595+00:00
PKGL-00351,,36.34180076,71.87552245,4429.0,18.16945436760258,0.000356729,2026-09-01T06:54:27.896595+00:00
PKGL-00352,,36.34250891,71.87427347,4433.0,18.08409322802089,0.000595419,2026-09-01T06:54:27.896595+00:00
PKGL-00353,,36.3408827,71.87479035,4424.0,18.078345789937487,0.000197073,2026-09-01T06:54:27.896595+00:00
PKGL-00354,,36.34192482,71.87224066,4435.0,17.891090876373198,0.00019463,2026-09-01T06:54:27.896595+00:00
PKGL-00355,,36.34188593,71.87025321,4438.0,17.719152704789042,0.000223936,2026-09-01T06:54:27.896595+00:00
PKGL-00356,,36.34400302,71.8714255,4443.0,17.88788413324902,0.004050966,2026-09-01T06:54:27.896595+00:00
PKGL-00357,,36.34554449,71.86827394,4458.0,17.670503157790446,0.000545244,2026-09-01T06:54:27.896595+00:00
PKGL-00358,,36.34416761,71.86560585,4453.0,17.39611328430872,0.000789566,2026-09-01T06:54:27.896595+00:00
PKGL-00359,,36.34542322,71.86625205,4457.0,17.494141407514896,0.001155386,2026-09-01T06:54:27.896595+00:00
PKGL-00360,,36.34510354,71.86596091,4457.0,17.45832758995779,0.001130798,2026-09-01T06:54:27.896595+00:00
PKGL-00361,,36.34549123,71.86441799,4451.0,17.34046315752248,0.003150732,2026-09-01T06:54:27.896595+00:00
PKGL-00362,,36.34650778,71.86509686,4460.0,17.43390833966174,0.00099115,2026-09-01T06:54:27.896595+00:00
PKGL-00363,,36.3460833,71.86268414,4462.0,17.214066155672,0.000128034,2026-09-01T06:54:27.896595+00:00
PKGL-00364,,36.34191018,71.8642958,4471.0,17.20910354784979,0.000293578,2026-09-01T06:54:27.896595+00:00
PKGL-00365,,36.34222507,71.86242566,4469.0,17.059437769466484,0.000476998,2026-09-01T06:54:27.896595+00:00
PKGL-00366,,36.34046517,71.86917471,4443.0,17.58201790955707,0.000324858,2026-09-01T06:54:27.896595+00:00
PKGL-00367,,36.34079669,71.86907071,4442.0,17.583354608045692,0.00024609,2026-09-01T06:54:27.896595+00:00
PKGL-00368,,36.34708241,71.85507099,4498.0,16.606851963107946,0.006313843,2026-09-01T06:54:27.896595+00:00
PKGL-00369,,36.34417056,71.8538562,4498.0,16.397015812362064,0.002138328,2026-09-01T06:54:27.896595+00:00
PKGL-00370,,36.34389048,71.85452925,4501.0,16.444066635024104,0.000143316,2026-09-01T06:54:27.896595+00:00
PKGL-00371,,36.34415469,71.85433816,4500.0,16.43730177535481,0.000363965,2026-09-01T06:54:27.896595+00:00
PKGL-00372,,36.34360231,71.85332298,4512.0,16.331456950520376,0.000369756,2026-09-01T06:54:27.896595+00:00
PKGL-00373,,36.33999946,71.85309046,4503.0,16.187549678238813,0.000559377,2026-09-01T06:54:27.896595+00:00
PKGL-00374,,36.33904065,71.85223593,4496.0,16.08284351851572,0.00062368,2026-09-01T06:54:27.896595+00:00
PKGL-00375,,36.33895173,71.85295363,4496.0,16.141401725212756,0.00089983,2026-09-01T06:54:27.896595+00:00
PKGL-00376,,36.33829416,71.85219623,4500.0,16.05522224030087,0.000327206,2026-09-01T06:54:27.896595+00:00
PKGL-00377,,36.34798383,71.8521048,4505.0,16.39187897110618,0.000613856,2026-09-01T06:54:27.896595+00:00
PKGL-00378,,36.34766527,71.85213677,4505.0,16.38222674676057,0.001085595,2026-09-01T06:54:27.896595+00:00
PKGL-00379,,36.34561542,71.84990811,4527.0,16.116535967743552,0.002800715,2026-09-01T06:54:27.896595+00:00
PKGL-00380,,36.34744305,71.84926271,4515.0,16.132400836857155,0.000281267,2026-09-01T06:54:27.896595+00:00
PKGL-00381,,36.34672984,71.84572748,4540.0,15.808140654464134,0.004413107,2026-09-01T06:54:27.896595+00:00
PKGL-00382,,36.34531487,71.84080315,4547.0,15.339964985382233,0.000508932,2026-09-01T06:54:27.896595+00:00
PKGL-00383,,36.34689974,71.84181895,4559.0,15.487996984167747,0.000147443,2026-09-01T06:54:27.896595+00:00
PKGL-00384,,36.34068858,71.83646655,4586.0,14.798599906014507,0.002126451,2026-09-01T06:54:27.896595+00:00
PKGL-00385,,36.33887819,71.83997394,4552.0,15.030929671625309,0.00068889,2026-09-01T06:54:27.896595+00:00
PKGL-00386,,36.33789645,71.84075251,4557.0,15.063435512580943,0.000699283,2026-09-01T06:54:27.896595+00:00
PKGL-00387,,36.33597141,71.83483757,4578.0,14.4936048336983,0.00037234,2026-09-01T06:54:27.896595+00:00
PKGL-00388,,36.33808941,71.83412309,4569.0,14.50602598207649,0.000524922,2026-09-01T06:54:27.896595+00:00
PKGL-00389,,36.34210066,71.83281174,4592.0,14.54426780749372,0.000513806,2026-09-01T06:54:27.896595+00:00
PKGL-00390,,36.35699202,71.81643885,4695.0,13.901803819876584,0.000186038,2026-09-01T06:54:27.896595+00:00
PKGL-00391,,36.35833232,71.81594182,4707.0,13.93585442347114,0.001125027,2026-09-01T06:54:27.896595+00:00
PKGL-00392,,36.49057911,71.75111626,4220.0,19.828045512182715,0.001540971,2026-09-01T06:54:27.896595+00:00
PKGL-00393,,36.48761676,71.75006206,4257.0,20.150884902956705,0.000469933,2026-09-01T06:54:27.896595+00:00
PKGL-00394,,36.48036193,71.74887998,4307.0,20.950374759416743,0.001068559,2026-09-01T06:54:27.896595+00:00
PKGL-00395,,36.47056166,71.7442007,4362.0,20.184897272967632,0.004479986,2026-09-01T06:54:27.896595+00:00
PKGL-00396,,36.46709109,71.74467867,4387.0,19.82724810497599,0.003244984,2026-09-01T06:54:27.896595+00:00
PKGL-00397,,36.46506492,71.74825083,4407.0,19.707420705712405,0.002126206,2026-09-01T06:54:27.896595+00:00
PKGL-00398,,36.45922456,71.75279606,4488.0,19.22317714542416,0.000578546,2026-09-01T06:54:27.896595+00:00
PKGL-00399,,36.45457997,71.75625852,4553.0,18.846565970232657,0.00140907,2026-09-01T06:54:27.896595+00:00
PKGL-00400,,36.45569926,71.75619148,4540.0,18.96063093071988,0.000635564,2026-09-01T06:54:27.896595+00:00
PKGL-00401,,36.45385019,71.75428231,4551.0,18.707837468300745,0.001110429,2026-09-01T06:54:27.896595+00:00
PKGL-00402,,36.18071721,71.79971964,4584.0,9.28606299854087,0.157124723,2026-09-01T06:54:27.896595+00:00
PKGL-00403,,36.16819302,71.78323257,4433.0,8.639139828977324,0.03929937,2026-09-01T06:54:27.896595+00:00
PKGL-00404,,36.14537324,71.77880482,4772.0,7.285367362297589,0.007713603,2026-09-01T06:54:27.896595+00:00
PKGL-00405,,36.1375953,71.77235005,4598.0,6.680418363292422,0.000446279,2026-09-01T06:54:27.896595+00:00
PKGL-00406,,36.13826662,71.77173655,4589.0,6.77059286148986,0.000779249,2026-09-01T06:54:27.896595+00:00
PKGL-00407,,36.13814136,71.77369181,4602.0,6.691210467303616,0.025467232,2026-09-01T06:54:27.896595+00:00
PKGL-00408,,36.13901389,71.7702199,4544.0,6.900794955587272,0.000470067,2026-09-01T06:54:27.896595+00:00
PKGL-00409,,36.13774442,71.76946434,4530.0,6.799840200178978,0.033308309,2026-09-01T06:54:27.896595+00:00
PKGL-00410,,36.13894417,71.76362663,4524.0,7.152455767830609,0.048173611,2026-09-01T06:54:27.896595+00:00
PKGL-00411,,36.12881559,71.77312068,4553.0,5.761791420860665,0.005616847,2026-09-01T06:54:27.896595+00:00
PKGL-00412,,36.12677725,71.77806454,4563.0,5.372639011117813,0.032119067,2026-09-01T06:54:27.896595+00:00
PKGL-00413,,36.12414154,71.77994608,4543.0,5.037279401202912,0.022231467,2026-09-01T06:54:27.896595+00:00
PKGL-00414,,36.12330676,71.78432209,4610.0,4.814393754655814,0.000377424,2026-09-01T06:54:27.896595+00:00
PKGL-00415,,36.12255322,71.78117399,4591.0,4.8322504862082685,0.000266711,2026-09-01T06:54:27.896595+00:00
PKGL-00416,,36.11611801,71.78361903,4583.0,4.086673771310015,0.002158,2026-09-01T06:54:27.896595+00:00
PKGL-00417,,36.18366872,71.85042912,4749.0,8.954410017526522,0.003359944,2026-09-01T06:54:27.896595+00:00
PKGL-00418,,36.18412972,71.84846713,4782.0,8.997819142404156,0.000447873,2026-09-01T06:54:27.896595+00:00
PKGL-00419,,36.18715629,71.8466118,4790.0,9.330132718782458,0.000592099,2026-09-01T06:54:27.896595+00:00
PKGL-00420,,36.18842218,71.84529228,4789.0,9.469833377036217,0.000384791,2026-09-01T06:54:27.896595+00:00
PKGL-00421,,36.18929555,71.84381266,4813.0,9.567534082233172,0.001619402,2026-09-01T06:54:27.896595+00:00
PKGL-00422,,36.17914058,71.83720043,4641.0,8.466924616480178,0.000437417,2026-09-01T06:54:27.896595+00:00
PKGL-00423,,36.17869593,71.83659702,4638.0,8.422348166420223,0.000182566,2026-09-01T06:54:27.896595+00:00
PKGL-00424,,36.17136786,71.83407497,4592.0,7.636996215517384,0.006719873,2026-09-01T06:54:27.896595+00:00
PKGL-00425,,36.17167626,71.83303012,4598.0,7.683593465486243,6.53e-05,2026-09-01T06:54:27.896595+00:00
PKGL-00426,,36.16503846,71.83677449,4542.0,6.909474416079186,0.000145132,2026-09-01T06:54:27.896595+00:00
PKGL-00427,,36.16465792,71.83634466,4537.0,6.871676786981756,0.000358117,2026-09-01T06:54:27.896595+00:00
PKGL-00428,,36.15191318,71.82916649,4356.0,5.594482473830568,0.002353449,2026-09-01T06:54:27.896595+00:00
PKGL-00429,,36.15785376,71.81637221,4768.0,6.593549533227691,0.000478461,2026-09-01T06:54:27.896595+00:00
PKGL-00430,,36.15691131,71.81702876,4769.0,6.47407215570883,0.000248916,2026-09-01T06:54:27.896595+00:00
PKGL-00431,,36.15598849,71.81487106,4780.0,6.458468340146514,0.000247848,2026-09-01T06:54:27.896595+00:00
PKGL-00432,,36.14770012,71.81835348,4634.0,5.491644404544384,0.000984448,2026-09-01T06:54:27.896595+00:00
PKGL-00433,,36.14341543,71.79409721,4631.0,6.392224558341963,7.81e-05,2026-09-01T06:54:27.896595+00:00
PKGL-00434,,36.17009939,71.86513248,4597.0,7.648646227927952,0.004392332,2026-09-01T06:54:27.896595+00:00
PKGL-00435,,36.18211047,71.88415319,4686.0,9.445821252792864,0.000250362,2026-09-01T06:54:27.896595+00:00
PKGL-00436,,36.17191793,71.89109623,4498.0,8.683646986576846,0.001717862,2026-09-01T06:54:27.896595+00:00
PKGL-00437,,35.98566793,71.38167267,4390.0,4.895802820993291,0.000186387,2026-09-01T06:54:27.896595+00:00
PKGL-00438,,35.98445737,71.38059291,4390.0,5.061196049455856,0.001707496,2026-09-01T06:54:27.896595+00:00
PKGL-00439,,35.98491463,71.38263777,4394.0,4.903896864115659,0.000185662,2026-09-01T06:54:27.896595+00:00
PKGL-00440,,35.98466496,71.38228827,4392.0,4.9453162564058655,0.000479215,2026-09-01T06:54:27.896595+00:00
PKGL-00441,,35.97956748,71.37301315,4607.0,5.920291386478306,0.08047433,2026-09-01T06:54:27.896595+00:00
PKGL-00442,,35.97367016,71.38048981,4533.0,6.027116601964595,0.003928566,2026-09-01T06:54:27.896595+00:00
PKGL-00443,,35.97514121,71.35609947,4429.0,7.350897972604068,0.002518604,2026-09-01T06:54:27.896595+00:00
PKGL-00444,,35.96130487,71.36219284,4411.0,8.103997189441392,0.005312525,2026-09-01T06:54:27.896595+00:00
PKGL-00445,,35.95180727,71.37632135,4656.0,8.193376502062334,0.067229098,2026-09-01T06:54:27.896595+00:00
PKGL-00446,,35.96076937,71.3701962,4598.0,7.734705762511827,0.000902895,2026-09-01T06:54:27.896595+00:00
PKGL-00447,,35.96436765,71.38476474,4572.0,6.634859964091587,0.000395307,2026-09-01T06:54:27.896595+00:00
PKGL-00448,,35.96358568,71.38663889,4532.0,6.591533623649734,0.002351142,2026-09-01T06:54:27.896595+00:00
PKGL-00449,,35.96253832,71.3883923,4586.0,6.583356675301854,0.000211155,2026-09-01T06:54:27.896595+00:00
PKGL-00450,,35.9696031,71.39446301,4333.0,5.628170145045966,0.001855807,2026-09-01T06:54:27.896595+00:00
PKGL-00451,,35.96236049,71.40264964,4531.0,5.899007568526195,0.018422599,2026-09-01T06:54:27.896595+00:00
PKGL-00452,,35.95985484,71.40409906,4592.0,6.088824544426077,0.001123815,2026-09-01T06:54:27.896595+00:00
PKGL-00453,,35.89476705,71.42905606,4545.0,8.243315335076304,0.016035912,2026-09-01T06:54:27.896595+00:00
PKGL-00454,,35.89547186,71.4252534,4489.0,8.550053120809002,0.002584224,2026-09-01T06:54:27.896595+00:00
PKGL-00455,,35.89747309,71.42536882,4510.0,8.482341245906104,0.000238704,2026-09-01T06:54:27.896595+00:00
PKGL-00456,,35.89854747,71.43585475,4477.0,7.538501238562231,0.001430291,2026-09-01T06:54:27.896595+00:00
PKGL-00457,,35.88042361,71.42174526,4509.0,9.432075332324684,0.008647637,2026-09-01T06:54:27.896595+00:00
PKGL-00458,,36.14440914,71.47881288,4580.0,9.790975437136357,0.00525291,2026-09-01T06:54:27.896595+00:00
PKGL-00459,,36.13959805,71.4699051,4562.0,9.614515076010871,0.000612566,2026-09-01T06:54:27.896595+00:00
PKGL-00460,,36.12514546,71.47523802,4947.0,9.246644608993934,0.004685752,2026-09-01T06:54:27.896595+00:00
PKGL-00461,,36.12468205,71.47581533,4956.0,9.27302032992123,0.000158195,2026-09-01T06:54:27.896595+00:00
PKGL-00462,,36.11114507,71.46894741,4641.0,8.178892257653256,0.000212671,2026-09-01T06:54:27.896595+00:00
PKGL-00463,,36.11135032,71.46957476,4650.0,8.239346519056282,0.000107615,2026-09-01T06:54:27.896595+00:00
PKGL-00464,,36.11160851,71.46899785,4644.0,8.197506413012663,0.000139539,2026-09-01T06:54:27.896595+00:00
PKGL-00465,,36.11429532,71.47848502,4762.0,9.09940330004821,0.000569785,2026-09-01T06:54:27.896595+00:00
PKGL-00466,,36.11222944,71.47151103,4652.0,8.433568298987277,0.000786499,2026-09-01T06:54:27.896595+00:00
PKGL-00467,,36.12853444,71.49681234,4421.0,8.903094784220565,0.002037426,2026-09-01T06:54:27.896595+00:00
PKGL-00468,,36.18394411,71.38399468,4757.0,10.341121572687811,0.052116557,2026-09-01T06:54:27.896595+00:00
PKGL-00469,,36.18484985,71.38608438,4750.0,10.4476750032996,0.000617613,2026-09-01T06:54:27.896595+00:00
PKGL-00470,,36.18322894,71.38858264,4716.0,10.279214093456456,0.000794496,2026-09-01T06:54:27.896595+00:00
PKGL-00471,,36.18165569,71.38777773,4746.0,10.100273651432378,0.000650412,2026-09-01T06:54:27.896595+00:00
PKGL-00472,,36.18255082,71.38979488,4726.0,10.211415471963054,0.000389594,2026-09-01T06:54:27.896595+00:00
PKGL-00473,,36.18262995,71.39178033,4722.0,10.234880057294328,8.61e-05,2026-09-01T06:54:27.896595+00:00
PKGL-00474,,36.18302579,71.39246363,4715.0,10.284457318335669,7.76e-05,2026-09-01T06:54:27.896595+00:00
PKGL-00475,,36.18502827,71.39662025,4656.0,10.547935250862086,0.00046917,2026-09-01T06:54:27.896595+00:00
PKGL-00476,,36.1885773,71.38608684,4706.0,10.861834021418296,0.000217035,2026-09-01T06:54:27.896595+00:00
PKGL-00477,,36.19082525,71.37557631,4901.0,11.115979586719764,0.000425196,2026-09-01T06:54:27.896595+00:00
PKGL-00478,,36.16650465,71.37470774,4676.0,8.420831149270965,0.000287752,2026-09-01T06:54:27.896595+00:00
PKGL-00479,,36.13926264,71.35763108,4756.0,5.7791733564918815,0.032340516,2026-09-01T06:54:27.896595+00:00
PKGL-00480,,36.11584797,71.36309963,4602.0,3.218425678359232,0.002741934,2026-09-01T06:54:27.896595+00:00
PKGL-00481,,36.01077072,71.33014335,3891.0,6.958264815372164,0.000640992,2026-09-01T06:54:27.896595+00:00
PKGL-00482,,36.01264644,71.32021723,4212.0,7.529979473852942,0.003992943,2026-09-01T06:54:27.896595+00:00
PKGL-00483,,35.85788272,71.29988338,3410.0,20.578608282486968,0.001550607,2026-09-01T06:54:27.896595+00:00
PKGL-00484,,36.04896618,71.34619681,3983.0,3.025235043631869,0.000532418,2026-09-01T06:54:27.896595+00:00
PKGL-00485,,36.01892661,71.36670517,4459.0,3.617452632272384,0.004422218,2026-09-01T06:54:27.896595+00:00
PKGL-00486,,36.21506667,71.42846465,4844.0,14.431559972154249,0.000429385,2026-09-01T06:54:27.896595+00:00
PKGL-00487,,36.21427878,71.42831058,4827.0,14.343751214194954,0.005961708,2026-09-01T06:54:27.896595+00:00
PKGL-00488,,36.07102563,71.44965282,4870.0,5.719207000823003,0.000902006,2026-09-01T06:54:27.896595+00:00
PKGL-00489,,36.07343015,71.46591275,4713.0,6.879033909666606,0.00149854,2026-09-01T06:54:27.896595+00:00
PKGL-00490,,36.07380874,71.46753669,4697.0,7.0088979767231,0.000161605,2026-09-01T06:54:27.896595+00:00
PKGL-00491,,36.07223322,71.46746581,4693.0,6.877358326337437,0.001211018,2026-09-01T06:54:27.896595+00:00
PKGL-00492,,36.07231007,71.46663828,4700.0,6.83215868951571,0.009568859,2026-09-01T06:54:27.896595+00:00
PKGL-00493,,36.07127694,71.46651351,4704.0,6.74141159818545,0.000144747,2026-09-01T06:54:27.896595+00:00
PKGL-00494,,36.06635224,71.47228579,4817.0,6.750715849600956,0.013489808,2026-09-01T06:54:27.896595+00:00
PKGL-00495,,36.06047131,71.48458949,4679.0,6.504612729018383,0.001048516,2026-09-01T06:54:27.896595+00:00
PKGL-00496,,36.06023527,71.46988234,4910.0,6.095900010061133,0.000722161,2026-09-01T06:54:27.896595+00:00
PKGL-00497,,36.05752108,71.4729155,4819.0,5.86933466139819,0.000805139,2026-09-01T06:54:27.896595+00:00
PKGL-00498,,36.048342,71.49270956,4378.0,5.535194778646815,0.001476445,2026-09-01T06:54:27.896595+00:00
PKGL-00499,,35.81394712,71.48183906,4698.0,11.803865413951096,0.005139903,2026-09-01T06:54:27.896595+00:00
PKGL-00500,,35.81516544,71.48149854,4729.0,11.681592601908571,0.000189129,2026-09-01T06:54:27.896595+00:00
PKGL-00501,,35.81363828,71.48800878,4607.0,11.701970358980564,0.020974728,2026-09-01T06:54:27.896595+00:00
PKGL-00502,,35.81495472,71.49625698,4697.0,11.416349180915663,0.008964461,2026-09-01T06:54:27.896595+00:00
PKGL-00503,,35.81425104,71.49595209,4697.0,11.49800627247178,0.000128018,2026-09-01T06:54:27.896595+00:00
PKGL-00504,,35.8160702,71.49969597,4766.0,11.247703928963714,0.000604678,2026-09-01T06:54:27.896595+00:00
PKGL-00505,,35.82508945,71.50891027,4613.0,10.164584899966412,0.000782534,2026-09-01T06:54:27.896595+00:00
PKGL-00506,,35.82656184,71.50319113,4625.0,10.050296817291484,0.00026611,2026-09-01T06:54:27.896595+00:00
PKGL-00507,,35.82607324,71.50637949,4588.0,10.07381611658401,0.04589649,2026-09-01T06:54:27.896595+00:00
PKGL-00508,,35.79870099,71.48747392,4686.0,13.336543758688324,0.000600246,2026-09-01T06:54:27.896595+00:00
PKGL-00509,,35.78496883,71.49420623,4715.0,14.741227631688924,0.018216339,2026-09-01T06:54:27.896595+00:00
PKGL-00510,,35.78463166,71.48998305,4738.0,14.835235522642668,0.012610873,2026-09-01T06:54:27.896595+00:00
PKGL-00511,,35.77383557,71.463555,4220.0,15.452864649466472,0.029339409,2026-09-01T06:54:27.896595+00:00
PKGL-00512,,35.77389693,71.46456336,4234.0,15.521182072339036,0.000487016,2026-09-01T06:54:27.896595+00:00
PKGL-00513,,35.74642054,71.48195686,4349.0,14.794985428277991,0.001113399,2026-09-01T06:54:27.896595+00:00
PKGL-00514,,35.74042142,71.51738271,4614.0,15.175882125888112,0.045184305,2026-09-01T06:54:27.896595+00:00
PKGL-00515,,35.74085869,71.52003892,4618.0,14.968343851818767,0.000451915,2026-09-01T06:54:27.896595+00:00
PKGL-00516,,35.74145837,71.52066096,4612.0,14.93968258763204,0.000317632,2026-09-01T06:54:27.896595+00:00
PKGL-00517,,35.74680302,71.53816127,4433.0,13.725327745358568,0.018543966,2026-09-01T06:54:27.896595+00:00
PKGL-00518,,35.74334962,71.54193396,4352.0,13.253281980378151,0.008936286,2026-09-01T06:54:27.896595+00:00
PKGL-00519,,35.73674111,71.54004338,4553.0,13.11942125858132,0.009228678,2026-09-01T06:54:27.896595+00:00
PKGL-00520,,35.7280958,71.53166918,4522.0,13.51778089959464,0.013078512,2026-09-01T06:54:27.896595+00:00
PKGL-00521,,35.72824295,71.52534436,4468.0,14.070128777919845,0.050321696,2026-09-01T06:54:27.896595+00:00
PKGL-00522,,35.72310496,71.5295831,4523.0,13.551396375798756,0.053788775,2026-09-01T06:54:27.896595+00:00
PKGL-00523,,35.72739345,71.51584969,4327.0,14.871095337051145,0.001318697,2026-09-01T06:54:27.896595+00:00
PKGL-00524,,35.72656956,71.51826069,4322.0,14.63730205030212,0.024930721,2026-09-01T06:54:27.896595+00:00
PKGL-00525,,35.71399166,71.53233098,4484.0,13.094491971358837,0.148855459,2026-09-01T06:54:27.896595+00:00
PKGL-00526,,35.71012985,71.53530611,4596.0,12.759700809877767,0.003568067,2026-09-01T06:54:27.896595+00:00
PKGL-00527,,35.70623958,71.54306599,4589.0,12.00717889777351,0.015639151,2026-09-01T06:54:27.896595+00:00
PKGL-00528,,35.69926573,71.54732858,4741.0,11.55381652138762,0.010003569,2026-09-01T06:54:27.896595+00:00
PKGL-00529,,35.69844004,71.55653709,4683.0,10.718402662914947,0.009287023,2026-09-01T06:54:27.896595+00:00
PKGL-00530,,35.69505359,71.53994901,4483.0,12.20205663191821,0.015484786,2026-09-01T06:54:27.896595+00:00
PKGL-00531,,35.6911286,71.52772326,4598.0,13.306268179528445,0.009455505,2026-09-01T06:54:27.896595+00:00
PKGL-00532,,35.6791393,71.52158768,4444.0,13.946127354914443,0.014077264,2026-09-01T06:54:27.896595+00:00
PKGL-00533,,35.67190243,71.51120835,4200.0,14.984025336181894,0.002545132,2026-09-01T06:54:27.896595+00:00
PKGL-00534,,35.68266674,71.53837763,4737.0,12.397226346476224,0.005496745,2026-09-01T06:54:27.896595+00:00
PKGL-00535,,35.68103143,71.53759615,4721.0,12.485835733949454,0.010379592,2026-09-01T06:54:27.896595+00:00
PKGL-00536,,35.65856064,71.51643788,4489.0,14.832055414643827,0.071438365,2026-09-01T06:54:27.896595+00:00
PKGL-00537,,35.6547208,71.49829122,4571.0,14.055573953429985,0.001316777,2026-09-01T06:54:27.896595+00:00
PKGL-00538,,35.64888252,71.48821726,4200.0,13.278342147931152,0.029112266,2026-09-01T06:54:27.896595+00:00
PKGL-00539,,35.64357974,71.49447116,4372.0,13.962531908608527,0.002062806,2026-09-01T06:54:27.896595+00:00
PKGL-00540,,35.64359879,71.4964384,4370.0,14.134540030804084,0.034504129,2026-09-01T06:54:27.896595+00:00
PKGL-00541,,35.63668784,71.48653004,4230.0,13.483606275960256,0.00223844,2026-09-01T06:54:27.896595+00:00
PKGL-00542,,35.63577378,71.47606383,4379.0,12.621031243252968,0.026401501,2026-09-01T06:54:27.896595+00:00
PKGL-00543,,35.63785764,71.46888281,4290.0,11.931947946657258,0.016294177,2026-09-01T06:54:27.896595+00:00
PKGL-00544,,35.63316993,71.46767095,4180.0,12.016132623979344,0.105025636,2026-09-01T06:54:27.896595+00:00
PKGL-00545,,35.61998343,71.44690988,4137.0,11.02854093190137,0.123778391,2026-09-01T06:54:27.896595+00:00
PKGL-00546,,35.61484628,71.4480451,4141.0,11.433582966642984,0.031736687,2026-09-01T06:54:27.896595+00:00
PKGL-00547,,35.62489962,71.42311907,4294.0,8.955714599611186,0.020404879,2026-09-01T06:54:27.896595+00:00
PKGL-00548,,35.63124082,71.40184999,4241.0,7.02864966876309,0.042945095,2026-09-01T06:54:27.896595+00:00
PKGL-00549,,35.62101252,71.47633876,3747.0,13.286937473514234,0.033086796,2026-09-01T06:54:27.896595+00:00
PKGL-00550,,35.68541445,71.51916275,4325.0,14.103904248513132,0.004931091,2026-09-01T06:54:27.896595+00:00
PKGL-00551,,35.68911588,71.51861027,4315.0,14.134543716274976,0.07398846,2026-09-01T06:54:27.896595+00:00
PKGL-00552,,35.72298368,71.54161205,4606.0,12.49803706897338,0.006055445,2026-09-01T06:54:27.896595+00:00
PKGL-00553,,35.8535316,71.53621977,4422.0,7.197562794915885,0.000862679,2026-09-01T06:54:27.896595+00:00
PKGL-00554,,35.852731,71.53995729,4450.0,7.372688637878367,0.000420277,2026-09-01T06:54:27.896595+00:00
PKGL-00555,,35.86341869,71.51419773,3926.0,5.88279256082778,0.004862544,2026-09-01T06:54:27.896595+00:00
PKGL-00556,,35.87341732,71.55152787,4293.0,5.70957867917496,0.027912417,2026-09-01T06:54:27.896595+00:00
PKGL-00557,,35.8757287,71.56663878,4619.0,6.373579202020991,0.000114437,2026-09-01T06:54:27.896595+00:00
PKGL-00558,,35.87492709,71.56798225,4605.0,6.522218783284311,0.00578511,2026-09-01T06:54:27.896595+00:00
PKGL-00559,,35.88123368,71.58045181,4523.0,6.944728460456834,0.001019008,2026-09-01T06:54:27.896595+00:00
PKGL-00560,,35.88072477,71.59058417,4498.0,7.74586095153992,0.000350205,2026-09-01T06:54:27.896595+00:00
PKGL-00561,,35.88297386,71.60196982,4378.0,8.531965487510288,0.001353577,2026-09-01T06:54:27.896595+00:00
PKGL-00562,,35.88023246,71.60623605,4460.0,9.01124577069346,0.007773697,2026-09-01T06:54:27.896595+00:00
PKGL-00563,,35.88767251,71.63352878,4419.0,10.043532725105583,0.005777481,2026-09-01T06:54:27.896595+00:00
PKGL-00564,,36.19504677,71.8800367,4984.0,10.679636866286405,0.001944102,2026-09-01T06:54:27.896595+00:00
PKGL-00565,,36.15784358,71.7729024,4830.0,8.651908507292779,0.59658151,2026-09-01T06:54:27.896595+00:00
PKGL-00566,,36.14598258,71.76390465,4868.0,7.841004644601621,0.001336312,2026-09-01T06:54:27.896595+00:00
PKGL-00567,,35.59052439,71.60620247,4165.0,8.536195004300204,0.002742284,2026-09-01T06:54:27.896595+00:00
PKGL-00568,,35.5890407,71.60213087,4050.0,8.933935189839406,0.002719541,2026-09-01T06:54:27.896595+00:00
PKGL-00569,,35.92152207,71.63591122,4517.0,7.846631045926685,0.002823995,2026-09-01T06:54:27.896595+00:00
PKGL-00570,,35.92710645,71.6544076,4376.0,7.993076119606441,0.006327759,2026-09-01T06:54:27.896595+00:00
PKGL-00571,,35.92761351,71.6542194,4378.0,7.934370055145564,0.002627251,2026-09-01T06:54:27.896595+00:00
PKGL-00572,,35.74836219,71.58640574,4074.0,10.090125924185156,0.053473759,2026-09-01T06:54:27.896595+00:00
PKGL-00573,,35.5965947,71.56096963,3972.0,11.8943815812333,0.002664436,2026-09-01T06:54:27.896595+00:00
PKGL-00574,,35.61107136,71.54201823,3853.0,13.11654408568878,0.008321559,2026-09-01T06:54:27.896595+00:00
PKGL-00575,,35.61134514,71.53888518,3839.0,13.389063680109992,0.022475996,2026-09-01T06:54:27.896595+00:00
PKGL-00576,,35.65856658,71.49351748,4581.0,13.568612646201418,0.002522618,2026-09-01T06:54:27.896595+00:00
PKGL-00577,,36.07920756,71.49903555,4497.0,8.571682944612041,0.00200349,2026-09-01T06:54:27.896595+00:00
PKGL-00578,,36.06875369,71.49036369,4520.0,7.540203607078563,0.004088754,2026-09-01T06:54:27.896595+00:00
PKGL-00579,,36.10239167,71.48483303,4832.0,9.37929192792678,0.010952054,2026-09-01T06:54:27.896595+00:00
PKGL-00580,,36.24858297,71.48710297,4021.0,12.70648454611673,0.000682085,2026-09-01T06:54:27.896595+00:00
PKGL-00581,,36.28003634,71.4946759,4471.0,15.055988112782831,0.000802996,2026-09-01T06:54:27.896595+00:00
PKGL-00582,,36.28706685,71.48443155,4931.0,16.212188960129748,0.020085872,2026-09-01T06:54:27.896595+00:00
PKGL-00583,,36.28960205,71.48958448,4839.0,16.1995433240311,0.000510292,2026-09-01T06:54:27.896595+00:00
PKGL-00584,,36.28945565,71.49059245,4834.0,16.13827034922499,0.000182524,2026-09-01T06:54:27.896595+00:00
PKGL-00585,,36.29923532,71.47038675,4572.0,15.058110876712108,0.001761702,2026-09-01T06:54:27.896595+00:00
PKGL-00586,,36.2764439,71.43984597,4482.0,16.548673624396788,0.00209208,2026-09-01T06:54:27.896595+00:00
PKGL-00587,,36.27420864,71.43402063,4369.0,16.681162676052228,0.000281555,2026-09-01T06:54:27.896595+00:00
PKGL-00588,,36.2741622,71.43458724,4373.0,16.696201402836103,0.001244938,2026-09-01T06:54:27.896595+00:00
PKGL-00589,,36.25933114,71.43231148,4617.0,17.177765841407194,0.001792039,2026-09-01T06:54:27.896595+00:00
PKGL-00590,,36.25947604,71.4312904,4622.0,17.26044439278909,0.000305324,2026-09-01T06:54:27.896595+00:00
PKGL-00591,,35.90375333,71.41852228,4228.0,8.945826641099057,0.000825839,2026-09-01T06:54:27.896595+00:00
PKGL-00592,,36.06497758,71.45298344,5003.0,5.406380146358152,0.001477639,2026-09-01T06:54:27.896595+00:00
PKGL-00593,,36.0640251,71.45031779,5101.0,5.172672396169668,0.002224884,2026-09-01T06:54:27.896595+00:00
PKGL-00594,,36.06430453,71.44932669,5088.0,5.142075081905268,0.000803222,2026-09-01T06:54:27.896595+00:00
PKGL-00595,,36.06471897,71.44803184,5066.0,5.108876847011877,0.000600923,2026-09-01T06:54:27.896595+00:00
PKGL-00596,,36.0753358,71.44293172,4823.0,5.547910682364853,0.000532196,2026-09-01T06:54:27.896595+00:00
PKGL-00597,,36.23571436,71.4642454,4344.0,13.313410136410996,0.001813155,2026-09-01T06:54:27.896595+00:00
PKGL-00598,,36.23338339,71.4617054,4367.0,13.351352892878069,0.001380241,2026-09-01T06:54:27.896595+00:00
PKGL-00599,,36.24301867,71.45778571,4567.0,14.261651402165246,0.000258629,2026-09-01T06:54:27.896595+00:00
PKGL-00600,,36.24359998,71.45311067,4615.0,14.636683746329672,0.000168623,2026-09-01T06:54:27.896595+00:00
PKGL-00601,,36.2442518,71.45260587,4610.0,14.716075309060589,0.000572795,2026-09-01T06:54:27.896595+00:00
PKGL-00602,,36.24777661,71.45129157,4710.0,15.045355940894908,0.001073647,2026-09-01T06:54:27.896595+00:00
PKGL-00603,,36.25111971,71.45074357,4805.0,15.311994391087458,0.000315255,2026-09-01T06:54:27.896595+00:00
PKGL-00604,,36.2503497,71.45091045,4787.0,15.247305816007373,0.000216287,2026-09-01T06:54:27.896595+00:00
PKGL-00605,,36.20744454,71.39875967,4824.0,13.045041212073688,0.001981475,2026-09-01T06:54:27.896595+00:00
PKGL-00606,,36.20678881,71.40207806,4762.0,13.011806466726233,0.000893145,2026-09-01T06:54:27.896595+00:00
PKGL-00607,,36.19650974,71.38783663,4820.0,11.749943619417492,0.000622771,2026-09-01T06:54:27.896595+00:00
PKGL-00608,,36.19578244,71.38731752,4806.0,11.666955827548833,0.006937183,2026-09-01T06:54:27.896595+00:00
PKGL-00609,,36.16003544,71.33685072,4833.0,7.961263172960312,0.007713915,2026-09-01T06:54:27.896595+00:00
PKGL-00610,,36.15184104,71.34242913,4892.0,7.148533495887576,0.012438799,2026-09-01T06:54:27.896595+00:00
PKGL-00611,,36.02721044,71.25552379,4533.0,9.314963355051065,0.009074052,2026-09-01T06:54:27.896595+00:00
PKGL-00612,,36.03136906,71.23920522,4747.0,10.060570509380154,0.000746734,2026-09-01T06:54:27.896595+00:00
PKGL-00613,,36.03149548,71.24170543,4743.0,9.879308776660412,0.003865249,2026-09-01T06:54:27.896595+00:00
PKGL-00614,,36.0395868,71.23954918,4647.0,9.478785144927262,0.017870724,2026-09-01T06:54:27.896595+00:00
PKGL-00615,,36.04478799,71.2333507,4498.0,9.62974134365019,0.000398015,2026-09-01T06:54:27.896595+00:00
PKGL-00616,,36.04308505,71.23203806,4514.0,9.828518913287288,0.000581262,2026-09-01T06:54:27.896595+00:00
PKGL-00617,,36.04297509,71.23090937,4515.0,9.921636008202547,0.000878529,2026-09-01T06:54:27.896595+00:00
PKGL-00618,,36.04211469,71.22862487,4542.0,10.14695737360787,0.000314943,2026-09-01T06:54:27.896595+00:00
PKGL-00619,,36.0409647,71.22631097,4567.0,10.39114562975914,0.00097119,2026-09-01T06:54:27.896595+00:00
PKGL-00620,,36.04152373,71.22336729,4566.0,10.58774195553806,0.000227137,2026-09-01T06:54:27.896595+00:00
PKGL-00621,,36.04117673,71.22309881,4563.0,10.627946454951912,0.000975172,2026-09-01T06:54:27.896595+00:00
PKGL-00622,,36.01704934,71.24349799,4845.0,10.878659025035418,0.002847932,2026-09-01T06:54:27.896595+00:00
PKGL-00623,,36.01576728,71.24442103,4833.0,10.928528830142133,0.002115616,2026-09-01T06:54:27.896595+00:00
PKGL-00624,,36.01843107,71.2471361,4801.0,10.54496304447417,0.000299379,2026-09-01T06:54:27.896595+00:00
PKGL-00625,,35.9771513,71.31942072,4402.0,9.737978882403748,0.002078372,2026-09-01T06:54:27.896595+00:00
PKGL-00626,,36.16413303,71.29700005,4542.0,8.732971405040582,0.004437786,2026-09-01T06:54:27.896595+00:00
PKGL-00627,,36.16317111,71.29768447,4573.0,8.612753977514615,0.001776485,2026-09-01T06:54:27.896595+00:00
PKGL-00628,,36.1515547,71.27460793,4570.0,8.317889191786543,0.000627139,2026-09-01T06:54:27.896595+00:00
PKGL-00629,,36.15061207,71.27661592,4563.0,8.13180956394711,0.000929828,2026-09-01T06:54:27.896595+00:00
PKGL-00630,,36.1487913,71.27310084,4609.0,8.140316009117498,0.000686698,2026-09-01T06:54:27.896595+00:00
PKGL-00631,,36.14853723,71.27221381,4615.0,8.16368870767014,0.000201183,2026-09-01T06:54:27.896595+00:00
PKGL-00632,,36.05956482,71.23752309,4250.0,8.554773791451527,0.004405645,2026-09-01T06:54:27.896595+00:00
PKGL-00633,,36.07075435,71.24226907,4131.0,7.74668104700186,0.005737047,2026-09-01T06:54:27.896595+00:00
PKGL-00634,,36.10243604,71.2279777,4439.0,8.883775917744021,0.001941503,2026-09-01T06:54:27.896595+00:00
PKGL-00635,,36.10155511,71.22792652,4439.0,8.87245832162394,0.000311993,2026-09-01T06:54:27.896595+00:00
PKGL-00636,,36.10112228,71.23828261,4490.0,7.946575058885838,0.001596365,2026-09-01T06:54:27.896595+00:00
PKGL-00637,,36.10044619,71.23411147,4478.0,8.30440603176965,0.05066744,2026-09-01T06:54:27.896595+00:00
PKGL-00638,,36.10531106,71.24011213,4510.0,7.8782141049096515,0.013466878,2026-09-01T06:54:27.896595+00:00
PKGL-00639,,36.08738674,71.19428919,3944.0,11.787303149915155,0.067357407,2026-09-01T06:54:27.896595+00:00
PKGL-00640,,36.10746884,71.20646482,3851.0,10.885220998762538,0.00622367,2026-09-01T06:54:27.896595+00:00
PKGL-00641,,36.11990939,71.20751214,3851.0,11.137883778865817,0.84791573,2026-09-01T06:54:27.896595+00:00
PKGL-00642,,36.14576754,71.32313894,4362.0,6.312042662736771,0.00188199,2026-09-01T06:54:27.896595+00:00
PKGL-00643,,36.14930287,71.31333733,4555.0,6.789485933153806,0.000161871,2026-09-01T06:54:27.896595+00:00
PKGL-00644,,36.12604498,71.23683482,4602.0,8.961771548849365,0.009231655,2026-09-01T06:54:27.896595+00:00
PKGL-00645,,36.13533049,71.2500398,4695.0,8.508366714824001,0.00079694,2026-09-01T06:54:27.896595+00:00
PKGL-00646,,36.13640259,71.24898472,4702.0,8.656002083922104,0.005101034,2026-09-01T06:54:27.896595+00:00
PKGL-00647,,36.13559833,71.2476911,4711.0,8.69498035127954,0.000102826,2026-09-01T06:54:27.896595+00:00
PKGL-00648,,36.1367246,71.24772501,4711.0,8.767669348052245,0.000270846,2026-09-01T06:54:27.896595+00:00
PKGL-00649,,36.13619857,71.24630412,4702.0,8.834820559536075,0.009346608,2026-09-01T06:54:27.896595+00:00
PKGL-00650,,36.14293545,71.24237438,4564.0,9.57142481254343,0.024950205,2026-09-01T06:54:27.896595+00:00
PKGL-00651,,36.14659613,71.24290728,4551.0,9.795031011394364,0.053949914,2026-09-01T06:54:27.896595+00:00
PKGL-00652,,36.15130666,71.24553308,4569.0,9.973830234409382,0.005537441,2026-09-01T06:54:27.896595+00:00
PKGL-00653,,36.15811473,71.19523999,3720.0,13.992273246363409,0.04134387,2026-09-01T06:54:27.896595+00:00
PKGL-00654,,36.13259555,71.15929326,4414.0,15.69257183673142,0.015923523,2026-09-01T06:54:27.896595+00:00
PKGL-00655,,36.11913192,71.16591368,4682.0,14.718331461435628,0.001396201,2026-09-01T06:54:27.896595+00:00
PKGL-00656,,36.11897774,71.16466386,4688.0,14.823848828654732,0.001359838,2026-09-01T06:54:27.896595+00:00
PKGL-00657,,36.11855684,71.16377344,4685.0,14.891460791831808,0.001858969,2026-09-01T06:54:27.896595+00:00
PKGL-00658,,36.11952091,71.16309924,4678.0,14.974364248417274,0.006869466,2026-09-01T06:54:27.896595+00:00
PKGL-00659,,36.05944163,71.16489093,4548.0,14.80049481786318,0.004547857,2026-09-01T06:54:27.896595+00:00
PKGL-00660,,36.03835447,71.16413833,4504.0,15.556223825884416,0.000196593,2026-09-01T06:54:27.896595+00:00
PKGL-00661,,36.03770352,71.16240941,4544.0,15.727355128095672,0.005496141,2026-09-01T06:54:27.896595+00:00
PKGL-00662,,36.02454637,71.20034025,4664.0,13.33805385102696,0.030784055,2026-09-01T06:54:27.896595+00:00
PKGL-00663,,36.01350233,71.20073132,4493.0,14.008973967939982,0.001046558,2026-09-01T06:54:27.896595+00:00
PKGL-00664,,36.06687183,71.21359612,4644.0,10.349936722732078,0.0005609,2026-09-01T06:54:27.896595+00:00
PKGL-00665,,36.06708693,71.21346581,4648.0,10.355635628315248,0.000101572,2026-09-01T06:54:27.896595+00:00
PKGL-00666,,36.06725716,71.21404217,4648.0,10.300827995878269,0.001437459,2026-09-01T06:54:27.896595+00:00
PKGL-00667,,35.93293759,71.64795238,4270.0,7.247529561962657,0.000981061,2026-09-01T06:54:27.896595+00:00
PKGL-00668,,35.93698248,71.65960559,4353.0,7.055328910670938,0.000784781,2026-09-01T06:54:27.896595+00:00
PKGL-00669,,35.93873549,71.66745399,4355.0,7.126623412066211,0.007958273,2026-09-01T06:54:27.896595+00:00
PKGL-00670,,35.94435126,71.66805592,4251.0,6.5848757788040375,0.001653584,2026-09-01T06:54:27.896595+00:00
PKGL-00671,,35.94949262,71.66757201,4158.0,6.057994979004579,0.001555108,2026-09-01T06:54:27.896595+00:00
PKGL-00672,,36.12221575,71.14899979,4735.0,16.275738002507047,0.002602171,2026-09-01T06:54:27.896595+00:00
PKGL-00673,,36.02954776,71.19851252,4702.0,13.18908093059334,0.002598649,2026-09-01T06:54:27.896595+00:00
PKGL-00674,,36.02689364,71.20053592,4690.0,13.184445985177652,0.000893288,2026-09-01T06:54:27.896595+00:00
PKGL-00675,,36.02643887,71.19569117,4649.0,13.583148502446395,0.003309957,2026-09-01T06:54:27.896595+00:00
PKGL-00676,,36.02337234,71.19669586,4641.0,13.684706640487017,0.001430717,2026-09-01T06:54:27.896595+00:00
PKGL-00677,,36.05070004,71.20601816,4769.0,11.549733905514444,0.000384847,2026-09-01T06:54:27.896595+00:00
PKGL-00678,,36.05002996,71.20758704,4746.0,11.446860456172764,0.000124249,2026-09-01T06:54:27.896595+00:00
PKGL-00679,,36.10272233,71.2299546,4441.0,8.714210393485324,0.000382246,2026-09-01T06:54:27.896595+00:00
PKGL-00680,,36.11895389,71.26458566,4420.0,6.400745847408802,0.000552312,2026-09-01T06:54:27.896595+00:00
PKGL-00681,,36.1222309,71.26426195,4447.0,6.6215291790897615,0.001494795,2026-09-01T06:54:27.896595+00:00
PKGL-00682,,36.14633197,71.26673152,4643.0,8.271262688823839,0.001101355,2026-09-01T06:54:27.896595+00:00
PKGL-00683,,36.1742967,71.32472673,4616.0,9.48114710317358,0.00984784,2026-09-01T06:54:27.896595+00:00
PKGL-00684,,36.17433365,71.32955485,4678.0,9.492192103436707,5.94e-05,2026-09-01T06:54:27.896595+00:00
PKGL-00685,,36.1743633,71.32929478,4670.0,9.494608583115056,7.23e-05,2026-09-01T06:54:27.896595+00:00
PKGL-00686,,36.18067655,71.33123995,4662.0,10.20358542249277,0.001548703,2026-09-01T06:54:27.896595+00:00
PKGL-00687,,36.18039225,71.33066337,4660.0,10.169498873673843,0.00053831,2026-09-01T06:54:27.896595+00:00
PKGL-00688,,36.18988975,71.34825519,4913.0,11.395298105675504,0.000549464,2026-09-01T06:54:27.896595+00:00
PKGL-00689,,36.19011789,71.34893132,4909.0,11.404110458629086,0.003391971,2026-09-01T06:54:27.896595+00:00
PKGL-00690,,36.15269226,71.35844227,4903.0,7.166640256673996,0.000906681,2026-09-01T06:54:27.896595+00:00
PKGL-00691,,36.23389158,71.4472672,4702.0,14.469559145983409,0.000698449,2026-09-01T06:54:27.896595+00:00
PKGL-00692,,36.1701314,71.43901196,3814.0,10.210434908967937,0.001356411,2026-09-01T06:54:27.896595+00:00
PKGL-00693,,35.91129497,71.45148214,4462.0,5.894114212878661,0.001137106,2026-09-01T06:54:27.896595+00:00
PKGL-00694,,35.91999951,71.46775956,4562.0,4.421100004099215,0.001133009,2026-09-01T06:54:27.896595+00:00
PKGL-00695,,36.08103997,71.47636836,4696.0,8.138324651896772,0.000984941,2026-09-01T06:54:27.896595+00:00
PKGL-00696,,36.08205898,71.47438035,4670.0,8.101224517988358,0.000668685,2026-09-01T06:54:27.896595+00:00
PKGL-00697,,36.09005755,71.47367931,4676.0,8.291999936110223,0.001581902,2026-09-01T06:54:27.896595+00:00
PKGL-00698,,36.0906443,71.47475881,4682.0,8.388426786518377,0.000107005,2026-09-01T06:54:27.896595+00:00
PKGL-00699,,36.08920025,71.48260186,4802.0,9.095293103138728,0.001365577,2026-09-01T06:54:27.896595+00:00
PKGL-00700,,36.1069216,71.47992354,5072.0,9.027528078726997,0.000193506,2026-09-01T06:54:27.896595+00:00
PKGL-00701,,36.10643188,71.48060335,5098.0,9.076977155716804,0.000139176,2026-09-01T06:54:27.896595+00:00
PKGL-00702,,36.19902634,71.48118556,5141.0,9.99507092540216,0.008023341,2026-09-01T06:54:27.896595+00:00
PKGL-00703,,36.19975665,71.47995741,5041.0,10.12755957352129,0.000208578,2026-09-01T06:54:27.896595+00:00
PKGL-00704,,36.19975897,71.48099149,5037.0,10.041632289285312,0.000627374,2026-09-01T06:54:27.896595+00:00
PKGL-00705,,36.34122867,71.50133031,4751.0,12.863307328097958,0.001794835,2026-09-01T06:54:27.896595+00:00
PKGL-00706,,36.34111064,71.50231864,4756.0,12.936331764870884,0.000177409,2026-09-01T06:54:27.896595+00:00
PKGL-00707,,36.31273242,71.51083963,4748.0,14.87295918140605,0.002637207,2026-09-01T06:54:27.896595+00:00
PKGL-00708,,36.17350255,71.49087872,4484.0,8.459413024319423,0.000446167,2026-09-01T06:54:27.896595+00:00
PKGL-00709,,35.8105066,71.4915483,4710.0,11.977596037755978,0.000757538,2026-09-01T06:54:27.896595+00:00
PKGL-00710,,35.85543701,71.54181384,4498.0,7.136152315290011,0.000586586,2026-09-01T06:54:27.896595+00:00
PKGL-00711,,35.85593787,71.5419997,4503.0,7.088744853301074,0.000118578,2026-09-01T06:54:27.896595+00:00
PKGL-00712,,36.45673228,71.75181535,4500.0,18.932693371914805,0.000417473,2026-09-01T06:54:27.896595+00:00
PKGL-00713,,36.41634756,71.7315339,4361.0,14.094863170179089,0.000532726,2026-09-01T06:54:27.896595+00:00
PKGL-00714,,36.41289507,71.73490768,4401.0,13.835180065406185,0.001237455,2026-09-01T06:54:27.896595+00:00
PKGL-00715,,36.48057023,71.76534317,4532.0,21.05592514457358,0.000434131,2026-09-01T06:54:27.896595+00:00
PKGL-00716,,36.48128239,71.76338002,4460.0,20.95655515061369,0.001397376,2026-09-01T06:54:27.896595+00:00
PKGL-00717,,36.45794768,71.75458955,4519.0,19.14438485584521,0.000281162,2026-09-01T06:54:27.896595+00:00
PKGL-00718,,36.45704069,71.75514869,4525.0,19.067223440192382,9.32e-05,2026-09-01T06:54:27.896595+00:00
PKGL-00719,,36.45679862,71.75602553,4535.0,19.0696228668524,0.000213217,2026-09-01T06:54:27.896595+00:00
PKGL-00720,,36.35192374,71.92113921,5107.0,18.707790615753016,0.002328521,2026-09-01T06:54:27.896595+00:00
PKGL-00721,,36.47277923,71.97499285,4153.0,19.996449631929973,0.004546792,2026-09-01T06:54:27.896595+00:00
PKGL-00722,,35.26995082,72.23922072,3805.0,7.387391238998113,0.002523665,2026-09-01T06:54:27.896595+00:00
PKGL-00723,,35.27454999,72.2302589,3942.0,7.658867708407024,0.027970358,2026-09-01T06:54:27.896595+00:00
PKGL-00724,,35.2862585,72.24656242,4175.0,9.319127927175831,0.002725366,2026-09-01T06:54:27.896595+00:00
PKGL-00725,,35.27190475,72.21725167,3922.0,7.203941484337081,0.001004998,2026-09-01T06:54:27.896595+00:00
PKGL-00726,,35.27889978,72.24313704,3915.0,8.444053857840231,0.001076922,2026-09-01T06:54:27.896595+00:00
PKGL-00727,,35.26808907,72.21712161,3852.0,6.779752411722038,0.005667528,2026-09-01T06:54:27.896595+00:00
PKGL-00728,,35.26436614,72.16422284,3898.0,7.711067038160481,0.000436269,2026-09-01T06:54:27.896595+00:00
PKGL-00729,,35.26457754,72.16280766,3903.0,7.803846906548835,0.012462224,2026-09-01T06:54:27.896595+00:00
PKGL-00730,,35.26780062,72.15917328,3873.0,8.287176644100466,0.001989905,2026-09-01T06:54:27.896595+00:00
PKGL-00731,,35.26773683,72.15664566,3841.0,8.417377437442811,0.026487602,2026-09-01T06:54:27.896595+00:00
PKGL-00732,,35.27394725,72.15362884,3600.0,9.13593538821818,0.029129207,2026-09-01T06:54:27.896595+00:00
PKGL-00733,,35.27377173,72.1633011,3821.0,8.635827071754344,0.000998058,2026-09-01T06:54:27.896595+00:00
PKGL-00734,,35.27355014,72.16292925,3822.0,8.632245683723216,0.000944079,2026-09-01T06:54:27.896595+00:00
PKGL-00735,,35.27273642,72.16375936,3825.0,8.515785943820743,0.008054028,2026-09-01T06:54:27.896595+00:00
PKGL-00736,,35.26046826,72.13823278,3705.0,8.964123925044722,0.051781307,2026-09-01T06:54:27.896595+00:00
PKGL-00737,,35.25252118,72.12763825,3740.0,8.702937981741524,0.021029176,2026-09-01T06:54:27.896595+00:00
PKGL-00738,,35.25449363,72.12383041,3702.0,9.069445012430547,0.016340055,2026-09-01T06:54:27.896595+00:00
PKGL-00739,,35.25608669,72.12358484,3706.0,9.232149857778149,0.002843367,2026-09-01T06:54:27.896595+00:00
PKGL-00740,,35.29705716,72.24726323,3799.0,10.47790011176352,0.003171348,2026-09-01T06:54:27.896595+00:00
PKGL-00741,,35.30005667,72.23330841,3598.0,10.49441881554926,0.567737188,2026-09-01T06:54:27.896595+00:00
PKGL-00742,,35.30314231,72.21981583,3435.0,10.6851568709717,0.089903636,2026-09-01T06:54:27.896595+00:00
PKGL-00743,,35.31032036,72.21467813,3418.0,11.463780158579574,0.008628913,2026-09-01T06:54:27.896595+00:00
PKGL-00744,,35.32052369,72.22563755,3569.0,11.517560553362951,0.125401652,2026-09-01T06:54:27.896595+00:00
PKGL-00745,,35.31615522,72.24119615,4121.0,12.390437476266923,0.005632558,2026-09-01T06:54:27.896595+00:00
PKGL-00746,,35.32047627,72.24209395,3925.0,12.126382833740186,0.046461896,2026-09-01T06:54:27.896595+00:00
PKGL-00747,,35.34665511,72.24241509,3781.0,9.644168849713038,0.0104075,2026-09-01T06:54:27.896595+00:00
PKGL-00748,,35.52498877,72.13285853,4035.0,11.984643513929685,0.065406756,2026-09-01T06:54:27.896595+00:00
PKGL-00749,,35.53052034,72.15925347,4202.0,10.629702537871117,0.017135037,2026-09-01T06:54:27.896595+00:00
PKGL-00750,,35.54388845,72.14122371,4258.0,12.82893602614812,0.002562931,2026-09-01T06:54:27.896595+00:00
PKGL-00751,,35.54706734,72.13507906,3938.0,13.468379993606286,0.051411121,2026-09-01T06:54:27.896595+00:00
PKGL-00752,,35.51112384,72.13958071,4065.0,10.60370396385812,0.136788376,2026-09-01T06:54:27.896595+00:00
PKGL-00753,,35.50713426,72.1224014,3849.0,11.293166432137417,0.000208753,2026-09-01T06:54:27.896595+00:00
PKGL-00754,,35.50622107,72.12342569,3848.0,11.159978266022751,0.006877285,2026-09-01T06:54:27.896595+00:00
PKGL-00755,,35.53015249,72.31027921,4207.0,9.350807058563024,0.032217816,2026-09-01T06:54:27.896595+00:00
PKGL-00756,,35.54799023,72.32476303,4146.0,7.983369430563511,0.002599358,2026-09-01T06:54:27.896595+00:00
PKGL-00757,,35.55015841,72.31524955,3997.0,8.860577262287062,0.01057182,2026-09-01T06:54:27.896595+00:00
PKGL-00758,,35.54636881,72.30891438,4144.0,9.405391258704505,0.021710981,2026-09-01T06:54:27.896595+00:00
PKGL-00759,,35.54626759,72.30068805,4125.0,10.148702898847704,0.000773469,2026-09-01T06:54:27.896595+00:00
PKGL-00760,,35.54718877,72.30140908,4109.0,10.087704840858002,0.00779469,2026-09-01T06:54:27.896595+00:00
PKGL-00761,,35.54687971,72.29288296,3955.0,10.856912926515935,0.011158961,2026-09-01T06:54:27.896595+00:00
PKGL-00762,,35.54725107,72.29058436,3964.0,10.808077257879413,0.003842568,2026-09-01T06:54:27.896595+00:00
PKGL-00763,,35.54417161,72.30169161,4143.0,10.052280992034095,0.010625168,2026-09-01T06:54:27.896595+00:00
PKGL-00764,,35.5442952,72.29956919,4160.0,10.24447462739705,0.00397979,2026-09-01T06:54:27.896595+00:00
PKGL-00765,,35.54982591,72.28645033,3937.0,10.911478678607589,0.001947895,2026-09-01T06:54:27.896595+00:00
PKGL-00766,,35.55971805,72.28500638,3861.0,11.709052090356687,0.002599,2026-09-01T06:54:27.896595+00:00
PKGL-00767,,35.55733955,72.28554305,3866.0,11.62196895803756,0.001030195,2026-09-01T06:54:27.896595+00:00
PKGL-00768,,35.56382676,72.27733733,4012.0,12.088248416039358,0.001937139,2026-09-01T06:54:27.896595+00:00
PKGL-00769,,35.56581965,72.27107623,4138.0,12.149811288052463,0.000270778,2026-09-01T06:54:27.896595+00:00
PKGL-00770,,35.56516745,72.27104086,4142.0,12.078711805399942,0.003173302,2026-09-01T06:54:27.896595+00:00
PKGL-00771,,35.56458805,72.26892823,4151.0,11.970582744882892,0.004052975,2026-09-01T06:54:27.896595+00:00
PKGL-00772,,35.5534881,72.32798258,4034.0,7.760974729343182,0.002332807,2026-09-01T06:54:27.896595+00:00
PKGL-00773,,35.57758408,72.27370894,3936.0,12.734458282389332,0.013164201,2026-09-01T06:54:27.896595+00:00
PKGL-00774,,35.57909045,72.26208542,4068.0,13.431574575926662,0.00286449,2026-09-01T06:54:27.896595+00:00
PKGL-00775,,35.59523884,72.21424206,4098.0,15.210985412023136,0.025824684,2026-09-01T06:54:27.896595+00:00
PKGL-00776,,35.6081569,72.23462907,3870.0,15.546616780289156,0.170583534,2026-09-01T06:54:27.896595+00:00
PKGL-00777,,35.61420115,72.22664428,4111.0,16.243840254427532,0.016570756,2026-09-01T06:54:27.896595+00:00
PKGL-00778,,35.62369379,72.21586103,4312.0,17.236556223000782,0.006828289,2026-09-01T06:54:27.896595+00:00
PKGL-00779,,35.62532578,72.23237893,4287.0,15.75598824182015,0.151146337,2026-09-01T06:54:27.896595+00:00
PKGL-00780,,35.61423685,72.32426465,4425.0,7.420998890160073,0.00772403,2026-09-01T06:54:27.896595+00:00
PKGL-00781,,35.61079492,72.2995577,4176.0,9.669903546243969,0.02853903,2026-09-01T06:54:27.896595+00:00
PKGL-00782,,35.61776378,72.29937299,4454.0,9.66949734855571,0.006416238,2026-09-01T06:54:27.896595+00:00
PKGL-00783,,35.6355484,72.3019563,4106.0,9.67674516229915,0.000516215,2026-09-01T06:54:27.896595+00:00
PKGL-00784,,35.63589031,72.29681282,4072.0,10.138606237764549,0.265907077,2026-09-01T06:54:27.896595+00:00
PKGL-00785,,35.65874885,72.28669028,3496.0,11.803637818015789,0.067726103,2026-09-01T06:54:27.896595+00:00
PKGL-00786,,35.67998371,72.26884172,4387.0,14.30763890308284,0.014144038,2026-09-01T06:54:27.896595+00:00
PKGL-00787,,35.68497917,72.26939855,4414.0,14.548038459497455,0.003656374,2026-09-01T06:54:27.896595+00:00
PKGL-00788,,35.68711449,72.27325515,4466.0,14.381630724626016,0.011946221,2026-09-01T06:54:27.896595+00:00
PKGL-00789,,35.54823078,72.0306093,3966.0,16.13138666636967,0.000874813,2026-09-01T06:54:27.896595+00:00
PKGL-00790,,35.54959458,72.02950978,3946.0,15.955692993782222,0.011908024,2026-09-01T06:54:27.896595+00:00
PKGL-00791,,35.55763995,72.05768933,4029.0,17.36028946424291,0.007224899,2026-09-01T06:54:27.896595+00:00
PKGL-00792,,35.57278336,72.12438897,4092.0,16.248849963482556,0.080945506,2026-09-01T06:54:27.896595+00:00
PKGL-00793,,35.58295581,72.13246773,3864.0,16.70790933224732,0.065869867,2026-09-01T06:54:27.896595+00:00
PKGL-00794,,35.58685261,72.13244582,3833.0,17.06569140266433,0.007692177,2026-09-01T06:54:27.896595+00:00
PKGL-00795,,35.61170879,72.10709992,4149.0,17.827359274926646,0.038038132,2026-09-01T06:54:27.896595+00:00
PKGL-00796,,35.61892375,72.10760157,4296.0,17.600553030492083,0.034717419,2026-09-01T06:54:27.896595+00:00
PKGL-00797,,35.56149801,71.99220446,3503.0,12.634601566866804,0.001013975,2026-09-01T06:54:27.896595+00:00
PKGL-00798,,35.57030689,72.03662634,3734.0,15.023948992211718,0.004985868,2026-09-01T06:54:27.896595+00:00
PKGL-00799,,35.57283754,72.03418678,3722.0,14.667832871110488,0.065601046,2026-09-01T06:54:27.896595+00:00
PKGL-00800,,35.58310408,72.05278692,4135.0,15.126329511493196,0.005011212,2026-09-01T06:54:27.896595+00:00
PKGL-00801,,35.58597121,72.04913371,4038.0,14.668993921458584,0.022581671,2026-09-01T06:54:27.896595+00:00
PKGL-00802,,35.59339908,72.0569487,4414.0,14.740936391411172,0.018781398,2026-09-01T06:54:27.896595+00:00
PKGL-00803,,35.64118748,72.09806384,4116.0,15.387311781023287,0.034512066,2026-09-01T06:54:27.896595+00:00
PKGL-00804,,35.64187688,72.09897179,4125.0,15.357780164988815,0.003414275,2026-09-01T06:54:27.896595+00:00
PKGL-00805,,35.64239747,72.09775701,4121.0,15.255282195006844,0.000339277,2026-09-01T06:54:27.896595+00:00
PKGL-00806,,35.64341368,72.1176333,3932.0,16.075431077151897,0.000539001,2026-09-01T06:54:27.896595+00:00
PKGL-00807,,35.64115232,72.11748813,3922.0,16.27830516760261,0.094318408,2026-09-01T06:54:27.896595+00:00
PKGL-00808,,35.83173679,71.9967167,3679.0,6.938868017216985,0.098366711,2026-09-01T06:54:27.896595+00:00
PKGL-00809,,35.81705323,71.99380389,3778.0,5.662332581279041,0.082503674,2026-09-01T06:54:27.896595+00:00
PKGL-00810,,35.77158094,72.16398728,4172.0,12.081769267390555,0.204421874,2026-09-01T06:54:27.896595+00:00
PKGL-00811,,35.78414296,72.17923947,4186.0,13.482712776702796,0.000743305,2026-09-01T06:54:27.896595+00:00
PKGL-00812,,35.78081804,72.17571474,4188.0,13.144141409471494,0.187984668,2026-09-01T06:54:27.896595+00:00
PKGL-00813,,35.79947493,72.19410652,4135.0,15.026084303095452,0.54730227,2026-09-01T06:54:27.896595+00:00
PKGL-00814,,35.79962756,72.19766282,4187.0,15.344834696150112,0.001407726,2026-09-01T06:54:27.896595+00:00
PKGL-00815,,35.82635988,72.21670416,4028.0,17.74772239586435,0.011747427,2026-09-01T06:54:27.896595+00:00
PKGL-00816,,35.8250165,72.21708162,4043.0,17.733216101535252,0.001513303,2026-09-01T06:54:27.896595+00:00
PKGL-00817,,35.82365574,72.21775516,4065.0,17.744899518371785,0.005034534,2026-09-01T06:54:27.896595+00:00
PKGL-00818,,35.9383763,72.21664835,4283.0,20.66905626208828,0.000669813,2026-09-01T06:54:27.896595+00:00
PKGL-00819,,35.9374473,72.21498033,4296.0,20.580752244571432,0.001859645,2026-09-01T06:54:27.896595+00:00
PKGL-00820,,35.93805736,72.21393305,4291.0,20.466041712552705,0.000267452,2026-09-01T06:54:27.896595+00:00
PKGL-00821,,35.93108281,72.21570523,4369.0,20.96592090644777,0.000484327,2026-09-01T06:54:27.896595+00:00
PKGL-00822,,35.93127517,72.21691749,4364.0,21.051917448311706,0.00023126,2026-09-01T06:54:27.896595+00:00
PKGL-00823,,35.9276007,72.21169852,4409.0,20.838733083791382,0.000373439,2026-09-01T06:54:27.896595+00:00
PKGL-00824,,35.92646966,72.21328918,4415.0,21.025539193100247,0.000245251,2026-09-01T06:54:27.896595+00:00
PKGL-00825,,35.92647463,72.21697648,4409.0,21.313789999022884,0.001538771,2026-09-01T06:54:27.896595+00:00
PKGL-00826,,35.92583255,72.21977581,4414.0,21.568486324005733,0.001143772,2026-09-01T06:54:27.896595+00:00
PKGL-00827,,35.92564616,72.33608962,3821.0,17.89237217308388,0.006134366,2026-09-01T06:54:27.896595+00:00
PKGL-00828,,35.91196826,72.33440196,3651.0,19.343081649319025,1.618183971,2026-09-01T06:54:27.896595+00:00
PKGL-00829,,35.92451419,72.37422582,4501.0,16.27960431502018,0.004450074,2026-09-01T06:54:27.896595+00:00
PKGL-00830,,35.88140562,72.37109367,4774.0,20.65389507438334,0.000959789,2026-09-01T06:54:27.896595+00:00
PKGL-00831,,35.88139496,72.36987851,4770.0,20.70115272429543,0.001106981,2026-09-01T06:54:27.896595+00:00
PKGL-00832,,35.90357752,72.36899323,4752.0,18.53482065687088,0.002416594,2026-09-01T06:54:27.896595+00:00
PKGL-00833,,35.81847666,72.34854239,4113.0,23.094632372017536,0.006089527,2026-09-01T06:54:27.896595+00:00
PKGL-00834,,35.81394316,72.1752182,4654.0,13.76288683640379,0.000577257,2026-09-01T06:54:27.896595+00:00
PKGL-00835,,35.81252929,72.17506379,4641.0,13.701741964085985,0.001679271,2026-09-01T06:54:27.896595+00:00
PKGL-00836,,35.80464932,71.97498703,4181.0,5.936471663042757,0.006819096,2026-09-01T06:54:27.896595+00:00
PKGL-00837,,35.73100186,72.33828601,4012.0,14.1729076325414,0.002783067,2026-09-01T06:54:27.896595+00:00
PKGL-00838,,35.73453084,72.34183023,3988.0,14.394923807148077,0.000304169,2026-09-01T06:54:27.896595+00:00
PKGL-00839,,35.73457839,72.34026904,3997.0,14.457385174668053,0.001224522,2026-09-01T06:54:27.896595+00:00
PKGL-00840,,35.73602256,72.33806631,4026.0,14.686197732281682,0.00090595,2026-09-01T06:54:27.896595+00:00
PKGL-00841,,35.73696989,72.33591428,4053.0,14.863983009566011,0.000950265,2026-09-01T06:54:27.896595+00:00
PKGL-00842,,35.73088606,72.35638504,3842.0,13.532168706388903,0.000678973,2026-09-01T06:54:27.896595+00:00
PKGL-00843,,35.72949973,72.24464571,3879.0,19.29129664670216,0.000308441,2026-09-01T06:54:27.896595+00:00
PKGL-00844,,35.72854676,72.24070614,3882.0,19.49404925585574,0.191045983,2026-09-01T06:54:27.896595+00:00
PKGL-00845,,35.7309097,72.2301627,3826.0,18.718175267723016,0.084867966,2026-09-01T06:54:27.896595+00:00
PKGL-00846,,35.74364581,72.22111562,4022.0,17.59177145726936,0.000970824,2026-09-01T06:54:27.896595+00:00
PKGL-00847,,35.74516287,72.2216069,4043.0,17.60188830698523,0.000755669,2026-09-01T06:54:27.896595+00:00
PKGL-00848,,35.68886913,72.29578874,3875.0,12.85036298265559,0.000431892,2026-09-01T06:54:27.896595+00:00
PKGL-00849,,35.68911591,72.29428417,3861.0,12.973432236628174,0.013555526,2026-09-01T06:54:27.896595+00:00
PKGL-00850,,35.69385386,72.29253623,3993.0,13.429545923750611,0.000656676,2026-09-01T06:54:27.896595+00:00
PKGL-00851,,35.6001308,71.95796997,4033.0,7.390731671456591,0.005341114,2026-09-01T06:54:27.896595+00:00
PKGL-00852,,35.28757224,72.26306702,3837.0,10.049426260209016,0.161762818,2026-09-01T06:54:27.896595+00:00
PKGL-00853,,35.27896311,72.2567856,4074.0,8.937533504670387,0.020764233,2026-09-01T06:54:27.896595+00:00
PKGL-00854,,35.28125535,72.26871771,4049.0,9.691599770494468,0.010340422,2026-09-01T06:54:27.896595+00:00
PKGL-00855,,35.27640177,72.29480405,3911.0,10.175228547493656,0.054095905,2026-09-01T06:54:27.896595+00:00
PKGL-00856,,35.25872615,72.29170781,3910.0,9.203958096013352,0.052182247,2026-09-01T06:54:27.896595+00:00
PKGL-00857,,35.2600647,72.31900195,3872.0,7.509922639020415,0.032133761,2026-09-01T06:54:27.896595+00:00
PKGL-00858,,35.22792235,72.30293302,3877.0,8.543290708375029,0.02781034,2026-09-01T06:54:27.896595+00:00
PKGL-00859,,35.22109351,72.3000457,3792.0,8.113565421533181,0.064273735,2026-09-01T06:54:27.896595+00:00
PKGL-00860,,35.22003281,72.31364622,3865.0,8.118428649192865,0.014975017,2026-09-01T06:54:27.896595+00:00
PKGL-00861,,35.20868923,72.3126227,3756.0,8.67134394300524,0.071366962,2026-09-01T06:54:27.896595+00:00
PKGL-00862,,35.22071796,72.32154081,3790.0,7.41364969951481,0.084468519,2026-09-01T06:54:27.896595+00:00
PKGL-00863,,35.19189829,72.32583242,3674.0,6.681779571715341,0.133691726,2026-09-01T06:54:27.896595+00:00
PKGL-00864,,35.20032968,72.33871735,3770.0,6.454434458473007,0.014630334,2026-09-01T06:54:27.896595+00:00
PKGL-00865,,35.22491357,72.37432492,3175.0,2.942568665911651,0.042378465,2026-09-01T06:54:27.896595+00:00
PKGL-00866,,35.21728349,72.37530553,3212.0,3.5022530092066417,0.219465134,2026-09-01T06:54:27.896595+00:00
PKGL-00867,,35.21216059,72.38910318,3597.0,3.461388424297112,0.029716954,2026-09-01T06:54:27.896595+00:00
PKGL-00868,,35.18274043,72.32092678,3678.0,6.531539382661373,0.008329871,2026-09-01T06:54:27.896595+00:00
PKGL-00869,,35.19705137,72.33213314,3646.0,6.606417748253784,0.049082543,2026-09-01T06:54:27.896595+00:00
PKGL-00870,,35.20063282,72.33120743,3636.0,6.943976142488548,0.014276159,2026-09-01T06:54:27.896595+00:00
PKGL-00871,,35.31918397,72.32300927,3891.0,10.975227096273018,0.523416602,2026-09-01T06:54:27.896595+00:00
PKGL-00872,,35.33143603,72.3226926,3893.0,12.083221068503578,0.138250127,2026-09-01T06:54:27.896595+00:00
PKGL-00873,,35.3316196,72.32614953,3886.0,11.923664658731736,0.001146221,2026-09-01T06:54:27.896595+00:00
PKGL-00874,,35.33078856,72.35042457,3863.0,10.777281462306147,0.08859842,2026-09-01T06:54:27.896595+00:00
PKGL-00875,,35.32589336,72.36539037,3785.0,9.780172063868656,0.02175485,2026-09-01T06:54:27.896595+00:00
PKGL-00876,,35.32753662,72.36437997,3787.0,9.982357532642595,0.012551145,2026-09-01T06:54:27.896595+00:00
PKGL-00877,,35.31438723,72.3767215,3828.0,8.265499860889895,0.138235138,2026-09-01T06:54:27.896595+00:00
PKGL-00878,,35.31088966,72.40759986,3805.0,7.672175126248788,0.130294735,2026-09-01T06:54:27.896595+00:00
PKGL-00879,,35.30406153,72.42956708,3993.0,6.918909297832172,0.062564827,2026-09-01T06:54:27.896595+00:00
PKGL-00880,,35.3004039,72.43742309,3884.0,6.402928485744409,0.024105671,2026-09-01T06:54:27.896595+00:00
PKGL-00881,,35.3330867,72.40713909,3973.0,10.126952415300131,0.057512892,2026-09-01T06:54:27.896595+00:00
PKGL-00882,,35.33505861,72.40683396,3977.0,10.34362199696581,0.026447066,2026-09-01T06:54:27.896595+00:00
PKGL-00883,,35.34091511,72.40932468,3944.0,11.010638657104565,0.039015449,2026-09-01T06:54:27.896595+00:00
PKGL-00884,,35.34410672,72.41338396,3859.0,11.40115527813734,0.019961614,2026-09-01T06:54:27.896595+00:00
PKGL-00885,,35.33762704,72.40639206,3967.0,10.625841084446918,0.011903903,2026-09-01T06:54:27.896595+00:00
PKGL-00886,,35.33641986,72.41020414,3968.0,10.52033750819005,0.037683828,2026-09-01T06:54:27.896595+00:00
PKGL-00887,,35.32254759,72.46972024,3712.0,9.098144839776912,0.266091367,2026-09-01T06:54:27.896595+00:00
PKGL-00888,,35.35165232,72.50966379,4055.0,8.454435065330102,0.181424881,2026-09-01T06:54:27.896595+00:00
PKGL-00889,,35.35699847,72.51485128,4062.0,7.893152419388958,0.147460459,2026-09-01T06:54:27.896595+00:00
PKGL-00890,,35.36283452,72.51604514,4075.0,7.725805885863458,0.203343151,2026-09-01T06:54:27.896595+00:00
PKGL-00891,,35.34586543,72.53603362,3830.0,6.269331712381584,0.176054767,2026-09-01T06:54:27.896595+00:00
PKGL-00892,,35.34178536,72.46142057,3718.0,11.06070028058098,0.061350331,2026-09-01T06:54:27.896595+00:00
PKGL-00893,,35.35455805,72.42711085,4031.0,12.49412790208062,0.019771491,2026-09-01T06:54:27.896595+00:00
PKGL-00894,,35.33511225,72.3663405,3942.0,10.735465185140848,0.067005244,2026-09-01T06:54:27.896595+00:00
PKGL-00895,,35.3673378,72.34594043,3538.0,14.175107982150642,0.759469005,2026-09-01T06:54:27.896595+00:00
PKGL-00896,,35.29554404,72.31068433,4012.0,9.95299870041657,0.01515897,2026-09-01T06:54:27.896595+00:00
PKGL-00897,,35.29522955,72.30839372,4041.0,10.100447581353414,0.002581731,2026-09-01T06:54:27.896595+00:00
PKGL-00898,,35.30484946,72.30498418,3907.0,10.996786783757228,0.106332009,2026-09-01T06:54:27.896595+00:00
PKGL-00899,,35.32121323,72.29234593,3634.0,13.053726768743678,0.280539721,2026-09-01T06:54:27.896595+00:00
PKGL-00900,,35.34997347,72.28887037,3497.0,12.324533584201886,0.091273106,2026-09-01T06:54:27.896595+00:00
PKGL-00901,,35.3842815,72.33183752,3281.0,11.9335827657712,0.147706248,2026-09-01T06:54:27.896595+00:00
PKGL-00902,,35.37790291,72.39770795,4105.0,13.498091244293445,0.036029016,2026-09-01T06:54:27.896595+00:00
PKGL-00903,,35.37755964,72.40424953,4196.0,13.27402766400725,0.008271472,2026-09-01T06:54:27.896595+00:00
PKGL-00904,,35.37633137,72.39530204,4064.0,13.753305678459729,0.011560652,2026-09-01T06:54:27.896595+00:00
PKGL-00905,,35.37244684,72.39600481,4088.0,14.10942554458012,0.006187096,2026-09-01T06:54:27.896595+00:00
PKGL-00906,,35.39891023,72.39589831,3930.0,11.554490896831238,0.039436522,2026-09-01T06:54:27.896595+00:00
PKGL-00907,,35.40246282,72.4135725,4061.0,10.411997163646276,0.032021506,2026-09-01T06:54:27.896595+00:00
PKGL-00908,,35.40640708,72.41392989,4045.0,10.0073010073253,0.051425243,2026-09-01T06:54:27.896595+00:00
PKGL-00909,,35.36919575,72.49688888,4407.0,9.317137256567014,0.044469174,2026-09-01T06:54:27.896595+00:00
PKGL-00910,,35.41899998,72.4330335,3018.0,8.010349280160437,0.44928143,2026-09-01T06:54:27.896595+00:00
PKGL-00911,,35.38930246,72.50010654,4265.0,8.410107244786252,0.036156752,2026-09-01T06:54:27.896595+00:00
PKGL-00912,,35.42223617,72.51398763,3830.0,7.219004980022023,0.475528098,2026-09-01T06:54:27.896595+00:00
PKGL-00913,,35.42457128,72.48125812,4228.0,6.984570258501812,0.042217048,2026-09-01T06:54:27.896595+00:00
PKGL-00914,,35.43701367,72.50652644,3999.0,6.531545463861608,0.018296345,2026-09-01T06:54:27.896595+00:00
PKGL-00915,,35.59280193,72.35359212,4336.0,5.428552149123745,0.061230697,2026-09-01T06:54:27.896595+00:00
PKGL-00916,,35.60471035,72.34707242,4344.0,5.505503758670702,0.041547804,2026-09-01T06:54:27.896595+00:00
PKGL-00917,,35.60069502,72.37654457,4186.0,3.194004753151284,0.056303041,2026-09-01T06:54:27.896595+00:00
PKGL-00918,,35.60992225,72.37342018,3759.0,3.054125310928743,0.03191574,2026-09-01T06:54:27.896595+00:00
PKGL-00919,,35.61544564,72.36046536,4259.0,4.146276502139593,0.014728843,2026-09-01T06:54:27.896595+00:00
PKGL-00920,,35.60258833,72.59828939,3885.0,7.743040844144181,0.183271765,2026-09-01T06:54:27.896595+00:00
PKGL-00921,,35.64580522,72.51210897,3349.0,10.113158215117275,0.299158122,2026-09-01T06:54:27.896595+00:00
PKGL-00922,,35.63448903,72.55399657,3902.0,10.311810289233511,0.029748628,2026-09-01T06:54:27.896595+00:00
PKGL-00923,,35.62272567,72.57729253,4284.0,9.193954476638298,0.048762549,2026-09-01T06:54:27.896595+00:00
PKGL-00924,,35.64302789,72.58485407,4366.0,10.305007767794018,0.045477795,2026-09-01T06:54:27.896595+00:00
PKGL-00925,,35.6446869,72.59534737,4248.0,9.514289918415722,0.013499196,2026-09-01T06:54:27.896595+00:00
PKGL-00926,,35.64484768,72.61436458,4508.0,8.009799133067684,0.051215893,2026-09-01T06:54:27.896595+00:00
PKGL-00927,,35.69041573,72.44026714,4237.0,8.809054415393872,0.05711363,2026-09-01T06:54:27.896595+00:00
PKGL-00928,,35.84789174,72.57414324,4444.0,24.43358448449797,0.071272186,2026-09-01T06:54:27.896595+00:00
PKGL-00929,,35.83354126,72.64258863,4515.0,25.493027912344488,0.233739627,2026-09-01T06:54:27.896595+00:00
PKGL-00930,,35.8281132,72.63540474,4564.0,25.018411491438822,0.020401378,2026-09-01T06:54:27.896595+00:00
PKGL-00931,,35.82390652,72.64230652,4500.0,24.44222595882596,0.03811823,2026-09-01T06:54:27.896595+00:00
PKGL-00932,,35.82201686,72.6494386,4293.0,24.12892672181736,0.01394436,2026-09-01T06:54:27.896595+00:00
PKGL-00933,,35.82714481,72.64994215,4332.0,24.685866231625173,0.082588846,2026-09-01T06:54:27.896595+00:00
PKGL-00934,,35.86065668,72.64714804,4737.0,26.5430147135086,0.01845421,2026-09-01T06:54:27.896595+00:00
PKGL-00935,,35.6640784,72.58399553,4069.0,11.471517404344633,0.137521359,2026-09-01T06:54:27.896595+00:00
PKGL-00936,,35.66482922,72.57302556,4321.0,12.355636860272892,0.009019826,2026-09-01T06:54:27.896595+00:00
PKGL-00937,,35.67029809,72.57379312,4234.0,12.62161852196989,0.00861697,2026-09-01T06:54:27.896595+00:00
PKGL-00938,,35.6701039,72.5777301,4220.0,12.314499355645994,0.013689032,2026-09-01T06:54:27.896595+00:00
PKGL-00939,,35.70508537,72.55338354,4195.0,16.443085530600708,0.045244199,2026-09-01T06:54:27.896595+00:00
PKGL-00940,,35.70460779,72.59561906,4592.0,13.764383415974317,0.012161527,2026-09-01T06:54:27.896595+00:00
PKGL-00941,,35.72673819,72.56916987,4156.0,17.179560445581707,0.067140515,2026-09-01T06:54:27.896595+00:00
PKGL-00942,,36.07836614,72.53551941,3684.0,6.8561692466037725,1.129130045,2026-09-01T06:54:27.896595+00:00
PKGL-00943,,36.08707939,72.56887506,3686.0,8.878675159053044,0.085736771,2026-09-01T06:54:27.896595+00:00
PKGL-00944,,35.99441426,72.61268886,3622.0,14.443608849166392,2.024334068,2026-09-01T06:54:27.896595+00:00
PKGL-00945,,35.9442336,72.59433924,3761.0,16.38279289546331,1.026276039,2026-09-01T06:54:27.896595+00:00
PKGL-00946,,35.96171684,72.59501679,3673.0,15.094050204319856,0.061012091,2026-09-01T06:54:27.896595+00:00
PKGL-00947,,35.96521703,72.59906427,3682.0,15.126850012715131,0.047217886,2026-09-01T06:54:27.896595+00:00
PKGL-00948,,35.9462263,72.67955442,4627.0,22.29194695840271,0.01419775,2026-09-01T06:54:27.896595+00:00
PKGL-00949,,35.96530729,72.67621885,4776.0,21.00099748766021,0.000259855,2026-09-01T06:54:27.896595+00:00
PKGL-00950,,35.56163654,73.06693782,4357.0,12.944465556755,0.026094937,2026-09-01T06:54:27.896595+00:00
PKGL-00951,,35.58220714,73.07727001,4033.0,14.316796108696566,0.046194753,2026-09-01T06:54:27.896595+00:00
PKGL-00952,,35.59112334,73.10892906,4469.0,14.072428426695367,0.00926437,2026-09-01T06:54:27.896595+00:00
PKGL-00953,,35.73522308,72.51866657,3918.0,16.68164956192309,0.01536439,2026-09-01T06:54:27.896595+00:00
PKGL-00954,,35.71766219,72.55016765,4673.0,17.21227318782931,0.011422471,2026-09-01T06:54:27.896595+00:00
PKGL-00955,,35.7296754,72.55998368,4306.0,17.964637291348325,0.014853257,2026-09-01T06:54:27.896595+00:00
PKGL-00956,,35.72257544,72.58411368,3740.0,15.981051430587964,0.025517509,2026-09-01T06:54:27.896595+00:00
PKGL-00957,,36.07968935,72.55066195,3682.0,7.879780742061706,0.11431155,2026-09-01T06:54:27.896595+00:00
PKGL-00958,,36.08226534,72.55363069,3689.0,7.963449957032903,0.018601087,2026-09-01T06:54:27.896595+00:00
PKGL-00959,,35.61133006,73.18446923,4102.0,15.874817097445602,0.205124015,2026-09-01T06:54:27.896595+00:00
PKGL-00960,,35.64113004,73.06230268,4226.0,20.450963560947653,0.11753191,2026-09-01T06:54:27.896595+00:00
PKGL-00961,,35.64523011,73.06568763,4233.0,20.99485092012372,0.007264913,2026-09-01T06:54:27.896595+00:00
PKGL-00962,,35.64856404,73.06172219,4200.0,21.175444462857257,0.030727851,2026-09-01T06:54:27.896595+00:00
PKGL-00963,,35.65118403,73.06573471,4351.0,21.59302890766554,0.00596187,2026-09-01T06:54:27.896595+00:00
PKGL-00964,,35.6368011,73.08588831,4047.0,19.54872048899572,0.102027126,2026-09-01T06:54:27.896595+00:00
PKGL-00965,,35.63152573,73.10306227,4001.0,18.53481256218924,0.049078472,2026-09-01T06:54:27.896595+00:00
PKGL-00966,,35.67558074,73.07076335,3703.0,24.071165747144512,0.01026944,2026-09-01T06:54:27.896595+00:00
PKGL-00967,,35.67513777,73.07276204,3703.0,23.96719656377804,0.000980367,2026-09-01T06:54:27.896595+00:00
PKGL-00968,,35.67493203,73.07360329,3701.0,23.92170068325669,0.003592704,2026-09-01T06:54:27.896595+00:00
PKGL-00969,,35.6728686,73.07673825,3706.0,23.61629997431491,0.135865253,2026-09-01T06:54:27.896595+00:00
PKGL-00970,,35.66690121,73.09718711,4264.0,22.47774514841053,0.033615749,2026-09-01T06:54:27.896595+00:00
PKGL-00971,,35.67168024,73.09732576,4337.0,22.991530330181124,0.029093522,2026-09-01T06:54:27.896595+00:00
PKGL-00972,,35.65896242,73.09663781,4011.0,21.63328743948362,0.012178795,2026-09-01T06:54:27.896595+00:00
PKGL-00973,,35.66328966,73.11267497,4414.0,21.79351864374143,0.02988336,2026-09-01T06:54:27.896595+00:00
PKGL-00974,,35.66835593,73.11718226,4563.0,22.28026899869193,0.084423053,2026-09-01T06:54:27.896595+00:00
PKGL-00975,,35.67630707,73.09735027,4529.0,23.49194054642574,0.010987048,2026-09-01T06:54:27.896595+00:00
PKGL-00976,,35.68169554,73.08847503,4396.0,24.265154236403752,0.023669295,2026-09-01T06:54:27.896595+00:00
PKGL-00977,,35.68371775,73.0951416,4591.0,24.339734229093875,0.037211546,2026-09-01T06:54:27.896595+00:00
PKGL-00978,,35.68929482,73.08996251,4570.0,25.051532217128493,0.035356056,2026-09-01T06:54:27.896595+00:00
PKGL-00979,,35.68655126,73.09001672,4552.0,24.754176288562302,0.008327343,2026-09-01T06:54:27.896595+00:00
PKGL-00980,,35.69427709,73.07530416,4512.0,25.930771669404454,0.016882123,2026-09-01T06:54:27.896595+00:00
PKGL-00981,,35.69278234,73.07818966,4525.0,25.698759735579,0.058933922,2026-09-01T06:54:27.896595+00:00
PKGL-00982,,35.70835185,73.06452895,4526.0,27.43579722674716,0.037656457,2026-09-01T06:54:27.896595+00:00
PKGL-00983,,35.72286908,73.07928426,3749.0,28.90707007261518,0.056921787,2026-09-01T06:54:27.896595+00:00
PKGL-00984,,35.69955162,73.07423481,4650.0,26.52084462473349,0.005806221,2026-09-01T06:54:27.896595+00:00
PKGL-00985,,35.71749318,73.05840711,4596.0,28.223160695336706,0.004289461,2026-09-01T06:54:27.896595+00:00
PKGL-00986,,35.68528756,73.09810458,4601.0,24.451145208029462,0.011633925,2026-09-01T06:54:27.896595+00:00
PKGL-00987,,35.68147982,73.1028616,4663.0,23.94788438597141,0.066443967,2026-09-01T06:54:27.896595+00:00
PKGL-00988,,35.70891388,73.14152326,4549.0,26.54523360905132,0.027065566,2026-09-01T06:54:27.896595+00:00
PKGL-00989,,35.7044313,73.13959876,4436.0,26.056656254567592,0.013535582,2026-09-01T06:54:27.896595+00:00
PKGL-00990,,35.71438769,73.16594095,3946.0,26.749434349207657,0.159264207,2026-09-01T06:54:27.896595+00:00
PKGL-00991,,35.71788082,73.15400735,3995.0,27.51107090144541,0.013588863,2026-09-01T06:54:27.896595+00:00
PKGL-00992,,35.72777195,73.18007375,4474.0,26.64446076839177,0.097864471,2026-09-01T06:54:27.896595+00:00
PKGL-00993,,35.72999206,73.21543462,3972.0,23.817504096577466,0.251094953,2026-09-01T06:54:27.896595+00:00
PKGL-00994,,35.65832114,73.1530326,3661.0,20.88940323058908,0.079782981,2026-09-01T06:54:27.896595+00:00
PKGL-00995,,35.66439412,73.15605499,3683.0,21.563106139557465,0.005400056,2026-09-01T06:54:27.896595+00:00
PKGL-00996,,35.65792923,73.18769099,3914.0,20.36350343868428,0.021795125,2026-09-01T06:54:27.896595+00:00
PKGL-00997,,35.66232367,73.18521799,4129.0,20.89470711804569,0.00893692,2026-09-01T06:54:27.896595+00:00
PKGL-00998,,35.66281697,73.1881399,4096.0,20.798036956940287,0.011837875,2026-09-01T06:54:27.896595+00:00
PKGL-00999,,35.6159987,73.18576571,4194.0,16.406138958780865,0.010330888,2026-09-01T06:54:27.896595+00:00
PKGL-01000,,35.61962287,73.18422781,4193.0,16.781910986245453,0.014350627,2026-09-01T06:54:27.896595+00:00
PKGL-01001,,35.62034506,73.18550782,4200.0,16.879277855010965,0.002133797,2026-09-01T06:54:27.896595+00:00
PKGL-01002,,35.79838144,73.00630784,4543.0,35.56718823791866,0.009616149,2026-09-01T06:54:27.896595+00:00
PKGL-01003,,35.81206765,73.02868189,4397.0,37.86529415906507,0.031845589,2026-09-01T06:54:27.896595+00:00
PKGL-01004,,35.81158728,73.03374916,4359.0,37.88646858808808,0.025380047,2026-09-01T06:54:27.896595+00:00
PKGL-01005,,35.80361332,73.0354917,4230.0,37.03996374105384,0.003630941,2026-09-01T06:54:27.896595+00:00
PKGL-01006,,35.80416722,73.03192049,4224.0,37.04543360578244,0.077834679,2026-09-01T06:54:27.896595+00:00
PKGL-01007,,35.79930258,73.02941574,4401.0,36.47461862411295,0.033834501,2026-09-01T06:54:27.896595+00:00
PKGL-01008,,35.80711592,73.03886559,4197.0,37.47757468818172,0.02308676,2026-09-01T06:54:27.896595+00:00
PKGL-01009,,35.80938741,72.97981434,4254.0,34.460328963289264,0.030187615,2026-09-01T06:54:27.896595+00:00
PKGL-01010,,35.81820731,72.98458867,4569.0,35.42808367698144,0.055633603,2026-09-01T06:54:27.896595+00:00
PKGL-01011,,35.82112837,73.0020913,4786.0,36.83671327106312,0.015001872,2026-09-01T06:54:27.896595+00:00
PKGL-01012,,35.81867125,73.00702552,4744.0,37.00478396223896,0.014839626,2026-09-01T06:54:27.896595+00:00
PKGL-01013,,35.82570118,73.02221212,4478.0,38.178494777393375,0.052625649,2026-09-01T06:54:27.896595+00:00
PKGL-01014,,35.8126494,72.99556359,4499.0,35.78112707653044,0.147941032,2026-09-01T06:54:27.896595+00:00
PKGL-01015,,35.82645544,72.98158314,4780.0,35.8403705928644,0.104395241,2026-09-01T06:54:27.896595+00:00
PKGL-01016,,35.82323675,72.97020551,4533.0,34.84643186615595,0.006009575,2026-09-01T06:54:27.896595+00:00
PKGL-01017,,35.75754973,72.97966356,4306.0,31.012110802218263,0.004669996,2026-09-01T06:54:27.896595+00:00
PKGL-01018,,35.75878277,72.9735136,4387.0,30.620194352186093,0.106956224,2026-09-01T06:54:27.896595+00:00
PKGL-01019,,35.75510414,72.94565063,4086.0,28.31200023540112,0.043442291,2026-09-01T06:54:27.896595+00:00
PKGL-01020,,35.7600091,72.94107647,4081.0,28.299062090739127,0.046945083,2026-09-01T06:54:27.896595+00:00
PKGL-01021,,35.7634439,72.94757488,4548.0,28.997449560302403,0.015415628,2026-09-01T06:54:27.896595+00:00
PKGL-01022,,35.76477296,72.98634725,4009.0,31.9539284618112,0.0366527,2026-09-01T06:54:27.896595+00:00
PKGL-01023,,35.77386911,72.95931113,4394.0,30.540311385436475,0.009174194,2026-09-01T06:54:27.896595+00:00
PKGL-01024,,35.77637813,72.96478707,4229.0,31.10259272236116,0.032358586,2026-09-01T06:54:27.896595+00:00
PKGL-01025,,35.78751318,72.9499833,4378.0,30.834929250352825,0.005044218,2026-09-01T06:54:27.896595+00:00
PKGL-01026,,35.8323859,73.02514796,4539.0,37.49606073714749,0.00083325,2026-09-01T06:54:27.896595+00:00
PKGL-01027,,35.83489392,73.02323596,4534.0,37.22944763208614,0.013391469,2026-09-01T06:54:27.896595+00:00
PKGL-01028,,35.83534593,73.02426457,4537.0,37.19048769358989,0.002511696,2026-09-01T06:54:27.896595+00:00
PKGL-01029,,35.83888729,73.03353413,4641.0,36.63840183825198,0.013342683,2026-09-01T06:54:27.896595+00:00
PKGL-01030,,35.83780102,73.03645223,4578.0,36.70836022308348,0.007645634,2026-09-01T06:54:27.896595+00:00
PKGL-01031,,35.83293805,73.04305162,4416.0,37.13837765370676,0.038578048,2026-09-01T06:54:27.896595+00:00
PKGL-01032,,35.82925187,73.04248044,4413.0,37.5511693489387,0.010626518,2026-09-01T06:54:27.896595+00:00
PKGL-01033,,35.77590736,73.09947754,4267.0,34.34329073010403,0.013533062,2026-09-01T06:54:27.896595+00:00
PKGL-01034,,35.78601475,73.09709987,4533.0,35.48661019435092,0.019307817,2026-09-01T06:54:27.896595+00:00
PKGL-01035,,35.78737295,73.0959297,4556.0,35.65185332623353,0.007747052,2026-09-01T06:54:27.896595+00:00
PKGL-01036,,35.78388387,73.11556061,4221.0,34.56178186122107,0.058067229,2026-09-01T06:54:27.896595+00:00
PKGL-01037,,35.79198902,73.11294798,4520.0,35.198128435507044,0.014237551,2026-09-01T06:54:27.896595+00:00
PKGL-01038,,35.79456236,73.11525464,4547.0,35.156578749885824,0.000766096,2026-09-01T06:54:27.896595+00:00
PKGL-01039,,35.79260997,73.12017152,4515.0,34.66374451748482,0.083973084,2026-09-01T06:54:27.896595+00:00
PKGL-01040,,35.79644196,73.1167265,4562.0,35.14509740269039,0.092613911,2026-09-01T06:54:27.896595+00:00
PKGL-01041,,35.78576419,73.07596381,4352.0,35.79513266906401,0.001556299,2026-09-01T06:54:27.896595+00:00
PKGL-01042,,35.7847237,73.0759227,4347.0,35.682584812936106,0.004091928,2026-09-01T06:54:27.896595+00:00
PKGL-01043,,35.78718273,73.07276703,4236.0,36.00878503240876,0.015746669,2026-09-01T06:54:27.896595+00:00
PKGL-01044,,35.78756218,73.07977157,4381.0,35.92347218357391,0.062366759,2026-09-01T06:54:27.896595+00:00
PKGL-01045,,35.80577413,73.09117074,4341.0,37.66093426690618,0.006001126,2026-09-01T06:54:27.896595+00:00
PKGL-01046,,35.80699635,73.09655378,4415.0,37.30750352649847,0.017756828,2026-09-01T06:54:27.896595+00:00
PKGL-01047,,35.80905474,73.09629882,4411.0,37.44271252990023,0.005897063,2026-09-01T06:54:27.896595+00:00
PKGL-01048,,35.81007122,73.09292381,4395.0,37.76244558834313,0.043507673,2026-09-01T06:54:27.896595+00:00
PKGL-01049,,35.80039132,73.07640985,4219.0,37.38168641309864,0.035498493,2026-09-01T06:54:27.896595+00:00
PKGL-01050,,35.73438223,73.17571428,4372.0,27.28893343738884,0.024742313,2026-09-01T06:54:27.896595+00:00
PKGL-01051,,35.73458399,73.17145255,4329.0,27.652052472339022,0.024299192,2026-09-01T06:54:27.896595+00:00
PKGL-01052,,35.73831833,73.17374235,4442.0,27.625892626761683,0.004950419,2026-09-01T06:54:27.896595+00:00
PKGL-01053,,35.7420049,73.16393238,4444.0,28.60138875319516,0.032020635,2026-09-01T06:54:27.896595+00:00
PKGL-01054,,35.74419161,73.17615964,4630.0,27.69722257944913,0.01844361,2026-09-01T06:54:27.896595+00:00
PKGL-01055,,35.74578504,73.16357754,4523.0,28.802331219241204,0.003985692,2026-09-01T06:54:27.896595+00:00
PKGL-01056,,35.76471349,73.15035075,4267.0,30.793470047253976,0.021021073,2026-09-01T06:54:27.896595+00:00
PKGL-01057,,35.76967865,73.15510666,4282.0,30.670919514061783,0.004636087,2026-09-01T06:54:27.896595+00:00
PKGL-01058,,35.77065059,73.15716236,4286.0,30.559743551223843,0.008248495,2026-09-01T06:54:27.896595+00:00
PKGL-01059,,35.76874461,73.21018017,4440.0,26.349800225661728,0.002646216,2026-09-01T06:54:27.896595+00:00
PKGL-01060,,35.77560786,73.20958869,4488.0,26.82119383568354,0.004362471,2026-09-01T06:54:27.896595+00:00
PKGL-01061,,35.78542032,73.20543916,4495.0,27.75831258775481,0.015670948,2026-09-01T06:54:27.896595+00:00
PKGL-01062,,35.78882987,73.20854584,4393.0,27.75923766467177,0.01949147,2026-09-01T06:54:27.896595+00:00
PKGL-01063,,35.7920797,73.21602454,4197.0,27.44765435151562,0.018406758,2026-09-01T06:54:27.896595+00:00
PKGL-01064,,35.80331348,73.20973028,4142.0,28.67655759179722,0.033772608,2026-09-01T06:54:27.896595+00:00
PKGL-01065,,35.79445344,73.19096735,4568.0,29.40483453734928,0.008962482,2026-09-01T06:54:27.896595+00:00
PKGL-01066,,35.81344173,73.18387598,4249.0,31.195384224610137,0.04115754,2026-09-01T06:54:27.896595+00:00
PKGL-01067,,35.80871814,73.15202112,4538.0,33.185977915516034,0.012057569,2026-09-01T06:54:27.896595+00:00
PKGL-01068,,35.80893366,73.15358179,4541.0,33.08420646953685,0.003154207,2026-09-01T06:54:27.896595+00:00
PKGL-01069,,35.81165499,73.16061001,4464.0,32.74384906142116,0.022172992,2026-09-01T06:54:27.896595+00:00
PKGL-01070,,35.8174685,73.13197759,4448.0,35.226252539912124,0.00187185,2026-09-01T06:54:27.896595+00:00
PKGL-01071,,35.82565433,73.13150353,4430.0,34.79239034072277,0.021109084,2026-09-01T06:54:27.896595+00:00
PKGL-01072,,35.81918489,73.13757259,4497.0,34.92057706926016,0.011842574,2026-09-01T06:54:27.896595+00:00
PKGL-01073,,35.83049315,73.13682587,4519.0,34.07745209098442,0.017461734,2026-09-01T06:54:27.896595+00:00
PKGL-01074,,35.83052207,73.13150851,4487.0,34.346941258449284,0.037868027,2026-09-01T06:54:27.896595+00:00
PKGL-01075,,35.83410411,73.12260656,4502.0,34.49106720641896,0.010463509,2026-09-01T06:54:27.896595+00:00
PKGL-01076,,35.84029697,73.12982966,4693.0,33.55064184810085,0.020946057,2026-09-01T06:54:27.896595+00:00
PKGL-01077,,35.84215322,73.16255599,4652.0,31.72222415387091,0.0384874,2026-09-01T06:54:27.896595+00:00
PKGL-01078,,35.83181923,73.16429737,4467.0,32.62031928129648,0.07126667,2026-09-01T06:54:27.896595+00:00
PKGL-01079,,35.83683865,73.18181907,4519.0,31.349853152535424,0.003103287,2026-09-01T06:54:27.896595+00:00
PKGL-01080,,35.83862097,73.1939834,4518.0,30.65888861510937,0.005178042,2026-09-01T06:54:27.896595+00:00
PKGL-01081,,35.84039748,73.19489374,4520.0,30.44571131105681,0.004345232,2026-09-01T06:54:27.896595+00:00
PKGL-01082,,35.83562639,73.19584943,4442.0,30.879270604583983,0.03425685,2026-09-01T06:54:27.896595+00:00
PKGL-01083,,35.84109452,73.17681707,4521.0,31.159438222943955,0.01317326,2026-09-01T06:54:27.896595+00:00
PKGL-01084,,35.84323848,73.17392871,4522.0,31.085187424474867,0.0552613,2026-09-01T06:54:27.896595+00:00
PKGL-01085,,35.850021,73.17589171,4764.0,30.347078334589025,0.001781005,2026-09-01T06:54:27.896595+00:00
PKGL-01086,,35.84799175,73.1731435,4636.0,30.668370565204462,0.003723064,2026-09-01T06:54:27.896595+00:00
PKGL-01087,,35.85577073,73.22445907,4385.0,27.74939105326452,0.017421305,2026-09-01T06:54:27.896595+00:00
PKGL-01088,,35.82497438,73.21112875,4268.0,30.182238859838662,0.271240361,2026-09-01T06:54:27.896595+00:00
PKGL-01089,,35.83155662,73.22050931,4109.0,30.092044995573577,0.033613265,2026-09-01T06:54:27.896595+00:00
PKGL-01090,,35.82863421,73.23249096,4213.0,29.108879473191458,0.006236114,2026-09-01T06:54:27.896595+00:00
PKGL-01091,,35.83314466,73.23602449,4055.0,29.260498941748647,0.009676246,2026-09-01T06:54:27.896595+00:00
PKGL-01092,,35.82957216,73.22757124,4197.0,29.490296338892005,0.125535743,2026-09-01T06:54:27.896595+00:00
PKGL-01093,,35.80055169,73.08423743,4218.0,37.26980850637405,0.163425747,2026-09-01T06:54:27.896595+00:00
PKGL-01094,,35.8447826,72.96628814,4329.0,34.93376432206316,0.007106421,2026-09-01T06:54:27.896595+00:00
PKGL-01095,,35.85538033,72.98023566,4326.0,34.023196506242435,0.143185439,2026-09-01T06:54:27.896595+00:00
PKGL-01096,,35.85682251,73.01742819,4567.0,34.7474137424489,0.068714611,2026-09-01T06:54:27.896595+00:00
PKGL-01097,,35.84059555,73.04248568,4626.0,36.30719217510948,0.025150706,2026-09-01T06:54:27.896595+00:00
PKGL-01098,,35.83823601,73.04929767,4581.0,36.46802402484239,0.006697538,2026-09-01T06:54:27.896595+00:00
PKGL-01099,,35.84033264,73.05382379,4507.0,36.177778709067,0.045137521,2026-09-01T06:54:27.896595+00:00
PKGL-01100,,35.84807413,73.06132923,4431.0,35.234370403254545,0.168401273,2026-09-01T06:54:27.896595+00:00
PKGL-01101,,35.84450963,73.06643958,4263.0,35.573255449560065,0.028400048,2026-09-01T06:54:27.896595+00:00
PKGL-01102,,35.84370279,73.0697717,4256.0,35.6302073456062,0.026512362,2026-09-01T06:54:27.896595+00:00
PKGL-01103,,35.85179009,73.07492936,4528.0,34.68977318221777,0.029296777,2026-09-01T06:54:27.896595+00:00
PKGL-01104,,35.8560126,73.0838966,4380.0,34.155939033374445,0.04518988,2026-09-01T06:54:27.896595+00:00
PKGL-01105,,35.87785971,73.05110743,4701.0,32.09199000516422,0.0254276,2026-09-01T06:54:27.896595+00:00
PKGL-01106,,35.87821515,73.05782739,4683.0,31.957553139214507,0.029387577,2026-09-01T06:54:27.896595+00:00
PKGL-01107,,35.87527088,73.054204,4626.0,32.33094244515561,0.041194041,2026-09-01T06:54:27.896595+00:00
PKGL-01108,,35.88319401,73.04605693,4760.0,31.58769943094221,0.021944158,2026-09-01T06:54:27.896595+00:00
PKGL-01109,,35.86894351,73.06936645,4613.0,32.84389542628194,0.027639205,2026-09-01T06:54:27.896595+00:00
PKGL-01110,,35.86947827,73.07149328,4619.0,32.763684013938274,0.003867269,2026-09-01T06:54:27.896595+00:00
PKGL-01111,,35.87159562,73.0735812,4615.0,32.50980586625344,0.13174642,2026-09-01T06:54:27.896595+00:00
PKGL-01112,,35.87658121,73.07451908,4738.0,31.9497045142398,0.018380594,2026-09-01T06:54:27.896595+00:00
PKGL-01113,,35.85339945,73.14866077,4705.0,31.37666461305345,0.022668687,2026-09-01T06:54:27.896595+00:00
PKGL-01114,,35.86557272,73.13808285,4616.0,30.86145254706265,0.029150375,2026-09-01T06:54:27.896595+00:00
PKGL-01115,,35.86764538,73.13025929,4633.0,31.12365496917342,0.008775197,2026-09-01T06:54:27.896595+00:00
PKGL-01116,,35.87027045,73.13479722,4733.0,30.638730265158745,0.007156928,2026-09-01T06:54:27.896595+00:00
PKGL-01117,,35.86352649,73.0899386,4600.0,33.28768068067919,0.035675125,2026-09-01T06:54:27.896595+00:00
PKGL-01118,,35.8602138,73.08361307,4502.0,33.6917953975115,0.006671605,2026-09-01T06:54:27.896595+00:00
PKGL-01119,,35.84468746,73.09733666,4334.0,34.986393927225265,0.005046036,2026-09-01T06:54:27.896595+00:00
PKGL-01120,,35.85118451,73.10531347,4587.0,33.970172533550944,0.006388285,2026-09-01T06:54:27.896595+00:00
PKGL-01121,,35.92015995,73.06385054,4305.0,27.26510029830405,0.219462767,2026-09-01T06:54:27.896595+00:00
PKGL-01122,,35.92394714,73.07399054,4622.0,26.721300085623792,0.02350194,2026-09-01T06:54:27.896595+00:00
PKGL-01123,,35.92597693,73.07017851,4602.0,26.542181731936537,0.012012375,2026-09-01T06:54:27.896595+00:00
PKGL-01124,,35.92395349,73.11236302,4455.0,26.45589199316539,0.012157735,2026-09-01T06:54:27.896595+00:00
PKGL-01125,,35.94223396,73.10603267,4803.0,24.48260797306404,0.041879469,2026-09-01T06:54:27.896595+00:00
PKGL-01126,,35.94705625,73.09269046,4874.0,24.001823304053943,0.018562433,2026-09-01T06:54:27.896595+00:00
PKGL-01127,,35.9602254,73.05351846,4046.0,23.06262262709272,0.092189041,2026-09-01T06:54:27.896595+00:00
PKGL-01128,,35.90591287,73.15447639,4320.0,26.47131431256585,0.24645921,2026-09-01T06:54:27.896595+00:00
PKGL-01129,,35.93384699,73.15672506,4447.0,24.09239008188946,0.028980375,2026-09-01T06:54:27.896595+00:00
PKGL-01130,,35.93448748,73.16783744,4577.0,23.32951319003984,0.020865143,2026-09-01T06:54:27.896595+00:00
PKGL-01131,,35.93515643,73.17271935,4630.0,22.96915613950475,0.030378954,2026-09-01T06:54:27.896595+00:00
PKGL-01132,,35.93004942,73.18756908,4698.0,22.489546162978066,0.033383024,2026-09-01T06:54:27.896595+00:00
PKGL-01133,,35.92974683,73.24693309,4326.0,19.47099831895705,0.080844949,2026-09-01T06:54:27.896595+00:00
PKGL-01134,,35.93910053,73.24377011,4374.0,18.70763120617435,0.017324543,2026-09-01T06:54:27.896595+00:00
PKGL-01135,,35.9360676,73.26839345,4362.0,17.98309439205609,0.114162105,2026-09-01T06:54:27.896595+00:00
PKGL-01136,,35.92211476,73.2707905,4229.0,19.32824841233948,0.021570234,2026-09-01T06:54:27.896595+00:00
PKGL-01137,,35.88053061,73.24605768,4585.0,24.450784288824924,0.015983821,2026-09-01T06:54:27.896595+00:00
PKGL-01138,,35.8967497,73.25999586,4261.0,22.3087526209242,0.050685035,2026-09-01T06:54:27.896595+00:00
PKGL-01139,,35.90856045,73.25634787,4274.0,21.21940521054604,0.017763231,2026-09-01T06:54:27.896595+00:00
PKGL-01140,,35.90683465,73.2535484,4283.0,21.49633462811505,0.020455547,2026-09-01T06:54:27.896595+00:00
PKGL-01141,,35.90562574,73.2427419,4130.0,22.0287371701224,0.013568695,2026-09-01T06:54:27.896595+00:00
PKGL-01142,,35.89433417,73.24577567,4351.0,23.050850595025224,0.02657363,2026-09-01T06:54:27.896595+00:00
PKGL-01143,,35.89549226,73.24571936,4353.0,22.93539032809136,0.002432357,2026-09-01T06:54:27.896595+00:00
PKGL-01144,,35.86949586,73.23423194,4275.0,25.99743795654204,0.009469088,2026-09-01T06:54:27.896595+00:00
PKGL-01145,,35.89138467,73.09912655,4493.0,30.15557483519669,0.036394385,2026-09-01T06:54:27.896595+00:00
PKGL-01146,,35.89471418,73.09488704,4630.0,29.801308288965927,0.015935946,2026-09-01T06:54:27.896595+00:00
PKGL-01147,,35.96170652,73.19236551,4292.0,19.632646094033497,0.01459435,2026-09-01T06:54:27.896595+00:00
PKGL-01148,,35.95515657,73.19353643,4424.0,20.068649813931216,0.035359,2026-09-01T06:54:27.896595+00:00
PKGL-01149,,35.95288637,73.15498956,4470.0,22.799234747714976,0.013733561,2026-09-01T06:54:27.896595+00:00
PKGL-01150,,35.92784478,73.15131423,4603.0,24.90633392840178,0.005012756,2026-09-01T06:54:27.896595+00:00
PKGL-01151,,35.92893252,73.15493634,4623.0,24.58839028975478,0.005574216,2026-09-01T06:54:27.896595+00:00
PKGL-01152,,35.92665415,73.18640107,4640.0,22.84536009854154,0.005964338,2026-09-01T06:54:27.896595+00:00
PKGL-01153,,35.99280902,73.28570618,4465.0,11.64680889536242,0.057976062,2026-09-01T06:54:27.896595+00:00
PKGL-01154,,35.99015272,73.28141282,4529.0,12.09683660554701,0.032934333,2026-09-01T06:54:27.896595+00:00
PKGL-01155,,36.00421361,73.27342549,4535.0,11.21115239314615,0.080799785,2026-09-01T06:54:27.896595+00:00
PKGL-01156,,36.01066403,73.23004982,4608.0,13.514725079208777,0.046096016,2026-09-01T06:54:27.896595+00:00
PKGL-01157,,36.01528358,73.22979872,4555.0,13.17334452820638,0.015438881,2026-09-01T06:54:27.896595+00:00
PKGL-01158,,36.01948956,73.25285248,4564.0,11.29430699592091,0.011299833,2026-09-01T06:54:27.896595+00:00
PKGL-01159,,36.0182345,73.25656829,4577.0,11.127916619998546,0.009937992,2026-09-01T06:54:27.896595+00:00
PKGL-01160,,36.01414249,73.27209831,4455.0,10.443888018969528,0.008759866,2026-09-01T06:54:27.896595+00:00
PKGL-01161,,36.00864591,73.27032976,4550.0,11.006982933991823,0.006248241,2026-09-01T06:54:27.896595+00:00
PKGL-01162,,36.03209768,73.18431709,4643.0,14.943573431359695,0.012324698,2026-09-01T06:54:27.896595+00:00
PKGL-01163,,36.03748043,73.19261282,4482.0,13.990596650823312,0.071445615,2026-09-01T06:54:27.896595+00:00
PKGL-01164,,36.05561465,73.19539344,4514.0,12.638757687720911,0.04164884,2026-09-01T06:54:27.896595+00:00
PKGL-01165,,36.06159363,73.20461269,4667.0,11.718389328451536,0.035881605,2026-09-01T06:54:27.896595+00:00
PKGL-01166,,36.04930322,73.20254481,4609.0,12.532132041014192,0.014609758,2026-09-01T06:54:27.896595+00:00
PKGL-01167,,36.05085506,73.19966765,4602.0,12.668084564213649,0.006345697,2026-09-01T06:54:27.896595+00:00
PKGL-01168,,36.04041713,73.18592767,4502.0,14.194652206571291,0.016696413,2026-09-01T06:54:27.896595+00:00
PKGL-01169,,36.03777545,73.21400202,4768.0,12.41664524198428,0.009841373,2026-09-01T06:54:27.896595+00:00
PKGL-01170,,36.03722846,73.21541628,4771.0,12.355713948904697,0.002533773,2026-09-01T06:54:27.896595+00:00
PKGL-01171,,36.06052306,73.2329735,4491.0,9.5508414126858,0.022285447,2026-09-01T06:54:27.896595+00:00
PKGL-01172,,36.06356983,73.23070688,4585.0,9.545252065142687,0.019967873,2026-09-01T06:54:27.896595+00:00
PKGL-01173,,36.07693623,73.23223817,4635.0,8.753069595432311,0.076501794,2026-09-01T06:54:27.896595+00:00
PKGL-01174,,36.08192452,73.23977724,4509.0,7.917899705296013,0.036715889,2026-09-01T06:54:27.896595+00:00
PKGL-01175,,36.09001967,73.24197532,4513.0,7.269901347265678,0.005890138,2026-09-01T06:54:27.896595+00:00
PKGL-01176,,36.06782139,73.20393653,4615.0,11.28716322561264,0.025506735,2026-09-01T06:54:27.896595+00:00
PKGL-01177,,36.03638366,73.25805239,4489.0,9.763386967606287,0.032339627,2026-09-01T06:54:27.896595+00:00
PKGL-01178,,36.12558949,73.23902778,4334.0,4.672773584530328,0.004659941,2026-09-01T06:54:27.896595+00:00
PKGL-01179,,36.13182568,73.24252231,4240.0,4.094471320992062,0.005346479,2026-09-01T06:54:27.896595+00:00
PKGL-01180,,36.13224222,73.21930476,4168.0,5.897216919191921,0.019378949,2026-09-01T06:54:27.896595+00:00
PKGL-01181,,36.24590894,73.12117174,4539.0,9.008603249976671,0.097371882,2026-09-01T06:54:27.896595+00:00
PKGL-01182,,36.24726252,73.13726062,4603.0,8.334914424038832,0.050109681,2026-09-01T06:54:27.896595+00:00
PKGL-01183,,36.25170565,73.12319434,4660.0,9.422132632313836,0.007021792,2026-09-01T06:54:27.896595+00:00
PKGL-01184,,36.28204686,73.16157225,4442.0,11.14206171685743,0.017170782,2026-09-01T06:54:27.896595+00:00
PKGL-01185,,36.28773281,73.15803513,4623.0,11.833977839773183,0.030595496,2026-09-01T06:54:27.896595+00:00
PKGL-01186,,36.29371369,73.11513839,4626.0,13.832915400302152,0.018102242,2026-09-01T06:54:27.896595+00:00
PKGL-01187,,36.30185503,73.10558494,4795.0,14.50457357559796,0.013685445,2026-09-01T06:54:27.896595+00:00
PKGL-01188,,36.30118865,73.11828494,4404.0,14.469604400310104,0.012390354,2026-09-01T06:54:27.896595+00:00
PKGL-01189,,36.29762258,73.12119595,4355.0,14.002108251469169,0.010685776,2026-09-01T06:54:27.896595+00:00
PKGL-01190,,36.29871411,73.12085941,4352.0,14.125556309257322,0.004549477,2026-09-01T06:54:27.896595+00:00
PKGL-01191,,36.27880162,73.14185705,4583.0,11.372451118806229,0.016771922,2026-09-01T06:54:27.896595+00:00
PKGL-01192,,36.28854442,73.16707391,4484.0,11.738829124174831,0.025373841,2026-09-01T06:54:27.896595+00:00
PKGL-01193,,36.28029293,73.17992368,4187.0,10.659816293693916,0.047412653,2026-09-01T06:54:27.896595+00:00
PKGL-01194,,36.21841454,73.18370216,4323.0,3.799719266001583,0.017237506,2026-09-01T06:54:27.896595+00:00
PKGL-01195,,36.29722167,73.25181441,4380.0,10.014025395579198,0.012781738,2026-09-01T06:54:27.896595+00:00
PKGL-01196,,36.29966399,73.25145699,4386.0,9.894835066043846,0.020890192,2026-09-01T06:54:27.896595+00:00
PKGL-01197,,36.30609807,73.24931273,4608.0,9.697700494726398,0.096136112,2026-09-01T06:54:27.896595+00:00
PKGL-01198,,36.30135778,73.23427127,4485.0,10.80245847576806,0.014665634,2026-09-01T06:54:27.896595+00:00
PKGL-01199,,36.32748795,73.19775466,4249.0,9.29051542590347,0.04117823,2026-09-01T06:54:27.896595+00:00
PKGL-01200,,36.30926204,73.23159276,4714.0,9.986328576865333,0.020234723,2026-09-01T06:54:27.896595+00:00
PKGL-01201,,35.70555417,72.78823765,4354.0,14.043461048674208,0.019288316,2026-09-01T06:54:27.896595+00:00
PKGL-01202,,35.70775463,72.77799384,4411.0,13.67727958661949,0.034577558,2026-09-01T06:54:27.896595+00:00
PKGL-01203,,35.71461419,72.77093115,4321.0,13.961529221376498,0.027093799,2026-09-01T06:54:27.896595+00:00
PKGL-01204,,35.71741141,72.7810472,4145.0,14.717097463161558,0.058661728,2026-09-01T06:54:27.896595+00:00
PKGL-01205,,35.7742691,72.92763194,4463.0,28.345574189314,0.031451213,2026-09-01T06:54:27.896595+00:00
PKGL-01206,,35.77852985,72.9267917,4489.0,28.600492671776784,0.097082013,2026-09-01T06:54:27.896595+00:00
PKGL-01207,,35.77525104,72.93458952,4459.0,28.89408458732557,0.168363549,2026-09-01T06:54:27.896595+00:00
PKGL-01208,,35.76932589,72.91919819,4716.0,27.410518960916512,0.006189967,2026-09-01T06:54:27.896595+00:00
PKGL-01209,,35.78860676,72.93316431,4345.0,29.777705041972776,0.018658667,2026-09-01T06:54:27.896595+00:00
PKGL-01210,,35.79323856,72.94075126,4206.0,30.6303484582076,0.041355419,2026-09-01T06:54:27.896595+00:00
PKGL-01211,,35.79877398,72.92076162,4402.0,29.7583727733424,0.395546369,2026-09-01T06:54:27.896595+00:00
PKGL-01212,,35.82062403,72.9447695,4332.0,33.009156462995534,0.163083085,2026-09-01T06:54:27.896595+00:00
PKGL-01213,,35.80882342,72.80085984,4736.0,24.509394356925704,0.070154498,2026-09-01T06:54:27.896595+00:00
PKGL-01214,,35.81353749,72.84826726,4541.0,26.98710278098897,0.046621306,2026-09-01T06:54:27.896595+00:00
PKGL-01215,,35.90773431,72.72476532,4461.0,28.03503552730849,0.015814733,2026-09-01T06:54:27.896595+00:00
PKGL-01216,,35.89363007,72.80150132,4566.0,30.069787648456696,0.009221199,2026-09-01T06:54:27.896595+00:00
PKGL-01217,,35.9073365,72.80999822,5041.0,28.40790073637624,0.027923049,2026-09-01T06:54:27.896595+00:00
PKGL-01218,,35.84464153,72.91107503,4545.0,33.054108374289335,0.079188095,2026-09-01T06:54:27.896595+00:00
PKGL-01219,,35.84116065,72.91871797,4440.0,33.17114202159112,0.020161822,2026-09-01T06:54:27.896595+00:00
PKGL-01220,,35.86887868,72.9393638,4385.0,31.929855146658667,0.199291437,2026-09-01T06:54:27.896595+00:00
PKGL-01221,,35.85587913,72.92696282,4743.0,33.26150468286902,0.016187225,2026-09-01T06:54:27.896595+00:00
PKGL-01222,,35.85699251,72.92533128,4765.0,33.12702531918575,0.004181139,2026-09-01T06:54:27.896595+00:00
PKGL-01223,,36.10628642,72.94110757,4295.0,6.555886982428941,0.033329386,2026-09-01T06:54:27.896595+00:00
PKGL-01224,,36.03262075,72.91810317,4916.0,13.6247496749985,0.022597902,2026-09-01T06:54:27.896595+00:00
PKGL-01225,,35.82762513,72.90235565,4511.0,31.07571814923704,0.009442086,2026-09-01T06:54:27.896595+00:00
PKGL-01226,,35.83163748,72.67693287,4727.0,24.94531083285922,0.00686456,2026-09-01T06:54:27.896595+00:00
PKGL-01227,,35.85754199,72.67412078,4447.0,27.83484910864799,0.020666238,2026-09-01T06:54:27.896595+00:00
PKGL-01228,,35.84741633,72.82401631,4616.0,29.27952751567864,0.016548745,2026-09-01T06:54:27.896595+00:00
PKGL-01229,,35.8763871,72.8737411,4863.0,30.961584767342337,0.017621091,2026-09-01T06:54:27.896595+00:00
PKGL-01230,,35.8981563,72.80601606,4744.0,29.48405858136637,0.007034227,2026-09-01T06:54:27.896595+00:00
PKGL-01231,,36.00932527,72.87181607,4902.0,16.276430456366644,0.00298897,2026-09-01T06:54:27.896595+00:00
PKGL-01232,,36.01238911,72.87504139,4949.0,15.898620546169424,0.013782192,2026-09-01T06:54:27.896595+00:00
PKGL-01233,,36.00757962,72.87999383,4885.0,16.377908444112933,0.004398247,2026-09-01T06:54:27.896595+00:00
PKGL-01234,,36.02274524,72.87667354,4877.0,14.73777288428647,0.013559397,2026-09-01T06:54:27.896595+00:00
PKGL-01235,,36.01487483,72.88715408,4716.0,15.515847259755844,0.008730153,2026-09-01T06:54:27.896595+00:00
PKGL-01236,,35.90911684,72.95079909,4654.0,27.646644594836896,0.021251834,2026-09-01T06:54:27.896595+00:00
PKGL-01237,,35.91857295,72.95013402,4801.0,26.60057781060496,0.018822362,2026-09-01T06:54:27.896595+00:00
PKGL-01238,,35.91622103,72.94737237,4768.0,26.81624878666785,0.003823011,2026-09-01T06:54:27.896595+00:00
PKGL-01239,,35.9232146,72.95068944,4651.0,26.101472930587445,0.036779948,2026-09-01T06:54:27.896595+00:00
PKGL-01240,,35.92739742,72.95150019,4670.0,25.65753792249644,0.019414089,2026-09-01T06:54:27.896595+00:00
PKGL-01241,,35.9299581,72.92960545,4466.0,25.08226128181709,0.077388834,2026-09-01T06:54:27.896595+00:00
PKGL-01242,,35.93404786,72.93036753,4403.0,24.638287813100003,0.012652711,2026-09-01T06:54:27.896595+00:00
PKGL-01243,,35.81951545,72.70490846,4093.0,23.60614500082533,0.011034068,2026-09-01T06:54:27.896595+00:00
PKGL-01244,,35.76452279,72.83598228,4472.0,21.863698559955694,0.050194396,2026-09-01T06:54:27.896595+00:00
PKGL-01245,,35.90578255,72.77175748,3979.0,28.82920500570072,0.017089968,2026-09-01T06:54:27.896595+00:00
PKGL-01246,,36.05135267,72.93865362,4679.0,11.98462691721695,0.006152291,2026-09-01T06:54:27.896595+00:00
PKGL-01247,,36.05846895,72.90337031,4189.0,10.644605353446522,0.007812208,2026-09-01T06:54:27.896595+00:00
PKGL-01248,,36.06875819,72.74532941,3285.0,10.594391456688674,0.164378874,2026-09-01T06:54:27.896595+00:00
PKGL-01249,,36.14144582,72.85919774,3596.0,2.663997690509771,0.011232882,2026-09-01T06:54:27.896595+00:00
PKGL-01250,,36.24189859,73.01065133,4249.0,6.046163778296251,0.067910319,2026-09-01T06:54:27.896595+00:00
PKGL-01251,,36.23845717,73.06054351,4697.0,6.525274942152313,0.017695402,2026-09-01T06:54:27.896595+00:00
PKGL-01252,,36.23952485,73.0482634,4699.0,6.13435945755819,0.062350166,2026-09-01T06:54:27.896595+00:00
PKGL-01253,,36.26950925,73.05254611,4652.0,9.411556254893076,0.103960815,2026-09-01T06:54:27.896595+00:00
PKGL-01254,,36.26338914,73.04732705,4618.0,8.629531980481394,0.219410996,2026-09-01T06:54:27.896595+00:00
PKGL-01255,,36.26035991,73.00723772,4735.0,8.120949592555652,0.019518511,2026-09-01T06:54:27.896595+00:00
PKGL-01256,,36.25926036,73.01594704,4687.0,7.903390746541265,0.025478692,2026-09-01T06:54:27.896595+00:00
PKGL-01257,,36.25922879,73.03835553,4716.0,8.002869505764489,0.049920583,2026-09-01T06:54:27.896595+00:00
PKGL-01258,,36.2532196,73.05679341,4425.0,7.834130506782302,0.050635981,2026-09-01T06:54:27.896595+00:00
PKGL-01259,,36.26237001,73.02976203,4826.0,8.251511962594966,0.020690558,2026-09-01T06:54:27.896595+00:00
PKGL-01260,,36.26374784,73.03952558,4768.0,8.516005460208781,0.003025961,2026-09-01T06:54:27.896595+00:00
PKGL-01261,,36.25599893,73.03657042,4752.0,7.621689020754762,0.004611345,2026-09-01T06:54:27.896595+00:00
PKGL-01262,,36.41182823,72.9005885,4261.0,16.210859759909624,0.148996008,2026-09-01T06:54:27.896595+00:00
PKGL-01263,,36.26777465,73.04491139,4649.0,9.051315991453512,0.006467198,2026-09-01T06:54:27.896595+00:00
PKGL-01264,,36.26350403,73.18822766,4167.0,8.743097762404107,0.009781905,2026-09-01T06:54:27.896595+00:00
PKGL-01265,,35.89912059,73.06975073,4386.0,29.507925230051217,0.073164025,2026-09-01T06:54:27.896595+00:00
PKGL-01266,,35.8901372,73.18934827,4767.0,25.932072338578305,0.015156757,2026-09-01T06:54:27.896595+00:00
PKGL-01267,,35.88187042,73.19516701,4413.0,26.419649529583445,0.011129434,2026-09-01T06:54:27.896595+00:00
PKGL-01268,,35.89383862,73.15817642,4470.0,27.276634737403946,0.013317346,2026-09-01T06:54:27.896595+00:00
PKGL-01269,,35.7842195,73.1932884,4546.0,28.57528646839397,0.005036967,2026-09-01T06:54:27.896595+00:00
PKGL-01270,,35.77905617,73.19439374,4489.0,28.17043629325215,0.004761422,2026-09-01T06:54:27.896595+00:00
PKGL-01271,,36.09651163,73.66769837,4426.0,12.910983836570509,0.105680048,2026-09-01T06:54:27.896595+00:00
PKGL-01272,,36.09235792,73.68799995,4424.0,12.082968568881247,0.039540322,2026-09-01T06:54:27.896595+00:00
PKGL-01273,,36.10637058,73.69532831,4395.0,10.445421608463112,0.012213458,2026-09-01T06:54:27.896595+00:00
PKGL-01274,,36.1210627,73.67356618,4438.0,10.57567085808453,0.008252393,2026-09-01T06:54:27.896595+00:00
PKGL-01275,,36.10088891,73.68478078,4326.0,11.518273617824606,0.065965443,2026-09-01T06:54:27.896595+00:00
PKGL-01276,,36.10074818,73.68207747,4331.0,11.688717273015143,0.014414477,2026-09-01T06:54:27.896595+00:00
PKGL-01277,,36.0833485,73.77002118,4333.0,10.151254255650672,0.042689806,2026-09-01T06:54:27.896595+00:00
PKGL-01278,,36.06954742,73.73556879,4335.0,12.599751541705231,0.025200488,2026-09-01T06:54:27.896595+00:00
PKGL-01279,,36.06788064,73.74028152,4427.0,12.690868070280477,0.004720813,2026-09-01T06:54:27.896595+00:00
PKGL-01280,,36.06152506,73.72768207,4365.0,13.639495287184658,0.054052868,2026-09-01T06:54:27.896595+00:00
PKGL-01281,,36.05169416,73.71282665,4308.0,15.079785062801015,0.03526807,2026-09-01T06:54:27.896595+00:00
PKGL-01282,,36.03023615,73.71330498,4320.0,17.339645646561202,0.1050696,2026-09-01T06:54:27.896595+00:00
PKGL-01283,,36.03652372,73.65104068,4470.0,19.07865320118878,0.04253116,2026-09-01T06:54:27.896595+00:00
PKGL-01284,,36.02076356,73.66480213,4208.0,19.962780763205103,0.060376391,2026-09-01T06:54:27.896595+00:00
PKGL-01285,,36.01166748,73.66509678,4433.0,20.852648556251705,0.020817143,2026-09-01T06:54:27.896595+00:00
PKGL-01286,,36.00864035,73.65116309,4484.0,21.730647418704137,0.043435369,2026-09-01T06:54:27.896595+00:00
PKGL-01287,,35.99948568,73.66413904,4259.0,22.11179270367892,0.068672368,2026-09-01T06:54:27.896595+00:00
PKGL-01288,,36.0034931,73.65138418,4420.0,22.224491662364017,0.006427301,2026-09-01T06:54:27.896595+00:00
PKGL-01289,,36.00120579,73.65096932,4413.0,22.46666095180308,0.033548841,2026-09-01T06:54:27.896595+00:00
PKGL-01290,,35.99762892,73.652768,4409.0,22.745193757425668,0.005147282,2026-09-01T06:54:27.896595+00:00
PKGL-01291,,36.00021003,73.6553205,4417.0,22.385335089823727,0.010864165,2026-09-01T06:54:27.896595+00:00
PKGL-01292,,36.04258758,73.71959264,4474.0,15.86323214765557,0.069173556,2026-09-01T06:54:27.896595+00:00
PKGL-01293,,36.04725496,73.71623568,4353.0,15.452398253464937,0.004038712,2026-09-01T06:54:27.896595+00:00
PKGL-01294,,36.05042096,73.74564271,4351.0,14.247137646422344,0.00733481,2026-09-01T06:54:27.896595+00:00
PKGL-01295,,36.16127779,73.8044267,2045.0,1.766013628347776,0.016208272,2026-09-01T06:54:27.896595+00:00
PKGL-01296,,36.02478081,73.93252002,4256.0,8.535088973255434,0.037444931,2026-09-01T06:54:27.896595+00:00
PKGL-01297,,36.01893328,73.92168813,4465.0,9.257970591889388,0.069274818,2026-09-01T06:54:27.896595+00:00
PKGL-01298,,36.00070917,73.88606197,4268.0,12.034522405343708,0.010402063,2026-09-01T06:54:27.896595+00:00
PKGL-01299,,35.99078653,73.89211667,4353.0,12.89623920954517,0.013232001,2026-09-01T06:54:27.896595+00:00
PKGL-01300,,35.98026461,73.92303613,4462.0,13.523922462646288,0.038712117,2026-09-01T06:54:27.896595+00:00
PKGL-01301,,35.97205651,73.89367723,4448.0,14.862165972427483,0.008662201,2026-09-01T06:54:27.896595+00:00
PKGL-01302,,35.97021606,73.89387085,4443.0,15.056220523503226,0.016302246,2026-09-01T06:54:27.896595+00:00
PKGL-01303,,35.9722195,73.91077179,4425.0,14.538365067074684,0.294150639,2026-09-01T06:54:27.896595+00:00
PKGL-01304,,35.98059768,73.87429116,4319.0,14.503852959595172,0.023870637,2026-09-01T06:54:27.896595+00:00
PKGL-01305,,35.90396357,73.90577883,4178.0,16.138399739699928,0.019682109,2026-09-01T06:54:27.896595+00:00
PKGL-01306,,35.88789006,73.8793468,4093.0,18.88605763394945,0.019282995,2026-09-01T06:54:27.896595+00:00
PKGL-01307,,35.88713974,73.86757814,4196.0,19.92906363825598,0.01756394,2026-09-01T06:54:27.896595+00:00
PKGL-01308,,35.87574812,73.86833327,4250.0,20.23912128439983,0.016407114,2026-09-01T06:54:27.896595+00:00
PKGL-01309,,35.87264586,73.86700896,4331.0,20.466120048520423,0.024856583,2026-09-01T06:54:27.896595+00:00
PKGL-01310,,35.85840251,73.86913029,4213.0,20.88006064432724,0.156570193,2026-09-01T06:54:27.896595+00:00
PKGL-01311,,35.84870451,73.86999054,4274.0,21.27294037475021,0.018169525,2026-09-01T06:54:27.896595+00:00
PKGL-01312,,35.8518592,73.87687007,4165.0,20.56137380395204,0.202198374,2026-09-01T06:54:27.896595+00:00
PKGL-01313,,35.84398613,73.88360618,4152.0,20.43925968206644,0.080105618,2026-09-01T06:54:27.896595+00:00
PKGL-01314,,35.83422521,73.88418022,4057.0,20.953457179009067,0.023179918,2026-09-01T06:54:27.896595+00:00
PKGL-01315,,35.83478545,73.88700224,4065.0,20.7052886561755,0.017697982,2026-09-01T06:54:27.896595+00:00
PKGL-01316,,35.83267706,73.88443684,4062.0,21.02645412560661,0.0054013,2026-09-01T06:54:27.896595+00:00
PKGL-01317,,35.87490782,73.84546167,4235.0,22.225864919647098,0.044414599,2026-09-01T06:54:27.896595+00:00
PKGL-01318,,35.86269065,73.86028621,4284.0,21.427074963898487,0.007271237,2026-09-01T06:54:27.896595+00:00
PKGL-01319,,35.88329338,73.82446428,4240.0,23.79467091308589,0.027003123,2026-09-01T06:54:27.896595+00:00
PKGL-01320,,35.87266793,73.81030356,4121.0,25.332131984243667,0.029336356,2026-09-01T06:54:27.896595+00:00
PKGL-01321,,35.87049892,73.80091828,4222.0,26.21151161445183,0.017287532,2026-09-01T06:54:27.896595+00:00
PKGL-01322,,35.82370735,73.60457628,3704.0,18.01152630741238,0.078115718,2026-09-01T06:54:27.896595+00:00
PKGL-01323,,35.81781081,73.59706644,3972.0,17.416511149054262,0.038028647,2026-09-01T06:54:27.896595+00:00
PKGL-01324,,35.81433672,73.61129605,4095.0,16.9405988804916,0.029178598,2026-09-01T06:54:27.896595+00:00
PKGL-01325,,35.81216975,73.60355371,4049.0,16.738332772265352,0.089802392,2026-09-01T06:54:27.896595+00:00
PKGL-01326,,35.87695278,73.61438631,3999.0,23.89530406466843,0.129767789,2026-09-01T06:54:27.896595+00:00
PKGL-01327,,35.86751316,73.61354653,4179.0,22.846849808628548,0.019030537,2026-09-01T06:54:27.896595+00:00
PKGL-01328,,35.8662874,73.62451936,4117.0,22.71603361163756,0.058620206,2026-09-01T06:54:27.896595+00:00
PKGL-01329,,35.88126515,73.64239824,4277.0,24.47511709927131,0.011312173,2026-09-01T06:54:27.896595+00:00
PKGL-01330,,35.89657622,73.63476765,4313.0,26.12124045581541,0.009418116,2026-09-01T06:54:27.896595+00:00
PKGL-01331,,35.90845896,73.61937689,4227.0,27.39727038673137,0.027989181,2026-09-01T06:54:27.896595+00:00
PKGL-01332,,35.90972935,73.62357231,4272.0,27.54327735396869,0.0312753,2026-09-01T06:54:27.896595+00:00
PKGL-01333,,35.92025752,73.642954,4285.0,28.79938829867245,0.011333941,2026-09-01T06:54:27.896595+00:00
PKGL-01334,,35.9192658,73.64634282,4251.0,28.715402407309508,0.036296492,2026-09-01T06:54:27.896595+00:00
PKGL-01335,,35.93219747,73.63889706,4272.0,29.874917400926133,0.050879566,2026-09-01T06:54:27.896595+00:00
PKGL-01336,,35.94598432,73.6327401,4249.0,28.69758826470151,0.031520202,2026-09-01T06:54:27.896595+00:00
PKGL-01337,,35.94073839,73.63252884,4361.0,29.235208390549754,0.010197453,2026-09-01T06:54:27.896595+00:00
PKGL-01338,,35.94611293,73.68891188,4363.0,25.888864730700305,0.006772027,2026-09-01T06:54:27.896595+00:00
PKGL-01339,,35.94418711,73.70330654,4225.0,25.14863283692703,0.090930626,2026-09-01T06:54:27.896595+00:00
PKGL-01340,,35.96314174,73.70849173,4361.0,23.303757451618345,0.023130685,2026-09-01T06:54:27.896595+00:00
PKGL-01341,,35.95228913,73.72006127,4375.0,23.47114977172144,0.015064256,2026-09-01T06:54:27.896595+00:00
PKGL-01342,,35.95707042,73.72679905,4496.0,22.67180819391476,0.015801738,2026-09-01T06:54:27.896595+00:00
PKGL-01343,,35.95680743,73.74137073,4284.0,21.85696301412596,0.018576647,2026-09-01T06:54:27.896595+00:00
PKGL-01344,,35.94617623,73.72754528,4467.0,23.55740167064445,0.01620888,2026-09-01T06:54:27.896595+00:00
PKGL-01345,,35.94876137,73.7574571,4402.0,21.72609585588941,0.018374929,2026-09-01T06:54:27.896595+00:00
PKGL-01346,,35.94657822,73.75292569,4418.0,22.15599000077169,0.006538653,2026-09-01T06:54:27.896595+00:00
PKGL-01347,,35.96008434,73.77310495,4288.0,19.901012336328343,0.004855292,2026-09-01T06:54:27.896595+00:00
PKGL-01348,,35.96085067,73.76697167,4376.0,20.132712034917844,0.019221237,2026-09-01T06:54:27.896595+00:00
PKGL-01349,,35.96249818,73.76089712,4482.0,20.29421644647825,0.007777947,2026-09-01T06:54:27.896595+00:00
PKGL-01350,,35.97087397,73.75830809,4259.0,19.68579756556502,0.035828946,2026-09-01T06:54:27.896595+00:00
PKGL-01351,,35.96583477,73.71841356,4469.0,22.46357004404874,0.006513343,2026-09-01T06:54:27.896595+00:00
PKGL-01352,,35.97119332,73.70928484,4443.0,22.62900276248968,0.04417567,2026-09-01T06:54:27.896595+00:00
PKGL-01353,,35.98201006,73.70467998,4348.0,22.1340182237534,0.010305517,2026-09-01T06:54:27.896595+00:00
PKGL-01354,,35.98819245,73.7131378,4554.0,21.10896222954521,0.00919076,2026-09-01T06:54:27.896595+00:00
PKGL-01355,,35.98912225,73.72449617,4494.0,20.27116217654481,0.020944509,2026-09-01T06:54:27.896595+00:00
PKGL-01356,,35.98044046,73.7276306,4412.0,20.726603850994263,0.023377797,2026-09-01T06:54:27.896595+00:00
PKGL-01357,,35.99724965,73.72954193,4461.0,19.332932030299443,0.052379296,2026-09-01T06:54:27.896595+00:00
PKGL-01358,,35.99650163,73.7356118,4357.0,18.978971855135992,0.030811297,2026-09-01T06:54:27.896595+00:00
PKGL-01359,,36.00443362,73.73693147,4432.0,18.30837795034348,0.02623459,2026-09-01T06:54:27.896595+00:00
PKGL-01360,,36.00751755,73.73383663,4489.0,18.30404551757745,0.009832721,2026-09-01T06:54:27.896595+00:00
PKGL-01361,,36.0120773,73.73186001,4512.0,18.13070927490348,0.009974275,2026-09-01T06:54:27.896595+00:00
PKGL-01362,,36.01148756,73.74623105,4397.0,17.163168193617395,0.012549585,2026-09-01T06:54:27.896595+00:00
PKGL-01363,,36.01833282,73.73591568,4499.0,17.42194124053007,0.03992749,2026-09-01T06:54:27.896595+00:00
PKGL-01364,,36.02062397,73.75079658,4350.0,16.202555177286403,0.014949955,2026-09-01T06:54:27.896595+00:00
PKGL-01365,,36.02167577,73.7462652,4380.0,16.45340331137942,0.055064114,2026-09-01T06:54:27.896595+00:00
PKGL-01366,,36.02447218,73.74068707,4437.0,16.67486859046526,0.057970812,2026-09-01T06:54:27.896595+00:00
PKGL-01367,,36.02549802,73.74646578,4369.0,16.185873153217642,0.013450564,2026-09-01T06:54:27.896595+00:00
PKGL-01368,,36.02449525,73.75340423,4275.0,15.75285251265965,0.012557824,2026-09-01T06:54:27.896595+00:00
PKGL-01369,,36.0099468,73.70432786,4434.0,19.73235154618762,0.03408474,2026-09-01T06:54:27.896595+00:00
PKGL-01370,,36.02668004,73.71578242,4350.0,17.65907612264004,0.022907633,2026-09-01T06:54:27.896595+00:00
PKGL-01371,,35.85131916,73.78229364,3977.0,25.75950701880536,0.01854183,2026-09-01T06:54:27.896595+00:00
PKGL-01372,,35.85294863,73.78313042,3977.0,25.95101884813176,0.002737315,2026-09-01T06:54:27.896595+00:00
PKGL-01373,,35.85568292,73.77480961,3958.0,25.779590242084684,0.281663436,2026-09-01T06:54:27.896595+00:00
PKGL-01374,,35.86461532,73.74548555,4140.0,25.30370371302925,0.870225556,2026-09-01T06:54:27.896595+00:00
PKGL-01375,,35.88243804,73.76280494,4102.0,27.783552742648887,0.426740085,2026-09-01T06:54:27.896595+00:00
PKGL-01376,,35.87259534,73.772311,4283.0,27.25270797184822,0.00909053,2026-09-01T06:54:27.896595+00:00
PKGL-01377,,35.89359391,73.78346239,4140.0,26.06973989488484,0.033628359,2026-09-01T06:54:27.896595+00:00
PKGL-01378,,35.887767,73.7379129,4397.0,27.341024225070942,0.046691445,2026-09-01T06:54:27.896595+00:00
PKGL-01379,,35.88762783,73.75223536,4308.0,27.83960721064871,0.003790818,2026-09-01T06:54:27.896595+00:00
PKGL-01380,,35.90237137,73.73366787,4350.0,27.22474414625341,0.061560128,2026-09-01T06:54:27.896595+00:00
PKGL-01381,,35.89914778,73.72922349,4487.0,27.74013205703466,0.017440205,2026-09-01T06:54:27.896595+00:00
PKGL-01382,,35.9268984,73.70920226,4373.0,26.26273394291068,0.011654083,2026-09-01T06:54:27.896595+00:00
PKGL-01383,,35.88925483,73.69176607,3992.0,26.13146644984561,0.108160197,2026-09-01T06:54:27.896595+00:00
PKGL-01384,,35.90545469,73.67820178,4233.0,27.608574946793286,0.015845772,2026-09-01T06:54:27.896595+00:00
PKGL-01385,,35.87630177,73.65800219,4101.0,24.09778966172916,0.036528095,2026-09-01T06:54:27.896595+00:00
PKGL-01386,,36.07716327,73.75068972,4289.0,11.518369652099082,0.011436482,2026-09-01T06:54:27.896595+00:00
PKGL-01387,,36.09758999,73.67719644,4333.0,12.242190266286244,0.01286778,2026-09-01T06:54:27.896595+00:00
PKGL-01388,,36.08097986,73.66206183,4563.0,14.527607807581113,0.012628708,2026-09-01T06:54:27.896595+00:00
PKGL-01389,,35.97602789,73.68148664,4330.0,23.95283130312431,0.013571782,2026-09-01T06:54:27.896595+00:00
PKGL-01390,,35.9772151,73.68530468,4353.0,23.718418413936345,0.009331276,2026-09-01T06:54:27.896595+00:00
PKGL-01391,,35.86838234,73.67965026,4201.0,23.61284053732227,0.032054543,2026-09-01T06:54:27.896595+00:00
PKGL-01392,,35.77096911,73.76453482,3990.0,17.95788679706507,0.043492954,2026-09-01T06:54:27.896595+00:00
PKGL-01393,,35.78945017,73.80335035,4181.0,21.946167514606422,0.009039494,2026-09-01T06:54:27.896595+00:00
PKGL-01394,,35.80232912,73.7963706,4238.0,22.438408644254743,0.017446794,2026-09-01T06:54:27.896595+00:00
PKGL-01395,,35.80265994,73.81249548,4173.0,23.531020820846315,0.007475031,2026-09-01T06:54:27.896595+00:00
PKGL-01396,,35.82478259,73.77590325,4221.0,23.05080647244116,0.028074732,2026-09-01T06:54:27.896595+00:00
PKGL-01397,,35.82976974,73.78960029,4279.0,24.259811939781432,0.013372894,2026-09-01T06:54:27.896595+00:00
PKGL-01398,,35.82318279,73.7951486,4221.0,24.032738633109872,0.017350804,2026-09-01T06:54:27.896595+00:00
PKGL-01399,,35.77296673,74.19551438,4364.0,16.01113622758768,0.116947367,2026-09-01T06:54:27.896595+00:00
PKGL-01400,,35.77905994,74.20485571,4306.0,15.405757655578922,0.129251013,2026-09-01T06:54:27.896595+00:00
PKGL-01401,,35.76048958,74.17975857,4267.0,17.382989592250897,0.095837077,2026-09-01T06:54:27.896595+00:00
PKGL-01402,,35.76639972,74.17179743,4336.0,16.76480079232749,0.008145969,2026-09-01T06:54:27.896595+00:00
PKGL-01403,,35.78012607,74.16127192,4306.0,15.35084995159858,0.024950217,2026-09-01T06:54:27.896595+00:00
PKGL-01404,,35.78708379,74.143798,4288.0,14.905712542906189,0.054892146,2026-09-01T06:54:27.896595+00:00
PKGL-01405,,35.789075,74.22429381,4383.0,14.614038206518266,0.069859288,2026-09-01T06:54:27.896595+00:00
PKGL-01406,,35.76415223,74.14843338,4358.0,17.298061278081637,0.026242213,2026-09-01T06:54:27.896595+00:00
PKGL-01407,,35.77165968,74.14202726,4349.0,16.607589800989352,0.012923194,2026-09-01T06:54:27.896595+00:00
PKGL-01408,,35.77414368,74.14588624,4303.0,16.25894436234681,0.011172591,2026-09-01T06:54:27.896595+00:00
PKGL-01409,,35.83676222,74.10557756,4258.0,11.11759312633854,0.0267444,2026-09-01T06:54:27.896595+00:00
PKGL-01410,,35.84471053,74.09960643,4373.0,10.15016359373882,0.067886316,2026-09-01T06:54:27.896595+00:00
PKGL-01411,,35.82727295,74.0859868,4306.0,11.957302815767472,0.03376084,2026-09-01T06:54:27.896595+00:00
PKGL-01412,,35.81712499,74.08299088,4270.0,13.07832115225297,0.152905529,2026-09-01T06:54:27.896595+00:00
PKGL-01413,,35.81634565,74.07069836,4333.0,13.195834918001944,0.003932572,2026-09-01T06:54:27.896595+00:00
PKGL-01414,,35.81367146,74.07335527,4389.0,13.478256739480283,0.016418494,2026-09-01T06:54:27.896595+00:00
PKGL-01415,,35.79292846,74.08440804,4367.0,15.770653522288772,0.044340642,2026-09-01T06:54:27.896595+00:00
PKGL-01416,,35.78562799,74.10107029,4215.0,16.457525007445035,0.005201722,2026-09-01T06:54:27.896595+00:00
PKGL-01417,,35.81920506,74.06701245,4215.0,12.906678571411462,0.00636203,2026-09-01T06:54:27.896595+00:00
PKGL-01418,,35.81056468,74.0626348,4226.0,13.904432931927444,0.007918468,2026-09-01T06:54:27.896595+00:00
PKGL-01419,,35.80183324,74.08170419,4386.0,14.777524994941396,0.004193521,2026-09-01T06:54:27.896595+00:00
PKGL-01420,,35.79495223,74.08036992,4296.0,15.542569286334995,0.002825913,2026-09-01T06:54:27.896595+00:00
PKGL-01421,,35.82645315,74.10764456,4260.0,12.262495206684976,0.067004451,2026-09-01T06:54:27.896595+00:00
PKGL-01422,,35.74075452,74.12608612,4214.0,20.29556751151,0.039673811,2026-09-01T06:54:27.896595+00:00
PKGL-01423,,35.74728166,74.11851798,4170.0,19.794897575968488,0.02811072,2026-09-01T06:54:27.896595+00:00
PKGL-01424,,35.96976993,74.07040935,4232.0,4.009593250061232,0.056107155,2026-09-01T06:54:27.896595+00:00
PKGL-01425,,35.74149911,74.16381246,4311.0,19.586570680720456,0.017062694,2026-09-01T06:54:27.896595+00:00
PKGL-01426,,35.7474505,74.17104326,4373.0,18.871232150390945,0.013513171,2026-09-01T06:54:27.896595+00:00
PKGL-01427,,35.68577992,74.18869103,4246.0,25.68317080188729,0.030556215,2026-09-01T06:54:27.896595+00:00
PKGL-01428,,35.69718482,74.16972667,4324.0,24.456577854324127,0.017383993,2026-09-01T06:54:27.896595+00:00
PKGL-01429,,35.85078235,73.89834396,4209.0,18.91099060964432,0.033098298,2026-09-01T06:54:27.896595+00:00
PKGL-01430,,35.85087089,73.90268829,4231.0,18.56669662103929,0.02534768,2026-09-01T06:54:27.896595+00:00
PKGL-01431,,35.86978185,73.9119046,4064.0,16.849439752863915,0.076276661,2026-09-01T06:54:27.896595+00:00
PKGL-01432,,35.86724843,73.91642895,4164.0,16.607758777310224,0.019839834,2026-09-01T06:54:27.896595+00:00
PKGL-01433,,35.86347736,73.91567119,4193.0,16.86190858769643,0.045838422,2026-09-01T06:54:27.896595+00:00
PKGL-01434,,35.8524462,73.93761957,4234.0,15.822253198256464,0.024801669,2026-09-01T06:54:27.896595+00:00
PKGL-01435,,35.86623818,73.95620593,4101.0,13.57162951462945,0.102678614,2026-09-01T06:54:27.896595+00:00
PKGL-01436,,35.85848727,73.95523168,4132.0,14.143949686430531,0.061312934,2026-09-01T06:54:27.896595+00:00
PKGL-01437,,35.87703127,73.95324088,4119.0,13.168247770333323,0.043295115,2026-09-01T06:54:27.896595+00:00
PKGL-01438,,35.90586675,73.92106883,4225.0,14.748034943988705,0.154853269,2026-09-01T06:54:27.896595+00:00
PKGL-01439,,35.90376841,73.94054842,4405.0,13.101066674063777,0.013920765,2026-09-01T06:54:27.896595+00:00
PKGL-01440,,35.90608043,73.94291234,4413.0,12.829381532402111,0.015005802,2026-09-01T06:54:27.896595+00:00
PKGL-01441,,35.91669333,73.94524144,4180.0,12.380549561649817,0.120193164,2026-09-01T06:54:27.896595+00:00
PKGL-01442,,35.91288431,73.95218183,4270.0,11.844134929868442,0.029916518,2026-09-01T06:54:27.896595+00:00
PKGL-01443,,35.91226574,73.96447598,4341.0,10.778799763328244,0.054091833,2026-09-01T06:54:27.896595+00:00
PKGL-01444,,35.90665001,73.96854418,4341.0,10.590150812965632,0.005615953,2026-09-01T06:54:27.896595+00:00
PKGL-01445,,35.90796359,73.98009904,4135.0,9.554225453469616,0.026053194,2026-09-01T06:54:27.896595+00:00
PKGL-01446,,35.91136984,73.98879582,4295.0,8.692678974019792,0.010651885,2026-09-01T06:54:27.896595+00:00
PKGL-01447,,35.90483222,73.98929367,4337.0,8.89558383787982,0.02254765,2026-09-01T06:54:27.896595+00:00
PKGL-01448,,35.91646991,73.99203251,4312.0,8.257333488143901,0.107211836,2026-09-01T06:54:27.896595+00:00
PKGL-01449,,35.90417989,73.97224718,4291.0,10.3589283273446,0.001885666,2026-09-01T06:54:27.896595+00:00
PKGL-01450,,35.90588079,73.96477417,4446.0,10.939827912991488,0.012096552,2026-09-01T06:54:27.896595+00:00
PKGL-01451,,35.91544589,73.96679458,4298.0,10.497718220563288,0.004722195,2026-09-01T06:54:27.896595+00:00
PKGL-01452,,35.93042195,73.93225344,4452.0,13.393922118038354,0.020435109,2026-09-01T06:54:27.896595+00:00
PKGL-01453,,35.93487887,73.91654418,4358.0,14.79933804339636,0.012413521,2026-09-01T06:54:27.896595+00:00
PKGL-01454,,35.90046243,73.97100108,4326.0,10.606602817937764,0.072518586,2026-09-01T06:54:27.896595+00:00
PKGL-01455,,35.90149256,73.94868675,4351.0,12.468275919775406,0.007471045,2026-09-01T06:54:27.896595+00:00
PKGL-01456,,35.875333,73.92650784,4071.0,15.396065733670058,0.072888373,2026-09-01T06:54:27.896595+00:00
PKGL-01457,,35.86804837,73.92847095,4059.0,15.605291859378978,0.160631371,2026-09-01T06:54:27.896595+00:00
PKGL-01458,,35.86049575,73.98810976,3680.0,11.74838148173962,0.041625262,2026-09-01T06:54:27.896595+00:00
PKGL-01459,,35.84318382,74.01011051,4232.0,12.012957667756666,0.038705183,2026-09-01T06:54:27.896595+00:00
PKGL-01460,,35.82174148,73.9638617,4183.0,16.40362982080647,0.010475683,2026-09-01T06:54:27.896595+00:00
PKGL-01461,,35.81664631,74.00238383,4266.0,14.915612753917603,0.014913336,2026-09-01T06:54:27.896595+00:00
PKGL-01462,,35.8225698,74.00049541,4139.0,14.42378620336914,0.045312345,2026-09-01T06:54:27.896595+00:00
PKGL-01463,,35.82290022,73.98257958,4110.0,15.268542558243238,0.004965999,2026-09-01T06:54:27.896595+00:00
PKGL-01464,,35.83263211,73.99708867,3950.0,13.635407955089658,0.018796871,2026-09-01T06:54:27.896595+00:00
PKGL-01465,,35.81959269,74.0074404,4216.0,14.413100093602852,0.005949744,2026-09-01T06:54:27.896595+00:00
PKGL-01466,,35.86536845,74.01339896,4195.0,9.822064717618955,0.023688218,2026-09-01T06:54:27.896595+00:00
PKGL-01467,,35.86116774,74.01636037,4243.0,10.036161566379668,0.015734269,2026-09-01T06:54:27.896595+00:00
PKGL-01468,,35.86409285,74.0649951,4179.0,7.984326153800282,0.013504098,2026-09-01T06:54:27.896595+00:00
PKGL-01469,,35.87857643,74.11280959,4287.0,6.75248407040789,0.035657476,2026-09-01T06:54:27.896595+00:00
PKGL-01470,,35.62966437,73.33851289,4165.0,10.446942366655373,0.018168512,2026-09-01T06:54:27.896595+00:00
PKGL-01471,,35.64363309,73.35231353,3748.0,9.17737264827688,0.155975932,2026-09-01T06:54:27.896595+00:00
PKGL-01472,,35.65191207,73.35714661,3735.0,8.853753774066389,0.212191069,2026-09-01T06:54:27.896595+00:00
PKGL-01473,,35.64757557,73.35507234,3735.0,8.969304526642988,0.015980746,2026-09-01T06:54:27.896595+00:00
PKGL-01474,,35.65049532,73.32022721,4193.0,12.13426952773402,0.077091901,2026-09-01T06:54:27.896595+00:00
PKGL-01475,,35.67523421,73.34399491,3428.0,10.732589191049714,0.258752591,2026-09-01T06:54:27.896595+00:00
PKGL-01476,,36.4314689,73.56570325,4027.0,9.576087718963654,0.113720928,2026-09-01T06:54:27.896595+00:00
PKGL-01477,,36.37406584,73.60984049,3831.0,6.186231309314492,0.006605474,2026-09-01T06:54:27.896595+00:00
PKGL-01478,,36.35535334,73.59686106,4446.0,5.369485374978557,0.012443704,2026-09-01T06:54:27.896595+00:00
PKGL-01479,,36.36055163,73.61075498,4199.0,4.890960337570176,0.002454194,2026-09-01T06:54:27.896595+00:00
PKGL-01480,,36.34344504,73.59749095,4152.0,4.628929035911338,0.028191568,2026-09-01T06:54:27.896595+00:00
PKGL-01481,,36.34397644,73.59358992,4184.0,4.971503161717909,0.021412535,2026-09-01T06:54:27.896595+00:00
PKGL-01482,,36.36547845,73.55330309,4107.0,9.266730863672516,0.00771476,2026-09-01T06:54:27.896595+00:00
PKGL-01483,,36.33890822,73.55383993,4421.0,8.234901752600086,0.051426904,2026-09-01T06:54:27.896595+00:00
PKGL-01484,,36.34241318,73.57242315,4376.0,6.699064236193272,0.025320683,2026-09-01T06:54:27.896595+00:00
PKGL-01485,,36.3431011,73.56792167,4439.0,7.107857663733372,0.004653763,2026-09-01T06:54:27.896595+00:00
PKGL-01486,,36.34346489,73.555567,4467.0,8.188540971501348,0.07003245,2026-09-01T06:54:27.896595+00:00
PKGL-01487,,36.3477646,73.55592015,4551.0,8.28532955529749,0.028926497,2026-09-01T06:54:27.896595+00:00
PKGL-01488,,36.33991484,73.56400192,4420.0,7.363482681490043,0.003611736,2026-09-01T06:54:27.896595+00:00
PKGL-01489,,36.32152952,73.54362866,4359.0,8.089290625872412,0.005418144,2026-09-01T06:54:27.896595+00:00
PKGL-01490,,36.33129267,73.51125173,4502.0,10.16835556357636,0.010957154,2026-09-01T06:54:27.896595+00:00
PKGL-01491,,36.33557544,73.52056403,4572.0,10.154706244562323,0.00496934,2026-09-01T06:54:27.896595+00:00
PKGL-01492,,36.34756871,73.52387574,4500.0,9.223726531289056,0.025983088,2026-09-01T06:54:27.896595+00:00
PKGL-01493,,36.35250843,73.52127281,4358.0,8.647440032421386,0.009694123,2026-09-01T06:54:27.896595+00:00
PKGL-01494,,36.35305821,73.51990548,4357.0,8.52353589003279,0.016267739,2026-09-01T06:54:27.896595+00:00
PKGL-01495,,36.35075121,73.51364414,4419.0,8.400371587316826,0.15999964,2026-09-01T06:54:27.896595+00:00
PKGL-01496,,36.36272203,73.5728476,4247.0,7.601915583215579,0.009553987,2026-09-01T06:54:27.896595+00:00
PKGL-01497,,36.37312245,73.55911891,3884.0,9.26580459824529,0.009700018,2026-09-01T06:54:27.896595+00:00
PKGL-01498,,36.32333448,73.51065677,4285.0,9.521654447535507,0.00816562,2026-09-01T06:54:27.896595+00:00
PKGL-01499,,36.41271375,73.61933469,4371.0,9.913208000837884,0.007129637,2026-09-01T06:54:27.896595+00:00
PKGL-01500,,36.40833105,73.62509271,4533.0,9.330312934228568,0.0011614,2026-09-01T06:54:27.896595+00:00
PKGL-01501,,36.40538929,73.64032638,4223.0,8.8500600934456,0.009188943,2026-09-01T06:54:27.896595+00:00
PKGL-01502,,36.19562445,73.63674484,4428.0,6.828987107820639,0.013701086,2026-09-01T06:54:27.896595+00:00
PKGL-01503,,36.19154223,73.63487004,4467.0,7.232613606229981,0.006642634,2026-09-01T06:54:27.896595+00:00
PKGL-01504,,36.32082791,73.58606618,4341.0,4.989286377373312,0.002067368,2026-09-01T06:54:27.896595+00:00
PKGL-01505,,36.31999527,73.58461019,4332.0,5.084744224098362,0.00062353,2026-09-01T06:54:27.896595+00:00
PKGL-01506,,36.15774931,73.61311044,4538.0,10.174357608313002,0.012362134,2026-09-01T06:54:27.896595+00:00
PKGL-01507,,36.15398021,73.61615465,4543.0,10.665543832299432,0.133866389,2026-09-01T06:54:27.896595+00:00
PKGL-01508,,36.14536188,73.63911075,4485.0,10.811171504177867,0.177059567,2026-09-01T06:54:27.896595+00:00
PKGL-01509,,36.11643894,73.42283662,4452.0,7.470477704934981,0.198116068,2026-09-01T06:54:27.896595+00:00
PKGL-01510,,36.11222299,73.44898891,4427.0,9.421005826269434,0.104675382,2026-09-01T06:54:27.896595+00:00
PKGL-01511,,36.11893761,73.44878169,4372.0,9.681373526751798,0.031148681,2026-09-01T06:54:27.896595+00:00
PKGL-01512,,36.12747781,73.44732159,4354.0,9.989057526961222,0.041717705,2026-09-01T06:54:27.896595+00:00
PKGL-01513,,36.10291388,73.46682208,4530.0,10.68796322516896,0.046996445,2026-09-01T06:54:27.896595+00:00
PKGL-01514,,36.10825798,73.46432635,4491.0,10.605919436464657,0.21127169,2026-09-01T06:54:27.896595+00:00
PKGL-01515,,36.08581992,73.46037327,4588.0,9.894683859522022,0.138361521,2026-09-01T06:54:27.896595+00:00
PKGL-01516,,36.09045143,73.46957053,4491.0,10.74481558671722,0.01880752,2026-09-01T06:54:27.896595+00:00
PKGL-01517,,36.10256429,73.45790467,4701.0,9.896031500018308,0.011582205,2026-09-01T06:54:27.896595+00:00
PKGL-01518,,36.12055922,73.50573952,4502.0,10.777181867258165,0.076196264,2026-09-01T06:54:27.896595+00:00
PKGL-01519,,36.13332687,73.50015894,4446.0,9.348731106542472,0.065867704,2026-09-01T06:54:27.896595+00:00
PKGL-01520,,36.13955775,73.49950216,4358.0,8.656525733215247,0.016576664,2026-09-01T06:54:27.896595+00:00
PKGL-01521,,36.13639804,73.52401607,4380.0,9.244003568595916,0.040748861,2026-09-01T06:54:27.896595+00:00
PKGL-01522,,36.12868867,73.50476817,4475.0,9.870552866999814,0.229170557,2026-09-01T06:54:27.896595+00:00
PKGL-01523,,36.1182528,73.66563382,4470.0,11.2360255358859,0.042425617,2026-09-01T06:54:27.896595+00:00
PKGL-01524,,36.11300166,73.66534443,4512.0,11.730982815855306,0.013932282,2026-09-01T06:54:27.896595+00:00
PKGL-01525,,36.11413777,73.66336371,4511.0,11.72743928033928,0.020109204,2026-09-01T06:54:27.896595+00:00
PKGL-01526,,36.09376787,73.66319346,4437.0,13.412018517419158,0.019217222,2026-09-01T06:54:27.896595+00:00
PKGL-01527,,36.080091,73.64579542,4344.0,15.592553142232724,0.284196472,2026-09-01T06:54:27.896595+00:00
PKGL-01528,,36.09247835,73.63070177,4467.0,15.416872448750986,0.028602217,2026-09-01T06:54:27.896595+00:00
PKGL-01529,,36.06809251,73.62167915,4516.0,18.070279472799232,0.028000151,2026-09-01T06:54:27.896595+00:00
PKGL-01530,,36.04683798,73.6255316,4391.0,19.547001667396263,0.01063494,2026-09-01T06:54:27.896595+00:00
PKGL-01531,,36.01345437,73.61101668,4375.0,23.25439281694772,0.037718093,2026-09-01T06:54:27.896595+00:00
PKGL-01532,,36.0172506,73.61948953,4261.0,22.459835960813773,0.012929044,2026-09-01T06:54:27.896595+00:00
PKGL-01533,,36.02317657,73.59994896,4409.0,23.01533362918032,0.060789934,2026-09-01T06:54:27.896595+00:00
PKGL-01534,,36.01579636,73.57929833,4398.0,21.924665631512827,0.096068975,2026-09-01T06:54:27.896595+00:00
PKGL-01535,,36.02231085,73.58991336,4559.0,22.593343204434653,0.030281416,2026-09-01T06:54:27.896595+00:00
PKGL-01536,,36.02242234,73.577409,4508.0,21.520319254919794,0.007135033,2026-09-01T06:54:27.896595+00:00
PKGL-01537,,36.02660076,73.57068754,4465.0,20.80118824458051,0.032662379,2026-09-01T06:54:27.896595+00:00
PKGL-01538,,36.03860165,73.59177703,4287.0,21.170368913176738,0.193234097,2026-09-01T06:54:27.896595+00:00
PKGL-01539,,36.04307605,73.57982289,4406.0,20.444739180530085,0.012041504,2026-09-01T06:54:27.896595+00:00
PKGL-01540,,36.05046726,73.57473129,4305.0,19.549419444102085,0.018922531,2026-09-01T06:54:27.896595+00:00
PKGL-01541,,36.0484181,73.57884127,4316.0,19.84517208013994,0.01673009,2026-09-01T06:54:27.896595+00:00
PKGL-01542,,36.04519768,73.5816812,4400.0,20.248508996512346,0.001596041,2026-09-01T06:54:27.896595+00:00
PKGL-01543,,36.03612005,73.58409545,4390.0,21.280970651601457,0.028902767,2026-09-01T06:54:27.896595+00:00
PKGL-01544,,36.04653636,73.51268415,4568.0,15.166672203119536,0.023067942,2026-09-01T06:54:27.896595+00:00
PKGL-01545,,36.05736334,73.516525,4495.0,15.222372192744414,0.011956216,2026-09-01T06:54:27.896595+00:00
PKGL-01546,,36.05510165,73.51814648,4476.0,15.41537020978865,0.020468106,2026-09-01T06:54:27.896595+00:00
PKGL-01547,,36.05525583,73.51980773,4478.0,15.558027190230185,0.001896002,2026-09-01T06:54:27.896595+00:00
PKGL-01548,,36.05183608,73.48177846,4551.0,12.33417713536547,0.012033711,2026-09-01T06:54:27.896595+00:00
PKGL-01549,,36.03705165,73.4799849,4477.0,12.754942800885097,0.012209029,2026-09-01T06:54:27.896595+00:00
PKGL-01550,,35.74282606,73.55937488,4130.0,10.407243798555156,0.073155737,2026-09-01T06:54:27.896595+00:00
PKGL-01551,,35.74842357,73.5507451,3939.0,11.343737326553793,0.018306311,2026-09-01T06:54:27.896595+00:00
PKGL-01552,,35.76784876,73.56641636,4140.0,12.638320836287646,0.019924969,2026-09-01T06:54:27.896595+00:00
PKGL-01553,,35.78518408,73.56845074,4086.0,14.391558391699547,0.007341941,2026-09-01T06:54:27.896595+00:00
PKGL-01554,,35.78218205,73.57153719,4084.0,13.98902481027985,0.217860354,2026-09-01T06:54:27.896595+00:00
PKGL-01555,,35.78892352,73.56566637,4045.0,14.86501215682492,0.007410195,2026-09-01T06:54:27.896595+00:00
PKGL-01556,,35.79875009,73.5764475,4271.0,15.646069583197642,0.007553223,2026-09-01T06:54:27.896595+00:00
PKGL-01557,,35.81608428,73.5996818,3975.0,17.201789628729173,0.05071607,2026-09-01T06:54:27.896595+00:00
PKGL-01558,,35.84518141,73.59779161,3441.0,20.43933801270935,0.007268135,2026-09-01T06:54:27.896595+00:00
PKGL-01559,,35.87819397,73.5989606,4078.0,24.090551973169813,0.001440717,2026-09-01T06:54:27.896595+00:00
PKGL-01560,,35.87634887,73.59883535,4077.0,23.886694829619103,0.043075585,2026-09-01T06:54:27.896595+00:00
PKGL-01561,,35.88599035,73.56668998,4349.0,25.319209873443924,0.042835663,2026-09-01T06:54:27.896595+00:00
PKGL-01562,,35.87991915,73.5763131,4058.0,24.5086559408559,0.304415867,2026-09-01T06:54:27.896595+00:00
PKGL-01563,,35.87221387,73.54432125,4241.0,24.28495825716217,0.027193493,2026-09-01T06:54:27.896595+00:00
PKGL-01564,,35.86075461,73.52494937,4182.0,23.62254261031636,0.037980271,2026-09-01T06:54:27.896595+00:00
PKGL-01565,,35.85908139,73.51884345,4220.0,23.650781108618983,0.009487391,2026-09-01T06:54:27.896595+00:00
PKGL-01566,,35.86021775,73.51689239,4217.0,23.834430950049576,0.007659965,2026-09-01T06:54:27.896595+00:00
PKGL-01567,,35.85758636,73.50686795,4343.0,23.92779023684065,0.015894165,2026-09-01T06:54:27.896595+00:00
PKGL-01568,,35.85130203,73.50392453,4285.0,23.410092607530405,0.089099466,2026-09-01T06:54:27.896595+00:00
PKGL-01569,,35.845582,73.49726918,4190.0,23.11633656808006,0.036014028,2026-09-01T06:54:27.896595+00:00
PKGL-01570,,35.79480756,73.48100719,4282.0,17.599371640341687,0.088632686,2026-09-01T06:54:27.896595+00:00
PKGL-01571,,35.8055808,73.48314685,4265.0,18.812544808439835,0.011709279,2026-09-01T06:54:27.896595+00:00
PKGL-01572,,35.80818621,73.48340362,4257.0,19.10261902318546,0.006187205,2026-09-01T06:54:27.896595+00:00
PKGL-01573,,35.81583876,73.46662954,4221.0,19.798410724032564,0.042425862,2026-09-01T06:54:27.896595+00:00
PKGL-01574,,35.81083641,73.46535678,4234.0,19.236523208445803,0.025238118,2026-09-01T06:54:27.896595+00:00
PKGL-01575,,35.81584738,73.46104037,4190.0,19.775908124246698,0.02532962,2026-09-01T06:54:27.896595+00:00
PKGL-01576,,35.82451176,73.48158171,4193.0,20.880918113533937,0.006556933,2026-09-01T06:54:27.896595+00:00
PKGL-01577,,35.82835046,73.48102804,4127.0,21.29883480899499,0.011598029,2026-09-01T06:54:27.896595+00:00
PKGL-01578,,35.83171315,73.46965347,4165.0,21.577272638075687,0.024020911,2026-09-01T06:54:27.896595+00:00
PKGL-01579,,35.84477624,73.45090382,4020.0,22.98270056680708,0.009031049,2026-09-01T06:54:27.896595+00:00
PKGL-01580,,35.83175184,73.48051766,4128.0,21.66932835075689,0.027875925,2026-09-01T06:54:27.896595+00:00
PKGL-01581,,35.82669863,73.48434187,4134.0,21.15351535038994,0.041781238,2026-09-01T06:54:27.896595+00:00
PKGL-01582,,35.830903,73.47488493,4168.0,21.524306540936,0.039705066,2026-09-01T06:54:27.896595+00:00
PKGL-01583,,35.83873135,73.45762493,4115.0,22.31210615427857,0.009469586,2026-09-01T06:54:27.896595+00:00
PKGL-01584,,35.8435076,73.54084968,3991.0,21.33157006539058,0.008835459,2026-09-01T06:54:27.896595+00:00
PKGL-01585,,35.84558463,73.52825871,4024.0,21.9418502115246,0.016396308,2026-09-01T06:54:27.896595+00:00
PKGL-01586,,35.87349509,73.5091504,4287.0,25.465456730522064,0.011776145,2026-09-01T06:54:27.896595+00:00
PKGL-01587,,35.86076482,73.49237232,4302.0,24.8170155390976,0.038505272,2026-09-01T06:54:27.896595+00:00
PKGL-01588,,35.87675621,73.48629813,4476.0,26.0528934833828,0.026322701,2026-09-01T06:54:27.896595+00:00
PKGL-01589,,35.87488783,73.48032865,4390.0,25.99035169750304,0.049057552,2026-09-01T06:54:27.896595+00:00
PKGL-01590,,35.88471925,73.47059109,4393.0,24.621151392060632,0.052167557,2026-09-01T06:54:27.896595+00:00
PKGL-01591,,35.88151092,73.51395262,4206.0,26.132140805041068,0.014038769,2026-09-01T06:54:27.896595+00:00
PKGL-01592,,35.88214968,73.51010076,4224.0,26.324545790732145,0.009818397,2026-09-01T06:54:27.896595+00:00
PKGL-01593,,35.88768948,73.49773981,4299.0,25.505714293081137,0.0109668,2026-09-01T06:54:27.896595+00:00
PKGL-01594,,35.89025889,73.50283914,4315.0,25.5059404728731,0.012199734,2026-09-01T06:54:27.896595+00:00
PKGL-01595,,35.88235987,73.50293305,4344.0,26.25530299714106,0.011083219,2026-09-01T06:54:27.896595+00:00
PKGL-01596,,35.90449693,73.56801907,4114.0,27.325414663760125,0.181979608,2026-09-01T06:54:27.896595+00:00
PKGL-01597,,35.9057986,73.55665992,4305.0,27.120946542887346,0.033780538,2026-09-01T06:54:27.896595+00:00
PKGL-01598,,35.90436473,73.55155596,4355.0,26.926621045966986,0.044608214,2026-09-01T06:54:27.896595+00:00
PKGL-01599,,35.88604464,73.55033034,4360.0,25.634158130301564,0.013925461,2026-09-01T06:54:27.896595+00:00
PKGL-01600,,35.89048299,73.54487235,4163.0,26.232723944584816,0.023589643,2026-09-01T06:54:27.896595+00:00
PKGL-01601,,35.89082739,73.53910039,4141.0,26.40473851220423,0.045196582,2026-09-01T06:54:27.896595+00:00
PKGL-01602,,35.92057043,73.58005573,4308.0,27.491774982318915,0.072414108,2026-09-01T06:54:27.896595+00:00
PKGL-01603,,35.91844116,73.62082673,4254.0,28.5082400532206,0.01248975,2026-09-01T06:54:27.896595+00:00
PKGL-01604,,35.9133771,73.58518602,4172.0,28.09664451979956,0.014830916,2026-09-01T06:54:27.896595+00:00
PKGL-01605,,35.92765072,73.54476759,4276.0,24.631391886172075,0.03284677,2026-09-01T06:54:27.896595+00:00
PKGL-01606,,35.91764861,73.54267148,4409.0,25.298052971094,0.048809474,2026-09-01T06:54:27.896595+00:00
PKGL-01607,,35.92094629,73.54452705,4372.0,25.14727838386059,0.008949959,2026-09-01T06:54:27.896595+00:00
PKGL-01608,,35.94225114,73.40480894,4399.0,16.464224746256715,0.011605235,2026-09-01T06:54:27.896595+00:00
PKGL-01609,,35.94466038,73.40887753,4374.0,16.323075705602395,0.010101031,2026-09-01T06:54:27.896595+00:00
PKGL-01610,,35.94642239,73.41975591,4228.0,16.483145316090678,0.008531818,2026-09-01T06:54:27.896595+00:00
PKGL-01611,,35.92787352,73.47200276,4284.0,20.48640655439033,0.015302722,2026-09-01T06:54:27.896595+00:00
PKGL-01612,,35.92424082,73.47921636,4395.0,21.177339627144345,0.078865157,2026-09-01T06:54:27.896595+00:00
PKGL-01613,,35.91235943,73.48000127,4416.0,22.331804906859983,0.073258074,2026-09-01T06:54:27.896595+00:00
PKGL-01614,,35.90733552,73.49646371,4240.0,23.60212964225189,0.030227514,2026-09-01T06:54:27.896595+00:00
PKGL-01615,,35.89629254,73.49899137,4301.0,24.75397422333525,0.006859276,2026-09-01T06:54:27.896595+00:00
PKGL-01616,,35.9110922,73.46707368,4268.0,21.87029945517937,0.008812041,2026-09-01T06:54:27.896595+00:00
PKGL-01617,,35.9093336,73.47119598,4317.0,22.2212094249338,0.025370224,2026-09-01T06:54:27.896595+00:00
PKGL-01618,,35.90279641,73.470375,4289.0,22.823018209379512,0.098617224,2026-09-01T06:54:27.896595+00:00
PKGL-01619,,35.87475275,73.54690368,4261.0,24.49494685218964,0.015106115,2026-09-01T06:54:27.896595+00:00
PKGL-01620,,35.87290119,73.55422989,4379.0,24.13104712681949,0.003147945,2026-09-01T06:54:27.896595+00:00
PKGL-01621,,35.93877061,73.37557827,4370.0,16.264002065440085,0.008164931,2026-09-01T06:54:27.896595+00:00
PKGL-01622,,35.93396101,73.38432103,4291.0,16.918161986621115,0.011674487,2026-09-01T06:54:27.896595+00:00
PKGL-01623,,35.93437366,73.39233575,4248.0,17.018563176720175,0.036551896,2026-09-01T06:54:27.896595+00:00
PKGL-01624,,35.94870068,73.37560661,4416.0,15.17181986437258,0.017445393,2026-09-01T06:54:27.896595+00:00
PKGL-01625,,35.95684438,73.37839629,4350.0,14.319300752447177,0.01450391,2026-09-01T06:54:27.896595+00:00
PKGL-01626,,35.9178616,73.37088398,4500.0,18.522048449534072,0.128803003,2026-09-01T06:54:27.896595+00:00
PKGL-01627,,35.91161051,73.37961624,4352.0,19.3053475160476,0.045477713,2026-09-01T06:54:27.896595+00:00
PKGL-01628,,35.89979983,73.37541583,4466.0,20.562171218078312,0.003238422,2026-09-01T06:54:27.896595+00:00
PKGL-01629,,35.89955027,73.38364615,4465.0,20.684122181617585,0.004808774,2026-09-01T06:54:27.896595+00:00
PKGL-01630,,35.77677418,73.48076144,4117.0,15.613092406228407,0.047131975,2026-09-01T06:54:27.896595+00:00
PKGL-01631,,35.7705887,73.47731089,4331.0,14.886301471440538,0.00346731,2026-09-01T06:54:27.896595+00:00
PKGL-01632,,35.76936473,73.47923539,4340.0,14.777803334530049,0.003800109,2026-09-01T06:54:27.896595+00:00
PKGL-01633,,35.77123695,73.48192404,4371.0,15.022812215698568,0.002492587,2026-09-01T06:54:27.896595+00:00
PKGL-01634,,35.77044017,73.48445183,4377.0,14.976227819782528,0.003338123,2026-09-01T06:54:27.896595+00:00
PKGL-01635,,35.76734364,73.48086598,4349.0,14.579981060304515,0.006498611,2026-09-01T06:54:27.896595+00:00
PKGL-01636,,35.76681826,73.48268544,4349.0,14.551113040507854,0.009983625,2026-09-01T06:54:27.896595+00:00
PKGL-01637,,35.76532364,73.48049883,4345.0,14.352999413122138,0.007875638,2026-09-01T06:54:27.896595+00:00
PKGL-01638,,35.78343649,73.50705649,3914.0,16.78619896598952,0.12021149,2026-09-01T06:54:27.896595+00:00
PKGL-01639,,36.05162268,73.64735141,4499.0,17.898422937687418,0.046145002,2026-09-01T06:54:27.896595+00:00
PKGL-01640,,36.03030489,73.63053613,4381.0,20.70200167439293,0.011883865,2026-09-01T06:54:27.896595+00:00
PKGL-01641,,36.01491503,73.5163911,4270.0,16.77200332339804,0.010212336,2026-09-01T06:54:27.896595+00:00
PKGL-01642,,36.00992989,73.53520193,4298.0,18.53258542691576,0.016071773,2026-09-01T06:54:27.896595+00:00
PKGL-01643,,36.01069482,73.55734988,4232.0,20.30357981462081,0.247829314,2026-09-01T06:54:27.896595+00:00
PKGL-01644,,35.99967377,73.61431137,4351.0,24.322547160576764,0.002189573,2026-09-01T06:54:27.896595+00:00
PKGL-01645,,36.00215339,73.61398128,4371.0,24.112849382944777,0.004673998,2026-09-01T06:54:27.896595+00:00
PKGL-01646,,35.99460402,73.58609893,4212.0,23.397551241059272,0.009389881,2026-09-01T06:54:27.896595+00:00
PKGL-01647,,36.03733958,73.56494028,4659.0,19.96805101077037,0.010556078,2026-09-01T06:54:27.896595+00:00
PKGL-01648,,36.02535344,73.59477749,4544.0,22.664870328451027,0.005568266,2026-09-01T06:54:27.896595+00:00
PKGL-01649,,36.02166999,73.61249778,4333.0,22.45104830276054,0.005967302,2026-09-01T06:54:27.896595+00:00
PKGL-01650,,36.01743507,73.60032304,4489.0,23.506919841053136,0.001548557,2026-09-01T06:54:27.896595+00:00
PKGL-01651,,36.02498223,73.60614632,4406.0,22.52725920293005,0.005467164,2026-09-01T06:54:27.896595+00:00
PKGL-01652,,36.02396984,73.60407228,4406.0,22.73362941949531,0.00290184,2026-09-01T06:54:27.896595+00:00
PKGL-01653,,36.04007619,73.52026182,4476.0,16.02594757427917,0.000841624,2026-09-01T06:54:27.896595+00:00
PKGL-01654,,36.04225897,73.52171648,4461.0,16.07938025357255,0.00317429,2026-09-01T06:54:27.896595+00:00
PKGL-01655,,36.0688714,73.55578485,4502.0,17.236691310328528,0.008112325,2026-09-01T06:54:27.896595+00:00
PKGL-01656,,36.06878656,73.54862716,4365.0,17.07298777916377,0.047687063,2026-09-01T06:54:27.896595+00:00
PKGL-01657,,36.06409927,73.55209607,4466.0,17.656602427920454,0.027652933,2026-09-01T06:54:27.896595+00:00
PKGL-01658,,36.07210598,73.5192032,4380.0,15.23320022060775,0.013439887,2026-09-01T06:54:27.896595+00:00
PKGL-01659,,36.05109853,73.43237107,4463.0,8.2145864885019,0.010388304,2026-09-01T06:54:27.896595+00:00
PKGL-01660,,36.05195351,73.45582641,4440.0,10.116764177717814,0.004606345,2026-09-01T06:54:27.896595+00:00
PKGL-01661,,36.10229662,73.44276953,4529.0,8.56497956692086,0.002132375,2026-09-01T06:54:27.896595+00:00
PKGL-01662,,36.10466802,73.4489821,4486.0,9.171165016215676,0.012332226,2026-09-01T06:54:27.896595+00:00
PKGL-01663,,36.04435399,73.54706321,4494.0,18.21680282424631,0.022348214,2026-09-01T06:54:27.896595+00:00
PKGL-01664,,36.04799348,73.55297724,4565.0,18.64281277792753,0.013246469,2026-09-01T06:54:27.896595+00:00
PKGL-01665,,35.95079417,73.52082765,4367.0,21.290972323488305,0.048800834,2026-09-01T06:54:27.896595+00:00
PKGL-01666,,35.9305453,73.58915364,4152.0,27.40904871849312,0.019094228,2026-09-01T06:54:27.896595+00:00
PKGL-01667,,35.93055343,73.58351669,4255.0,27.01285376505808,0.009754842,2026-09-01T06:54:27.896595+00:00
PKGL-01668,,35.92882371,73.57765852,4346.0,26.72930565365236,0.025049406,2026-09-01T06:54:27.896595+00:00
PKGL-01669,,35.94948855,73.58328698,4207.0,25.719510503963367,0.053367339,2026-09-01T06:54:27.896595+00:00
PKGL-01670,,35.95553808,73.58276707,4112.0,25.296088544776023,0.039084794,2026-09-01T06:54:27.896595+00:00
PKGL-01671,,35.73506886,73.54424473,3855.0,10.479105658277703,0.011372569,2026-09-01T06:54:27.896595+00:00
PKGL-01672,,35.92324718,73.40078468,4119.0,18.399682688170657,0.023366637,2026-09-01T06:54:27.896595+00:00
PKGL-01673,,35.96226173,73.39702235,4342.0,14.13138122344791,0.204127198,2026-09-01T06:54:27.896595+00:00
PKGL-01674,,35.97007218,73.38522589,4354.0,13.008591971890215,0.020508107,2026-09-01T06:54:27.896595+00:00
PKGL-01675,,35.97405888,73.42688413,4384.0,13.99263368795707,0.013380194,2026-09-01T06:54:27.896595+00:00
PKGL-01676,,35.96379037,73.43362639,4335.0,15.285255140189827,0.013056899,2026-09-01T06:54:27.896595+00:00
PKGL-01677,,35.96112065,73.44713358,4344.0,16.16542189207434,0.005969562,2026-09-01T06:54:27.896595+00:00
PKGL-01678,,35.96012756,73.44552151,4349.0,16.18139826977509,0.001636092,2026-09-01T06:54:27.896595+00:00
PKGL-01679,,35.96732095,73.44419613,4267.0,15.442799125830115,0.00134628,2026-09-01T06:54:27.896595+00:00
PKGL-01680,,35.9769716,73.39025861,4229.0,12.38909154990476,0.019711484,2026-09-01T06:54:27.896595+00:00
PKGL-01681,,35.97529444,73.38692894,4263.0,12.485377248652494,0.002717394,2026-09-01T06:54:27.896595+00:00
PKGL-01682,,36.07305101,73.5049435,4543.0,13.947304835287705,0.001378731,2026-09-01T06:54:27.896595+00:00
PKGL-01683,,35.65272554,73.26530645,3680.0,16.96167034106816,0.214031449,2026-09-01T06:54:27.896595+00:00
PKGL-01684,,35.65044739,73.26851307,3673.0,16.646470076893227,0.005674495,2026-09-01T06:54:27.896595+00:00
PKGL-01685,,35.73827051,73.25536214,4014.0,21.0887519668834,0.278113338,2026-09-01T06:54:27.896595+00:00
PKGL-01686,,35.74872233,73.25064742,3956.0,22.07630431335744,0.010707722,2026-09-01T06:54:27.896595+00:00
PKGL-01687,,35.74693938,73.25640395,3817.0,21.534686701534586,0.067604378,2026-09-01T06:54:27.896595+00:00
PKGL-01688,,35.81709046,73.2972139,2981.0,24.40312254359851,0.144087817,2026-09-01T06:54:27.896595+00:00
PKGL-01689,,35.83230578,73.25910453,3806.0,27.832474843255167,0.027788698,2026-09-01T06:54:27.896595+00:00
PKGL-01690,,35.85679623,73.27982497,4357.0,26.00459356884388,0.015159336,2026-09-01T06:54:27.896595+00:00
PKGL-01691,,35.85961223,73.29950427,4114.0,25.322237857935907,0.076625362,2026-09-01T06:54:27.896595+00:00
PKGL-01692,,35.86090655,73.28805773,4147.0,25.38788640361608,0.047118991,2026-09-01T06:54:27.896595+00:00
PKGL-01693,,35.86313291,73.28118541,4208.0,25.291398673335685,0.038995449,2026-09-01T06:54:27.896595+00:00
PKGL-01694,,35.86349923,73.27492451,4254.0,25.396548522522203,0.056022632,2026-09-01T06:54:27.896595+00:00
PKGL-01695,,35.86583475,73.26417816,4427.0,25.424245285702817,0.01930207,2026-09-01T06:54:27.896595+00:00
PKGL-01696,,35.87803839,73.27267745,4265.0,23.90062440290269,0.04156199,2026-09-01T06:54:27.896595+00:00
PKGL-01697,,35.879352,73.28765678,3902.0,23.40026627721717,0.011147972,2026-09-01T06:54:27.896595+00:00
PKGL-01698,,35.87840081,73.28154204,4001.0,23.64092588279815,0.001828229,2026-09-01T06:54:27.896595+00:00
PKGL-01699,,35.91561852,73.35627903,4435.0,18.686403763929054,0.061786673,2026-09-01T06:54:27.896595+00:00
PKGL-01700,,35.92498129,73.34211392,4398.0,17.652918423975485,0.114315263,2026-09-01T06:54:27.896595+00:00
PKGL-01701,,35.92963988,73.34062304,4506.0,17.141654919988557,0.012481936,2026-09-01T06:54:27.896595+00:00
PKGL-01702,,35.93221594,73.34413834,4507.0,16.842220795640703,0.038047436,2026-09-01T06:54:27.896595+00:00
PKGL-01703,,35.93358414,73.33183089,4461.0,16.763467512011527,0.018496891,2026-09-01T06:54:27.896595+00:00
PKGL-01704,,35.94110344,73.3548479,4339.0,15.850146090158711,0.015231488,2026-09-01T06:54:27.896595+00:00
PKGL-01705,,35.94991628,73.34995985,4346.0,14.864949118787486,0.024680094,2026-09-01T06:54:27.896595+00:00
PKGL-01706,,35.95374482,73.34925776,4336.0,14.439506710701266,0.073130156,2026-09-01T06:54:27.896595+00:00
PKGL-01707,,35.95096755,73.34118699,4451.0,14.77076743779982,0.001600615,2026-09-01T06:54:27.896595+00:00
PKGL-01708,,35.95029413,73.34190716,4453.0,14.842099623422554,0.001050974,2026-09-01T06:54:27.896595+00:00
PKGL-01709,,35.96581671,73.33825284,4481.0,13.141587716459895,0.00283108,2026-09-01T06:54:27.896595+00:00
PKGL-01710,,35.93441295,73.28974161,4297.0,17.460165557203133,0.067319544,2026-09-01T06:54:27.896595+00:00
PKGL-01711,,35.9338062,73.29821937,4176.0,17.302451600732844,0.072072634,2026-09-01T06:54:27.896595+00:00
PKGL-01712,,35.93832335,73.30734487,4393.0,16.609562317955923,0.016796267,2026-09-01T06:54:27.896595+00:00
PKGL-01713,,35.9430535,73.31012456,4454.0,16.040294868275637,0.003131268,2026-09-01T06:54:27.896595+00:00
PKGL-01714,,35.94563583,73.29072277,4228.0,16.249730301325812,0.371760636,2026-09-01T06:54:27.896595+00:00
PKGL-01715,,35.95699101,73.28433442,4234.0,15.27712682160294,0.175181905,2026-09-01T06:54:27.896595+00:00
PKGL-01716,,35.95107296,73.30465994,4493.0,15.297263307895737,0.014642098,2026-09-01T06:54:27.896595+00:00
PKGL-01717,,35.95749326,73.31611026,4621.0,14.355522300196672,0.021271601,2026-09-01T06:54:27.896595+00:00
PKGL-01718,,35.96638076,73.3127892,4600.0,13.463547810874182,0.030437174,2026-09-01T06:54:27.896595+00:00
PKGL-01719,,35.98997613,73.31982437,4703.0,10.765020577470288,0.019173271,2026-09-01T06:54:27.896595+00:00
PKGL-01720,,35.98768227,73.31904389,4686.0,11.029558802567102,0.002440052,2026-09-01T06:54:27.896595+00:00
PKGL-01721,,35.98412732,73.30589183,4463.0,11.759488934251886,0.00959608,2026-09-01T06:54:27.896595+00:00
PKGL-01722,,35.9805925,73.31140823,4541.0,11.975824847610768,0.009982721,2026-09-01T06:54:27.896595+00:00
PKGL-01723,,35.97882567,73.31359976,4544.0,12.10868641735927,0.022905303,2026-09-01T06:54:27.896595+00:00
PKGL-01724,,35.9778812,73.31157173,4538.0,12.260316989779495,0.015044788,2026-09-01T06:54:27.896595+00:00
PKGL-01725,,35.97227775,73.33826231,4509.0,12.425660492119484,0.03829353,2026-09-01T06:54:27.896595+00:00
PKGL-01726,,35.9461968,73.31560659,4494.0,15.59384946859285,0.013686642,2026-09-01T06:54:27.896595+00:00
PKGL-01727,,35.94856838,73.31780906,4487.0,15.29648265280298,0.035678394,2026-09-01T06:54:27.896595+00:00
PKGL-01728,,35.95447637,73.33604123,4555.0,14.414995224767162,0.001836523,2026-09-01T06:54:27.896595+00:00
PKGL-01729,,35.97028988,73.29173359,4488.0,13.655884771291674,0.009784327,2026-09-01T06:54:27.896595+00:00
PKGL-01730,,35.97129978,73.29634787,4519.0,13.396538008203091,0.019425549,2026-09-01T06:54:27.896595+00:00
PKGL-01731,,35.98543583,73.34529517,4433.0,10.92458868905604,0.005025122,2026-09-01T06:54:27.896595+00:00
PKGL-01732,,35.99582579,73.33878359,4463.0,9.814765941546115,0.032149179,2026-09-01T06:54:27.896595+00:00
PKGL-01733,,35.98679324,73.31294933,4581.0,11.276089146524695,0.104707007,2026-09-01T06:54:27.896595+00:00
PKGL-01734,,35.99977097,73.31224659,4615.0,9.929341350909556,0.132734966,2026-09-01T06:54:27.896595+00:00
PKGL-01735,,36.00236108,73.31061361,4606.0,9.712430698662876,0.008873138,2026-09-01T06:54:27.896595+00:00
PKGL-01736,,36.00635585,73.30333044,4481.0,9.571005355611586,0.055440567,2026-09-01T06:54:27.896595+00:00
PKGL-01737,,36.01324068,73.33391572,4497.0,7.960984995272175,0.011741477,2026-09-01T06:54:27.896595+00:00
PKGL-01738,,36.01317613,73.33566415,4503.0,7.940487381842407,0.007245611,2026-09-01T06:54:27.896595+00:00
PKGL-01739,,36.02378022,73.32748211,4553.0,6.960667600065841,0.094497757,2026-09-01T06:54:27.896595+00:00
PKGL-01740,,36.01795977,73.30632396,4544.0,8.300669863077337,0.037578156,2026-09-01T06:54:27.896595+00:00
PKGL-01741,,36.04264797,73.31588824,4545.0,5.504703437390205,0.071967655,2026-09-01T06:54:27.896595+00:00
PKGL-01742,,36.02550424,73.33210791,4516.0,6.663663014919693,0.005604132,2026-09-01T06:54:27.896595+00:00
PKGL-01743,,36.12607492,73.41563294,4431.0,7.533910355684979,0.026511366,2026-09-01T06:54:27.896595+00:00
PKGL-01744,,36.13235919,73.40713319,4501.0,7.447522610805921,0.003294997,2026-09-01T06:54:27.896595+00:00
PKGL-01745,,36.13601926,73.38964489,4472.0,6.816804451914803,0.004577625,2026-09-01T06:54:27.896595+00:00
PKGL-01746,,36.13796011,73.39022284,4468.0,7.003340400687271,0.002746041,2026-09-01T06:54:27.896595+00:00
PKGL-01747,,36.1391807,73.38096854,4370.0,6.364923488250996,0.046413532,2026-09-01T06:54:27.896595+00:00
PKGL-01748,,36.13257253,73.38231419,4501.0,6.093940750064468,0.114065816,2026-09-01T06:54:27.896595+00:00
PKGL-01749,,36.12870026,73.38566799,4506.0,5.936900136705275,0.119647112,2026-09-01T06:54:27.896595+00:00
PKGL-01750,,36.15809685,73.40488471,4469.0,8.496971740262204,0.010608093,2026-09-01T06:54:27.896595+00:00
PKGL-01751,,36.17074822,73.38207196,4489.0,7.272279879717645,0.054628967,2026-09-01T06:54:27.896595+00:00
PKGL-01752,,36.17260269,73.38593679,4462.0,7.000129996256756,0.002953813,2026-09-01T06:54:27.896595+00:00
PKGL-01753,,36.17540528,73.38901814,4424.0,6.646912652427551,0.019235089,2026-09-01T06:54:27.896595+00:00
PKGL-01754,,36.17989639,73.36035482,4521.0,7.042968011833596,0.006229173,2026-09-01T06:54:27.896595+00:00
PKGL-01755,,36.18819947,73.35944595,4398.0,6.311096964993249,0.031046776,2026-09-01T06:54:27.896595+00:00
PKGL-01756,,36.27029196,72.65478927,4344.0,8.706481115160676,0.004632214,2026-09-01T06:54:27.896595+00:00
PKGL-01757,,36.26795813,72.65647295,4344.0,9.006259006340704,0.001210272,2026-09-01T06:54:27.896595+00:00
PKGL-01758,,36.26868312,72.65053913,4324.0,8.65304990567166,0.000440316,2026-09-01T06:54:27.896595+00:00
PKGL-01759,,35.53774672,72.77657744,4462.0,8.882623581988867,0.019075699,2026-09-01T06:54:27.896595+00:00
PKGL-01760,,35.55212881,72.7722504,4303.0,8.668884682185507,0.071311606,2026-09-01T06:54:27.896595+00:00
PKGL-01761,,35.5552466,72.77149309,4315.0,8.679098416868959,0.005717729,2026-09-01T06:54:27.896595+00:00
PKGL-01762,,35.5562275,72.78996955,4062.0,10.33159743226137,0.015848871,2026-09-01T06:54:27.896595+00:00
PKGL-01763,,35.55682182,72.7548797,4423.0,7.282867208761625,0.008609084,2026-09-01T06:54:27.896595+00:00
PKGL-01764,,35.57550028,72.76903535,4330.0,7.971146753312733,0.028338324,2026-09-01T06:54:27.896595+00:00
PKGL-01765,,35.58572901,72.80206296,4228.0,10.402639029877523,0.008914174,2026-09-01T06:54:27.896595+00:00
PKGL-01766,,35.58880834,72.82387736,4357.0,12.266130547338564,0.011830738,2026-09-01T06:54:27.896595+00:00
PKGL-01767,,35.59370435,72.80799123,4257.0,10.761809126262929,0.007578942,2026-09-01T06:54:27.896595+00:00
PKGL-01768,,35.60077423,72.84743159,3974.0,14.236246475959534,0.073843999,2026-09-01T06:54:27.896595+00:00
PKGL-01769,,35.60894237,72.81013492,4329.0,10.844878518059264,0.024316577,2026-09-01T06:54:27.896595+00:00
PKGL-01770,,35.59625401,72.78820695,4246.0,8.95080597148817,0.003257993,2026-09-01T06:54:27.896595+00:00
PKGL-01771,,35.6142226,72.80977377,4501.0,10.836155521181537,0.028323592,2026-09-01T06:54:27.896595+00:00
PKGL-01772,,35.61827651,72.83648217,4722.0,13.278497899567192,0.010355342,2026-09-01T06:54:27.896595+00:00
PKGL-01773,,35.62501726,72.8069404,4490.0,10.731018594022585,0.007477676,2026-09-01T06:54:27.896595+00:00
PKGL-01774,,35.63079428,72.79425262,4245.0,9.755104473521063,0.014949329,2026-09-01T06:54:27.896595+00:00
PKGL-01775,,35.62963512,72.79646524,4277.0,9.91547408845342,0.003324028,2026-09-01T06:54:27.896595+00:00
PKGL-01776,,35.62907131,72.7941883,4252.0,9.70058078403902,0.018177818,2026-09-01T06:54:27.896595+00:00
PKGL-01777,,35.62388842,72.79816642,4266.0,9.928368033532776,0.282657994,2026-09-01T06:54:27.896595+00:00
PKGL-01778,,35.64226755,72.83389133,4250.0,13.550054974211116,0.010912585,2026-09-01T06:54:27.896595+00:00
PKGL-01779,,35.64541438,72.85929441,4123.0,15.853565555249457,0.02392341,2026-09-01T06:54:27.896595+00:00
PKGL-01780,,35.64192999,72.85882693,4148.0,15.71445275597759,0.007961173,2026-09-01T06:54:27.896595+00:00
PKGL-01781,,35.61268075,72.8272924,4561.0,12.40767535240639,0.231290021,2026-09-01T06:54:27.896595+00:00
PKGL-01782,,35.66114701,72.82172136,3921.0,13.297293749435552,0.03683691,2026-09-01T06:54:27.896595+00:00
PKGL-01783,,35.65314457,72.811236,4285.0,12.057608386879686,0.006765106,2026-09-01T06:54:27.896595+00:00
PKGL-01784,,35.94507597,73.36477585,4162.0,15.45808322401549,0.671743611,2026-09-01T06:54:27.896595+00:00
PKGL-01785,,35.92554156,73.2737681,4226.0,18.875392621690573,0.110123415,2026-09-01T06:54:27.896595+00:00
PKGL-01786,,35.91466483,73.2552434,4418.0,20.63940494934028,0.004753472,2026-09-01T06:54:27.896595+00:00
PKGL-01787,,35.90754175,73.35817782,4325.0,19.58958291066304,0.027286726,2026-09-01T06:54:27.896595+00:00
PKGL-01788,,35.91553665,73.37357044,4491.0,18.80466656713045,0.001955496,2026-09-01T06:54:27.896595+00:00
PKGL-01789,,35.89240373,73.2670748,4297.0,22.540068888917205,0.018633945,2026-09-01T06:54:27.896595+00:00
PKGL-01790,,35.27250797,72.3703854,3980.0,4.237282758490354,0.024823468,2026-09-01T06:54:27.896595+00:00
PKGL-01791,,35.27355718,72.37275735,4011.0,4.205761531319271,0.026937992,2026-09-01T06:54:27.896595+00:00
PKGL-01792,,35.43372769,72.45195909,3185.0,5.943007538732686,0.186129712,2026-09-01T06:54:27.896595+00:00
PKGL-01793,,36.082918,72.55576056,3682.0,8.096514699556948,0.030258793,2026-09-01T06:54:27.896595+00:00
PKGL-01794,,35.66768067,73.11480319,4575.0,22.241052743859846,0.001424958,2026-09-01T06:54:27.896595+00:00
PKGL-01795,,35.66874577,73.10045292,4380.0,22.609762764178427,0.002696216,2026-09-01T06:54:27.896595+00:00
PKGL-01796,,35.84335001,73.20740238,4425.0,29.648970596930383,0.003432337,2026-09-01T06:54:27.896595+00:00
PKGL-01797,,35.8603514,73.18284037,4365.0,29.040074355254944,0.001731927,2026-09-01T06:54:27.896595+00:00
PKGL-01798,,35.91428644,73.03627325,4871.0,28.390686279662884,0.00376706,2026-09-01T06:54:27.896595+00:00
PKGL-01799,,35.91140839,73.03945688,4721.0,28.63644944586345,0.003059037,2026-09-01T06:54:27.896595+00:00
PKGL-01800,,35.93584527,73.01586058,4699.0,26.467648771059626,0.021302389,2026-09-01T06:54:27.896595+00:00
PKGL-01801,,35.9996117,73.03143259,4715.0,19.275876933230585,0.0104163,2026-09-01T06:54:27.896595+00:00
PKGL-01802,,35.99986468,73.03520417,4701.0,19.170026132775025,0.002659299,2026-09-01T06:54:27.896595+00:00
PKGL-01803,,35.90813442,73.14787513,4319.0,26.688914307998854,0.004652282,2026-09-01T06:54:27.896595+00:00
PKGL-01804,,35.90968503,73.14552586,4318.0,26.70833747395552,0.003885764,2026-09-01T06:54:27.896595+00:00
PKGL-01805,,35.90987721,73.14380484,4320.0,26.799939122333218,0.001011708,2026-09-01T06:54:27.896595+00:00
PKGL-01806,,35.91202652,73.14694064,4422.0,26.431989371318448,0.001668889,2026-09-01T06:54:27.896595+00:00
PKGL-01807,,35.9151602,73.15241924,4547.0,25.83937675269093,0.005091957,2026-09-01T06:54:27.896595+00:00
PKGL-01808,,35.91054131,73.16435704,4621.0,25.497300302222182,0.008451773,2026-09-01T06:54:27.896595+00:00
PKGL-01809,,35.93313201,73.16820507,4575.0,23.41382647961547,0.003205761,2026-09-01T06:54:27.896595+00:00
PKGL-01810,,35.95364208,73.17493857,4633.0,21.39053496889251,0.005536327,2026-09-01T06:54:27.896595+00:00
PKGL-01811,,35.96530905,73.17236111,4557.0,20.71405131367141,0.002769243,2026-09-01T06:54:27.896595+00:00
PKGL-01812,,35.96578887,73.1712633,4558.0,20.75666215852551,0.00346971,2026-09-01T06:54:27.896595+00:00
PKGL-01813,,35.94029339,73.18989688,4533.0,21.495742429139693,0.001796162,2026-09-01T06:54:27.896595+00:00
PKGL-01814,,35.94001355,73.19156632,4534.0,21.418453613575608,0.010999083,2026-09-01T06:54:27.896595+00:00
PKGL-01815,,35.95934137,73.24990788,4510.0,16.505137767984046,0.009296131,2026-09-01T06:54:27.896595+00:00
PKGL-01816,,35.95851584,73.25054441,4507.0,16.550984102714576,0.003066812,2026-09-01T06:54:27.896595+00:00
PKGL-01817,,35.95963245,73.25791203,4370.0,16.09490444164522,0.004326232,2026-09-01T06:54:27.896595+00:00
PKGL-01818,,35.96069686,73.25684018,4375.0,16.043912529427224,0.000651968,2026-09-01T06:54:27.896595+00:00
PKGL-01819,,35.95665122,73.24879954,4540.0,16.810348602688865,0.026713243,2026-09-01T06:54:27.896595+00:00
PKGL-01820,,35.99229693,73.25889127,4446.0,13.062173396803695,0.002587167,2026-09-01T06:54:27.896595+00:00
PKGL-01821,,36.04433628,73.21868616,4674.0,11.636806565151309,0.009429286,2026-09-01T06:54:27.896595+00:00
PKGL-01822,,36.03458843,73.19784958,4557.0,13.787768359032214,0.005914209,2026-09-01T06:54:27.896595+00:00
PKGL-01823,,36.07279861,73.19890319,4544.0,10.835078120799318,0.003714603,2026-09-01T06:54:27.896595+00:00
PKGL-01824,,36.10259439,73.07200368,4356.0,7.327733640473497,0.007521244,2026-09-01T06:54:27.896595+00:00
PKGL-01825,,36.08824756,73.07923825,4563.0,8.717637127494001,0.006984125,2026-09-01T06:54:27.896595+00:00
PKGL-01826,,36.0817347,73.08752289,4330.0,9.209696411951503,0.002247973,2026-09-01T06:54:27.896595+00:00
PKGL-01827,,36.31911917,73.29815461,3645.0,5.209894369101351,0.00398827,2026-09-01T06:54:27.896595+00:00
PKGL-01828,,36.23581753,73.18241085,4415.0,5.725221073974504,0.004123334,2026-09-01T06:54:27.896595+00:00
PKGL-01829,,36.3013186,73.26347875,4644.0,8.877310679696494,0.00935009,2026-09-01T06:54:27.896595+00:00
PKGL-01830,,36.24691379,73.07020141,4516.0,7.783334929250934,0.002314353,2026-09-01T06:54:27.896595+00:00
PKGL-01831,,36.24578038,73.07221933,4529.0,7.780400157741212,0.004637149,2026-09-01T06:54:27.896595+00:00
PKGL-01832,,36.24969767,73.07447968,4348.0,8.25402574850687,0.004813839,2026-09-01T06:54:27.896595+00:00
PKGL-01833,,36.24863805,73.13229407,4703.0,8.691865787412475,0.005774098,2026-09-01T06:54:27.896595+00:00
PKGL-01834,,36.27328158,73.145308,4487.0,10.686336068589725,0.002447598,2026-09-01T06:54:27.896595+00:00
PKGL-01835,,36.28443096,73.1588148,4489.0,11.461298277468403,0.002887178,2026-09-01T06:54:27.896595+00:00
PKGL-01836,,36.2925205,73.17233811,4587.0,12.094426201763737,0.002935253,2026-09-01T06:54:27.896595+00:00
PKGL-01837,,36.29495517,73.14308996,4376.0,13.002344887869766,0.001500381,2026-09-01T06:54:27.896595+00:00
PKGL-01838,,35.8060593,72.76212771,4531.0,23.00841512928055,0.009984685,2026-09-01T06:54:27.896595+00:00
PKGL-01839,,35.81820773,72.77649296,4797.0,24.68539350757549,0.009586301,2026-09-01T06:54:27.896595+00:00
PKGL-01840,,36.04870024,72.88017481,4748.0,11.835650875524868,0.007193974,2026-09-01T06:54:27.896595+00:00
PKGL-01841,,36.05006858,72.88330061,4689.0,11.648899934965264,0.003471878,2026-09-01T06:54:27.896595+00:00
PKGL-01842,,36.05094645,72.88340938,4693.0,11.550810945253016,0.001476239,2026-09-01T06:54:27.896595+00:00
PKGL-01843,,36.01392178,72.89122925,4731.0,15.602139111507896,0.000950836,2026-09-01T06:54:27.896595+00:00
PKGL-01844,,36.01321247,72.89136821,4739.0,15.680433693357068,0.001063276,2026-09-01T06:54:27.896595+00:00
PKGL-01845,,36.17117354,72.96504112,2715.0,0.7346779391813888,0.005205088,2026-09-01T06:54:27.896595+00:00
PKGL-01846,,36.17283536,72.94710557,2909.0,2.135357334254212,0.13016246,2026-09-01T06:54:27.896595+00:00
PKGL-01847,,36.25648166,73.03501105,4771.0,7.65306046028292,0.006844544,2026-09-01T06:54:27.896595+00:00
PKGL-01848,,36.26435421,73.06006083,4500.0,9.090636039635656,0.02192537,2026-09-01T06:54:27.896595+00:00
PKGL-01849,,35.80772856,73.61527083,4224.0,16.197530761574644,0.003928208,2026-09-01T06:54:27.896595+00:00
PKGL-01850,,35.92871775,73.81566482,4249.0,21.39623949413569,0.015265379,2026-09-01T06:54:27.896595+00:00
PKGL-01851,,36.0328322,73.78352938,4199.0,13.073260198552685,0.008444453,2026-09-01T06:54:27.896595+00:00
PKGL-01852,,36.03613928,73.78293521,4197.0,12.872680357261755,0.035812326,2026-09-01T06:54:27.896595+00:00
PKGL-01853,,35.66888569,74.20681198,4228.0,26.75806463763393,0.033486399,2026-09-01T06:54:27.896595+00:00
PKGL-01854,,35.67576523,74.2116084,4276.0,26.896441999835066,0.018383464,2026-09-01T06:54:27.896595+00:00
PKGL-01855,,35.87662642,73.95287268,4122.0,13.219186736463676,0.000814382,2026-09-01T06:54:27.896595+00:00
PKGL-01856,,35.92421727,74.00888747,4157.0,6.590318822890462,0.040330075,2026-09-01T06:54:27.896595+00:00
PKGL-01857,,35.93196246,74.00387418,4296.0,6.943703903021294,0.017001707,2026-09-01T06:54:27.896595+00:00
PKGL-01858,,35.93063634,73.9887835,4282.0,8.308111746290802,0.031832622,2026-09-01T06:54:27.896595+00:00
PKGL-01859,,35.93444807,73.99137492,4284.0,8.062184359159337,0.035143958,2026-09-01T06:54:27.896595+00:00
PKGL-01860,,35.94973646,74.01252504,4347.0,6.379436570202587,0.02128579,2026-09-01T06:54:27.896595+00:00
PKGL-01861,,35.96049865,74.00505976,4412.0,7.40572069904395,0.042782833,2026-09-01T06:54:27.896595+00:00
PKGL-01862,,35.96220219,74.01876439,4285.0,6.374810145404075,0.153051928,2026-09-01T06:54:27.896595+00:00
PKGL-01863,,35.96069406,73.98336926,4328.0,9.243883628653451,0.055265719,2026-09-01T06:54:27.896595+00:00
PKGL-01864,,35.94395817,73.99277694,4310.0,8.001498407634864,0.028543818,2026-09-01T06:54:27.896595+00:00
PKGL-01865,,35.94447619,73.99646425,4369.0,7.680289783599997,0.006806183,2026-09-01T06:54:27.896595+00:00
PKGL-01866,,35.94982022,73.92431541,4430.0,14.197842753032138,0.014800048,2026-09-01T06:54:27.896595+00:00
PKGL-01867,,35.9683664,73.93185236,4386.0,13.929790073531834,0.02247452,2026-09-01T06:54:27.896595+00:00
PKGL-01868,,35.97354991,73.92666277,4471.0,14.247989206424965,0.013665392,2026-09-01T06:54:27.896595+00:00
PKGL-01869,,35.96615809,74.01598034,4334.0,6.810635405517196,0.015176124,2026-09-01T06:54:27.896595+00:00
PKGL-01870,,35.79579311,73.5762894,4263.0,15.330374455005815,0.002868428,2026-09-01T06:54:27.896595+00:00
PKGL-01871,,35.9103166,73.61700688,4226.0,27.603444163383298,0.003909103,2026-09-01T06:54:27.896595+00:00
PKGL-01872,,35.91434647,73.54836765,4314.0,25.916953646219728,0.006839619,2026-09-01T06:54:27.896595+00:00
PKGL-01873,,35.93803156,73.55993881,4219.0,24.85086495371788,0.002618167,2026-09-01T06:54:27.896595+00:00
PKGL-01874,,35.93687351,73.56294505,4224.0,25.14014171717904,0.003946113,2026-09-01T06:54:27.896595+00:00
PKGL-01875,,35.94464133,73.57208631,4452.0,25.232495292675807,0.003372724,2026-09-01T06:54:27.896595+00:00
PKGL-01876,,36.01828298,73.5673937,4441.0,20.82459904252941,0.003269516,2026-09-01T06:54:27.896595+00:00
PKGL-01877,,36.01884771,73.63389777,4559.0,21.56890419249861,0.003581492,2026-09-01T06:54:27.896595+00:00
PKGL-01878,,36.08229004,73.63381676,4565.0,16.151552167310715,0.003985935,2026-09-01T06:54:27.896595+00:00
PKGL-01879,,36.32558141,73.54593082,4460.0,8.470600222867711,0.002086953,2026-09-01T06:54:27.896595+00:00
PKGL-01880,,36.34505678,73.56708147,4452.0,7.241357100549363,0.002094586,2026-09-01T06:54:27.896595+00:00
PKGL-01881,,35.65251816,72.76565922,4511.0,8.457116755225947,0.003756353,2026-09-01T06:54:27.896595+00:00
PKGL-01882,,35.65323339,72.76640246,4518.0,8.55832024669012,0.004731373,2026-09-01T06:54:27.896595+00:00
PKGL-01883,,35.65215841,72.78374365,3974.0,9.802748931978927,0.001778168,2026-09-01T06:54:27.896595+00:00
PKGL-01884,,35.53495694,72.75671591,4255.0,7.0858329636590565,0.004622726,2026-09-01T06:54:27.896595+00:00
PKGL-01885,,35.84102674,72.03474143,4482.0,7.294046951498368,0.008347166,2026-09-01T06:54:27.896595+00:00
PKGL-01886,,35.30125044,72.29550743,3720.0,11.441803398758283,0.000608036,2026-09-01T06:54:27.896595+00:00
PKGL-01887,,35.29566167,72.2996055,3771.0,10.78506449703044,0.009988202,2026-09-01T06:54:27.896595+00:00
PKGL-01888,,35.29683662,72.29862017,3771.0,10.931773164549575,0.000169495,2026-09-01T06:54:27.896595+00:00
PKGL-01889,,35.2936116,72.30101822,3774.0,10.553278332841508,0.003623463,2026-09-01T06:54:27.896595+00:00
PKGL-01890,,35.28786283,72.28502141,3891.0,11.131236502540013,0.007024786,2026-09-01T06:54:27.896595+00:00
PKGL-01891,,35.27139521,72.28933375,4067.0,9.987883234429589,0.00558782,2026-09-01T06:54:27.896595+00:00
PKGL-01892,,35.27247677,72.27765466,3996.0,9.369253378009478,0.014422477,2026-09-01T06:54:27.896595+00:00
PKGL-01893,,35.23257693,72.27231724,3709.0,6.132041573632608,0.004847309,2026-09-01T06:54:27.896595+00:00
PKGL-01894,,35.20217125,72.33331679,3630.0,6.934402426237304,0.00110197,2026-09-01T06:54:27.896595+00:00
PKGL-01895,,35.22141969,72.37854618,3219.0,2.958528144783196,0.001440898,2026-09-01T06:54:27.896595+00:00
PKGL-01896,,35.28091092,72.37780244,3660.0,4.700146649262607,0.004870145,2026-09-01T06:54:27.896595+00:00
PKGL-01897,,35.26929829,72.31894877,3799.0,7.847328665361289,0.003460631,2026-09-01T06:54:27.896595+00:00
PKGL-01898,,35.2809196,72.36179262,3704.0,5.454397109314842,0.002970603,2026-09-01T06:54:27.896595+00:00
PKGL-01899,,35.28886591,72.36570102,3760.0,5.988958734247975,0.047332228,2026-09-01T06:54:27.896595+00:00
PKGL-01900,,35.30182659,72.35031449,3771.0,7.951011655557109,0.012633276,2026-09-01T06:54:27.896595+00:00
PKGL-01901,,35.3033717,72.3564778,3937.0,7.804658974497274,0.024934856,2026-09-01T06:54:27.896595+00:00
PKGL-01902,,35.3088809,72.35413555,3864.0,8.44332085335731,0.011936308,2026-09-01T06:54:27.896595+00:00
PKGL-01903,,35.33188597,72.3399756,4228.0,11.30449466353681,0.001415204,2026-09-01T06:54:27.896595+00:00
PKGL-01904,,35.33365641,72.39013464,3794.0,10.19213299790086,0.014234656,2026-09-01T06:54:27.896595+00:00
PKGL-01905,,35.3367497,72.3360131,4404.0,11.951129496707358,0.003286152,2026-09-01T06:54:27.896595+00:00
PKGL-01906,,35.35455768,72.37593665,3774.0,12.656950464017797,0.001473009,2026-09-01T06:54:27.896595+00:00
PKGL-01907,,35.35612852,72.37871296,3763.0,12.790987868882448,0.087891922,2026-09-01T06:54:27.896595+00:00
PKGL-01908,,35.33955441,72.39424178,3785.0,10.825537556068909,0.005713258,2026-09-01T06:54:27.896595+00:00
PKGL-01909,,35.33692313,72.39238064,3786.0,10.541132332577051,0.036619335,2026-09-01T06:54:27.896595+00:00
PKGL-01910,,35.40400306,72.37578144,3411.0,11.96943147448232,0.004023551,2026-09-01T06:54:27.896595+00:00
PKGL-01911,,35.40471761,72.37651583,3409.0,11.870070053015938,0.001004013,2026-09-01T06:54:27.896595+00:00
PKGL-01912,,35.3996515,72.3771493,3417.0,12.3676103685564,0.184305767,2026-09-01T06:54:27.896595+00:00
PKGL-01913,,35.88200948,72.42340857,4761.0,19.09262469207306,0.002512901,2026-09-01T06:54:27.896595+00:00
PKGL-01914,,35.90389149,72.41342768,4724.0,16.95577201126729,0.000962835,2026-09-01T06:54:27.896595+00:00
PKGL-01915,,35.35316215,72.50577004,4072.0,8.77146766597256,0.00675552,2026-09-01T06:54:27.896595+00:00
PKGL-01916,,35.35382404,72.49606318,4366.0,9.6295191296993,0.001818785,2026-09-01T06:54:27.896595+00:00
PKGL-01917,,35.35660072,72.4697071,3948.0,11.967361353168169,0.011308534,2026-09-01T06:54:27.896595+00:00
PKGL-01918,,35.35451502,72.46923316,3981.0,12.033445862405491,0.004851982,2026-09-01T06:54:27.896595+00:00
PKGL-01919,,35.35174994,72.44841045,3427.0,12.075163971594776,0.032043493,2026-09-01T06:54:27.896595+00:00
PKGL-01920,,35.34812198,72.41363747,3862.0,11.84731176591962,0.002300254,2026-09-01T06:54:27.896595+00:00
PKGL-01921,,35.3520757,72.41484599,3826.0,12.29670751779046,0.021735329,2026-09-01T06:54:27.896595+00:00
PKGL-01922,,35.35991049,72.42428569,3976.0,13.119155541541357,0.003379803,2026-09-01T06:54:27.896595+00:00
PKGL-01923,,35.37850231,72.43053013,3511.0,12.368059367348277,0.05416851,2026-09-01T06:54:27.896595+00:00
PKGL-01924,,35.38027922,72.43359391,3489.0,12.108085087655594,0.000321112,2026-09-01T06:54:27.896595+00:00
PKGL-01925,,35.37993146,72.43205596,3510.0,12.179456216944786,0.000883058,2026-09-01T06:54:27.896595+00:00
PKGL-01926,,35.37605481,72.4242014,3535.0,12.786845826082205,0.002269873,2026-09-01T06:54:27.896595+00:00
PKGL-01927,,35.37210989,72.41963567,3639.0,13.329863008744915,0.000876982,2026-09-01T06:54:27.896595+00:00
PKGL-01928,,35.37236329,72.41866217,3635.0,13.330838595777507,0.00251973,2026-09-01T06:54:27.896595+00:00
PKGL-01929,,35.37099579,72.41682634,3645.0,13.528311750600144,0.003512634,2026-09-01T06:54:27.896595+00:00
PKGL-01930,,35.36763875,72.41438687,3674.0,13.95350254725633,0.037329805,2026-09-01T06:54:27.896595+00:00
PKGL-01931,,35.36280606,72.41301099,3686.0,13.465200210981552,0.040450716,2026-09-01T06:54:27.896595+00:00
PKGL-01932,,35.41006916,72.50784036,4004.0,7.65290521137105,0.020091819,2026-09-01T06:54:27.896595+00:00
PKGL-01933,,35.33193296,72.49673111,3532.0,8.769600975796571,0.153479228,2026-09-01T06:54:27.896595+00:00
PKGL-01934,,35.35935366,72.52875221,4118.0,6.609668794240799,0.013307874,2026-09-01T06:54:27.896595+00:00
PKGL-01935,,35.36334763,72.46799275,3766.0,11.991681767766408,0.002807983,2026-09-01T06:54:27.896595+00:00
PKGL-01936,,35.36949547,72.46115143,3753.0,12.358188263709351,0.001806928,2026-09-01T06:54:27.896595+00:00
PKGL-01937,,35.36683454,72.46459068,3756.0,12.15124588044929,0.022876081,2026-09-01T06:54:27.896595+00:00
PKGL-01938,,35.65403462,72.48124319,3706.0,7.974090176461792,0.015518896,2026-09-01T06:54:27.896595+00:00
PKGL-01939,,35.69796414,72.48644216,4032.0,11.625663532802228,0.083087918,2026-09-01T06:54:27.896595+00:00
PKGL-01940,,35.79652721,72.45932344,3760.0,20.620020329053844,0.005714946,2026-09-01T06:54:27.896595+00:00
PKGL-01941,,35.80712691,72.4653903,3838.0,21.895050282029658,0.094444462,2026-09-01T06:54:27.896595+00:00
PKGL-01942,,35.7952928,72.45273605,3770.0,20.35582388494113,0.000190054,2026-09-01T06:54:27.896595+00:00
PKGL-01943,,35.79375006,72.45176471,3761.0,20.16996941094534,0.00042236,2026-09-01T06:54:27.896595+00:00
PKGL-01944,,35.79361324,72.45093226,3752.0,20.13990820367926,0.002603156,2026-09-01T06:54:27.896595+00:00
PKGL-01945,,35.79431491,72.45050789,3759.0,20.20875753871308,0.014967005,2026-09-01T06:54:27.896595+00:00
PKGL-01946,,35.79469003,72.44965307,3773.0,20.23458344792688,7.39e-05,2026-09-01T06:54:27.896595+00:00
PKGL-01947,,35.82797832,72.47594335,4300.0,24.3782986020232,0.000801266,2026-09-01T06:54:27.896595+00:00
PKGL-01948,,35.8273989,72.47688241,4276.0,24.33810767945711,0.012940647,2026-09-01T06:54:27.896595+00:00
PKGL-01949,,35.82626968,72.47551611,4315.0,24.184805665912872,0.000823974,2026-09-01T06:54:27.896595+00:00
PKGL-01950,,35.83323271,72.47697323,4477.0,24.114280191892654,0.053140164,2026-09-01T06:54:27.896595+00:00
PKGL-01951,,35.83239674,72.47511801,4469.0,24.20187668328619,0.003991951,2026-09-01T06:54:27.896595+00:00
PKGL-01952,,35.77516455,72.43370643,3597.0,17.853702771804656,0.001617328,2026-09-01T06:54:27.896595+00:00
PKGL-01953,,35.78308697,72.46516283,4280.0,19.30796564690081,0.006414313,2026-09-01T06:54:27.896595+00:00
PKGL-01954,,35.7830373,72.46453937,4281.0,19.287236326244063,0.000297247,2026-09-01T06:54:27.896595+00:00
PKGL-01955,,35.78070433,72.4653646,4300.0,19.058506352512293,0.007768638,2026-09-01T06:54:27.896595+00:00
PKGL-01956,,35.78431624,72.46929578,4293.0,19.54469901565168,0.043732518,2026-09-01T06:54:27.896595+00:00
PKGL-01957,,35.7835888,72.46824164,4285.0,19.439741809779463,0.000609264,2026-09-01T06:54:27.896595+00:00
PKGL-01958,,35.78581884,72.46917861,4276.0,19.70154722678984,0.002191224,2026-09-01T06:54:27.896595+00:00
PKGL-01959,,35.78607572,72.46992196,4284.0,19.748313462882308,0.000365438,2026-09-01T06:54:27.896595+00:00
PKGL-01960,,35.78630293,72.46985216,4274.0,19.77065564266101,0.000964045,2026-09-01T06:54:27.896595+00:00
PKGL-01961,,35.86204817,72.5347876,4515.0,21.75485162324705,0.005966037,2026-09-01T06:54:27.896595+00:00
PKGL-01962,,35.83517307,72.53662857,3667.0,24.68068336846464,0.001954835,2026-09-01T06:54:27.896595+00:00
PKGL-01963,,35.83642764,72.53499346,3659.0,24.50880033906971,0.022593931,2026-09-01T06:54:27.896595+00:00
PKGL-01964,,35.83555915,72.53302447,3673.0,24.559209672091868,0.005247011,2026-09-01T06:54:27.896595+00:00
PKGL-01965,,35.83465113,72.5337251,3655.0,24.67240494455236,0.00071114,2026-09-01T06:54:27.896595+00:00
PKGL-01966,,35.84991903,72.5220123,3862.0,22.77838247652921,0.03876081,2026-09-01T06:54:27.896595+00:00
PKGL-01967,,35.9051928,72.58092636,4739.0,19.06009148739164,0.015188586,2026-09-01T06:54:27.896595+00:00
PKGL-01968,,35.90556124,72.54526238,4412.0,17.514717516077383,0.000727098,2026-09-01T06:54:27.896595+00:00
PKGL-01969,,35.90467448,72.54421375,4426.0,17.56788606728869,0.00273224,2026-09-01T06:54:27.896595+00:00
PKGL-01970,,35.91991472,72.56438727,4162.0,16.884518006924285,0.000721434,2026-09-01T06:54:27.896595+00:00
PKGL-01971,,35.91909036,72.56276893,4167.0,16.88875188970997,0.005194227,2026-09-01T06:54:27.896595+00:00
PKGL-01972,,35.91758062,72.56469216,4186.0,17.121383718529337,0.000591747,2026-09-01T06:54:27.896595+00:00
PKGL-01973,,35.91786864,72.56483601,4185.0,17.100473059042553,0.000163672,2026-09-01T06:54:27.896595+00:00
PKGL-01974,,35.91790528,72.56437594,4183.0,17.075807100655705,0.000899717,2026-09-01T06:54:27.896595+00:00
PKGL-01975,,35.91664579,72.56357872,4181.0,17.16017931565291,0.000234484,2026-09-01T06:54:27.896595+00:00
PKGL-01976,,35.91628926,72.56402893,4182.0,17.21484826071147,0.001559072,2026-09-01T06:54:27.896595+00:00
PKGL-01977,,35.96818181,72.53169523,4801.0,10.771411244132317,0.00320813,2026-09-01T06:54:27.896595+00:00
PKGL-01978,,35.86490255,72.53455821,4570.0,21.444334157581125,0.011479362,2026-09-01T06:54:27.896595+00:00
PKGL-01979,,35.86430627,72.5325783,4569.0,21.458652920810977,0.005974234,2026-09-01T06:54:27.896595+00:00
PKGL-01980,,35.78990367,72.59974774,3664.0,21.85888847804927,0.011562121,2026-09-01T06:54:27.896595+00:00
PKGL-01981,,35.63416339,72.59485294,4113.0,9.110791356561505,0.007607794,2026-09-01T06:54:27.896595+00:00
PKGL-01982,,35.61007819,72.55236539,3985.0,7.604362275186751,0.008816778,2026-09-01T06:54:27.896595+00:00
PKGL-01983,,35.64085595,72.60349537,4237.0,8.66635552185079,0.002527557,2026-09-01T06:54:27.896595+00:00
PKGL-01984,,35.65558227,72.61143514,4325.0,8.897905953133645,0.001186241,2026-09-01T06:54:27.896595+00:00
PKGL-01985,,35.65601704,72.61431309,4310.0,8.72103130967028,0.065735401,2026-09-01T06:54:27.896595+00:00
PKGL-01986,,35.81055444,72.72842367,4688.0,22.83477539879102,0.004546233,2026-09-01T06:54:27.896595+00:00
PKGL-01987,,35.82009106,72.82416918,4573.0,26.54863262360472,0.001580688,2026-09-01T06:54:27.896595+00:00
PKGL-01988,,35.81942338,72.82290978,4563.0,26.43084572899338,0.026319521,2026-09-01T06:54:27.896595+00:00
PKGL-01989,,35.608687,72.83055304,4676.0,12.690292971837575,0.002921513,2026-09-01T06:54:27.896595+00:00
PKGL-01990,,35.63506891,72.81443796,4279.0,11.64014543466008,0.002550497,2026-09-01T06:54:27.896595+00:00
PKGL-01991,,35.63711788,72.83588384,4438.0,13.57326951669865,0.004836056,2026-09-01T06:54:27.896595+00:00
PKGL-01992,,35.89141525,72.78967154,4230.0,30.344918019089256,0.000798928,2026-09-01T06:54:27.896595+00:00
PKGL-01993,,35.8896857,72.79064199,4235.0,30.53545638363885,0.004721182,2026-09-01T06:54:27.896595+00:00
PKGL-01994,,35.89024879,72.78900259,4221.0,30.47593673915488,0.000334766,2026-09-01T06:54:27.896595+00:00
PKGL-01995,,35.89052733,72.78878693,4222.0,30.44543192270928,6.13e-05,2026-09-01T06:54:27.896595+00:00
PKGL-01996,,35.88054943,72.79582989,4358.0,31.546313062149824,0.003213555,2026-09-01T06:54:27.896595+00:00
PKGL-01997,,35.93996364,72.78134713,4513.0,24.97880664185008,0.006287718,2026-09-01T06:54:27.896595+00:00
PKGL-01998,,36.00794554,72.82422626,4433.0,17.27762997265056,0.002878053,2026-09-01T06:54:27.896595+00:00
PKGL-01999,,36.00622863,72.82448174,4438.0,17.45266021264884,0.004688293,2026-09-01T06:54:27.896595+00:00
PKGL-02000,,36.00523015,72.82364149,4432.0,17.581295409283253,0.001142517,2026-09-01T06:54:27.896595+00:00
PKGL-02001,,36.00666775,72.82295709,4434.0,17.447852357029554,0.000332703,2026-09-01T06:54:27.896595+00:00
PKGL-02002,,36.0071452,72.8229134,4437.0,17.398566845934834,0.000403439,2026-09-01T06:54:27.896595+00:00
PKGL-02003,,36.18272247,72.80644222,3035.0,1.313246428605666,0.023541948,2026-09-01T06:54:27.896595+00:00
PKGL-02004,,36.18396552,72.80470537,3041.0,1.472699027493795,0.000360545,2026-09-01T06:54:27.896595+00:00
PKGL-02005,,36.18391331,72.80670712,3035.0,1.2931217752751103,0.000696649,2026-09-01T06:54:27.896595+00:00
PKGL-02006,,36.18126448,72.82937292,2983.0,0.769650926604252,0.007985717,2026-09-01T06:54:27.896595+00:00
PKGL-02007,,36.18002013,72.79986738,3037.0,1.7734697147269094,0.052144106,2026-09-01T06:54:27.896595+00:00
PKGL-02008,,35.69031903,74.22638684,4274.0,25.41210082304135,0.043350703,2026-09-01T06:54:27.896595+00:00
PKGL-02009,,35.68624582,74.22856647,4337.0,25.836619313462283,0.04241959,2026-09-01T06:54:27.896595+00:00
PKGL-02010,,35.68596602,74.22663876,4339.0,25.88913715677737,0.001019406,2026-09-01T06:54:27.896595+00:00
PKGL-02011,,35.6542463,74.17052698,4234.0,24.716381531560103,0.004751531,2026-09-01T06:54:27.896595+00:00
PKGL-02012,,35.71524103,74.18409853,4185.0,22.406423955919458,0.001730714,2026-09-01T06:54:27.896595+00:00
PKGL-02013,,35.71505302,74.17997965,4230.0,22.43292208122944,0.026331102,2026-09-01T06:54:27.896595+00:00
PKGL-02014,,35.71463223,74.14576269,4260.0,22.761502390028063,0.006236598,2026-09-01T06:54:27.896595+00:00
PKGL-02015,,35.72301356,74.16525695,4251.0,21.62101207087194,0.02171251,2026-09-01T06:54:27.896595+00:00
PKGL-02016,,35.71918621,74.16582932,4249.0,22.040792400036224,0.037855296,2026-09-01T06:54:27.896595+00:00
PKGL-02017,,35.74139077,74.19302362,4198.0,19.509106384978946,0.008986239,2026-09-01T06:54:27.896595+00:00
PKGL-02018,,35.74678023,74.164493,4238.0,18.996136564474693,0.024841735,2026-09-01T06:54:27.896595+00:00
PKGL-02019,,35.72855196,74.15012084,4234.0,21.17141037767924,0.001041926,2026-09-01T06:54:27.896595+00:00
PKGL-02020,,35.7441393,74.18066011,4348.0,19.198127423592418,0.000963203,2026-09-01T06:54:27.896595+00:00
PKGL-02021,,35.72711661,74.12234137,4283.0,21.847530527312195,0.002407396,2026-09-01T06:54:27.896595+00:00
PKGL-02022,,35.7187432,74.09769783,4157.0,23.405310191462213,0.001656027,2026-09-01T06:54:27.896595+00:00
PKGL-02023,,35.71777562,74.0961118,4160.0,23.555265116548032,0.012806593,2026-09-01T06:54:27.896595+00:00
PKGL-02024,,35.71581017,74.09253416,4258.0,23.872388762624528,0.002403404,2026-09-01T06:54:27.896595+00:00
PKGL-02025,,35.72609481,74.09029783,4194.0,22.88053207848965,0.039450164,2026-09-01T06:54:27.896595+00:00
PKGL-02026,,35.72392204,74.08727274,4253.0,23.20761530918436,0.001428016,2026-09-01T06:54:27.896595+00:00
PKGL-02027,,35.73184754,74.06048198,3986.0,22.63453185928646,0.012841868,2026-09-01T06:54:27.896595+00:00
PKGL-02028,,35.73543171,74.05762033,3978.0,22.26019206219609,0.004569468,2026-09-01T06:54:27.896595+00:00
PKGL-02029,,35.72889629,74.1007963,4050.0,22.24868096103052,0.001244523,2026-09-01T06:54:27.896595+00:00
PKGL-02030,,35.75638152,74.08009519,4236.0,19.831496915958013,0.005319719,2026-09-01T06:54:27.896595+00:00
PKGL-02031,,35.75735201,74.06925425,4266.0,19.751456750585668,0.009955613,2026-09-01T06:54:27.896595+00:00
PKGL-02032,,35.74904416,74.07322989,4301.0,20.65887018984889,0.001628431,2026-09-01T06:54:27.896595+00:00
PKGL-02033,,35.83795076,74.22486234,4302.0,9.435981661443336,0.009218329,2026-09-01T06:54:27.896595+00:00
PKGL-02034,,35.83057676,74.25377785,4175.0,9.635402886799842,0.002752996,2026-09-01T06:54:27.896595+00:00
PKGL-02035,,35.83098416,74.25320596,4181.0,9.595035618527085,0.003053544,2026-09-01T06:54:27.896595+00:00
PKGL-02036,,35.82998291,74.25329611,4180.0,9.705114800595483,0.000140598,2026-09-01T06:54:27.896595+00:00
PKGL-02037,,35.82868459,74.25341888,4181.0,9.847858429202178,0.005930487,2026-09-01T06:54:27.896595+00:00
PKGL-02038,,35.78732324,74.23445089,4283.0,14.639538943205126,0.004252545,2026-09-01T06:54:27.896595+00:00
PKGL-02039,,35.80280758,74.20072838,4195.0,12.740322282696985,0.004420865,2026-09-01T06:54:27.896595+00:00
PKGL-02040,,35.76561739,74.18262998,4225.0,16.806718774977746,0.004056889,2026-09-01T06:54:27.896595+00:00
PKGL-02041,,35.79584801,74.20643622,4347.0,13.57104177067599,0.001973058,2026-09-01T06:54:27.896595+00:00
PKGL-02042,,35.76850343,74.17508908,4264.0,16.51157116299619,0.001737341,2026-09-01T06:54:27.896595+00:00
PKGL-02043,,35.79433212,74.1488282,4230.0,14.01296093428597,0.002120926,2026-09-01T06:54:27.896595+00:00
PKGL-02044,,35.81823187,74.21312033,4281.0,11.227374360322909,0.021723925,2026-09-01T06:54:27.896595+00:00
PKGL-02045,,35.88810541,73.94778601,4158.0,13.062898501297784,0.009028905,2026-09-01T06:54:27.896595+00:00
PKGL-02046,,35.9486629,73.98004151,4174.0,9.212903403685528,0.04730771,2026-09-01T06:54:27.896595+00:00
PKGL-02047,,35.94307015,73.98196291,4258.0,8.957177500074309,0.003962072,2026-09-01T06:54:27.896595+00:00
PKGL-02048,,35.94486124,73.98093736,4263.0,9.0714897453077,0.00815811,2026-09-01T06:54:27.896595+00:00
PKGL-02049,,35.93921652,73.98506956,4260.0,8.64396806435189,0.189685965,2026-09-01T06:54:27.896595+00:00
PKGL-02050,,35.96543735,74.0029747,4341.0,7.803144308614557,0.01877066,2026-09-01T06:54:27.896595+00:00
PKGL-02051,,35.97019534,74.00462927,4326.0,7.919052364809469,0.086188335,2026-09-01T06:54:27.896595+00:00
PKGL-02052,,35.98191452,74.00343194,4250.0,8.727667595916815,0.047727712,2026-09-01T06:54:27.896595+00:00
PKGL-02053,,35.97445471,73.99385719,4426.0,8.995857213986053,0.073408894,2026-09-01T06:54:27.896595+00:00
PKGL-02054,,35.97170378,73.99106296,4429.0,9.073265259948036,0.0030448,2026-09-01T06:54:27.896595+00:00
PKGL-02055,,35.97174535,73.99234542,4428.0,8.972630109545358,0.003216732,2026-09-01T06:54:27.896595+00:00
PKGL-02056,,36.07342968,73.67435699,4404.0,14.507051821360822,0.009595218,2026-09-01T06:54:27.896595+00:00
PKGL-02057,,36.07215051,73.66999768,4393.0,14.851592488405135,0.005750041,2026-09-01T06:54:27.896595+00:00
PKGL-02058,,36.06017725,73.6726199,4407.0,15.81607272600489,0.008078248,2026-09-01T06:54:27.896595+00:00
PKGL-02059,,36.02263613,73.65425465,4304.0,20.23938303500455,0.032761159,2026-09-01T06:54:27.896595+00:00
PKGL-02060,,36.0221619,73.64547604,4370.0,20.69298523158887,0.001351368,2026-09-01T06:54:27.896595+00:00
PKGL-02061,,36.0216617,73.64682652,4368.0,20.676082856820564,0.032039904,2026-09-01T06:54:27.896595+00:00
PKGL-02062,,35.65170791,73.20456173,3694.0,18.969288841955468,0.010402111,2026-09-01T06:54:27.896595+00:00
PKGL-02063,,35.6517642,73.20248442,3702.0,19.0709033815016,0.029088203,2026-09-01T06:54:27.896595+00:00
PKGL-02064,,35.65809733,73.19644801,3832.0,19.955856053720463,0.007139234,2026-09-01T06:54:27.896595+00:00
PKGL-02065,,35.65923136,73.19602192,3830.0,20.083578687182538,0.004101452,2026-09-01T06:54:27.896595+00:00
PKGL-02066,,35.98045679,73.08810595,4498.0,20.33478413748104,0.001568911,2026-09-01T06:54:27.896595+00:00
PKGL-02067,,35.98013305,73.08279051,4426.0,20.42372265302429,0.002574923,2026-09-01T06:54:27.896595+00:00
PKGL-02068,,35.98010752,73.08102975,4417.0,20.446564491959005,0.000283605,2026-09-01T06:54:27.896595+00:00
PKGL-02069,,35.98223851,73.08209323,4383.0,20.19926876812504,0.001183854,2026-09-01T06:54:27.896595+00:00
PKGL-02070,,35.98084772,73.08193812,4423.0,20.35443831521102,0.000265396,2026-09-01T06:54:27.896595+00:00
PKGL-02071,,35.9810796,73.08217091,4411.0,20.326214496736537,0.000343015,2026-09-01T06:54:27.896595+00:00
PKGL-02072,,35.97779945,73.08316378,4455.0,20.677234375419395,0.000562643,2026-09-01T06:54:27.896595+00:00
PKGL-02073,,35.92424897,73.1016226,4660.0,26.495844280013845,0.003569955,2026-09-01T06:54:27.896595+00:00
PKGL-02074,,35.87582427,73.09562728,4638.0,31.89665262592512,0.004628349,2026-09-01T06:54:27.896595+00:00
PKGL-02075,,35.84786302,73.03189644,4481.0,35.68780102038861,0.002253581,2026-09-01T06:54:27.896595+00:00
PKGL-02076,,35.84774499,73.02997212,4473.0,35.73542952527978,0.001091907,2026-09-01T06:54:27.896595+00:00
PKGL-02077,,35.84479218,73.02643455,4507.0,36.12242796295919,0.001145313,2026-09-01T06:54:27.896595+00:00
PKGL-02078,,35.82766069,73.02359814,4505.0,38.00685971410692,0.005862359,2026-09-01T06:54:27.896595+00:00
PKGL-02079,,35.81430781,73.00468968,4606.0,36.53536956262955,0.001940539,2026-09-01T06:54:27.896595+00:00
PKGL-02080,,35.79793371,72.99014951,4678.0,34.37662924481268,0.001976575,2026-09-01T06:54:27.896595+00:00
PKGL-02081,,35.84331738,72.99793884,4434.0,35.69980918837904,0.032959354,2026-09-01T06:54:27.896595+00:00
PKGL-02082,,35.84464757,72.99599205,4425.0,35.512935777557786,0.003400399,2026-09-01T06:54:27.896595+00:00
PKGL-02083,,35.84100036,72.99505743,4486.0,35.88563345194198,0.009539226,2026-09-01T06:54:27.896595+00:00
PKGL-02084,,35.84249172,72.99473622,4490.0,35.71772339098359,0.003887216,2026-09-01T06:54:27.896595+00:00
PKGL-02085,,35.8745992,73.07935424,4815.0,32.12790803845858,0.000815508,2026-09-01T06:54:27.896595+00:00
PKGL-02086,,35.94320771,73.03881805,4642.0,25.2168198635744,0.001324649,2026-09-01T06:54:27.896595+00:00
PKGL-02087,,35.94225516,73.03748885,4666.0,25.34998139676032,0.006047761,2026-09-01T06:54:27.896595+00:00
PKGL-02088,,35.96324228,73.02041523,4716.0,23.439701065539985,0.000597455,2026-09-01T06:54:27.896595+00:00
PKGL-02089,,35.96532919,73.02070106,4653.0,23.208248095394183,0.002085915,2026-09-01T06:54:27.896595+00:00
PKGL-02090,,36.06928215,73.15397694,4415.0,10.367628718369206,0.004921234,2026-09-01T06:54:27.896595+00:00
PKGL-02091,,36.23934841,73.19551213,4442.0,6.056971333486772,0.001603896,2026-09-01T06:54:27.896595+00:00
PKGL-02092,,36.28054949,73.15928383,4476.0,11.033966365521051,0.001014853,2026-09-01T06:54:27.896595+00:00
PKGL-02093,,35.30553577,76.06760658,4805.0,7.4572098278016945,0.03033448,2026-09-01T06:54:27.896595+00:00
PKGL-02094,,35.3206653,76.02795549,4836.0,7.956747745158762,0.007454063,2026-09-01T06:54:27.896595+00:00
PKGL-02095,,35.47701792,76.52567651,4360.0,15.468425961470034,0.009557099,2026-09-01T06:54:27.896595+00:00
PKGL-02096,,35.47855588,76.52328414,4359.0,15.290041321446235,0.001109991,2026-09-01T06:54:27.896595+00:00
PKGL-02097,,35.4795095,76.52435402,4358.0,15.406842228210529,0.000795075,2026-09-01T06:54:27.896595+00:00
PKGL-02098,,35.48331113,76.53987789,4799.0,16.870361953713946,0.001616504,2026-09-01T06:54:27.896595+00:00
PKGL-02099,,35.41370069,76.64736,3667.0,14.676249980144153,0.007437046,2026-09-01T06:54:27.896595+00:00
PKGL-02100,,35.41411814,76.64614749,3664.0,14.757246629754407,0.001631355,2026-09-01T06:54:27.896595+00:00
PKGL-02101,,35.41473317,76.64954952,3682.0,14.71919843839432,0.000561267,2026-09-01T06:54:27.896595+00:00
PKGL-02102,,35.42354985,76.65099733,3728.0,15.6110748499278,0.005842485,2026-09-01T06:54:27.896595+00:00
PKGL-02103,,35.42501682,76.64921213,3734.0,15.815089206488109,0.001404417,2026-09-01T06:54:27.896595+00:00
PKGL-02104,,35.42673696,76.6495713,3749.0,15.987836214269224,0.000904877,2026-09-01T06:54:27.896595+00:00
PKGL-02105,,35.42326245,76.65399512,3742.0,15.502246294622273,0.001005139,2026-09-01T06:54:27.896595+00:00
PKGL-02106,,35.42254185,76.65948412,3738.0,15.292740141979998,0.004074733,2026-09-01T06:54:27.896595+00:00
PKGL-02107,,35.41698963,76.64251225,3676.0,15.17140967450523,0.001511765,2026-09-01T06:54:27.896595+00:00
PKGL-02108,,35.4469579,76.65896076,3857.0,17.77594506523721,0.001595702,2026-09-01T06:54:27.896595+00:00
PKGL-02109,,35.44623886,76.65669857,3862.0,17.794940310912974,0.000887679,2026-09-01T06:54:27.896595+00:00
PKGL-02110,,35.44862843,76.65144459,3889.0,18.24832225747058,0.002321948,2026-09-01T06:54:27.896595+00:00
PKGL-02111,,35.44823726,76.65211634,3894.0,18.18162387559356,0.000510262,2026-09-01T06:54:27.896595+00:00
PKGL-02112,,35.45105614,76.65078489,3898.0,18.515393943884,0.002062092,2026-09-01T06:54:27.896595+00:00
PKGL-02113,,35.45031617,76.64886496,3907.0,18.5232559425304,0.000135496,2026-09-01T06:54:27.896595+00:00
PKGL-02114,,35.43365147,76.66434138,3803.0,16.233416317485247,0.001465038,2026-09-01T06:54:27.896595+00:00
PKGL-02115,,35.4057687,76.74272071,4819.0,11.413119663768036,0.006852026,2026-09-01T06:54:27.896595+00:00
PKGL-02116,,35.40612667,76.74326325,4822.0,11.452306026916082,0.001070716,2026-09-01T06:54:27.896595+00:00
PKGL-02117,,35.46791859,76.70252203,4127.0,18.71490024380504,0.002739557,2026-09-01T06:54:27.896595+00:00
PKGL-02118,,35.4456573,76.68726965,3924.0,16.677080033448142,0.000397223,2026-09-01T06:54:27.896595+00:00
PKGL-02119,,35.48211259,76.69836101,4226.0,20.33692651275616,0.001294001,2026-09-01T06:54:27.896595+00:00
PKGL-02120,,35.48082919,76.70216571,4223.0,20.12861301420154,0.000272312,2026-09-01T06:54:27.896595+00:00
PKGL-02121,,35.4760228,76.71652531,4162.0,19.391129799810933,0.002323116,2026-09-01T06:54:27.896595+00:00
PKGL-02122,,35.36197476,76.01241714,5010.0,8.471621593879577,0.003405058,2026-09-01T06:54:27.896595+00:00
PKGL-02123,,35.36739475,76.00753666,4819.0,8.365108572452073,0.002551937,2026-09-01T06:54:27.896595+00:00
PKGL-02124,,35.3664519,76.00641211,4809.0,8.51103582700069,0.003823832,2026-09-01T06:54:27.896595+00:00
PKGL-02125,,35.37490648,76.01212748,5072.0,7.504991511603052,0.000706672,2026-09-01T06:54:27.896595+00:00
PKGL-02126,,35.38551671,76.00632843,4785.0,7.271334307761935,0.000357631,2026-09-01T06:54:27.896595+00:00
PKGL-02127,,35.38477583,76.00676981,4791.0,7.277603092127983,0.00123709,2026-09-01T06:54:27.896595+00:00
PKGL-02128,,35.3907523,76.01214003,4703.0,6.53096065178621,0.000600045,2026-09-01T06:54:27.896595+00:00
PKGL-02129,,35.37137813,75.94895941,4736.0,9.6775820812214,0.029308832,2026-09-01T06:54:27.896595+00:00
PKGL-02130,,35.34444788,76.00210994,4844.0,9.383120229815386,0.004009887,2026-09-01T06:54:27.896595+00:00
PKGL-02131,,35.34605761,76.00357032,4876.0,9.60178368498108,0.001341124,2026-09-01T06:54:27.896595+00:00
PKGL-02132,,35.32345595,76.00454826,4296.0,7.4688863870090945,0.00155519,2026-09-01T06:54:27.896595+00:00
PKGL-02133,,35.37407296,75.9737039,4872.0,10.478139742268995,0.006098056,2026-09-01T06:54:27.896595+00:00
PKGL-02134,,35.34622142,75.97106728,4571.0,8.753521799339314,0.000746189,2026-09-01T06:54:27.896595+00:00
PKGL-02135,,35.34740752,75.97087053,4554.0,8.881713518073626,0.000138335,2026-09-01T06:54:27.896595+00:00
PKGL-02136,,35.32326995,76.03342668,4880.0,8.443020807235264,0.000900567,2026-09-01T06:54:27.896595+00:00
PKGL-02137,,35.33699511,76.02744693,4708.0,9.052003073449113,0.017486011,2026-09-01T06:54:27.896595+00:00
PKGL-02138,,35.33759556,76.03817769,4934.0,8.360968052068408,0.011640974,2026-09-01T06:54:27.896595+00:00
PKGL-02139,,35.33449511,76.03893208,4941.0,8.590716257091517,0.00476551,2026-09-01T06:54:27.896595+00:00
PKGL-02140,,35.33674589,76.04051477,4953.0,8.304555858780079,0.000284813,2026-09-01T06:54:27.896595+00:00
PKGL-02141,,35.3369794,76.03318083,4858.0,8.704215442068175,0.000633532,2026-09-01T06:54:27.896595+00:00
PKGL-02142,,35.33645317,76.03339195,4858.0,8.736066074505036,0.001088018,2026-09-01T06:54:27.896595+00:00
PKGL-02143,,35.30874262,76.09073482,4365.0,5.548621526033289,0.086765859,2026-09-01T06:54:27.896595+00:00
PKGL-02144,,35.31534456,76.05620865,5009.0,7.8165502229744765,0.005498197,2026-09-01T06:54:27.896595+00:00
PKGL-02145,,35.31082833,76.05588455,4973.0,8.0617992732636,0.006132715,2026-09-01T06:54:27.896595+00:00
PKGL-02146,,35.33658485,76.07367077,4679.0,5.571928129728707,0.004222331,2026-09-01T06:54:27.896595+00:00
PKGL-02147,,35.37652917,76.03758204,4836.0,5.731193363454563,0.000426951,2026-09-01T06:54:27.896595+00:00
PKGL-02148,,35.37634317,76.03816786,4834.0,5.690085338559549,0.002198203,2026-09-01T06:54:27.896595+00:00
PKGL-02149,,35.37721584,76.0383701,4831.0,5.636228592705007,0.000245912,2026-09-01T06:54:27.896595+00:00
PKGL-02150,,35.35894204,76.03300671,5001.0,7.054965001283874,0.002462891,2026-09-01T06:54:27.896595+00:00
PKGL-02151,,35.35591401,76.07473601,4597.0,4.84682905598805,0.042995268,2026-09-01T06:54:27.896595+00:00
PKGL-02152,,35.35795384,76.07757222,4604.0,4.511892015263335,0.001791626,2026-09-01T06:54:27.896595+00:00
PKGL-02153,,35.36803477,76.19651873,4603.0,6.077664417629622,0.000903927,2026-09-01T06:54:27.896595+00:00
PKGL-02154,,35.39943453,76.64859678,3574.0,13.151952189515937,0.001342046,2026-09-01T06:54:27.896595+00:00
PKGL-02155,,35.39281342,76.64728626,3545.0,12.516716574316346,0.00566454,2026-09-01T06:54:27.896595+00:00
PKGL-02156,,35.38854587,76.64322319,3511.0,12.237981969385404,0.002773487,2026-09-01T06:54:27.896595+00:00
PKGL-02157,,35.38825939,76.64440141,3509.0,12.163130484014086,0.000738209,2026-09-01T06:54:27.896595+00:00
PKGL-02158,,35.40263321,76.64878833,3595.0,13.477152820944363,0.00290173,2026-09-01T06:54:27.896595+00:00
PKGL-02159,,35.40370648,76.64686688,3601.0,13.65138077895933,0.002321458,2026-09-01T06:54:27.896595+00:00
PKGL-02160,,35.40421443,76.64436764,3604.0,13.788080609939245,0.000210584,2026-09-01T06:54:27.896595+00:00
PKGL-02161,,35.39613216,76.64837274,3560.0,12.81883539340182,0.002160514,2026-09-01T06:54:27.896595+00:00
PKGL-02162,,35.39710591,76.64780329,3566.0,12.938595660623834,0.000740388,2026-09-01T06:54:27.896595+00:00
PKGL-02163,,35.39753081,76.64764978,3566.0,12.987591172473142,0.000735265,2026-09-01T06:54:27.896595+00:00
PKGL-02164,,35.39770803,76.6493441,3565.0,12.948517370043689,0.000886717,2026-09-01T06:54:27.896595+00:00
PKGL-02165,,35.36719167,76.65262971,3242.0,9.732487860271872,0.001969317,2026-09-01T06:54:27.896595+00:00
PKGL-02166,,34.98672031,76.21092089,2860.0,2.323679231165262,0.313206398,2026-09-01T06:54:27.896595+00:00
PKGL-02167,,35.05566532,76.26115473,4881.0,10.62652307234814,0.163499495,2026-09-01T06:54:27.896595+00:00
PKGL-02168,,34.98444496,76.39172274,4803.0,8.277371722552287,0.047002994,2026-09-01T06:54:27.896595+00:00
PKGL-02169,,34.98430596,76.3811279,4933.0,7.626488267354271,0.029480806,2026-09-01T06:54:27.896595+00:00
PKGL-02170,,34.98697257,76.38438699,4930.0,8.043784834840476,0.037415601,2026-09-01T06:54:27.896595+00:00
PKGL-02171,,34.9795675,76.39945278,4736.0,8.422937099788241,0.021167634,2026-09-01T06:54:27.896595+00:00
PKGL-02172,,34.97566497,76.3893477,4886.0,7.443134242501544,0.018147109,2026-09-01T06:54:27.896595+00:00
PKGL-02173,,35.01913752,76.37081596,4672.0,10.538924798301922,0.065264505,2026-09-01T06:54:27.896595+00:00
PKGL-02174,,35.024391,76.36337719,4740.0,10.868598708185017,0.006633212,2026-09-01T06:54:27.896595+00:00
PKGL-02175,,35.02436198,76.35613954,4837.0,10.692108699676014,0.026291443,2026-09-01T06:54:27.896595+00:00
PKGL-02176,,35.03642225,76.35254438,4957.0,11.835354860263203,0.00398425,2026-09-01T06:54:27.896595+00:00
PKGL-02177,,35.06442129,76.37750371,4772.0,8.942863834456771,0.078792387,2026-09-01T06:54:27.896595+00:00
PKGL-02178,,35.07425719,76.29300519,4601.0,10.959567283256463,0.101512192,2026-09-01T06:54:27.896595+00:00
PKGL-02179,,35.05953362,76.31210504,4703.0,11.92232161516102,0.052873498,2026-09-01T06:54:27.896595+00:00
PKGL-02180,,35.05295861,76.31417835,4820.0,12.496923255928538,0.048137668,2026-09-01T06:54:27.896595+00:00
PKGL-02181,,35.03682645,76.30833806,4887.0,10.644714200658305,0.042963425,2026-09-01T06:54:27.896595+00:00
PKGL-02182,,35.03359351,76.31046184,4897.0,10.317206780614397,0.023227642,2026-09-01T06:54:27.896595+00:00
PKGL-02183,,35.02933927,76.322624,4900.0,10.091966256580834,0.020847022,2026-09-01T06:54:27.896595+00:00
PKGL-02184,,35.02119595,76.31887591,4754.0,9.12829042348048,0.028060881,2026-09-01T06:54:27.896595+00:00
PKGL-02185,,35.01925332,76.33713905,5051.0,9.501545638032065,0.008443546,2026-09-01T06:54:27.896595+00:00
PKGL-02186,,35.01661556,76.33780428,5023.0,9.263855457774902,0.00126236,2026-09-01T06:54:27.896595+00:00
PKGL-02187,,35.00337234,76.30904086,4712.0,6.989664176424754,0.01120945,2026-09-01T06:54:27.896595+00:00
PKGL-02188,,35.01029661,76.32032005,4745.0,8.005303383839825,0.132926702,2026-09-01T06:54:27.896595+00:00
PKGL-02189,,35.01021129,76.30598909,4686.0,7.6855243875635395,0.013867132,2026-09-01T06:54:27.896595+00:00
PKGL-02190,,34.99892446,76.34600318,4888.0,7.729577764940148,0.003164006,2026-09-01T06:54:27.896595+00:00
PKGL-02191,,34.99637417,76.35645616,4933.0,7.71075787784187,0.002183229,2026-09-01T06:54:27.896595+00:00
PKGL-02192,,35.00197727,76.37567802,5005.0,8.992354589432937,0.017719335,2026-09-01T06:54:27.896595+00:00
PKGL-02193,,35.00609597,76.37129817,5104.0,9.222318750680614,0.015139238,2026-09-01T06:54:27.896595+00:00
PKGL-02194,,35.01183712,76.37177581,4927.0,9.822224923328838,0.0013572,2026-09-01T06:54:27.896595+00:00
PKGL-02195,,35.00693869,76.38805287,4809.0,10.04112021405204,0.002512733,2026-09-01T06:54:27.896595+00:00
PKGL-02196,,35.00852265,76.3873847,4803.0,10.157670212604687,0.000903036,2026-09-01T06:54:27.896595+00:00
PKGL-02197,,35.01338625,76.38952315,4705.0,10.720566299094475,0.001072876,2026-09-01T06:54:27.896595+00:00
PKGL-02198,,35.01313818,76.38889805,4709.0,10.66755240962554,0.000212735,2026-09-01T06:54:27.896595+00:00
PKGL-02199,,35.04928879,76.64976865,4879.0,10.84068169597479,0.003433699,2026-09-01T06:54:27.896595+00:00
PKGL-02200,,35.26550087,77.17593214,3987.0,9.188622933380298,0.014347893,2026-09-01T06:54:27.896595+00:00
PKGL-02201,,35.2556156,77.19461215,4070.0,7.550330479227172,0.000332371,2026-09-01T06:54:27.896595+00:00
PKGL-02202,,35.27769714,77.20654154,4168.0,9.74267518105782,0.000744392,2026-09-01T06:54:27.896595+00:00
PKGL-02203,,35.27009781,77.20818697,4141.0,8.886279762319598,0.001839729,2026-09-01T06:54:27.896595+00:00
PKGL-02204,,35.26682819,77.20755207,4136.0,8.53167184499407,0.000445835,2026-09-01T06:54:27.896595+00:00
PKGL-02205,,35.26867448,77.20579166,4143.0,8.755673063856829,0.000784781,2026-09-01T06:54:27.896595+00:00
PKGL-02206,,35.26830762,77.20693801,4144.0,8.701745910040147,0.000667708,2026-09-01T06:54:27.896595+00:00
PKGL-02207,,35.20505795,77.1990775,3671.0,2.403856949507414,0.005958946,2026-09-01T06:54:27.896595+00:00
PKGL-02208,,35.20561358,77.20073165,3674.0,2.3375176745473447,0.000667768,2026-09-01T06:54:27.896595+00:00
PKGL-02209,,35.20310425,77.2015619,3659.0,2.0908211481047725,0.00232244,2026-09-01T06:54:27.896595+00:00
PKGL-02210,,35.20404329,77.20029664,3655.0,2.246108681929247,0.00072505,2026-09-01T06:54:27.896595+00:00
PKGL-02211,,35.20439377,77.20013823,3655.0,2.28280066082391,0.00101444,2026-09-01T06:54:27.896595+00:00
PKGL-02212,,35.19784652,77.19683396,3642.0,2.1507147234479493,9.84e-05,2026-09-01T06:54:27.896595+00:00
PKGL-02213,,35.19764155,77.1971101,3639.0,2.118981340540333,0.001957767,2026-09-01T06:54:27.896595+00:00
PKGL-02214,,35.23681761,77.18065952,3923.0,6.19343734398409,0.001152398,2026-09-01T06:54:27.896595+00:00
PKGL-02215,,35.23867157,77.17891161,3932.0,6.45314356460441,0.000536634,2026-09-01T06:54:27.896595+00:00
PKGL-02216,,35.242094,77.18038067,3931.0,6.700872911373182,0.001385887,2026-09-01T06:54:27.896595+00:00
PKGL-02217,,35.24214173,77.18111916,3935.0,6.670725872272633,0.000208452,2026-09-01T06:54:27.896595+00:00
PKGL-02218,,35.24077578,77.18582021,3906.0,6.3277886795076,0.00731658,2026-09-01T06:54:27.896595+00:00
PKGL-02219,,35.24078211,77.18677165,3897.0,6.287943593738145,0.000419834,2026-09-01T06:54:27.896595+00:00
PKGL-02220,,35.24511694,77.18267592,3924.0,6.888210346528775,0.000383502,2026-09-01T06:54:27.896595+00:00
PKGL-02221,,35.22947966,77.17847901,3849.0,5.662244861910574,0.000534621,2026-09-01T06:54:27.896595+00:00
PKGL-02222,,35.09639991,76.23366411,4512.0,11.48864380474863,0.217050579,2026-09-01T06:54:27.896595+00:00
PKGL-02223,,35.08960987,76.21747327,4773.0,10.427726357526762,0.008572104,2026-09-01T06:54:27.896595+00:00
PKGL-02224,,35.23281874,77.15883451,3914.0,7.1879048691244325,0.002981392,2026-09-01T06:54:27.896595+00:00
PKGL-02225,,35.23457836,77.15770517,3922.0,7.393701864370268,0.002806413,2026-09-01T06:54:27.896595+00:00
PKGL-02226,,35.23581124,77.15784054,3931.0,7.475823046321825,0.004581968,2026-09-01T06:54:27.896595+00:00
PKGL-02227,,35.23648471,77.15628433,3929.0,7.630946367782282,0.007976065,2026-09-01T06:54:27.896595+00:00
PKGL-02228,,35.0894069,76.22992056,4612.0,11.23549800485803,0.017946747,2026-09-01T06:54:27.896595+00:00
PKGL-02229,,35.08510376,76.25528403,4540.0,11.887492851166574,0.001951598,2026-09-01T06:54:27.896595+00:00
PKGL-02230,,35.0938977,76.28381463,4774.0,9.487198563162538,0.061580886,2026-09-01T06:54:27.896595+00:00
PKGL-02231,,35.08976944,76.28186948,4908.0,9.964801545296488,0.002642386,2026-09-01T06:54:27.896595+00:00
PKGL-02232,,35.09214823,76.25223104,4533.0,11.525139228264116,0.245601412,2026-09-01T06:54:27.896595+00:00
PKGL-02233,,35.17094014,76.20519607,3299.0,3.05589119671076,0.301092331,2026-09-01T06:54:27.896595+00:00
PKGL-02234,,35.08886071,76.18088681,4709.0,8.23507159035077,0.010648265,2026-09-01T06:54:27.896595+00:00
PKGL-02235,,35.08617275,76.19707892,4718.0,8.917659194311907,0.012849134,2026-09-01T06:54:27.896595+00:00
PKGL-02236,,35.09694995,76.20003421,4585.0,10.043969578809357,0.032180702,2026-09-01T06:54:27.896595+00:00
PKGL-02237,,35.08525179,76.2136801,4838.0,9.840596495994928,0.002890421,2026-09-01T06:54:27.896595+00:00
PKGL-02238,,35.08428598,76.3490851,4919.0,8.819549817292863,0.034427292,2026-09-01T06:54:27.896595+00:00
PKGL-02239,,35.0848651,76.35628192,4842.0,8.81305473300773,0.062401139,2026-09-01T06:54:27.896595+00:00
PKGL-02240,,34.99773957,76.91734625,4975.0,13.302770549262949,0.013522009,2026-09-01T06:54:27.896595+00:00
PKGL-02241,,35.0058832,76.91673732,5160.0,12.408240397684036,0.002205827,2026-09-01T06:54:27.896595+00:00
PKGL-02242,,34.95634657,76.91221595,4877.0,10.900000592613152,0.017939512,2026-09-01T06:54:27.896595+00:00
PKGL-02243,,34.94894928,76.39498684,4915.0,6.37189797133951,0.071143893,2026-09-01T06:54:27.896595+00:00
PKGL-02244,,34.95120425,76.39851852,4877.0,6.75775298453612,0.018269793,2026-09-01T06:54:27.896595+00:00
PKGL-02245,,34.96240881,76.40104567,4755.0,7.472059696976471,0.012816135,2026-09-01T06:54:27.896595+00:00
PKGL-02246,,34.93107995,76.40290694,5024.0,6.769579859575277,0.026324461,2026-09-01T06:54:27.896595+00:00
PKGL-02247,,34.92278073,76.42552369,4699.0,8.877597182663518,0.061755645,2026-09-01T06:54:27.896595+00:00
PKGL-02248,,34.91089729,76.43582702,4658.0,10.021282520981597,0.010500102,2026-09-01T06:54:27.896595+00:00
PKGL-02249,,34.9143259,76.41582296,4916.0,8.158211599382856,0.006752138,2026-09-01T06:54:27.896595+00:00
PKGL-02250,,34.91415645,76.42327872,4746.0,8.825727491727422,0.033596218,2026-09-01T06:54:27.896595+00:00
PKGL-02251,,34.92151615,76.43177925,4607.0,9.45964874483296,0.003634084,2026-09-01T06:54:27.896595+00:00
PKGL-02252,,34.90608026,76.43291353,4747.0,9.898377244615808,0.021237977,2026-09-01T06:54:27.896595+00:00
PKGL-02253,,34.95846428,76.43313852,4806.0,9.08379113447239,0.016648147,2026-09-01T06:54:27.896595+00:00
PKGL-02254,,34.95753247,76.43255123,4813.0,9.183044299117377,0.003155466,2026-09-01T06:54:27.896595+00:00
PKGL-02255,,34.95750581,76.43388818,4804.0,9.080602913781494,0.009984785,2026-09-01T06:54:27.896595+00:00
PKGL-02256,,34.88017728,76.42865713,4894.0,10.72185601420779,0.018014216,2026-09-01T06:54:27.896595+00:00
PKGL-02257,,34.87230231,76.41956364,4973.0,10.543627113186796,0.007501302,2026-09-01T06:54:27.896595+00:00
PKGL-02258,,34.86728409,76.42280937,4931.0,11.124251410691716,0.001538895,2026-09-01T06:54:27.896595+00:00
PKGL-02259,,34.86731787,76.42368179,4932.0,11.183407576846088,0.001613263,2026-09-01T06:54:27.896595+00:00
PKGL-02260,,34.84833347,76.441288,4704.0,13.71347463784186,0.00412298,2026-09-01T06:54:27.896595+00:00
PKGL-02261,,34.83530075,76.42059271,5029.0,11.34840927525104,0.003551428,2026-09-01T06:54:27.896595+00:00
PKGL-02262,,34.83461152,76.42062589,5026.0,11.296791770224177,0.000653733,2026-09-01T06:54:27.896595+00:00
PKGL-02263,,34.99112605,77.1164661,5086.0,13.836447695121144,0.018549256,2026-09-01T06:54:27.896595+00:00
PKGL-02264,,34.98978985,77.11780801,5086.0,13.7597861671784,0.001632093,2026-09-01T06:54:27.896595+00:00
PKGL-02265,,34.98952548,77.10946314,4983.0,13.39972476936956,0.001893907,2026-09-01T06:54:27.896595+00:00
PKGL-02266,,34.98768363,77.11377815,4987.0,13.384537131538666,0.006057933,2026-09-01T06:54:27.896595+00:00
PKGL-02267,,34.81837311,76.40906486,4816.0,9.2956431851343,0.079040062,2026-09-01T06:54:27.896595+00:00
PKGL-02268,,34.81380718,76.42336645,5018.0,10.024412127881543,0.001675048,2026-09-01T06:54:27.896595+00:00
PKGL-02269,,34.81804684,76.394758,4854.0,8.32805684806275,0.001983924,2026-09-01T06:54:27.896595+00:00
PKGL-02270,,34.82179185,76.38718651,4932.0,8.195915847273234,0.006070202,2026-09-01T06:54:27.896595+00:00
PKGL-02271,,34.82331739,76.38563711,4944.0,8.246391455771459,0.001359868,2026-09-01T06:54:27.896595+00:00
PKGL-02272,,34.82469413,76.38591497,4907.0,8.38517353115665,0.000703897,2026-09-01T06:54:27.896595+00:00
PKGL-02273,,34.82900247,76.38105407,4823.0,8.538864792927415,0.0165181,2026-09-01T06:54:27.896595+00:00
PKGL-02274,,34.83429763,76.37302776,4990.0,8.709147809307375,0.019997835,2026-09-01T06:54:27.896595+00:00
PKGL-02275,,34.85383191,76.38252863,4688.0,9.8767543647808,0.122639727,2026-09-01T06:54:27.896595+00:00
PKGL-02276,,34.85844865,76.37490718,4734.0,9.09218703230854,0.004882639,2026-09-01T06:54:27.896595+00:00
PKGL-02277,,34.84260926,76.4135739,4859.0,11.5108518198416,0.013799118,2026-09-01T06:54:27.896595+00:00
PKGL-02278,,34.83860454,76.4150607,4851.0,11.264872546650858,0.049919515,2026-09-01T06:54:27.896595+00:00
PKGL-02279,,34.8523842,76.42983302,4941.0,12.70248637659415,0.003279319,2026-09-01T06:54:27.896595+00:00
PKGL-02280,,34.8526507,76.47609163,4850.0,14.486656310917924,0.096628436,2026-09-01T06:54:27.896595+00:00
PKGL-02281,,34.85837718,76.47433909,4820.0,13.978931222312587,0.04535171,2026-09-01T06:54:27.896595+00:00
PKGL-02282,,34.85086298,76.51140109,4907.0,13.055641483218244,0.034072668,2026-09-01T06:54:27.896595+00:00
PKGL-02283,,34.85484024,76.51897408,4827.0,12.299877787897747,0.00142907,2026-09-01T06:54:27.896595+00:00
PKGL-02284,,34.85795532,76.49685749,5029.0,13.249220684151716,0.000853843,2026-09-01T06:54:27.896595+00:00
PKGL-02285,,34.85910875,76.4973153,5045.0,13.11433417121648,0.000673357,2026-09-01T06:54:27.896595+00:00
PKGL-02286,,34.87147728,76.50450261,4864.0,11.605351546217696,0.014362143,2026-09-01T06:54:27.896595+00:00
PKGL-02287,,34.87014596,76.501418,4918.0,11.831478085816094,0.003593224,2026-09-01T06:54:27.896595+00:00
PKGL-02288,,34.86583975,76.50050039,4900.0,12.312785991109742,0.066447603,2026-09-01T06:54:27.896595+00:00
PKGL-02289,,34.80584539,76.38072886,4909.0,6.462278796039964,0.009788055,2026-09-01T06:54:27.896595+00:00
PKGL-02290,,34.80551247,76.37324338,4932.0,5.986109980627655,0.004326992,2026-09-01T06:54:27.896595+00:00
PKGL-02291,,34.80524319,76.37160877,4931.0,5.870291275414097,0.002147254,2026-09-01T06:54:27.896595+00:00
PKGL-02292,,34.81398034,76.49507034,4938.0,13.664189720400648,0.022385562,2026-09-01T06:54:27.896595+00:00
PKGL-02293,,34.81044317,76.50203476,4760.0,13.26261317510352,0.137126253,2026-09-01T06:54:27.896595+00:00
PKGL-02294,,34.81332996,76.51717797,4771.0,13.66807488974918,0.159133572,2026-09-01T06:54:27.896595+00:00
PKGL-02295,,34.78936002,76.49190922,4984.0,10.94570771304184,0.074481094,2026-09-01T06:54:27.896595+00:00
PKGL-02296,,34.783863,76.48029342,5049.0,10.470362690716687,0.01892339,2026-09-01T06:54:27.896595+00:00
PKGL-02297,,34.77970228,76.47076625,4952.0,10.211709751519615,0.010484541,2026-09-01T06:54:27.896595+00:00
PKGL-02298,,34.77748219,76.44652492,4867.0,10.549388226920874,0.014748126,2026-09-01T06:54:27.896595+00:00
PKGL-02299,,34.77663081,76.44386646,4867.0,10.29546229160198,0.010000063,2026-09-01T06:54:27.896595+00:00
PKGL-02300,,34.77740016,76.43930074,4802.0,9.895813289318712,0.020021489,2026-09-01T06:54:27.896595+00:00
PKGL-02301,,34.78180038,76.45816862,5077.0,10.793817772018103,0.007710111,2026-09-01T06:54:27.896595+00:00
PKGL-02302,,34.771104,76.4807159,4822.0,9.069560966099694,0.027215546,2026-09-01T06:54:27.896595+00:00
PKGL-02303,,34.77502448,76.48120887,4873.0,9.488667506528843,0.067013206,2026-09-01T06:54:27.896595+00:00
PKGL-02304,,34.76491513,76.49377137,4636.0,8.222401496101293,0.016527243,2026-09-01T06:54:27.896595+00:00
PKGL-02305,,34.77151156,76.49986556,4761.0,8.933060835426748,0.091094515,2026-09-01T06:54:27.896595+00:00
PKGL-02306,,34.78347841,76.50628759,5005.0,10.277147674965136,0.031800446,2026-09-01T06:54:27.896595+00:00
PKGL-02307,,34.7800729,76.51445838,5053.0,9.966816745902989,0.003883725,2026-09-01T06:54:27.896595+00:00
PKGL-02308,,34.76992942,76.4831551,4823.0,8.899225042682717,0.002955772,2026-09-01T06:54:27.896595+00:00
PKGL-02309,,34.77109679,76.48532611,4810.0,8.994270012890482,0.003928125,2026-09-01T06:54:27.896595+00:00
PKGL-02310,,34.76896209,76.47450391,4855.0,8.969677368146236,0.050605991,2026-09-01T06:54:27.896595+00:00
PKGL-02311,,34.77198663,76.46877585,4894.0,9.441754981707824,0.003099902,2026-09-01T06:54:27.896595+00:00
PKGL-02312,,34.77066198,76.46940793,4897.0,9.283852458917444,0.001941345,2026-09-01T06:54:27.896595+00:00
PKGL-02313,,34.7767713,76.46788275,4943.0,9.97348860946645,0.00279782,2026-09-01T06:54:27.896595+00:00
PKGL-02314,,34.7755289,76.46046425,5030.0,10.06779945764814,0.001718208,2026-09-01T06:54:27.896595+00:00
PKGL-02315,,34.76707563,76.46045201,4985.0,9.198956037094236,0.009108031,2026-09-01T06:54:27.896595+00:00
PKGL-02316,,34.76266522,76.46162266,4948.0,8.707039607564218,0.026103303,2026-09-01T06:54:27.896595+00:00
PKGL-02317,,34.76184449,76.46845888,4894.0,8.385766255982455,0.147360715,2026-09-01T06:54:27.896595+00:00
PKGL-02318,,34.75807498,76.47385558,4829.0,7.827176012692989,0.018650045,2026-09-01T06:54:27.896595+00:00
PKGL-02319,,34.75615083,76.48068053,4773.0,7.448414831949294,0.010578069,2026-09-01T06:54:27.896595+00:00
PKGL-02320,,34.75955512,76.48572337,4667.0,7.722355180337447,0.006661712,2026-09-01T06:54:27.896595+00:00
PKGL-02321,,34.75880426,76.48733355,4663.0,7.615533536130225,0.00908809,2026-09-01T06:54:27.896595+00:00
PKGL-02322,,34.75001962,76.47701815,4868.0,6.886025072776272,0.020217602,2026-09-01T06:54:27.896595+00:00
PKGL-02323,,34.76144195,76.4517945,4981.0,8.992092220845405,0.029572348,2026-09-01T06:54:27.896595+00:00
PKGL-02324,,34.76199507,76.44838108,4986.0,9.2030843114375,0.016334942,2026-09-01T06:54:27.896595+00:00
PKGL-02325,,34.76197403,76.42595992,4751.0,8.557806222610466,0.071567631,2026-09-01T06:54:27.896595+00:00
PKGL-02326,,34.78136377,76.42823493,4748.0,8.985878515800385,0.030787262,2026-09-01T06:54:27.896595+00:00
PKGL-02327,,34.78988733,76.4406628,4962.0,10.324120910206238,0.002042093,2026-09-01T06:54:27.896595+00:00
PKGL-02328,,34.78957584,76.44108904,4954.0,10.351702490332483,0.000861388,2026-09-01T06:54:27.896595+00:00
PKGL-02329,,34.79242007,76.45666348,5001.0,11.805987196574137,0.001350583,2026-09-01T06:54:27.896595+00:00
PKGL-02330,,34.79854505,76.46976463,4954.0,12.2646679341415,0.009518832,2026-09-01T06:54:27.896595+00:00
PKGL-02331,,34.79724631,76.46061163,4874.0,12.305996288749707,0.002243449,2026-09-01T06:54:27.896595+00:00
PKGL-02332,,34.79650251,76.46125006,4876.0,12.2484847711667,0.003985782,2026-09-01T06:54:27.896595+00:00
PKGL-02333,,34.79676915,76.46277967,4889.0,12.23674109822927,0.000464259,2026-09-01T06:54:27.896595+00:00
PKGL-02334,,34.79494047,76.46906359,4955.0,11.890184179128369,0.004972653,2026-09-01T06:54:27.896595+00:00
PKGL-02335,,34.75956368,76.54660702,5146.0,8.693802037908949,0.011730441,2026-09-01T06:54:27.896595+00:00
PKGL-02336,,34.75558213,76.54550246,5080.0,8.258641988233713,0.017801116,2026-09-01T06:54:27.896595+00:00
PKGL-02337,,34.7549149,76.53921618,5213.0,7.921628711198946,0.038469472,2026-09-01T06:54:27.896595+00:00
PKGL-02338,,34.76353302,76.53028556,5034.0,8.493724458108,0.000477742,2026-09-01T06:54:27.896595+00:00
PKGL-02339,,34.76297174,76.53122268,5036.0,8.462659578158846,0.011814131,2026-09-01T06:54:27.896595+00:00
PKGL-02340,,34.77164813,76.56633092,5012.0,10.782372186809209,0.009039969,2026-09-01T06:54:27.896595+00:00
PKGL-02341,,34.76455176,76.56815124,5140.0,10.236852782118056,0.008604008,2026-09-01T06:54:27.896595+00:00
PKGL-02342,,34.76416083,76.5718747,5109.0,10.411977861123017,0.006402372,2026-09-01T06:54:27.896595+00:00
PKGL-02343,,34.7641545,76.57394528,5083.0,10.531013877334438,0.00451386,2026-09-01T06:54:27.896595+00:00
PKGL-02344,,34.76786106,76.58582905,4986.0,10.7454704038006,0.018204369,2026-09-01T06:54:27.896595+00:00
PKGL-02345,,34.75607915,76.58858886,5084.0,9.497125478112617,0.016182612,2026-09-01T06:54:27.896595+00:00
PKGL-02346,,34.77411691,76.59070636,4799.0,11.146142182038616,0.011425791,2026-09-01T06:54:27.896595+00:00
PKGL-02347,,34.7783552,76.66832091,4634.0,10.664331229405493,0.031476635,2026-09-01T06:54:27.896595+00:00
PKGL-02348,,34.76480039,76.71068285,5120.0,10.76837610208906,0.111743458,2026-09-01T06:54:27.896595+00:00
PKGL-02349,,34.78443655,76.72610973,5110.0,11.46053511793613,0.014637506,2026-09-01T06:54:27.896595+00:00
PKGL-02350,,34.74813059,76.8190128,4566.0,9.623401974320542,0.023905033,2026-09-01T06:54:27.896595+00:00
PKGL-02351,,34.74152742,76.81392878,4643.0,10.037129833494951,0.004513202,2026-09-01T06:54:27.896595+00:00
PKGL-02352,,34.74819835,76.39645866,4757.0,6.102948411550036,0.029393462,2026-09-01T06:54:27.896595+00:00
PKGL-02353,,34.74684774,76.39958528,4779.0,6.419474464494982,0.012449744,2026-09-01T06:54:27.896595+00:00
PKGL-02354,,34.75520832,76.39056129,4696.0,5.401569662618038,0.004595161,2026-09-01T06:54:27.896595+00:00
PKGL-02355,,34.75698651,76.4141083,4748.0,7.508521110613396,0.034661843,2026-09-01T06:54:27.896595+00:00
PKGL-02356,,34.75169789,76.43612279,4895.0,8.939005753953763,0.042778403,2026-09-01T06:54:27.896595+00:00
PKGL-02357,,34.74828368,76.45193735,4831.0,7.747394351890378,0.040913425,2026-09-01T06:54:27.896595+00:00
PKGL-02358,,34.73456334,76.46510567,4587.0,5.808681540751636,0.006099777,2026-09-01T06:54:27.896595+00:00
PKGL-02359,,34.75602773,76.4526006,4868.0,8.435842647290592,0.002400732,2026-09-01T06:54:27.896595+00:00
PKGL-02360,,34.75499793,76.45238032,4868.0,8.348771099946537,0.001637672,2026-09-01T06:54:27.896595+00:00
PKGL-02361,,34.73501242,76.42974313,4831.0,7.86449519069123,0.015429385,2026-09-01T06:54:27.896595+00:00
PKGL-02362,,34.7421012,76.56027533,4881.0,7.868632939195749,0.034390262,2026-09-01T06:54:27.896595+00:00
PKGL-02363,,34.67530298,76.58169928,4986.0,5.732919102785179,0.006529871,2026-09-01T06:54:27.896595+00:00
PKGL-02364,,34.68698924,76.5732209,4929.0,6.569410736740902,0.005826837,2026-09-01T06:54:27.896595+00:00
PKGL-02365,,34.69508172,76.70149413,4871.0,5.296545428919011,0.020759295,2026-09-01T06:54:27.896595+00:00
PKGL-02366,,34.69616367,76.70840298,4948.0,5.939111591435863,0.039801467,2026-09-01T06:54:27.896595+00:00
PKGL-02367,,34.70903152,76.73292206,5087.0,8.488714805243653,0.001425003,2026-09-01T06:54:27.896595+00:00
PKGL-02368,,34.70845693,76.734708,5061.0,8.623373373031828,0.000534928,2026-09-01T06:54:27.896595+00:00
PKGL-02369,,34.70780466,76.73395162,5064.0,8.53528245283242,0.006559892,2026-09-01T06:54:27.896595+00:00
PKGL-02370,,34.70941491,76.74418209,4879.0,9.481209457222842,0.000488479,2026-09-01T06:54:27.896595+00:00
PKGL-02371,,34.70614231,76.74757345,4917.0,9.680854802077988,0.000873476,2026-09-01T06:54:27.896595+00:00
PKGL-02372,,34.71758097,76.72969082,5084.0,8.57375909876693,0.010318078,2026-09-01T06:54:27.896595+00:00
PKGL-02373,,34.72007642,76.72754071,5121.0,8.52234923296257,0.004148867,2026-09-01T06:54:27.896595+00:00
PKGL-02374,,34.7184523,76.72322393,5130.0,8.089129533748167,0.001040786,2026-09-01T06:54:27.896595+00:00
PKGL-02375,,34.73067511,76.68923905,5003.0,6.543996276228585,0.004797907,2026-09-01T06:54:27.896595+00:00
PKGL-02376,,34.73325348,76.69115641,5086.0,6.877814356847413,0.003875496,2026-09-01T06:54:27.896595+00:00
PKGL-02377,,34.73413027,76.68992589,5092.0,6.88751740762169,0.00044019,2026-09-01T06:54:27.896595+00:00
PKGL-02378,,34.73430842,76.69116574,5117.0,6.971380542917957,0.000239576,2026-09-01T06:54:27.896595+00:00
PKGL-02379,,34.73337209,76.69694433,5165.0,7.224100619206658,0.001321917,2026-09-01T06:54:27.896595+00:00
PKGL-02380,,34.73148409,76.68109821,5068.0,6.188665875118437,0.015030814,2026-09-01T06:54:27.896595+00:00
PKGL-02381,,34.73108955,76.75543919,4594.0,11.349440270691767,0.002492003,2026-09-01T06:54:27.896595+00:00
PKGL-02382,,34.72685622,76.77709987,4968.0,12.962609500094889,0.029600155,2026-09-01T06:54:27.896595+00:00
PKGL-02383,,34.71341092,76.80796224,4872.0,10.950860166825503,0.020603998,2026-09-01T06:54:27.896595+00:00
PKGL-02384,,34.70256788,76.79412669,5090.0,12.512538709590658,0.017260238,2026-09-01T06:54:27.896595+00:00
PKGL-02385,,34.69765713,76.79527117,5155.0,12.601871299541545,0.003739358,2026-09-01T06:54:27.896595+00:00
PKGL-02386,,34.70307926,76.78947413,5155.0,12.89812004567624,0.001295137,2026-09-01T06:54:27.896595+00:00
PKGL-02387,,34.68212582,76.75019215,5100.0,9.617465904861522,0.020756787,2026-09-01T06:54:27.896595+00:00
PKGL-02388,,34.670957,76.75761965,4968.0,10.396059782004292,0.303477682,2026-09-01T06:54:27.896595+00:00
PKGL-02389,,34.66470025,76.7588468,4962.0,10.585166057965996,0.000843994,2026-09-01T06:54:27.896595+00:00
PKGL-02390,,34.64876078,76.7595242,5232.0,10.800161762794689,0.008528601,2026-09-01T06:54:27.896595+00:00
PKGL-02391,,34.60598958,76.72454743,4999.0,8.79991735264291,0.025420064,2026-09-01T06:54:27.896595+00:00
PKGL-02392,,34.72044444,76.83975331,5072.0,7.941761826189535,0.015838978,2026-09-01T06:54:27.896595+00:00
PKGL-02393,,34.69954086,76.85677784,4765.0,7.5188186466242355,0.027385295,2026-09-01T06:54:27.896595+00:00
PKGL-02394,,34.69289361,77.02218389,5206.0,10.347925737900471,0.029581254,2026-09-01T06:54:27.896595+00:00
PKGL-02395,,34.69004811,77.02115583,5242.0,10.427499488938782,0.001045589,2026-09-01T06:54:27.896595+00:00
PKGL-02396,,34.69156015,77.01845301,5203.0,10.128993891400524,0.001559701,2026-09-01T06:54:27.896595+00:00
PKGL-02397,,34.67422368,77.07093841,4985.0,6.578101728743049,0.018005866,2026-09-01T06:54:27.896595+00:00
PKGL-02398,,34.67866087,77.08524811,4782.0,5.640000173352265,0.001817273,2026-09-01T06:54:27.896595+00:00
PKGL-02399,,34.67910316,77.08392565,4782.0,5.768546692836342,0.001064948,2026-09-01T06:54:27.896595+00:00
PKGL-02400,,34.70063541,77.0678219,5263.0,7.538071084978823,0.002340264,2026-09-01T06:54:27.896595+00:00
PKGL-02401,,34.70680344,77.0735463,5138.0,7.054031539722181,0.006262854,2026-09-01T06:54:27.896595+00:00
PKGL-02402,,34.70796899,77.07661509,5118.0,6.790634920340154,0.00144585,2026-09-01T06:54:27.896595+00:00
PKGL-02403,,34.70974722,77.07520363,5099.0,6.9463831815268176,0.009773587,2026-09-01T06:54:27.896595+00:00
PKGL-02404,,34.70407212,77.07198862,5164.0,7.170542066282939,0.00098403,2026-09-01T06:54:27.896595+00:00
PKGL-02405,,34.7066208,77.07584296,5139.0,6.843121677461057,0.000546265,2026-09-01T06:54:27.896595+00:00
PKGL-02406,,34.69757329,77.03183907,5049.0,10.76785739055983,0.002193969,2026-09-01T06:54:27.896595+00:00
PKGL-02407,,34.6850769,76.9516276,4971.0,6.498958557143697,0.011115248,2026-09-01T06:54:27.896595+00:00
PKGL-02408,,34.68601717,76.9530365,4960.0,6.455290663018034,0.001917657,2026-09-01T06:54:27.896595+00:00
PKGL-02409,,34.69511297,76.98159742,4536.0,7.184247693729844,0.003460773,2026-09-01T06:54:27.896595+00:00
PKGL-02410,,34.62460188,76.96764835,5023.0,13.321965589928311,0.000670591,2026-09-01T06:54:27.896595+00:00
PKGL-02411,,34.62413423,76.96771502,5024.0,13.373391532079502,0.000347415,2026-09-01T06:54:27.896595+00:00
PKGL-02412,,34.62160164,76.96820387,5025.0,13.655491123179866,0.04765394,2026-09-01T06:54:27.896595+00:00
PKGL-02413,,34.61493446,76.97505216,5170.0,13.540057118425318,0.002715812,2026-09-01T06:54:27.896595+00:00
PKGL-02414,,34.62434244,76.72490293,4964.0,8.518835455827409,0.010602919,2026-09-01T06:54:27.896595+00:00
PKGL-02415,,34.62560963,76.72236335,4979.0,8.28258213482445,0.000502105,2026-09-01T06:54:27.896595+00:00
PKGL-02416,,34.58773936,76.73242158,5108.0,10.182581747915178,0.003008478,2026-09-01T06:54:27.896595+00:00
PKGL-02417,,34.5871612,76.76307425,5205.0,10.64520481900026,0.015086647,2026-09-01T06:54:27.896595+00:00
PKGL-02418,,34.59311004,76.78727417,5221.0,11.735519238193572,0.004467185,2026-09-01T06:54:27.896595+00:00
PKGL-02419,,34.58591878,76.80730487,5219.0,11.66438551453768,0.016845047,2026-09-01T06:54:27.896595+00:00
PKGL-02420,,34.58677245,76.81310402,5309.0,11.99357745472092,0.092879271,2026-09-01T06:54:27.896595+00:00
PKGL-02421,,34.58085845,76.81263419,5264.0,11.398533318208315,0.012092483,2026-09-01T06:54:27.896595+00:00
PKGL-02422,,34.60660334,76.77783115,4960.0,12.986978455683293,0.019154142,2026-09-01T06:54:27.896595+00:00
PKGL-02423,,34.60664671,76.77565439,4955.0,12.954973601401068,0.000725508,2026-09-01T06:54:27.896595+00:00
PKGL-02424,,34.60077686,76.77790291,5089.0,12.353096488037414,0.00187777,2026-09-01T06:54:27.896595+00:00
PKGL-02425,,34.59761545,76.77204517,5059.0,11.909048989651296,0.000946649,2026-09-01T06:54:27.896595+00:00
PKGL-02426,,34.59738092,76.77304999,5058.0,11.898857891010351,0.000382451,2026-09-01T06:54:27.896595+00:00
PKGL-02427,,34.59685576,76.74315237,5021.0,10.724925853679991,0.002887726,2026-09-01T06:54:27.896595+00:00
PKGL-02428,,34.59592069,76.76740578,5066.0,11.659678810396963,0.002100305,2026-09-01T06:54:27.896595+00:00
PKGL-02429,,34.59620976,76.7702664,5050.0,11.728833609828646,0.003144436,2026-09-01T06:54:27.896595+00:00
PKGL-02430,,34.59404786,76.75445438,4996.0,11.355230655425922,0.001209187,2026-09-01T06:54:27.896595+00:00
PKGL-02431,,34.59373947,76.75525222,5007.0,11.323447132227136,0.000575149,2026-09-01T06:54:27.896595+00:00
PKGL-02432,,34.5951516,76.76558615,5050.0,11.553980131090084,0.000329008,2026-09-01T06:54:27.896595+00:00
PKGL-02433,,34.57205186,76.77909981,4860.0,9.277854965678513,0.010205542,2026-09-01T06:54:27.896595+00:00
PKGL-02434,,34.5673623,76.81701881,5171.0,10.35585497557368,0.042148314,2026-09-01T06:54:27.896595+00:00
PKGL-02435,,34.56792198,76.8220673,5141.0,10.68311667955192,0.002174628,2026-09-01T06:54:27.896595+00:00
PKGL-02436,,34.5676666,76.82241783,5137.0,10.680428670523542,0.000593465,2026-09-01T06:54:27.896595+00:00
PKGL-02437,,34.57213933,76.81443749,5176.0,10.658768746273322,0.015404017,2026-09-01T06:54:27.896595+00:00
PKGL-02438,,34.57323574,76.8179749,5167.0,10.940276490961562,0.000871375,2026-09-01T06:54:27.896595+00:00
PKGL-02439,,34.573863,76.8170203,5169.0,10.949135899183943,0.000971713,2026-09-01T06:54:27.896595+00:00
PKGL-02440,,34.56592983,76.82607139,5090.0,10.741160519592224,0.002514004,2026-09-01T06:54:27.896595+00:00
PKGL-02441,,34.56540272,76.82468363,5101.0,10.614683209833396,0.000725386,2026-09-01T06:54:27.896595+00:00
PKGL-02442,,34.56691993,76.83212034,5093.0,11.187488433559224,0.000629421,2026-09-01T06:54:27.896595+00:00
PKGL-02443,,34.5674367,76.831891,5092.0,11.216388503656669,0.00052014,2026-09-01T06:54:27.896595+00:00
PKGL-02444,,34.57025754,76.82968194,5046.0,11.32237828524811,0.003119034,2026-09-01T06:54:27.896595+00:00
PKGL-02445,,34.56093779,76.8488474,5077.0,10.831371909589013,0.044448911,2026-09-01T06:54:27.896595+00:00
PKGL-02446,,34.56276278,76.85243566,5133.0,11.02493921477025,0.001192789,2026-09-01T06:54:27.896595+00:00
PKGL-02447,,34.56210049,76.85239845,5136.0,10.951347356017314,0.000825678,2026-09-01T06:54:27.896595+00:00
PKGL-02448,,34.55706401,76.8425124,5299.0,10.443512769738586,0.002535417,2026-09-01T06:54:27.896595+00:00
PKGL-02449,,34.54820362,76.87198986,5196.0,9.548471607820236,0.003547533,2026-09-01T06:54:27.896595+00:00
PKGL-02450,,35.30314949,76.05120662,5063.0,7.665448702273843,0.028435558,2026-09-01T06:54:27.896595+00:00
PKGL-02451,,35.35737201,76.00352019,4804.0,9.399288818651902,0.040823834,2026-09-01T06:54:27.896595+00:00
PKGL-02452,,35.29805627,76.04525701,4875.0,6.884994322497782,0.001510359,2026-09-01T06:54:27.896595+00:00
PKGL-02453,,35.29894497,76.04678771,4870.0,7.05436822157698,0.000394415,2026-09-01T06:54:27.896595+00:00
PKGL-02454,,35.30259854,76.08396251,4648.0,6.2948592355524005,0.00057366,2026-09-01T06:54:27.896595+00:00
PKGL-02455,,35.30380646,76.08388299,4637.0,6.268799470237197,0.004719154,2026-09-01T06:54:27.896595+00:00
PKGL-02456,,35.2945628,76.09088741,4662.0,6.004413617885168,0.009267017,2026-09-01T06:54:27.896595+00:00
PKGL-02457,,35.29479552,76.09452453,4677.0,5.694793651495899,0.00154182,2026-09-01T06:54:27.896595+00:00
PKGL-02458,,35.29326452,76.09545366,4686.0,5.696193456056024,0.000487874,2026-09-01T06:54:27.896595+00:00
PKGL-02459,,35.18699574,76.15602675,2441.0,0.3480043934572119,0.00064321,2026-09-01T06:54:27.896595+00:00
PKGL-02460,,35.18640051,76.16319728,2445.0,0.3907728798096355,0.000135445,2026-09-01T06:54:27.896595+00:00
PKGL-02461,,35.18646836,76.16218754,2442.0,0.3095824547296057,0.001975388,2026-09-01T06:54:27.896595+00:00
PKGL-02462,,35.18461464,76.1634656,2440.0,0.3967117667567759,0.001778519,2026-09-01T06:54:27.896595+00:00
PKGL-02463,,35.10764547,76.19797688,4565.0,9.317426992728048,0.000540458,2026-09-01T06:54:27.896595+00:00
PKGL-02464,,35.10258634,76.19913198,4576.0,9.878558899618204,0.004214663,2026-09-01T06:54:27.896595+00:00
PKGL-02465,,35.08925416,76.1688088,4698.0,7.163493305622627,0.000218146,2026-09-01T06:54:27.896595+00:00
PKGL-02466,,35.06476517,76.22070142,4864.0,8.924377813364234,0.002017507,2026-09-01T06:54:27.896595+00:00
PKGL-02467,,35.0594024,76.20342055,4629.0,7.279214802130199,0.000664457,2026-09-01T06:54:27.896595+00:00
PKGL-02468,,35.08729447,76.2833805,4918.0,10.116745535455909,0.000349218,2026-09-01T06:54:27.896595+00:00
PKGL-02469,,35.08645815,76.28258735,4917.0,10.23406374952481,0.000899149,2026-09-01T06:54:27.896595+00:00
PKGL-02470,,35.09682635,76.27347846,4991.0,9.811741480774574,0.00046595,2026-09-01T06:54:27.896595+00:00
PKGL-02471,,35.09689826,76.27571205,4960.0,9.673780014844684,0.000643905,2026-09-01T06:54:27.896595+00:00
PKGL-02472,,35.09643856,76.27515553,4961.0,9.74548667502449,0.000317961,2026-09-01T06:54:27.896595+00:00
PKGL-02473,,35.09653472,76.27746764,4949.0,9.603160189363514,0.001278423,2026-09-01T06:54:27.896595+00:00
PKGL-02474,,35.09865005,76.28729662,4699.0,8.873005514081365,0.008505796,2026-09-01T06:54:27.896595+00:00
PKGL-02475,,35.10324316,76.29106172,4597.0,8.25837052606903,0.004003665,2026-09-01T06:54:27.896595+00:00
PKGL-02476,,35.08390988,76.36160164,4819.0,8.991119947148444,0.001012687,2026-09-01T06:54:27.896595+00:00
PKGL-02477,,35.0884756,76.3620603,4762.0,8.499764814037205,0.003990056,2026-09-01T06:54:27.896595+00:00
PKGL-02478,,35.07303596,76.3809468,4667.0,8.326847866767341,0.023779586,2026-09-01T06:54:27.896595+00:00
PKGL-02479,,35.01275674,76.35857832,4951.0,9.503822602704032,0.002482434,2026-09-01T06:54:27.896595+00:00
PKGL-02480,,34.98256611,76.37819262,4967.0,7.308591671065944,0.001193349,2026-09-01T06:54:27.896595+00:00
PKGL-02481,,34.98332045,76.37467306,5038.0,7.182822556230524,0.000306726,2026-09-01T06:54:27.896595+00:00
PKGL-02482,,34.98287239,76.3745682,5033.0,7.13683556470658,0.000633927,2026-09-01T06:54:27.896595+00:00
PKGL-02483,,34.81170642,76.35180156,4736.0,5.651127424064115,0.028446595,2026-09-01T06:54:27.896595+00:00
PKGL-02484,,34.81035367,76.33381245,4921.0,5.2144450137586045,0.001219938,2026-09-01T06:54:27.896595+00:00
PKGL-02485,,34.80994091,76.33226692,4914.0,5.166707377869769,0.00190402,2026-09-01T06:54:27.896595+00:00
PKGL-02486,,34.80975344,76.33094739,4915.0,5.1473326512503,0.006200405,2026-09-01T06:54:27.896595+00:00
PKGL-02487,,34.80983007,76.32969767,4922.0,5.159837032533187,0.003423909,2026-09-01T06:54:27.896595+00:00
PKGL-02488,,34.81222322,76.32564154,4824.0,5.454436790619289,0.001129454,2026-09-01T06:54:27.896595+00:00
PKGL-02489,,34.81296204,76.31731985,4932.0,5.670030966215274,0.000819159,2026-09-01T06:54:27.896595+00:00
PKGL-02490,,34.8133517,76.3147814,4939.0,5.771977508912022,0.001252865,2026-09-01T06:54:27.896595+00:00
PKGL-02491,,34.81494605,76.31509789,4915.0,5.9348050720666725,0.000167901,2026-09-01T06:54:27.896595+00:00
PKGL-02492,,34.81579686,76.31500805,4896.0,6.028231638532569,0.003326096,2026-09-01T06:54:27.896595+00:00
PKGL-02493,,34.82209121,76.31259981,4750.0,6.761341003309026,0.014544885,2026-09-01T06:54:27.896595+00:00
PKGL-02494,,34.83043083,76.31001513,4618.0,7.718034229114214,0.015217532,2026-09-01T06:54:27.896595+00:00
PKGL-02495,,34.8210223,76.32632693,4703.0,6.422067413440563,0.023965236,2026-09-01T06:54:27.896595+00:00
PKGL-02496,,34.81679188,76.32845501,4708.0,5.938861915087944,0.036901541,2026-09-01T06:54:27.896595+00:00
PKGL-02497,,34.83102684,76.35785708,4864.0,7.865646293644982,0.019090261,2026-09-01T06:54:27.896595+00:00
PKGL-02498,,34.83333393,76.35169023,4818.0,7.967209920966025,0.093844065,2026-09-01T06:54:27.896595+00:00
PKGL-02499,,34.85880876,76.35083622,4745.0,8.26560322363483,0.023670239,2026-09-01T06:54:27.896595+00:00
PKGL-02500,,34.85237848,76.34779881,4906.0,8.902115647513185,0.0005348,2026-09-01T06:54:27.896595+00:00
PKGL-02501,,34.85103563,76.34539499,4931.0,8.926233700365538,0.000195924,2026-09-01T06:54:27.896595+00:00
PKGL-02502,,34.85497434,76.35044506,4779.0,8.671387342247613,0.025275117,2026-09-01T06:54:27.896595+00:00
PKGL-02503,,34.85400806,76.36759779,4818.0,9.25665295448887,0.129874966,2026-09-01T06:54:27.896595+00:00
PKGL-02504,,34.85692078,76.37368807,4741.0,9.19281747747138,0.020822325,2026-09-01T06:54:27.896595+00:00
PKGL-02505,,34.85270859,76.37276638,4799.0,9.578537940938354,0.015344736,2026-09-01T06:54:27.896595+00:00
PKGL-02506,,34.76697829,76.34361543,3904.0,1.1049854755219692,0.005056574,2026-09-01T06:54:27.896595+00:00
PKGL-02507,,35.50017153,76.54213602,5062.0,17.568001050126163,0.002116328,2026-09-01T06:54:27.896595+00:00
PKGL-02508,,35.46654987,76.532827,4425.0,15.93122693378286,0.000466931,2026-09-01T06:54:27.896595+00:00
PKGL-02509,,35.46480171,76.52919395,4432.0,15.583116204117715,0.001401214,2026-09-01T06:54:27.896595+00:00
PKGL-02510,,35.46404536,76.52998189,4438.0,15.645688106661163,0.002565669,2026-09-01T06:54:27.896595+00:00
PKGL-02511,,35.46361152,76.53028858,4440.0,15.668718959700984,0.001317068,2026-09-01T06:54:27.896595+00:00
PKGL-02512,,35.46327288,76.53066324,4439.0,15.699009421490082,0.000956263,2026-09-01T06:54:27.896595+00:00
PKGL-02513,,35.46276819,76.53112845,4445.0,15.73594291343008,0.001815218,2026-09-01T06:54:27.896595+00:00
PKGL-02514,,35.46152223,76.53194582,4452.0,15.798191631858186,0.000722307,2026-09-01T06:54:27.896595+00:00
PKGL-02515,,35.46068722,76.53273304,4459.0,15.862274266534664,0.001138558,2026-09-01T06:54:27.896595+00:00
PKGL-02516,,35.47510009,76.53103213,4389.0,15.90638385022056,0.000525734,2026-09-01T06:54:27.896595+00:00
PKGL-02517,,35.47174636,76.53405298,4403.0,16.116638584618915,0.001079611,2026-09-01T06:54:27.896595+00:00
PKGL-02518,,35.47364471,76.53092104,4401.0,15.869261849046362,0.00076235,2026-09-01T06:54:27.896595+00:00
PKGL-02519,,35.47239777,76.53329354,4400.0,16.0595170403389,0.000867359,2026-09-01T06:54:27.896595+00:00
PKGL-02520,,35.47616412,76.52457092,4364.0,15.352144590597112,0.001178317,2026-09-01T06:54:27.896595+00:00
PKGL-02521,,35.4695028,76.52111511,4379.0,14.92119294858708,0.001179122,2026-09-01T06:54:27.896595+00:00
PKGL-02522,,35.46836658,76.52327705,4391.0,15.097705911070308,0.001254725,2026-09-01T06:54:27.896595+00:00
PKGL-02523,,35.4679869,76.52480974,4398.0,15.229794838648289,0.001209681,2026-09-01T06:54:27.896595+00:00
PKGL-02524,,35.46760378,76.52505291,4400.0,15.246212267488204,0.000590664,2026-09-01T06:54:27.896595+00:00
PKGL-02525,,35.49507834,76.62281626,4232.0,23.96390863046149,0.00032048,2026-09-01T06:54:27.896595+00:00
PKGL-02526,,35.49616379,76.62262878,4239.0,24.084159182177483,0.000295839,2026-09-01T06:54:27.896595+00:00
PKGL-02527,,35.49707296,76.62518043,4238.0,24.112978748961368,0.000695286,2026-09-01T06:54:27.896595+00:00
PKGL-02528,,35.49644321,76.6251918,4233.0,24.045644189416496,0.000339103,2026-09-01T06:54:27.896595+00:00
PKGL-02529,,35.49385348,76.62517233,4222.0,23.770662006622903,0.000812613,2026-09-01T06:54:27.896595+00:00
PKGL-02530,,35.4923471,76.6246689,4222.0,23.62402790996716,0.000397906,2026-09-01T06:54:27.896595+00:00
PKGL-02531,,35.49201068,76.62646126,4213.0,23.540622115700035,0.000570678,2026-09-01T06:54:27.896595+00:00
PKGL-02532,,35.47133398,76.63410795,4043.0,21.139494328996232,0.001276699,2026-09-01T06:54:27.896595+00:00
PKGL-02533,,35.471302,76.6332319,4050.0,21.15930855491884,0.000808028,2026-09-01T06:54:27.896595+00:00
PKGL-02534,,35.4702314,76.6340335,4041.0,21.02419759341004,0.000572866,2026-09-01T06:54:27.896595+00:00
PKGL-02535,,35.46961407,76.63319658,4041.0,20.98095768982017,0.000350618,2026-09-01T06:54:27.896595+00:00
PKGL-02536,,35.46892205,76.63929597,4027.0,20.74957139563216,0.000845515,2026-09-01T06:54:27.896595+00:00
PKGL-02537,,35.44625007,76.6615116,3843.0,17.60502539082901,0.000764792,2026-09-01T06:54:27.896595+00:00
PKGL-02538,,35.4393104,76.66909803,3816.0,16.61599103374845,0.000703677,2026-09-01T06:54:27.896595+00:00
PKGL-02539,,35.42905954,76.65721514,3778.0,16.045893756457307,0.00114203,2026-09-01T06:54:27.896595+00:00
PKGL-02540,,35.42907546,76.65654509,3775.0,16.063042493575562,0.000696354,2026-09-01T06:54:27.896595+00:00
PKGL-02541,,35.42323465,76.6599208,3737.0,15.357457993941342,0.00230833,2026-09-01T06:54:27.896595+00:00
PKGL-02542,,35.42410852,76.64667746,3727.0,15.790172375530236,0.001259703,2026-09-01T06:54:27.896595+00:00
PKGL-02543,,35.42265275,76.64622635,3718.0,15.649880121306202,0.001454136,2026-09-01T06:54:27.896595+00:00
PKGL-02544,,35.3890198,76.64775169,3508.0,12.113298785230754,0.004352363,2026-09-01T06:54:27.896595+00:00
PKGL-02545,,35.41887049,76.64088532,3676.0,15.419400052885496,0.000504113,2026-09-01T06:54:27.896595+00:00
PKGL-02546,,35.43298537,76.64942418,3766.0,16.656396146413364,0.001558331,2026-09-01T06:54:27.896595+00:00
PKGL-02547,,35.43368937,76.65018697,3769.0,16.711904451233668,0.000260994,2026-09-01T06:54:27.896595+00:00
PKGL-02548,,35.393697,76.76040778,4536.0,10.171549133758514,0.000700887,2026-09-01T06:54:27.896595+00:00
PKGL-02549,,35.38440371,76.75956115,4414.0,9.137975798631327,0.00195746,2026-09-01T06:54:27.896595+00:00
PKGL-02550,,35.32458326,76.81437769,4569.0,6.76817098730331,0.007843386,2026-09-01T06:54:27.896595+00:00
PKGL-02551,,35.32529449,76.81141421,4567.0,6.546533237450815,0.006668757,2026-09-01T06:54:27.896595+00:00
PKGL-02552,,35.32704507,76.80046314,4467.0,5.726028009637211,0.001050278,2026-09-01T06:54:27.896595+00:00
PKGL-02553,,35.30999986,76.88974655,4513.0,9.501901124692644,0.000464968,2026-09-01T06:54:27.896595+00:00
PKGL-02554,,35.31117948,76.88966354,4505.0,9.62331150404837,0.000522621,2026-09-01T06:54:27.896595+00:00
PKGL-02555,,35.27890894,76.88413931,4266.0,6.107430128272517,0.002779696,2026-09-01T06:54:27.896595+00:00
PKGL-02556,,35.2766495,76.88108139,4243.0,5.762731926716358,0.00109098,2026-09-01T06:54:27.896595+00:00
PKGL-02557,,35.27328049,76.87976245,4226.0,5.372105608385006,0.000695882,2026-09-01T06:54:27.896595+00:00
PKGL-02558,,35.23286764,76.85559221,3805.0,0.3923453513925323,0.001325608,2026-09-01T06:54:27.896595+00:00
PKGL-02559,,35.23225803,76.8549665,3799.0,0.3224238565137159,0.000458038,2026-09-01T06:54:27.896595+00:00
PKGL-02560,,35.23629077,76.8616104,3867.0,0.9705363199603624,0.000756048,2026-09-01T06:54:27.896595+00:00
PKGL-02561,,35.23973292,76.8637447,3879.0,1.3944969702413117,0.00106582,2026-09-01T06:54:27.896595+00:00
PKGL-02562,,35.21490633,76.91605687,4564.0,5.764526480722909,0.001711612,2026-09-01T06:54:27.896595+00:00
PKGL-02563,,35.21651704,76.91167529,4526.0,5.332660638558354,0.001546227,2026-09-01T06:54:27.896595+00:00
PKGL-02564,,35.21856196,76.91467536,4546.0,5.541959398520764,0.001009598,2026-09-01T06:54:27.896595+00:00
PKGL-02565,,35.21585958,76.92574676,4626.0,6.589389662103208,0.00098094,2026-09-01T06:54:27.896595+00:00
PKGL-02566,,35.21834976,76.90832959,4498.0,4.986544421016522,0.000762212,2026-09-01T06:54:27.896595+00:00
PKGL-02567,,35.24523548,76.8716352,3982.0,2.316740503888371,0.00335147,2026-09-01T06:54:27.896595+00:00
PKGL-02568,,35.23951182,76.87548276,4059.0,2.167137447668514,0.000937222,2026-09-01T06:54:27.896595+00:00
PKGL-02569,,35.24979102,76.87080639,4026.0,2.681762348719837,0.001687391,2026-09-01T06:54:27.896595+00:00
PKGL-02570,,35.25928059,76.87797991,4120.0,3.921782374322747,0.001642727,2026-09-01T06:54:27.896595+00:00
PKGL-02571,,35.25047561,76.88108231,4082.0,3.3278286963678525,0.002335876,2026-09-01T06:54:27.896595+00:00
PKGL-02572,,35.2569591,76.88343569,4121.0,4.004088639723165,0.00222571,2026-09-01T06:54:27.896595+00:00
PKGL-02573,,35.25892862,76.88215369,4128.0,4.103575932531824,0.000634418,2026-09-01T06:54:27.896595+00:00
PKGL-02574,,35.36445265,76.5425611,5202.0,14.263571917844583,0.018383672,2026-09-01T06:54:27.896595+00:00
PKGL-02575,,34.50720548,77.03280935,5147.0,14.55988242821515,0.074826764,2026-09-01T06:54:27.896595+00:00
PKGL-02576,,34.5119735,77.03756806,5083.0,14.139000743141263,0.003733707,2026-09-01T06:54:27.896595+00:00
PKGL-02577,,34.51362974,77.02729236,5241.0,14.532934797846172,0.001609126,2026-09-01T06:54:27.896595+00:00
PKGL-02578,,34.51187403,77.04534216,5329.0,13.76755142425188,0.00068454,2026-09-01T06:54:27.896595+00:00
PKGL-02579,,34.51356321,77.04432137,5303.0,13.65606119974606,0.003710297,2026-09-01T06:54:27.896595+00:00
PKGL-02580,,34.54263557,77.04917543,5249.0,10.756453885331288,0.032512512,2026-09-01T06:54:27.896595+00:00
PKGL-02581,,34.50943994,76.97087179,5251.0,11.86158197508582,0.022865467,2026-09-01T06:54:27.896595+00:00
PKGL-02582,,34.50858963,76.97939949,5402.0,12.533923770940802,0.001408212,2026-09-01T06:54:27.896595+00:00
PKGL-02583,,34.50772845,76.96808183,5205.0,11.5491839739296,0.000560038,2026-09-01T06:54:27.896595+00:00
PKGL-02584,,34.50914903,76.99469153,5147.0,13.85301531704238,0.000461812,2026-09-01T06:54:27.896595+00:00
PKGL-02585,,34.51119648,76.99672318,5126.0,14.110126919453112,0.001124011,2026-09-01T06:54:27.896595+00:00
PKGL-02586,,34.52671549,76.98335411,5113.0,13.774975029109784,0.001187707,2026-09-01T06:54:27.896595+00:00
PKGL-02587,,34.52626723,76.98422641,5110.0,13.818665411713896,0.001161087,2026-09-01T06:54:27.896595+00:00
PKGL-02588,,34.5298365,76.97798631,5245.0,13.539347224892468,0.000559791,2026-09-01T06:54:27.896595+00:00
PKGL-02589,,34.53404053,76.97303521,5382.0,13.427774354450978,0.001155983,2026-09-01T06:54:27.896595+00:00
PKGL-02590,,34.52827344,77.00883193,5276.0,14.441315563318756,0.003218624,2026-09-01T06:54:27.896595+00:00
PKGL-02591,,34.52805258,77.00795749,5270.0,14.51625980123899,0.00074577,2026-09-01T06:54:27.896595+00:00
PKGL-02592,,34.52900425,77.01083062,5307.0,14.252934263688916,0.000326559,2026-09-01T06:54:27.896595+00:00
PKGL-02593,,34.55047919,76.95139517,5193.0,13.150072141127668,0.010826378,2026-09-01T06:54:27.896595+00:00
PKGL-02594,,34.54101495,76.95345565,5427.0,12.534708797730072,0.005867495,2026-09-01T06:54:27.896595+00:00
PKGL-02595,,34.53226731,76.95048287,5214.0,11.680776617774688,0.020954614,2026-09-01T06:54:27.896595+00:00
PKGL-02596,,34.52735307,76.94148012,5122.0,10.700108107332683,0.002545124,2026-09-01T06:54:27.896595+00:00
PKGL-02597,,34.55929755,76.92469599,5080.0,12.455554597564646,0.011997324,2026-09-01T06:54:27.896595+00:00
PKGL-02598,,34.56228528,76.91629301,5326.0,12.36677098459089,0.059431965,2026-09-01T06:54:27.896595+00:00
PKGL-02599,,34.55913402,76.8767874,5164.0,10.823795940624157,0.009871727,2026-09-01T06:54:27.896595+00:00
PKGL-02600,,34.52946416,76.83279843,5044.0,7.574800201237017,0.024782571,2026-09-01T06:54:27.896595+00:00
PKGL-02601,,34.53359177,76.82304267,4960.0,8.088460324679042,0.01785727,2026-09-01T06:54:27.896595+00:00
PKGL-02602,,34.5405395,76.86527876,5067.0,8.615111477428,0.00237228,2026-09-01T06:54:27.896595+00:00
PKGL-02603,,34.54423596,76.83433359,5190.0,9.14327651867085,0.000455577,2026-09-01T06:54:27.896595+00:00
PKGL-02604,,34.54245841,76.83465617,5198.0,8.943682432593402,0.028776377,2026-09-01T06:54:27.896595+00:00
PKGL-02605,,34.5429132,76.83650392,5214.0,8.96141886661765,0.00049375,2026-09-01T06:54:27.896595+00:00
PKGL-02606,,34.72236141,77.03436238,4733.0,9.169024670391243,0.002916673,2026-09-01T06:54:27.896595+00:00
PKGL-02607,,34.82839354,77.08802231,3288.0,5.110799889733333,0.009332177,2026-09-01T06:54:27.896595+00:00
PKGL-02608,,35.00727851,76.66889499,4947.0,8.707082539524857,0.02065694,2026-09-01T06:54:27.896595+00:00
PKGL-02609,,34.95263706,77.05864501,4509.0,8.137560634055237,0.000888218,2026-09-01T06:54:27.896595+00:00
PKGL-02610,,34.95542966,77.06188258,4501.0,8.484118489343416,0.003747881,2026-09-01T06:54:27.896595+00:00
PKGL-02611,,34.95541123,77.05976745,4528.0,8.456075967660711,0.002496539,2026-09-01T06:54:27.896595+00:00
PKGL-02612,,34.96226797,77.053138,4594.0,9.16420713364498,0.004539939,2026-09-01T06:54:27.896595+00:00
PKGL-02613,,34.96734394,77.05350528,4636.0,9.729588436673383,0.012464215,2026-09-01T06:54:27.896595+00:00
PKGL-02614,,34.96881558,77.05738809,4649.0,9.916338654493918,0.002577207,2026-09-01T06:54:27.896595+00:00
PKGL-02615,,34.97129691,77.05717695,4672.0,10.189761382731469,0.005798277,2026-09-01T06:54:27.896595+00:00
PKGL-02616,,34.97531576,77.05242768,4701.0,10.611102168229788,0.000598677,2026-09-01T06:54:27.896595+00:00
PKGL-02617,,34.97690761,77.04970159,4727.0,10.78217938511938,0.000896061,2026-09-01T06:54:27.896595+00:00
PKGL-02618,,34.976699,77.04858013,4726.0,10.758251772977852,0.000649224,2026-09-01T06:54:27.896595+00:00
PKGL-02619,,34.97758393,77.04823397,4736.0,10.856621495215345,0.001778959,2026-09-01T06:54:27.896595+00:00
PKGL-02620,,34.9792958,77.04751905,4751.0,11.047197757401944,0.000353085,2026-09-01T06:54:27.896595+00:00
PKGL-02621,,34.98127877,77.04714561,4762.0,11.267954647889622,0.000867181,2026-09-01T06:54:27.896595+00:00
PKGL-02622,,34.98278074,77.04950848,4771.0,11.435014169264925,0.001516116,2026-09-01T06:54:27.896595+00:00
PKGL-02623,,34.98453449,77.04876108,4781.0,11.629564731926084,0.000868494,2026-09-01T06:54:27.896595+00:00
PKGL-02624,,34.99555191,77.05202473,4870.0,12.859063743500888,0.002976594,2026-09-01T06:54:27.896595+00:00
PKGL-02625,,34.9946872,77.0516829,4862.0,12.762154241679276,0.000426187,2026-09-01T06:54:27.896595+00:00
PKGL-02626,,34.99415304,77.04966566,4855.0,12.699635766382832,0.000193913,2026-09-01T06:54:27.896595+00:00
PKGL-02627,,34.99965424,77.04902985,4903.0,13.310895160323144,0.002350514,2026-09-01T06:54:27.896595+00:00
PKGL-02628,,35.00331517,77.0534,4930.0,13.725693591648945,0.000515683,2026-09-01T06:54:27.896595+00:00
PKGL-02629,,35.0033868,77.05234652,4929.0,13.730735712681422,0.000291284,2026-09-01T06:54:27.896595+00:00
PKGL-02630,,35.00373816,77.05319477,4930.0,13.772081602992182,0.004475753,2026-09-01T06:54:27.896595+00:00
PKGL-02631,,35.01957388,77.0466604,5049.0,15.52640416194026,0.001934478,2026-09-01T06:54:27.896595+00:00
PKGL-02632,,35.02637223,77.05640571,5130.0,16.298403020841413,0.000601383,2026-09-01T06:54:27.896595+00:00
PKGL-02633,,35.0164324,77.11470177,5204.0,16.33877024735759,0.001242914,2026-09-01T06:54:27.896595+00:00
PKGL-02634,,35.01661461,77.11367005,5210.0,16.32302880437333,0.001161166,2026-09-01T06:54:27.896595+00:00
PKGL-02635,,35.01361834,77.112038,5183.0,15.958598233484242,0.000268117,2026-09-01T06:54:27.896595+00:00
PKGL-02636,,35.01075811,77.11246363,5162.0,15.677277796919968,0.002091133,2026-09-01T06:54:27.896595+00:00
PKGL-02637,,35.01148504,77.11120431,5162.0,15.710035996742675,0.000187153,2026-09-01T06:54:27.896595+00:00
PKGL-02638,,35.01032631,77.11138756,5152.0,15.59631639497716,0.000336458,2026-09-01T06:54:27.896595+00:00
PKGL-02639,,35.01024377,77.10996393,5139.0,15.540383518535355,0.000183434,2026-09-01T06:54:27.896595+00:00
PKGL-02640,,35.00920573,77.11132482,5139.0,15.47845241653446,0.000593946,2026-09-01T06:54:27.896595+00:00
PKGL-02641,,35.00809586,77.11030756,5124.0,15.329508893904729,0.000487407,2026-09-01T06:54:27.896595+00:00
PKGL-02642,,35.00648747,77.10979924,5120.0,15.146219461354368,0.000517194,2026-09-01T06:54:27.896595+00:00
PKGL-02643,,35.00500009,77.10986887,5113.0,14.995094493278325,0.002353557,2026-09-01T06:54:27.896595+00:00
PKGL-02644,,35.00489361,77.10880943,5107.0,14.94821500342031,0.00074709,2026-09-01T06:54:27.896595+00:00
PKGL-02645,,35.00342485,77.10855978,5097.0,14.788095038711011,0.001619625,2026-09-01T06:54:27.896595+00:00
PKGL-02646,,35.0040493,77.10908896,5102.0,14.870484098854153,0.000446069,2026-09-01T06:54:27.896595+00:00
PKGL-02647,,35.00108007,77.10713465,5073.0,14.497817560990944,0.004005722,2026-09-01T06:54:27.896595+00:00
PKGL-02648,,35.03637637,77.17698845,4825.0,14.929552285585372,0.002323516,2026-09-01T06:54:27.896595+00:00
PKGL-02649,,35.04843714,77.14817957,5156.0,17.068575850030715,0.003160213,2026-09-01T06:54:27.896595+00:00
PKGL-02650,,35.04932328,77.15360207,5215.0,16.796917521020656,0.002708676,2026-09-01T06:54:27.896595+00:00
PKGL-02651,,35.12639872,77.16954321,4285.0,8.43229812300802,0.004759002,2026-09-01T06:54:27.896595+00:00
PKGL-02652,,35.1175685,77.16396953,4395.0,9.533944325302352,0.000760862,2026-09-01T06:54:27.896595+00:00
PKGL-02653,,35.11848375,77.16222428,4408.0,9.532009315754632,0.001954499,2026-09-01T06:54:27.896595+00:00
PKGL-02654,,35.12500571,77.16677491,4321.0,8.698207222986529,0.002686421,2026-09-01T06:54:27.896595+00:00
PKGL-02655,,35.12282921,77.16339143,4360.0,9.06949694348356,0.001795306,2026-09-01T06:54:27.896595+00:00
PKGL-02656,,35.12773939,77.17225282,4220.0,8.17617036955862,0.00153912,2026-09-01T06:54:27.896595+00:00
PKGL-02657,,35.12826062,77.17263103,4202.0,8.10877685416979,0.000696405,2026-09-01T06:54:27.896595+00:00
PKGL-02658,,35.12857389,77.16970614,4362.0,8.220278115862953,0.000704107,2026-09-01T06:54:27.896595+00:00
PKGL-02659,,35.1160643,77.15801985,4447.0,9.9663879139398,0.000792829,2026-09-01T06:54:27.896595+00:00
PKGL-02660,,35.1138751,77.15920907,4451.0,10.111558717587569,0.000324262,2026-09-01T06:54:27.896595+00:00
PKGL-02661,,35.07637343,77.06204844,5033.0,12.99069000123166,0.007372141,2026-09-01T06:54:27.896595+00:00
PKGL-02662,,35.07507078,77.06183209,5033.0,13.077059573150205,0.000249228,2026-09-01T06:54:27.896595+00:00
PKGL-02663,,35.07524793,77.06091732,5034.0,13.00373323219873,9.72e-05,2026-09-01T06:54:27.896595+00:00
PKGL-02664,,35.07590716,77.05992284,5026.0,12.88779305485975,0.000329435,2026-09-01T06:54:27.896595+00:00
PKGL-02665,,35.07214784,77.05668729,4917.0,12.980198900381234,0.000271076,2026-09-01T06:54:27.896595+00:00
PKGL-02666,,35.07281381,77.05536035,4906.0,12.84352990446672,0.000313287,2026-09-01T06:54:27.896595+00:00
PKGL-02667,,35.09709313,77.03458627,4640.0,9.5926097228479,0.000652302,2026-09-01T06:54:27.896595+00:00
PKGL-02668,,35.11245849,77.02558252,4531.0,7.843851166894908,0.003776704,2026-09-01T06:54:27.896595+00:00
PKGL-02669,,35.11223091,77.0238458,4531.0,7.738382211403256,0.001089264,2026-09-01T06:54:27.896595+00:00
PKGL-02670,,35.11172361,77.02095328,4524.0,7.576445368466655,0.001751359,2026-09-01T06:54:27.896595+00:00
PKGL-02671,,35.1139595,77.02229275,4507.0,7.506727381506101,0.000381885,2026-09-01T06:54:27.896595+00:00
PKGL-02672,,35.11377838,77.02509669,4517.0,7.717297146455192,0.000715491,2026-09-01T06:54:27.896595+00:00
PKGL-02673,,35.11444638,77.02388213,4512.0,7.584622381130838,0.000936347,2026-09-01T06:54:27.896595+00:00
PKGL-02674,,35.11665437,77.01964907,4476.0,7.130761765940525,0.000644883,2026-09-01T06:54:27.896595+00:00
PKGL-02675,,35.11900767,77.01975249,4469.0,6.976344355907487,0.005400911,2026-09-01T06:54:27.896595+00:00
PKGL-02676,,35.12463259,77.00543263,4371.0,5.5691354124533845,0.000816289,2026-09-01T06:54:27.896595+00:00
PKGL-02677,,35.12307924,77.0100177,4397.0,6.00039162666662,0.00470634,2026-09-01T06:54:27.896595+00:00
PKGL-02678,,35.12125287,77.01106689,4418.0,6.2031526253763785,0.001837281,2026-09-01T06:54:27.896595+00:00
PKGL-02679,,35.12120106,77.00766251,4413.0,5.9728329065064045,0.00159978,2026-09-01T06:54:27.896595+00:00
PKGL-02680,,35.12819833,77.00508091,4361.0,5.295612997059231,0.008793413,2026-09-01T06:54:27.896595+00:00
PKGL-02681,,35.12829145,77.0057389,4372.0,5.337134453999995,0.000623505,2026-09-01T06:54:27.896595+00:00
PKGL-02682,,35.12354612,77.01732857,4416.0,6.500521780663029,0.001538487,2026-09-01T06:54:27.896595+00:00
PKGL-02683,,35.12085643,77.02065797,4470.0,6.920448029678143,0.000575227,2026-09-01T06:54:27.896595+00:00
PKGL-02684,,35.1186776,77.01514801,4440.0,6.671615625852494,0.000602949,2026-09-01T06:54:27.896595+00:00
PKGL-02685,,35.12418888,77.01054054,4400.0,5.960986457649351,0.001395058,2026-09-01T06:54:27.896595+00:00
PKGL-02686,,35.12397944,77.01164223,4414.0,6.054577006028733,0.001766303,2026-09-01T06:54:27.896595+00:00
PKGL-02687,,35.12536494,77.00914624,4404.0,5.780691813613407,0.001275601,2026-09-01T06:54:27.896595+00:00
PKGL-02688,,35.1292293,76.99439976,4307.0,4.480976127604024,0.000679743,2026-09-01T06:54:27.896595+00:00
PKGL-02689,,35.23246394,77.0632355,4544.0,12.669054667857605,0.000861582,2026-09-01T06:54:27.896595+00:00
PKGL-02690,,35.23355721,77.08398342,4402.0,13.144641667926711,0.000602164,2026-09-01T06:54:27.896595+00:00
PKGL-02691,,35.23827707,77.10534881,4235.0,11.587808886764645,0.000616181,2026-09-01T06:54:27.896595+00:00
PKGL-02692,,35.23922469,77.11125949,4196.0,11.163450026533216,0.000885338,2026-09-01T06:54:27.896595+00:00
PKGL-02693,,35.24207158,77.11376435,4177.0,11.124044014950266,0.000599853,2026-09-01T06:54:27.896595+00:00
PKGL-02694,,35.24110079,77.11295308,4173.0,11.132596597266527,0.000227952,2026-09-01T06:54:27.896595+00:00
PKGL-02695,,35.24200974,77.11132311,4193.0,11.311386315091722,0.000240422,2026-09-01T06:54:27.896595+00:00
PKGL-02696,,35.24213754,77.11198356,4187.0,11.266843662283584,0.000206076,2026-09-01T06:54:27.896595+00:00
PKGL-02697,,35.24337572,77.111793,4183.0,11.352176805585726,0.000330613,2026-09-01T06:54:27.896595+00:00
PKGL-02698,,35.24426662,77.1192036,4133.0,10.835437619245004,0.006716946,2026-09-01T06:54:27.896595+00:00
PKGL-02699,,35.24551952,77.13495332,4040.0,9.759218385591202,0.001116136,2026-09-01T06:54:27.896595+00:00
PKGL-02700,,35.24185245,77.13647062,4031.0,9.399732298269488,0.001065821,2026-09-01T06:54:27.896595+00:00
PKGL-02701,,35.24118162,77.13422386,4042.0,9.518749706426776,0.003559515,2026-09-01T06:54:27.896595+00:00
PKGL-02702,,35.24613585,77.14868486,3936.0,8.867661327765532,0.003492427,2026-09-01T06:54:27.896595+00:00
PKGL-02703,,35.24399911,77.14565414,3969.0,8.90756140734582,0.00443851,2026-09-01T06:54:27.896595+00:00
PKGL-02704,,35.23845894,77.161886,3940.0,7.415825650233867,0.002812598,2026-09-01T06:54:27.896595+00:00
PKGL-02705,,35.25775504,77.16642846,3993.0,8.849097545842547,0.001040718,2026-09-01T06:54:27.896595+00:00
PKGL-02706,,35.25664227,77.1650188,3988.0,8.815356417771728,0.000443325,2026-09-01T06:54:27.896595+00:00
PKGL-02707,,35.2597533,77.17100878,3999.0,8.825272942473868,0.001144685,2026-09-01T06:54:27.896595+00:00
PKGL-02708,,35.25214189,77.16210189,3975.0,8.560249691489428,0.000908678,2026-09-01T06:54:27.896595+00:00
PKGL-02709,,35.24964098,77.16059999,3970.0,8.42481142773892,0.001024867,2026-09-01T06:54:27.896595+00:00
PKGL-02710,,35.24791277,77.15930398,3961.0,8.351820323717037,0.000128808,2026-09-01T06:54:27.896595+00:00
PKGL-02711,,35.24698789,77.15959375,3956.0,8.256535032789808,0.000634383,2026-09-01T06:54:27.896595+00:00
PKGL-02712,,35.24618984,77.15754676,3945.0,8.31274809308273,0.001329388,2026-09-01T06:54:27.896595+00:00
PKGL-02713,,35.24502949,77.15780726,3938.0,8.20137215463266,0.006856112,2026-09-01T06:54:27.896595+00:00
PKGL-02714,,35.24557499,77.16534925,3971.0,7.802312086875012,0.004169614,2026-09-01T06:54:27.896595+00:00
PKGL-02715,,35.2434218,77.1650712,3966.0,7.6325400733113025,0.005148291,2026-09-01T06:54:27.896595+00:00
PKGL-02716,,35.24204381,77.1547102,3922.0,8.158211105724183,0.013501652,2026-09-01T06:54:27.896595+00:00
PKGL-02717,,35.24109836,77.15546743,3937.0,8.035547178837755,0.005051852,2026-09-01T06:54:27.896595+00:00
PKGL-02718,,35.24325434,77.14785151,3959.0,8.703808602951808,0.001175656,2026-09-01T06:54:27.896595+00:00
PKGL-02719,,35.24003854,77.15612622,3946.0,7.910572212718956,0.000628072,2026-09-01T06:54:27.896595+00:00
PKGL-02720,,35.23698053,77.15779049,3931.0,7.567067399116266,0.003219904,2026-09-01T06:54:27.896595+00:00
PKGL-02721,,35.22900186,77.15937495,3908.0,6.880049330008946,0.000697642,2026-09-01T06:54:27.896595+00:00
PKGL-02722,,35.23526336,77.1568681,3925.0,7.501094987961141,0.001004567,2026-09-01T06:54:27.896595+00:00
PKGL-02723,,35.23410105,77.15677731,3920.0,7.422552470977798,0.001492781,2026-09-01T06:54:27.896595+00:00
PKGL-02724,,35.23324276,77.157271,3916.0,7.326534816317143,0.00091454,2026-09-01T06:54:27.896595+00:00
PKGL-02725,,35.23408969,77.16138177,3924.0,7.109335026333917,0.000774251,2026-09-01T06:54:27.896595+00:00
PKGL-02726,,35.23496323,77.16240929,3929.0,7.108082077508821,0.000700466,2026-09-01T06:54:27.896595+00:00
PKGL-02727,,35.23343453,77.16058107,3920.0,7.113980378356445,0.000489611,2026-09-01T06:54:27.896595+00:00
PKGL-02728,,35.23349567,77.16139318,3925.0,7.063876181249555,0.000551075,2026-09-01T06:54:27.896595+00:00
PKGL-02729,,35.22021977,77.16074919,3869.0,6.215384496062322,0.002955946,2026-09-01T06:54:27.896595+00:00
PKGL-02730,,35.22217631,77.16027818,3875.0,6.368785334997506,0.000753203,2026-09-01T06:54:27.896595+00:00
PKGL-02731,,35.22002546,77.16005908,3855.0,6.257384681004615,0.000205638,2026-09-01T06:54:27.896595+00:00
PKGL-02732,,35.21315665,77.18118182,3793.0,4.23636783473387,0.000898465,2026-09-01T06:54:27.896595+00:00
PKGL-02733,,35.21115355,77.17908259,3788.0,4.268782133283243,0.000848588,2026-09-01T06:54:27.896595+00:00
PKGL-02734,,35.21259471,77.1761539,3807.0,4.57931862284662,0.000973572,2026-09-01T06:54:27.896595+00:00
PKGL-02735,,35.21405226,77.17544402,3823.0,4.721339673093629,0.001607866,2026-09-01T06:54:27.896595+00:00
PKGL-02736,,35.21370914,77.17053532,3824.0,5.08008366333431,0.001088948,2026-09-01T06:54:27.896595+00:00
PKGL-02737,,35.21555141,77.16928961,3833.0,5.2824907048835845,0.001081939,2026-09-01T06:54:27.896595+00:00
PKGL-02738,,35.21522154,77.16558497,3823.0,5.5538277066547685,0.000330378,2026-09-01T06:54:27.896595+00:00
PKGL-02739,,35.25500194,77.19599839,4059.0,7.449080252404141,0.001409334,2026-09-01T06:54:27.896595+00:00
PKGL-02740,,35.27601016,77.19904015,4151.0,9.659485683644933,0.002476303,2026-09-01T06:54:27.896595+00:00
PKGL-02741,,35.26279934,76.95157615,4879.0,9.516268669251284,0.01285341,2026-09-01T06:54:27.896595+00:00
PKGL-02742,,35.2032702,77.03459772,4916.0,8.600074828005912,0.000975167,2026-09-01T06:54:27.896595+00:00
PKGL-02743,,35.20248771,77.03261515,4934.0,8.403724446990918,0.000370884,2026-09-01T06:54:27.896595+00:00
PKGL-02744,,35.20312144,77.02750674,5015.0,8.082090987208874,0.000426048,2026-09-01T06:54:27.896595+00:00
PKGL-02745,,35.19361113,77.06429078,5096.0,10.420116660641924,0.000468155,2026-09-01T06:54:27.896595+00:00
PKGL-02746,,34.83113996,76.75065742,5043.0,7.213618691088846,0.005023322,2026-09-01T06:54:27.896595+00:00
PKGL-02747,,34.83203159,76.75143535,5030.0,7.12389976207565,0.002734937,2026-09-01T06:54:27.896595+00:00
PKGL-02748,,34.83324288,76.75640614,4985.0,6.652651020787011,0.007660184,2026-09-01T06:54:27.896595+00:00
PKGL-02749,,34.83489073,76.75772591,4945.0,6.501167117935594,0.00385165,2026-09-01T06:54:27.896595+00:00
PKGL-02750,,34.75069251,76.73301178,4604.0,10.909570698476529,0.001656311,2026-09-01T06:54:27.896595+00:00
PKGL-02751,,34.60018439,76.83801901,4914.0,14.450670990882628,0.000919467,2026-09-01T06:54:27.896595+00:00
PKGL-02752,,34.59992346,76.83708822,4922.0,14.379412147447011,0.005956185,2026-09-01T06:54:27.896595+00:00
PKGL-02753,,34.62195589,76.81437047,4955.0,15.58698668083177,0.001379002,2026-09-01T06:54:27.896595+00:00
PKGL-02754,,34.62240392,76.81612523,4939.0,15.693885744767428,0.000182555,2026-09-01T06:54:27.896595+00:00
PKGL-02755,,34.61885427,76.81290284,4944.0,15.21690816386428,0.044277777,2026-09-01T06:54:27.896595+00:00
PKGL-02756,,34.62358202,76.77346506,5133.0,12.69582880836369,0.003016078,2026-09-01T06:54:27.896595+00:00
PKGL-02757,,34.62216168,76.76943487,5193.0,12.402676748364124,0.001520905,2026-09-01T06:54:27.896595+00:00
PKGL-02758,,34.62061673,76.77035932,5172.0,12.542751434689388,0.006544449,2026-09-01T06:54:27.896595+00:00
PKGL-02759,,34.75718278,76.82611046,4476.0,9.14909603147712,0.011729521,2026-09-01T06:54:27.896595+00:00
PKGL-02760,,34.9314381,76.39909437,5100.0,6.422265705352973,0.001865865,2026-09-01T06:54:27.896595+00:00
PKGL-02761,,34.96487366,76.40273729,4743.0,7.738582781839736,0.000956437,2026-09-01T06:54:27.896595+00:00
PKGL-02762,,35.72082333,76.37281333,4165.0,30.118222612701324,0.389057878,2026-09-01T06:54:27.896595+00:00
PKGL-02763,,35.75880987,76.42837661,4299.0,34.89628588532284,0.010200777,2026-09-01T06:54:27.896595+00:00
PKGL-02764,,35.74931206,76.47547179,4445.0,34.90921500943446,0.003456103,2026-09-01T06:54:27.896595+00:00
PKGL-02765,,35.74900642,76.47177431,4448.0,34.77656735422977,0.000953717,2026-09-01T06:54:27.896595+00:00
PKGL-02766,,35.7494395,76.47238061,4448.0,34.83878788498869,0.00115743,2026-09-01T06:54:27.896595+00:00
PKGL-02767,,35.74034973,76.46684836,4443.0,33.72580332572391,0.004515016,2026-09-01T06:54:27.896595+00:00
PKGL-02768,,35.74123136,76.46504123,4442.0,33.772417554045525,0.001873522,2026-09-01T06:54:27.896595+00:00
PKGL-02769,,35.73952036,76.46961442,4441.0,33.71158848134403,0.002070807,2026-09-01T06:54:27.896595+00:00
PKGL-02770,,35.74044782,76.46169447,4433.0,33.60334140758389,0.003374412,2026-09-01T06:54:27.896595+00:00
PKGL-02771,,35.74073649,76.46033888,4423.0,33.600228160801976,0.001925414,2026-09-01T06:54:27.896595+00:00
PKGL-02772,,35.73871664,76.45886797,4429.0,33.347800938389696,0.003369446,2026-09-01T06:54:27.896595+00:00
PKGL-02773,,35.73820854,76.46491913,4446.0,33.44737348620883,0.001291125,2026-09-01T06:54:27.896595+00:00
PKGL-02774,,35.74059026,76.46246024,4441.0,33.63791125735736,0.00193454,2026-09-01T06:54:27.896595+00:00
PKGL-02775,,35.73695815,76.46683273,4445.0,33.364894329939695,0.003315975,2026-09-01T06:54:27.896595+00:00
PKGL-02776,,35.72948863,76.465127,4438.0,32.52603923770338,0.000715754,2026-09-01T06:54:27.896595+00:00
PKGL-02777,,35.73553304,76.46264624,4421.0,33.10342370491975,0.003031911,2026-09-01T06:54:27.896595+00:00
PKGL-02778,,35.73567949,76.46061523,4422.0,33.06706709525961,0.000742463,2026-09-01T06:54:27.896595+00:00
PKGL-02779,,35.73770854,76.46486146,4453.0,33.39265003311565,0.002349006,2026-09-01T06:54:27.896595+00:00
PKGL-02780,,35.73291415,76.46011422,4426.0,32.75928061073236,0.001132142,2026-09-01T06:54:27.896595+00:00
PKGL-02781,,35.73715244,76.46942802,4458.0,33.455407550349186,0.000859273,2026-09-01T06:54:27.896595+00:00
PKGL-02782,,35.73074052,76.46639301,4445.0,32.693052049395426,0.00075809,2026-09-01T06:54:27.896595+00:00
PKGL-02783,,35.7306314,76.46674215,4446.0,32.69095313483012,0.000968143,2026-09-01T06:54:27.896595+00:00
PKGL-02784,,35.72908698,76.46233956,4432.0,32.409194257588645,0.000570865,2026-09-01T06:54:27.896595+00:00
PKGL-02785,,35.7417966,76.46191137,4438.0,33.7528254673738,0.00181239,2026-09-01T06:54:27.896595+00:00
PKGL-02786,,35.74759557,76.4519633,4390.0,34.13787608524775,0.001181867,2026-09-01T06:54:27.896595+00:00
PKGL-02787,,35.74511472,76.45210953,4395.0,33.874100875639336,0.000741004,2026-09-01T06:54:27.896595+00:00
PKGL-02788,,35.74382403,76.45427186,4395.0,33.78501552596966,0.001508891,2026-09-01T06:54:27.896595+00:00
PKGL-02789,,35.74414838,76.45201656,4392.0,33.76799668047413,0.00118691,2026-09-01T06:54:27.896595+00:00
PKGL-02790,,35.7409735,76.45476535,4407.0,33.490494013689506,0.003099519,2026-09-01T06:54:27.896595+00:00
PKGL-02791,,35.74028115,76.45478121,4424.0,33.41656859145304,0.001580582,2026-09-01T06:54:27.896595+00:00
PKGL-02792,,35.73875148,76.45269833,4407.0,33.20342958783719,0.001214391,2026-09-01T06:54:27.896595+00:00
PKGL-02793,,35.74285501,76.44921834,4396.0,33.565832064285885,0.001426643,2026-09-01T06:54:27.896595+00:00
PKGL-02794,,35.73605182,76.45428224,4425.0,32.951024843342324,0.002771908,2026-09-01T06:54:27.896595+00:00
PKGL-02795,,35.73418878,76.44909394,4417.0,32.62981551063674,0.001082306,2026-09-01T06:54:27.896595+00:00
PKGL-02796,,35.72900231,76.45454019,4436.0,32.20204261588611,0.0018052,2026-09-01T06:54:27.896595+00:00
PKGL-02797,,35.73345907,76.44897493,4411.0,32.54859560834391,0.001363388,2026-09-01T06:54:27.896595+00:00
PKGL-02798,,35.7258556,76.45000024,4475.0,31.755490538135103,0.000986365,2026-09-01T06:54:27.896595+00:00
PKGL-02799,,35.72702983,76.44623795,4486.0,31.79450636594613,0.003422764,2026-09-01T06:54:27.896595+00:00
PKGL-02800,,35.73553928,76.44677542,4404.0,32.72312216686178,0.004452312,2026-09-01T06:54:27.896595+00:00
PKGL-02801,,35.74566755,76.43737867,4382.0,33.62463391011538,0.003620895,2026-09-01T06:54:27.896595+00:00
PKGL-02802,,35.74392488,76.44281552,4393.0,33.544210657273545,0.001355276,2026-09-01T06:54:27.896595+00:00
PKGL-02803,,35.74418072,76.44162386,4388.0,33.54747944040907,0.000957946,2026-09-01T06:54:27.896595+00:00
PKGL-02804,,35.74236441,76.44657641,4395.0,33.45502140870258,0.002494322,2026-09-01T06:54:27.896595+00:00
PKGL-02805,,35.74242763,76.43662273,4366.0,33.25811506740734,0.001875282,2026-09-01T06:54:27.896595+00:00
PKGL-02806,,35.74187938,76.43721243,4365.0,33.21001316872748,0.0012076,2026-09-01T06:54:27.896595+00:00
PKGL-02807,,35.74235239,76.43774764,4370.0,33.2718151722124,0.000570403,2026-09-01T06:54:27.896595+00:00
PKGL-02808,,35.73612736,76.44547774,4404.0,32.75801107294742,0.003985714,2026-09-01T06:54:27.896595+00:00
PKGL-02809,,35.7366531,76.44418402,4401.0,32.78676559078661,0.000769423,2026-09-01T06:54:27.896595+00:00
PKGL-02810,,35.73657904,76.4437701,4401.0,32.76989737327521,0.00050972,2026-09-01T06:54:27.896595+00:00
PKGL-02811,,35.73673592,76.4397353,4389.0,32.70254935534689,0.001740348,2026-09-01T06:54:27.896595+00:00
PKGL-02812,,35.7372935,76.43924441,4393.0,32.75297133372796,0.001179909,2026-09-01T06:54:27.896595+00:00
PKGL-02813,,35.73734914,76.43973616,4385.0,32.76899037891854,0.000811807,2026-09-01T06:54:27.896595+00:00
PKGL-02814,,35.73919231,76.43706494,4388.0,32.9154348288732,0.004826015,2026-09-01T06:54:27.896595+00:00
PKGL-02815,,35.74850641,76.43734582,4363.0,33.932452884183206,0.001917941,2026-09-01T06:54:27.896595+00:00
PKGL-02816,,35.74728586,76.43962142,4368.0,33.84404357653031,0.002539713,2026-09-01T06:54:27.896595+00:00
PKGL-02817,,35.74564532,76.4465836,4382.0,33.80948053871967,0.002272136,2026-09-01T06:54:27.896595+00:00
PKGL-02818,,35.75026734,76.43201343,4347.0,34.02585975099873,0.003940969,2026-09-01T06:54:27.896595+00:00
PKGL-02819,,35.75116978,76.43520175,4341.0,34.181886490473765,0.000994741,2026-09-01T06:54:27.896595+00:00
PKGL-02820,,35.74727901,76.43593828,4362.0,33.772318825534775,0.004067424,2026-09-01T06:54:27.896595+00:00
PKGL-02821,,35.74078973,76.43310326,4371.0,33.01337299541674,0.005234158,2026-09-01T06:54:27.896595+00:00
PKGL-02822,,35.74159876,76.42894923,4359.0,33.026484803316855,0.002958673,2026-09-01T06:54:27.896595+00:00
PKGL-02823,,35.74228744,76.42895965,4358.0,33.10178762485706,0.002542822,2026-09-01T06:54:27.896595+00:00
PKGL-02824,,35.75333938,76.41625209,4317.0,34.1122673570254,0.000861319,2026-09-01T06:54:27.896595+00:00
PKGL-02825,,35.7528387,76.41612907,4320.0,34.05554775120643,0.000769098,2026-09-01T06:54:27.896595+00:00
PKGL-02826,,35.75244094,76.42014024,4328.0,34.06969708194215,0.000876158,2026-09-01T06:54:27.896595+00:00
PKGL-02827,,35.75189753,76.41989075,4326.0,34.00638812860195,0.000966871,2026-09-01T06:54:27.896595+00:00
PKGL-02828,,35.75170557,76.41809761,4322.0,33.95905158812654,0.001785743,2026-09-01T06:54:27.896595+00:00
PKGL-02829,,35.75100093,76.41724081,4326.0,33.86939157391208,0.002193929,2026-09-01T06:54:27.896595+00:00
PKGL-02830,,35.75007192,76.41614245,4321.0,33.75180707150984,0.003624164,2026-09-01T06:54:27.896595+00:00
PKGL-02831,,35.74946588,76.42210755,4333.0,33.77349828605207,0.003294622,2026-09-01T06:54:27.896595+00:00
PKGL-02832,,35.75017553,76.42248302,4335.0,33.857060216787794,0.000905777,2026-09-01T06:54:27.896595+00:00
PKGL-02833,,35.75017641,76.42086052,4335.0,33.83223537758567,0.001589517,2026-09-01T06:54:27.896595+00:00
PKGL-02834,,35.75176237,76.42169421,4329.0,34.01875251514226,0.000861232,2026-09-01T06:54:27.896595+00:00
PKGL-02835,,35.74181307,76.42002332,4347.0,32.90290804537184,0.00878806,2026-09-01T06:54:27.896595+00:00
PKGL-02836,,35.74687229,76.41515289,4310.0,33.386470832702514,0.001143062,2026-09-01T06:54:27.896595+00:00
PKGL-02837,,35.75234906,76.41599035,4316.0,33.999822560572525,0.000904104,2026-09-01T06:54:27.896595+00:00
PKGL-02838,,35.74263709,76.41757886,4342.0,32.95639558412616,0.003482581,2026-09-01T06:54:27.896595+00:00
PKGL-02839,,35.74281008,76.41724953,4336.0,32.970527351128176,0.001294195,2026-09-01T06:54:27.896595+00:00
PKGL-02840,,35.74179194,76.41731808,4339.0,32.85983629373576,0.001661983,2026-09-01T06:54:27.896595+00:00
PKGL-02841,,35.74156111,76.41613038,4328.0,32.81716640733978,0.001788813,2026-09-01T06:54:27.896595+00:00
PKGL-02842,,35.73731585,76.41648218,4313.0,32.35647967179694,0.00091285,2026-09-01T06:54:27.896595+00:00
PKGL-02843,,35.73515966,76.42000583,4326.0,32.173892426312634,0.001808234,2026-09-01T06:54:27.896595+00:00
PKGL-02844,,35.73578029,76.41972259,4327.0,32.23741046335826,0.00064544,2026-09-01T06:54:27.896595+00:00
PKGL-02845,,35.75810691,76.41778547,4306.0,34.657447418523034,0.00519449,2026-09-01T06:54:27.896595+00:00
PKGL-02846,,35.75740488,76.42049307,4322.0,34.61940067422895,0.001354926,2026-09-01T06:54:27.896595+00:00
PKGL-02847,,35.757612,76.42347356,4324.0,34.68703401804712,0.000809311,2026-09-01T06:54:27.896595+00:00
PKGL-02848,,35.75672605,76.42284288,4329.0,34.58027166213525,0.000930502,2026-09-01T06:54:27.896595+00:00
PKGL-02849,,35.7594809,76.4233087,4331.0,34.889289016092064,0.002462482,2026-09-01T06:54:27.896595+00:00
PKGL-02850,,35.757188,76.41700422,4315.0,34.54556182249122,0.001392034,2026-09-01T06:54:27.896595+00:00
PKGL-02851,,35.75806986,76.41639264,4317.0,34.63398598572756,0.000885444,2026-09-01T06:54:27.896595+00:00
PKGL-02852,,35.75511037,76.41425535,4313.0,34.279630153643105,0.000968256,2026-09-01T06:54:27.896595+00:00
PKGL-02853,,35.75470069,76.41465434,4314.0,34.239951543913094,0.001983015,2026-09-01T06:54:27.896595+00:00
PKGL-02854,,35.75341221,76.41454121,4310.0,34.096766942476044,0.002856294,2026-09-01T06:54:27.896595+00:00
PKGL-02855,,35.75372085,76.41400227,4310.0,34.12344432371617,0.000729471,2026-09-01T06:54:27.896595+00:00
PKGL-02856,,35.75202366,76.4142807,4314.0,33.94058784926127,0.005401832,2026-09-01T06:54:27.896595+00:00
PKGL-02857,,35.74985768,76.4127284,4313.0,33.68161095812046,0.001590704,2026-09-01T06:54:27.896595+00:00
PKGL-02858,,35.75035816,76.41088793,4312.0,33.71268884353394,0.005293162,2026-09-01T06:54:27.896595+00:00
PKGL-02859,,35.75019484,76.40219528,4290.0,33.59235261361351,0.002226057,2026-09-01T06:54:27.896595+00:00
PKGL-02860,,35.75026395,76.40393558,4294.0,33.61902489929555,0.002401537,2026-09-01T06:54:27.896595+00:00
PKGL-02861,,35.74932471,76.40366894,4291.0,33.512415138951965,0.003449807,2026-09-01T06:54:27.896595+00:00
PKGL-02862,,35.74929403,76.41009606,4311.0,33.585463763674134,0.001513297,2026-09-01T06:54:27.896595+00:00
PKGL-02863,,35.74810792,76.40694715,4305.0,33.4160481025326,0.001095996,2026-09-01T06:54:27.896595+00:00
PKGL-02864,,35.74753294,76.40515843,4300.0,33.33163812948224,0.001565129,2026-09-01T06:54:27.896595+00:00
PKGL-02865,,35.74764984,76.40415912,4296.0,33.33311612892407,0.001718245,2026-09-01T06:54:27.896595+00:00
PKGL-02866,,35.74748012,76.40234653,4298.0,33.294293815792145,0.000520504,2026-09-01T06:54:27.896595+00:00
PKGL-02867,,35.74817817,76.40268723,4300.0,33.37505832071076,0.001080758,2026-09-01T06:54:27.896595+00:00
PKGL-02868,,35.75008249,76.40849595,4303.0,33.65236985819478,0.002305086,2026-09-01T06:54:27.896595+00:00
PKGL-02869,,35.74503358,76.41414491,4309.0,33.17044651320192,0.000862703,2026-09-01T06:54:27.896595+00:00
PKGL-02870,,35.74495629,76.41185219,4300.0,33.130898051166625,0.000703573,2026-09-01T06:54:27.896595+00:00
PKGL-02871,,35.74621299,76.40943338,4306.0,33.23786779339198,0.001653407,2026-09-01T06:54:27.896595+00:00
PKGL-02872,,35.74600546,76.40903418,4305.0,33.2099922671738,0.000498251,2026-09-01T06:54:27.896595+00:00
PKGL-02873,,35.74640177,76.40895343,4309.0,33.25262201818294,0.000517109,2026-09-01T06:54:27.896595+00:00
PKGL-02874,,35.74508129,76.40653196,4298.0,33.07750543461382,0.002743388,2026-09-01T06:54:27.896595+00:00
PKGL-02875,,35.74469282,76.40606985,4296.0,33.029176858058065,0.000340185,2026-09-01T06:54:27.896595+00:00
PKGL-02876,,35.74628871,76.41327072,4305.0,33.29643416399104,0.000441554,2026-09-01T06:54:27.896595+00:00
PKGL-02877,,35.74503754,76.41335084,4304.0,33.15998525243199,0.000641319,2026-09-01T06:54:27.896595+00:00
PKGL-02878,,35.74563353,76.40767117,4296.0,33.152144187789474,0.0003843,2026-09-01T06:54:27.896595+00:00
PKGL-02879,,35.74583989,76.40804717,4298.0,33.17949098312452,0.000386933,2026-09-01T06:54:27.896595+00:00
PKGL-02880,,35.74459894,76.40497555,4286.0,33.00597169871112,0.000800449,2026-09-01T06:54:27.896595+00:00
PKGL-02881,,35.75116628,76.38887857,4257.0,33.5783885294092,0.004680812,2026-09-01T06:54:27.896595+00:00
PKGL-02882,,35.74678297,76.39845297,4293.0,33.176761612625924,0.002044247,2026-09-01T06:54:27.896595+00:00
PKGL-02883,,35.74683394,76.39748054,4285.0,33.17283712877667,0.003867617,2026-09-01T06:54:27.896595+00:00
PKGL-02884,,35.7471429,76.39683969,4284.0,33.20082635022433,0.001872983,2026-09-01T06:54:27.896595+00:00
PKGL-02885,,35.74612969,76.39186694,4272.0,33.04419929751545,0.00581505,2026-09-01T06:54:27.896595+00:00
PKGL-02886,,35.7458451,76.38875374,4265.0,32.98783214610792,0.004633936,2026-09-01T06:54:27.896595+00:00
PKGL-02887,,35.74465953,76.38848349,4273.0,32.85441950876606,0.002157898,2026-09-01T06:54:27.896595+00:00
PKGL-02888,,35.74474837,76.38911883,4271.0,32.86911857622564,0.001440996,2026-09-01T06:54:27.896595+00:00
PKGL-02889,,35.74622612,76.38560889,4239.0,33.007388588854056,0.003640427,2026-09-01T06:54:27.896595+00:00
PKGL-02890,,35.74682501,76.38475107,4232.0,33.06804517665832,0.002013519,2026-09-01T06:54:27.896595+00:00
PKGL-02891,,35.74285866,76.3911338,4273.0,32.675928354561854,0.006657501,2026-09-01T06:54:27.896595+00:00
PKGL-02892,,35.74488919,76.39082817,4271.0,32.89827064917907,0.006246667,2026-09-01T06:54:27.896595+00:00
PKGL-02893,,35.74839427,76.39929222,4276.0,33.36323371702802,0.000482998,2026-09-01T06:54:27.896595+00:00
PKGL-02894,,35.74653431,76.39933339,4281.0,33.1581411563397,0.001878188,2026-09-01T06:54:27.896595+00:00
PKGL-02895,,35.74240064,76.39804296,4276.0,32.68836390681011,0.002361514,2026-09-01T06:54:27.896595+00:00
PKGL-02896,,35.74210329,76.39625405,4275.0,32.63800093462969,0.000668975,2026-09-01T06:54:27.896595+00:00
PKGL-02897,,35.74240413,76.39569614,4279.0,32.665973593674586,0.000582809,2026-09-01T06:54:27.896595+00:00
PKGL-02898,,35.74176022,76.39585689,4276.0,32.596285511249874,0.000463864,2026-09-01T06:54:27.896595+00:00
PKGL-02899,,35.74324554,76.39991715,4287.0,32.80084806118144,0.000976543,2026-09-01T06:54:27.896595+00:00
PKGL-02900,,35.74263886,76.40015411,4288.0,32.736324083784595,0.000756443,2026-09-01T06:54:27.896595+00:00
PKGL-02901,,35.7377775,76.39788445,4260.0,32.17590045065031,0.002933473,2026-09-01T06:54:27.896595+00:00
PKGL-02902,,35.7277885,76.39503455,4249.0,31.04362225027437,0.003300681,2026-09-01T06:54:27.896595+00:00
PKGL-02903,,35.72715732,76.39221411,4235.0,30.947369929833343,0.003018537,2026-09-01T06:54:27.896595+00:00
PKGL-02904,,35.72637111,76.39190385,4242.0,30.85759241786752,0.004258771,2026-09-01T06:54:27.896595+00:00
PKGL-02905,,35.72698861,76.39055151,4239.0,30.91406120608368,0.000531807,2026-09-01T06:54:27.896595+00:00
PKGL-02906,,35.7261269,76.38821323,4237.0,30.799251768680705,0.00072412,2026-09-01T06:54:27.896595+00:00
PKGL-02907,,35.72578202,76.38483592,4219.0,30.735504494512607,0.000725495,2026-09-01T06:54:27.896595+00:00
PKGL-02908,,35.7250031,76.3899051,4238.0,30.688754470931823,0.001627711,2026-09-01T06:54:27.896595+00:00
PKGL-02909,,35.72467414,76.38909449,4233.0,30.645542055735945,0.00139908,2026-09-01T06:54:27.896595+00:00
PKGL-02910,,35.72409146,76.38648043,4205.0,30.56025062850893,0.004598974,2026-09-01T06:54:27.896595+00:00
PKGL-02911,,35.7230698,76.38879668,4199.0,30.465435943545387,0.000998699,2026-09-01T06:54:27.896595+00:00
PKGL-02912,,35.72232888,76.38852883,4196.0,30.381189774139045,0.00090426,2026-09-01T06:54:27.896595+00:00
PKGL-02913,,35.72639153,76.39861528,4247.0,30.92590280280117,0.01937333,2026-09-01T06:54:27.896595+00:00
PKGL-02914,,35.73514073,76.39100466,4251.0,31.82034710539933,0.00301645,2026-09-01T06:54:27.896595+00:00
PKGL-02915,,35.73322694,76.39540247,4255.0,31.648420355214125,0.000934825,2026-09-01T06:54:27.896595+00:00
PKGL-02916,,35.7439728,76.38300293,4249.0,32.74049021091067,0.003456554,2026-09-01T06:54:27.896595+00:00
PKGL-02917,,35.74411379,76.38249723,4245.0,32.75301618722077,0.000626819,2026-09-01T06:54:27.896595+00:00
PKGL-02918,,35.74306487,76.38225454,4250.0,32.6351716710554,0.005291923,2026-09-01T06:54:27.896595+00:00
PKGL-02919,,35.74509718,76.37980079,4220.0,32.84663555832562,0.001252971,2026-09-01T06:54:27.896595+00:00
PKGL-02920,,35.74440075,76.37874586,4237.0,32.76375671757593,0.002941787,2026-09-01T06:54:27.896595+00:00
PKGL-02921,,35.73236656,76.3819651,4238.0,31.446548266610368,0.003126572,2026-09-01T06:54:27.896595+00:00
PKGL-02922,,35.7315418,76.37677022,4227.0,31.32620272675196,0.001240347,2026-09-01T06:54:27.896595+00:00
PKGL-02923,,35.73137331,76.37083557,4227.0,31.283111873085748,0.005944881,2026-09-01T06:54:27.896595+00:00
PKGL-02924,,35.73838874,76.37872862,4229.0,32.09627605492182,0.001534311,2026-09-01T06:54:27.896595+00:00
PKGL-02925,,35.73814674,76.37699654,4230.0,32.06067481887605,0.002580185,2026-09-01T06:54:27.896595+00:00
PKGL-02926,,35.73765609,76.37615177,4226.0,32.00220345524457,0.001244496,2026-09-01T06:54:27.896595+00:00
PKGL-02927,,35.73880746,76.37596512,4231.0,32.12920895851924,0.001561633,2026-09-01T06:54:27.896595+00:00
PKGL-02928,,35.73826554,76.37545553,4227.0,32.06673614058581,0.001566649,2026-09-01T06:54:27.896595+00:00
PKGL-02929,,35.73882876,76.3738041,4224.0,32.122331439770235,0.001013267,2026-09-01T06:54:27.896595+00:00
PKGL-02930,,35.73845953,76.37279116,4221.0,32.07738614450338,0.000977018,2026-09-01T06:54:27.896595+00:00
PKGL-02931,,35.73855028,76.37165816,4216.0,32.083384012871534,0.001687417,2026-09-01T06:54:27.896595+00:00
PKGL-02932,,35.73798191,76.37131671,4216.0,32.019061562035574,0.001318473,2026-09-01T06:54:27.896595+00:00
PKGL-02933,,35.74109199,76.37541562,4228.0,32.38047287734096,0.006635202,2026-09-01T06:54:27.896595+00:00
PKGL-02934,,35.74109831,76.373104,4218.0,32.37172887704384,0.001665518,2026-09-01T06:54:27.896595+00:00
PKGL-02935,,35.74113702,76.37131713,4230.0,32.36965168304986,0.003889336,2026-09-01T06:54:27.896595+00:00
PKGL-02936,,35.74244383,76.3691053,4220.0,32.50811426003662,0.000741881,2026-09-01T06:54:27.896595+00:00
PKGL-02937,,35.74304518,76.3697289,4222.0,32.576724495249714,0.002431767,2026-09-01T06:54:27.896595+00:00
PKGL-02938,,35.74202337,76.36762726,4217.0,32.45755309424723,0.002965062,2026-09-01T06:54:27.896595+00:00
PKGL-02939,,35.74093309,76.36699952,4215.0,32.334896816579544,0.001923789,2026-09-01T06:54:27.896595+00:00
PKGL-02940,,35.73796264,76.36832024,4215.0,32.00793500142496,0.004316169,2026-09-01T06:54:27.896595+00:00
PKGL-02941,,35.73751134,76.36708421,4209.0,31.95473011721451,0.001793611,2026-09-01T06:54:27.896595+00:00
PKGL-02942,,35.74027721,76.37233402,4230.0,32.27765230124966,0.001369148,2026-09-01T06:54:27.896595+00:00
PKGL-02943,,35.74212648,76.36981484,4203.0,32.47487652736152,0.001501037,2026-09-01T06:54:27.896595+00:00
PKGL-02944,,35.74261876,76.3764468,4227.0,32.554666861355685,0.004655195,2026-09-01T06:54:27.896595+00:00
PKGL-02945,,35.74206728,76.37689087,4243.0,32.49550251404207,0.000899685,2026-09-01T06:54:27.896595+00:00
PKGL-02946,,35.74255768,76.37798896,4255.0,32.55529730561622,0.002203883,2026-09-01T06:54:27.896595+00:00
PKGL-02947,,35.74338302,76.37936496,4247.0,32.65402755040179,0.002956233,2026-09-01T06:54:27.896595+00:00
PKGL-02948,,35.7445742,76.37106831,4209.0,32.75077471930242,0.00765451,2026-09-01T06:54:27.896595+00:00
PKGL-02949,,35.74481816,76.37367242,4217.0,32.78716618081067,0.001395707,2026-09-01T06:54:27.896595+00:00
PKGL-02950,,35.74460121,76.37246579,4214.0,32.758550809153284,0.001438688,2026-09-01T06:54:27.896595+00:00
PKGL-02951,,35.72793632,76.36726543,4210.0,30.890831942983787,0.001249765,2026-09-01T06:54:27.896595+00:00
PKGL-02952,,35.72879115,76.36690504,4213.0,30.98499360665449,0.003936863,2026-09-01T06:54:27.896595+00:00
PKGL-02953,,35.72952971,76.36573762,4206.0,31.064557270535328,0.002537561,2026-09-01T06:54:27.896595+00:00
PKGL-02954,,35.73011442,76.36730613,4208.0,31.133036802992407,0.002303145,2026-09-01T06:54:27.896595+00:00
PKGL-02955,,35.73129141,76.3683451,4203.0,31.266513879115955,0.000850987,2026-09-01T06:54:27.896595+00:00
PKGL-02956,,35.73212308,76.36953379,4221.0,31.36231694116951,0.000845773,2026-09-01T06:54:27.896595+00:00
PKGL-02957,,35.74977225,76.36252621,4180.0,33.310129852330974,0.01079104,2026-09-01T06:54:27.896595+00:00
PKGL-02958,,35.74631744,76.36263603,4201.0,32.92612376231627,0.001848482,2026-09-01T06:54:27.896595+00:00
PKGL-02959,,35.74635765,76.36161008,4202.0,32.9295640777687,0.000640841,2026-09-01T06:54:27.896595+00:00
PKGL-02960,,35.74425893,76.36549566,4216.0,32.70152755887517,0.000569396,2026-09-01T06:54:27.896595+00:00
PKGL-02961,,35.74239041,76.36518809,4208.0,32.493239592790395,0.002467409,2026-09-01T06:54:27.896595+00:00
PKGL-02962,,35.74340122,76.35835239,4206.0,32.599284125929,0.001095297,2026-09-01T06:54:27.896595+00:00
PKGL-02963,,35.73993666,76.34884026,4170.0,32.22485740309577,0.00127567,2026-09-01T06:54:27.896595+00:00
PKGL-02964,,35.73869327,76.36232818,4190.0,32.07807756127733,0.003391856,2026-09-01T06:54:27.896595+00:00
PKGL-02965,,35.73880501,76.36336134,4195.0,32.091756498147376,0.0011758,2026-09-01T06:54:27.896595+00:00
PKGL-02966,,35.73865287,76.36398002,4196.0,32.07572326880738,0.001859447,2026-09-01T06:54:27.896595+00:00
PKGL-02967,,35.73839873,76.36558841,4199.0,32.050220062462024,0.002641004,2026-09-01T06:54:27.896595+00:00
PKGL-02968,,35.73770535,76.36459571,4195.0,31.97135641163331,0.001335112,2026-09-01T06:54:27.896595+00:00
PKGL-02969,,35.73739995,76.36587883,4200.0,31.939755102137763,0.001261404,2026-09-01T06:54:27.896595+00:00
PKGL-02970,,35.73499321,76.36591193,4204.0,31.67227069839034,0.001124195,2026-09-01T06:54:27.896595+00:00
PKGL-02971,,35.73313887,76.36434753,4200.0,31.46326260580528,0.001686128,2026-09-01T06:54:27.896595+00:00
PKGL-02972,,35.73188762,76.36308135,4205.0,31.32228950666896,0.002459569,2026-09-01T06:54:27.896595+00:00
PKGL-02973,,35.72962055,76.3623144,4200.0,31.069296788138946,0.002340509,2026-09-01T06:54:27.896595+00:00
PKGL-02974,,35.7287153,76.36228931,4203.0,30.968617300182185,0.002243811,2026-09-01T06:54:27.896595+00:00
PKGL-02975,,35.72896906,76.36105114,4201.0,30.995658371769043,0.000670661,2026-09-01T06:54:27.896595+00:00
PKGL-02976,,35.72785977,76.36095862,4200.0,30.87224388376472,0.003074471,2026-09-01T06:54:27.896595+00:00
PKGL-02977,,35.72734033,76.36073942,4200.0,30.814325623705283,0.002513266,2026-09-01T06:54:27.896595+00:00
PKGL-02978,,35.72797784,76.35981657,4198.0,30.8846735880974,0.002484309,2026-09-01T06:54:27.896595+00:00
PKGL-02979,,35.72705265,76.36455608,4208.0,30.786971625641428,0.014674548,2026-09-01T06:54:27.896595+00:00
PKGL-02980,,35.72786668,76.36569934,4207.0,30.879605733721093,0.001598621,2026-09-01T06:54:27.896595+00:00
PKGL-02981,,35.72834794,76.36590405,4209.0,30.933524039588537,0.001549829,2026-09-01T06:54:27.896595+00:00
PKGL-02982,,35.73179934,76.35960538,4201.0,31.30950942998374,0.005032653,2026-09-01T06:54:27.896595+00:00
PKGL-02983,,35.7323864,76.35833492,4200.0,31.374491182618325,0.001634276,2026-09-01T06:54:27.896595+00:00
PKGL-02984,,35.73300239,76.35758098,4195.0,31.44300946593209,0.002510891,2026-09-01T06:54:27.896595+00:00
PKGL-02985,,35.73200484,76.3551426,4197.0,31.3331784571466,0.002242179,2026-09-01T06:54:27.896595+00:00
PKGL-02986,,35.73346116,76.35976998,4199.0,31.49436241295892,0.002409446,2026-09-01T06:54:27.896595+00:00
PKGL-02987,,35.73313876,76.36030255,4196.0,31.45878478584236,0.001570131,2026-09-01T06:54:27.896595+00:00
PKGL-02988,,35.7380857,76.36264618,4192.0,32.010881923487446,0.001593938,2026-09-01T06:54:27.896595+00:00
PKGL-02989,,35.73002333,76.36024197,4195.0,31.11233701779792,0.002435634,2026-09-01T06:54:27.896595+00:00
PKGL-02990,,35.72987856,76.35905766,4196.0,31.09574986600728,0.001839768,2026-09-01T06:54:27.896595+00:00
PKGL-02991,,35.7307267,76.35826001,4201.0,31.189936684964525,0.000552837,2026-09-01T06:54:27.896595+00:00
PKGL-02992,,35.73095572,76.36259018,4206.0,31.21806566943441,0.000918905,2026-09-01T06:54:27.896595+00:00
PKGL-02993,,35.73100136,76.36292372,4209.0,31.22354893045251,0.001083653,2026-09-01T06:54:27.896595+00:00
PKGL-02994,,35.73042248,76.36238639,4204.0,31.15854127925224,0.001029778,2026-09-01T06:54:27.896595+00:00
PKGL-02995,,35.73012131,76.36268427,4202.0,31.1254042045126,0.00056356,2026-09-01T06:54:27.896595+00:00
PKGL-02996,,35.73454043,76.35024923,4200.0,31.6219220231912,0.001078838,2026-09-01T06:54:27.896595+00:00
PKGL-02997,,35.73483654,76.34909807,4194.0,31.65733811975034,0.003150777,2026-09-01T06:54:27.896595+00:00
PKGL-02998,,35.72462296,76.35193701,4225.0,30.516278668245537,0.001855694,2026-09-01T06:54:27.896595+00:00
PKGL-02999,,35.75121121,76.33841474,4143.0,33.51488537309588,0.001099917,2026-09-01T06:54:27.896595+00:00
PKGL-03000,,35.75138971,76.34009527,4147.0,33.52699456656545,0.000716819,2026-09-01T06:54:27.896595+00:00
PKGL-03001,,35.75208921,76.33630415,4138.0,33.6230090406382,0.000787462,2026-09-01T06:54:27.896595+00:00
PKGL-03002,,35.74548775,76.34415032,4184.0,32.855423938137136,0.001597977,2026-09-01T06:54:27.896595+00:00
PKGL-03003,,35.74457819,76.34380166,4164.0,32.75558733118124,0.002061997,2026-09-01T06:54:27.896595+00:00
PKGL-03004,,35.7446482,76.341802,4149.0,32.77098658740665,0.009449784,2026-09-01T06:54:27.896595+00:00
PKGL-03005,,35.74503522,76.33815203,4154.0,32.83043212513313,0.001274027,2026-09-01T06:54:27.896595+00:00
PKGL-03006,,35.7454465,76.33930497,4175.0,32.870547903767445,0.001011214,2026-09-01T06:54:27.896595+00:00
PKGL-03007,,35.74608957,76.33986915,4164.0,32.93936970098607,0.000961783,2026-09-01T06:54:27.896595+00:00
PKGL-03008,,35.74556061,76.33673463,4155.0,32.896033265662595,0.001642345,2026-09-01T06:54:27.896595+00:00
PKGL-03009,,35.7463752,76.33626842,4161.0,32.9889480896953,0.001878941,2026-09-01T06:54:27.896595+00:00
PKGL-03010,,35.74580574,76.33545914,4139.0,32.930203840372414,0.000629846,2026-09-01T06:54:27.896595+00:00
PKGL-03011,,35.74554454,76.3348291,4136.0,32.90480584123354,0.000898764,2026-09-01T06:54:27.896595+00:00
PKGL-03012,,35.73623867,76.34871299,4182.0,31.81410427553185,0.003782544,2026-09-01T06:54:27.896595+00:00
PKGL-03013,,35.73562848,76.34653339,4179.0,31.752145893682915,0.000884535,2026-09-01T06:54:27.896595+00:00
PKGL-03014,,35.73611938,76.34502962,4164.0,31.811454260025823,0.00133688,2026-09-01T06:54:27.896595+00:00
PKGL-03015,,35.73659959,76.34314816,4163.0,31.87156625014597,0.000809828,2026-09-01T06:54:27.896595+00:00
PKGL-03016,,35.73707494,76.3423792,4176.0,31.92739071194765,0.001119305,2026-09-01T06:54:27.896595+00:00
PKGL-03017,,35.73788374,76.33266213,4136.0,32.06820124025391,0.004421989,2026-09-01T06:54:27.896595+00:00
PKGL-03018,,35.73336254,76.34677336,4180.0,31.49961107946686,0.000716504,2026-09-01T06:54:27.896595+00:00
PKGL-03019,,35.73476349,76.34605221,4194.0,31.657480186307005,0.001410969,2026-09-01T06:54:27.896595+00:00
PKGL-03020,,35.72862298,76.33950931,4174.0,31.00150737695665,0.003260726,2026-09-01T06:54:27.896595+00:00
PKGL-03021,,35.72987316,76.33160108,4126.0,31.187047490559177,0.010056369,2026-09-01T06:54:27.896595+00:00
PKGL-03022,,35.7516613,76.32947436,4125.0,33.61736484898381,0.001584397,2026-09-01T06:54:27.896595+00:00
PKGL-03023,,35.7517458,76.32899324,4121.0,33.63010603284919,0.000474605,2026-09-01T06:54:27.896595+00:00
PKGL-03024,,35.75265666,76.32690589,4098.0,33.74631468329511,0.002585512,2026-09-01T06:54:27.896595+00:00
PKGL-03025,,35.75028666,76.32725704,4120.0,33.48105680108085,0.000482194,2026-09-01T06:54:27.896595+00:00
PKGL-03026,,35.74909215,76.3239892,4113.0,33.37468371719086,0.005389728,2026-09-01T06:54:27.896595+00:00
PKGL-03027,,35.7485015,76.32330423,4117.0,33.315075922504505,0.001320558,2026-09-01T06:54:27.896595+00:00
PKGL-03028,,35.74618143,76.32493316,4105.0,33.04457900538459,0.002057628,2026-09-01T06:54:27.896595+00:00
PKGL-03029,,35.74713735,76.32516709,4117.0,33.14852903070994,0.001087846,2026-09-01T06:54:27.896595+00:00
PKGL-03030,,35.74705865,76.32562934,4124.0,33.13608706942302,0.000624643,2026-09-01T06:54:27.896595+00:00
PKGL-03031,,35.74672017,76.3210818,4113.0,33.137572931448986,0.000499058,2026-09-01T06:54:27.896595+00:00
PKGL-03032,,35.74638895,76.31876073,4118.0,33.12279643706147,0.010311168,2026-09-01T06:54:27.896595+00:00
PKGL-03033,,35.7443975,76.3280372,4125.0,32.822625608931375,0.001436267,2026-09-01T06:54:27.896595+00:00
PKGL-03034,,35.74743914,76.33037357,4153.0,33.14305479890261,0.001140966,2026-09-01T06:54:27.896595+00:00
PKGL-03035,,35.74601353,76.32998052,4143.0,32.98770906931812,0.000555272,2026-09-01T06:54:27.896595+00:00
PKGL-03036,,35.73667505,76.32672737,4149.0,31.977244493611728,0.000728305,2026-09-01T06:54:27.896595+00:00
PKGL-03037,,35.72920591,76.32959616,4131.0,31.1275476877176,0.000959756,2026-09-01T06:54:27.896595+00:00
PKGL-03038,,35.72872252,76.32842751,4124.0,31.08291894151812,0.001926789,2026-09-01T06:54:27.896595+00:00
PKGL-03039,,35.72947064,76.32753263,4126.0,31.172861037682743,0.003801019,2026-09-01T06:54:27.896595+00:00
PKGL-03040,,35.72930669,76.32614998,4112.0,31.16603518799536,0.000673795,2026-09-01T06:54:27.896595+00:00
PKGL-03041,,35.72642274,76.31090052,4124.0,31.00622027896637,0.000417261,2026-09-01T06:54:27.896595+00:00
PKGL-03042,,35.72634614,76.31028743,4116.0,31.00546229447631,0.000590759,2026-09-01T06:54:27.896595+00:00
PKGL-03043,,35.72774539,76.30997836,4118.0,31.16342368469636,0.00095711,2026-09-01T06:54:27.896595+00:00
PKGL-03044,,35.75334657,76.32336608,4078.0,33.85092929145774,0.043638659,2026-09-01T06:54:27.896595+00:00
PKGL-03045,,35.75080857,76.32486306,4116.0,33.55756469358268,0.001364437,2026-09-01T06:54:27.896595+00:00
PKGL-03046,,35.75050843,76.3228244,4113.0,33.5413379543812,0.00249623,2026-09-01T06:54:27.896595+00:00
PKGL-03047,,35.75048067,76.32215646,4112.0,33.54405812845952,0.000447852,2026-09-01T06:54:27.896595+00:00
PKGL-03048,,35.75046781,76.32159952,4111.0,33.547547698399825,0.000582131,2026-09-01T06:54:27.896595+00:00
PKGL-03049,,35.74951803,76.32243174,4114.0,33.43511563138778,0.00059991,2026-09-01T06:54:27.896595+00:00
PKGL-03050,,35.74657352,76.31313873,4104.0,33.20156559041484,0.004199886,2026-09-01T06:54:27.896595+00:00
PKGL-03051,,35.74691321,76.31085127,4080.0,33.26496701102161,0.005102939,2026-09-01T06:54:27.896595+00:00
PKGL-03052,,35.74709163,76.3066422,4069.0,33.33559763844735,0.003478552,2026-09-01T06:54:27.896595+00:00
PKGL-03053,,35.75007535,76.31805074,4116.0,33.537224071201294,0.001037438,2026-09-01T06:54:27.896595+00:00
PKGL-03054,,35.74960351,76.31587292,4111.0,33.5069176909557,0.001395251,2026-09-01T06:54:27.896595+00:00
PKGL-03055,,35.75026477,76.31495438,4106.0,33.58950551141618,0.000513267,2026-09-01T06:54:27.896595+00:00
PKGL-03056,,35.74997237,76.31400239,4098.0,33.56732193758318,0.00088829,2026-09-01T06:54:27.896595+00:00
PKGL-03057,,35.74918048,76.31274595,4103.0,33.493605252084144,0.000610322,2026-09-01T06:54:27.896595+00:00
PKGL-03058,,35.748891,76.31317221,4102.0,33.45696099644007,0.000678212,2026-09-01T06:54:27.896595+00:00
PKGL-03059,,35.74882004,76.31170152,4096.0,33.46552893202014,0.000455112,2026-09-01T06:54:27.896595+00:00
PKGL-03060,,35.74851549,76.31058252,4089.0,33.44477204560898,0.000940864,2026-09-01T06:54:27.896595+00:00
PKGL-03061,,35.75046298,76.30669213,4073.0,33.70621346857299,0.003144163,2026-09-01T06:54:27.896595+00:00
PKGL-03062,,35.75233843,76.30968208,4097.0,33.876794529764865,0.000504325,2026-09-01T06:54:27.896595+00:00
PKGL-03063,,35.74375423,76.31265148,4084.0,32.89593373200133,0.001284295,2026-09-01T06:54:27.896595+00:00
PKGL-03064,,35.74602595,76.31291756,4107.0,33.14359631948911,0.00049679,2026-09-01T06:54:27.896595+00:00
PKGL-03065,,35.74572435,76.31268868,4103.0,33.11287490877158,0.000861845,2026-09-01T06:54:27.896595+00:00
PKGL-03066,,35.74405969,76.31668581,4108.0,32.88612856148343,0.000545315,2026-09-01T06:54:27.896595+00:00
PKGL-03067,,35.7438161,76.31895676,4113.0,32.83646748498658,0.000683702,2026-09-01T06:54:27.896595+00:00
PKGL-03068,,35.73629687,76.31557157,4105.0,32.04065065733953,0.001173805,2026-09-01T06:54:27.896595+00:00
PKGL-03069,,35.73767519,76.32080535,4112.0,32.1397453887823,0.000779619,2026-09-01T06:54:27.896595+00:00
PKGL-03070,,35.73937792,76.31559348,4100.0,32.38055632550857,0.000299529,2026-09-01T06:54:27.896595+00:00
PKGL-03071,,35.73813065,76.31485362,4095.0,32.25089170647586,0.000858746,2026-09-01T06:54:27.896595+00:00
PKGL-03072,,35.73851304,76.30947621,4083.0,32.35554109548327,0.001658647,2026-09-01T06:54:27.896595+00:00
PKGL-03073,,35.74011896,76.30593915,4069.0,32.57720028057634,0.002532463,2026-09-01T06:54:27.896595+00:00
PKGL-03074,,35.73368216,76.30866781,4086.0,31.83362755354508,0.000382499,2026-09-01T06:54:27.896595+00:00
PKGL-03075,,35.72853923,76.30686467,4104.0,31.291257208916456,0.001256315,2026-09-01T06:54:27.896595+00:00
PKGL-03076,,35.72925378,76.30650172,4105.0,31.37469738768236,0.000210928,2026-09-01T06:54:27.896595+00:00
PKGL-03077,,35.7236198,76.3118948,4134.0,30.685186297168546,0.001962721,2026-09-01T06:54:27.896595+00:00
PKGL-03078,,35.7236333,76.31108058,4133.0,30.696780014869685,0.000458329,2026-09-01T06:54:27.896595+00:00
PKGL-03079,,35.72179357,76.31195799,4151.0,30.483244975344896,0.002491775,2026-09-01T06:54:27.896595+00:00
PKGL-03080,,35.71672073,76.31396559,4171.0,29.89983070769687,0.000687633,2026-09-01T06:54:27.896595+00:00
PKGL-03081,,35.7103313,76.31684974,4216.0,29.16139181179619,0.001514371,2026-09-01T06:54:27.896595+00:00
PKGL-03082,,35.71042243,76.3151496,4210.0,29.191490751001616,0.000444732,2026-09-01T06:54:27.896595+00:00
PKGL-03083,,35.71097815,76.31506669,4207.0,29.253730473679365,0.001038563,2026-09-01T06:54:27.896595+00:00
PKGL-03084,,35.75133681,76.305802,4072.0,33.813605500120964,0.015274286,2026-09-01T06:54:27.896595+00:00
PKGL-03085,,35.75097023,76.30255326,4060.0,33.815600663022245,0.000642728,2026-09-01T06:54:27.896595+00:00
PKGL-03086,,35.74859988,76.30535733,4072.0,33.51799242769893,0.000382053,2026-09-01T06:54:27.896595+00:00
PKGL-03087,,35.74806794,76.30554491,4069.0,33.4570360298469,0.000360498,2026-09-01T06:54:27.896595+00:00
PKGL-03088,,35.7488003,76.30319211,4062.0,33.56843120092324,0.000639427,2026-09-01T06:54:27.896595+00:00
PKGL-03089,,35.74766158,76.30161792,4055.0,33.46462776310179,0.000610214,2026-09-01T06:54:27.896595+00:00
PKGL-03090,,35.74678176,76.30276814,4070.0,33.3521975693097,0.001744256,2026-09-01T06:54:27.896595+00:00
PKGL-03091,,35.74597097,76.29954933,4053.0,33.30806292721875,0.00046052,2026-09-01T06:54:27.896595+00:00
PKGL-03092,,35.74633563,76.29728544,4050.0,33.38118705556616,0.000469378,2026-09-01T06:54:27.896595+00:00
PKGL-03093,,35.74629346,76.29666604,4048.0,33.38583039693594,0.00068251,2026-09-01T06:54:27.896595+00:00
PKGL-03094,,35.74575502,76.29320641,4041.0,33.38033664332923,0.002749191,2026-09-01T06:54:27.896595+00:00
PKGL-03095,,35.74650083,76.29288599,4034.0,33.46706519024696,0.00048331,2026-09-01T06:54:27.896595+00:00
PKGL-03096,,35.74438293,76.29587583,4049.0,33.1884100659083,0.000370146,2026-09-01T06:54:27.896595+00:00
PKGL-03097,,35.73991576,76.3025837,4057.0,32.60016024566804,0.007809726,2026-09-01T06:54:27.896595+00:00
PKGL-03098,,35.74036453,76.29888827,4051.0,32.70248159691613,0.000911555,2026-09-01T06:54:27.896595+00:00
PKGL-03099,,35.74059448,76.29948109,4053.0,32.718982892347896,0.00575379,2026-09-01T06:54:27.896595+00:00
PKGL-03100,,35.7391198,76.2983356,4039.0,32.57420399832309,0.000544966,2026-09-01T06:54:27.896595+00:00
PKGL-03101,,35.73821672,76.29780872,4055.0,32.48314390984754,0.000501552,2026-09-01T06:54:27.896595+00:00
PKGL-03102,,35.73897684,76.29460644,4037.0,32.61616536123465,0.002242981,2026-09-01T06:54:27.896595+00:00
PKGL-03103,,35.7379119,76.29424973,4050.0,32.50532131627445,0.001096074,2026-09-01T06:54:27.896595+00:00
PKGL-03104,,35.73729079,76.29499948,4050.0,32.42536773762938,0.000887504,2026-09-01T06:54:27.896595+00:00
PKGL-03105,,35.73836917,76.29227522,4026.0,32.58748070411359,0.000456665,2026-09-01T06:54:27.896595+00:00
PKGL-03106,,35.73749787,76.28791501,4013.0,32.56673409579854,0.000545003,2026-09-01T06:54:27.896595+00:00
PKGL-03107,,35.73574134,76.28855705,4022.0,32.36386881904599,0.001080609,2026-09-01T06:54:27.896595+00:00
PKGL-03108,,35.73396223,76.28630689,4009.0,32.21022016508775,0.001620108,2026-09-01T06:54:27.896595+00:00
PKGL-03109,,35.73529244,76.28215671,4020.0,32.43245289653457,0.001819567,2026-09-01T06:54:27.896595+00:00
PKGL-03110,,35.72736889,76.28108545,3998.0,31.59318655388437,0.031023067,2026-09-01T06:54:27.896595+00:00
PKGL-03111,,35.72634821,76.27926981,3984.0,31.51921524238085,0.00175912,2026-09-01T06:54:27.896595+00:00
PKGL-03112,,35.73694139,76.30404393,4078.0,32.25315688549552,0.000827372,2026-09-01T06:54:27.896595+00:00
PKGL-03113,,35.74379547,76.30480465,4065.0,32.99656157956459,0.000603271,2026-09-01T06:54:27.896595+00:00
PKGL-03114,,35.74851625,76.29102113,4024.0,33.71758567580563,0.001055484,2026-09-01T06:54:27.896595+00:00
PKGL-03115,,35.74723853,76.28938102,4021.0,33.604935153864645,0.000405673,2026-09-01T06:54:27.896595+00:00
PKGL-03116,,35.74707013,76.28412103,3996.0,33.67772432824635,0.002740119,2026-09-01T06:54:27.896595+00:00
PKGL-03117,,35.7436198,76.28649597,4016.0,33.259367855659214,0.000719212,2026-09-01T06:54:27.896595+00:00
PKGL-03118,,35.74258157,76.28375676,4020.0,33.19539327956247,0.000351721,2026-09-01T06:54:27.896595+00:00
PKGL-03119,,35.73724288,76.28644407,4021.0,32.56511831687247,0.001174539,2026-09-01T06:54:27.896595+00:00
PKGL-03120,,35.73604886,76.2839641,4032.0,32.48054470600232,0.000528068,2026-09-01T06:54:27.896595+00:00
PKGL-03121,,35.73665089,76.28421623,4024.0,32.54135844794832,0.000255271,2026-09-01T06:54:27.896595+00:00
PKGL-03122,,35.73577749,76.2817887,4013.0,32.49221161607051,0.000350226,2026-09-01T06:54:27.896595+00:00
PKGL-03123,,35.74910023,76.2806033,4012.0,33.963145955474374,0.000969866,2026-09-01T06:54:27.896595+00:00
PKGL-03124,,35.74748299,76.28030037,3997.0,33.79290711826106,0.002038731,2026-09-01T06:54:27.896595+00:00
PKGL-03125,,35.74823786,76.27892186,4011.0,33.90109702859619,0.001281464,2026-09-01T06:54:27.896595+00:00
PKGL-03126,,35.74692939,76.27851629,3999.0,33.766699893814994,0.007588582,2026-09-01T06:54:27.896595+00:00
PKGL-03127,,35.74847024,76.27332874,3988.0,34.03661621513887,0.001139007,2026-09-01T06:54:27.896595+00:00
PKGL-03128,,35.74773782,76.27185543,3980.0,33.98758393669735,0.001892129,2026-09-01T06:54:27.896595+00:00
PKGL-03129,,35.74722201,76.27264378,3981.0,33.915461201792326,0.00185289,2026-09-01T06:54:27.896595+00:00
PKGL-03130,,35.7463478,76.2721406,3978.0,33.83124471285563,0.000949884,2026-09-01T06:54:27.896595+00:00
PKGL-03131,,35.74604432,76.27451252,3990.0,33.74974976167279,0.001160911,2026-09-01T06:54:27.896595+00:00
PKGL-03132,,35.74594574,76.27372699,3984.0,33.75504328560687,0.001170621,2026-09-01T06:54:27.896595+00:00
PKGL-03133,,35.74436256,76.27394865,3994.0,33.57904890369164,0.007171876,2026-09-01T06:54:27.896595+00:00
PKGL-03134,,35.74286062,76.27551106,3987.0,33.38454655823105,0.001431708,2026-09-01T06:54:27.896595+00:00
PKGL-03135,,35.74290331,76.27464083,3989.0,33.40685317265407,0.001741563,2026-09-01T06:54:27.896595+00:00
PKGL-03136,,35.74254537,76.27424556,3983.0,33.37618338748233,0.001723113,2026-09-01T06:54:27.896595+00:00
PKGL-03137,,35.74047462,76.27050333,3970.0,33.231002326127346,0.00224323,2026-09-01T06:54:27.896595+00:00
PKGL-03138,,35.73992794,76.27205681,3977.0,33.13872675117429,0.000473475,2026-09-01T06:54:27.896595+00:00
PKGL-03139,,35.73848939,76.27177678,3985.0,32.98925325409742,0.001173094,2026-09-01T06:54:27.896595+00:00
PKGL-03140,,35.73833998,76.26353062,3948.0,33.15747784278637,0.002603467,2026-09-01T06:54:27.896595+00:00
PKGL-03141,,35.74060842,76.26834503,3983.0,33.292469043692144,0.000863803,2026-09-01T06:54:27.896595+00:00
PKGL-03142,,35.74171267,76.26738132,3974.0,33.43281982582263,0.004910235,2026-09-01T06:54:27.896595+00:00
PKGL-03143,,35.74103286,76.26646303,3981.0,33.38005865159166,0.001270508,2026-09-01T06:54:27.896595+00:00
PKGL-03144,,35.74130053,76.26488944,3963.0,33.44444974907146,0.002014155,2026-09-01T06:54:27.896595+00:00
PKGL-03145,,35.74341444,76.26568649,3974.0,33.65398757021787,0.001352469,2026-09-01T06:54:27.896595+00:00
PKGL-03146,,35.74439455,76.26444548,3962.0,33.787497707114674,0.000633155,2026-09-01T06:54:27.896595+00:00
PKGL-03147,,35.74428801,76.26558731,3962.0,33.750302197095564,0.000288047,2026-09-01T06:54:27.896595+00:00
PKGL-03148,,35.74581971,76.26674789,3973.0,33.88959437836808,0.000532485,2026-09-01T06:54:27.896595+00:00
PKGL-03149,,35.74510356,76.27755592,3995.0,33.58709733206539,0.001790088,2026-09-01T06:54:27.896595+00:00
PKGL-03150,,35.73554746,76.27378555,3989.0,32.628629635780385,0.00918135,2026-09-01T06:54:27.896595+00:00
PKGL-03151,,35.73214631,76.27015829,3971.0,32.34011935043296,0.002381131,2026-09-01T06:54:27.896595+00:00
PKGL-03152,,35.73423212,76.26818577,3966.0,32.60895789093818,0.001242637,2026-09-01T06:54:27.896595+00:00
PKGL-03153,,35.73305089,76.26501899,3951.0,32.554623189449686,0.001209001,2026-09-01T06:54:27.896595+00:00
PKGL-03154,,35.73381752,76.27668167,4007.0,32.38111824124742,0.000218566,2026-09-01T06:54:27.896595+00:00
PKGL-03155,,35.73914298,76.266499,3956.0,33.17574052587465,0.000580849,2026-09-01T06:54:27.896595+00:00
PKGL-03156,,35.72842211,76.27253174,3969.0,31.886178680307008,0.003293462,2026-09-01T06:54:27.896595+00:00
PKGL-03157,,35.72867975,76.27510443,3978.0,31.858382076756,0.000555087,2026-09-01T06:54:27.896595+00:00
PKGL-03158,,35.73008888,76.27638552,3986.0,31.983716320696747,0.000956549,2026-09-01T06:54:27.896595+00:00
PKGL-03159,,35.72966839,76.27423088,3980.0,31.983853611191325,0.000656371,2026-09-01T06:54:27.896595+00:00
PKGL-03160,,35.73408662,76.27128573,3967.0,32.52452300810385,0.001478087,2026-09-01T06:54:27.896595+00:00
PKGL-03161,,35.74099679,76.26144972,3964.0,33.49155275948799,0.001139407,2026-09-01T06:54:27.896595+00:00
PKGL-03162,,35.74254292,76.25931398,3939.0,33.70817138868148,0.00105742,2026-09-01T06:54:27.896595+00:00
PKGL-03163,,35.74276559,76.2572693,3936.0,33.781455121505395,0.00382144,2026-09-01T06:54:27.896595+00:00
PKGL-03164,,35.74135578,76.25631898,3933.0,33.65394334289048,0.001544861,2026-09-01T06:54:27.896595+00:00
PKGL-03165,,35.74223108,76.25355417,3916.0,33.81656996979877,0.001375432,2026-09-01T06:54:27.896595+00:00
PKGL-03166,,35.74025508,76.25116322,3921.0,33.66712794291174,0.001892192,2026-09-01T06:54:27.896595+00:00
PKGL-03167,,35.74367083,76.26070403,3949.0,33.79614940020384,0.000341728,2026-09-01T06:54:27.896595+00:00
PKGL-03168,,35.74368161,76.26121461,3947.0,33.78531026776264,0.000161802,2026-09-01T06:54:27.896595+00:00
PKGL-03169,,35.74318535,76.26243392,3954.0,33.7035699175676,0.000125558,2026-09-01T06:54:27.896595+00:00
PKGL-03170,,35.7376063,76.26059775,3941.0,33.148196154545055,0.000831676,2026-09-01T06:54:27.896595+00:00
PKGL-03171,,35.73710892,76.2539324,3929.0,33.260473812190206,0.002557648,2026-09-01T06:54:27.896595+00:00
PKGL-03172,,35.73891528,76.25114492,3919.0,33.524950189727164,0.000683468,2026-09-01T06:54:27.896595+00:00
PKGL-03173,,35.73735543,76.24864187,3909.0,33.42523715123146,0.00266516,2026-09-01T06:54:27.896595+00:00
PKGL-03174,,35.73825466,76.24848577,3907.0,33.524910872090324,0.000313783,2026-09-01T06:54:27.896595+00:00
PKGL-03175,,35.72950897,76.25427102,3921.0,32.44211442004546,0.000908909,2026-09-01T06:54:27.896595+00:00
PKGL-03176,,35.72990328,76.25101221,3910.0,32.57044999014747,0.001188519,2026-09-01T06:54:27.896595+00:00
PKGL-03177,,35.73024321,76.25279634,3927.0,32.55900089218554,0.00144203,2026-09-01T06:54:27.896595+00:00
PKGL-03178,,35.73096515,76.25112169,3918.0,32.680256753825354,0.000512977,2026-09-01T06:54:27.896595+00:00
PKGL-03179,,35.73117868,76.25181945,3917.0,32.684330597550044,0.000361734,2026-09-01T06:54:27.896595+00:00
PKGL-03180,,35.72790177,76.26287914,3946.0,32.05335933822329,0.00247037,2026-09-01T06:54:27.896595+00:00
PKGL-03181,,35.7273587,76.25401047,3916.0,32.220226094329846,0.001041582,2026-09-01T06:54:27.896595+00:00
PKGL-03182,,35.72624412,76.25506335,3920.0,32.073953775681034,0.000701877,2026-09-01T06:54:27.896595+00:00
PKGL-03183,,35.74613864,76.24421722,3923.0,34.47650171810482,0.002572161,2026-09-01T06:54:27.896595+00:00
PKGL-03184,,35.74316284,76.23775781,3919.0,34.34142505797898,0.003209413,2026-09-01T06:54:27.896595+00:00
PKGL-03185,,35.74361932,76.23864794,3927.0,34.36418830946394,0.000319923,2026-09-01T06:54:27.896595+00:00
PKGL-03186,,35.74115294,76.24726403,3902.0,33.86538498502264,0.000832502,2026-09-01T06:54:27.896595+00:00
PKGL-03187,,35.74114207,76.24552342,3905.0,33.91112823399539,0.00127334,2026-09-01T06:54:27.896595+00:00
PKGL-03188,,35.73906244,76.2445917,3908.0,33.71619756856954,0.000497725,2026-09-01T06:54:27.896595+00:00
PKGL-03189,,35.73786934,76.24497356,3900.0,33.57934025142227,0.002040003,2026-09-01T06:54:27.896595+00:00
PKGL-03190,,35.73794838,76.24578813,3902.0,33.565357857752495,0.003028303,2026-09-01T06:54:27.896595+00:00
PKGL-03191,,35.73858262,76.24575399,3899.0,33.63350491919564,0.000877943,2026-09-01T06:54:27.896595+00:00
PKGL-03192,,35.73762588,76.24277034,3902.0,33.61481397380919,0.006669459,2026-09-01T06:54:27.896595+00:00
PKGL-03193,,35.73373776,76.24768736,3907.0,33.0672335449482,0.001120223,2026-09-01T06:54:27.896595+00:00
PKGL-03194,,35.7330261,76.24687536,3901.0,33.01410208767454,0.002826077,2026-09-01T06:54:27.896595+00:00
PKGL-03195,,35.73320711,76.24449942,3898.0,33.09929747104614,0.003217338,2026-09-01T06:54:27.896595+00:00
PKGL-03196,,35.73326621,76.24250715,3882.0,33.161869663733725,0.012673853,2026-09-01T06:54:27.896595+00:00
PKGL-03197,,35.73320356,76.23969782,3884.0,33.2361986308573,0.000913291,2026-09-01T06:54:27.896595+00:00
PKGL-03198,,35.73359801,76.23732852,3876.0,33.34724457704529,0.001768195,2026-09-01T06:54:27.896595+00:00
PKGL-03199,,35.73486152,76.23498827,3877.0,33.549603802504045,0.002435398,2026-09-01T06:54:27.896595+00:00
PKGL-03200,,35.73820728,76.23554671,3884.0,33.884172021785645,0.007148534,2026-09-01T06:54:27.896595+00:00
PKGL-03201,,35.73669349,76.23627462,3879.0,33.70361308931765,0.001028825,2026-09-01T06:54:27.896595+00:00
PKGL-03202,,35.73738514,76.23614844,3877.0,33.7800147347916,0.000638823,2026-09-01T06:54:27.896595+00:00
PKGL-03203,,35.72765975,76.24938349,3900.0,32.376786040701774,0.002927271,2026-09-01T06:54:27.896595+00:00
PKGL-03204,,35.72859425,76.24890392,3900.0,32.48894226578045,0.000548498,2026-09-01T06:54:27.896595+00:00
PKGL-03205,,35.72796296,76.24786697,3896.0,32.4507568892873,0.000574373,2026-09-01T06:54:27.896595+00:00
PKGL-03206,,35.72728886,76.24550249,3890.0,32.44588747769188,0.000698241,2026-09-01T06:54:27.896595+00:00
PKGL-03207,,35.72640779,76.24596455,3883.0,32.339773737406496,0.001246031,2026-09-01T06:54:27.896595+00:00
PKGL-03208,,35.7281874,76.24291455,3888.0,32.61471532717446,0.001722601,2026-09-01T06:54:27.896595+00:00
PKGL-03209,,35.72827455,76.24244872,3883.0,32.63736693322787,0.000208032,2026-09-01T06:54:27.896595+00:00
PKGL-03210,,35.72833261,76.24155546,3902.0,32.66944241222771,0.002255946,2026-09-01T06:54:27.896595+00:00
PKGL-03211,,35.72884962,76.24049259,3888.0,32.75492507913127,0.004127473,2026-09-01T06:54:27.896595+00:00
PKGL-03212,,35.72917779,76.23921771,3879.0,32.82699728717236,0.000419097,2026-09-01T06:54:27.896595+00:00
PKGL-03213,,35.73065237,76.23718026,3871.0,33.04243129492353,0.001069126,2026-09-01T06:54:27.896595+00:00
PKGL-03214,,35.73100597,76.23762412,3863.0,33.066288336375145,0.001041879,2026-09-01T06:54:27.896595+00:00
PKGL-03215,,35.73057039,76.24207031,3876.0,32.89014907035393,0.00157665,2026-09-01T06:54:27.896595+00:00
PKGL-03216,,35.73000515,76.24324012,3897.0,32.79695327241166,0.001581755,2026-09-01T06:54:27.896595+00:00
PKGL-03217,,35.72225092,76.24349256,3870.0,31.973003889882044,0.000883985,2026-09-01T06:54:27.896595+00:00
PKGL-03218,,35.72197804,76.2423085,3863.0,31.979196897925984,0.000639686,2026-09-01T06:54:27.896595+00:00
PKGL-03219,,35.72196916,76.2410349,3868.0,32.01615203253173,0.000150313,2026-09-01T06:54:27.896595+00:00
PKGL-03220,,35.72144474,76.24147588,3861.0,31.947951815550905,0.000359792,2026-09-01T06:54:27.896595+00:00
PKGL-03221,,35.72705733,76.23873283,3892.0,32.61882656805725,0.010686249,2026-09-01T06:54:27.896595+00:00
PKGL-03222,,35.73462625,76.22722375,3853.0,33.76450557581081,0.003542252,2026-09-01T06:54:27.896595+00:00
PKGL-03223,,35.73461853,76.22648138,3853.0,33.78728331229097,0.000435238,2026-09-01T06:54:27.896595+00:00
PKGL-03224,,35.7326946,76.22612775,3851.0,33.59853460937828,0.0073363,2026-09-01T06:54:27.896595+00:00
PKGL-03225,,35.73455377,76.23378136,3869.0,33.55372625567973,0.000765832,2026-09-01T06:54:27.896595+00:00
PKGL-03226,,35.73408854,76.23373391,3873.0,33.50643823293904,0.00261775,2026-09-01T06:54:27.896595+00:00
PKGL-03227,,35.73149009,76.23486906,3882.0,33.19987492479516,0.000973832,2026-09-01T06:54:27.896595+00:00
PKGL-03228,,35.73162925,76.23346992,3878.0,33.25709762014489,0.00170945,2026-09-01T06:54:27.896595+00:00
PKGL-03229,,35.73161127,76.23275823,3880.0,33.27707571394876,0.002802146,2026-09-01T06:54:27.896595+00:00
PKGL-03230,,35.73242631,76.23093658,3862.0,33.41858828252121,0.00162539,2026-09-01T06:54:27.896595+00:00
PKGL-03231,,35.73233423,76.2314334,3869.0,33.39354486500679,0.000203069,2026-09-01T06:54:27.896595+00:00
PKGL-03232,,35.73261603,76.2312126,3863.0,33.42982011555365,0.000434905,2026-09-01T06:54:27.896595+00:00
PKGL-03233,,35.73050324,76.23143471,3861.0,33.20237128640484,0.001796056,2026-09-01T06:54:27.896595+00:00
PKGL-03234,,35.7303547,76.22851381,3849.0,33.278931516349324,0.003175805,2026-09-01T06:54:27.896595+00:00
PKGL-03235,,35.72897022,76.22708826,3853.0,33.18071585705336,0.002141861,2026-09-01T06:54:27.896595+00:00
PKGL-03236,,35.72998754,76.22213185,3828.0,33.44848098006037,0.001396516,2026-09-01T06:54:27.896595+00:00
PKGL-03237,,35.7301856,76.22292519,3827.0,33.44267724039614,0.000522301,2026-09-01T06:54:27.896595+00:00
PKGL-03238,,35.72951346,76.22235561,3837.0,33.39203222770552,0.000764907,2026-09-01T06:54:27.896595+00:00
PKGL-03239,,35.73036197,76.21994715,3822.0,33.560214834054534,0.008518156,2026-09-01T06:54:27.896595+00:00
PKGL-03240,,35.72945399,76.21925481,3832.0,33.48996764354684,0.000401822,2026-09-01T06:54:27.896595+00:00
PKGL-03241,,35.72874797,76.2202593,3826.0,33.383205478264635,0.001495743,2026-09-01T06:54:27.896595+00:00
PKGL-03242,,35.72677059,76.22225695,3850.0,33.111960441427186,0.001270817,2026-09-01T06:54:27.896595+00:00
PKGL-03243,,35.72412684,76.21942116,3828.0,32.93597890459614,0.000866816,2026-09-01T06:54:27.896595+00:00
PKGL-03244,,35.72334692,76.22051774,3823.0,32.81811224458314,0.000790001,2026-09-01T06:54:27.896595+00:00
PKGL-03245,,35.72346784,76.22430889,3840.0,32.7021986934166,0.002728893,2026-09-01T06:54:27.896595+00:00
PKGL-03246,,35.72278709,76.22398657,3831.0,32.64271825187557,0.001085931,2026-09-01T06:54:27.896595+00:00
PKGL-03247,,35.72211805,76.22285582,3823.0,32.611879192305025,0.003197078,2026-09-01T06:54:27.896595+00:00
PKGL-03248,,35.7206212,76.22127067,3836.0,32.5119563957357,0.001530917,2026-09-01T06:54:27.896595+00:00
PKGL-03249,,35.71991003,76.2197955,3819.0,32.48997017269644,0.000553049,2026-09-01T06:54:27.896595+00:00
PKGL-03250,,35.71855803,76.22059901,3820.0,32.32329157690744,0.004000366,2026-09-01T06:54:27.896595+00:00
PKGL-03251,,35.71484456,76.23073785,3806.0,31.59707417401652,0.000800605,2026-09-01T06:54:27.896595+00:00
PKGL-03252,,35.72022742,76.22974074,3832.0,32.18745597186359,0.00416744,2026-09-01T06:54:27.896595+00:00
PKGL-03253,,35.72068856,76.23091175,3836.0,32.19730474172357,0.001050634,2026-09-01T06:54:27.896595+00:00
PKGL-03254,,35.72400612,76.23387431,3855.0,32.448355832160466,0.000559757,2026-09-01T06:54:27.896595+00:00
PKGL-03255,,35.72442842,76.23426951,3863.0,32.48006933811747,0.000208528,2026-09-01T06:54:27.896595+00:00
PKGL-03256,,35.72463517,76.23217079,3867.0,32.56750490859091,0.000225058,2026-09-01T06:54:27.896595+00:00
PKGL-03257,,35.72612563,76.23576036,3875.0,32.61127966539759,0.00110309,2026-09-01T06:54:27.896595+00:00
PKGL-03258,,35.72051998,76.23781848,3862.0,31.96193540146505,0.00043803,2026-09-01T06:54:27.896595+00:00
PKGL-03259,,35.7308552,76.2160386,3820.0,33.7440414476816,0.001916874,2026-09-01T06:54:27.896595+00:00
PKGL-03260,,35.71179337,76.22414832,3896.0,31.505707020166568,0.000636616,2026-09-01T06:54:27.896595+00:00
PKGL-03261,,35.73075635,76.21399306,3809.0,33.7661515862012,0.003860948,2026-09-01T06:54:27.896595+00:00
PKGL-03262,,35.73130605,76.21269832,3803.0,33.66650281093936,0.000322971,2026-09-01T06:54:27.896595+00:00
PKGL-03263,,35.72887363,76.21516689,3798.0,33.57071432817856,0.006307104,2026-09-01T06:54:27.896595+00:00
PKGL-03264,,35.7283048,76.21291676,3812.0,33.59134659162546,0.002103393,2026-09-01T06:54:27.896595+00:00
PKGL-03265,,35.7280586,76.21352473,3811.0,33.54469654086394,0.00097047,2026-09-01T06:54:27.896595+00:00
PKGL-03266,,35.72729324,76.21366721,3803.0,33.4613301137407,0.002265023,2026-09-01T06:54:27.896595+00:00
PKGL-03267,,35.72861649,76.21141493,3805.0,33.485589576320415,0.000910602,2026-09-01T06:54:27.896595+00:00
PKGL-03268,,35.72898166,76.21071996,3802.0,33.43358450275981,0.000828458,2026-09-01T06:54:27.896595+00:00
PKGL-03269,,35.72815485,76.21032508,3793.0,33.37822736893714,0.006227533,2026-09-01T06:54:27.896595+00:00
PKGL-03270,,35.72629478,76.21046446,3802.0,33.34497461397106,0.00063409,2026-09-01T06:54:27.896595+00:00
PKGL-03271,,35.72663206,76.2115664,3799.0,33.45021948629804,0.000401199,2026-09-01T06:54:27.896595+00:00
PKGL-03272,,35.72618897,76.20880904,3796.0,33.19655713631233,0.000714766,2026-09-01T06:54:27.896595+00:00
PKGL-03273,,35.72526578,76.2083183,3791.0,33.131091183898064,0.005380991,2026-09-01T06:54:27.896595+00:00
PKGL-03274,,35.72460164,76.21031116,3799.0,33.29108012447593,0.000118232,2026-09-01T06:54:27.896595+00:00
PKGL-03275,,35.72568423,76.20998554,3791.0,33.28808195894717,0.000195981,2026-09-01T06:54:27.896595+00:00
PKGL-03276,,35.72395615,76.21311496,3805.0,33.13983049338224,0.008484966,2026-09-01T06:54:27.896595+00:00
PKGL-03277,,35.72254635,76.20753794,3788.0,32.99844304301511,0.002602551,2026-09-01T06:54:27.896595+00:00
PKGL-03278,,35.71986606,76.21186304,3786.0,32.76827016154186,0.001786709,2026-09-01T06:54:27.896595+00:00
PKGL-03279,,35.72034144,76.21439886,3790.0,32.72490894226724,0.000698219,2026-09-01T06:54:27.896595+00:00
PKGL-03280,,35.72069108,76.21855358,3821.0,32.61340469009647,0.001086678,2026-09-01T06:54:27.896595+00:00
PKGL-03281,,35.71792246,76.21538469,3808.0,32.4427321069617,0.000446945,2026-09-01T06:54:27.896595+00:00
PKGL-03282,,35.71682141,76.21310351,3801.0,32.413360500769315,0.001067859,2026-09-01T06:54:27.896595+00:00
PKGL-03283,,35.71723511,76.21223939,3794.0,32.487066616568754,0.000560302,2026-09-01T06:54:27.896595+00:00
PKGL-03284,,35.71717478,76.21269774,3797.0,32.4641305799107,0.001532341,2026-09-01T06:54:27.896595+00:00
PKGL-03285,,35.71787116,76.20786878,3785.0,32.71381746337082,0.01033744,2026-09-01T06:54:27.896595+00:00
PKGL-03286,,35.71932032,76.20693471,3771.0,32.8727351786684,0.003207418,2026-09-01T06:54:27.896595+00:00
PKGL-03287,,35.71341704,76.20877594,3757.0,32.229616258855586,0.001975693,2026-09-01T06:54:27.896595+00:00
PKGL-03288,,35.71446213,76.20723945,3764.0,32.39340051473492,0.002142418,2026-09-01T06:54:27.896595+00:00
PKGL-03289,,35.71766571,76.20557698,3752.0,32.71674111467368,0.001547118,2026-09-01T06:54:27.896595+00:00
PKGL-03290,,35.72250273,76.20190494,3767.0,32.500076500076574,0.001108776,2026-09-01T06:54:27.896595+00:00
PKGL-03291,,35.7230511,76.202394,3772.0,32.556078709163934,0.001077864,2026-09-01T06:54:27.896595+00:00
PKGL-03292,,35.72385469,76.20450182,3780.0,32.760979805936046,0.00344219,2026-09-01T06:54:27.896595+00:00
PKGL-03293,,35.72466001,76.20425598,3787.0,32.758478195641715,0.000604925,2026-09-01T06:54:27.896595+00:00
PKGL-03294,,35.7261782,76.20179355,3771.0,32.57849696199407,0.001100697,2026-09-01T06:54:27.896595+00:00
PKGL-03295,,35.72850857,76.20300509,3766.0,32.74343348603295,0.009634759,2026-09-01T06:54:27.896595+00:00
PKGL-03296,,35.72988209,76.20209256,3764.0,32.69860470586954,0.000478859,2026-09-01T06:54:27.896595+00:00
PKGL-03297,,35.7298349,76.20266239,3765.0,32.74739484060864,0.000764584,2026-09-01T06:54:27.896595+00:00
PKGL-03298,,35.72931016,76.20535985,3785.0,32.9707630909828,0.000683787,2026-09-01T06:54:27.896595+00:00
PKGL-03299,,35.72925368,76.20625278,3789.0,33.04777357477663,0.002554755,2026-09-01T06:54:27.896595+00:00
PKGL-03300,,35.72876306,76.20648592,3790.0,33.055812824976805,0.000505053,2026-09-01T06:54:27.896595+00:00
PKGL-03301,,35.72860515,76.20622046,3789.0,33.02848793925726,0.000480995,2026-09-01T06:54:27.896595+00:00
PKGL-03302,,35.72818384,76.20563517,3790.0,32.96641649968694,0.000531102,2026-09-01T06:54:27.896595+00:00
PKGL-03303,,35.73025723,76.20676492,3784.0,33.118479751236144,0.000598391,2026-09-01T06:54:27.896595+00:00
PKGL-03304,,35.72392371,76.20109139,3777.0,32.461877347315806,0.000635658,2026-09-01T06:54:27.896595+00:00
PKGL-03305,,35.7237316,76.20155103,3779.0,32.49782088528958,0.000157479,2026-09-01T06:54:27.896595+00:00
PKGL-03306,,35.72392759,76.20219654,3780.0,32.55940856745286,0.000410086,2026-09-01T06:54:27.896595+00:00
PKGL-03307,,35.72515519,76.20054849,3777.0,32.44377675711608,0.000805891,2026-09-01T06:54:27.896595+00:00
PKGL-03308,,35.72422881,76.20327139,3769.0,32.66136414450139,0.001360497,2026-09-01T06:54:27.896595+00:00
PKGL-03309,,35.71305806,76.20754992,3749.0,32.2400447974236,0.001586435,2026-09-01T06:54:27.896595+00:00
PKGL-03310,,35.71345424,76.20642499,3760.0,32.323001644282066,0.000703627,2026-09-01T06:54:27.896595+00:00
PKGL-03311,,35.71326317,76.20676162,3763.0,32.290858647072284,0.000750408,2026-09-01T06:54:27.896595+00:00
PKGL-03312,,35.71418137,76.20667371,3762.0,32.386692747992214,0.001243333,2026-09-01T06:54:27.896595+00:00
PKGL-03313,,35.71446819,76.20493845,3756.0,32.482181064501496,0.011687914,2026-09-01T06:54:27.896595+00:00
PKGL-03314,,35.72345068,76.19525523,3762.0,31.936105114236224,0.001016128,2026-09-01T06:54:27.896595+00:00
PKGL-03315,,35.72324168,76.19742659,3774.0,32.12247706770405,0.001086866,2026-09-01T06:54:27.896595+00:00
PKGL-03316,,35.72123638,76.1984131,3760.0,32.16239727002347,0.001145932,2026-09-01T06:54:27.896595+00:00
PKGL-03317,,35.71917231,76.19922052,3759.0,32.18691300712985,0.003480912,2026-09-01T06:54:27.896595+00:00
PKGL-03318,,35.71834934,76.19927939,3752.0,32.17390550313943,0.002771078,2026-09-01T06:54:27.896595+00:00
PKGL-03319,,35.71850329,76.20136333,3760.0,32.361719051502035,0.001248197,2026-09-01T06:54:27.896595+00:00
PKGL-03320,,35.7165646,76.20182366,3751.0,32.3607322364309,0.00336333,2026-09-01T06:54:27.896595+00:00
PKGL-03321,,35.71590056,76.20397724,3765.0,32.53773253973595,0.003405759,2026-09-01T06:54:27.896595+00:00
PKGL-03322,,35.71333577,76.2054786,3750.0,32.34749682871544,0.000723769,2026-09-01T06:54:27.896595+00:00
PKGL-03323,,35.71272616,76.20450503,3756.0,32.32395481160439,0.000825643,2026-09-01T06:54:27.896595+00:00
PKGL-03324,,35.71180183,76.20347219,3753.0,32.27156599360768,0.001499782,2026-09-01T06:54:27.896595+00:00
PKGL-03325,,35.71254474,76.20182032,3763.0,32.27832211531382,0.002147758,2026-09-01T06:54:27.896595+00:00
PKGL-03326,,35.71413467,76.19971422,3741.0,32.1231451382866,0.015773562,2026-09-01T06:54:27.896595+00:00
PKGL-03327,,35.7098898,76.19854438,3748.0,31.935845227393138,0.016783956,2026-09-01T06:54:27.896595+00:00
PKGL-03328,,35.71130808,76.19792515,3736.0,31.90793707147465,0.002887539,2026-09-01T06:54:27.896595+00:00
PKGL-03329,,35.7114401,76.19908421,3725.0,32.013539907411484,0.002896477,2026-09-01T06:54:27.896595+00:00
PKGL-03330,,35.71231824,76.20125256,3751.0,32.22341667077279,0.00075467,2026-09-01T06:54:27.896595+00:00
PKGL-03331,,35.71070127,76.20171478,3744.0,32.23076661072557,0.000351212,2026-09-01T06:54:27.896595+00:00
PKGL-03332,,35.70981679,76.19427536,3726.0,31.554668713151298,0.00096664,2026-09-01T06:54:27.896595+00:00
PKGL-03333,,35.71059551,76.19385117,3743.0,31.53192463656811,0.001137831,2026-09-01T06:54:27.896595+00:00
PKGL-03334,,35.70576673,76.19481026,3728.0,31.528238501053576,0.001749576,2026-09-01T06:54:27.896595+00:00
PKGL-03335,,35.70710699,76.19648183,3735.0,31.700982665762705,0.000813512,2026-09-01T06:54:27.896595+00:00
PKGL-03336,,35.70704497,76.19176751,3706.0,31.27983844710611,0.00158829,2026-09-01T06:54:27.896595+00:00
PKGL-03337,,35.71028584,76.1897082,3720.0,31.157609303925494,0.005000469,2026-09-01T06:54:27.896595+00:00
PKGL-03338,,35.71171087,76.18865545,3714.0,31.09231446519919,0.000548753,2026-09-01T06:54:27.896595+00:00
PKGL-03339,,35.71487718,76.19307651,3726.0,31.54976276362128,0.001261559,2026-09-01T06:54:27.896595+00:00
PKGL-03340,,35.7146211,76.19113504,3720.0,31.37226131396867,0.00173598,2026-09-01T06:54:27.896595+00:00
PKGL-03341,,35.71465702,76.18601467,3732.0,30.919259027585653,0.004401476,2026-09-01T06:54:27.896595+00:00
PKGL-03342,,35.71609426,76.1846533,3726.0,30.82995399595358,0.002478686,2026-09-01T06:54:27.896595+00:00
PKGL-03343,,35.71666859,76.1850918,3724.0,30.881468900061027,0.004766977,2026-09-01T06:54:27.896595+00:00
PKGL-03344,,35.71849147,76.19038623,3727.0,31.39050064802722,0.001770006,2026-09-01T06:54:27.896595+00:00
PKGL-03345,,35.7170584,76.18994528,3738.0,31.31949116781973,0.000594777,2026-09-01T06:54:27.896595+00:00
PKGL-03346,,35.7176646,76.18873477,3741.0,31.225892308813822,0.0004473,2026-09-01T06:54:27.896595+00:00
PKGL-03347,,35.71765084,76.18832029,3743.0,31.18893209771029,0.000437987,2026-09-01T06:54:27.896595+00:00
PKGL-03348,,35.71999143,76.18803298,3740.0,31.21706388738157,0.003210634,2026-09-01T06:54:27.896595+00:00
PKGL-03349,,35.72138717,76.1891558,3747.0,31.348989825759965,0.001255962,2026-09-01T06:54:27.896595+00:00
PKGL-03350,,35.71880468,76.18331797,3717.0,30.77322101782514,0.000818077,2026-09-01T06:54:27.896595+00:00
PKGL-03351,,35.71612389,76.18129998,3712.0,30.533944428993173,0.000823217,2026-09-01T06:54:27.896595+00:00
PKGL-03352,,35.71666782,76.1816569,3714.0,30.57767852429966,0.002401383,2026-09-01T06:54:27.896595+00:00
PKGL-03353,,35.7145385,76.18083639,3708.0,30.45805899431681,0.000410233,2026-09-01T06:54:27.896595+00:00
PKGL-03354,,35.71190153,76.18194645,3708.0,30.500699234425404,0.000670778,2026-09-01T06:54:27.896595+00:00
PKGL-03355,,35.71207398,76.18373265,3721.0,30.66273174422908,0.001622976,2026-09-01T06:54:27.896595+00:00
PKGL-03356,,35.70942757,76.18124511,3691.0,30.38862705141873,0.025654756,2026-09-01T06:54:27.896595+00:00
PKGL-03357,,35.71103822,76.17642729,3694.0,29.99323506911428,0.011672289,2026-09-01T06:54:27.896595+00:00
PKGL-03358,,35.71066439,76.17580726,3683.0,29.930540315421545,0.000950095,2026-09-01T06:54:27.896595+00:00
PKGL-03359,,35.71308124,76.1748458,3695.0,29.896031072575543,0.000588188,2026-09-01T06:54:27.896595+00:00
PKGL-03360,,35.7082651,76.17627832,3693.0,29.92442474615096,0.001128849,2026-09-01T06:54:27.896595+00:00
PKGL-03361,,35.70722637,76.18072914,3688.0,30.30038571416093,0.002238816,2026-09-01T06:54:27.896595+00:00
PKGL-03362,,35.70730138,76.18366126,3702.0,30.562744636205004,0.00061066,2026-09-01T06:54:27.896595+00:00
PKGL-03363,,35.70801588,76.18292824,3701.0,30.510984766478856,0.000235819,2026-09-01T06:54:27.896595+00:00
PKGL-03364,,35.70799852,76.18128341,3690.0,30.36433788793809,0.000339351,2026-09-01T06:54:27.896595+00:00
PKGL-03365,,35.70330761,76.17739125,3685.0,29.931971274147443,0.005864435,2026-09-01T06:54:27.896595+00:00
PKGL-03366,,35.70338114,76.17987238,3691.0,30.15452925932496,0.000504374,2026-09-01T06:54:27.896595+00:00
PKGL-03367,,35.70278292,76.17879671,3686.0,30.048259010892863,0.000504799,2026-09-01T06:54:27.896595+00:00
PKGL-03368,,35.70287317,76.1816929,3684.0,30.308207687827363,0.003285178,2026-09-01T06:54:27.896595+00:00
PKGL-03369,,35.70222256,76.18486807,3677.0,30.580661453053057,0.000626123,2026-09-01T06:54:27.896595+00:00
PKGL-03370,,35.70358297,76.18763158,3694.0,30.85020772457807,0.002255099,2026-09-01T06:54:27.896595+00:00
PKGL-03371,,35.70424456,76.18883682,3694.0,30.969062672491606,0.000672814,2026-09-01T06:54:27.896595+00:00
PKGL-03372,,35.70428278,76.19144044,3717.0,31.20199594671656,0.001486439,2026-09-01T06:54:27.896595+00:00
PKGL-03373,,35.7054167,76.18880585,3694.0,30.986749284277675,0.002864928,2026-09-01T06:54:27.896595+00:00
PKGL-03374,,35.70782671,76.18588559,3689.0,30.770551143466736,0.000351413,2026-09-01T06:54:27.896595+00:00
PKGL-03375,,35.70291525,76.19287221,3702.0,31.306819150702125,0.001551827,2026-09-01T06:54:27.896595+00:00
PKGL-03376,,35.70189307,76.19173342,3694.0,31.1884121876357,0.004784328,2026-09-01T06:54:27.896595+00:00
PKGL-03377,,35.70185245,76.18967072,3705.0,31.00348510836057,0.001555399,2026-09-01T06:54:27.896595+00:00
PKGL-03378,,35.69965012,76.18451114,3682.0,30.50730068300391,0.001481155,2026-09-01T06:54:27.896595+00:00
PKGL-03379,,35.70116996,76.18637033,3689.0,30.697593917918027,0.003340471,2026-09-01T06:54:27.896595+00:00
PKGL-03380,,35.70030686,76.17764455,3670.0,29.90408699942338,0.000393621,2026-09-01T06:54:27.896595+00:00
PKGL-03381,,35.70089766,76.17494693,3641.0,29.67284944880843,0.00124972,2026-09-01T06:54:27.896595+00:00
PKGL-03382,,35.70041952,76.17331828,3624.0,29.51951369528363,0.00109919,2026-09-01T06:54:27.896595+00:00
PKGL-03383,,35.70199168,76.17286679,3634.0,29.50564311111569,0.000357749,2026-09-01T06:54:27.896595+00:00
PKGL-03384,,35.70631471,76.17021638,3669.0,29.34777325469643,0.001003394,2026-09-01T06:54:27.896595+00:00
PKGL-03385,,35.71035424,76.17393002,3693.0,29.757596516316774,0.000414604,2026-09-01T06:54:27.896595+00:00
PKGL-03386,,35.70950999,76.17678429,3686.0,29.99394145501457,0.000734687,2026-09-01T06:54:27.896595+00:00
PKGL-03387,,35.70442808,76.18036138,3692.0,30.21648800778086,0.002931859,2026-09-01T06:54:27.896595+00:00
PKGL-03388,,35.70493682,76.17987212,3695.0,30.18196136268048,0.000221416,2026-09-01T06:54:27.896595+00:00
PKGL-03389,,35.68815689,76.16891344,3544.0,28.952767760964743,0.005575844,2026-09-01T06:54:27.896595+00:00
PKGL-03390,,35.68881282,76.16700757,3536.0,28.78930858141264,0.000297337,2026-09-01T06:54:27.896595+00:00
PKGL-03391,,35.68754981,76.15520022,3408.0,27.71405221044207,0.002462101,2026-09-01T06:54:27.896595+00:00
PKGL-03392,,36.09455633,75.30033547,4156.0,25.58228532386017,0.004142117,2026-09-01T06:54:27.896595+00:00
PKGL-03393,,36.08435967,75.30083443,4181.0,24.45170300978188,0.000586514,2026-09-01T06:54:27.896595+00:00
PKGL-03394,,36.08361466,75.29961013,4185.0,24.38372459516119,0.001045906,2026-09-01T06:54:27.896595+00:00
PKGL-03395,,36.08378189,75.30010182,4183.0,24.396403085668503,0.000228271,2026-09-01T06:54:27.896595+00:00
PKGL-03396,,36.08391323,75.3013356,4185.0,24.39679767315156,0.000366096,2026-09-01T06:54:27.896595+00:00
PKGL-03397,,36.08237969,75.29868612,4177.0,24.258697508580404,0.001070199,2026-09-01T06:54:27.896595+00:00
PKGL-03398,,36.08188643,75.29842015,4165.0,24.20760988753041,0.000764117,2026-09-01T06:54:27.896595+00:00
PKGL-03399,,36.08193145,75.29719596,4163.0,24.227844185150783,0.000666499,2026-09-01T06:54:27.896595+00:00
PKGL-03400,,36.08099158,75.29638616,4157.0,24.134804256973883,0.001284379,2026-09-01T06:54:27.896595+00:00
PKGL-03401,,36.08293104,75.29815271,4173.0,24.32596103314824,0.000331987,2026-09-01T06:54:27.896595+00:00
PKGL-03402,,36.08413144,75.29648356,4176.0,24.47907421964806,0.00041536,2026-09-01T06:54:27.896595+00:00
PKGL-03403,,36.08400797,75.29587363,4170.0,24.473346488126133,0.001227268,2026-09-01T06:54:27.896595+00:00
PKGL-03404,,36.08393628,75.29383153,4170.0,24.49266605645748,0.001512287,2026-09-01T06:54:27.896595+00:00
PKGL-03405,,36.08349064,75.29468844,4152.0,24.43208521809227,0.000464198,2026-09-01T06:54:27.896595+00:00
PKGL-03406,,36.0836267,75.29513245,4152.0,24.44112964145167,0.000319064,2026-09-01T06:54:27.896595+00:00
PKGL-03407,,36.08288393,75.29501176,4151.0,24.361050372266003,0.00079304,2026-09-01T06:54:27.896595+00:00
PKGL-03408,,36.08313196,75.29237408,4160.0,24.424587282324666,0.000619952,2026-09-01T06:54:27.896595+00:00
PKGL-03409,,36.08301539,75.29148534,4161.0,24.424519679178708,0.000759271,2026-09-01T06:54:27.896595+00:00
PKGL-03410,,36.08281561,75.28977699,4152.0,24.427807781279544,0.000979897,2026-09-01T06:54:27.896595+00:00
PKGL-03411,,36.082617,75.2887379,4151.0,24.42184446635597,0.000854124,2026-09-01T06:54:27.896595+00:00
PKGL-03412,,36.08242558,75.28793858,4149.0,24.413282688580274,0.000850072,2026-09-01T06:54:27.896595+00:00
PKGL-03413,,36.08228117,75.28624874,4155.0,24.424397520697887,0.000801037,2026-09-01T06:54:27.896595+00:00
PKGL-03414,,36.08145056,75.28640171,4155.0,24.331073316191905,0.00086586,2026-09-01T06:54:27.896595+00:00
PKGL-03415,,36.0814102,75.28723562,4158.0,24.31324497405902,0.000964159,2026-09-01T06:54:27.896595+00:00
PKGL-03416,,36.08154913,75.28843704,4143.0,24.309528567333388,0.001670605,2026-09-01T06:54:27.896595+00:00
PKGL-03417,,36.0816522,75.28955414,4140.0,24.303651306967925,0.000523072,2026-09-01T06:54:27.896595+00:00
PKGL-03418,,36.08061922,75.29050167,4144.0,24.17613876083434,0.000633899,2026-09-01T06:54:27.896595+00:00
PKGL-03419,,36.0806781,75.28989901,4142.0,24.19166006968293,0.000226199,2026-09-01T06:54:27.896595+00:00
PKGL-03420,,36.08045309,75.28950446,4141.0,24.17300314012574,0.000347492,2026-09-01T06:54:27.896595+00:00
PKGL-03421,,36.08180997,75.28804686,4146.0,24.34418160547203,0.000860261,2026-09-01T06:54:27.896595+00:00
PKGL-03422,,36.08188641,75.28746754,4155.0,24.36167517600905,0.000797738,2026-09-01T06:54:27.896595+00:00
PKGL-03423,,36.08167042,75.28587838,4159.0,24.363642306775983,0.000514701,2026-09-01T06:54:27.896595+00:00
PKGL-03424,,36.08182839,75.28681241,4166.0,24.3657754952643,0.000776134,2026-09-01T06:54:27.896595+00:00
PKGL-03425,,36.08284633,75.2863015,4152.0,24.48536033795576,0.000143438,2026-09-01T06:54:27.896595+00:00
PKGL-03426,,36.08435983,75.29090589,4149.0,24.58046350236247,0.000529656,2026-09-01T06:54:27.896595+00:00
PKGL-03427,,36.08494007,75.29496928,4151.0,24.58773639401147,0.000489129,2026-09-01T06:54:27.896595+00:00
PKGL-03428,,36.08637353,75.29249889,4151.0,24.77884509279456,0.000687337,2026-09-01T06:54:27.896595+00:00
PKGL-03429,,36.0861496,75.29092538,4141.0,24.77658352828833,0.001062005,2026-09-01T06:54:27.896595+00:00
PKGL-03430,,36.09400445,75.29626075,4151.0,25.56894906382432,0.000731904,2026-09-01T06:54:27.896595+00:00
PKGL-03431,,36.09218445,75.29882952,4165.0,25.337664890877104,0.000530528,2026-09-01T06:54:27.896595+00:00
PKGL-03432,,36.08790905,75.29943234,4171.0,24.859248644791048,0.000533974,2026-09-01T06:54:27.896595+00:00
PKGL-03433,,36.08523943,75.30034795,4175.0,24.554288063014727,0.000451762,2026-09-01T06:54:27.896595+00:00
PKGL-03434,,36.07751755,75.29862809,4158.0,23.723864069465684,0.00029188,2026-09-01T06:54:27.896595+00:00
PKGL-03435,,36.07727131,75.29880436,4160.0,23.6945545766882,0.000606908,2026-09-01T06:54:27.896595+00:00
PKGL-03436,,36.07618883,75.29861572,4172.0,23.5777079936298,0.000756664,2026-09-01T06:54:27.896595+00:00
PKGL-03437,,36.07598052,75.29896092,4172.0,23.550458419693232,0.000251514,2026-09-01T06:54:27.896595+00:00
PKGL-03438,,36.07524871,75.29687088,4170.0,23.49669265888665,0.000482815,2026-09-01T06:54:27.896595+00:00
PKGL-03439,,36.07526627,75.29635711,4163.0,23.50544270625744,0.000346215,2026-09-01T06:54:27.896595+00:00
PKGL-03440,,36.07524607,75.29550077,4161.0,23.5147853186021,0.001064521,2026-09-01T06:54:27.896595+00:00
PKGL-03441,,36.07518311,75.29485421,4159.0,23.516762810618555,0.000335836,2026-09-01T06:54:27.896595+00:00
PKGL-03442,,36.07458927,75.29653996,4170.0,23.428557917857137,0.001830107,2026-09-01T06:54:27.896595+00:00
PKGL-03443,,36.07403502,75.29580925,4168.0,23.37747538954026,0.000322202,2026-09-01T06:54:27.896595+00:00
PKGL-03444,,36.0736954,75.29609492,4168.0,23.336264694913787,0.000669588,2026-09-01T06:54:27.896595+00:00
PKGL-03445,,36.07377824,75.29467908,4161.0,23.364882430265844,0.002553508,2026-09-01T06:54:27.896595+00:00
PKGL-03446,,36.07233432,75.29433992,4155.0,23.21111244202147,0.001445589,2026-09-01T06:54:27.896595+00:00
PKGL-03447,,36.07212202,75.29529646,4158.0,23.174332586153376,0.003056903,2026-09-01T06:54:27.896595+00:00
PKGL-03448,,36.07284276,75.29482848,4153.0,23.260040849688,0.000497697,2026-09-01T06:54:27.896595+00:00
PKGL-03449,,36.07599257,75.29125053,4151.0,23.65765905209625,0.000421206,2026-09-01T06:54:27.896595+00:00
PKGL-03450,,36.07644623,75.2902701,4147.0,23.72225060201047,0.000540729,2026-09-01T06:54:27.896595+00:00
PKGL-03451,,36.07379177,75.28587612,4131.0,23.502813490611647,0.000578084,2026-09-01T06:54:27.896595+00:00
PKGL-03452,,36.07328923,75.28702502,4135.0,23.428616911923168,0.000570673,2026-09-01T06:54:27.896595+00:00
PKGL-03453,,36.07311995,75.28628186,4134.0,23.422578554962,0.000917613,2026-09-01T06:54:27.896595+00:00
PKGL-03454,,36.07301485,75.28952312,4144.0,23.35808700125225,0.000806458,2026-09-01T06:54:27.896595+00:00
PKGL-03455,,36.07250574,75.29123239,4154.0,23.275761754622085,0.000652418,2026-09-01T06:54:27.896595+00:00
PKGL-03456,,36.07258481,75.29049314,4152.0,23.29580522764149,0.000519376,2026-09-01T06:54:27.896595+00:00
PKGL-03457,,36.07227724,75.29066905,4158.0,23.259390935096302,0.000394333,2026-09-01T06:54:27.896595+00:00
PKGL-03458,,36.07397929,75.29202325,4153.0,23.4253553364794,0.00043743,2026-09-01T06:54:27.896595+00:00
PKGL-03459,,36.07426273,75.29146808,4154.0,23.464750857659794,0.000264739,2026-09-01T06:54:27.896595+00:00
PKGL-03460,,36.07393341,75.29137877,4155.0,23.43000057590675,0.000395868,2026-09-01T06:54:27.896595+00:00
PKGL-03461,,36.07334964,75.29096594,4154.0,23.37230511492564,0.000230923,2026-09-01T06:54:27.896595+00:00
PKGL-03462,,36.07351022,75.29052988,4155.0,23.396600118499425,0.000343847,2026-09-01T06:54:27.896595+00:00
PKGL-03463,,36.07309286,75.29105811,4153.0,23.342759187068967,0.000397821,2026-09-01T06:54:27.896595+00:00
PKGL-03464,,36.07415681,75.28557811,4132.0,23.547738893748328,0.002493898,2026-09-01T06:54:27.896595+00:00
PKGL-03465,,36.07460504,75.28454623,4131.0,23.6144018828932,0.00072855,2026-09-01T06:54:27.896595+00:00
PKGL-03466,,36.07562126,75.28472926,4130.0,23.72213078660884,0.000446077,2026-09-01T06:54:27.896595+00:00
PKGL-03467,,36.07552604,75.28499942,4132.0,23.707100384184,0.000102943,2026-09-01T06:54:27.896595+00:00
PKGL-03468,,36.07548053,75.2840599,4132.0,23.718370023088507,0.000225481,2026-09-01T06:54:27.896595+00:00
PKGL-03469,,36.0750864,75.28202094,4130.0,23.711680636668422,0.000992526,2026-09-01T06:54:27.896595+00:00
PKGL-03470,,36.07457434,75.28349294,4127.0,23.62950979158989,0.000417679,2026-09-01T06:54:27.896595+00:00
PKGL-03471,,36.0738511,75.28288752,4123.0,23.56147980320742,0.001156214,2026-09-01T06:54:27.896595+00:00
PKGL-03472,,36.07319864,75.28459964,4128.0,23.4600454525528,0.00112076,2026-09-01T06:54:27.896595+00:00
PKGL-03473,,36.07264806,75.28545837,4133.0,23.38509613107073,0.000336635,2026-09-01T06:54:27.896595+00:00
PKGL-03474,,36.07354269,75.28204042,4125.0,23.54322991098265,0.00036283,2026-09-01T06:54:27.896595+00:00
PKGL-03475,,36.07319642,75.28240166,4122.0,23.49894498248685,0.000341409,2026-09-01T06:54:27.896595+00:00
PKGL-03476,,36.07317532,75.28167107,4121.0,23.51001296972646,0.001001582,2026-09-01T06:54:27.896595+00:00
PKGL-03477,,36.0738231,75.28126358,4124.0,23.588028008360173,0.00074757,2026-09-01T06:54:27.896595+00:00
PKGL-03478,,36.07343987,75.28123822,4120.0,23.54679831043388,0.000797734,2026-09-01T06:54:27.896595+00:00
PKGL-03479,,36.07413442,75.27968063,4121.0,23.651549254599527,0.001740996,2026-09-01T06:54:27.896595+00:00
PKGL-03480,,36.07369298,75.27985278,4118.0,23.600303170981693,0.000788086,2026-09-01T06:54:27.896595+00:00
PKGL-03481,,36.07235015,75.28034452,4124.0,23.44502606266571,0.000752945,2026-09-01T06:54:27.896595+00:00
PKGL-03482,,36.07255364,75.27843583,4119.0,23.50383324785417,0.001031974,2026-09-01T06:54:27.896595+00:00
PKGL-03483,,36.07287881,75.27839278,4116.0,23.53996741217315,0.00060853,2026-09-01T06:54:27.896595+00:00
PKGL-03484,,36.07299969,75.27678712,4120.0,23.58483417058016,0.000856557,2026-09-01T06:54:27.896595+00:00
PKGL-03485,,36.0732949,75.27618154,4118.0,23.629010572896977,0.001741687,2026-09-01T06:54:27.896595+00:00
PKGL-03486,,36.07358191,75.27649051,4118.0,23.65389025220401,0.00040834,2026-09-01T06:54:27.896595+00:00
PKGL-03487,,36.07424638,75.27811683,4122.0,23.6937925025486,0.002744583,2026-09-01T06:54:27.896595+00:00
PKGL-03488,,36.07415741,75.27853017,4123.0,23.67610479771564,0.000253267,2026-09-01T06:54:27.896595+00:00
PKGL-03489,,36.07390705,75.27635626,4119.0,23.691826146292552,0.000525618,2026-09-01T06:54:27.896595+00:00
PKGL-03490,,36.0761523,75.27619958,4121.0,23.938353578990448,0.001129006,2026-09-01T06:54:27.896595+00:00
PKGL-03491,,36.08015789,75.28688715,4135.0,24.18182826575309,0.001238659,2026-09-01T06:54:27.896595+00:00
PKGL-03492,,36.08075727,75.28687659,4145.0,24.247563647195584,0.000357452,2026-09-01T06:54:27.896595+00:00
PKGL-03493,,36.08054067,75.28585118,4133.0,24.240580004337144,0.000606961,2026-09-01T06:54:27.896595+00:00
PKGL-03494,,36.08343392,75.28392731,4141.0,24.58877285653552,0.000735042,2026-09-01T06:54:27.896595+00:00
PKGL-03495,,36.08468975,75.28354069,4148.0,24.73245483406971,0.00090813,2026-09-01T06:54:27.896595+00:00
PKGL-03496,,36.082147,75.28230115,4140.0,24.476230377505907,0.000955034,2026-09-01T06:54:27.896595+00:00
PKGL-03497,,36.08251253,75.2805786,4141.0,24.546628675672064,0.000733737,2026-09-01T06:54:27.896595+00:00
PKGL-03498,,36.08252263,75.27948106,4142.0,24.56766970656627,0.001446511,2026-09-01T06:54:27.896595+00:00
PKGL-03499,,36.08127887,75.28124186,4145.0,24.400314372206616,0.004790413,2026-09-01T06:54:27.896595+00:00
PKGL-03500,,36.08327882,75.27824748,4123.0,24.67278008177525,0.000448068,2026-09-01T06:54:27.896595+00:00
PKGL-03501,,36.08216203,75.27837189,4132.0,24.548989849233976,0.003402976,2026-09-01T06:54:27.896595+00:00
PKGL-03502,,36.08566571,75.27849427,4144.0,24.927911087095424,0.001097269,2026-09-01T06:54:27.896595+00:00
PKGL-03503,,36.08766519,75.28127654,4130.0,25.09603219420421,0.000822374,2026-09-01T06:54:27.896595+00:00
PKGL-03504,,36.08745598,75.27961569,4126.0,25.102521112062355,0.000472806,2026-09-01T06:54:27.896595+00:00
PKGL-03505,,36.09159072,75.28568027,4144.0,25.4521777792809,0.000551364,2026-09-01T06:54:27.896595+00:00
PKGL-03506,,36.09322854,75.28921916,4151.0,25.57814694990764,0.002377111,2026-09-01T06:54:27.896595+00:00
PKGL-03507,,36.09309971,75.28793594,4147.0,25.58292291175557,0.000549188,2026-09-01T06:54:27.896595+00:00
PKGL-03508,,36.09131336,75.27949715,4133.0,25.52507234405456,0.000935023,2026-09-01T06:54:27.896595+00:00
PKGL-03509,,36.09028584,75.2773292,4121.0,25.452197946067123,0.001043079,2026-09-01T06:54:27.896595+00:00
PKGL-03510,,36.0808398,75.2788416,4131.0,24.396399058334776,0.000359703,2026-09-01T06:54:27.896595+00:00
PKGL-03511,,36.080335,75.28083904,4119.0,24.30472951528764,0.001066013,2026-09-01T06:54:27.896595+00:00
PKGL-03512,,36.08056067,75.2798066,4119.0,24.348136352002147,0.000567057,2026-09-01T06:54:27.896595+00:00
PKGL-03513,,36.07985745,75.27837534,4110.0,24.2983485613228,0.000459663,2026-09-01T06:54:27.896595+00:00
PKGL-03514,,36.07578743,75.29003566,4146.0,23.65368036140668,0.001212173,2026-09-01T06:54:27.896595+00:00
PKGL-03515,,36.07540783,75.2891185,4144.0,23.626424103871265,0.001286731,2026-09-01T06:54:27.896595+00:00
PKGL-03516,,36.07476467,75.29275388,4160.0,23.500722426021326,0.000990677,2026-09-01T06:54:27.896595+00:00
PKGL-03517,,36.07479915,75.29363713,4151.0,23.491740628604045,0.000228964,2026-09-01T06:54:27.896595+00:00
PKGL-03518,,36.06991801,75.28401571,4135.0,23.11270229652197,0.000520776,2026-09-01T06:54:27.896595+00:00
PKGL-03519,,36.06910223,75.28061228,4119.0,23.08696308541109,0.009085356,2026-09-01T06:54:27.896595+00:00
PKGL-03520,,36.07696408,75.27662811,4125.0,24.01789657338064,0.000641351,2026-09-01T06:54:27.896595+00:00
PKGL-03521,,36.09437209,75.27137488,4102.0,26.010014320523133,0.004234742,2026-09-01T06:54:27.896595+00:00
PKGL-03522,,36.09324513,75.27345838,4102.0,25.846914104393136,0.000831751,2026-09-01T06:54:27.896595+00:00
PKGL-03523,,36.09394209,75.27329546,4106.0,25.92574755128088,0.000679357,2026-09-01T06:54:27.896595+00:00
PKGL-03524,,36.09298421,75.27175385,4102.0,25.85197959402214,0.00154408,2026-09-01T06:54:27.896595+00:00
PKGL-03525,,36.09180689,75.27217211,4104.0,25.71600087916117,0.000511796,2026-09-01T06:54:27.896595+00:00
PKGL-03526,,36.09279404,75.27441933,4108.0,25.77946931513977,0.000494639,2026-09-01T06:54:27.896595+00:00
PKGL-03527,,36.09466202,75.26925926,4096.0,26.08405380771764,0.00145398,2026-09-01T06:54:27.896595+00:00
PKGL-03528,,36.09444348,75.26947669,4097.0,26.05594872917715,0.000403126,2026-09-01T06:54:27.896595+00:00
PKGL-03529,,36.09639892,75.26629045,4099.0,25.834440976019923,0.000247024,2026-09-01T06:54:27.896595+00:00
PKGL-03530,,36.09072067,75.27634647,4124.0,25.517710682760235,0.000484484,2026-09-01T06:54:27.896595+00:00
PKGL-03531,,36.090423,75.27597798,4121.0,25.49223562693377,0.000185254,2026-09-01T06:54:27.896595+00:00
PKGL-03532,,36.09020809,75.27568661,4109.0,25.47435953033365,0.000383572,2026-09-01T06:54:27.896595+00:00
PKGL-03533,,36.0887709,75.27535633,4112.0,25.324441666033373,0.000699866,2026-09-01T06:54:27.896595+00:00
PKGL-03534,,36.08690699,75.27624118,4125.0,25.105038017233795,0.000408364,2026-09-01T06:54:27.896595+00:00
PKGL-03535,,36.0863555,75.27473671,4133.0,25.074096733041173,0.00076829,2026-09-01T06:54:27.896595+00:00
PKGL-03536,,36.08436644,75.27132797,4119.0,24.927097983794617,0.000940898,2026-09-01T06:54:27.896595+00:00
PKGL-03537,,36.08034778,75.27386254,4109.0,24.44004790572737,0.001709063,2026-09-01T06:54:27.896595+00:00
PKGL-03538,,36.07982294,75.27334973,4113.0,24.393676148559347,0.001597705,2026-09-01T06:54:27.896595+00:00
PKGL-03539,,36.08011596,75.27251781,4108.0,24.44254810530895,0.001709918,2026-09-01T06:54:27.896595+00:00
PKGL-03540,,36.08258578,75.27024405,4114.0,24.757300215664987,0.000299002,2026-09-01T06:54:27.896595+00:00
PKGL-03541,,36.082385,75.26955439,4126.0,24.750329488725765,0.000372177,2026-09-01T06:54:27.896595+00:00
PKGL-03542,,36.08216752,75.26863204,4115.0,24.746785476781927,0.000456236,2026-09-01T06:54:27.896595+00:00
PKGL-03543,,36.0833707,75.2657651,4109.0,24.93992665597537,0.000857344,2026-09-01T06:54:27.896595+00:00
PKGL-03544,,36.08324761,75.26606186,4109.0,24.920003088454795,0.000193344,2026-09-01T06:54:27.896595+00:00
PKGL-03545,,36.08329999,75.26495858,4108.0,24.950583605341063,0.000364231,2026-09-01T06:54:27.896595+00:00
PKGL-03546,,36.08323898,75.26381001,4100.0,24.970385356517006,0.000588633,2026-09-01T06:54:27.896595+00:00
PKGL-03547,,36.08361256,75.26330288,4089.0,25.022277422988875,0.002912077,2026-09-01T06:54:27.896595+00:00
PKGL-03548,,36.08474588,75.26149567,4084.0,25.18632263549696,0.001764655,2026-09-01T06:54:27.896595+00:00
PKGL-03549,,36.08368421,75.26010538,4086.0,25.1058125844696,0.001520544,2026-09-01T06:54:27.896595+00:00
PKGL-03550,,36.08472897,75.26608473,4111.0,25.07902686304439,0.000743519,2026-09-01T06:54:27.896595+00:00
PKGL-03551,,36.08550349,75.26624566,4104.0,25.158894612734223,0.001751934,2026-09-01T06:54:27.896595+00:00
PKGL-03552,,36.08709501,75.26356652,4083.0,25.390500343729023,0.00022686,2026-09-01T06:54:27.896595+00:00
PKGL-03553,,36.09253456,75.26469487,4085.0,25.843026080140607,0.001257476,2026-09-01T06:54:27.896595+00:00
PKGL-03554,,36.09313755,75.2654095,4088.0,25.88051514831649,0.000437196,2026-09-01T06:54:27.896595+00:00
PKGL-03555,,36.09617478,75.25991307,4057.0,25.301770665796177,0.000696105,2026-09-01T06:54:27.896595+00:00
PKGL-03556,,36.09024188,75.27117803,4095.0,25.56628081686726,0.000528743,2026-09-01T06:54:27.896595+00:00
PKGL-03557,,36.09078479,75.2708203,4094.0,25.632347543691527,0.001157684,2026-09-01T06:54:27.896595+00:00
PKGL-03558,,36.08998845,75.26918974,4090.0,25.579733862716186,0.000762314,2026-09-01T06:54:27.896595+00:00
PKGL-03559,,36.09127362,75.26503027,4089.0,25.807667586064923,0.00056916,2026-09-01T06:54:27.896595+00:00
PKGL-03560,,36.09224109,75.26566196,4090.0,25.89820891767864,0.000518606,2026-09-01T06:54:27.896595+00:00
PKGL-03561,,36.09250417,75.26237078,4078.0,25.648107222093795,0.000731556,2026-09-01T06:54:27.896595+00:00
PKGL-03562,,36.0894997,75.2610596,4069.0,25.655362941161584,0.005278184,2026-09-01T06:54:27.896595+00:00
PKGL-03563,,36.08592187,75.25932483,4074.0,25.36432595877429,0.000691798,2026-09-01T06:54:27.896595+00:00
PKGL-03564,,36.07342031,75.2707006,4114.0,23.758133820697022,0.001818569,2026-09-01T06:54:27.896595+00:00
PKGL-03565,,36.07365843,75.26969645,4112.0,23.80600063862229,0.001267936,2026-09-01T06:54:27.896595+00:00
PKGL-03566,,36.07384521,75.26902065,4107.0,23.84122629193495,0.000637128,2026-09-01T06:54:27.896595+00:00
PKGL-03567,,36.07409913,75.26906572,4107.0,23.867555753898245,0.000407854,2026-09-01T06:54:27.896595+00:00
PKGL-03568,,36.07442251,75.26899121,4109.0,23.90404789757941,0.001205487,2026-09-01T06:54:27.896595+00:00
PKGL-03569,,36.07377014,75.26784465,4108.0,23.85978147484101,0.000554695,2026-09-01T06:54:27.896595+00:00
PKGL-03570,,36.07228663,75.2661753,4113.0,23.739100888936708,0.00096534,2026-09-01T06:54:27.896595+00:00
PKGL-03571,,36.07296231,75.26406928,4104.0,23.861714498335704,0.000724547,2026-09-01T06:54:27.896595+00:00
PKGL-03572,,36.07255472,75.26231058,4105.0,23.86103903533863,0.002112841,2026-09-01T06:54:27.896595+00:00
PKGL-03573,,36.07312338,75.26103019,4107.0,23.953660797434743,0.001966267,2026-09-01T06:54:27.896595+00:00
PKGL-03574,,36.07222338,75.26081688,4116.0,23.86294100186129,0.000416857,2026-09-01T06:54:27.896595+00:00
PKGL-03575,,36.07224822,75.26021088,4110.0,23.8809315048712,0.001254961,2026-09-01T06:54:27.896595+00:00
PKGL-03576,,36.07354441,75.25965289,4108.0,24.03336032597095,0.001514972,2026-09-01T06:54:27.896595+00:00
PKGL-03577,,36.07188961,75.25886327,4103.0,23.87726241444194,0.002277565,2026-09-01T06:54:27.896595+00:00
PKGL-03578,,36.07371245,75.25864879,4096.0,24.076957163730267,0.000716047,2026-09-01T06:54:27.896595+00:00
PKGL-03579,,36.07463714,75.26021905,4092.0,24.13564373984921,0.001185814,2026-09-01T06:54:27.896595+00:00
PKGL-03580,,36.07485985,75.2611306,4096.0,24.1366595990848,0.000226793,2026-09-01T06:54:27.896595+00:00
PKGL-03581,,36.07484671,75.26044964,4092.0,24.15223541414261,0.000354154,2026-09-01T06:54:27.896595+00:00
PKGL-03582,,36.07524166,75.25981901,4090.0,24.21024115063165,0.000633825,2026-09-01T06:54:27.896595+00:00
PKGL-03583,,36.07572023,75.26132658,4090.0,24.22377921792997,0.000792605,2026-09-01T06:54:27.896595+00:00
PKGL-03584,,36.07689243,75.25859604,4086.0,24.41730833631913,0.001363566,2026-09-01T06:54:27.896595+00:00
PKGL-03585,,36.07706307,75.25901406,4087.0,24.4249346142638,0.000404292,2026-09-01T06:54:27.896595+00:00
PKGL-03586,,36.07640479,75.2591293,4085.0,24.35177646830046,0.001382107,2026-09-01T06:54:27.896595+00:00
PKGL-03587,,36.07605226,75.25841516,4085.0,24.33231699597016,0.001261159,2026-09-01T06:54:27.896595+00:00
PKGL-03588,,36.0758619,75.25921742,4084.0,24.291620807802413,0.000535532,2026-09-01T06:54:27.896595+00:00
PKGL-03589,,36.07557648,75.25864622,4089.0,24.27569355460957,0.000654008,2026-09-01T06:54:27.896595+00:00
PKGL-03590,,36.0756963,75.25788994,4095.0,24.30784287793496,0.002139603,2026-09-01T06:54:27.896595+00:00
PKGL-03591,,36.07515443,75.25856388,4094.0,24.23280425567389,0.002421299,2026-09-01T06:54:27.896595+00:00
PKGL-03592,,36.07031114,75.27274424,4116.0,23.3781956515224,0.00071925,2026-09-01T06:54:27.896595+00:00
PKGL-03593,,36.07005281,75.27143374,4115.0,23.378951430789574,0.004786359,2026-09-01T06:54:27.896595+00:00
PKGL-03594,,36.06934814,75.27183559,4123.0,23.29413203149037,0.00103116,2026-09-01T06:54:27.896595+00:00
PKGL-03595,,36.06948823,75.27120942,4124.0,23.32307028191414,0.001418162,2026-09-01T06:54:27.896595+00:00
PKGL-03596,,36.0711626,75.27085272,4111.0,23.51140704813909,0.000971882,2026-09-01T06:54:27.896595+00:00
PKGL-03597,,36.07039128,75.27070595,4111.0,23.431557598468533,0.000757575,2026-09-01T06:54:27.896595+00:00
PKGL-03598,,36.07060843,75.27049006,4109.0,23.459761620619947,0.000311242,2026-09-01T06:54:27.896595+00:00
PKGL-03599,,36.07313738,75.27529373,4116.0,23.6300221920854,0.000509448,2026-09-01T06:54:27.896595+00:00
PKGL-03600,,36.07148389,75.26206198,4117.0,23.752765236452863,0.000898006,2026-09-01T06:54:27.896595+00:00
PKGL-03601,,36.07104149,75.26168114,4118.0,23.71503400318098,0.000919239,2026-09-01T06:54:27.896595+00:00
PKGL-03602,,36.07120458,75.26031668,4110.0,23.76694117707672,0.000374148,2026-09-01T06:54:27.896595+00:00
PKGL-03603,,36.07105829,75.25999836,4110.0,23.759479257525843,0.000696685,2026-09-01T06:54:27.896595+00:00
PKGL-03604,,36.07132806,75.26576595,4107.0,23.645943383924315,0.00092864,2026-09-01T06:54:27.896595+00:00
PKGL-03605,,36.09916596,75.25772434,4035.0,25.00657145426981,0.000672927,2026-09-01T06:54:27.896595+00:00
PKGL-03606,,36.09924125,75.2566386,4034.0,24.91159747508621,0.000554638,2026-09-01T06:54:27.896595+00:00
PKGL-03607,,36.09887849,75.25601249,4032.0,24.87159806607844,0.001349934,2026-09-01T06:54:27.896595+00:00
PKGL-03608,,36.09928504,75.25599136,4033.0,24.85503117196971,0.000532984,2026-09-01T06:54:27.896595+00:00
PKGL-03609,,36.10295986,75.25716783,4069.0,24.82531481207032,0.00102363,2026-09-01T06:54:27.896595+00:00
PKGL-03610,,36.10457127,75.25145875,4003.0,24.282136011330422,0.001708002,2026-09-01T06:54:27.896595+00:00
PKGL-03611,,36.10437425,75.25099902,4004.0,24.24966303241277,0.000995229,2026-09-01T06:54:27.896595+00:00
PKGL-03612,,36.10474087,75.25073872,4006.0,24.214788514189447,0.001289645,2026-09-01T06:54:27.896595+00:00
PKGL-03613,,36.10405235,75.24999875,4014.0,24.175449210955204,0.004581868,2026-09-01T06:54:27.896595+00:00
PKGL-03614,,36.10333609,75.25144525,4012.0,24.323833199035853,0.000527998,2026-09-01T06:54:27.896595+00:00
PKGL-03615,,36.10274142,75.25135928,4014.0,24.3373875184854,0.001489256,2026-09-01T06:54:27.896595+00:00
PKGL-03616,,36.10225285,75.25050378,4019.0,24.281838202702847,0.001053587,2026-09-01T06:54:27.896595+00:00
PKGL-03617,,36.1013252,75.24869504,4023.0,24.16135738102357,0.000572198,2026-09-01T06:54:27.896595+00:00
PKGL-03618,,36.10117037,75.24953369,4019.0,24.238202894570847,0.000183992,2026-09-01T06:54:27.896595+00:00
PKGL-03619,,36.10270035,75.24905329,4011.0,24.14245353194733,0.000570138,2026-09-01T06:54:27.896595+00:00
PKGL-03620,,36.10136756,75.25231055,4024.0,24.46716462238168,0.000914774,2026-09-01T06:54:27.896595+00:00
PKGL-03621,,36.1015087,75.25341415,4030.0,24.55604229651841,0.000274843,2026-09-01T06:54:27.896595+00:00
PKGL-03622,,36.1010316,75.25319163,4030.0,24.55413483000263,0.00102256,2026-09-01T06:54:27.896595+00:00
PKGL-03623,,36.09972431,75.2500418,4031.0,24.334102650044105,0.001112992,2026-09-01T06:54:27.896595+00:00
PKGL-03624,,36.09706854,75.2513316,4029.0,24.54235281312884,0.000910681,2026-09-01T06:54:27.896595+00:00
PKGL-03625,,36.09757577,75.2515031,4029.0,24.53772809995004,0.000561394,2026-09-01T06:54:27.896595+00:00
PKGL-03626,,36.09697069,75.24828368,4036.0,24.28875072501505,0.001266401,2026-09-01T06:54:27.896595+00:00
PKGL-03627,,36.09751649,75.24803281,4037.0,24.246753517364407,0.000520643,2026-09-01T06:54:27.896595+00:00
PKGL-03628,,36.09707351,75.2473531,4022.0,24.20631859386263,0.000560859,2026-09-01T06:54:27.896595+00:00
PKGL-03629,,36.0965645,75.24689152,4020.0,24.186998574748145,0.001159451,2026-09-01T06:54:27.896595+00:00
PKGL-03630,,36.09580525,75.24565479,4024.0,24.11241730989108,0.000536857,2026-09-01T06:54:27.896595+00:00
PKGL-03631,,36.09559378,75.24467118,4015.0,24.03803043477735,0.000629405,2026-09-01T06:54:27.896595+00:00
PKGL-03632,,36.09472869,75.24894161,4038.0,24.430975328690163,0.001380738,2026-09-01T06:54:27.896595+00:00
PKGL-03633,,36.09489686,75.24953078,4029.0,24.47395679171931,0.000469499,2026-09-01T06:54:27.896595+00:00
PKGL-03634,,36.09406796,75.25062237,4032.0,24.598199394734856,0.001367863,2026-09-01T06:54:27.896595+00:00
PKGL-03635,,36.09328137,75.24835515,4051.0,24.438943753221285,0.001261004,2026-09-01T06:54:27.896595+00:00
PKGL-03636,,36.09299992,75.24738804,4042.0,24.36913469047173,0.00087476,2026-09-01T06:54:27.896595+00:00
PKGL-03637,,36.09344977,75.24712967,4039.0,24.329454451146702,0.00379832,2026-09-01T06:54:27.896595+00:00
PKGL-03638,,36.0938641,75.24641977,4041.0,24.253376540203337,0.002052683,2026-09-01T06:54:27.896595+00:00
PKGL-03639,,36.0935248,75.24532507,4031.0,24.175207028854107,0.000950086,2026-09-01T06:54:27.896595+00:00
PKGL-03640,,36.09176786,75.24602593,4049.0,24.305076069873348,0.000922665,2026-09-01T06:54:27.896595+00:00
PKGL-03641,,36.09025999,75.24794687,4055.0,24.52741133835965,0.00047788,2026-09-01T06:54:27.896595+00:00
PKGL-03642,,36.09119067,75.24929171,4059.0,24.6016105623892,0.000961879,2026-09-01T06:54:27.896595+00:00
PKGL-03643,,36.09201095,75.2510365,4052.0,24.71455502790369,0.001049654,2026-09-01T06:54:27.896595+00:00
PKGL-03644,,36.09188104,75.24985654,4058.0,24.62092285518325,0.000418802,2026-09-01T06:54:27.896595+00:00
PKGL-03645,,36.09249175,75.24995145,4053.0,24.604346437253664,0.000939968,2026-09-01T06:54:27.896595+00:00
PKGL-03646,,36.0924358,75.25207703,4061.0,24.784853254768542,0.001154767,2026-09-01T06:54:27.896595+00:00
PKGL-03647,,36.09189283,75.25275112,4065.0,24.8630318664188,0.000827611,2026-09-01T06:54:27.896595+00:00
PKGL-03648,,36.09155644,75.25214956,4060.0,24.826064840015142,0.000638608,2026-09-01T06:54:27.896595+00:00
PKGL-03649,,36.09106141,75.25171693,4058.0,24.809765687303145,0.002099264,2026-09-01T06:54:27.896595+00:00
PKGL-03650,,36.09063765,75.25238002,4061.0,24.88240738457201,0.001091373,2026-09-01T06:54:27.896595+00:00
PKGL-03651,,36.09055216,75.25278824,4060.0,24.92003118813981,0.000740027,2026-09-01T06:54:27.896595+00:00
PKGL-03652,,36.09015582,75.25446199,4066.0,25.076153845863825,0.001263129,2026-09-01T06:54:27.896595+00:00
PKGL-03653,,36.08955472,75.25368627,4061.0,25.035674963509823,0.000689841,2026-09-01T06:54:27.896595+00:00
PKGL-03654,,36.08921306,75.25200708,4058.0,24.90940744694992,0.000536256,2026-09-01T06:54:27.896595+00:00
PKGL-03655,,36.08941886,75.25184168,4061.0,24.887134576426405,0.000150647,2026-09-01T06:54:27.896595+00:00
PKGL-03656,,36.08710762,75.25280089,4062.0,25.063066721071184,0.000728608,2026-09-01T06:54:27.896595+00:00
PKGL-03657,,36.08672789,75.25354551,4061.0,25.140967057169963,0.001050112,2026-09-01T06:54:27.896595+00:00
PKGL-03658,,36.08668164,75.25416874,4064.0,25.19476807602963,0.00044246,2026-09-01T06:54:27.896595+00:00
PKGL-03659,,36.08675751,75.25215244,4057.0,25.02385794198588,0.00075332,2026-09-01T06:54:27.896595+00:00
PKGL-03660,,36.0885938,75.2533836,4062.0,25.049807620213866,0.000941994,2026-09-01T06:54:27.896595+00:00
PKGL-03661,,36.08898081,75.25653369,4068.0,25.297130841620103,0.000783735,2026-09-01T06:54:27.896595+00:00
PKGL-03662,,36.08859313,75.25814041,4075.0,25.44727495153433,0.001550711,2026-09-01T06:54:27.896595+00:00
PKGL-03663,,36.08527325,75.25537794,4065.0,25.35468600318516,0.00254127,2026-09-01T06:54:27.896595+00:00
PKGL-03664,,36.08565758,75.25492025,4066.0,25.300388612237576,0.00028324,2026-09-01T06:54:27.896595+00:00
PKGL-03665,,36.08577318,75.25460592,4067.0,25.26937682042288,0.00059994,2026-09-01T06:54:27.896595+00:00
PKGL-03666,,36.08502322,75.2536485,4061.0,25.221733002146014,0.000849156,2026-09-01T06:54:27.896595+00:00
PKGL-03667,,36.08992391,75.24974073,4048.0,24.69096858516743,0.001025195,2026-09-01T06:54:27.896595+00:00
PKGL-03668,,36.08948593,75.24999008,4052.0,24.729840987542925,0.000780586,2026-09-01T06:54:27.896595+00:00
PKGL-03669,,36.08910369,75.24961605,4052.0,24.71448923930341,0.000372289,2026-09-01T06:54:27.896595+00:00
PKGL-03670,,36.08886089,75.24849601,4050.0,24.63129807224378,0.000553882,2026-09-01T06:54:27.896595+00:00
PKGL-03671,,36.08930727,75.24883411,4048.0,24.64085763078109,0.000396325,2026-09-01T06:54:27.896595+00:00
PKGL-03672,,36.08837918,75.24940124,4053.0,24.7268167471109,0.000707743,2026-09-01T06:54:27.896595+00:00
PKGL-03673,,36.09187999,75.25671513,4055.0,25.19630894692318,0.009132544,2026-09-01T06:54:27.896595+00:00
PKGL-03674,,36.09379076,75.25305612,4049.0,24.81372873667257,0.000590892,2026-09-01T06:54:27.896595+00:00
PKGL-03675,,36.09357084,75.25343802,4049.0,24.85444693811401,0.000819301,2026-09-01T06:54:27.896595+00:00
PKGL-03676,,36.09357253,75.25258158,4049.0,24.78235411095981,0.000723479,2026-09-01T06:54:27.896595+00:00
PKGL-03677,,36.0945579,75.25270618,4044.0,24.754432879581863,0.000677977,2026-09-01T06:54:27.896595+00:00
PKGL-03678,,36.0944635,75.25189975,4036.0,24.69020041274261,0.000931412,2026-09-01T06:54:27.896595+00:00
PKGL-03679,,36.10790095,75.24863193,4015.0,23.927650608248708,0.000584794,2026-09-01T06:54:27.896595+00:00
PKGL-03680,,36.10745794,75.2487178,3989.0,23.949759345692065,0.00089083,2026-09-01T06:54:27.896595+00:00
PKGL-03681,,36.105787,75.24915986,3986.0,24.04400176798035,0.000736364,2026-09-01T06:54:27.896595+00:00
PKGL-03682,,36.10533415,75.24807309,4006.0,23.966655319077404,0.000639976,2026-09-01T06:54:27.896595+00:00
PKGL-03683,,36.105619,75.24732336,4001.0,23.892802768702964,0.00183486,2026-09-01T06:54:27.896595+00:00
PKGL-03684,,36.10424089,75.24689239,4004.0,23.903941187176272,0.001153513,2026-09-01T06:54:27.896595+00:00
PKGL-03685,,36.08351909,75.2569083,4069.0,25.16707402064636,0.000569857,2026-09-01T06:54:27.896595+00:00
PKGL-03686,,36.07743093,75.25502784,4080.0,24.567046039563444,0.002076921,2026-09-01T06:54:27.896595+00:00
PKGL-03687,,36.07700401,75.25428441,4078.0,24.54142345485605,0.000760224,2026-09-01T06:54:27.896595+00:00
PKGL-03688,,36.07710714,75.25353563,4079.0,24.57242527589373,0.000381759,2026-09-01T06:54:27.896595+00:00
PKGL-03689,,36.0762904,75.25478971,4081.0,24.4521781086096,0.000970402,2026-09-01T06:54:27.896595+00:00
PKGL-03690,,36.07404827,75.2552789,4087.0,24.2010462755818,0.000696672,2026-09-01T06:54:27.896595+00:00
PKGL-03691,,36.0733807,75.25507554,4086.0,24.13563902272272,0.000644162,2026-09-01T06:54:27.896595+00:00
PKGL-03692,,36.07323912,75.254564,4083.0,24.134405576809097,0.000877887,2026-09-01T06:54:27.896595+00:00
PKGL-03693,,36.07558125,75.2535644,4086.0,24.409801539396152,0.001856077,2026-09-01T06:54:27.896595+00:00
PKGL-03694,,36.07634244,75.25116703,4081.0,24.55605000430104,0.000580534,2026-09-01T06:54:27.896595+00:00
PKGL-03695,,36.07800583,75.25265588,4077.0,24.69147591417088,0.001193269,2026-09-01T06:54:27.896595+00:00
PKGL-03696,,36.07882228,75.25028225,4066.0,24.84288197255632,0.001022471,2026-09-01T06:54:27.896595+00:00
PKGL-03697,,36.07924248,75.25039486,4067.0,24.884235366454764,0.000735452,2026-09-01T06:54:27.896595+00:00
PKGL-03698,,36.07953793,75.24868263,4065.0,24.963091561943685,0.001819792,2026-09-01T06:54:27.896595+00:00
PKGL-03699,,36.07934519,75.24696357,4064.0,24.922838914630503,0.001881028,2026-09-01T06:54:27.896595+00:00
PKGL-03700,,36.07912795,75.24733982,4066.0,24.9577707915218,0.000377852,2026-09-01T06:54:27.896595+00:00
PKGL-03701,,36.08016909,75.24419665,4064.0,24.658571787684664,0.000748427,2026-09-01T06:54:27.896595+00:00
PKGL-03702,,36.08071142,75.24343234,4064.0,24.57107735004953,0.000596001,2026-09-01T06:54:27.896595+00:00
PKGL-03703,,36.07933459,75.24263791,4077.0,24.5699929040668,0.000804778,2026-09-01T06:54:27.896595+00:00
PKGL-03704,,36.08162898,75.246363,4060.0,24.76946369069595,0.001780522,2026-09-01T06:54:27.896595+00:00
PKGL-03705,,36.08014907,75.25358244,4072.0,24.89413959609663,0.000504244,2026-09-01T06:54:27.896595+00:00
PKGL-03706,,36.08141211,75.24975905,4064.0,25.058331800004428,0.002055332,2026-09-01T06:54:27.896595+00:00
PKGL-03707,,36.08032287,75.24819204,4063.0,24.97874807176407,0.000453226,2026-09-01T06:54:27.896595+00:00
PKGL-03708,,36.08100071,75.24808945,4061.0,24.93961352088855,0.000478949,2026-09-01T06:54:27.896595+00:00
PKGL-03709,,36.08203028,75.2489003,4060.0,24.960037771662204,0.000292523,2026-09-01T06:54:27.896595+00:00
PKGL-03710,,36.08345653,75.24661527,4061.0,24.708385332999736,0.000884487,2026-09-01T06:54:27.896595+00:00
PKGL-03711,,36.08308451,75.24491254,4055.0,24.58478994594198,0.002129989,2026-09-01T06:54:27.896595+00:00
PKGL-03712,,36.0834813,75.24486971,4054.0,24.563528725615136,0.000394278,2026-09-01T06:54:27.896595+00:00
PKGL-03713,,36.08284406,75.24310177,4056.0,24.4467796151774,0.001109844,2026-09-01T06:54:27.896595+00:00
PKGL-03714,,36.08344,75.24392342,4048.0,24.48751172029748,0.000427939,2026-09-01T06:54:27.896595+00:00
PKGL-03715,,36.10707181,75.24607373,3993.0,23.736345990993893,0.002275452,2026-09-01T06:54:27.896595+00:00
PKGL-03716,,36.10837702,75.24388517,3987.0,23.50498829813488,0.000223128,2026-09-01T06:54:27.896595+00:00
PKGL-03717,,36.10836056,75.24293792,3989.0,23.42442196625096,0.000258657,2026-09-01T06:54:27.896595+00:00
PKGL-03718,,36.1095808,75.24411252,3987.0,23.48447518962028,0.001176018,2026-09-01T06:54:27.896595+00:00
PKGL-03719,,36.10996525,75.24326645,3980.0,23.3992268653898,0.002324871,2026-09-01T06:54:27.896595+00:00
PKGL-03720,,36.10665648,75.24103505,3983.0,23.320003242445456,0.000186491,2026-09-01T06:54:27.896595+00:00
PKGL-03721,,36.10442454,75.24421842,4001.0,23.66962501986133,0.000146669,2026-09-01T06:54:27.896595+00:00
PKGL-03722,,36.10390376,75.24359552,4008.0,23.635098790315936,0.000308746,2026-09-01T06:54:27.896595+00:00
PKGL-03723,,36.10401296,75.2432321,4008.0,23.600279368922266,0.000272722,2026-09-01T06:54:27.896595+00:00
PKGL-03724,,36.10348265,75.24162106,3998.0,23.482343971885925,0.003583558,2026-09-01T06:54:27.896595+00:00
PKGL-03725,,36.10157023,75.24128046,3999.0,23.523467339944503,0.003912662,2026-09-01T06:54:27.896595+00:00
PKGL-03726,,36.10048516,75.23757628,3993.0,23.251041256510984,0.000575892,2026-09-01T06:54:27.896595+00:00
PKGL-03727,,36.10074269,75.23675205,3992.0,23.171660361948067,0.000756407,2026-09-01T06:54:27.896595+00:00
PKGL-03728,,36.10193315,75.23895162,3986.0,23.312779559300733,0.01084682,2026-09-01T06:54:27.896595+00:00
PKGL-03729,,36.10297846,75.23770676,3982.0,23.16859557827973,0.006058938,2026-09-01T06:54:27.896595+00:00
PKGL-03730,,36.09771213,75.23159802,3979.0,22.85693473997524,0.002165856,2026-09-01T06:54:27.896595+00:00
PKGL-03731,,36.09663137,75.23581684,3995.0,23.25379718032675,0.001273109,2026-09-01T06:54:27.896595+00:00
PKGL-03732,,36.09620179,75.23219573,3997.0,22.968183474563883,0.000427641,2026-09-01T06:54:27.896595+00:00
PKGL-03733,,36.09599093,75.23022309,3993.0,22.81212339760945,0.000339386,2026-09-01T06:54:27.896595+00:00
PKGL-03734,,36.09669172,75.24251731,4020.0,23.81386410262828,0.000889565,2026-09-01T06:54:27.896595+00:00
PKGL-03735,,36.09606494,75.24200956,4016.0,23.7958528040258,0.000609746,2026-09-01T06:54:27.896595+00:00
PKGL-03736,,36.09721761,75.24204089,4008.0,23.753238909060524,0.001131762,2026-09-01T06:54:27.896595+00:00
PKGL-03737,,36.09714828,75.24106346,4008.0,23.67372843689649,0.000778266,2026-09-01T06:54:27.896595+00:00
PKGL-03738,,36.09780557,75.24161523,4013.0,23.694546618985072,0.000941731,2026-09-01T06:54:27.896595+00:00
PKGL-03739,,36.09817784,75.23964003,4009.0,23.51379822048972,0.000837818,2026-09-01T06:54:27.896595+00:00
PKGL-03740,,36.09806808,75.23991738,4009.0,23.541411835126112,0.000352012,2026-09-01T06:54:27.896595+00:00
PKGL-03741,,36.07995143,75.24158846,4069.0,24.45560774540306,0.005256512,2026-09-01T06:54:27.896595+00:00
PKGL-03742,,36.08060495,75.24119029,4073.0,24.39271914899709,0.000660638,2026-09-01T06:54:27.896595+00:00
PKGL-03743,,36.08078884,75.24226315,4063.0,24.47188307350825,0.00145582,2026-09-01T06:54:27.896595+00:00
PKGL-03744,,36.08096846,75.24163685,4067.0,24.41238718524893,0.000530292,2026-09-01T06:54:27.896595+00:00
PKGL-03745,,36.08120734,75.24186627,4065.0,24.420136936709504,0.000572988,2026-09-01T06:54:27.896595+00:00
PKGL-03746,,36.08174942,75.24234849,4057.0,24.434740164097025,0.001059112,2026-09-01T06:54:27.896595+00:00
PKGL-03747,,36.08237174,75.24207604,4055.0,24.38402195289793,0.000521305,2026-09-01T06:54:27.896595+00:00
PKGL-03748,,36.08247141,75.2416398,4055.0,24.34371796055364,0.001018422,2026-09-01T06:54:27.896595+00:00
PKGL-03749,,36.08199579,75.24091467,4057.0,24.30604008124228,0.000388754,2026-09-01T06:54:27.896595+00:00
PKGL-03750,,36.08217842,75.24041033,4048.0,24.25637636090074,0.001300943,2026-09-01T06:54:27.896595+00:00
PKGL-03751,,36.08304437,75.24168627,4050.0,24.32151258762384,0.001158162,2026-09-01T06:54:27.896595+00:00
PKGL-03752,,36.08323808,75.24238778,4051.0,24.370358546609225,0.00318427,2026-09-01T06:54:27.896595+00:00
PKGL-03753,,36.08425122,75.24216929,4052.0,24.306909416379813,0.000406367,2026-09-01T06:54:27.896595+00:00
PKGL-03754,,36.08414383,75.24188775,4049.0,24.288552762193305,0.001540446,2026-09-01T06:54:27.896595+00:00
PKGL-03755,,36.083993,75.24226621,4050.0,24.326436726778425,0.000163443,2026-09-01T06:54:27.896595+00:00
PKGL-03756,,36.08434654,75.24096383,4044.0,24.20348399506552,0.000866122,2026-09-01T06:54:27.896595+00:00
PKGL-03757,,36.08376881,75.24028846,4044.0,24.17399417584168,0.001333025,2026-09-01T06:54:27.896595+00:00
PKGL-03758,,36.08386246,75.23964043,4041.0,24.116558062257127,0.00094265,2026-09-01T06:54:27.896595+00:00
PKGL-03759,,36.08333788,75.23746892,4043.0,23.962407064850147,0.000894821,2026-09-01T06:54:27.896595+00:00
PKGL-03760,,36.08358005,75.23839169,4038.0,24.02694576586438,0.000423369,2026-09-01T06:54:27.896595+00:00
PKGL-03761,,36.083747,75.23771446,4040.0,23.96382579081477,0.000613641,2026-09-01T06:54:27.896595+00:00
PKGL-03762,,36.08623693,75.23728445,4028.0,23.816235565462424,0.000843623,2026-09-01T06:54:27.896595+00:00
PKGL-03763,,36.08639685,75.23565353,4033.0,23.67488437294747,0.00055328,2026-09-01T06:54:27.896595+00:00
PKGL-03764,,36.08740607,75.23490333,4028.0,23.568121118746053,0.000777407,2026-09-01T06:54:27.896595+00:00
PKGL-03765,,36.08758613,75.23317547,4026.0,23.41783360962514,0.001007968,2026-09-01T06:54:27.896595+00:00
PKGL-03766,,36.08720601,75.23350575,4023.0,23.46199526477589,0.000615407,2026-09-01T06:54:27.896595+00:00
PKGL-03767,,36.09081719,75.23813401,4014.0,23.68718803267359,0.0015916,2026-09-01T06:54:27.896595+00:00
PKGL-03768,,36.09388591,75.23766369,4018.0,23.519809570171983,0.000805619,2026-09-01T06:54:27.896595+00:00
PKGL-03769,,36.09334491,75.23653474,4013.0,23.44799699615991,0.000654626,2026-09-01T06:54:27.896595+00:00
PKGL-03770,,36.09283998,75.23639795,4014.0,23.457635658009977,0.00070246,2026-09-01T06:54:27.896595+00:00
PKGL-03771,,36.09123108,75.23756759,4022.0,23.62259241640015,0.0010701,2026-09-01T06:54:27.896595+00:00
PKGL-03772,,36.10042173,75.23021867,3964.0,22.6336044169595,0.001410626,2026-09-01T06:54:27.896595+00:00
PKGL-03773,,36.09953578,75.22876817,3969.0,22.546743439737813,0.000676381,2026-09-01T06:54:27.896595+00:00
PKGL-03774,,36.0982842,75.23345331,3975.0,22.989618477494293,0.000393154,2026-09-01T06:54:27.896595+00:00
PKGL-03775,,36.0977616,75.23444761,3983.0,23.09382378416508,0.000496043,2026-09-01T06:54:27.896595+00:00
PKGL-03776,,36.09998337,75.24245348,4005.0,23.682030822816724,0.000365226,2026-09-01T06:54:27.896595+00:00
PKGL-03777,,36.10552138,75.23739085,3984.0,23.0494389782906,0.003900079,2026-09-01T06:54:27.896595+00:00
PKGL-03778,,36.10623337,75.23645282,3984.0,22.94425254561325,0.002021384,2026-09-01T06:54:27.896595+00:00
PKGL-03779,,36.10593951,75.23530867,3982.0,22.857364830285498,0.000679948,2026-09-01T06:54:27.896595+00:00
PKGL-03780,,36.1052567,75.23337528,3977.0,22.717715175282944,0.000760246,2026-09-01T06:54:27.896595+00:00
PKGL-03781,,36.1039874,75.23340692,3981.0,22.76696638896969,0.000873738,2026-09-01T06:54:27.896595+00:00
PKGL-03782,,36.10619468,75.23313493,3979.0,22.66337018085624,0.000459717,2026-09-01T06:54:27.896595+00:00
PKGL-03783,,36.10663821,75.23083226,3982.0,22.45168032952511,0.000890391,2026-09-01T06:54:27.896595+00:00
PKGL-03784,,36.10807928,75.23645151,3972.0,22.87943778757624,0.004013356,2026-09-01T06:54:27.896595+00:00
PKGL-03785,,36.10820335,75.23586366,3972.0,22.824957435306622,0.000237707,2026-09-01T06:54:27.896595+00:00
PKGL-03786,,36.10816825,75.23711445,3988.0,22.932974249255714,0.000475654,2026-09-01T06:54:27.896595+00:00
PKGL-03787,,36.10809651,75.23871916,3988.0,23.072532566422204,0.000443927,2026-09-01T06:54:27.896595+00:00
PKGL-03788,,36.10801217,75.23958588,3977.0,23.14949433306489,0.000673785,2026-09-01T06:54:27.896595+00:00
PKGL-03789,,36.10789033,75.24021806,3977.0,23.20769916602798,0.00056049,2026-09-01T06:54:27.896595+00:00
PKGL-03790,,36.10930735,75.23906157,3980.0,23.06066235949552,0.001113917,2026-09-01T06:54:27.896595+00:00
PKGL-03791,,36.10895327,75.23617161,3976.0,22.82545555898302,0.00080903,2026-09-01T06:54:27.896595+00:00
PKGL-03792,,36.10921005,75.23656603,3978.0,22.850416101712977,0.000568092,2026-09-01T06:54:27.896595+00:00
PKGL-03793,,36.109802,75.23570935,3976.0,22.75703787587815,0.001033028,2026-09-01T06:54:27.896595+00:00
PKGL-03794,,36.10538818,75.24298182,3998.0,23.53031335215026,0.000681748,2026-09-01T06:54:27.896595+00:00
PKGL-03795,,36.10542612,75.24239911,3996.0,23.47930795824815,0.00033118,2026-09-01T06:54:27.896595+00:00
PKGL-03796,,36.1049003,75.24505439,4003.0,23.72411790645793,0.000331516,2026-09-01T06:54:27.896595+00:00
PKGL-03797,,36.11522724,75.22905672,3985.0,22.00765997071165,0.00168524,2026-09-01T06:54:27.896595+00:00
PKGL-03798,,36.11451876,75.22833559,3927.0,21.96845104684955,0.004021128,2026-09-01T06:54:27.896595+00:00
PKGL-03799,,36.11600182,75.22537473,3937.0,21.66612223820969,0.041906002,2026-09-01T06:54:27.896595+00:00
PKGL-03800,,36.11578112,75.22272948,3933.0,21.445825762919075,0.000798494,2026-09-01T06:54:27.896595+00:00
PKGL-03801,,36.11526496,75.22349415,3926.0,21.52830462543072,0.000443916,2026-09-01T06:54:27.896595+00:00
PKGL-03802,,36.11638569,75.22209932,3934.0,21.37211563815162,0.001947794,2026-09-01T06:54:27.896595+00:00
PKGL-03803,,36.11557876,75.22032017,3922.0,21.24556927030644,0.000600145,2026-09-01T06:54:27.896595+00:00
PKGL-03804,,36.11620663,75.22047971,3925.0,21.23873239028328,0.000633954,2026-09-01T06:54:27.896595+00:00
PKGL-03805,,36.11437863,75.21939847,3927.0,21.20648389645812,0.002015074,2026-09-01T06:54:27.896595+00:00
PKGL-03806,,36.11332759,75.22249125,3931.0,21.506659926887178,0.000479925,2026-09-01T06:54:27.896595+00:00
PKGL-03807,,36.10818174,75.21958622,3939.0,21.44093329705991,0.005115286,2026-09-01T06:54:27.896595+00:00
PKGL-03808,,36.10715689,75.22317086,3953.0,21.78252961972693,0.006573637,2026-09-01T06:54:27.896595+00:00
PKGL-03809,,36.10814346,75.22462365,3960.0,21.8697968740727,0.001653509,2026-09-01T06:54:27.896595+00:00
PKGL-03810,,36.10676607,75.22632722,3967.0,22.064524319650687,0.000334287,2026-09-01T06:54:27.896595+00:00
PKGL-03811,,36.10695322,75.23028907,3976.0,22.39416842161056,0.000432407,2026-09-01T06:54:27.896595+00:00
PKGL-03812,,36.10707419,75.22940465,3973.0,22.314639456659428,0.002956945,2026-09-01T06:54:27.896595+00:00
PKGL-03813,,36.10577772,75.22911697,3961.0,22.33736737977061,0.000791503,2026-09-01T06:54:27.896595+00:00
PKGL-03814,,36.10537931,75.22788801,3961.0,22.24791222701141,0.000350636,2026-09-01T06:54:27.896595+00:00
PKGL-03815,,36.10553674,75.22636668,3964.0,22.113242150571725,0.001062286,2026-09-01T06:54:27.896595+00:00
PKGL-03816,,36.10674257,75.21971353,3944.0,21.50525649621325,0.000425583,2026-09-01T06:54:27.896595+00:00
PKGL-03817,,36.10003729,75.22776801,3968.0,22.442888434664138,0.000649008,2026-09-01T06:54:27.896595+00:00
PKGL-03818,,36.10022636,75.22716435,3962.0,22.384721509567463,0.001185037,2026-09-01T06:54:27.896595+00:00
PKGL-03819,,36.10074077,75.22701472,3970.0,22.35179730057685,0.001106639,2026-09-01T06:54:27.896595+00:00
PKGL-03820,,36.10080342,75.22660136,3972.0,22.314606098675,0.000362892,2026-09-01T06:54:27.896595+00:00
PKGL-03821,,36.10086113,75.22555709,3974.0,22.2246414747738,0.001028616,2026-09-01T06:54:27.896595+00:00
PKGL-03822,,36.10044515,75.22482075,3956.0,22.179413450188346,0.000698296,2026-09-01T06:54:27.896595+00:00
PKGL-03823,,36.10131692,75.22540702,3969.0,22.194023481099173,0.002106965,2026-09-01T06:54:27.896595+00:00
PKGL-03824,,36.10160031,75.22483842,3959.0,22.135087758333743,0.000279063,2026-09-01T06:54:27.896595+00:00
PKGL-03825,,36.1009408,75.22298754,3956.0,22.005907606344,0.001339319,2026-09-01T06:54:27.896595+00:00
PKGL-03826,,36.10137494,75.22268719,3953.0,21.963401885677,0.001741344,2026-09-01T06:54:27.896595+00:00
PKGL-03827,,36.10003166,75.22257003,3955.0,22.00750901446421,0.000411715,2026-09-01T06:54:27.896595+00:00
PKGL-03828,,36.10064607,75.22251054,3955.0,21.97774619933062,0.000563149,2026-09-01T06:54:27.896595+00:00
PKGL-03829,,36.09718047,75.22676904,3962.0,22.474860264998107,0.000715973,2026-09-01T06:54:27.896595+00:00
PKGL-03830,,36.09836961,75.2243712,3956.0,22.22580053120344,0.000839752,2026-09-01T06:54:27.896595+00:00
PKGL-03831,,36.0981834,75.22436941,3956.0,22.233295704477943,0.000162157,2026-09-01T06:54:27.896595+00:00
PKGL-03832,,36.09801243,75.22458071,3956.0,22.25796513217989,0.000991622,2026-09-01T06:54:27.896595+00:00
PKGL-03833,,36.09814813,75.22677581,3963.0,22.435770313718823,0.000466276,2026-09-01T06:54:27.896595+00:00
PKGL-03834,,36.10208417,75.22177598,3946.0,21.8587758623117,0.000406393,2026-09-01T06:54:27.896595+00:00
PKGL-03835,,36.10185321,75.22060525,3937.0,21.76971968883774,0.0014635,2026-09-01T06:54:27.896595+00:00
PKGL-03836,,36.10253777,75.21857569,3951.0,21.572211099456588,0.000341082,2026-09-01T06:54:27.896595+00:00
PKGL-03837,,36.10186982,75.21681692,3935.0,21.45168971979919,0.000648785,2026-09-01T06:54:27.896595+00:00
PKGL-03838,,36.10005615,75.21944631,3936.0,21.74535356553361,0.000558934,2026-09-01T06:54:27.896595+00:00
PKGL-03839,,36.10060488,75.22119011,3945.0,21.868839437289854,0.00019193,2026-09-01T06:54:27.896595+00:00
PKGL-03840,,36.10098275,75.22126537,3953.0,21.859908124797727,0.000423214,2026-09-01T06:54:27.896595+00:00
PKGL-03841,,36.09766512,75.21593754,3956.0,21.553232588213124,0.001959761,2026-09-01T06:54:27.896595+00:00
PKGL-03842,,36.09816082,75.21508267,3956.0,21.46116197746125,0.000313169,2026-09-01T06:54:27.896595+00:00
PKGL-03843,,36.10366316,75.21981736,3956.0,21.63206521663892,0.000291559,2026-09-01T06:54:27.896595+00:00
PKGL-03844,,36.1093507,75.22671569,3958.0,22.00468272073704,0.000664978,2026-09-01T06:54:27.896595+00:00
PKGL-03845,,36.10909127,75.22211066,3950.0,21.62205969011495,0.000581574,2026-09-01T06:54:27.896595+00:00
PKGL-03846,,36.10898537,75.22341364,3937.0,21.73663079530868,0.000603463,2026-09-01T06:54:27.896595+00:00
PKGL-03847,,36.11048348,75.21832414,3930.0,21.25013008687336,0.000885019,2026-09-01T06:54:27.896595+00:00
PKGL-03848,,36.10051456,75.21416585,3917.0,21.285885053311887,0.001133286,2026-09-01T06:54:27.896595+00:00
PKGL-03849,,36.10842888,75.21526289,3929.0,21.06563294376386,0.001907893,2026-09-01T06:54:27.896595+00:00
PKGL-03850,,36.10887634,75.21480004,3924.0,21.009781062607534,0.00080691,2026-09-01T06:54:27.896595+00:00
PKGL-03851,,36.10798484,75.21326696,3923.0,20.913605903389843,0.000416207,2026-09-01T06:54:27.896595+00:00
PKGL-03852,,36.10948134,75.2117827,3914.0,20.73184902154877,0.000853064,2026-09-01T06:54:27.896595+00:00
PKGL-03853,,36.10920225,75.2101563,3913.0,20.604784408958327,0.002755717,2026-09-01T06:54:27.896595+00:00
PKGL-03854,,36.10974645,75.20657315,3916.0,20.28152214758765,0.005889754,2026-09-01T06:54:27.896595+00:00
PKGL-03855,,36.10883497,75.20447745,3886.0,20.13983544966888,0.00140988,2026-09-01T06:54:27.896595+00:00
PKGL-03856,,36.10962637,75.20315339,3883.0,19.99769852259983,0.001710155,2026-09-01T06:54:27.896595+00:00
PKGL-03857,,36.11020373,75.20424705,3887.0,20.067775883860435,0.002177758,2026-09-01T06:54:27.896595+00:00
PKGL-03858,,36.11093828,75.20468901,3896.0,20.07728721400641,0.00020749,2026-09-01T06:54:27.896595+00:00
PKGL-03859,,36.11743625,75.21954536,3956.0,21.11874744696786,0.010853099,2026-09-01T06:54:27.896595+00:00
PKGL-03860,,36.10165012,75.20974873,3915.0,20.870627788085223,0.000685101,2026-09-01T06:54:27.896595+00:00
PKGL-03861,,36.10099143,75.20806332,3899.0,20.75811250071968,0.001510175,2026-09-01T06:54:27.896595+00:00
PKGL-03862,,36.1002698,75.20737731,3903.0,20.73189477661297,0.000868867,2026-09-01T06:54:27.896595+00:00
PKGL-03863,,36.10101744,75.20752859,3897.0,20.71259258663444,0.000510056,2026-09-01T06:54:27.896595+00:00
PKGL-03864,,36.10082169,75.20663843,3895.0,20.64702456246769,0.000962983,2026-09-01T06:54:27.896595+00:00
PKGL-03865,,36.09942323,75.20503564,3911.0,20.574653719316093,0.000562559,2026-09-01T06:54:27.896595+00:00
PKGL-03866,,36.09991127,75.20481189,3900.0,20.5349065501074,0.000666337,2026-09-01T06:54:27.896595+00:00
PKGL-03867,,36.09961243,75.20321019,3916.0,20.41560002090564,0.000837091,2026-09-01T06:54:27.896595+00:00
PKGL-03868,,36.09980509,75.2035146,3917.0,20.432302064724297,0.000440321,2026-09-01T06:54:27.896595+00:00
PKGL-03869,,36.10524682,75.20147617,3884.0,20.031880154712344,0.000493254,2026-09-01T06:54:27.896595+00:00
PKGL-03870,,36.10287398,75.18591467,3992.0,18.84673032372105,0.007266227,2026-09-01T06:54:27.896595+00:00
PKGL-03871,,36.10680441,75.18832897,3840.0,18.872756896247328,0.000774241,2026-09-01T06:54:27.896595+00:00
PKGL-03872,,36.10760972,75.1869819,3838.0,18.72665857136645,0.002231282,2026-09-01T06:54:27.896595+00:00
PKGL-03873,,36.10780072,75.18837818,3845.0,18.83455568564982,0.000934984,2026-09-01T06:54:27.896595+00:00
PKGL-03874,,36.10920826,75.18849079,3848.0,18.78516294728363,0.000521359,2026-09-01T06:54:27.896595+00:00
PKGL-03875,,36.11057833,75.1970154,3872.0,19.44405895336329,0.003766478,2026-09-01T06:54:27.896595+00:00
PKGL-03876,,36.11180027,75.19738583,3850.0,19.42795366665604,0.003921494,2026-09-01T06:54:27.896595+00:00
PKGL-03877,,36.11140235,75.19668725,3853.0,19.3844045049634,0.006413143,2026-09-01T06:54:27.896595+00:00
PKGL-03878,,36.11145217,75.19968397,3873.0,19.63511599744931,0.00166614,2026-09-01T06:54:27.896595+00:00
PKGL-03879,,36.11156127,75.20070733,3867.0,19.717348653451555,0.000720166,2026-09-01T06:54:27.896595+00:00
PKGL-03880,,36.11099599,75.20216701,3890.0,19.8620552578764,0.000682449,2026-09-01T06:54:27.896595+00:00
PKGL-03881,,36.10951696,75.20076278,3873.0,19.80070068101648,0.002543936,2026-09-01T06:54:27.896595+00:00
PKGL-03882,,36.11027034,75.19973437,3870.0,19.68483698447437,0.001116717,2026-09-01T06:54:27.896595+00:00
PKGL-03883,,36.11223926,75.20292302,3882.0,19.87921844427467,0.000532637,2026-09-01T06:54:27.896595+00:00
PKGL-03884,,36.112468,75.20261632,3881.0,19.844751553564706,0.000835291,2026-09-01T06:54:27.896595+00:00
PKGL-03885,,36.11608655,75.19783636,3856.0,19.307134136603448,0.000691367,2026-09-01T06:54:27.896595+00:00
PKGL-03886,,36.11793074,75.19052079,3833.0,18.618993444841195,0.003973823,2026-09-01T06:54:27.896595+00:00
PKGL-03887,,36.12058178,75.19000943,3835.0,18.48217889508689,0.000448056,2026-09-01T06:54:27.896595+00:00
PKGL-03888,,36.12139275,75.19243221,3848.0,18.661825061457733,0.000328501,2026-09-01T06:54:27.896595+00:00
PKGL-03889,,36.11995104,75.1951945,3853.0,18.94690334854149,0.000977577,2026-09-01T06:54:27.896595+00:00
PKGL-03890,,36.12036584,75.19646152,3849.0,19.04132577660752,0.000559772,2026-09-01T06:54:27.896595+00:00
PKGL-03891,,36.12321145,75.19872138,3880.0,19.14280549142889,0.005443965,2026-09-01T06:54:27.896595+00:00
PKGL-03892,,36.11484478,75.19050227,3836.0,18.73110164401157,0.001399499,2026-09-01T06:54:27.896595+00:00
PKGL-03893,,36.11322914,75.19377627,3845.0,19.06884644646922,0.000355972,2026-09-01T06:54:27.896595+00:00
PKGL-03894,,36.11280742,75.19465615,3858.0,19.159180707875656,0.001249741,2026-09-01T06:54:27.896595+00:00
PKGL-03895,,36.11357098,75.19762517,3855.0,19.38120597548104,0.000338223,2026-09-01T06:54:27.896595+00:00
PKGL-03896,,36.11380593,75.19738781,3859.0,19.35236399007492,0.00052189,2026-09-01T06:54:27.896595+00:00
PKGL-03897,,36.11319372,75.20221358,3885.0,19.783813399596387,0.000372394,2026-09-01T06:54:27.896595+00:00
PKGL-03898,,36.12456223,75.19121701,3870.0,18.45392175387866,0.006464265,2026-09-01T06:54:27.896595+00:00
PKGL-03899,,36.12464802,75.18881645,3836.0,18.24466552721679,0.001781813,2026-09-01T06:54:27.896595+00:00
PKGL-03900,,36.12490623,75.18831455,3838.0,18.193222485979604,0.002573291,2026-09-01T06:54:27.896595+00:00
PKGL-03901,,36.12364569,75.19095158,3851.0,18.46052109476476,0.007633607,2026-09-01T06:54:27.896595+00:00
PKGL-03902,,36.10325984,75.19373561,3915.0,19.47345246719476,0.001851791,2026-09-01T06:54:27.896595+00:00
PKGL-03903,,36.1051988,75.19106883,3846.0,19.168735006517903,0.000574189,2026-09-01T06:54:27.896595+00:00
PKGL-03904,,36.10519676,75.19158561,3846.0,19.211627336776232,0.000631495,2026-09-01T06:54:27.896595+00:00
PKGL-03905,,36.10539802,75.18820936,3844.0,18.92351027471252,0.000306575,2026-09-01T06:54:27.896595+00:00
PKGL-03906,,36.10621478,75.18730486,3837.0,18.813254485370088,0.000607004,2026-09-01T06:54:27.896595+00:00
PKGL-03907,,36.1060721,75.18574527,3837.0,18.690475172426726,0.000628675,2026-09-01T06:54:27.896595+00:00
PKGL-03908,,36.10595304,75.18484099,3856.0,18.620996390588907,0.000658013,2026-09-01T06:54:27.896595+00:00
PKGL-03909,,36.12576247,75.18671094,3865.0,18.02794608993305,0.000955757,2026-09-01T06:54:27.896595+00:00
PKGL-03910,,36.12537778,75.18589136,3836.0,17.96970632413873,0.000471024,2026-09-01T06:54:27.896595+00:00
PKGL-03911,,36.12425978,75.18717173,3817.0,18.115893400364723,0.000833451,2026-09-01T06:54:27.896595+00:00
PKGL-03912,,36.12404124,75.18646936,3818.0,18.06275242326856,0.0005715,2026-09-01T06:54:27.896595+00:00
PKGL-03913,,36.12659575,75.18246709,3879.0,17.63620498318158,0.001008067,2026-09-01T06:54:27.896595+00:00
PKGL-03914,,36.12644295,75.18346808,3870.0,17.727210932664573,0.001182842,2026-09-01T06:54:27.896595+00:00
PKGL-03915,,36.12697667,75.17939891,3812.0,17.360092720058866,0.001847324,2026-09-01T06:54:27.896595+00:00
PKGL-03916,,36.12788251,75.1751683,3815.0,16.967229918510153,0.001886665,2026-09-01T06:54:27.896595+00:00
PKGL-03917,,36.12794549,75.17403299,3819.0,16.86761059113817,0.000886883,2026-09-01T06:54:27.896595+00:00
PKGL-03918,,36.12777461,75.17317724,3806.0,16.799633118078773,0.00076295,2026-09-01T06:54:27.896595+00:00
PKGL-03919,,36.12884699,75.17320837,3843.0,16.76779492865427,0.000582973,2026-09-01T06:54:27.896595+00:00
PKGL-03920,,36.12259973,75.17267566,3796.0,16.93436670966074,0.000784883,2026-09-01T06:54:27.896595+00:00
PKGL-03921,,36.12254892,75.17369756,3809.0,17.023039629695983,0.000722624,2026-09-01T06:54:27.896595+00:00
PKGL-03922,,36.12205014,75.17269402,3796.0,16.95584582386037,0.001091272,2026-09-01T06:54:27.896595+00:00
PKGL-03923,,36.12162929,75.17357178,3809.0,17.045674727701293,0.002116701,2026-09-01T06:54:27.896595+00:00
PKGL-03924,,36.1243631,75.17207156,3783.0,16.82027913332603,0.000427403,2026-09-01T06:54:27.896595+00:00
PKGL-03925,,36.12430474,75.17330093,3792.0,16.927146810034408,0.000278836,2026-09-01T06:54:27.896595+00:00
PKGL-03926,,36.12533873,75.18068434,3807.0,17.52373877980832,0.000275482,2026-09-01T06:54:27.896595+00:00
PKGL-03927,,36.11879354,75.18508275,3841.0,18.125850826953123,0.00089583,2026-09-01T06:54:27.896595+00:00
PKGL-03928,,36.11906446,75.18454326,3826.0,18.07021657252008,0.000383481,2026-09-01T06:54:27.896595+00:00
PKGL-03929,,36.11806833,75.18385415,3820.0,18.04822013587248,0.000680966,2026-09-01T06:54:27.896595+00:00
PKGL-03930,,36.11710363,75.18429249,3824.0,18.121222793964744,0.0005801,2026-09-01T06:54:27.896595+00:00
PKGL-03931,,36.11710413,75.18202773,3808.0,17.929798944381606,0.000967304,2026-09-01T06:54:27.896595+00:00
PKGL-03932,,36.11684413,75.18179744,3816.0,17.920226956460336,0.00067243,2026-09-01T06:54:27.896595+00:00
PKGL-03933,,36.11772801,75.18149496,3822.0,17.861247301216345,0.003242707,2026-09-01T06:54:27.896595+00:00
PKGL-03934,,36.11852092,75.180734,3811.0,17.76722191116659,0.004107854,2026-09-01T06:54:27.896595+00:00
PKGL-03935,,36.11894791,75.18103131,3823.0,17.776573028115145,0.000468259,2026-09-01T06:54:27.896595+00:00
PKGL-03936,,36.11934908,75.17978459,3824.0,17.65613257807039,0.001119086,2026-09-01T06:54:27.896595+00:00
PKGL-03937,,36.11986422,75.18141088,3821.0,17.77523946886503,0.001405459,2026-09-01T06:54:27.896595+00:00
PKGL-03938,,36.12063296,75.1831436,3803.0,17.894958136177543,0.002613646,2026-09-01T06:54:27.896595+00:00
PKGL-03939,,36.12061671,75.18225702,3805.0,17.82009006369858,0.001330058,2026-09-01T06:54:27.896595+00:00
PKGL-03940,,36.12248218,75.17955844,3807.0,17.524386883649303,0.000293029,2026-09-01T06:54:27.896595+00:00
PKGL-03941,,36.12078897,75.17941082,3823.0,17.571918223159408,0.000300631,2026-09-01T06:54:27.896595+00:00
PKGL-03942,,36.12142917,75.17741686,3816.0,17.379418163913897,0.001064912,2026-09-01T06:54:27.896595+00:00
PKGL-03943,,36.11980765,75.1749305,3779.0,17.228161508820964,0.000895935,2026-09-01T06:54:27.896595+00:00
PKGL-03944,,36.12035165,75.17747885,3812.0,17.42381506787676,0.000403155,2026-09-01T06:54:27.896595+00:00
PKGL-03945,,36.11941014,75.17331973,3804.0,17.1070640091739,0.001002563,2026-09-01T06:54:27.896595+00:00
PKGL-03946,,36.12002816,75.17141304,3775.0,16.922628526378787,0.00188213,2026-09-01T06:54:27.896595+00:00
PKGL-03947,,36.12810805,75.17796421,3863.0,17.200630185485313,0.00092039,2026-09-01T06:54:27.896595+00:00
PKGL-03948,,36.10776299,75.18412512,3833.0,18.483194097999608,0.001664397,2026-09-01T06:54:27.896595+00:00
PKGL-03949,,36.10802542,75.18041492,3811.0,18.164799295309425,0.001984268,2026-09-01T06:54:27.896595+00:00
PKGL-03950,,36.10567031,75.18139513,3863.0,18.349556704151126,0.004531158,2026-09-01T06:54:27.896595+00:00
PKGL-03951,,36.10625152,75.17951355,3853.0,18.16880204029187,0.011530885,2026-09-01T06:54:27.896595+00:00
PKGL-03952,,36.11029368,75.17408969,3803.0,17.54319288637046,0.00133841,2026-09-01T06:54:27.896595+00:00
PKGL-03953,,36.10968365,75.17490913,3800.0,17.637504401672395,0.000578186,2026-09-01T06:54:27.896595+00:00
PKGL-03954,,36.10947776,75.17785055,3804.0,17.889679234195953,0.000322001,2026-09-01T06:54:27.896595+00:00
PKGL-03955,,36.10952026,75.18148359,3831.0,18.189024335452466,0.00116379,2026-09-01T06:54:27.896595+00:00
PKGL-03956,,36.10967653,75.1810506,3836.0,18.146439432575,0.000549521,2026-09-01T06:54:27.896595+00:00
PKGL-03957,,36.11074277,75.17939006,3824.0,17.963370690738042,0.000394807,2026-09-01T06:54:27.896595+00:00
PKGL-03958,,36.11067298,75.1807799,3811.0,18.08188354040572,0.00063504,2026-09-01T06:54:27.896595+00:00
PKGL-03959,,36.11296955,75.17232963,3801.0,17.282606623397978,0.001061455,2026-09-01T06:54:27.896595+00:00
PKGL-03960,,36.11131857,75.17387806,3800.0,17.48139470408404,0.000529342,2026-09-01T06:54:27.896595+00:00
PKGL-03961,,36.13109235,75.16772794,3810.0,16.22503419644395,0.072396288,2026-09-01T06:54:27.896595+00:00
PKGL-03962,,36.13392429,75.16182457,3772.0,15.62861778035069,0.008843651,2026-09-01T06:54:27.896595+00:00
PKGL-03963,,36.13375679,75.15957381,3751.0,15.439251756343433,0.000778543,2026-09-01T06:54:27.896595+00:00
PKGL-03964,,36.13368393,75.16046542,3753.0,15.518466462859887,0.000279269,2026-09-01T06:54:27.896595+00:00
PKGL-03965,,36.13363688,75.16084709,3755.0,15.552863131858,0.000316976,2026-09-01T06:54:27.896595+00:00
PKGL-03966,,36.13236374,75.1630313,3754.0,15.780530364326754,0.00019739,2026-09-01T06:54:27.896595+00:00
PKGL-03967,,36.1243497,75.17138935,3780.0,16.76260468462954,0.00084355,2026-09-01T06:54:27.896595+00:00
PKGL-03968,,36.12603812,75.17103786,3785.0,16.674162125488888,0.00096561,2026-09-01T06:54:27.896595+00:00
PKGL-03969,,36.12616774,75.17054918,3787.0,16.627966387309574,0.000731403,2026-09-01T06:54:27.896595+00:00
PKGL-03970,,36.12661018,75.17066355,3790.0,16.62274229186324,0.000535546,2026-09-01T06:54:27.896595+00:00
PKGL-03971,,36.12513549,75.16963928,3774.0,16.585894943376545,0.000420504,2026-09-01T06:54:27.896595+00:00
PKGL-03972,,36.12464412,75.16922677,3778.0,16.568006765016005,0.000666031,2026-09-01T06:54:27.896595+00:00
PKGL-03973,,36.12496777,75.16900958,3774.0,16.53809797063115,0.000419569,2026-09-01T06:54:27.896595+00:00
PKGL-03974,,36.12512385,75.16720824,3769.0,16.379158175109104,0.000943937,2026-09-01T06:54:27.896595+00:00
PKGL-03975,,36.12473888,75.16616872,3776.0,16.304415601488007,0.000450509,2026-09-01T06:54:27.896595+00:00
PKGL-03976,,36.12357795,75.17142159,3779.0,16.792668151295693,0.000862482,2026-09-01T06:54:27.896595+00:00
PKGL-03977,,36.12257005,75.17085365,3798.0,16.780728751056373,0.001953729,2026-09-01T06:54:27.896595+00:00
PKGL-03978,,36.12182865,75.17039441,3799.0,16.76900436469464,0.000391166,2026-09-01T06:54:27.896595+00:00
PKGL-03979,,36.12271352,75.16953221,3798.0,16.663377142846215,0.010513275,2026-09-01T06:54:27.896595+00:00
PKGL-03980,,36.12070311,75.16567223,3770.0,16.41268585115777,0.004129378,2026-09-01T06:54:27.896595+00:00
PKGL-03981,,36.12216222,75.16506313,3785.0,16.305555913292405,0.002494603,2026-09-01T06:54:27.896595+00:00
PKGL-03982,,36.12325322,75.16520711,3776.0,16.27692954856799,0.00225841,2026-09-01T06:54:27.896595+00:00
PKGL-03983,,36.12574236,75.16399763,3763.0,16.083920697073555,0.001283193,2026-09-01T06:54:27.896595+00:00
PKGL-03984,,36.12633198,75.16388788,3753.0,16.0537286103016,0.000154033,2026-09-01T06:54:27.896595+00:00
PKGL-03985,,36.12803137,75.16313191,3770.0,15.93034474346725,0.00041486,2026-09-01T06:54:27.896595+00:00
PKGL-03986,,36.12731222,75.16276797,3760.0,15.924000880569189,0.000556564,2026-09-01T06:54:27.896595+00:00
PKGL-03987,,36.12578872,75.16129231,3767.0,15.852212704452295,0.001864014,2026-09-01T06:54:27.896595+00:00
PKGL-03988,,36.12492199,75.16120983,3765.0,15.876708279051446,0.00080171,2026-09-01T06:54:27.896595+00:00
PKGL-03989,,36.12574084,75.15803334,3748.0,15.577343973250624,0.00060638,2026-09-01T06:54:27.896595+00:00
PKGL-03990,,36.12468795,75.15831002,3762.0,15.639777534070088,0.011496317,2026-09-01T06:54:27.896595+00:00
PKGL-03991,,36.11351242,75.16906108,3793.0,16.98815897527995,0.001226918,2026-09-01T06:54:27.896595+00:00
PKGL-03992,,36.11232057,75.16901825,3792.0,17.035784589056544,0.001894205,2026-09-01T06:54:27.896595+00:00
PKGL-03993,,36.11219001,75.16848529,3792.0,16.997373947275133,0.000549878,2026-09-01T06:54:27.896595+00:00
PKGL-03994,,36.11216362,75.16990345,3805.0,17.11582674315377,0.001564528,2026-09-01T06:54:27.896595+00:00
PKGL-03995,,36.10832025,75.16760605,3850.0,17.09835476667081,0.000308292,2026-09-01T06:54:27.896595+00:00
PKGL-03996,,36.10877695,75.16788496,3846.0,17.10022771806957,0.000267327,2026-09-01T06:54:27.896595+00:00
PKGL-03997,,36.1087134,75.16710142,3857.0,17.03900184688467,0.000103586,2026-09-01T06:54:27.896595+00:00
PKGL-03998,,36.10819959,75.16621839,3859.0,16.990558151924713,0.002363809,2026-09-01T06:54:27.896595+00:00
PKGL-03999,,36.10870312,75.16525061,3871.0,16.888188558718706,0.001157435,2026-09-01T06:54:27.896595+00:00
PKGL-04000,,36.11179813,75.16200599,3833.0,16.480939076395053,0.003416571,2026-09-01T06:54:27.896595+00:00
PKGL-04001,,36.15847481,75.04608446,3328.0,4.888386588231555,0.000982518,2026-09-01T06:54:27.896595+00:00
PKGL-04002,,36.15774631,75.04294475,3314.0,4.64748467531466,0.000555732,2026-09-01T06:54:27.896595+00:00
PKGL-04003,,36.16092618,75.03977112,3281.0,4.266367313948023,0.001864748,2026-09-01T06:54:27.896595+00:00
PKGL-04004,,36.16069393,75.04018094,3298.0,4.3090220907189,0.000293119,2026-09-01T06:54:27.896595+00:00
PKGL-04005,,36.16081853,75.03888435,3274.0,4.193622977494472,0.000195427,2026-09-01T06:54:27.896595+00:00
PKGL-04006,,36.14641009,75.05942947,3387.0,6.50288473531378,0.001407848,2026-09-01T06:54:27.896595+00:00
PKGL-04007,,36.14919137,75.05838491,3389.0,6.288236704804163,0.002570313,2026-09-01T06:54:27.896595+00:00
PKGL-04008,,36.15026952,75.05719386,3383.0,6.142541590208521,0.000830222,2026-09-01T06:54:27.896595+00:00
PKGL-04009,,36.15039179,75.05684211,3380.0,6.108157347336546,0.000564724,2026-09-01T06:54:27.896595+00:00
PKGL-04010,,36.15048687,75.05748261,3378.0,6.157029964439371,0.000423075,2026-09-01T06:54:27.896595+00:00
PKGL-04011,,36.15139816,75.05539878,3368.0,5.945346162684233,0.000467924,2026-09-01T06:54:27.896595+00:00
PKGL-04012,,36.15229215,75.05344066,3355.0,5.744918678214807,0.00088488,2026-09-01T06:54:27.896595+00:00
PKGL-04013,,36.14871927,75.05002792,3359.0,5.632815923487403,0.001977034,2026-09-01T06:54:27.896595+00:00
PKGL-04014,,36.14932986,75.05004938,3360.0,5.603823615400885,0.000154027,2026-09-01T06:54:27.896595+00:00
PKGL-04015,,36.15044316,75.06343948,3394.0,6.655278196747021,0.003968204,2026-09-01T06:54:27.896595+00:00
PKGL-04016,,36.15249072,75.06400105,3408.0,6.624797292728016,0.000758301,2026-09-01T06:54:27.896595+00:00
PKGL-04017,,36.15158202,75.06301355,3404.0,6.575036014819822,0.000388952,2026-09-01T06:54:27.896595+00:00
PKGL-04018,,36.15285562,75.05879983,3390.0,6.17108445570526,0.00088084,2026-09-01T06:54:27.896595+00:00
PKGL-04019,,36.15337179,75.06426617,3401.0,6.616170799149591,0.000861146,2026-09-01T06:54:27.896595+00:00
PKGL-04020,,36.15712868,75.05904126,3375.0,6.045591520662983,0.009119859,2026-09-01T06:54:27.896595+00:00
PKGL-04021,,36.15845073,75.05271261,3360.0,5.458858871154844,0.001030796,2026-09-01T06:54:27.896595+00:00
PKGL-04022,,36.15787897,75.05155074,3349.0,5.3766674158857874,0.001763361,2026-09-01T06:54:27.896595+00:00
PKGL-04023,,36.15717905,75.04896432,3343.0,5.178883109683741,0.00106828,2026-09-01T06:54:27.896595+00:00
PKGL-04024,,36.15926645,75.05623449,3370.0,5.740795254782463,0.000531875,2026-09-01T06:54:27.896595+00:00
PKGL-04025,,36.14792838,75.05158937,3364.0,5.797730480834772,0.000363129,2026-09-01T06:54:27.896595+00:00
PKGL-04026,,36.14807871,75.05109034,3367.0,5.750254377616188,0.0004331,2026-09-01T06:54:27.896595+00:00
PKGL-04027,,36.14840594,75.05169904,3362.0,5.782314599788254,0.000346734,2026-09-01T06:54:27.896595+00:00
PKGL-04028,,36.1473895,75.06441234,3421.0,6.864431658601449,0.000811145,2026-09-01T06:54:27.896595+00:00
PKGL-04029,,36.15096097,75.06529195,3411.0,6.790880458880591,0.000204275,2026-09-01T06:54:27.896595+00:00
PKGL-04030,,36.14993494,75.0650206,3406.0,6.808064939492383,0.000652056,2026-09-01T06:54:27.896595+00:00
PKGL-04031,,36.14973496,75.06748291,3428.0,7.022665923304332,0.000831199,2026-09-01T06:54:27.896595+00:00
PKGL-04032,,36.15128432,75.06727011,3423.0,6.946062883896159,0.000653162,2026-09-01T06:54:27.896595+00:00
PKGL-04033,,36.15185204,75.06711279,3423.0,6.912124684260884,0.000224918,2026-09-01T06:54:27.896595+00:00
PKGL-04034,,36.15270111,75.06952723,3433.0,7.088689979457774,0.001092702,2026-09-01T06:54:27.896595+00:00
PKGL-04035,,36.15338736,75.06913804,3431.0,7.032674575296546,0.000415409,2026-09-01T06:54:27.896595+00:00
PKGL-04036,,36.15371833,75.07077721,3440.0,7.163066397572863,0.000964975,2026-09-01T06:54:27.896595+00:00
PKGL-04037,,36.15433435,75.07345914,3451.0,7.375963242516753,0.001027074,2026-09-01T06:54:27.896595+00:00
PKGL-04038,,36.15273978,75.07229822,3445.0,7.3250732206020785,0.000900998,2026-09-01T06:54:27.896595+00:00
PKGL-04039,,36.15253512,75.07659966,3464.0,7.701738747039511,0.000605669,2026-09-01T06:54:27.896595+00:00
PKGL-04040,,36.15262605,75.07628143,3462.0,7.671479609801875,0.000531326,2026-09-01T06:54:27.896595+00:00
PKGL-04041,,36.15336292,75.07728704,3466.0,7.735987725360951,0.001283168,2026-09-01T06:54:27.896595+00:00
PKGL-04042,,36.15496307,75.07857059,3461.0,7.802287374629046,0.001493524,2026-09-01T06:54:27.896595+00:00
PKGL-04043,,36.15516583,75.07944574,3473.0,7.873202330769102,0.000922928,2026-09-01T06:54:27.896595+00:00
PKGL-04044,,36.1542829,75.08032511,3472.0,7.973486165364776,0.000385255,2026-09-01T06:54:27.896595+00:00
PKGL-04045,,36.15382933,75.06644172,3418.0,6.786845908239638,0.000329682,2026-09-01T06:54:27.896595+00:00
PKGL-04046,,36.15375948,75.06680957,3415.0,6.820692266819006,0.000373549,2026-09-01T06:54:27.896595+00:00
PKGL-04047,,36.152535,75.07548518,3462.0,7.60571910255166,0.001985323,2026-09-01T06:54:27.896595+00:00
PKGL-04048,,36.15253236,75.07473042,3459.0,7.540832403115242,0.001270815,2026-09-01T06:54:27.896595+00:00
PKGL-04049,,36.13805208,75.07740504,3494.0,8.36173904090629,0.001689265,2026-09-01T06:54:27.896595+00:00
PKGL-04050,,36.13852896,75.07679176,3484.0,8.288724984420632,0.001639474,2026-09-01T06:54:27.896595+00:00
PKGL-04051,,36.13879226,75.07563418,3478.0,8.18268931673422,0.000945152,2026-09-01T06:54:27.896595+00:00
PKGL-04052,,36.14194068,75.07394285,3462.0,7.893352296748634,0.000445213,2026-09-01T06:54:27.896595+00:00
PKGL-04053,,36.14184546,75.07253786,3461.0,7.783690499359649,0.000433768,2026-09-01T06:54:27.896595+00:00
PKGL-04054,,36.14141325,75.07122707,3464.0,7.69858142337941,0.000413362,2026-09-01T06:54:27.896595+00:00
PKGL-04055,,36.14203171,75.06908015,3446.0,7.495241941773092,0.004053986,2026-09-01T06:54:27.896595+00:00
PKGL-04056,,36.14142816,75.07009624,3464.0,7.60679712741514,0.002114798,2026-09-01T06:54:27.896595+00:00
PKGL-04057,,36.14490333,75.06741517,3437.0,7.223117812879168,0.000786043,2026-09-01T06:54:27.896595+00:00
PKGL-04058,,36.14304446,75.06690366,3408.0,7.270153957558737,0.00629799,2026-09-01T06:54:27.896595+00:00
PKGL-04059,,36.14959436,75.07124353,3437.0,7.345083450557296,0.000804916,2026-09-01T06:54:27.896595+00:00
PKGL-04060,,36.14972805,75.06991203,3435.0,7.22757790703144,0.001747731,2026-09-01T06:54:27.896595+00:00
PKGL-04061,,36.15429939,75.0815268,3467.0,8.07766982921952,0.003110279,2026-09-01T06:54:27.896595+00:00
PKGL-04062,,36.15457788,75.08072391,3467.0,8.00023998269623,0.003460412,2026-09-01T06:54:27.896595+00:00
PKGL-04063,,36.1486631,75.0821024,3487.0,8.301032872948369,0.00077434,2026-09-01T06:54:27.896595+00:00
PKGL-04064,,36.14821677,75.08837151,3510.0,8.85233944464059,0.00318031,2026-09-01T06:54:27.896595+00:00
PKGL-04065,,36.14457549,75.08207262,3492.0,8.451047916984871,0.002229191,2026-09-01T06:54:27.896595+00:00
PKGL-04066,,36.14543986,75.079299,3478.0,8.18409406423644,0.000500617,2026-09-01T06:54:27.896595+00:00
PKGL-04067,,36.14643689,75.0782687,3479.0,8.058219900302909,0.000327259,2026-09-01T06:54:27.896595+00:00
PKGL-04068,,36.14450598,75.07747987,3463.0,8.070493017054469,0.000343115,2026-09-01T06:54:27.896595+00:00
PKGL-04069,,36.14386288,75.08136105,3485.0,8.420468958235645,0.000387743,2026-09-01T06:54:27.896595+00:00
PKGL-04070,,36.14312089,75.08591078,3491.0,8.83084026815357,0.001544412,2026-09-01T06:54:27.896595+00:00
PKGL-04071,,36.14137086,75.08330542,3498.0,8.687386059814221,0.001222183,2026-09-01T06:54:27.896595+00:00
PKGL-04072,,36.13926149,75.08401721,3515.0,8.839936089969926,0.00039438,2026-09-01T06:54:27.896595+00:00
PKGL-04073,,36.13666492,75.08617585,3527.0,9.13707854660194,0.002244852,2026-09-01T06:54:27.896595+00:00
PKGL-04074,,36.13580344,75.08685523,3525.0,9.233469655043232,0.00147688,2026-09-01T06:54:27.896595+00:00
PKGL-04075,,36.13584085,75.0876825,3523.0,9.29863547897501,0.000750744,2026-09-01T06:54:27.896595+00:00
PKGL-04076,,36.13555185,75.0879934,3519.0,9.337699232303432,0.000454836,2026-09-01T06:54:27.896595+00:00
PKGL-04077,,36.13650596,75.08901018,3526.0,9.37506006905972,0.00395001,2026-09-01T06:54:27.896595+00:00
PKGL-04078,,36.13592608,75.08887254,3521.0,9.391129167946474,0.000804237,2026-09-01T06:54:27.896595+00:00
PKGL-04079,,36.1369649,75.08774529,3520.0,9.250540815864047,0.002495826,2026-09-01T06:54:27.896595+00:00
PKGL-04080,,36.14214087,75.08941393,3511.0,9.163524487062244,0.001663319,2026-09-01T06:54:27.896595+00:00
PKGL-04081,,36.13886334,75.09448476,3533.0,9.721350509155656,0.000536703,2026-09-01T06:54:27.896595+00:00
PKGL-04082,,36.1393154,75.09160725,3527.0,9.463257965483212,0.000101584,2026-09-01T06:54:27.896595+00:00
PKGL-04083,,36.13900378,75.09223418,3519.0,9.528539480430435,0.00026222,2026-09-01T06:54:27.896595+00:00
PKGL-04084,,36.13892866,75.09250802,3519.0,9.554452721687296,0.00014751,2026-09-01T06:54:27.896595+00:00
PKGL-04085,,36.14603463,75.08886873,3509.0,8.969815249336067,0.000758895,2026-09-01T06:54:27.896595+00:00
PKGL-04086,,36.1454668,75.08815664,3502.0,8.929861165051939,0.000511103,2026-09-01T06:54:27.896595+00:00
PKGL-04087,,36.14536738,75.0907866,3517.0,9.156735421100535,0.000531009,2026-09-01T06:54:27.896595+00:00
PKGL-04088,,36.14501906,75.08936243,3510.0,9.048493923218189,0.000878772,2026-09-01T06:54:27.896595+00:00
PKGL-04089,,36.14554631,75.09259705,3519.0,9.304487479285404,0.000417132,2026-09-01T06:54:27.896595+00:00
PKGL-04090,,36.14407573,75.09600349,3520.0,9.646481760822644,0.001726125,2026-09-01T06:54:27.896595+00:00
PKGL-04091,,36.14448457,75.09620453,3523.0,9.649117493824194,0.000661944,2026-09-01T06:54:27.896595+00:00
PKGL-04092,,36.14500874,75.09672815,3539.0,9.675558766539773,0.001977971,2026-09-01T06:54:27.896595+00:00
PKGL-04093,,36.14654829,75.09706289,3537.0,9.65275212619518,0.00228464,2026-09-01T06:54:27.896595+00:00
PKGL-04094,,36.14657074,75.09559859,3533.0,9.526346062274342,0.000965035,2026-09-01T06:54:27.896595+00:00
PKGL-04095,,36.14590771,75.09540752,3533.0,9.532061058104611,0.000389386,2026-09-01T06:54:27.896595+00:00
PKGL-04096,,36.14574993,75.09508714,3530.0,9.510004169061556,0.000295316,2026-09-01T06:54:27.896595+00:00
PKGL-04097,,36.14744507,75.09443444,3527.0,9.397943354372645,0.00489427,2026-09-01T06:54:27.896595+00:00
PKGL-04098,,36.14838708,75.09486522,3524.0,9.405309216195825,0.001560169,2026-09-01T06:54:27.896595+00:00
PKGL-04099,,36.14850367,75.09419585,3522.0,9.343973620517405,0.000597301,2026-09-01T06:54:27.896595+00:00
PKGL-04100,,36.14983188,75.09679757,3525.0,9.529443784128954,0.00062226,2026-09-01T06:54:27.896595+00:00
PKGL-04101,,36.14919098,75.09719122,3532.0,9.582141474227043,0.012162029,2026-09-01T06:54:27.896595+00:00
PKGL-04102,,36.14993679,75.09864181,3537.0,9.686588154299418,0.000540861,2026-09-01T06:54:27.896595+00:00
PKGL-04103,,36.15115109,75.08503982,3471.0,8.472590828198951,0.001130224,2026-09-01T06:54:27.896595+00:00
PKGL-04104,,36.1513223,75.08556915,3476.0,8.513193939178835,0.00027984,2026-09-01T06:54:27.896595+00:00
PKGL-04105,,36.13888424,75.09911749,3558.0,10.106882301906715,0.000942068,2026-09-01T06:54:27.896595+00:00
PKGL-04106,,36.13991002,75.09869582,3551.0,10.03058521385291,0.000404516,2026-09-01T06:54:27.896595+00:00
PKGL-04107,,36.14292758,75.09749887,3532.0,9.814930370989128,0.000551984,2026-09-01T06:54:27.896595+00:00
PKGL-04108,,36.14278708,75.09626955,3525.0,9.715927027405035,0.000719735,2026-09-01T06:54:27.896595+00:00
PKGL-04109,,36.14540017,75.09941273,3549.0,9.892026521300934,0.00194639,2026-09-01T06:54:27.896595+00:00
PKGL-04110,,36.14422648,75.09271736,3516.0,9.361959051943863,0.000390899,2026-09-01T06:54:27.896595+00:00
PKGL-04111,,36.14749645,75.11962642,3651.0,11.580219486786502,0.000836644,2026-09-01T06:54:27.896595+00:00
PKGL-04112,,36.14724989,75.11949216,3647.0,11.574971012034055,0.000222693,2026-09-01T06:54:27.896595+00:00
PKGL-04113,,36.14730037,75.11813063,3661.0,11.454898090041642,0.001383475,2026-09-01T06:54:27.896595+00:00
PKGL-04114,,36.14810788,75.11807363,3658.0,11.42878398737264,0.000194304,2026-09-01T06:54:27.896595+00:00
PKGL-04115,,36.14728598,75.11443627,3627.0,11.133475556286353,0.000484298,2026-09-01T06:54:27.896595+00:00
PKGL-04116,,36.14753146,75.10846002,3602.0,10.60717512681419,0.00030614,2026-09-01T06:54:27.896595+00:00
PKGL-04117,,36.14358752,75.12040255,3675.0,11.75696742790645,0.00041046,2026-09-01T06:54:27.896595+00:00
PKGL-04118,,36.14395788,75.1145801,3638.0,11.242687648881304,0.000424791,2026-09-01T06:54:27.896595+00:00
PKGL-04119,,36.14273283,75.11603406,3633.0,11.406227029559805,0.002784541,2026-09-01T06:54:27.896595+00:00
PKGL-04120,,36.14515562,75.10245407,3562.0,10.16096126963731,0.001539297,2026-09-01T06:54:27.896595+00:00
PKGL-04121,,36.133656,75.1123196,3626.0,11.423219495095694,0.000460707,2026-09-01T06:54:27.896595+00:00
PKGL-04122,,36.13303347,75.11239121,3626.0,11.45514049381443,0.000879283,2026-09-01T06:54:27.896595+00:00
PKGL-04123,,36.13270434,75.11170317,3624.0,11.4118814476997,0.000333876,2026-09-01T06:54:27.896595+00:00
PKGL-04124,,36.1329951,75.11054392,3628.0,11.30332365085771,0.000423273,2026-09-01T06:54:27.896595+00:00
PKGL-04125,,36.130966,75.10820954,3627.0,11.199779463282352,0.001204347,2026-09-01T06:54:27.896595+00:00
PKGL-04126,,36.13063567,75.1084408,3632.0,11.233717545234406,0.000420548,2026-09-01T06:54:27.896595+00:00
PKGL-04127,,36.1311332,75.10999393,3635.0,11.338925220960876,0.000449355,2026-09-01T06:54:27.896595+00:00
PKGL-04128,,36.12954808,75.11319443,3641.0,11.672960857296903,0.002085797,2026-09-01T06:54:27.896595+00:00
PKGL-04129,,36.12941107,75.11537178,3623.0,11.858196432899469,0.000490895,2026-09-01T06:54:27.896595+00:00
PKGL-04130,,36.12877022,75.11175026,3652.0,11.589956766583338,0.001027741,2026-09-01T06:54:27.896595+00:00
PKGL-04131,,36.13115777,75.11458565,3626.0,11.716975458837386,0.000366231,2026-09-01T06:54:27.896595+00:00
PKGL-04132,,36.13218473,75.11168552,3621.0,11.432623777910557,0.000258178,2026-09-01T06:54:27.896595+00:00
PKGL-04133,,36.12951327,75.11032957,3653.0,11.439626738619545,0.001003838,2026-09-01T06:54:27.896595+00:00
PKGL-04134,,36.14812282,75.12143554,3675.0,11.722259942363223,0.002571399,2026-09-01T06:54:27.896595+00:00
PKGL-04135,,36.14723744,75.12407345,3679.0,11.975308689687646,0.001197381,2026-09-01T06:54:27.896595+00:00
PKGL-04136,,36.14676218,75.12439647,3691.0,12.015743106111175,0.002414966,2026-09-01T06:54:27.896595+00:00
PKGL-04137,,36.14454211,75.12373403,3685.0,12.018090668576114,0.000721803,2026-09-01T06:54:27.896595+00:00
PKGL-04138,,36.14390519,75.12218392,3673.0,11.901847612639305,0.001624918,2026-09-01T06:54:27.896595+00:00
PKGL-04139,,36.14398741,75.12651808,3676.0,12.275551582079832,0.000336543,2026-09-01T06:54:27.896595+00:00
PKGL-04140,,36.14472107,75.12739756,3697.0,12.331690972862171,0.001086083,2026-09-01T06:54:27.896595+00:00
PKGL-04141,,36.14629598,75.12866406,3695.0,12.400528005321563,0.001244864,2026-09-01T06:54:27.896595+00:00
PKGL-04142,,36.1465597,75.12995789,3712.0,12.506967291633623,0.000900503,2026-09-01T06:54:27.896595+00:00
PKGL-04143,,36.1453739,75.13066937,3706.0,12.599476969432658,0.00053914,2026-09-01T06:54:27.896595+00:00
PKGL-04144,,36.138289,75.12582942,3694.0,12.39211236719466,0.001370834,2026-09-01T06:54:27.896595+00:00
PKGL-04145,,36.14047335,75.12942086,3698.0,12.630509751976485,0.000582598,2026-09-01T06:54:27.896595+00:00
PKGL-04146,,36.14065418,75.12910425,3698.0,12.597626281335277,0.000482859,2026-09-01T06:54:27.896595+00:00
PKGL-04147,,36.12281459,75.13932598,3803.0,14.124879182770655,0.001716062,2026-09-01T06:54:27.896595+00:00
PKGL-04148,,36.12753913,75.13500548,3721.0,13.56794566322164,0.000423802,2026-09-01T06:54:27.896595+00:00
PKGL-04149,,36.12827164,75.13557217,3719.0,13.586033817746856,0.000227361,2026-09-01T06:54:27.896595+00:00
PKGL-04150,,36.12874536,75.13533647,3713.0,13.547497603110074,0.000188795,2026-09-01T06:54:27.896595+00:00
PKGL-04151,,36.12850463,75.13892189,3722.0,13.858361472672335,0.000422763,2026-09-01T06:54:27.896595+00:00
PKGL-04152,,36.12800572,75.14239532,3711.0,14.170199441456118,0.000473269,2026-09-01T06:54:27.896595+00:00
PKGL-04153,,36.1288059,75.14377257,3719.0,14.256173347550488,0.000533255,2026-09-01T06:54:27.896595+00:00
PKGL-04154,,36.13076753,75.14385357,3713.0,14.19112810656228,0.001490014,2026-09-01T06:54:27.896595+00:00
PKGL-04155,,36.13087142,75.14331569,3717.0,14.141679119126795,0.000752703,2026-09-01T06:54:27.896595+00:00
PKGL-04156,,36.13564921,75.14454655,3721.0,14.084950241795823,0.001663426,2026-09-01T06:54:27.896595+00:00
PKGL-04157,,36.13807401,75.14419943,3735.0,13.980019929998685,0.000488084,2026-09-01T06:54:27.896595+00:00
PKGL-04158,,36.13767842,75.14364671,3731.0,13.944188791218062,0.000989087,2026-09-01T06:54:27.896595+00:00
PKGL-04159,,36.13841249,75.14381719,3738.0,13.93684687300638,0.001091598,2026-09-01T06:54:27.896595+00:00
PKGL-04160,,36.13818789,75.14320296,3733.0,13.89043973107134,0.002198709,2026-09-01T06:54:27.896595+00:00
PKGL-04161,,36.1395734,75.14390767,3738.0,13.910700446208756,0.003673328,2026-09-01T06:54:27.896595+00:00
PKGL-04162,,36.13974515,75.14323829,3737.0,13.847696253959215,0.000384588,2026-09-01T06:54:27.896595+00:00
PKGL-04163,,36.14012513,75.14188141,3733.0,13.719071077356611,0.001349362,2026-09-01T06:54:27.896595+00:00
PKGL-04164,,36.14223131,75.1393852,3733.0,13.443141407800066,0.00042083,2026-09-01T06:54:27.896595+00:00
PKGL-04165,,36.14158882,75.13905561,3726.0,13.432235628919525,0.000566371,2026-09-01T06:54:27.896595+00:00
PKGL-04166,,36.1404237,75.13826307,3719.0,13.39668412445305,0.002457902,2026-09-01T06:54:27.896595+00:00
PKGL-04167,,36.13911288,75.13591053,3662.0,13.23238341408548,0.001065684,2026-09-01T06:54:27.896595+00:00
PKGL-04168,,36.13973141,75.13954993,3711.0,13.528432243870554,0.005308327,2026-09-01T06:54:27.896595+00:00
PKGL-04169,,36.1407846,75.14548581,3771.0,14.013709460983549,0.000758759,2026-09-01T06:54:27.896595+00:00
PKGL-04170,,36.14234988,75.14502673,3782.0,13.93161143163571,0.00101387,2026-09-01T06:54:27.896595+00:00
PKGL-04171,,36.13098122,75.14115444,3709.0,13.954136572605876,0.000871607,2026-09-01T06:54:27.896595+00:00
PKGL-04172,,36.13190477,75.13873457,3715.0,13.715217116464718,0.000303274,2026-09-01T06:54:27.896595+00:00
PKGL-04173,,36.12770025,75.13205014,3725.0,13.314440383101452,0.001195499,2026-09-01T06:54:27.896595+00:00
PKGL-04174,,36.11620177,75.15387597,3782.0,15.61545449776462,0.00227113,2026-09-01T06:54:27.896595+00:00
PKGL-04175,,36.11638335,75.15537652,3758.0,15.73130382220541,0.000840258,2026-09-01T06:54:27.896595+00:00
PKGL-04176,,36.11590139,75.15526027,3775.0,15.742850116976015,0.000503861,2026-09-01T06:54:27.896595+00:00
PKGL-04177,,36.11775618,75.15015396,3761.0,15.240001001200865,0.000993428,2026-09-01T06:54:27.896595+00:00
PKGL-04178,,36.11881774,75.14986465,3769.0,15.169761541957817,0.000484615,2026-09-01T06:54:27.896595+00:00
PKGL-04179,,36.11880314,75.15148276,3761.0,15.304352538985516,0.000302708,2026-09-01T06:54:27.896595+00:00
PKGL-04180,,36.11924825,75.15136344,3766.0,15.275404617797196,0.000423641,2026-09-01T06:54:27.896595+00:00
PKGL-04181,,36.11972392,75.15170229,3760.0,15.283331467973971,0.002481697,2026-09-01T06:54:27.896595+00:00
PKGL-04182,,36.12013751,75.15126937,3762.0,15.229908868657052,0.0006349,2026-09-01T06:54:27.896595+00:00
PKGL-04183,,36.11915151,75.14595738,3810.0,14.832423102482991,0.000489067,2026-09-01T06:54:27.896595+00:00
PKGL-04184,,36.11940672,75.14641871,3798.0,14.859300476661918,0.000385546,2026-09-01T06:54:27.896595+00:00
PKGL-04185,,36.12466918,75.14918429,3753.0,14.871135025252215,0.001484886,2026-09-01T06:54:27.896595+00:00
PKGL-04186,,36.12608478,75.1556053,3753.0,15.358909242996493,0.001830093,2026-09-01T06:54:27.896595+00:00
PKGL-04187,,36.12658688,75.15597598,3760.0,15.37189363914408,0.000206204,2026-09-01T06:54:27.896595+00:00
PKGL-04188,,36.12548936,75.1568888,3747.0,15.489653905273324,0.008217863,2026-09-01T06:54:27.896595+00:00
PKGL-04189,,36.12465077,75.15491195,3762.0,15.354101523454489,0.00067469,2026-09-01T06:54:27.896595+00:00
PKGL-04190,,36.12485389,75.15410324,3763.0,15.278125092818268,0.00035674,2026-09-01T06:54:27.896595+00:00
PKGL-04191,,36.12594761,75.15115545,3732.0,14.987735809180627,0.000121907,2026-09-01T06:54:27.896595+00:00
PKGL-04192,,36.12757481,75.15807033,3742.0,15.514381138952476,0.003021943,2026-09-01T06:54:27.896595+00:00
PKGL-04193,,36.12747456,75.15675032,3767.0,15.405614061817763,0.000244521,2026-09-01T06:54:27.896595+00:00
PKGL-04194,,36.12819493,75.15488646,3756.0,15.221373792429372,0.000663249,2026-09-01T06:54:27.896595+00:00
PKGL-04195,,36.12730956,75.15419329,3740.0,15.194294169513457,0.00058283,2026-09-01T06:54:27.896595+00:00
PKGL-04196,,36.12867667,75.15704039,3773.0,15.387942069422987,0.000466769,2026-09-01T06:54:27.896595+00:00
PKGL-04197,,36.13005843,75.15274881,3756.0,14.973812723058764,7.67e-05,2026-09-01T06:54:27.896595+00:00
PKGL-04198,,36.1301835,75.15139756,3762.0,14.854176293841617,0.000593743,2026-09-01T06:54:27.896595+00:00
PKGL-04199,,36.12881804,75.15228248,3761.0,14.977632209938673,0.00028874,2026-09-01T06:54:27.896595+00:00
PKGL-04200,,36.12894149,75.15124279,3748.0,14.884789564653712,0.000297938,2026-09-01T06:54:27.896595+00:00
PKGL-04201,,36.12927872,75.14929426,3735.0,14.707037985193036,0.000484526,2026-09-01T06:54:27.896595+00:00
PKGL-04202,,36.13017555,75.1488455,3736.0,14.6369326808303,0.001710451,2026-09-01T06:54:27.896595+00:00
PKGL-04203,,36.13083733,75.14726731,3722.0,14.47918827518448,0.000189287,2026-09-01T06:54:27.896595+00:00
PKGL-04204,,36.13592715,75.16006671,3803.0,15.417303593925498,0.003533397,2026-09-01T06:54:27.896595+00:00
PKGL-04205,,36.13590609,75.15947565,3782.0,15.36666764260627,0.001747784,2026-09-01T06:54:27.896595+00:00
PKGL-04206,,36.13557114,75.15914158,3772.0,15.347491649553564,0.000806522,2026-09-01T06:54:27.896595+00:00
PKGL-04207,,36.13614969,75.15778333,3777.0,15.212896254643052,0.00066083,2026-09-01T06:54:27.896595+00:00
PKGL-04208,,36.13661526,75.15755051,3785.0,15.17922625149598,0.001402709,2026-09-01T06:54:27.896595+00:00
PKGL-04209,,36.13702671,75.15623331,3782.0,15.053131045219772,0.001768893,2026-09-01T06:54:27.896595+00:00
PKGL-04210,,36.13714171,75.15335187,3773.0,14.799941639400195,0.001636708,2026-09-01T06:54:27.896595+00:00
PKGL-04211,,36.1371252,75.15453017,3776.0,14.902570775754276,0.000508469,2026-09-01T06:54:27.896595+00:00
PKGL-04212,,36.13784059,75.15532581,3787.0,14.95118301339398,0.014879975,2026-09-01T06:54:27.896595+00:00
PKGL-04213,,36.13899245,75.1549524,3809.0,14.886681916116975,0.001709814,2026-09-01T06:54:27.896595+00:00
PKGL-04214,,36.13903738,75.15423308,3796.0,14.82285126246975,0.001237487,2026-09-01T06:54:27.896595+00:00
PKGL-04215,,36.14006794,75.15559972,3849.0,14.91412638854326,0.001565611,2026-09-01T06:54:27.896595+00:00
PKGL-04216,,36.13983217,75.15111514,3778.0,14.5297172800249,0.000790423,2026-09-01T06:54:27.896595+00:00
PKGL-04217,,36.13984304,75.149689,3781.0,14.405319534007011,0.001877669,2026-09-01T06:54:27.896595+00:00
PKGL-04218,,36.13975025,75.14605416,3761.0,14.091959053255616,0.001484,2026-09-01T06:54:27.896595+00:00
PKGL-04219,,36.1392277,75.15007963,3778.0,14.456383450763315,0.000364774,2026-09-01T06:54:27.896595+00:00
PKGL-04220,,36.13799092,75.14683811,3759.0,14.210802635876377,0.000931988,2026-09-01T06:54:27.896595+00:00
PKGL-04221,,36.1389553,75.14690832,3760.0,14.188764342177905,0.000177911,2026-09-01T06:54:27.896595+00:00
PKGL-04222,,36.13622265,75.14749846,3742.0,14.321291502165268,0.001301137,2026-09-01T06:54:27.896595+00:00
PKGL-04223,,36.12846967,75.14512121,3722.0,14.382814656677766,0.000440417,2026-09-01T06:54:27.896595+00:00
PKGL-04224,,36.1418759,75.1484739,3807.0,14.244857600272708,0.001412236,2026-09-01T06:54:27.896595+00:00
PKGL-04225,,36.14157259,75.1497673,3808.0,14.365674165394248,0.001050723,2026-09-01T06:54:27.896595+00:00
PKGL-04226,,36.14103848,75.15101813,3813.0,14.488848767762788,0.001773514,2026-09-01T06:54:27.896595+00:00
PKGL-04227,,36.14074468,75.15155672,3813.0,14.543599467425148,0.000433581,2026-09-01T06:54:27.896595+00:00
PKGL-04228,,36.14001415,75.15330675,3810.0,14.715656062896828,0.000751831,2026-09-01T06:54:27.896595+00:00
PKGL-04229,,36.14036077,75.15242982,3806.0,14.629944067225344,0.001306719,2026-09-01T06:54:27.896595+00:00
PKGL-04230,,35.76997818,76.41534873,4419.0,35.929486264681195,0.001009088,2026-09-01T06:54:27.896595+00:00
PKGL-04231,,35.77904101,76.43497467,5386.0,37.21715809086773,0.000791514,2026-09-01T06:54:27.896595+00:00
PKGL-04232,,35.73462559,76.35171899,4187.0,31.628694315077063,0.001468851,2026-09-01T06:54:27.896595+00:00
PKGL-04233,,35.79230923,76.38280419,4998.0,38.10320516387301,0.021733455,2026-09-01T06:54:27.896595+00:00
PKGL-04234,,35.79783522,76.39750048,4640.0,38.81596033144361,0.002790359,2026-09-01T06:54:27.896595+00:00
PKGL-04235,,35.76117499,76.31720852,4179.0,34.77247813297206,0.000726022,2026-09-01T06:54:27.896595+00:00
PKGL-04236,,35.76027443,76.31804014,4173.0,34.66498012890628,0.000356949,2026-09-01T06:54:27.896595+00:00
PKGL-04237,,35.75898169,76.31879045,4167.0,34.514979719526245,0.000494327,2026-09-01T06:54:27.896595+00:00
PKGL-04238,,35.77024984,76.31272198,4233.0,35.82013815078218,0.000523525,2026-09-01T06:54:27.896595+00:00
PKGL-04239,,35.74467239,76.24039621,3943.0,34.42616757295283,0.000852233,2026-09-01T06:54:27.896595+00:00
PKGL-04240,,35.73950365,76.24086869,3887.0,33.86675091229496,0.001868032,2026-09-01T06:54:27.896595+00:00
PKGL-04241,,35.73964603,76.24754663,3905.0,33.697803298337035,0.001127898,2026-09-01T06:54:27.896595+00:00
PKGL-04242,,35.73905615,76.24989975,3924.0,33.57257511476378,0.001325855,2026-09-01T06:54:27.896595+00:00
PKGL-04243,,35.73869545,76.27621074,3992.0,32.91905246757506,0.00349666,2026-09-01T06:54:27.896595+00:00
PKGL-04244,,35.74546322,76.28229333,4017.0,33.53600669646026,0.000558818,2026-09-01T06:54:27.896595+00:00
PKGL-04245,,35.72995115,76.28731479,4017.0,31.7550253218918,0.002416529,2026-09-01T06:54:27.896595+00:00
PKGL-04246,,35.73131889,76.29514339,4023.0,31.76959538840756,0.000345439,2026-09-01T06:54:27.896595+00:00
PKGL-04247,,35.61272825,76.23591119,4985.0,21.18255399869229,0.006828446,2026-09-01T06:54:27.896595+00:00
PKGL-04248,,35.62279889,76.21679852,5434.0,23.057134827022647,0.006850999,2026-09-01T06:54:27.896595+00:00
PKGL-04249,,35.62167995,76.21885737,5325.0,22.85051263563689,0.010117214,2026-09-01T06:54:27.896595+00:00
PKGL-04250,,35.62686129,76.24706821,5199.0,22.05996362905186,0.003424589,2026-09-01T06:54:27.896595+00:00
PKGL-04251,,35.71007961,76.20347988,3733.0,32.09883972180929,0.000782911,2026-09-01T06:54:27.896595+00:00
PKGL-04252,,35.742258,76.18345613,3951.0,31.432554905710724,0.00208897,2026-09-01T06:54:27.896595+00:00
PKGL-04253,,35.7422398,76.18167893,3953.0,31.27836142795715,0.000519628,2026-09-01T06:54:27.896595+00:00
PKGL-04254,,35.74370604,76.18187165,3952.0,31.342406508724125,0.000311115,2026-09-01T06:54:27.896595+00:00
PKGL-04255,,35.72738204,76.19156008,3792.0,31.70926223228949,0.000933549,2026-09-01T06:54:27.896595+00:00
PKGL-04256,,35.7270645,76.19771212,3783.0,32.24161988506497,0.000657565,2026-09-01T06:54:27.896595+00:00
PKGL-04257,,35.72705569,76.19910868,3779.0,32.36417612059566,0.000299357,2026-09-01T06:54:27.896595+00:00
PKGL-04258,,35.72760351,76.19781994,3790.0,32.26477188824192,0.000833614,2026-09-01T06:54:27.896595+00:00
PKGL-04259,,35.72632354,76.20242614,3776.0,32.63776345450189,0.000768615,2026-09-01T06:54:27.896595+00:00
PKGL-04260,,35.72692688,76.20296141,3779.0,32.69981560186885,0.000928567,2026-09-01T06:54:27.896595+00:00
PKGL-04261,,35.75257367,76.17781228,4043.0,31.29875496767424,0.020226711,2026-09-01T06:54:27.896595+00:00
PKGL-04262,,35.75466016,76.22645379,4097.0,35.545989996973454,0.001548378,2026-09-01T06:54:27.896595+00:00
PKGL-04263,,35.75624303,76.22535896,4132.0,35.503497034250195,0.000665018,2026-09-01T06:54:27.896595+00:00
PKGL-04264,,35.75723726,76.22374098,4143.0,35.39732445391458,0.000792915,2026-09-01T06:54:27.896595+00:00
PKGL-04265,,35.75851308,76.22149217,4140.0,35.24719138213455,0.001013138,2026-09-01T06:54:27.896595+00:00
PKGL-04266,,35.77385168,76.20968161,4265.0,34.811321308839936,0.00058019,2026-09-01T06:54:27.896595+00:00
PKGL-04267,,35.77404356,76.21024228,4275.0,34.86619203566938,0.001581068,2026-09-01T06:54:27.896595+00:00
PKGL-04268,,35.77340352,76.21313064,4253.0,35.084056914829546,0.000886023,2026-09-01T06:54:27.896595+00:00
PKGL-04269,,35.77568852,76.21693202,4233.0,35.49512459023645,0.001119697,2026-09-01T06:54:27.896595+00:00
PKGL-04270,,35.77843309,76.21625216,4282.0,35.54864905966608,0.003051929,2026-09-01T06:54:27.896595+00:00
PKGL-04271,,35.79340642,76.18784241,4713.0,33.86699943596477,0.002066831,2026-09-01T06:54:27.896595+00:00
PKGL-04272,,35.79355268,76.1845028,5103.0,33.60306351542389,0.003312098,2026-09-01T06:54:27.896595+00:00
PKGL-04273,,35.79383251,76.18568866,4992.0,33.71284354478876,0.001457985,2026-09-01T06:54:27.896595+00:00
PKGL-04274,,35.75433872,76.16958069,4096.0,30.663048690852385,0.00127526,2026-09-01T06:54:27.896595+00:00
PKGL-04275,,35.75399922,76.16686799,4104.0,30.41995521434497,0.000877303,2026-09-01T06:54:27.896595+00:00
PKGL-04276,,35.75464398,76.16536153,4111.0,30.31666863580068,0.000412481,2026-09-01T06:54:27.896595+00:00
PKGL-04277,,35.75566026,76.16568538,4116.0,30.38305705892102,0.000441328,2026-09-01T06:54:27.896595+00:00
PKGL-04278,,35.75896145,76.16498337,4134.0,30.45292011598443,0.000855037,2026-09-01T06:54:27.896595+00:00
PKGL-04279,,35.76004663,76.15694617,4195.0,29.82109903030567,0.000350778,2026-09-01T06:54:27.896595+00:00
PKGL-04280,,35.75964708,76.15899239,4180.0,29.976489444338885,0.000382335,2026-09-01T06:54:27.896595+00:00
PKGL-04281,,35.76637812,76.14706086,4295.0,29.26866855763944,0.000552888,2026-09-01T06:54:27.896595+00:00
PKGL-04282,,35.76821282,76.14653519,4300.0,29.30759408938042,0.000357782,2026-09-01T06:54:27.896595+00:00
PKGL-04283,,35.54586037,76.00351561,4118.0,15.6997388315302,0.00286762,2026-09-01T06:54:27.896595+00:00
PKGL-04284,,35.77572687,76.12374717,4650.0,27.81548943316028,0.000743929,2026-09-01T06:54:27.896595+00:00
PKGL-04285,,35.79492613,76.09127804,4972.0,26.39287120663956,0.001391692,2026-09-01T06:54:27.896595+00:00
PKGL-04286,,35.92687784,76.08267011,4760.0,36.21825988894139,0.002181167,2026-09-01T06:54:27.896595+00:00
PKGL-04287,,35.92588609,76.09270786,4763.0,36.71969742402877,0.000834057,2026-09-01T06:54:27.896595+00:00
PKGL-04288,,35.92636423,76.09275778,4771.0,36.76505433844908,0.000315866,2026-09-01T06:54:27.896595+00:00
PKGL-04289,,35.92587087,76.09377035,4782.0,36.77550926271777,0.000525335,2026-09-01T06:54:27.896595+00:00
PKGL-04290,,35.9303765,76.08556798,4827.0,36.68277166229128,0.000975747,2026-09-01T06:54:27.896595+00:00
PKGL-04291,,35.93006344,76.08573884,4822.0,36.66674148776151,0.000281351,2026-09-01T06:54:27.896595+00:00
PKGL-04292,,35.93077122,76.0857528,4831.0,36.72675465182488,0.000254313,2026-09-01T06:54:27.896595+00:00
PKGL-04293,,35.92941717,76.08426297,4813.0,36.52511091751911,0.0003988,2026-09-01T06:54:27.896595+00:00
PKGL-04294,,35.91813024,76.06086016,4558.0,34.201364102461326,0.007143944,2026-09-01T06:54:27.896595+00:00
PKGL-04295,,35.9253755,76.02189612,4201.0,32.72683063817223,0.001041937,2026-09-01T06:54:27.896595+00:00
PKGL-04296,,35.92731974,76.01827686,4197.0,32.72442288584505,0.002845662,2026-09-01T06:54:27.896595+00:00
PKGL-04297,,35.92775799,76.01686474,4195.0,32.69499152936777,0.001572744,2026-09-01T06:54:27.896595+00:00
PKGL-04298,,35.92133662,76.02209087,4195.0,32.36660806117626,0.000552058,2026-09-01T06:54:27.896595+00:00
PKGL-04299,,35.91630552,76.01340828,4158.0,31.463083773315983,0.001439737,2026-09-01T06:54:27.896595+00:00
PKGL-04300,,35.91733417,76.01186954,4155.0,31.48051349594572,0.005617465,2026-09-01T06:54:27.896595+00:00
PKGL-04301,,35.91828286,76.01337585,4175.0,31.64368711689865,0.000477728,2026-09-01T06:54:27.896595+00:00
PKGL-04302,,35.91802571,76.01287697,4168.0,31.5949020409804,0.005235788,2026-09-01T06:54:27.896595+00:00
PKGL-04303,,35.91822932,76.01177299,4152.0,31.5584433625952,0.001517903,2026-09-01T06:54:27.896595+00:00
PKGL-04304,,35.92872525,76.0277795,4229.0,33.333672106659925,0.005701696,2026-09-01T06:54:27.896595+00:00
PKGL-04305,,35.93086656,76.02733046,4214.0,33.50697768494771,0.001681521,2026-09-01T06:54:27.896595+00:00
PKGL-04306,,35.93203371,76.0199962,4221.0,33.24715819347284,0.000745495,2026-09-01T06:54:27.896595+00:00
PKGL-04307,,35.93637583,76.0262171,4188.0,33.95879521914691,0.010364638,2026-09-01T06:54:27.896595+00:00
PKGL-04308,,35.93889823,76.02544369,4210.0,34.154399653031334,0.001819784,2026-09-01T06:54:27.896595+00:00
PKGL-04309,,35.94983994,76.02962879,4278.0,35.380007978968585,0.002601342,2026-09-01T06:54:27.896595+00:00
PKGL-04310,,35.94976995,76.03250397,4375.0,35.51402369375314,0.000867524,2026-09-01T06:54:27.896595+00:00
PKGL-04311,,35.95086954,76.02952699,4278.0,35.47145234628906,0.001150776,2026-09-01T06:54:27.896595+00:00
PKGL-04312,,35.95148152,76.02964774,4276.0,35.53464720234624,0.000427864,2026-09-01T06:54:27.896595+00:00
PKGL-04313,,35.95406122,76.02991688,4283.0,35.789711070879704,0.112496912,2026-09-01T06:54:27.896595+00:00
PKGL-04314,,35.95696222,76.01116539,4290.0,35.1958145706318,0.005304137,2026-09-01T06:54:27.896595+00:00
PKGL-04315,,35.95642284,76.01179968,4285.0,35.17213054859632,0.000547022,2026-09-01T06:54:27.896595+00:00
PKGL-04316,,35.95742988,76.0108444,4284.0,35.22668301029021,0.000921558,2026-09-01T06:54:27.896595+00:00
PKGL-04317,,35.96446269,76.02606119,4338.0,36.59262224738675,0.001612835,2026-09-01T06:54:27.896595+00:00
PKGL-04318,,35.96381174,76.02320551,4288.0,36.39895759906991,0.005579669,2026-09-01T06:54:27.896595+00:00
PKGL-04319,,35.96640302,76.0243751,4341.0,36.700574043995005,0.002955382,2026-09-01T06:54:27.896595+00:00
PKGL-04320,,35.96586631,76.02223975,4288.0,36.551788014701,0.001512015,2026-09-01T06:54:27.896595+00:00
PKGL-04321,,35.96063166,76.02706363,4309.0,36.27469437415609,0.006357352,2026-09-01T06:54:27.896595+00:00
PKGL-04322,,35.96874744,76.0224715,4364.0,36.83914293691483,0.000394531,2026-09-01T06:54:27.896595+00:00
PKGL-04323,,35.96926126,76.02280704,4368.0,36.903716761276655,0.001349201,2026-09-01T06:54:27.896595+00:00
PKGL-04324,,35.97031375,76.01988377,4336.0,36.87418107400681,0.009093403,2026-09-01T06:54:27.896595+00:00
PKGL-04325,,35.96984931,76.01753512,4298.0,36.725090314058185,0.001948484,2026-09-01T06:54:27.896595+00:00
PKGL-04326,,35.96803779,76.01596102,4303.0,36.48006791225351,0.004359195,2026-09-01T06:54:27.896595+00:00
PKGL-04327,,35.96994701,76.0151324,4314.0,36.62892690076618,0.002322341,2026-09-01T06:54:27.896595+00:00
PKGL-04328,,35.97023775,76.01305447,4315.0,36.56668939855383,0.003523893,2026-09-01T06:54:27.896595+00:00
PKGL-04329,,35.96993414,76.01408065,4311.0,36.58174536300383,0.000419282,2026-09-01T06:54:27.896595+00:00
PKGL-04330,,35.97099795,76.01351008,4320.0,36.660515727759154,0.001693641,2026-09-01T06:54:27.896595+00:00
PKGL-04331,,35.97119352,76.01457058,4319.0,36.72562871931783,0.003469181,2026-09-01T06:54:27.896595+00:00
PKGL-04332,,35.97267494,76.01339503,4328.0,36.8190593130392,0.000616791,2026-09-01T06:54:27.896595+00:00
PKGL-04333,,35.97564113,76.01761528,4351.0,37.29100559573555,0.004637564,2026-09-01T06:54:27.896595+00:00
PKGL-04334,,35.97875199,76.01381164,4332.0,37.431162466383206,0.001733708,2026-09-01T06:54:27.896595+00:00
PKGL-04335,,35.9761135,76.01378678,4335.0,37.17180782768064,0.000615168,2026-09-01T06:54:27.896595+00:00
PKGL-04336,,35.976202,76.01424133,4339.0,37.19994094410861,0.000275551,2026-09-01T06:54:27.896595+00:00
PKGL-04337,,35.97673338,76.01402535,4339.0,37.242649017167736,0.000457969,2026-09-01T06:54:27.896595+00:00
PKGL-04338,,35.97774907,76.01451577,4342.0,37.362989725612096,0.001129432,2026-09-01T06:54:27.896595+00:00
PKGL-04339,,35.97838348,76.0146502,4329.0,37.43081420957848,0.002935744,2026-09-01T06:54:27.896595+00:00
PKGL-04340,,35.98044264,76.00970678,4365.0,37.42455806149168,0.001821264,2026-09-01T06:54:27.896595+00:00
PKGL-04341,,35.96945715,76.00500914,4334.0,36.146579891988296,0.001050173,2026-09-01T06:54:27.896595+00:00
PKGL-04342,,35.97568143,76.05378643,4712.0,38.973709342749686,0.001474912,2026-09-01T06:54:27.896595+00:00
PKGL-04343,,35.97257201,76.05618457,4722.0,38.80389145118337,0.002679365,2026-09-01T06:54:27.896595+00:00
PKGL-04344,,35.98442027,76.00400024,4381.0,37.584800894327344,0.003644884,2026-09-01T06:54:27.896595+00:00
PKGL-04345,,35.98303537,75.97885175,4446.0,36.48797488125773,0.001587381,2026-09-01T06:54:27.896595+00:00
PKGL-04346,,35.98163254,75.98065787,4440.0,36.41024219029144,0.00070366,2026-09-01T06:54:27.896595+00:00
PKGL-04347,,35.99070632,75.99473561,4454.0,37.852144334206606,0.001186073,2026-09-01T06:54:27.896595+00:00
PKGL-04348,,35.9208078,76.00253035,4139.0,31.34687464808193,0.006304346,2026-09-01T06:54:27.896595+00:00
PKGL-04349,,35.94779822,76.01536539,4246.0,34.50847729189333,0.005981912,2026-09-01T06:54:27.896595+00:00
PKGL-04350,,35.93924172,76.01424185,4214.0,33.644078579047125,0.000907945,2026-09-01T06:54:27.896595+00:00
PKGL-04351,,35.93925931,76.01374749,4214.0,33.62230881840383,0.000688851,2026-09-01T06:54:27.896595+00:00
PKGL-04352,,35.93860954,76.01400757,4209.0,33.573227077471834,0.002215735,2026-09-01T06:54:27.896595+00:00
PKGL-04353,,35.93454548,76.01309273,4207.0,33.14628643421954,0.003662974,2026-09-01T06:54:27.896595+00:00
PKGL-04354,,35.69301598,75.90852027,3122.0,6.381454471597162,0.018752774,2026-09-01T06:54:27.896595+00:00
PKGL-04355,,35.68915287,75.90872964,3085.0,6.165746760502521,0.004504871,2026-09-01T06:54:27.896595+00:00
PKGL-04356,,35.68661076,75.90482502,3074.0,5.718305458595426,0.00037883,2026-09-01T06:54:27.896595+00:00
PKGL-04357,,35.70046935,75.91390731,3125.0,7.262063393894546,0.000557676,2026-09-01T06:54:27.896595+00:00
PKGL-04358,,35.70032207,75.91363482,3116.0,7.232574976506671,0.000634157,2026-09-01T06:54:27.896595+00:00
PKGL-04359,,35.70044068,75.90989,3153.0,6.975952228136799,0.001174916,2026-09-01T06:54:27.896595+00:00
PKGL-04360,,35.70106797,75.91063908,3161.0,7.072492912340128,0.00027407,2026-09-01T06:54:27.896595+00:00
PKGL-04361,,35.70263427,75.90803724,3173.0,7.007436346814314,0.001175971,2026-09-01T06:54:27.896595+00:00
PKGL-04362,,35.70206038,75.90770198,3175.0,6.942407707636763,0.000543943,2026-09-01T06:54:27.896595+00:00
PKGL-04363,,35.70145665,75.90629651,3178.0,6.802979569392222,0.000442997,2026-09-01T06:54:27.896595+00:00
PKGL-04364,,35.62100229,75.94627735,4243.0,9.738895729671814,0.001566009,2026-09-01T06:54:27.896595+00:00
PKGL-04365,,35.60646301,75.94704609,4412.0,10.62728674681736,0.000581373,2026-09-01T06:54:27.896595+00:00
PKGL-04366,,35.60137871,75.94558328,4475.0,10.852602461506514,0.000426614,2026-09-01T06:54:27.896595+00:00
PKGL-04367,,35.59415046,75.93263119,4972.0,10.498004915775043,0.000827933,2026-09-01T06:54:27.896595+00:00
PKGL-04368,,35.59286522,75.95387766,4534.0,12.0271073423378,0.001025019,2026-09-01T06:54:27.896595+00:00
PKGL-04369,,35.59235351,75.95400286,4535.0,12.07166405683867,0.002089096,2026-09-01T06:54:27.896595+00:00
PKGL-04370,,35.59856807,75.95326579,4481.0,11.595458608173455,0.002907249,2026-09-01T06:54:27.896595+00:00
PKGL-04371,,35.59817063,75.95353372,4493.0,11.641262188569977,0.000798153,2026-09-01T06:54:27.896595+00:00
PKGL-04372,,35.61720873,75.95053346,4285.0,10.274965794443895,0.000445104,2026-09-01T06:54:27.896595+00:00
PKGL-04373,,35.56801898,75.95233031,4815.0,13.833130274648427,0.000961923,2026-09-01T06:54:27.896595+00:00
PKGL-04374,,35.57254271,75.88263417,4507.0,10.226699772991852,0.004946993,2026-09-01T06:54:27.896595+00:00
PKGL-04375,,35.56953792,75.88037936,4562.0,10.492357860833858,0.000934559,2026-09-01T06:54:27.896595+00:00
PKGL-04376,,35.56283147,75.88809946,4585.0,11.4041098661756,0.000714465,2026-09-01T06:54:27.896595+00:00
PKGL-04377,,35.58464375,75.88579781,4403.0,9.043738896215205,0.000731704,2026-09-01T06:54:27.896595+00:00
PKGL-04378,,35.59308963,75.83501111,4297.0,7.636248480188478,0.001958264,2026-09-01T06:54:27.896595+00:00
PKGL-04379,,35.59267666,75.83584644,4286.0,7.668312265222586,0.000790617,2026-09-01T06:54:27.896595+00:00
PKGL-04380,,35.59472489,75.83657726,4281.0,7.432719157165702,0.000538864,2026-09-01T06:54:27.896595+00:00
PKGL-04381,,35.59321485,75.83621984,4286.0,7.6036614623087955,0.000390763,2026-09-01T06:54:27.896595+00:00
PKGL-04382,,35.59359947,75.8365626,4280.0,7.556381859693414,0.000326414,2026-09-01T06:54:27.896595+00:00
PKGL-04383,,35.59410966,75.83643879,4285.0,7.5022582311806385,0.00037834,2026-09-01T06:54:27.896595+00:00
PKGL-04384,,35.59330156,75.83850935,4296.0,7.56252635407889,0.00031508,2026-09-01T06:54:27.896595+00:00
PKGL-04385,,35.59446742,75.83852141,4289.0,7.434022133577312,0.00029686,2026-09-01T06:54:27.896595+00:00
PKGL-04386,,35.59532549,75.83883336,4297.0,7.335589437847278,0.000515071,2026-09-01T06:54:27.896595+00:00
PKGL-04387,,35.59581816,75.83917332,4296.0,7.27708475393904,0.000343194,2026-09-01T06:54:27.896595+00:00
PKGL-04388,,35.59597852,75.83830683,4282.0,7.270566580568752,0.000176286,2026-09-01T06:54:27.896595+00:00
PKGL-04389,,35.59658067,75.83721211,4271.0,7.21975018709359,0.000446276,2026-09-01T06:54:27.896595+00:00
PKGL-04390,,35.59664125,75.83674029,4277.0,7.220154866124264,0.000385814,2026-09-01T06:54:27.896595+00:00
PKGL-04391,,35.99638425,75.94898721,4593.0,36.90640414080024,0.000299374,2026-09-01T06:54:27.896595+00:00
PKGL-04392,,35.97186292,75.94916746,4788.0,34.34052482603175,0.00061195,2026-09-01T06:54:27.896595+00:00
PKGL-04393,,35.96970049,75.94828943,4825.0,34.08757881713372,0.000681825,2026-09-01T06:54:27.896595+00:00
PKGL-04394,,35.6356004,75.77766804,3823.0,4.769153304614921,0.001362211,2026-09-01T06:54:27.896595+00:00
PKGL-04395,,35.63666289,75.77838861,3803.0,4.645464550585484,0.004528478,2026-09-01T06:54:27.896595+00:00
PKGL-04396,,35.68091585,75.78077572,2894.0,0.3491383853251315,0.0014312,2026-09-01T06:54:27.896595+00:00
PKGL-04397,,35.68426646,75.7872472,2917.0,0.5588148088552624,0.000430687,2026-09-01T06:54:27.896595+00:00
PKGL-04398,,35.68436796,75.78563697,2898.0,0.5240440903576808,0.000589581,2026-09-01T06:54:27.896595+00:00
PKGL-04399,,35.68874935,75.78826508,2994.0,0.255635386862656,0.000748457,2026-09-01T06:54:27.896595+00:00
PKGL-04400,,35.68960465,75.78690967,3025.0,0.1430855068305462,0.000195436,2026-09-01T06:54:27.896595+00:00
PKGL-04401,,35.68991805,75.78636851,3029.0,0.1240486028360826,0.000400204,2026-09-01T06:54:27.896595+00:00
PKGL-04402,,35.69039128,75.78712064,3032.0,0.2090317025913592,0.000264212,2026-09-01T06:54:27.896595+00:00
PKGL-04403,,35.69069177,75.78675351,3036.0,0.2138700798323801,0.000120944,2026-09-01T06:54:27.896595+00:00
PKGL-04404,,35.6903811,75.78457078,3026.0,0.1657583472943579,0.000167548,2026-09-01T06:54:27.896595+00:00
PKGL-04405,,35.69154015,75.78662296,3053.0,0.2930406275090794,0.000274345,2026-09-01T06:54:27.896595+00:00
PKGL-04406,,35.69147009,75.78549722,3039.0,0.2659276664443251,0.00066979,2026-09-01T06:54:27.896595+00:00
PKGL-04407,,35.69056185,75.78384241,3032.0,0.220538322186211,0.000321926,2026-09-01T06:54:27.896595+00:00
PKGL-04408,,35.68677488,75.78408038,2961.0,0.285013485822264,0.000332411,2026-09-01T06:54:27.896595+00:00
PKGL-04409,,35.68684233,75.78453557,2974.0,0.2624203750149212,0.000602718,2026-09-01T06:54:27.896595+00:00
PKGL-04410,,35.68713797,75.78500607,2975.0,0.219721450654782,0.000494198,2026-09-01T06:54:27.896595+00:00
PKGL-04411,,35.68736205,75.7853706,2981.0,0.1910678645789302,0.000326857,2026-09-01T06:54:27.896595+00:00
PKGL-04412,,35.68845339,75.77541346,2958.0,0.9103195034570328,0.000644013,2026-09-01T06:54:27.896595+00:00
PKGL-04413,,35.83840212,75.77997949,3978.0,16.611378378264035,0.000629478,2026-09-01T06:54:27.896595+00:00
PKGL-04414,,35.8407176,75.78714508,3971.0,16.86215879534848,0.00168923,2026-09-01T06:54:27.896595+00:00
PKGL-04415,,35.84147328,75.78509151,3970.0,16.9455374179932,0.001740746,2026-09-01T06:54:27.896595+00:00
PKGL-04416,,35.83880384,75.79103508,3974.0,16.656263311865306,0.000407118,2026-09-01T06:54:27.896595+00:00
PKGL-04417,,35.83839034,75.79101157,3969.0,16.610241190435882,0.00024022,2026-09-01T06:54:27.896595+00:00
PKGL-04418,,35.84185938,75.78406481,3980.0,16.988905355803556,0.000402611,2026-09-01T06:54:27.896595+00:00
PKGL-04419,,35.84154643,75.7829428,3976.0,16.95516371088577,0.001224253,2026-09-01T06:54:27.896595+00:00
PKGL-04420,,35.84168964,75.78217978,3977.0,16.972148757618907,0.001329193,2026-09-01T06:54:27.896595+00:00
PKGL-04421,,35.84099282,75.78210717,3974.0,16.89479395845386,0.00049976,2026-09-01T06:54:27.896595+00:00
PKGL-04422,,35.84030757,75.7828623,3972.0,16.817521086138424,0.000176835,2026-09-01T06:54:27.896595+00:00
PKGL-04423,,35.83976217,75.78221467,3976.0,16.75780165137159,0.00020663,2026-09-01T06:54:27.896595+00:00
PKGL-04424,,35.83297198,75.74691993,4016.0,15.249732136552735,0.001326921,2026-09-01T06:54:27.896595+00:00
PKGL-04425,,35.83214465,75.74792767,4014.0,15.25609690336311,0.000856424,2026-09-01T06:54:27.896595+00:00
PKGL-04426,,35.83148097,75.74670617,4014.0,15.124757430115467,0.000679601,2026-09-01T06:54:27.896595+00:00
PKGL-04427,,35.8316895,75.74853581,4012.0,15.26370465385008,0.000741054,2026-09-01T06:54:27.896595+00:00
PKGL-04428,,35.83209458,75.74641889,4015.0,15.150896794489388,0.00055825,2026-09-01T06:54:27.896595+00:00
PKGL-04429,,35.82923722,75.74012117,4006.0,14.51684078938301,0.032445789,2026-09-01T06:54:27.896595+00:00
PKGL-04430,,35.82899089,75.74816885,4011.0,15.042192769303856,0.003698641,2026-09-01T06:54:27.896595+00:00
PKGL-04431,,35.82884569,75.74948352,4011.0,15.122062725386698,0.000661179,2026-09-01T06:54:27.896595+00:00
PKGL-04432,,35.82932914,75.74876781,4013.0,15.10767906516432,0.002319914,2026-09-01T06:54:27.896595+00:00
PKGL-04433,,35.82576634,75.75251918,4005.0,15.115385584812431,0.00105381,2026-09-01T06:54:27.896595+00:00
PKGL-04434,,35.82026294,75.76063787,4010.0,14.55722933168028,0.002288069,2026-09-01T06:54:27.896595+00:00
PKGL-04435,,35.8175645,75.76549348,3957.0,14.308925262140956,0.005963519,2026-09-01T06:54:27.896595+00:00
PKGL-04436,,35.81696898,75.76758873,3949.0,14.269170847787263,0.000432545,2026-09-01T06:54:27.896595+00:00
PKGL-04437,,35.8146444,75.77327623,3984.0,14.005517638230511,0.010050878,2026-09-01T06:54:27.896595+00:00
PKGL-04438,,35.80912151,75.7848671,3919.0,13.348260031997428,0.007076017,2026-09-01T06:54:27.896595+00:00
PKGL-04439,,35.80620224,75.78998363,3907.0,13.029929738866098,0.001140904,2026-09-01T06:54:27.896595+00:00
PKGL-04440,,35.80493799,75.79208592,3906.0,12.896819609383725,0.010512499,2026-09-01T06:54:27.896595+00:00
PKGL-04441,,35.80882008,75.78907656,3895.0,13.318625272911902,0.002782185,2026-09-01T06:54:27.896595+00:00
PKGL-04442,,35.80861722,75.78976475,3891.0,13.297742902114058,0.001792723,2026-09-01T06:54:27.896595+00:00
PKGL-04443,,35.79392973,75.80850932,3861.0,11.842976725254433,0.001899037,2026-09-01T06:54:27.896595+00:00
PKGL-04444,,35.79363599,75.80912928,3866.0,11.820805918558213,0.001165709,2026-09-01T06:54:27.896595+00:00
PKGL-04445,,35.7733491,75.82453615,3697.0,10.01218176981777,0.001142069,2026-09-01T06:54:27.896595+00:00
PKGL-04446,,35.77421437,75.82421683,3697.0,10.092252346709676,0.001836832,2026-09-01T06:54:27.896595+00:00
PKGL-04447,,35.77040425,75.82672598,3686.0,9.779984701452848,0.011228029,2026-09-01T06:54:27.896595+00:00
PKGL-04448,,35.76956499,75.82927155,3677.0,9.784355570841852,0.001044693,2026-09-01T06:54:27.896595+00:00
PKGL-04449,,35.7721865,75.82544026,3685.0,9.920698408244084,0.001297295,2026-09-01T06:54:27.896595+00:00
PKGL-04450,,35.76721409,75.82867069,3705.0,9.5235160085994,0.001601203,2026-09-01T06:54:27.896595+00:00
PKGL-04451,,35.76506309,75.83219479,3694.0,9.332205237908,0.003676362,2026-09-01T06:54:27.896595+00:00
PKGL-04452,,35.75327908,75.85224576,3558.0,8.515955126376632,0.002120874,2026-09-01T06:54:27.896595+00:00
PKGL-04453,,35.74851095,75.85773375,3528.0,8.228387097341665,0.002832942,2026-09-01T06:54:27.896595+00:00
PKGL-04454,,35.74927931,75.85714703,3528.0,8.2825482957145,0.009616001,2026-09-01T06:54:27.896595+00:00
PKGL-04455,,35.7608965,75.86297844,3568.0,9.675580141095354,0.000891778,2026-09-01T06:54:27.896595+00:00
PKGL-04456,,35.76238369,75.8643164,3571.0,9.876460908626733,0.000429713,2026-09-01T06:54:27.896595+00:00
PKGL-04457,,35.76210634,75.8646368,3564.0,9.86087217762498,0.000529615,2026-09-01T06:54:27.896595+00:00
PKGL-04458,,35.76366386,75.86312191,3565.0,9.960912776654895,0.002800408,2026-09-01T06:54:27.896595+00:00
PKGL-04459,,35.76970775,75.85690344,3677.0,10.374026301707538,0.00089993,2026-09-01T06:54:27.896595+00:00
PKGL-04460,,35.77331879,75.85208135,3647.0,10.618184758540613,0.001983683,2026-09-01T06:54:27.896595+00:00
PKGL-04461,,35.77650578,75.84997239,3642.0,10.90575479907956,0.000665435,2026-09-01T06:54:27.896595+00:00
PKGL-04462,,35.77736949,75.85005093,3645.0,11.000248732082662,0.000538551,2026-09-01T06:54:27.896595+00:00
PKGL-04463,,35.77653283,75.85136687,3621.0,10.94269546876319,0.000567518,2026-09-01T06:54:27.896595+00:00
PKGL-04464,,35.81806924,75.80526353,3887.0,14.45395027382425,0.001352869,2026-09-01T06:54:27.896595+00:00
PKGL-04465,,35.81886058,75.80581941,3889.0,14.547519974461146,0.000894005,2026-09-01T06:54:27.896595+00:00
PKGL-04466,,35.81922947,75.80304567,3902.0,14.558812423373508,0.000741009,2026-09-01T06:54:27.896595+00:00
PKGL-04467,,35.81953213,75.80557534,3888.0,14.618846821559288,0.000522572,2026-09-01T06:54:27.896595+00:00
PKGL-04468,,35.81935884,75.8059235,3889.0,14.603665987946528,0.000307489,2026-09-01T06:54:27.896595+00:00
PKGL-04469,,35.82607552,75.80235253,3910.0,15.309389940899925,0.001347829,2026-09-01T06:54:27.896595+00:00
PKGL-04470,,35.82935176,75.79936951,3939.0,15.648040655314016,0.000703158,2026-09-01T06:54:27.896595+00:00
PKGL-04471,,35.82956179,75.79914329,3938.0,15.669698560053329,0.00024406,2026-09-01T06:54:27.896595+00:00
PKGL-04472,,35.83195389,75.79687019,3951.0,15.92029963572075,0.000373752,2026-09-01T06:54:27.896595+00:00
PKGL-04473,,35.83192575,75.79750631,3952.0,15.92099158559791,0.000371811,2026-09-01T06:54:27.896595+00:00
PKGL-04474,,35.83142025,75.79728238,3950.0,15.863543212422355,0.000316037,2026-09-01T06:54:27.896595+00:00
PKGL-04475,,35.8317724,75.7967357,3951.0,15.899380314495891,0.000850169,2026-09-01T06:54:27.896595+00:00
PKGL-04476,,35.83217336,75.79650486,3952.0,15.942558654449364,0.000634193,2026-09-01T06:54:27.896595+00:00
PKGL-04477,,35.83801564,75.78019891,3976.0,16.567843466099735,0.001642071,2026-09-01T06:54:27.896595+00:00
PKGL-04478,,35.81840595,75.76816429,3938.0,14.434778900410237,0.025506903,2026-09-01T06:54:27.896595+00:00
PKGL-04479,,35.82113455,75.75156867,4010.0,14.597119408686837,0.015202103,2026-09-01T06:54:27.896595+00:00
PKGL-04480,,35.80518858,75.73227259,4347.0,12.280528739358934,0.000887088,2026-09-01T06:54:27.896595+00:00
PKGL-04481,,35.79558785,75.73010607,4533.0,11.526549831027896,0.000653921,2026-09-01T06:54:27.896595+00:00
PKGL-04482,,35.79545364,75.73044795,4526.0,11.544966170012977,0.000565723,2026-09-01T06:54:27.896595+00:00
PKGL-04483,,35.79380287,75.73211008,4542.0,11.578930590050977,0.000425576,2026-09-01T06:54:27.896595+00:00
PKGL-04484,,35.7939911,75.7323234,4542.0,11.606122281024794,0.000486868,2026-09-01T06:54:27.896595+00:00
PKGL-04485,,35.9128559,75.77612559,4858.0,23.652513716375545,0.00060196,2026-09-01T06:54:27.896595+00:00
PKGL-04486,,35.91318064,75.77656396,4865.0,23.704964861599883,0.000229156,2026-09-01T06:54:27.896595+00:00
PKGL-04487,,35.91358385,75.77710707,4891.0,23.770033528850256,0.00053707,2026-09-01T06:54:27.896595+00:00
PKGL-04488,,35.9041718,75.771018,4716.0,22.60235465963934,0.000488608,2026-09-01T06:54:27.896595+00:00
PKGL-04489,,35.91731059,75.71971064,4691.0,21.50933310257141,0.000471883,2026-09-01T06:54:27.896595+00:00
PKGL-04490,,35.91692227,75.7204586,4688.0,21.49790285438808,0.000284031,2026-09-01T06:54:27.896595+00:00
PKGL-04491,,35.91795984,75.71935056,4688.0,21.56182371436925,0.000413692,2026-09-01T06:54:27.896595+00:00
PKGL-04492,,35.91954925,75.71834913,4702.0,21.6866521723917,0.000378403,2026-09-01T06:54:27.896595+00:00
PKGL-04493,,35.92055659,75.71469959,4735.0,21.65943058980932,0.000494938,2026-09-01T06:54:27.896595+00:00
PKGL-04494,,35.91397237,75.72768759,4632.0,21.482463189565703,0.000687346,2026-09-01T06:54:27.896595+00:00
PKGL-04495,,35.88290813,75.77413646,4442.0,20.937649606902166,0.000642586,2026-09-01T06:54:27.896595+00:00
PKGL-04496,,35.88388909,75.77747558,4461.0,21.21830942522476,0.000593718,2026-09-01T06:54:27.896595+00:00
PKGL-04497,,35.88444325,75.776892,4456.0,21.22967403364344,0.000657384,2026-09-01T06:54:27.896595+00:00
PKGL-04498,,35.88703541,75.77695188,4457.0,21.45040643810271,0.000299935,2026-09-01T06:54:27.896595+00:00
PKGL-04499,,35.88742348,75.77299961,4440.0,21.25221503117685,0.000815287,2026-09-01T06:54:27.896595+00:00
PKGL-04500,,35.88723595,75.79152592,4552.0,22.040864785821284,0.000897764,2026-09-01T06:54:27.896595+00:00
PKGL-04501,,35.88815599,75.79072207,4555.0,22.14146530570488,0.000361992,2026-09-01T06:54:27.896595+00:00
PKGL-04502,,35.88436692,75.79877229,4698.0,21.748215570073345,0.000880265,2026-09-01T06:54:27.896595+00:00
PKGL-04503,,35.88868647,75.80605041,4675.0,22.272911011872484,0.002109663,2026-09-01T06:54:27.896595+00:00
PKGL-04504,,35.88957588,75.80672506,4673.0,22.376598296239457,0.000653019,2026-09-01T06:54:27.896595+00:00
PKGL-04505,,35.88932876,75.80522313,4663.0,22.33800453241779,0.000473471,2026-09-01T06:54:27.896595+00:00
PKGL-04506,,35.89139993,75.80334936,4652.0,22.55486159747337,0.000774647,2026-09-01T06:54:27.896595+00:00
PKGL-04507,,35.8924165,75.80123328,4626.0,22.65482666908473,0.000654597,2026-09-01T06:54:27.896595+00:00
PKGL-04508,,35.89256682,75.80146265,4632.0,22.672815798315263,0.000606513,2026-09-01T06:54:27.896595+00:00
PKGL-04509,,35.88689962,75.79995107,4654.0,22.03546372682897,0.001080472,2026-09-01T06:54:27.896595+00:00
PKGL-04510,,35.88629694,75.80085981,4652.0,21.97359545341147,0.001072084,2026-09-01T06:54:27.896595+00:00
PKGL-04511,,35.88717984,75.80051808,4651.0,22.06965560971799,0.000904455,2026-09-01T06:54:27.896595+00:00
PKGL-04512,,35.88694463,75.80205852,4649.0,22.052546520585544,0.017406742,2026-09-01T06:54:27.896595+00:00
PKGL-04513,,35.89143546,75.80697783,4669.0,22.58456594614184,0.000978181,2026-09-01T06:54:27.896595+00:00
PKGL-04514,,35.88217391,75.77825373,4452.0,21.12290522294489,0.000675505,2026-09-01T06:54:27.896595+00:00
PKGL-04515,,35.88337248,75.77685459,4464.0,21.13821096416272,0.000364617,2026-09-01T06:54:27.896595+00:00
PKGL-04516,,35.88154808,75.77268604,4415.0,20.737787935604263,0.000941512,2026-09-01T06:54:27.896595+00:00
PKGL-04517,,35.87121886,75.73752006,4109.0,17.862732440493794,0.001394624,2026-09-01T06:54:27.896595+00:00
PKGL-04518,,35.87522023,75.73632973,4104.0,18.16360596832459,0.000327506,2026-09-01T06:54:27.896595+00:00
PKGL-04519,,35.87188662,75.73812625,4112.0,17.954907301834545,0.00092549,2026-09-01T06:54:27.896595+00:00
PKGL-04520,,35.87107854,75.7390817,4111.0,17.933020384874606,0.000486282,2026-09-01T06:54:27.896595+00:00
PKGL-04521,,35.8663795,75.74327939,4073.0,17.746391759779318,0.001002371,2026-09-01T06:54:27.896595+00:00
PKGL-04522,,35.86632974,75.74181464,4080.0,17.66057022655959,0.000698831,2026-09-01T06:54:27.896595+00:00
PKGL-04523,,35.86740299,75.74103139,4092.0,17.711739560988942,0.000580528,2026-09-01T06:54:27.896595+00:00
PKGL-04524,,35.86755716,75.74140503,4090.0,17.745852942491965,0.000337036,2026-09-01T06:54:27.896595+00:00
PKGL-04525,,35.86793296,75.74085701,4096.0,17.748964168194018,0.0005511,2026-09-01T06:54:27.896595+00:00
PKGL-04526,,35.86745173,75.73981413,4093.0,17.649445377687318,0.00054936,2026-09-01T06:54:27.896595+00:00
PKGL-04527,,35.86679857,75.74116278,4084.0,17.665727850485972,0.00043242,2026-09-01T06:54:27.896595+00:00
PKGL-04528,,35.86737585,75.74251563,4087.0,17.79115419960634,0.000455896,2026-09-01T06:54:27.896595+00:00
PKGL-04529,,35.86716585,75.74554508,4055.0,17.941818855769842,0.000758617,2026-09-01T06:54:27.896595+00:00
PKGL-04530,,35.86699637,75.74656927,4043.0,17.984889636521174,0.003597965,2026-09-01T06:54:27.896595+00:00
PKGL-04531,,35.86617724,75.74703898,4068.0,17.94078678509777,0.001810641,2026-09-01T06:54:27.896595+00:00
PKGL-04532,,35.86341504,75.7520828,4049.0,17.998084814674293,0.003615079,2026-09-01T06:54:27.896595+00:00
PKGL-04533,,35.86198466,75.75127052,4052.0,17.830019481609423,0.00212912,2026-09-01T06:54:27.896595+00:00
PKGL-04534,,35.86200235,75.75225365,4050.0,17.88983059613736,0.001578274,2026-09-01T06:54:27.896595+00:00
PKGL-04535,,35.86143402,75.75323267,4046.0,17.900876282613876,0.000362282,2026-09-01T06:54:27.896595+00:00
PKGL-04536,,35.86185856,75.75318745,4048.0,17.933487621721167,0.000199709,2026-09-01T06:54:27.896595+00:00
PKGL-04537,,35.86199436,75.75431147,4037.0,18.012057360864357,0.00041431,2026-09-01T06:54:27.896595+00:00
PKGL-04538,,35.86141257,75.75447702,4042.0,17.97378912844453,0.000680754,2026-09-01T06:54:27.896595+00:00
PKGL-04539,,35.86116484,75.75396312,4046.0,17.922364948501144,0.000948159,2026-09-01T06:54:27.896595+00:00
PKGL-04540,,35.86048774,75.75526063,4042.0,17.94482034941555,0.001667347,2026-09-01T06:54:27.896595+00:00
PKGL-04541,,35.86001945,75.75549564,4041.0,17.92062235044899,0.00141068,2026-09-01T06:54:27.896595+00:00
PKGL-04542,,35.86082607,75.75565135,4038.0,17.996342767033926,0.001368163,2026-09-01T06:54:27.896595+00:00
PKGL-04543,,35.86063225,75.75892119,4038.0,18.180175067657792,0.000942143,2026-09-01T06:54:27.896595+00:00
PKGL-04544,,35.85973779,75.75637102,4038.0,17.950935655378455,0.00103758,2026-09-01T06:54:27.896595+00:00
PKGL-04545,,35.85998377,75.75705144,4033.0,18.012642393511882,0.00065548,2026-09-01T06:54:27.896595+00:00
PKGL-04546,,35.8602205,75.7567856,4035.0,18.01572032943406,0.000151908,2026-09-01T06:54:27.896595+00:00
PKGL-04547,,35.86037159,75.75630298,4036.0,17.998642038121886,0.000108116,2026-09-01T06:54:27.896595+00:00
PKGL-04548,,35.85946972,75.75762757,4034.0,18.00613015294509,0.000598453,2026-09-01T06:54:27.896595+00:00
PKGL-04549,,35.85907816,75.75705874,4037.0,17.939323521482077,0.000541804,2026-09-01T06:54:27.896595+00:00
PKGL-04550,,35.85854269,75.75525109,4039.0,17.784837476178136,0.001323711,2026-09-01T06:54:27.896595+00:00
PKGL-04551,,35.85807425,75.75397474,4040.0,17.668572596354696,0.00064586,2026-09-01T06:54:27.896595+00:00
PKGL-04552,,35.85886255,75.75289364,4045.0,17.66764398542748,0.000283488,2026-09-01T06:54:27.896595+00:00
PKGL-04553,,35.85943526,75.75321525,4040.0,17.734312540463762,0.000374853,2026-09-01T06:54:27.896595+00:00
PKGL-04554,,35.8596252,75.75382368,4040.0,17.786764113064386,0.000363652,2026-09-01T06:54:27.896595+00:00
PKGL-04555,,35.86038225,75.75333574,4044.0,17.819830336993835,0.000279188,2026-09-01T06:54:27.896595+00:00
PKGL-04556,,35.86061184,75.75278266,4046.0,17.805627505754213,0.000218526,2026-09-01T06:54:27.896595+00:00
PKGL-04557,,35.86092103,75.75245401,4049.0,17.811631309471167,0.000895268,2026-09-01T06:54:27.896595+00:00
PKGL-04558,,35.86275261,75.75376013,4038.0,18.042151804180083,0.000795852,2026-09-01T06:54:27.896595+00:00
PKGL-04559,,35.86241998,75.75360642,4040.0,18.00526088862557,0.000135545,2026-09-01T06:54:27.896595+00:00
PKGL-04560,,35.86303024,75.75153177,4052.0,17.93323183740392,0.000943739,2026-09-01T06:54:27.896595+00:00
PKGL-04561,,35.85839391,75.75731543,4035.0,17.89959923583134,0.001368106,2026-09-01T06:54:27.896595+00:00
PKGL-04562,,35.85810849,75.75761776,4032.0,17.895185386367196,0.000321428,2026-09-01T06:54:27.896595+00:00
PKGL-04563,,35.85819201,75.75898686,4030.0,17.98684917559761,0.000789687,2026-09-01T06:54:27.896595+00:00
PKGL-04564,,35.85877223,75.75806031,4033.0,17.97623942460223,0.000297437,2026-09-01T06:54:27.896595+00:00
PKGL-04565,,35.85734094,75.75759948,4030.0,17.8320980664003,0.000694908,2026-09-01T06:54:27.896595+00:00
PKGL-04566,,35.85704913,75.75830341,4030.0,17.852418299078735,0.000521643,2026-09-01T06:54:27.896595+00:00
PKGL-04567,,35.85677205,75.75809929,4029.0,17.8174458484592,0.000431058,2026-09-01T06:54:27.896595+00:00
PKGL-04568,,35.85723413,75.75923643,4033.0,17.925498967197484,0.000200062,2026-09-01T06:54:27.896595+00:00
PKGL-04569,,35.85750192,75.75958065,4033.0,17.96846565905125,0.000272446,2026-09-01T06:54:27.896595+00:00
PKGL-04570,,35.85674257,75.75639466,4033.0,17.70909621981539,0.000927185,2026-09-01T06:54:27.896595+00:00
PKGL-04571,,35.85728069,75.75552392,4036.0,17.698856295622647,0.000385697,2026-09-01T06:54:27.896595+00:00
PKGL-04572,,35.85782138,75.75674855,4034.0,17.81822414125955,0.000355604,2026-09-01T06:54:27.896595+00:00
PKGL-04573,,35.8578905,75.75477876,4041.0,17.702701106848714,0.000180562,2026-09-01T06:54:27.896595+00:00
PKGL-04574,,35.85663039,75.75723558,4028.0,17.75226401681492,0.00019374,2026-09-01T06:54:27.896595+00:00
PKGL-04575,,35.85638091,75.75983552,4028.0,17.894912782280127,0.000858444,2026-09-01T06:54:27.896595+00:00
PKGL-04576,,35.85600053,75.75906074,4028.0,17.815903564176175,0.006151481,2026-09-01T06:54:27.896595+00:00
PKGL-04577,,35.8557101,75.75874184,4030.0,17.7727144267433,0.000446295,2026-09-01T06:54:27.896595+00:00
PKGL-04578,,35.85609849,75.76001399,4027.0,17.88367443391093,0.0007561,2026-09-01T06:54:27.896595+00:00
PKGL-04579,,35.85487396,75.75928384,4031.0,17.740381888818177,0.001582342,2026-09-01T06:54:27.896595+00:00
PKGL-04580,,35.85524243,75.75993294,4028.0,17.810616015588167,0.000615584,2026-09-01T06:54:27.896595+00:00
PKGL-04581,,35.85499652,75.76004301,4028.0,17.798111416382433,0.000721651,2026-09-01T06:54:27.896595+00:00
PKGL-04582,,35.85513559,75.76043131,4029.0,17.833709714856354,0.000527269,2026-09-01T06:54:27.896595+00:00
PKGL-04583,,35.85502809,75.76094161,4030.0,17.857600456687905,0.000286906,2026-09-01T06:54:27.896595+00:00
PKGL-04584,,35.85433318,75.76117336,4029.0,17.817646706351468,0.000230031,2026-09-01T06:54:27.896595+00:00
PKGL-04585,,35.85400516,75.75962804,4030.0,17.693471974345943,0.000422176,2026-09-01T06:54:27.896595+00:00
PKGL-04586,,35.85586799,75.76587404,4031.0,18.2388936484098,0.002437403,2026-09-01T06:54:27.896595+00:00
PKGL-04587,,35.85269408,75.76839953,4023.0,18.15929456718021,0.003398473,2026-09-01T06:54:27.896595+00:00
PKGL-04588,,35.85151784,75.76654736,4014.0,17.948049504110895,0.000491584,2026-09-01T06:54:27.896595+00:00
PKGL-04589,,35.85328127,75.76758284,4025.0,18.15041913144943,0.000199539,2026-09-01T06:54:27.896595+00:00
PKGL-04590,,35.84199365,75.78363438,3981.0,17.004167699048356,0.002154475,2026-09-01T06:54:27.896595+00:00
PKGL-04591,,35.84226998,75.78279332,3984.0,17.035796986090148,0.000465914,2026-09-01T06:54:27.896595+00:00
PKGL-04592,,35.8427605,75.78228873,3984.0,17.091037316732884,0.003982618,2026-09-01T06:54:27.896595+00:00
PKGL-04593,,35.84258197,75.78087292,3980.0,17.073809767198604,0.000441696,2026-09-01T06:54:27.896595+00:00
PKGL-04594,,35.84342399,75.78013231,3986.0,17.169152819102187,0.000291286,2026-09-01T06:54:27.896595+00:00
PKGL-04595,,35.84339097,75.78113095,3987.0,17.16319404132625,0.000184382,2026-09-01T06:54:27.896595+00:00
PKGL-04596,,35.84297809,75.78141138,3984.0,17.116736701275713,0.002593441,2026-09-01T06:54:27.896595+00:00
PKGL-04597,,35.84487612,75.78184332,3972.0,17.326961865227734,0.035338029,2026-09-01T06:54:27.896595+00:00
PKGL-04598,,35.86381294,75.75097952,4057.0,17.966706143810157,0.00171983,2026-09-01T06:54:27.896595+00:00
PKGL-04599,,35.88106328,75.72404975,4122.0,18.111024984201897,0.000818357,2026-09-01T06:54:27.896595+00:00
PKGL-04600,,35.88598617,75.71018927,4140.0,17.99425043284039,0.005667419,2026-09-01T06:54:27.896595+00:00
PKGL-04601,,35.84186777,75.72946149,3999.0,14.852260627110493,0.060274533,2026-09-01T06:54:27.896595+00:00
PKGL-04602,,35.83930773,75.73186461,4034.0,14.783758123847017,0.009486029,2026-09-01T06:54:27.896595+00:00
PKGL-04603,,35.83817271,75.73393492,4040.0,14.817961689591405,0.003505885,2026-09-01T06:54:27.896595+00:00
PKGL-04604,,35.84097928,75.73283964,4043.0,14.980430226297406,0.000861294,2026-09-01T06:54:27.896595+00:00
PKGL-04605,,35.84207025,75.73147236,4036.0,14.988689325496727,0.000483641,2026-09-01T06:54:27.896595+00:00
PKGL-04606,,35.84305097,75.73028714,4032.0,15.000404489244747,0.001163899,2026-09-01T06:54:27.896595+00:00
PKGL-04607,,35.84319856,75.73089202,4041.0,15.048535889245729,0.000716759,2026-09-01T06:54:27.896595+00:00
PKGL-04608,,35.84354784,75.72959302,4034.0,15.001438337244757,0.000510111,2026-09-01T06:54:27.896595+00:00
PKGL-04609,,35.84375722,75.73049968,4041.0,15.072353628196815,0.000494089,2026-09-01T06:54:27.896595+00:00
PKGL-04610,,35.84371448,75.73074667,4042.0,15.083300946316818,0.000337825,2026-09-01T06:54:27.896595+00:00
PKGL-04611,,35.84402496,75.73200321,4041.0,15.18360860890594,0.000507044,2026-09-01T06:54:27.896595+00:00
PKGL-04612,,35.84427116,75.73071008,4042.0,15.128040895872378,0.000494721,2026-09-01T06:54:27.896595+00:00
PKGL-04613,,35.84408214,75.72987201,4038.0,15.062933322231244,0.000207142,2026-09-01T06:54:27.896595+00:00
PKGL-04614,,35.8378465,75.72978571,4024.0,14.53745489220102,0.037823744,2026-09-01T06:54:27.896595+00:00
PKGL-04615,,35.8338348,75.73281997,4070.0,14.399983579944813,0.001726356,2026-09-01T06:54:27.896595+00:00
PKGL-04616,,35.8335696,75.73207841,4075.0,14.332236537150964,0.001493796,2026-09-01T06:54:27.896595+00:00
PKGL-04617,,35.83336398,75.73247717,4073.0,14.34092823955358,0.000331869,2026-09-01T06:54:27.896595+00:00
PKGL-04618,,35.83232163,75.73145499,4080.0,14.193630096647857,0.000456763,2026-09-01T06:54:27.896595+00:00
PKGL-04619,,35.83258627,75.73754905,4039.0,14.6036126148434,0.006287341,2026-09-01T06:54:27.896595+00:00
PKGL-04620,,35.83279519,75.7391743,4023.0,14.725149955926984,0.000889876,2026-09-01T06:54:27.896595+00:00
PKGL-04621,,35.83292345,75.74122059,4017.0,14.868569167081418,0.00145672,2026-09-01T06:54:27.896595+00:00
PKGL-04622,,35.83262295,75.74023778,4022.0,14.781266757078882,0.000350255,2026-09-01T06:54:27.896595+00:00
PKGL-04623,,35.83234678,75.74028809,4025.0,14.763431944615206,0.000697642,2026-09-01T06:54:27.896595+00:00
PKGL-04624,,35.83257353,75.73988588,4023.0,14.754489168411736,0.00047333,2026-09-01T06:54:27.896595+00:00
PKGL-04625,,35.83374956,75.74093651,4025.0,14.913280586761273,0.00127646,2026-09-01T06:54:27.896595+00:00
PKGL-04626,,35.83318688,75.74541829,4023.0,15.165626139066518,0.000435793,2026-09-01T06:54:27.896595+00:00
PKGL-04627,,35.83535768,75.74198509,4027.0,15.10529522844799,0.000260149,2026-09-01T06:54:27.896595+00:00
PKGL-04628,,35.83478172,75.73795612,4028.0,14.800773449835935,0.000949663,2026-09-01T06:54:27.896595+00:00
PKGL-04629,,35.83483083,75.73881936,4028.0,14.859978021317326,0.000584011,2026-09-01T06:54:27.896595+00:00
PKGL-04630,,35.83552282,75.74016346,4027.0,15.000338307799232,0.000628892,2026-09-01T06:54:27.896595+00:00
PKGL-04631,,35.83634502,75.74751175,4019.0,15.54250186304544,0.000715649,2026-09-01T06:54:27.896595+00:00
PKGL-04632,,35.83715878,75.74795953,4024.0,15.633752229299906,0.000480486,2026-09-01T06:54:27.896595+00:00
PKGL-04633,,36.15466937,74.86163299,3435.0,9.304993448388172,0.004544824,2026-09-01T06:54:27.896595+00:00
PKGL-04634,,36.08371316,75.01715932,4301.0,10.01640780791343,0.001531317,2026-09-01T06:54:27.896595+00:00
PKGL-04635,,36.08427837,75.01671176,4302.0,9.946668300679574,0.006415717,2026-09-01T06:54:27.896595+00:00
PKGL-04636,,36.08536731,75.01628433,4296.0,9.820316376969432,0.004769501,2026-09-01T06:54:27.896595+00:00
PKGL-04637,,36.11619132,75.00775798,4019.0,6.309048539126286,0.002349917,2026-09-01T06:54:27.896595+00:00
PKGL-04638,,36.24105726,74.98302783,4575.0,5.886134565038816,0.001278206,2026-09-01T06:54:27.896595+00:00
PKGL-04639,,36.08569638,75.01005985,4288.0,9.68673109235412,0.002450637,2026-09-01T06:54:27.896595+00:00
PKGL-04640,,36.03885751,74.6462599,3327.0,3.124943180163439,0.009830189,2026-09-01T06:54:27.896595+00:00
PKGL-04641,,36.06657303,74.64954436,3709.0,4.460214733438099,0.002666305,2026-09-01T06:54:27.896595+00:00
PKGL-04642,,36.00587076,74.80598795,3302.0,10.73801951888836,0.048501534,2026-09-01T06:54:27.896595+00:00
PKGL-04643,,35.80047602,75.01648272,3439.0,11.959299314434377,0.005576915,2026-09-01T06:54:27.896595+00:00
PKGL-04644,,35.79525782,75.02016192,3434.0,11.349130575687363,0.000814414,2026-09-01T06:54:27.896595+00:00
PKGL-04645,,35.77342514,75.0526871,3089.0,9.090135784357209,0.001532699,2026-09-01T06:54:27.896595+00:00
PKGL-04646,,35.77505802,75.05010233,3122.0,9.221291198340069,0.004679183,2026-09-01T06:54:27.896595+00:00
PKGL-04647,,35.77655872,75.04851455,3153.0,9.360142940674434,0.000893289,2026-09-01T06:54:27.896595+00:00
PKGL-04648,,35.77722911,75.0480404,3162.0,9.426591270228103,0.004639532,2026-09-01T06:54:27.896595+00:00
PKGL-04649,,35.78074332,75.04447856,3189.0,9.767393813154296,0.000462991,2026-09-01T06:54:27.896595+00:00
PKGL-04650,,35.7812678,75.04183151,3221.0,9.798740830323649,0.00049165,2026-09-01T06:54:27.896595+00:00
PKGL-04651,,35.79539607,75.02810842,3378.0,11.32479490547924,0.001025376,2026-09-01T06:54:27.896595+00:00
PKGL-04652,,35.80645125,74.99495948,3589.0,12.96588419773506,0.001489271,2026-09-01T06:54:27.896595+00:00
PKGL-04653,,35.79974115,75.08122107,3711.0,12.642170007360518,0.000346396,2026-09-01T06:54:27.896595+00:00
PKGL-04654,,35.80046114,75.0805539,3726.0,12.695653746080067,0.001096106,2026-09-01T06:54:27.896595+00:00
PKGL-04655,,35.80299088,75.07975323,3756.0,12.934622148375029,0.005695796,2026-09-01T06:54:27.896595+00:00
PKGL-04656,,35.80416962,75.08078117,3761.0,13.089462496846672,0.000859012,2026-09-01T06:54:27.896595+00:00
PKGL-04657,,35.80379767,75.08192257,3754.0,13.086373011494596,0.003328199,2026-09-01T06:54:27.896595+00:00
PKGL-04658,,35.80711864,75.07994221,3801.0,13.372821622328363,0.002487788,2026-09-01T06:54:27.896595+00:00
PKGL-04659,,35.80711847,75.08205259,3800.0,13.436796526258862,0.000947017,2026-09-01T06:54:27.896595+00:00
PKGL-04660,,35.80852629,75.0755644,3809.0,13.397060280044975,0.000589785,2026-09-01T06:54:27.896595+00:00
PKGL-04661,,35.80809043,75.07686104,3805.0,13.3864769222362,0.000406435,2026-09-01T06:54:27.896595+00:00
PKGL-04662,,35.81274329,75.07986395,3847.0,13.96252921140158,0.001268635,2026-09-01T06:54:27.896595+00:00
PKGL-04663,,35.81309798,75.08041387,3847.0,14.015641880947388,0.000374509,2026-09-01T06:54:27.896595+00:00
PKGL-04664,,35.81324632,75.07988911,3851.0,14.016331239154816,0.000840468,2026-09-01T06:54:27.896595+00:00
PKGL-04665,,35.81437834,75.07743453,3861.0,14.06844416562102,0.00058789,2026-09-01T06:54:27.896595+00:00
PKGL-04666,,35.81452619,75.07672137,3868.0,14.06516392619363,0.000631898,2026-09-01T06:54:27.896595+00:00
PKGL-04667,,35.81546066,75.07793834,3867.0,14.196860592012197,0.00076832,2026-09-01T06:54:27.896595+00:00
PKGL-04668,,35.81570371,75.07537654,3864.0,14.15566197269538,0.000860593,2026-09-01T06:54:27.896595+00:00
PKGL-04669,,35.81619762,75.07522095,3868.0,14.204409691777744,0.00038295,2026-09-01T06:54:27.896595+00:00
PKGL-04670,,35.81605043,75.08295487,3892.0,14.400183108379206,0.000676274,2026-09-01T06:54:27.896595+00:00
PKGL-04671,,35.81529464,75.08279751,3873.0,14.316104890182922,0.000509622,2026-09-01T06:54:27.896595+00:00
PKGL-04672,,35.77384397,75.23775136,4192.0,12.618372880273798,0.013588605,2026-09-01T06:54:27.896595+00:00
PKGL-04673,,35.73597914,75.25610654,4311.0,8.104998414723655,0.004989594,2026-09-01T06:54:27.896595+00:00
PKGL-04674,,35.64072787,75.75447351,4604.0,4.901236892634356,0.001284233,2026-09-01T06:54:27.896595+00:00
PKGL-04675,,35.66038135,75.67734635,4462.0,5.509676588013371,0.002286308,2026-09-01T06:54:27.896595+00:00
PKGL-04676,,35.67487232,75.6885334,4152.0,3.880547703246696,0.000510921,2026-09-01T06:54:27.896595+00:00
PKGL-04677,,35.99345304,74.99934358,4441.0,19.10654921576608,0.001111986,2026-09-01T06:54:27.896595+00:00
PKGL-04678,,35.96311169,75.11425258,3807.0,22.621623826464457,0.006127052,2026-09-01T06:54:27.896595+00:00
PKGL-04679,,35.96206243,75.11509146,3805.0,22.49984315578845,0.000739424,2026-09-01T06:54:27.896595+00:00
PKGL-04680,,35.95957259,75.12018102,3800.0,21.965321760183663,0.000712082,2026-09-01T06:54:27.896595+00:00
PKGL-04681,,35.95920794,75.11900148,3800.0,22.03998293178989,0.000629798,2026-09-01T06:54:27.896595+00:00
PKGL-04682,,35.95920514,75.1197812,3801.0,21.977848671709,0.002479473,2026-09-01T06:54:27.896595+00:00
PKGL-04683,,35.95820355,75.12093735,3797.0,21.83373835116659,0.000668187,2026-09-01T06:54:27.896595+00:00
PKGL-04684,,35.9554904,75.12469914,3780.0,21.393660946709726,0.000308091,2026-09-01T06:54:27.896595+00:00
PKGL-04685,,35.95602038,75.12482439,3784.0,21.41103333643822,0.000860284,2026-09-01T06:54:27.896595+00:00
PKGL-04686,,35.9545344,75.12754172,3771.0,21.11767449250694,0.001045078,2026-09-01T06:54:27.896595+00:00
PKGL-04687,,35.95430625,75.12939052,3774.0,20.9585673299711,0.000520401,2026-09-01T06:54:27.896595+00:00
PKGL-04688,,35.95392093,75.13014214,3772.0,20.87874000887797,0.001109482,2026-09-01T06:54:27.896595+00:00
PKGL-04689,,35.95357093,75.1289667,3769.0,20.954370391876267,0.000831707,2026-09-01T06:54:27.896595+00:00
PKGL-04690,,35.95357334,75.12934796,3770.0,20.924075599976387,0.000336205,2026-09-01T06:54:27.896595+00:00
PKGL-04691,,35.93508225,75.13482847,3715.0,19.599121990624923,0.00086979,2026-09-01T06:54:27.896595+00:00
PKGL-04692,,35.93540607,75.13410647,3716.0,19.673020279980104,0.000830255,2026-09-01T06:54:27.896595+00:00
PKGL-04693,,35.93389092,75.13735685,3715.0,19.337883188993786,0.000701135,2026-09-01T06:54:27.896595+00:00
PKGL-04694,,35.93142383,75.13552969,3707.0,19.38558949500484,0.001669968,2026-09-01T06:54:27.896595+00:00
PKGL-04695,,35.93116422,75.13607613,3706.0,19.32917411486059,0.001038302,2026-09-01T06:54:27.896595+00:00
PKGL-04696,,35.93013134,75.13504837,3705.0,19.37275840373531,0.000977295,2026-09-01T06:54:27.896595+00:00
PKGL-04697,,35.9298201,75.13369895,3706.0,19.47332155814765,0.00071128,2026-09-01T06:54:27.896595+00:00
PKGL-04698,,35.93103853,75.13242541,3703.0,19.629458000816808,0.000503051,2026-09-01T06:54:27.896595+00:00
PKGL-04699,,35.932545,75.12880581,3717.0,19.994091850137725,0.000547298,2026-09-01T06:54:27.896595+00:00
PKGL-04700,,35.93381299,75.12848352,3720.0,20.0733048674646,0.000904109,2026-09-01T06:54:27.896595+00:00
PKGL-04701,,35.93397278,75.12929995,3718.0,20.011800629285613,0.00119521,2026-09-01T06:54:27.896595+00:00
PKGL-04702,,35.93426306,75.12845238,3722.0,20.09464659625781,0.000486044,2026-09-01T06:54:27.896595+00:00
PKGL-04703,,35.93430339,75.12783351,3723.0,20.147978333663808,0.001499886,2026-09-01T06:54:27.896595+00:00
PKGL-04704,,35.93248408,75.12418959,3712.0,20.37870190266092,0.005355905,2026-09-01T06:54:27.896595+00:00
PKGL-04705,,35.93172076,75.1210414,3736.0,20.61328258365643,0.00360656,2026-09-01T06:54:27.896595+00:00
PKGL-04706,,35.92936079,75.12372723,3721.0,20.29514023233856,0.003153872,2026-09-01T06:54:27.896595+00:00
PKGL-04707,,35.9291311,75.12439165,3721.0,20.23017846729757,0.000723432,2026-09-01T06:54:27.896595+00:00
PKGL-04708,,35.92934209,75.12570242,3712.0,20.127581724386392,0.000762203,2026-09-01T06:54:27.896595+00:00
PKGL-04709,,35.92806727,75.12509781,3724.0,20.12990605261681,0.001307939,2026-09-01T06:54:27.896595+00:00
PKGL-04710,,35.92785411,75.12402282,3725.0,20.212912357601144,0.001855006,2026-09-01T06:54:27.896595+00:00
PKGL-04711,,35.98158662,75.04923188,4005.0,21.72813820988283,0.010711852,2026-09-01T06:54:27.896595+00:00
PKGL-04712,,35.98741673,75.01870175,4186.0,20.35064463662512,0.001329882,2026-09-01T06:54:27.896595+00:00
PKGL-04713,,35.98626162,75.02198747,4178.0,20.565178969669468,0.001010669,2026-09-01T06:54:27.896595+00:00
PKGL-04714,,35.95512705,75.0871651,3908.0,24.42212071638249,0.000618922,2026-09-01T06:54:27.896595+00:00
PKGL-04715,,35.97636929,75.09250572,3914.0,23.464531304191464,0.00092355,2026-09-01T06:54:27.896595+00:00
PKGL-04716,,35.97607815,75.09289399,3912.0,23.50767454360712,0.00064077,2026-09-01T06:54:27.896595+00:00
PKGL-04717,,35.98218688,75.0868889,3947.0,22.67618960336093,0.000660133,2026-09-01T06:54:27.896595+00:00
PKGL-04718,,35.98462608,75.0923765,3951.0,22.61188958949307,0.002888994,2026-09-01T06:54:27.896595+00:00
PKGL-04719,,35.98743389,75.08301901,3971.0,22.00596428260157,0.002851053,2026-09-01T06:54:27.896595+00:00
PKGL-04720,,35.98583722,75.08091691,3932.0,22.104248196655263,0.003722821,2026-09-01T06:54:27.896595+00:00
PKGL-04721,,35.9840783,75.08575643,3925.0,22.44316269390409,0.001064606,2026-09-01T06:54:27.896595+00:00
PKGL-04722,,35.97993496,75.09361311,3923.0,23.13586521960278,0.000774019,2026-09-01T06:54:27.896595+00:00
PKGL-04723,,35.98003649,75.09449205,3921.0,23.156076644918315,0.000584124,2026-09-01T06:54:27.896595+00:00
PKGL-04724,,35.97978433,75.09416005,3921.0,23.17033036820848,0.000672819,2026-09-01T06:54:27.896595+00:00
PKGL-04725,,35.98109852,75.09265663,3922.0,22.983320007820755,0.000453761,2026-09-01T06:54:27.896595+00:00
PKGL-04726,,35.94833519,75.13376875,3750.0,20.3042814671328,0.001636133,2026-09-01T06:54:27.896595+00:00
PKGL-04727,,35.90733595,75.11971658,3925.0,19.937252665597555,0.000467113,2026-09-01T06:54:27.896595+00:00
PKGL-04728,,35.95184442,75.0960931,3833.0,23.53953911830671,0.000786456,2026-09-01T06:54:27.896595+00:00
PKGL-04729,,35.95312803,75.09574553,3834.0,23.62603257774744,0.000469021,2026-09-01T06:54:27.896595+00:00
PKGL-04730,,35.95387092,75.09559535,3840.0,23.672174073870583,0.000436435,2026-09-01T06:54:27.896595+00:00
PKGL-04731,,35.9523732,75.10285534,3831.0,23.008234606104235,0.000544789,2026-09-01T06:54:27.896595+00:00
PKGL-04732,,35.95169872,75.10428299,3828.0,22.86019129552494,0.00081523,2026-09-01T06:54:27.896595+00:00
PKGL-04733,,35.95763466,75.06679774,4264.0,23.369867132358703,0.000396025,2026-09-01T06:54:27.896595+00:00
PKGL-04734,,35.97109536,75.07937878,3943.0,23.60036097288553,0.000683568,2026-09-01T06:54:27.896595+00:00
PKGL-04735,,35.97490725,75.06078921,4007.0,22.70341375112584,0.001469881,2026-09-01T06:54:27.896595+00:00
PKGL-04736,,35.97489105,75.06200334,3991.0,22.73414967072624,0.000387755,2026-09-01T06:54:27.896595+00:00
PKGL-04737,,35.96138057,75.02360872,4376.0,19.722132953667472,0.00080085,2026-09-01T06:54:27.896595+00:00
PKGL-04738,,35.97881213,75.06322279,3992.0,22.344525963830204,0.000455223,2026-09-01T06:54:27.896595+00:00
PKGL-04739,,35.97835632,75.06500027,3986.0,22.43799388814321,0.000463827,2026-09-01T06:54:27.896595+00:00
PKGL-04740,,35.98474496,75.06434105,3989.0,21.74036722739784,0.000595793,2026-09-01T06:54:27.896595+00:00
PKGL-04741,,35.98436513,75.06352883,3991.0,21.759789492091112,0.000712178,2026-09-01T06:54:27.896595+00:00
PKGL-04742,,35.9843823,75.06405814,3991.0,21.77162581879012,0.000616478,2026-09-01T06:54:27.896595+00:00
PKGL-04743,,35.98364685,75.0656626,3981.0,21.891809106395115,0.000648339,2026-09-01T06:54:27.896595+00:00
PKGL-04744,,35.98420539,75.05509109,4008.0,21.5721521464532,0.0004155,2026-09-01T06:54:27.896595+00:00
PKGL-04745,,35.98882018,75.07060138,3979.0,21.480152729725138,0.000997686,2026-09-01T06:54:27.896595+00:00
PKGL-04746,,35.98974679,75.06850613,3976.0,21.32283287344166,0.008362135,2026-09-01T06:54:27.896595+00:00
PKGL-04747,,35.99087307,75.06301568,4000.0,21.053777212921435,0.000700061,2026-09-01T06:54:27.896595+00:00
PKGL-04748,,35.99847542,75.05506439,4106.0,20.04051885447305,0.001449009,2026-09-01T06:54:27.896595+00:00
PKGL-04749,,35.99923943,75.05456563,4104.0,19.946562471010346,0.000915376,2026-09-01T06:54:27.896595+00:00
PKGL-04750,,35.9990289,75.05533625,4106.0,19.988010211466463,0.000639281,2026-09-01T06:54:27.896595+00:00
PKGL-04751,,36.00154792,75.05712836,4127.0,19.76427258116633,0.000744412,2026-09-01T06:54:27.896595+00:00
PKGL-04752,,36.00905946,75.06472219,4209.0,19.179790796513384,0.002114546,2026-09-01T06:54:27.896595+00:00
PKGL-04753,,36.00928562,75.0655141,4204.0,19.179703450831045,0.000740918,2026-09-01T06:54:27.896595+00:00
PKGL-04754,,36.00933667,75.06221797,4200.0,19.07744023436454,0.000537455,2026-09-01T06:54:27.896595+00:00
PKGL-04755,,36.01429953,75.06876664,4245.0,18.757427666448123,0.001083905,2026-09-01T06:54:27.896595+00:00
PKGL-04756,,36.01496721,75.06896988,4243.0,18.694642154024056,0.00227679,2026-09-01T06:54:27.896595+00:00
PKGL-04757,,36.01513271,75.06827416,4238.0,18.65507813242485,0.001262195,2026-09-01T06:54:27.896595+00:00
PKGL-04758,,35.99606233,75.04258402,4078.0,20.02586310329128,0.001887848,2026-09-01T06:54:27.896595+00:00
PKGL-04759,,35.99560043,75.04431734,4030.0,20.11030195081416,0.028310495,2026-09-01T06:54:27.896595+00:00
PKGL-04760,,36.21673383,75.12370118,4189.0,12.645176467482024,0.001048672,2026-09-01T06:54:27.896595+00:00
PKGL-04761,,36.21660579,75.12517245,4177.0,12.7610508256208,0.000594142,2026-09-01T06:54:27.896595+00:00
PKGL-04762,,36.21630135,75.12641772,4183.0,12.85099742942117,0.001292393,2026-09-01T06:54:27.896595+00:00
PKGL-04763,,36.21543013,75.12586926,4174.0,12.76857258216092,0.001116524,2026-09-01T06:54:27.896595+00:00
PKGL-04764,,36.21462926,75.1294815,4167.0,13.036383482572845,0.00126702,2026-09-01T06:54:27.896595+00:00
PKGL-04765,,36.21419182,75.12789791,4168.0,12.88635736042974,0.001247014,2026-09-01T06:54:27.896595+00:00
PKGL-04766,,36.21260145,75.1269224,4152.0,12.741081935420768,0.000459884,2026-09-01T06:54:27.896595+00:00
PKGL-04767,,36.21281348,75.12537501,4164.0,12.619861061042096,0.000668179,2026-09-01T06:54:27.896595+00:00
PKGL-04768,,36.21426891,75.12395084,4172.0,12.560500015171508,0.001065903,2026-09-01T06:54:27.896595+00:00
PKGL-04769,,36.21531924,75.12327218,4177.0,12.54850642530689,0.000592907,2026-09-01T06:54:27.896595+00:00
PKGL-04770,,36.20850185,75.12696466,4130.0,12.590120235551977,0.001366922,2026-09-01T06:54:27.896595+00:00
PKGL-04771,,36.20840535,75.12885157,4128.0,12.747045307251245,0.001150107,2026-09-01T06:54:27.896595+00:00
PKGL-04772,,36.20637039,75.12935558,4128.0,12.720003814189711,0.004016306,2026-09-01T06:54:27.896595+00:00
PKGL-04773,,36.20492779,75.13017451,4121.0,12.743000933979207,0.003401229,2026-09-01T06:54:27.896595+00:00
PKGL-04774,,36.20469394,75.12819724,4117.0,12.56564214741213,0.001665813,2026-09-01T06:54:27.896595+00:00
PKGL-04775,,36.20391112,75.13078094,4111.0,12.76317451848774,0.001923946,2026-09-01T06:54:27.896595+00:00
PKGL-04776,,36.20321701,75.13071828,4109.0,12.736486127505506,0.000829137,2026-09-01T06:54:27.896595+00:00
PKGL-04777,,36.20358439,75.13137882,4106.0,12.804676113376216,0.000580215,2026-09-01T06:54:27.896595+00:00
PKGL-04778,,36.20153773,75.13134928,4103.0,12.741465427151509,0.000512732,2026-09-01T06:54:27.896595+00:00
PKGL-04779,,36.19932418,75.13575348,4104.0,13.064106978903284,0.001377664,2026-09-01T06:54:27.896595+00:00
PKGL-04780,,36.2005333,75.13156246,4095.0,12.731600693663616,0.000426624,2026-09-01T06:54:27.896595+00:00
PKGL-04781,,36.19654021,75.12803945,4072.0,12.319620212083995,0.001172737,2026-09-01T06:54:27.896595+00:00
PKGL-04782,,36.19566704,75.12857244,4078.0,12.345145918711108,0.000961731,2026-09-01T06:54:27.896595+00:00
PKGL-04783,,36.19260135,75.12790237,4055.0,12.217751552984817,0.000983548,2026-09-01T06:54:27.896595+00:00
PKGL-04784,,36.19273701,75.12390138,4037.0,11.8682376963451,0.000596306,2026-09-01T06:54:27.896595+00:00
PKGL-04785,,36.1903179,75.12953403,4041.0,12.316936421911413,0.000863668,2026-09-01T06:54:27.896595+00:00
PKGL-04786,,36.18835387,75.13212508,4026.0,12.512592775078025,0.002644554,2026-09-01T06:54:27.896595+00:00
PKGL-04787,,36.1886659,75.13265398,4034.0,12.56463960670052,0.000441438,2026-09-01T06:54:27.896595+00:00
PKGL-04788,,36.18905229,75.12667369,4029.0,12.040838575035217,0.001839632,2026-09-01T06:54:27.896595+00:00
PKGL-04789,,36.18943876,75.12777209,4031.0,12.144993563257511,0.001197596,2026-09-01T06:54:27.896595+00:00
PKGL-04790,,36.18985905,75.12749472,4031.0,12.128014148849418,0.000516531,2026-09-01T06:54:27.896595+00:00
PKGL-04791,,36.18771824,75.12952043,4021.0,12.271086252965302,0.000829983,2026-09-01T06:54:27.896595+00:00
PKGL-04792,,36.18728605,75.12928873,4019.0,12.243717324868593,0.00114295,2026-09-01T06:54:27.896595+00:00
PKGL-04793,,36.18649877,75.1307048,4012.0,12.357805374159565,0.000909814,2026-09-01T06:54:27.896595+00:00
PKGL-04794,,36.18432857,75.1320121,4003.0,12.445123228786592,0.000888063,2026-09-01T06:54:27.896595+00:00
PKGL-04795,,36.18388949,75.13021473,3992.0,12.279439185111924,0.001186168,2026-09-01T06:54:27.896595+00:00
PKGL-04796,,36.18444071,75.12725256,4000.0,12.022116798014236,0.002016142,2026-09-01T06:54:27.896595+00:00
PKGL-04797,,36.18226427,75.12593645,3994.0,11.878970384923225,0.001082618,2026-09-01T06:54:27.896595+00:00
PKGL-04798,,36.17914036,75.13227131,3963.0,12.4177790208621,0.001162619,2026-09-01T06:54:27.896595+00:00
PKGL-04799,,36.18039491,75.13065353,3964.0,12.28276694405804,0.000387374,2026-09-01T06:54:27.896595+00:00
PKGL-04800,,36.17598285,75.13061093,3936.0,12.25117788138639,0.000739926,2026-09-01T06:54:27.896595+00:00
PKGL-04801,,36.1764625,75.12917078,3935.0,12.124095620610106,0.000362173,2026-09-01T06:54:27.896595+00:00
PKGL-04802,,36.17675505,75.12748948,3923.0,11.974729132297233,0.000314823,2026-09-01T06:54:27.896595+00:00
PKGL-04803,,36.17815684,75.12839392,3938.0,12.063753544730307,0.000533378,2026-09-01T06:54:27.896595+00:00
PKGL-04804,,36.17159942,75.12737815,3890.0,11.952821726240142,0.000671133,2026-09-01T06:54:27.896595+00:00
PKGL-04805,,36.17204541,75.12614694,3881.0,11.842251697878831,0.000386961,2026-09-01T06:54:27.896595+00:00
PKGL-04806,,36.16976253,75.12725784,3872.0,11.944416673945636,0.001067008,2026-09-01T06:54:27.896595+00:00
PKGL-04807,,36.16684827,75.12722748,3842.0,11.95265384073254,0.00158923,2026-09-01T06:54:27.896595+00:00
PKGL-04808,,36.16638585,75.12752354,3838.0,11.981741179508894,0.000592222,2026-09-01T06:54:27.896595+00:00
PKGL-04809,,36.16254825,75.12867641,3815.0,12.11440740006472,0.000610552,2026-09-01T06:54:27.896595+00:00
PKGL-04810,,36.15570227,75.13344775,3775.0,12.627445072339189,0.000774789,2026-09-01T06:54:27.896595+00:00
PKGL-04811,,36.15512794,75.13411002,3785.0,12.69554625556423,0.000529883,2026-09-01T06:54:27.896595+00:00
PKGL-04812,,36.15449324,75.13379376,3771.0,12.678074487234811,0.002170135,2026-09-01T06:54:27.896595+00:00
PKGL-04813,,36.15389702,75.13292215,3754.0,12.61112837514679,0.000544965,2026-09-01T06:54:27.896595+00:00
PKGL-04814,,36.15220363,75.13427839,3767.0,12.76239859546919,0.000423066,2026-09-01T06:54:27.896595+00:00
PKGL-04815,,36.15764442,75.12783078,3779.0,12.098283099911788,0.000803623,2026-09-01T06:54:27.896595+00:00
PKGL-04816,,36.2230309,75.11816296,4212.0,12.49260848465808,0.000605875,2026-09-01T06:54:27.896595+00:00
PKGL-04817,,36.22397046,75.11672923,4217.0,12.426516101636654,0.00031641,2026-09-01T06:54:27.896595+00:00
PKGL-04818,,36.16455093,75.30308393,4487.0,27.73770269708919,0.011367151,2026-09-01T06:54:27.896595+00:00
PKGL-04819,,36.16825487,75.30888736,4508.0,28.24891153271428,0.000550913,2026-09-01T06:54:27.896595+00:00
PKGL-04820,,36.154764,75.30620973,4474.0,28.07259874447509,0.000369737,2026-09-01T06:54:27.896595+00:00
PKGL-04821,,36.15500856,75.30609772,4475.0,28.060693229783027,0.000394503,2026-09-01T06:54:27.896595+00:00
PKGL-04822,,36.15084713,75.30738931,4459.0,28.21168970312072,0.00090656,2026-09-01T06:54:27.896595+00:00
PKGL-04823,,36.15098834,75.30785503,4458.0,28.25203590157969,0.000414253,2026-09-01T06:54:27.896595+00:00
PKGL-04824,,36.14989056,75.30887664,4452.0,28.35389694396672,0.00093628,2026-09-01T06:54:27.896595+00:00
PKGL-04825,,36.14865938,75.31569779,4432.0,28.97612926480745,0.001419034,2026-09-01T06:54:27.896595+00:00
PKGL-04826,,36.14788938,75.31388354,4418.0,28.82183962769336,0.000621904,2026-09-01T06:54:27.896595+00:00
PKGL-04827,,36.147975,75.31462768,4443.0,28.88746683043821,0.000493897,2026-09-01T06:54:27.896595+00:00
PKGL-04828,,36.14835927,75.3139836,4428.0,28.825913623785308,0.000468732,2026-09-01T06:54:27.896595+00:00
PKGL-04829,,36.14825025,75.31421948,4437.0,28.84812353384963,0.000306969,2026-09-01T06:54:27.896595+00:00
PKGL-04830,,36.1486467,75.31385061,4432.0,28.81108946454501,0.000782514,2026-09-01T06:54:27.896595+00:00
PKGL-04831,,36.14555502,75.31539272,4429.0,28.98222785803037,0.001483535,2026-09-01T06:54:27.896595+00:00
PKGL-04832,,36.1451074,75.31575723,4430.0,29.019928559907665,0.001000796,2026-09-01T06:54:27.896595+00:00
PKGL-04833,,36.14430602,75.31580764,4429.0,29.033847508331903,0.000867771,2026-09-01T06:54:27.896595+00:00
PKGL-04834,,36.14409601,75.31711219,4423.0,29.15281833124295,0.000798494,2026-09-01T06:54:27.896595+00:00
PKGL-04835,,36.1470449,75.30903052,4448.0,28.397177177354404,0.000315594,2026-09-01T06:54:27.896595+00:00
PKGL-04836,,36.14695085,75.30842702,4440.0,28.34429135023404,0.000547738,2026-09-01T06:54:27.896595+00:00
PKGL-04837,,36.14863886,75.30825178,4452.0,28.310591934307883,0.000278566,2026-09-01T06:54:27.896595+00:00
PKGL-04838,,36.14848279,75.30871899,4452.0,28.35397534282001,0.000294803,2026-09-01T06:54:27.896595+00:00
PKGL-04839,,36.14870535,75.30514457,4447.0,28.03212401623537,0.00098095,2026-09-01T06:54:27.896595+00:00
PKGL-04840,,36.1503222,75.30534714,4454.0,28.03401091188409,0.000678149,2026-09-01T06:54:27.896595+00:00
PKGL-04841,,36.14997192,75.3043294,4453.0,27.94640735427433,0.000838055,2026-09-01T06:54:27.896595+00:00
PKGL-04842,,36.14923041,75.30459838,4448.0,27.97789162828678,0.000658947,2026-09-01T06:54:27.896595+00:00
PKGL-04843,,36.14577977,75.30685797,4437.0,28.21740308144789,0.000418835,2026-09-01T06:54:27.896595+00:00
PKGL-04844,,36.14536943,75.30612641,4438.0,28.15688537991892,0.000954761,2026-09-01T06:54:27.896595+00:00
PKGL-04845,,36.14592966,75.30582551,4439.0,28.12346398053648,0.001146848,2026-09-01T06:54:27.896595+00:00
PKGL-04846,,36.14292444,75.31100603,4433.0,28.62232866332508,0.000678341,2026-09-01T06:54:27.896595+00:00
PKGL-04847,,36.14466005,75.30955589,4435.0,28.4715029475626,0.000405307,2026-09-01T06:54:27.896595+00:00
PKGL-04848,,36.14439697,75.30998923,4436.0,28.513353387884248,0.000620687,2026-09-01T06:54:27.896595+00:00
PKGL-04849,,36.14039407,75.31143808,4420.0,28.69428309000358,0.000412279,2026-09-01T06:54:27.896595+00:00
PKGL-04850,,36.1406769,75.31078914,4425.0,28.63257988795349,0.000977488,2026-09-01T06:54:27.896595+00:00
PKGL-04851,,36.13895549,75.31173148,4411.0,28.740617278307703,0.000422377,2026-09-01T06:54:27.896595+00:00
PKGL-04852,,36.14011007,75.30877023,4424.0,28.460518042603404,0.000634752,2026-09-01T06:54:27.896595+00:00
PKGL-04853,,36.1344137,75.31207686,4385.0,28.84077742776931,0.000580181,2026-09-01T06:54:27.896595+00:00
PKGL-04854,,36.13532223,75.31192657,4387.0,28.81284083029164,0.00063173,2026-09-01T06:54:27.896595+00:00
PKGL-04855,,36.13618773,75.31258871,4400.0,28.85815271779013,0.000563816,2026-09-01T06:54:27.896595+00:00
PKGL-04856,,36.13687976,75.31087541,4403.0,28.695138843572632,0.000563879,2026-09-01T06:54:27.896595+00:00
PKGL-04857,,36.13013501,75.31875182,4376.0,29.383123607907933,0.001637509,2026-09-01T06:54:27.896595+00:00
PKGL-04858,,36.12972008,75.31828484,4376.0,29.33918349327715,0.001894772,2026-09-01T06:54:27.896595+00:00
PKGL-04859,,36.13024385,75.31761827,4373.0,29.400498076575182,0.001829487,2026-09-01T06:54:27.896595+00:00
PKGL-04860,,36.12692357,75.31786005,4366.0,29.030666540359743,0.001582834,2026-09-01T06:54:27.896595+00:00
PKGL-04861,,36.12383184,75.32280141,4355.0,28.646552500755327,0.002109127,2026-09-01T06:54:27.896595+00:00
PKGL-04862,,36.12315278,75.31772636,4358.0,28.612640998918675,0.00150575,2026-09-01T06:54:27.896595+00:00
PKGL-04863,,36.12272133,75.31779269,4356.0,28.564411733800203,0.001407094,2026-09-01T06:54:27.896595+00:00
PKGL-04864,,36.12210549,75.31872383,4350.0,28.491574112110115,0.002905427,2026-09-01T06:54:27.896595+00:00
PKGL-04865,,36.12328265,75.32281749,4351.0,28.58692129995032,0.000876299,2026-09-01T06:54:27.896595+00:00
PKGL-04866,,36.12243721,75.32203256,4348.0,28.512731708824827,0.00187485,2026-09-01T06:54:27.896595+00:00
PKGL-04867,,36.11075744,75.31294199,4306.0,27.264650460891247,0.001251407,2026-09-01T06:54:27.896595+00:00
PKGL-04868,,36.10586537,75.31981054,4291.0,26.683122896081148,0.002432748,2026-09-01T06:54:27.896595+00:00
PKGL-04869,,36.10291812,75.31124681,4268.0,26.407355306128064,0.001742836,2026-09-01T06:54:27.896595+00:00
PKGL-04870,,36.10148143,75.31131272,4271.0,26.247652422085924,0.002422747,2026-09-01T06:54:27.896595+00:00
PKGL-04871,,36.09972082,75.31225751,4272.0,26.04568735975636,0.002503564,2026-09-01T06:54:27.896595+00:00
PKGL-04872,,36.09481191,75.32430666,4221.0,25.437061697252844,0.004580974,2026-09-01T06:54:27.896595+00:00
PKGL-04873,,36.08924391,75.3205428,4216.0,24.833989946059727,0.001887223,2026-09-01T06:54:27.896595+00:00
PKGL-04874,,36.08540878,75.31884956,4214.0,24.416818493169693,0.002453971,2026-09-01T06:54:27.896595+00:00
PKGL-04875,,36.08398402,75.32140968,4218.0,24.245859277931352,0.007615889,2026-09-01T06:54:27.896595+00:00
PKGL-04876,,36.08362683,75.323628,4224.0,24.19683389768455,0.00262306,2026-09-01T06:54:27.896595+00:00
PKGL-04877,,36.08447803,75.32055476,4216.0,24.30474907967105,0.002658724,2026-09-01T06:54:27.896595+00:00
PKGL-04878,,36.08365595,75.32015996,4212.0,24.215422198393863,0.001143916,2026-09-01T06:54:27.896595+00:00
PKGL-04879,,36.08330061,75.32071512,4213.0,24.173239681838577,0.000772336,2026-09-01T06:54:27.896595+00:00
PKGL-04880,,36.08296939,75.32123132,4213.0,24.13401136825217,0.000855846,2026-09-01T06:54:27.896595+00:00
PKGL-04881,,36.08130136,75.30487489,4186.0,24.070569346220125,0.002138187,2026-09-01T06:54:27.896595+00:00
PKGL-04882,,36.08107729,75.30298143,4181.0,24.06570149868344,0.001185736,2026-09-01T06:54:27.896595+00:00
PKGL-04883,,36.082707,75.30341912,4183.0,24.240941321588668,0.000791794,2026-09-01T06:54:27.896595+00:00
PKGL-04884,,36.08538466,75.30330904,4184.0,24.537786854963333,0.004005503,2026-09-01T06:54:27.896595+00:00
PKGL-04885,,36.0848236,75.30471636,4190.0,24.461336595068968,0.002178308,2026-09-01T06:54:27.896595+00:00
PKGL-04886,,36.08467003,75.30363604,4186.0,24.455442459945303,0.004568788,2026-09-01T06:54:27.896595+00:00
PKGL-04887,,36.08349277,75.30479753,4189.0,24.31347127499784,0.000709308,2026-09-01T06:54:27.896595+00:00
PKGL-04888,,36.08397221,75.30836771,4195.0,24.332552933108925,0.000891701,2026-09-01T06:54:27.896595+00:00
PKGL-04889,,36.08873176,75.30366034,4178.0,24.903841547724245,0.001305616,2026-09-01T06:54:27.896595+00:00
PKGL-04890,,36.08691566,75.30733297,4198.0,24.667526856186697,0.003809002,2026-09-01T06:54:27.896595+00:00
PKGL-04891,,36.08830317,75.30876325,4208.0,24.80837976689496,0.000960658,2026-09-01T06:54:27.896595+00:00
PKGL-04892,,36.08783879,75.30865177,4203.0,24.757944229271715,0.001014211,2026-09-01T06:54:27.896595+00:00
PKGL-04893,,36.07013617,75.3086357,4198.0,22.79960448461054,0.004318561,2026-09-01T06:54:27.896595+00:00
PKGL-04894,,36.07051302,75.30463474,4186.0,22.8816648724311,0.002689067,2026-09-01T06:54:27.896595+00:00
PKGL-04895,,36.07368608,75.30973004,4199.0,23.18228637030253,0.001211653,2026-09-01T06:54:27.896595+00:00
PKGL-04896,,36.0754753,75.30077407,4175.0,23.47277449886566,0.00162661,2026-09-01T06:54:27.896595+00:00
PKGL-04897,,36.0760646,75.30446374,4182.0,23.49642433905296,0.001215565,2026-09-01T06:54:27.896595+00:00
PKGL-04898,,36.13545183,75.20881558,4116.0,19.68810742524566,0.001649113,2026-09-01T06:54:27.896595+00:00
PKGL-04899,,36.13579513,75.20821187,4110.0,19.627188807362103,0.002613713,2026-09-01T06:54:27.896595+00:00
PKGL-04900,,36.15813707,75.21590676,4382.0,19.95948947674629,0.001132488,2026-09-01T06:54:27.896595+00:00
PKGL-04901,,35.9959471,75.25070546,4064.0,16.305318954136442,0.008223915,2026-09-01T06:54:27.896595+00:00
PKGL-04902,,35.99975153,75.25256019,3981.0,16.605225838162216,0.001185416,2026-09-01T06:54:27.896595+00:00
PKGL-04903,,36.00019435,75.25644528,3944.0,16.496044750726572,0.00076525,2026-09-01T06:54:27.896595+00:00
PKGL-04904,,36.00213604,75.25166154,3979.0,16.87855142500842,0.000623025,2026-09-01T06:54:27.896595+00:00
PKGL-04905,,36.00346055,75.23951123,4050.0,17.52129786165305,0.000912315,2026-09-01T06:54:27.896595+00:00
PKGL-04906,,36.00363276,75.23748932,4109.0,17.628042605716864,0.000903146,2026-09-01T06:54:27.896595+00:00
PKGL-04907,,36.00555417,75.25456944,3988.0,17.107011338722057,0.000648912,2026-09-01T06:54:27.896595+00:00
PKGL-04908,,36.00483448,75.25262442,3981.0,17.10987461218097,0.000957404,2026-09-01T06:54:27.896595+00:00
PKGL-04909,,36.00591826,75.25038284,4001.0,17.30651253657116,0.000863319,2026-09-01T06:54:27.896595+00:00
PKGL-04910,,36.01001837,75.2403242,4081.0,18.12519406857272,0.000789004,2026-09-01T06:54:27.896595+00:00
PKGL-04911,,36.01077527,75.23617422,4094.0,18.37764599303238,0.002482694,2026-09-01T06:54:27.896595+00:00
PKGL-04912,,36.01430047,75.23961016,4114.0,18.57616404416752,0.001057793,2026-09-01T06:54:27.896595+00:00
PKGL-04913,,36.02206909,75.22384249,4225.0,20.01714537904669,0.001528914,2026-09-01T06:54:27.896595+00:00
PKGL-04914,,36.02531442,75.21770603,4398.0,20.60807551886632,0.002007535,2026-09-01T06:54:27.896595+00:00
PKGL-04915,,35.99259421,75.26596836,3850.0,15.370259951653049,0.001727783,2026-09-01T06:54:27.896595+00:00
PKGL-04916,,35.99572801,75.26532773,3883.0,15.712411666101367,0.001233422,2026-09-01T06:54:27.896595+00:00
PKGL-04917,,35.98321445,75.14877209,4151.0,21.23259554884777,0.001613756,2026-09-01T06:54:27.896595+00:00
PKGL-04918,,35.9274086,75.180438,3569.0,15.506419989291862,0.001820543,2026-09-01T06:54:27.896595+00:00
PKGL-04919,,35.92727627,75.184813,3613.0,15.146696071383776,0.000602542,2026-09-01T06:54:27.896595+00:00
PKGL-04920,,35.92963207,75.1750728,3575.0,16.048994051783747,0.000728513,2026-09-01T06:54:27.896595+00:00
PKGL-04921,,35.92951078,75.17470157,3576.0,16.073139006084606,0.000443921,2026-09-01T06:54:27.896595+00:00
PKGL-04922,,35.9287955,75.17751199,3567.0,15.81082884613705,0.000398173,2026-09-01T06:54:27.896595+00:00
PKGL-04923,,35.93345139,75.16537004,3650.0,17.020354967473395,0.002497619,2026-09-01T06:54:27.896595+00:00
PKGL-04924,,35.93429092,75.1634876,3657.0,17.21361181847153,0.000641814,2026-09-01T06:54:27.896595+00:00
PKGL-04925,,35.94492539,75.14127221,3724.0,19.53053936357855,0.008316165,2026-09-01T06:54:27.896595+00:00
PKGL-04926,,35.92839433,75.13822169,3704.0,19.036324609889853,0.001169818,2026-09-01T06:54:27.896595+00:00
PKGL-04927,,35.92775278,75.13829636,3704.0,19.004324581089083,0.00047011,2026-09-01T06:54:27.896595+00:00
PKGL-04928,,35.92757509,75.13769937,3707.0,19.047435160054373,0.000571253,2026-09-01T06:54:27.896595+00:00
PKGL-04929,,35.92514645,75.13694791,3713.0,19.016169255805845,0.000413897,2026-09-01T06:54:27.896595+00:00
PKGL-04930,,35.91606022,75.14850573,3704.0,17.70143458049909,0.001092111,2026-09-01T06:54:27.896595+00:00
PKGL-04931,,35.92043576,75.1433172,3689.0,18.2999344760276,0.001650654,2026-09-01T06:54:27.896595+00:00
PKGL-04932,,35.91993479,75.13605924,3722.0,18.90083772715863,0.000917941,2026-09-01T06:54:27.896595+00:00
PKGL-04933,,35.82912935,75.1556978,4168.0,16.690025044672815,0.035679349,2026-09-01T06:54:27.896595+00:00
PKGL-04934,,35.80541897,75.15775635,4372.0,16.891723874786653,0.001470456,2026-09-01T06:54:27.896595+00:00
PKGL-04935,,35.80635296,75.15757935,4351.0,16.957528195028573,0.000423306,2026-09-01T06:54:27.896595+00:00
PKGL-04936,,35.85541704,75.17518562,3798.0,14.463550120577406,0.000850637,2026-09-01T06:54:27.896595+00:00
PKGL-04937,,35.86918624,75.21235691,3285.0,11.06778585075724,0.006708586,2026-09-01T06:54:27.896595+00:00
PKGL-04938,,35.87159447,75.20511479,3369.0,11.730510018448548,0.001542752,2026-09-01T06:54:27.896595+00:00
PKGL-04939,,35.878388,75.20703416,3325.0,11.620877338832384,0.002792583,2026-09-01T06:54:27.896595+00:00
PKGL-04940,,35.87825349,75.22308146,3271.0,10.184211360623667,0.001182246,2026-09-01T06:54:27.896595+00:00
PKGL-04941,,35.87849763,75.22274467,3272.0,10.217871814134286,0.001395315,2026-09-01T06:54:27.896595+00:00
PKGL-04942,,35.87889969,75.22263197,3273.0,10.233974096770153,0.000496199,2026-09-01T06:54:27.896595+00:00
PKGL-04943,,35.88201123,75.21978638,3310.0,10.539879458553134,0.000236551,2026-09-01T06:54:27.896595+00:00
PKGL-04944,,35.88268884,75.21894212,3314.0,10.627573827339797,0.00095518,2026-09-01T06:54:27.896595+00:00
PKGL-04945,,35.88371111,75.2175527,3323.0,10.77079053763935,0.001581431,2026-09-01T06:54:27.896595+00:00
PKGL-04946,,35.87964441,75.21380365,3329.0,11.033245026386822,0.000643002,2026-09-01T06:54:27.896595+00:00
PKGL-04947,,35.87371046,75.21523952,3307.0,10.834880175214874,0.000982997,2026-09-01T06:54:27.896595+00:00
PKGL-04948,,35.86454191,75.21664425,3250.0,10.678477047725542,0.002798893,2026-09-01T06:54:27.896595+00:00
PKGL-04949,,35.86654569,75.22062453,3265.0,10.318112493926622,0.000982519,2026-09-01T06:54:27.896595+00:00
PKGL-04950,,35.86607123,75.22085379,3268.0,10.297433465154668,0.000449072,2026-09-01T06:54:27.896595+00:00
PKGL-04951,,35.86294663,75.21952928,3249.0,10.423330332520017,0.000927482,2026-09-01T06:54:27.896595+00:00
PKGL-04952,,35.86341716,75.21906091,3252.0,10.463791571266029,0.000679464,2026-09-01T06:54:27.896595+00:00
PKGL-04953,,35.86388052,75.22277079,3269.0,10.128154879401,0.002031487,2026-09-01T06:54:27.896595+00:00
PKGL-04954,,35.8647904,75.22597059,3263.0,9.837701757171487,0.000461317,2026-09-01T06:54:27.896595+00:00
PKGL-04955,,35.86557289,75.22436673,3269.0,9.981155462194966,0.000410248,2026-09-01T06:54:27.896595+00:00
PKGL-04956,,35.86714292,75.22720437,3267.0,9.725640545198578,0.002889164,2026-09-01T06:54:27.896595+00:00
PKGL-04957,,35.86462314,75.23228672,3251.0,9.268970066387798,0.002878325,2026-09-01T06:54:27.896595+00:00
PKGL-04958,,35.86128055,75.24109309,3202.0,8.491663627075518,0.000729467,2026-09-01T06:54:27.896595+00:00
PKGL-04959,,35.86384875,75.24290566,3190.0,8.314597331294268,0.000598782,2026-09-01T06:54:27.896595+00:00
PKGL-04960,,35.86539742,75.2395104,3208.0,8.616774745771364,0.000558533,2026-09-01T06:54:27.896595+00:00
PKGL-04961,,35.8686787,75.23563804,3240.0,8.969221572446092,0.00253051,2026-09-01T06:54:27.896595+00:00
PKGL-04962,,35.8684437,75.23370769,3256.0,9.142354191530996,0.000658573,2026-09-01T06:54:27.896595+00:00
PKGL-04963,,35.87146352,75.22882112,3270.0,9.596887646177068,0.001796452,2026-09-01T06:54:27.896595+00:00
PKGL-04964,,35.87449351,75.22814663,3263.0,9.68355711982664,0.000601636,2026-09-01T06:54:27.896595+00:00
PKGL-04965,,35.87533423,75.22730438,3269.0,9.768314490844457,0.000545671,2026-09-01T06:54:27.896595+00:00
PKGL-04966,,35.87382181,75.22613859,3277.0,9.85704496411034,0.000816556,2026-09-01T06:54:27.896595+00:00
PKGL-04967,,35.85917731,75.23623054,3229.0,8.946519499787776,0.001556997,2026-09-01T06:54:27.896595+00:00
PKGL-04968,,35.85744441,75.23575039,3222.0,9.008548095711213,0.000908676,2026-09-01T06:54:27.896595+00:00
PKGL-04969,,36.0856772,75.33588389,4231.0,24.24625243953232,0.00718385,2026-09-01T06:54:27.896595+00:00
PKGL-04970,,36.08268137,75.32808887,4230.0,24.07789679716335,0.002283524,2026-09-01T06:54:27.896595+00:00
PKGL-04971,,36.08455838,75.33383713,4228.0,24.16933714582107,0.001258776,2026-09-01T06:54:27.896595+00:00
PKGL-04972,,36.08413089,75.3347508,4228.0,24.103382490212265,0.00080479,2026-09-01T06:54:27.896595+00:00
PKGL-04973,,36.08396592,75.33522843,4226.0,24.0752986434386,0.001791708,2026-09-01T06:54:27.896595+00:00
PKGL-04974,,36.0818569,75.33197399,4231.0,23.919760501560827,0.001739737,2026-09-01T06:54:27.896595+00:00
PKGL-04975,,36.08021727,75.33546761,4241.0,23.665508432975702,0.002544131,2026-09-01T06:54:27.896595+00:00
PKGL-04976,,36.07971846,75.33535133,4236.0,23.61422811332331,0.001185238,2026-09-01T06:54:27.896595+00:00
PKGL-04977,,36.07097426,75.33769865,4252.0,22.619812500687413,0.005986999,2026-09-01T06:54:27.896595+00:00
PKGL-04978,,36.06873258,75.36980627,4338.0,21.84631943578457,0.002576624,2026-09-01T06:54:27.896595+00:00
PKGL-04979,,36.06999997,75.37512819,4335.0,21.934193535147383,0.002882021,2026-09-01T06:54:27.896595+00:00
PKGL-04980,,36.07131968,75.37861104,4323.0,22.051974150813702,0.003942479,2026-09-01T06:54:27.896595+00:00
PKGL-04981,,36.06791159,75.37476485,4333.0,21.70636406341664,0.001418941,2026-09-01T06:54:27.896595+00:00
PKGL-04982,,36.06697416,75.38319684,4342.0,21.53934156202832,0.001280703,2026-09-01T06:54:27.896595+00:00
PKGL-04983,,36.06968178,75.38219845,4326.0,21.845794724273865,0.001620291,2026-09-01T06:54:27.896595+00:00
PKGL-04984,,36.0692679,75.38294946,4324.0,21.79530601192359,0.002455806,2026-09-01T06:54:27.896595+00:00
PKGL-04985,,36.06482102,75.38608413,4359.0,21.28470245982032,0.001097853,2026-09-01T06:54:27.896595+00:00
PKGL-04986,,36.06440684,75.38550149,4355.0,21.241646546985784,0.000999973,2026-09-01T06:54:27.896595+00:00
PKGL-04987,,36.06283027,75.38035734,4360.0,21.098350482289977,0.00143928,2026-09-01T06:54:27.896595+00:00
PKGL-04988,,36.0613753,75.39200031,4413.0,20.8793409280941,0.001161616,2026-09-01T06:54:27.896595+00:00
PKGL-04989,,36.06153644,75.39149757,4415.0,20.89865991327372,0.001494855,2026-09-01T06:54:27.896595+00:00
PKGL-04990,,36.06083668,75.3924321,4412.0,20.81833997376956,0.002533312,2026-09-01T06:54:27.896595+00:00
PKGL-04991,,36.06001569,75.39149756,4396.0,20.72964901988962,0.001083789,2026-09-01T06:54:27.896595+00:00
PKGL-04992,,36.05969345,75.39112034,4395.0,20.69496927748156,0.001057462,2026-09-01T06:54:27.896595+00:00
PKGL-04993,,36.06203375,75.39971373,4428.0,20.94320670307011,0.001364013,2026-09-01T06:54:27.896595+00:00
PKGL-04994,,36.06305545,75.40172793,4439.0,21.05816159655217,0.001336585,2026-09-01T06:54:27.896595+00:00
PKGL-04995,,36.06332168,75.40229339,4440.0,21.088420859927417,0.00111234,2026-09-01T06:54:27.896595+00:00
PKGL-04996,,36.06357231,75.40357213,4443.0,21.11822475977955,0.000836364,2026-09-01T06:54:27.896595+00:00
PKGL-04997,,36.06541421,75.40600668,4453.0,21.32836572282652,0.001923514,2026-09-01T06:54:27.896595+00:00
PKGL-04998,,36.06650579,75.40999706,4458.0,21.463277071357968,0.001568131,2026-09-01T06:54:27.896595+00:00
PKGL-04999,,36.06661127,75.41115134,4457.0,21.48003919381019,0.001480178,2026-09-01T06:54:27.896595+00:00
PKGL-05000,,36.06711994,75.41160497,4459.0,21.538641750974005,0.00191916,2026-09-01T06:54:27.896595+00:00
PKGL-05001,,36.06762643,75.41142617,4461.0,21.59404200172296,0.000646461,2026-09-01T06:54:27.896595+00:00
PKGL-05002,,36.06850512,75.41500636,4449.0,21.71063542324322,0.000714038,2026-09-01T06:54:27.896595+00:00
PKGL-05003,,36.06732019,75.41717292,4452.0,21.5930770507557,0.01168479,2026-09-01T06:54:27.896595+00:00
PKGL-05004,,36.06554594,75.41886168,4466.0,21.408528548712937,0.001327863,2026-09-01T06:54:27.896595+00:00
PKGL-05005,,36.06430835,75.41103948,4449.0,21.22378700396885,0.00150354,2026-09-01T06:54:27.896595+00:00
PKGL-05006,,36.06107359,75.41864462,4464.0,20.91134898707097,0.002697594,2026-09-01T06:54:27.896595+00:00
PKGL-05007,,36.06028114,75.42202293,4460.0,20.85158882316325,0.002498515,2026-09-01T06:54:27.896595+00:00
PKGL-05008,,36.06294431,75.41419246,4460.0,21.08882941269252,0.001373755,2026-09-01T06:54:27.896595+00:00
PKGL-05009,,36.06533836,75.33597054,4263.0,22.052096719415896,0.004631187,2026-09-01T06:54:27.896595+00:00
PKGL-05010,,36.06553052,75.33727511,4267.0,22.042875439289027,0.0020499,2026-09-01T06:54:27.896595+00:00
PKGL-05011,,36.06669874,75.33641371,4268.0,22.18814480460644,0.003789799,2026-09-01T06:54:27.896595+00:00
PKGL-05012,,35.95692965,75.43251604,3565.0,9.736266852428102,0.011270474,2026-09-01T06:54:27.896595+00:00
PKGL-05013,,35.96100947,75.43593615,3619.0,10.264180488726158,0.004421469,2026-09-01T06:54:27.896595+00:00
PKGL-05014,,35.96204503,75.43027904,3664.0,10.221130414904604,0.007791502,2026-09-01T06:54:27.896595+00:00
PKGL-05015,,35.96442703,75.43238006,3693.0,10.528449003082674,0.002960343,2026-09-01T06:54:27.896595+00:00
PKGL-05016,,35.95331172,75.43293478,3552.0,9.366910169029635,0.011190718,2026-09-01T06:54:27.896595+00:00
PKGL-05017,,35.9347284,75.46573618,3888.0,9.067435623143275,0.002427411,2026-09-01T06:54:27.896595+00:00
PKGL-05018,,35.86865255,75.30339257,2889.0,2.872498039384884,0.010692281,2026-09-01T06:54:27.896595+00:00
PKGL-05019,,35.87109109,75.31661248,2823.0,1.7542181318065038,0.020668329,2026-09-01T06:54:27.896595+00:00
PKGL-05020,,35.85536269,75.26727315,3105.0,6.232945119546358,0.006453322,2026-09-01T06:54:27.896595+00:00
PKGL-05021,,35.85438317,75.27122757,3078.0,5.907078388198401,0.012174547,2026-09-01T06:54:27.896595+00:00
PKGL-05022,,35.85421168,75.26919451,3084.0,6.089983361788849,0.003411229,2026-09-01T06:54:27.896595+00:00
PKGL-05023,,35.85623259,75.2777244,3038.0,5.290903024364256,0.002078046,2026-09-01T06:54:27.896595+00:00
PKGL-05024,,35.85543347,75.27627566,3039.0,5.437550966961555,0.003786774,2026-09-01T06:54:27.896595+00:00
PKGL-05025,,35.89432129,75.58921051,4367.0,17.290777700224176,0.001605882,2026-09-01T06:54:27.896595+00:00
PKGL-05026,,35.89430753,75.58540145,4350.0,16.950506893127113,0.001192154,2026-09-01T06:54:27.896595+00:00
PKGL-05027,,35.8935888,75.58546371,4350.0,16.945518355914835,0.000687996,2026-09-01T06:54:27.896595+00:00
PKGL-05028,,35.89439024,75.58601544,4349.0,17.006548680564944,0.000491229,2026-09-01T06:54:27.896595+00:00
PKGL-05029,,35.89396118,75.58595832,4350.0,16.995101216894785,0.0004129,2026-09-01T06:54:27.896595+00:00
PKGL-05030,,35.89521557,75.58422897,4353.0,16.85979862820617,0.000408932,2026-09-01T06:54:27.896595+00:00
PKGL-05031,,35.89169428,75.58510527,4339.0,16.887432000349662,0.001155618,2026-09-01T06:54:27.896595+00:00
PKGL-05032,,35.89115072,75.58449344,4335.0,16.825675612215168,0.000591137,2026-09-01T06:54:27.896595+00:00
PKGL-05033,,35.89136221,75.58746147,4353.0,16.995169981766058,0.000539411,2026-09-01T06:54:27.896595+00:00
PKGL-05034,,35.8850075,75.57078182,4239.0,15.512765605897505,0.00055609,2026-09-01T06:54:27.896595+00:00
PKGL-05035,,35.88380128,75.57100766,4224.0,15.46879224527312,0.000643671,2026-09-01T06:54:27.896595+00:00
PKGL-05036,,35.88275705,75.56861878,4220.0,15.224291166727848,0.001190209,2026-09-01T06:54:27.896595+00:00
PKGL-05037,,35.88341692,75.56582827,4216.0,15.035586906085245,0.001341263,2026-09-01T06:54:27.896595+00:00
PKGL-05038,,35.88425084,75.56731416,4218.0,15.197319644806278,0.000925139,2026-09-01T06:54:27.896595+00:00
PKGL-05039,,35.88010233,75.56899002,4211.0,15.121238933201422,0.000651796,2026-09-01T06:54:27.896595+00:00
PKGL-05040,,35.87930573,75.56863225,4213.0,15.053311908424968,0.000986576,2026-09-01T06:54:27.896595+00:00
PKGL-05041,,35.87902635,75.5658046,4217.0,14.810933621480048,0.001337978,2026-09-01T06:54:27.896595+00:00
PKGL-05042,,35.87798463,75.56328355,4239.0,14.555983574187175,0.000787386,2026-09-01T06:54:27.896595+00:00
PKGL-05043,,35.87837598,75.56254389,4242.0,14.515683935631182,0.00041411,2026-09-01T06:54:27.896595+00:00
PKGL-05044,,35.87861586,75.56202756,4236.0,14.486078124765523,0.001018161,2026-09-01T06:54:27.896595+00:00
PKGL-05045,,35.87830164,75.56150229,4234.0,14.428095000605596,0.000532042,2026-09-01T06:54:27.896595+00:00
PKGL-05046,,35.8791317,75.55689122,4257.0,14.10104255787227,0.001481757,2026-09-01T06:54:27.896595+00:00
PKGL-05047,,35.87931499,75.55648105,4260.0,14.077906424746184,0.000823996,2026-09-01T06:54:27.896595+00:00
PKGL-05048,,35.87935172,75.55416904,4266.0,13.896184442985424,0.001199824,2026-09-01T06:54:27.896595+00:00
PKGL-05049,,35.88095281,75.55039809,4279.0,13.666293671616192,0.001261746,2026-09-01T06:54:27.896595+00:00
PKGL-05050,,35.8784606,75.54858459,4276.0,13.407251136960443,0.000846773,2026-09-01T06:54:27.896595+00:00
PKGL-05051,,35.87861348,75.5481227,4280.0,13.379154269983673,0.000158998,2026-09-01T06:54:27.896595+00:00
PKGL-05052,,35.87779559,75.54925119,4274.0,13.424223994049427,0.000990118,2026-09-01T06:54:27.896595+00:00
PKGL-05053,,35.87741385,75.5481961,4274.0,13.320447845811106,0.000772179,2026-09-01T06:54:27.896595+00:00
PKGL-05054,,35.87707359,75.54818627,4274.0,13.301566947528196,0.000511433,2026-09-01T06:54:27.896595+00:00
PKGL-05055,,35.87772197,75.54648047,4274.0,13.201648979542766,0.005096875,2026-09-01T06:54:27.896595+00:00
PKGL-05056,,35.8771169,75.54748185,4273.0,13.248143084813512,0.000746223,2026-09-01T06:54:27.896595+00:00
PKGL-05057,,35.87661366,75.55440813,4266.0,13.773287000320533,0.000956282,2026-09-01T06:54:27.896595+00:00
PKGL-05058,,35.87807754,75.57225505,4199.0,15.289192810454043,0.001685965,2026-09-01T06:54:27.896595+00:00
PKGL-05059,,35.87796262,75.57181929,4201.0,15.248209688319074,0.000684241,2026-09-01T06:54:27.896595+00:00
PKGL-05060,,35.87558983,75.5731066,4190.0,15.244513889312705,0.003076949,2026-09-01T06:54:27.896595+00:00
PKGL-05061,,35.87440161,75.57250371,4190.0,15.141603553720724,0.001448123,2026-09-01T06:54:27.896595+00:00
PKGL-05062,,35.87323065,75.57067116,4185.0,14.938310678751812,0.000534048,2026-09-01T06:54:27.896595+00:00
PKGL-05063,,35.87303742,75.57062184,4183.0,14.925726770616905,0.000926083,2026-09-01T06:54:27.896595+00:00
PKGL-05064,,35.87300097,75.57164777,4186.0,15.009094606716548,0.000774127,2026-09-01T06:54:27.896595+00:00
PKGL-05065,,35.8711637,75.5722462,4179.0,14.979915566727854,0.006107144,2026-09-01T06:54:27.896595+00:00
PKGL-05066,,35.87039948,75.57464486,4163.0,14.992292453703934,0.001381977,2026-09-01T06:54:27.896595+00:00
PKGL-05067,,35.87021345,75.57887824,4161.0,14.869278401619177,0.001870433,2026-09-01T06:54:27.896595+00:00
PKGL-05068,,35.86615544,75.57266569,4138.0,14.592967684615695,0.002025439,2026-09-01T06:54:27.896595+00:00
PKGL-05069,,35.86653994,75.57310187,4143.0,14.62194964923531,0.003288533,2026-09-01T06:54:27.896595+00:00
PKGL-05070,,35.86700732,75.5744466,4158.0,14.63595790192866,0.000398021,2026-09-01T06:54:27.896595+00:00
PKGL-05071,,35.86692322,75.57576651,4149.0,14.592940140363924,0.000613754,2026-09-01T06:54:27.896595+00:00
PKGL-05072,,35.86624489,75.57756837,4140.0,14.475315464118196,0.00027586,2026-09-01T06:54:27.896595+00:00
PKGL-05073,,35.85953281,75.57579688,4102.0,13.805820884711924,0.002603618,2026-09-01T06:54:27.896595+00:00
PKGL-05074,,35.85912214,75.58543668,4099.0,13.527469925991552,0.001731006,2026-09-01T06:54:27.896595+00:00
PKGL-05075,,35.85608939,75.58405493,4090.0,13.231619908217144,0.000799826,2026-09-01T06:54:27.896595+00:00
PKGL-05076,,35.85462579,75.58134577,4078.0,13.139521827726991,0.001084193,2026-09-01T06:54:27.896595+00:00
PKGL-05077,,35.85578227,75.57578142,4089.0,13.4088142308043,0.00100065,2026-09-01T06:54:27.896595+00:00
PKGL-05078,,35.8538015,75.57742353,4069.0,13.153925569845956,0.002044354,2026-09-01T06:54:27.896595+00:00
PKGL-05079,,35.85348201,75.5762809,4070.0,13.151638570992782,0.002167971,2026-09-01T06:54:27.896595+00:00
PKGL-05080,,35.8525769,75.57519295,4077.0,13.08696026212754,0.001543372,2026-09-01T06:54:27.896595+00:00
PKGL-05081,,35.85265675,75.57991616,4061.0,12.965880719780474,0.000869004,2026-09-01T06:54:27.896595+00:00
PKGL-05082,,35.8519012,75.58036417,4058.0,12.87378695648708,0.000895067,2026-09-01T06:54:27.896595+00:00
PKGL-05083,,35.85114015,75.58047901,4051.0,12.789778075503706,0.001588845,2026-09-01T06:54:27.896595+00:00
PKGL-05084,,35.85047358,75.58167154,4051.0,12.68799654820441,0.003524715,2026-09-01T06:54:27.896595+00:00
PKGL-05085,,35.84858217,75.5844274,4052.0,12.417249650077418,0.000839612,2026-09-01T06:54:27.896595+00:00
PKGL-05086,,35.84620629,75.58579738,4001.0,12.129666539238602,0.001034167,2026-09-01T06:54:27.896595+00:00
PKGL-05087,,35.84458579,75.58199506,4015.0,12.052864927554284,0.004409906,2026-09-01T06:54:27.896595+00:00
PKGL-05088,,35.84361222,75.58375824,4014.0,11.903068679975988,0.001292633,2026-09-01T06:54:27.896595+00:00
PKGL-05089,,35.8439446,75.58348237,4013.0,11.945602616031373,0.000225614,2026-09-01T06:54:27.896595+00:00
PKGL-05090,,35.84372827,75.58322148,4015.0,11.92934654208383,0.000460168,2026-09-01T06:54:27.896595+00:00
PKGL-05091,,35.84365236,75.57977802,4015.0,12.0148344996579,0.001676816,2026-09-01T06:54:27.896595+00:00
PKGL-05092,,35.84065754,75.57646247,4015.0,11.798582346985704,0.000652728,2026-09-01T06:54:27.896595+00:00
PKGL-05093,,35.84102197,75.57718553,4001.0,11.81442482210772,0.000436209,2026-09-01T06:54:27.896595+00:00
PKGL-05094,,35.83367515,75.57130905,4087.0,11.25163857591126,0.005008304,2026-09-01T06:54:27.896595+00:00
PKGL-05095,,35.83128233,75.58259534,3940.0,10.630705269511418,0.001358848,2026-09-01T06:54:27.896595+00:00
PKGL-05096,,35.83024212,75.57470699,3980.0,10.779657602264065,0.00104143,2026-09-01T06:54:27.896595+00:00
PKGL-05097,,35.8492884,75.57873141,4043.0,12.639995956687574,0.001528834,2026-09-01T06:54:27.896595+00:00
PKGL-05098,,35.86353039,75.58432105,4114.0,14.027452749263208,0.000625542,2026-09-01T06:54:27.896595+00:00
PKGL-05099,,35.86207356,75.58508015,4105.0,13.853832583837578,0.000308824,2026-09-01T06:54:27.896595+00:00
PKGL-05100,,35.83653655,75.55140406,4149.0,12.118912083904162,0.001462722,2026-09-01T06:54:27.896595+00:00
PKGL-05101,,35.83376767,75.55825075,4124.0,11.783819076738396,0.001030085,2026-09-01T06:54:27.896595+00:00
PKGL-05102,,35.8302113,75.56670559,4077.0,11.078963794923238,0.001047291,2026-09-01T06:54:27.896595+00:00
PKGL-05103,,35.83060758,75.57125104,4061.0,10.942401249780191,0.000454536,2026-09-01T06:54:27.896595+00:00
PKGL-05104,,35.82595485,75.55866851,4086.0,11.0123109893826,0.009542318,2026-09-01T06:54:27.896595+00:00
PKGL-05105,,35.82707318,75.55951456,4077.0,11.080418077928757,0.001806819,2026-09-01T06:54:27.896595+00:00
PKGL-05106,,35.82668219,75.56068737,4070.0,10.989741195753362,0.001670492,2026-09-01T06:54:27.896595+00:00
PKGL-05107,,35.82270064,75.56227539,4086.0,10.535098334911469,0.001608317,2026-09-01T06:54:27.896595+00:00
PKGL-05108,,35.82326124,75.56359106,4065.0,10.529515230847249,0.000298158,2026-09-01T06:54:27.896595+00:00
PKGL-05109,,35.82276265,75.56452976,4057.0,10.439490429339031,0.000752785,2026-09-01T06:54:27.896595+00:00
PKGL-05110,,35.82132252,75.56302519,4047.0,10.368760786732093,0.002066737,2026-09-01T06:54:27.896595+00:00
PKGL-05111,,35.82060721,75.56432804,4037.0,10.24070183921424,0.006527981,2026-09-01T06:54:27.896595+00:00
PKGL-05112,,35.81874832,75.56601054,4040.0,9.9857655941586,0.002821345,2026-09-01T06:54:27.896595+00:00
PKGL-05113,,35.81881812,75.56974621,4049.0,9.828076107593898,0.003193372,2026-09-01T06:54:27.896595+00:00
PKGL-05114,,35.86956144,75.56816081,4175.0,14.57173390654258,0.004378321,2026-09-01T06:54:27.896595+00:00
PKGL-05115,,35.87327028,75.56605683,4212.0,14.55931469480909,0.000602646,2026-09-01T06:54:27.896595+00:00
PKGL-05116,,35.87342988,75.56552766,4209.0,14.52302732682011,0.000506694,2026-09-01T06:54:27.896595+00:00
PKGL-05117,,35.86743691,75.56728965,4164.0,14.41094309432237,0.001148182,2026-09-01T06:54:27.896595+00:00
PKGL-05118,,35.87285947,75.57912937,4168.0,15.147964214870676,0.000561125,2026-09-01T06:54:27.896595+00:00
PKGL-05119,,35.876123,75.57888889,4182.0,15.504739881494086,0.001447746,2026-09-01T06:54:27.896595+00:00
PKGL-05120,,35.87715561,75.57860299,4180.0,15.622362962654083,0.000855452,2026-09-01T06:54:27.896595+00:00
PKGL-05121,,35.88230915,75.57223517,4229.0,15.492227678554515,0.000440679,2026-09-01T06:54:27.896595+00:00
PKGL-05122,,35.88608863,75.56558107,4225.0,15.073075297478525,0.001043955,2026-09-01T06:54:27.896595+00:00
PKGL-05123,,35.88554677,75.56601872,4220.0,15.107013474477316,0.000391413,2026-09-01T06:54:27.896595+00:00
PKGL-05124,,35.88467683,75.56318538,4221.0,14.844538407522206,0.004166838,2026-09-01T06:54:27.896595+00:00
PKGL-05125,,35.8855989,75.56513375,4222.0,15.028092278700363,0.001777049,2026-09-01T06:54:27.896595+00:00
PKGL-05126,,35.89110177,75.58273832,4334.0,16.667990879485867,0.002371281,2026-09-01T06:54:27.896595+00:00
PKGL-05127,,35.90044239,75.58348279,4378.0,16.885366115181544,0.002694918,2026-09-01T06:54:27.896595+00:00
PKGL-05128,,35.90087515,75.58390549,4378.0,16.931332495128178,0.000797692,2026-09-01T06:54:27.896595+00:00
PKGL-05129,,35.90252362,75.58536887,4396.0,17.094321531329378,0.00042269,2026-09-01T06:54:27.896595+00:00
PKGL-05130,,35.89882053,75.58299919,4370.0,16.811733066100395,0.000494559,2026-09-01T06:54:27.896595+00:00
PKGL-05131,,35.89813193,75.57681144,4375.0,16.24939571714892,0.000298241,2026-09-01T06:54:27.896595+00:00
PKGL-05132,,35.81372511,75.55172824,4634.0,10.243468747916642,0.005934596,2026-09-01T06:54:27.896595+00:00
PKGL-05133,,35.91492027,75.62890368,4422.0,19.34728935477264,0.023381777,2026-09-01T06:54:27.896595+00:00
PKGL-05134,,35.91936893,75.62757871,4429.0,19.837995448310124,0.003614537,2026-09-01T06:54:27.896595+00:00
PKGL-05135,,35.91914372,75.63466091,4424.0,19.840963334546007,0.000388067,2026-09-01T06:54:27.896595+00:00
PKGL-05136,,35.91902378,75.6348732,4423.0,19.82880727520725,0.000190328,2026-09-01T06:54:27.896595+00:00
PKGL-05137,,35.91948645,75.63264767,4429.0,19.86897730211293,0.00040381,2026-09-01T06:54:27.896595+00:00
PKGL-05138,,35.92030848,75.63057203,4432.0,19.95169822446606,0.00017395,2026-09-01T06:54:27.896595+00:00
PKGL-05139,,35.92370583,75.62680981,4436.0,20.31829624882477,0.000577787,2026-09-01T06:54:27.896595+00:00
PKGL-05140,,35.92430299,75.62581181,4436.0,20.3827545983382,0.00030499,2026-09-01T06:54:27.896595+00:00
PKGL-05141,,35.92981138,75.61538448,4454.0,20.466214021491776,0.000678102,2026-09-01T06:54:27.896595+00:00
PKGL-05142,,35.93007902,75.61459123,4451.0,20.407273157435203,0.001271858,2026-09-01T06:54:27.896595+00:00
PKGL-05143,,35.92994421,75.61334912,4447.0,20.29622771494253,0.000201484,2026-09-01T06:54:27.896595+00:00
PKGL-05144,,35.93052384,75.61089884,4443.0,20.10648770995779,0.002199763,2026-09-01T06:54:27.896595+00:00
PKGL-05145,,35.93432347,75.61546416,4454.0,20.63099394696208,0.001129636,2026-09-01T06:54:27.896595+00:00
PKGL-05146,,35.93387825,75.61768039,4456.0,20.80381973196439,0.001016302,2026-09-01T06:54:27.896595+00:00
PKGL-05147,,35.96743692,75.61128347,4572.0,21.77502183758095,0.000437972,2026-09-01T06:54:27.896595+00:00
PKGL-05148,,35.96743161,75.61287038,4568.0,21.90030854938158,0.000524294,2026-09-01T06:54:27.896595+00:00
PKGL-05149,,35.96309818,75.6167473,4522.0,21.98638902769228,0.003390935,2026-09-01T06:54:27.896595+00:00
PKGL-05150,,35.96214203,75.61775052,4515.0,22.01941517765252,0.001785574,2026-09-01T06:54:27.896595+00:00
PKGL-05151,,35.96134294,75.6189987,4512.0,22.08076088368413,0.001632579,2026-09-01T06:54:27.896595+00:00
PKGL-05152,,35.96006108,75.61896582,4511.0,22.01569478009033,0.000106302,2026-09-01T06:54:27.896595+00:00
PKGL-05153,,35.9583255,75.6231586,4530.0,22.2740267819683,0.00087838,2026-09-01T06:54:27.896595+00:00
PKGL-05154,,35.95406928,75.6238858,4474.0,22.13862285671312,0.000999323,2026-09-01T06:54:27.896595+00:00
PKGL-05155,,35.95289178,75.62820112,4475.0,22.44315194919071,0.001238181,2026-09-01T06:54:27.896595+00:00
PKGL-05156,,35.95368603,75.62891378,4472.0,22.5368151498182,0.000414477,2026-09-01T06:54:27.896595+00:00
PKGL-05157,,35.95117412,75.63117415,4483.0,22.61642161340127,0.001132691,2026-09-01T06:54:27.896595+00:00
PKGL-05158,,35.95159374,75.63061097,4481.0,22.58733827939458,0.000277994,2026-09-01T06:54:27.896595+00:00
PKGL-05159,,35.95176252,75.62995865,4476.0,22.540296350040418,0.000304625,2026-09-01T06:54:27.896595+00:00
PKGL-05160,,35.95076023,75.63324813,4496.0,22.77191765833692,0.000318496,2026-09-01T06:54:27.896595+00:00
PKGL-05161,,35.9502972,75.63548564,4492.0,22.939623752010025,0.002231596,2026-09-01T06:54:27.896595+00:00
PKGL-05162,,35.94903745,75.63328773,4469.0,22.70404580041413,0.000220028,2026-09-01T06:54:27.896595+00:00
PKGL-05163,,35.94327198,75.64395358,4454.0,22.579355725729705,0.000531065,2026-09-01T06:54:27.896595+00:00
PKGL-05164,,35.94348932,75.64216522,4453.0,22.589545662907508,0.01305182,2026-09-01T06:54:27.896595+00:00
PKGL-05165,,35.94348482,75.64076348,4454.0,22.578966408523776,0.000402278,2026-09-01T06:54:27.896595+00:00
PKGL-05166,,35.93443217,75.65401883,4383.0,21.704489028467865,0.002004957,2026-09-01T06:54:27.896595+00:00
PKGL-05167,,35.93245762,75.66061959,4372.0,21.576262012648414,0.001039663,2026-09-01T06:54:27.896595+00:00
PKGL-05168,,35.9322106,75.66112682,4371.0,21.556700351975746,0.000434969,2026-09-01T06:54:27.896595+00:00
PKGL-05169,,35.92509669,75.67052385,4333.0,20.939440186706648,0.001682548,2026-09-01T06:54:27.896595+00:00
PKGL-05170,,35.91622163,75.68259997,4289.0,20.244831711284647,0.0072351,2026-09-01T06:54:27.896595+00:00
PKGL-05171,,35.91573436,75.68316074,4284.0,20.20656100319517,0.001474018,2026-09-01T06:54:27.896595+00:00
PKGL-05172,,35.89071797,75.7021745,4172.0,18.16557370006453,0.000959706,2026-09-01T06:54:27.896595+00:00
PKGL-05173,,35.85516959,75.7065654,4128.0,14.831478938964242,0.024944008,2026-09-01T06:54:27.896595+00:00
PKGL-05174,,35.85619553,75.70859621,4133.0,15.024160113297931,0.000256178,2026-09-01T06:54:27.896595+00:00
PKGL-05175,,35.85610278,75.70822179,4133.0,14.997730288754813,0.000186826,2026-09-01T06:54:27.896595+00:00
PKGL-05176,,35.85633489,75.70814527,4133.0,15.016156469703898,0.000634057,2026-09-01T06:54:27.896595+00:00
PKGL-05177,,35.85652979,75.70775793,4133.0,15.0165275830757,0.000952143,2026-09-01T06:54:27.896595+00:00
PKGL-05178,,35.85669301,75.70716256,4134.0,15.004322666807004,0.000713158,2026-09-01T06:54:27.896595+00:00
PKGL-05179,,35.8581754,75.70525091,4132.0,15.058576515496483,0.000253599,2026-09-01T06:54:27.896595+00:00
PKGL-05180,,35.85787764,75.70453423,4132.0,14.997564878366674,0.000623113,2026-09-01T06:54:27.896595+00:00
PKGL-05181,,35.85833089,75.70127938,4148.0,14.897221891012752,0.000509065,2026-09-01T06:54:27.896595+00:00
PKGL-05182,,35.86080907,75.70373929,4142.0,15.245737791272358,0.000527776,2026-09-01T06:54:27.896595+00:00
PKGL-05183,,35.86248541,75.70336475,4145.0,15.392573490437972,0.000634616,2026-09-01T06:54:27.896595+00:00
PKGL-05184,,35.86451899,75.69773837,4148.0,15.35746633225402,0.000333637,2026-09-01T06:54:27.896595+00:00
PKGL-05185,,35.86187994,75.69627881,4142.0,15.03619813176048,0.000793926,2026-09-01T06:54:27.896595+00:00
PKGL-05186,,35.86165871,75.69569643,4141.0,14.990696104846169,0.000273319,2026-09-01T06:54:27.896595+00:00
PKGL-05187,,35.86204674,75.69480869,4145.0,14.99382266756245,0.000631596,2026-09-01T06:54:27.896595+00:00
PKGL-05188,,35.86187007,75.69551947,4145.0,15.0046156627017,0.00031238,2026-09-01T06:54:27.896595+00:00
PKGL-05189,,35.86256455,75.69469207,4148.0,15.04088858739978,0.000555012,2026-09-01T06:54:27.896595+00:00
PKGL-05190,,35.86281691,75.69489414,4149.0,15.074097230084622,0.000339242,2026-09-01T06:54:27.896595+00:00
PKGL-05191,,35.86271523,75.69452128,4152.0,15.049192944840431,0.000340363,2026-09-01T06:54:27.896595+00:00
PKGL-05192,,35.86252716,75.69401326,4153.0,15.010372958237248,0.000377311,2026-09-01T06:54:27.896595+00:00
PKGL-05193,,35.86108143,75.69225771,4151.0,14.796887656499704,0.007098982,2026-09-01T06:54:27.896595+00:00
PKGL-05194,,35.86290737,75.69611854,4139.0,15.131930903184688,0.000714214,2026-09-01T06:54:27.896595+00:00
PKGL-05195,,35.86294691,75.69549743,4148.0,15.111038976183934,0.000560557,2026-09-01T06:54:27.896595+00:00
PKGL-05196,,35.862905,75.69390139,4153.0,15.043808129700754,0.00096994,2026-09-01T06:54:27.896595+00:00
PKGL-05197,,35.86327823,75.69543486,4150.0,15.141606182024235,0.000715782,2026-09-01T06:54:27.896595+00:00
PKGL-05198,,35.86357931,75.69513354,4155.0,15.159736126268262,0.000409496,2026-09-01T06:54:27.896595+00:00
PKGL-05199,,35.8633426,75.69338298,4156.0,15.067467516766976,0.000306543,2026-09-01T06:54:27.896595+00:00
PKGL-05200,,35.86637192,75.68552114,4154.0,15.086756622473445,0.002474569,2026-09-01T06:54:27.896595+00:00
PKGL-05201,,35.86633972,75.6870761,4160.0,15.137700978738032,0.000756185,2026-09-01T06:54:27.896595+00:00
PKGL-05202,,35.86512918,75.68693586,4165.0,15.00893135581483,0.000796934,2026-09-01T06:54:27.896595+00:00
PKGL-05203,,35.86692826,75.68727751,4166.0,15.205031503348197,0.001234278,2026-09-01T06:54:27.896595+00:00
PKGL-05204,,35.86750301,75.68724049,4165.0,15.262586994883591,0.000595947,2026-09-01T06:54:27.896595+00:00
PKGL-05205,,35.86760831,75.68696264,4164.0,15.263662394699656,0.000484406,2026-09-01T06:54:27.896595+00:00
PKGL-05206,,35.86751044,75.68913519,4167.0,15.330549676171298,0.001051943,2026-09-01T06:54:27.896595+00:00
PKGL-05207,,35.86864918,75.68617147,4163.0,15.343165274375124,0.000308694,2026-09-01T06:54:27.896595+00:00
PKGL-05208,,35.86855761,75.68528453,4165.0,15.303494861988174,0.000640058,2026-09-01T06:54:27.896595+00:00
PKGL-05209,,35.86783249,75.6846347,4164.0,15.206775603629596,0.000837816,2026-09-01T06:54:27.896595+00:00
PKGL-05210,,35.86701656,75.68269452,4161.0,15.057673935477764,0.002752139,2026-09-01T06:54:27.896595+00:00
PKGL-05211,,35.86728228,75.68185205,4159.0,15.057524053410122,0.007916608,2026-09-01T06:54:27.896595+00:00
PKGL-05212,,35.86916839,75.68156457,4163.0,15.243988270592393,0.002730742,2026-09-01T06:54:27.896595+00:00
PKGL-05213,,35.86887043,75.68363994,4170.0,15.280695804141512,0.005214822,2026-09-01T06:54:27.896595+00:00
PKGL-05214,,35.87119347,75.6888223,4168.0,15.696100198529765,0.000695151,2026-09-01T06:54:27.896595+00:00
PKGL-05215,,35.8698807,75.68723768,4168.0,15.506405906845792,0.000461289,2026-09-01T06:54:27.896595+00:00
PKGL-05216,,35.87289925,75.68530217,4173.0,15.752403459546825,0.000972672,2026-09-01T06:54:27.896595+00:00
PKGL-05217,,35.87240842,75.68586493,4177.0,15.720293030167976,0.000584479,2026-09-01T06:54:27.896595+00:00
PKGL-05218,,35.87036522,75.68366073,4171.0,15.436101256311334,0.008548926,2026-09-01T06:54:27.896595+00:00
PKGL-05219,,35.86951276,75.6843485,4168.0,15.370609386757492,0.000607162,2026-09-01T06:54:27.896595+00:00
PKGL-05220,,35.88763648,75.66764185,4268.0,16.82500067445465,0.001446241,2026-09-01T06:54:27.896595+00:00
PKGL-05221,,35.88717416,75.6675261,4281.0,16.77261222903993,0.001977,2026-09-01T06:54:27.896595+00:00
PKGL-05222,,35.89002361,75.67369292,4240.0,17.223388324132827,0.001230049,2026-09-01T06:54:27.896595+00:00
PKGL-05223,,35.89038181,75.67306683,4240.0,17.246388561366867,0.00060013,2026-09-01T06:54:27.896595+00:00
PKGL-05224,,35.89034786,75.67514814,4234.0,17.294329330899767,0.001501547,2026-09-01T06:54:27.896595+00:00
PKGL-05225,,35.82180666,75.65286699,4474.0,9.41776096431941,0.002423764,2026-09-01T06:54:27.896595+00:00
PKGL-05226,,35.68851801,75.90167722,3106.0,5.589434702415034,0.004712003,2026-09-01T06:54:27.896595+00:00
PKGL-05227,,35.68852742,75.90221717,3109.0,5.63066543267132,0.000269644,2026-09-01T06:54:27.896595+00:00
PKGL-05228,,35.68974062,75.90139649,3118.0,5.645109813605686,0.006350817,2026-09-01T06:54:27.896595+00:00
PKGL-05229,,35.689487,75.90218145,3121.0,5.687419412689341,0.000409531,2026-09-01T06:54:27.896595+00:00
PKGL-05230,,35.68936904,75.89994965,3103.0,5.514490982633109,0.001974313,2026-09-01T06:54:27.896595+00:00
PKGL-05231,,35.68899077,75.90037397,3096.0,5.52167576314208,0.000308642,2026-09-01T06:54:27.896595+00:00
PKGL-05232,,35.69128874,75.90179625,3126.0,5.77456717765502,0.000451488,2026-09-01T06:54:27.896595+00:00
PKGL-05233,,35.69130018,75.90287817,3127.0,5.854494959387837,0.000648475,2026-09-01T06:54:27.896595+00:00
PKGL-05234,,35.69094222,75.90387098,3125.0,5.904850318470673,0.000286671,2026-09-01T06:54:27.896595+00:00
PKGL-05235,,35.6920174,75.90339839,3132.0,5.939230656794355,0.000266286,2026-09-01T06:54:27.896595+00:00
PKGL-05236,,35.69177864,75.90369497,3124.0,5.945443177462696,0.000207816,2026-09-01T06:54:27.896595+00:00
PKGL-05237,,35.69342102,75.8998897,3137.0,5.78279830819008,0.000815104,2026-09-01T06:54:27.896595+00:00
PKGL-05238,,35.69390038,75.89884071,3148.0,5.743698329006277,0.000201829,2026-09-01T06:54:27.896595+00:00
PKGL-05239,,35.69419872,75.89886677,3152.0,5.766898253511604,0.001203767,2026-09-01T06:54:27.896595+00:00
PKGL-05240,,35.69508436,75.89946674,3149.0,5.872047988816233,0.000323747,2026-09-01T06:54:27.896595+00:00
PKGL-05241,,35.69579208,75.902285,3161.0,6.1172629854426965,0.001116508,2026-09-01T06:54:27.896595+00:00
PKGL-05242,,35.69654779,75.89925422,3171.0,5.965125274827961,0.000991452,2026-09-01T06:54:27.896595+00:00
PKGL-05243,,35.70062651,75.90404757,3182.0,6.590427338830501,0.00270736,2026-09-01T06:54:27.896595+00:00
PKGL-05244,,35.7007493,75.90283471,3191.0,6.51930128498816,0.000222123,2026-09-01T06:54:27.896595+00:00
PKGL-05245,,35.70040994,75.90346622,3188.0,6.535447882895235,0.000268238,2026-09-01T06:54:27.896595+00:00
PKGL-05246,,35.70263037,75.90521492,3185.0,6.819156690033342,0.002883159,2026-09-01T06:54:27.896595+00:00
PKGL-05247,,35.70430132,75.90262885,3223.0,6.782486268535864,0.000332709,2026-09-01T06:54:27.896595+00:00
PKGL-05248,,35.70362182,75.9012738,3207.0,6.643037182322759,0.004005488,2026-09-01T06:54:27.896595+00:00
PKGL-05249,,35.70263971,75.90235043,3207.0,6.633658590288444,0.000629848,2026-09-01T06:54:27.896595+00:00
PKGL-05250,,35.70290667,75.90277539,3217.0,6.68181387456443,0.0001312,2026-09-01T06:54:27.896595+00:00
PKGL-05251,,35.70598277,75.90340096,3220.0,6.965432835398629,0.000522318,2026-09-01T06:54:27.896595+00:00
PKGL-05252,,35.70601229,75.90049507,3225.0,6.789408265694802,0.001214092,2026-09-01T06:54:27.896595+00:00
PKGL-05253,,35.70644324,75.90067656,3227.0,6.83600290544075,0.00036184,2026-09-01T06:54:27.896595+00:00
PKGL-05254,,35.70662006,75.89795052,3256.0,6.689268565340982,0.002017323,2026-09-01T06:54:27.896595+00:00
PKGL-05255,,35.70685183,75.89959374,3238.0,6.805372637286997,0.000258054,2026-09-01T06:54:27.896595+00:00
PKGL-05256,,35.705222,75.89572603,3234.0,6.441126312030336,0.000670989,2026-09-01T06:54:27.896595+00:00
PKGL-05257,,35.70572493,75.89489154,3235.0,6.436697045031148,0.000333556,2026-09-01T06:54:27.896595+00:00
PKGL-05258,,35.70547847,75.89373878,3230.0,6.350360735369042,0.000159939,2026-09-01T06:54:27.896595+00:00
PKGL-05259,,35.70358225,75.89516273,3216.0,6.268834643165331,0.000826141,2026-09-01T06:54:27.896595+00:00
PKGL-05260,,35.70330694,75.89474322,3209.0,6.220975537392992,0.000354906,2026-09-01T06:54:27.896595+00:00
PKGL-05261,,35.70191909,75.89782613,3204.0,6.291237265725043,0.000261975,2026-09-01T06:54:27.896595+00:00
PKGL-05262,,35.7016491,75.89807639,3203.0,6.284914099502432,0.000174563,2026-09-01T06:54:27.896595+00:00
PKGL-05263,,35.70125805,75.89627592,3200.0,6.142073978375107,0.000263562,2026-09-01T06:54:27.896595+00:00
PKGL-05264,,35.70130018,75.89550782,3202.0,6.0987311963855415,0.000575607,2026-09-01T06:54:27.896595+00:00
PKGL-05265,,35.69944368,75.8972655,3186.0,6.057755141609956,0.001058913,2026-09-01T06:54:27.896595+00:00
PKGL-05266,,35.69908971,75.89837117,3188.0,6.1006442707815625,0.003353154,2026-09-01T06:54:27.896595+00:00
PKGL-05267,,35.69949251,75.89536074,3178.0,5.942180724217579,0.000454586,2026-09-01T06:54:27.896595+00:00
PKGL-05268,,35.70841408,75.90380151,3235.0,7.187793864815091,0.002037921,2026-09-01T06:54:27.896595+00:00
PKGL-05269,,35.70900917,75.90602295,3217.0,7.372588238286784,0.002020792,2026-09-01T06:54:27.896595+00:00
PKGL-05270,,35.70957213,75.9041124,3231.0,7.302139703063857,0.000851629,2026-09-01T06:54:27.896595+00:00
PKGL-05271,,35.70961565,75.90290948,3240.0,7.233761539206795,0.001095897,2026-09-01T06:54:27.896595+00:00
PKGL-05272,,35.70974451,75.90362019,3236.0,7.286906712832293,0.00137763,2026-09-01T06:54:27.896595+00:00
PKGL-05273,,35.71062809,75.9048248,3217.0,7.432575958368188,0.000249607,2026-09-01T06:54:27.896595+00:00
PKGL-05274,,35.71187265,75.90120983,3248.0,7.326946623822883,0.000540992,2026-09-01T06:54:27.896595+00:00
PKGL-05275,,35.71259146,75.9004498,3260.0,7.346623112404488,0.000600924,2026-09-01T06:54:27.896595+00:00
PKGL-05276,,35.70845603,75.89769338,3253.0,6.831900876955304,0.000905456,2026-09-01T06:54:27.896595+00:00
PKGL-05277,,35.70919772,75.89845384,3262.0,6.939202146635102,0.002844562,2026-09-01T06:54:27.896595+00:00
PKGL-05278,,35.71028889,75.89956273,3245.0,7.0965014224475125,0.000640215,2026-09-01T06:54:27.896595+00:00
PKGL-05279,,35.7138151,75.89525434,3277.0,7.177907889938414,0.000498926,2026-09-01T06:54:27.896595+00:00
PKGL-05280,,35.71361405,75.89423917,3287.0,7.107778233378274,0.000315922,2026-09-01T06:54:27.896595+00:00
PKGL-05281,,35.71292125,75.89374057,3284.0,7.018748285576423,0.000627605,2026-09-01T06:54:27.896595+00:00
PKGL-05282,,35.71265884,75.89361647,3283.0,6.98830914722815,0.000369358,2026-09-01T06:54:27.896595+00:00
PKGL-05283,,35.71419383,75.89289541,3290.0,7.094563843811828,0.000810694,2026-09-01T06:54:27.896595+00:00
PKGL-05284,,35.71544846,75.89475793,3297.0,7.303386911240717,0.000540046,2026-09-01T06:54:27.896595+00:00
PKGL-05285,,35.7157926,75.8959687,3297.0,7.395920146506005,0.000676543,2026-09-01T06:54:27.896595+00:00
PKGL-05286,,35.71599853,75.89587307,3296.0,7.410099503629984,0.000196383,2026-09-01T06:54:27.896595+00:00
PKGL-05287,,35.7165704,75.89461079,3298.0,7.400564440391136,0.000894825,2026-09-01T06:54:27.896595+00:00
PKGL-05288,,35.71729479,75.89488313,3306.0,7.48160621619453,0.001432681,2026-09-01T06:54:27.896595+00:00
PKGL-05289,,35.71691201,75.89489537,3301.0,7.446412102306634,0.000220401,2026-09-01T06:54:27.896595+00:00
PKGL-05290,,35.75700176,75.87029152,3527.0,9.591956503235853,0.000749934,2026-09-01T06:54:27.896595+00:00
PKGL-05291,,35.75707043,75.86945822,3528.0,9.561781822225392,0.000558774,2026-09-01T06:54:27.896595+00:00
PKGL-05292,,35.75607295,75.87084186,3522.0,9.52704652272646,0.000859502,2026-09-01T06:54:27.896595+00:00
PKGL-05293,,35.75432764,75.86791374,3538.0,9.227563629484468,0.000511267,2026-09-01T06:54:27.896595+00:00
PKGL-05294,,35.75323929,75.86990786,3525.0,9.212576367772291,0.000615441,2026-09-01T06:54:27.896595+00:00
PKGL-05295,,35.75303746,75.87070951,3521.0,9.23041896043988,0.000465751,2026-09-01T06:54:27.896595+00:00
PKGL-05296,,35.75455668,75.87257079,3511.0,9.461984129292048,0.000951221,2026-09-01T06:54:27.896595+00:00
PKGL-05297,,35.75379101,75.87214644,3517.0,9.369377379032567,0.000529316,2026-09-01T06:54:27.896595+00:00
PKGL-05298,,35.74933912,75.87646585,3508.0,9.170092590303325,0.001497957,2026-09-01T06:54:27.896595+00:00
PKGL-05299,,35.74829743,75.87745228,3498.0,9.12783017178018,0.000449712,2026-09-01T06:54:27.896595+00:00
PKGL-05300,,35.74832497,75.87603893,3495.0,9.055800007861988,0.000485552,2026-09-01T06:54:27.896595+00:00
PKGL-05301,,35.74891834,75.87690225,3501.0,9.154755148427007,0.000390457,2026-09-01T06:54:27.896595+00:00
PKGL-05302,,35.74922704,75.87757228,3552.0,9.217897141675008,0.000124748,2026-09-01T06:54:27.896595+00:00
PKGL-05303,,35.74734116,75.87671925,3487.0,9.0029391435053,0.000440028,2026-09-01T06:54:27.896595+00:00
PKGL-05304,,35.72910808,75.8846143,3387.0,7.984778195421382,0.000619369,2026-09-01T06:54:27.896595+00:00
PKGL-05305,,35.72647219,75.88824064,3358.0,8.05103606373065,0.001346692,2026-09-01T06:54:27.896595+00:00
PKGL-05306,,35.72668749,75.89238981,3349.0,8.27364908432434,0.000587502,2026-09-01T06:54:27.896595+00:00
PKGL-05307,,35.73056118,75.89473941,3349.0,8.753664331961563,0.00154001,2026-09-01T06:54:27.896595+00:00
PKGL-05308,,35.73117435,75.89427842,3346.0,8.795336850071221,0.002472648,2026-09-01T06:54:27.896595+00:00
PKGL-05309,,35.73213713,75.89123352,3363.0,8.657681123598547,0.000707317,2026-09-01T06:54:27.896595+00:00
PKGL-05310,,35.73169181,75.8901841,3363.0,8.5533703492146,0.000403837,2026-09-01T06:54:27.896595+00:00
PKGL-05311,,35.72266507,75.89131908,3330.0,7.833092983535542,0.00204482,2026-09-01T06:54:27.896595+00:00
PKGL-05312,,35.72213701,75.89182956,3329.0,7.8035720514591,0.000812328,2026-09-01T06:54:27.896595+00:00
PKGL-05313,,35.72166444,75.8912051,3321.0,7.730392012313945,0.000384483,2026-09-01T06:54:27.896595+00:00
PKGL-05314,,35.72304369,75.89010791,3333.0,7.8191383538843,0.000374443,2026-09-01T06:54:27.896595+00:00
PKGL-05315,,35.71998707,75.89273808,3320.0,7.635979610161158,0.001175972,2026-09-01T06:54:27.896595+00:00
PKGL-05316,,35.72023665,75.89912093,3296.0,7.964825041506368,0.000696307,2026-09-01T06:54:27.896595+00:00
PKGL-05317,,35.71958643,75.89989516,3296.0,7.944097176375793,0.001104453,2026-09-01T06:54:27.896595+00:00
PKGL-05318,,35.71939161,75.90013692,3291.0,7.938626504029875,0.000462038,2026-09-01T06:54:27.896595+00:00
PKGL-05319,,35.71685044,75.89172855,3296.0,7.289394933659989,0.000528757,2026-09-01T06:54:27.896595+00:00
PKGL-05320,,35.69132667,75.8987815,3116.0,5.559612960431125,0.001957715,2026-09-01T06:54:27.896595+00:00
PKGL-05321,,35.69141119,75.89772033,3115.0,5.490089734459147,0.000433077,2026-09-01T06:54:27.896595+00:00
PKGL-05322,,35.69180892,75.89678947,3113.0,5.452564905589163,0.00016012,2026-09-01T06:54:27.896595+00:00
PKGL-05323,,35.69171561,75.89713584,3114.0,5.470201757044227,0.000284119,2026-09-01T06:54:27.896595+00:00
PKGL-05324,,35.69299221,75.89902203,3128.0,5.691920442588879,0.000964142,2026-09-01T06:54:27.896595+00:00
PKGL-05325,,35.93498869,75.91155958,4266.0,29.377154624342992,0.001014336,2026-09-01T06:54:27.896595+00:00
PKGL-05326,,35.93513666,75.91213673,4269.0,29.407903396191045,0.000414747,2026-09-01T06:54:27.896595+00:00
PKGL-05327,,35.93227511,75.91710168,4256.0,29.237286503526143,0.000686262,2026-09-01T06:54:27.896595+00:00
PKGL-05328,,35.93069561,75.9177894,4253.0,29.08928574704693,0.000375473,2026-09-01T06:54:27.896595+00:00
PKGL-05329,,35.93082559,75.91754045,4252.0,29.09608876775258,9.64e-05,2026-09-01T06:54:27.896595+00:00
PKGL-05330,,35.93113164,75.91746484,4253.0,29.126352547787643,0.000130559,2026-09-01T06:54:27.896595+00:00
PKGL-05331,,35.93111601,75.91714667,4255.0,29.11587024485384,0.000215554,2026-09-01T06:54:27.896595+00:00
PKGL-05332,,35.93141363,75.91701701,4256.0,29.14377282310636,0.000138232,2026-09-01T06:54:27.896595+00:00
PKGL-05333,,35.93027948,75.91888026,4252.0,29.07594560578952,0.000519291,2026-09-01T06:54:27.896595+00:00
PKGL-05334,,35.93179626,75.91943161,4251.0,29.25166439934517,0.001199188,2026-09-01T06:54:27.896595+00:00
PKGL-05335,,35.92955734,75.91867907,4254.0,28.99401792412573,0.000531327,2026-09-01T06:54:27.896595+00:00
PKGL-05336,,35.92977135,75.91927497,4255.0,29.03348324036066,0.000152543,2026-09-01T06:54:27.896595+00:00
PKGL-05337,,35.92875445,75.92289132,4232.0,29.030877701756463,0.000140563,2026-09-01T06:54:27.896595+00:00
PKGL-05338,,35.92829211,75.92281333,4232.0,28.97999460199586,0.000405495,2026-09-01T06:54:27.896595+00:00
PKGL-05339,,35.92844327,75.92308725,4231.0,29.00394674798921,0.000381924,2026-09-01T06:54:27.896595+00:00
PKGL-05340,,35.92940637,75.92118195,4241.0,29.049631624951505,0.000249407,2026-09-01T06:54:27.896595+00:00
PKGL-05341,,35.92703392,75.92306807,4236.0,28.855350983162,0.000117897,2026-09-01T06:54:27.896595+00:00
PKGL-05342,,35.92747673,75.92474639,4233.0,28.95185306695289,0.000204272,2026-09-01T06:54:27.896595+00:00
PKGL-05343,,35.92257528,75.93017551,4195.0,28.60811050564662,0.000371072,2026-09-01T06:54:27.896595+00:00
PKGL-05344,,35.92136953,75.93158596,4184.0,28.52822852988309,0.000287267,2026-09-01T06:54:27.896595+00:00
PKGL-05345,,35.91970691,75.9326701,4176.0,28.391300980730666,0.000349713,2026-09-01T06:54:27.896595+00:00
PKGL-05346,,35.91861389,75.93288654,4177.0,28.28533088416313,0.000282262,2026-09-01T06:54:27.896595+00:00
PKGL-05347,,35.91873302,75.9335689,4168.0,28.32025594427004,0.000306398,2026-09-01T06:54:27.896595+00:00
PKGL-05348,,35.9184527,75.93429242,4170.0,28.315402072284805,0.000950222,2026-09-01T06:54:27.896595+00:00
PKGL-05349,,35.91325722,75.93911126,4136.0,27.946854105682625,0.000294398,2026-09-01T06:54:27.896595+00:00
PKGL-05350,,35.9128244,75.93962119,4135.0,27.92062208303385,0.000804159,2026-09-01T06:54:27.896595+00:00
PKGL-05351,,35.91031415,75.94032227,4127.0,27.68939330374387,0.001034585,2026-09-01T06:54:27.896595+00:00
PKGL-05352,,35.9086563,75.94853264,4097.0,27.825749401021223,0.000816475,2026-09-01T06:54:27.896595+00:00
PKGL-05353,,35.90843361,75.94872808,4096.0,27.810796361193056,0.000242068,2026-09-01T06:54:27.896595+00:00
PKGL-05354,,35.90826679,75.94964368,4088.0,27.82915309657981,0.000778038,2026-09-01T06:54:27.896595+00:00
PKGL-05355,,35.90709054,75.95002286,4085.0,27.72564536879992,0.000555572,2026-09-01T06:54:27.896595+00:00
PKGL-05356,,35.90694657,75.95043548,4083.0,27.727214552359808,0.000663054,2026-09-01T06:54:27.896595+00:00
PKGL-05357,,35.9073724,75.95099792,4083.0,27.79180228148761,0.001000287,2026-09-01T06:54:27.896595+00:00
PKGL-05358,,35.90590008,75.95175696,4081.0,27.6740662435998,0.000233223,2026-09-01T06:54:27.896595+00:00
PKGL-05359,,35.90466537,75.95577592,4058.0,27.711342034549208,0.00132528,2026-09-01T06:54:27.896595+00:00
PKGL-05360,,35.9042743,75.95619961,4046.0,27.68968869660681,0.00043772,2026-09-01T06:54:27.896595+00:00
PKGL-05361,,35.90039296,75.93706036,4091.0,26.56119099826943,0.002394893,2026-09-01T06:54:27.896595+00:00
PKGL-05362,,35.90118765,75.93656926,4092.0,26.624173378521867,0.000510796,2026-09-01T06:54:27.896595+00:00
PKGL-05363,,35.9033602,75.93310247,4117.0,26.72240897091829,0.000472929,2026-09-01T06:54:27.896595+00:00
PKGL-05364,,35.90322885,75.93400702,4110.0,26.740790758228275,0.000312475,2026-09-01T06:54:27.896595+00:00
PKGL-05365,,35.90362615,75.93336762,4116.0,26.75894700092952,0.000558196,2026-09-01T06:54:27.896595+00:00
PKGL-05366,,35.9039688,75.93271749,4117.0,26.771311288046263,0.000470353,2026-09-01T06:54:27.896595+00:00
PKGL-05367,,35.90368509,75.93289638,4116.0,26.748478647450973,0.000204434,2026-09-01T06:54:27.896595+00:00
PKGL-05368,,35.90367962,75.93245334,4117.0,26.7324533755676,0.00027742,2026-09-01T06:54:27.896595+00:00
PKGL-05369,,35.90480759,75.93122486,4129.0,26.805722574515823,0.000466162,2026-09-01T06:54:27.896595+00:00
PKGL-05370,,35.90398115,75.92831712,4144.0,26.621623972728653,0.001050916,2026-09-01T06:54:27.896595+00:00
PKGL-05371,,35.90764701,75.92660158,4157.0,26.94335080175753,0.000344187,2026-09-01T06:54:27.896595+00:00
PKGL-05372,,35.90991932,75.9189862,4204.0,26.93876531117616,0.001689806,2026-09-01T06:54:27.896595+00:00
PKGL-05373,,35.90918816,75.93356084,4138.0,27.33624685519806,0.000375472,2026-09-01T06:54:27.896595+00:00
PKGL-05374,,35.91036274,75.92854772,4157.0,27.28847782424043,0.001001064,2026-09-01T06:54:27.896595+00:00
PKGL-05375,,35.91151312,75.92696541,4167.0,27.3559328204722,0.00076309,2026-09-01T06:54:27.896595+00:00
PKGL-05376,,35.91181157,75.92227657,4178.0,27.237920486194604,0.000285337,2026-09-01T06:54:27.896595+00:00
PKGL-05377,,35.81734717,75.96886446,3499.0,20.30307940908168,0.001999487,2026-09-01T06:54:27.896595+00:00
PKGL-05378,,35.82047396,75.96548344,3552.0,20.3612516434182,0.001874549,2026-09-01T06:54:27.896595+00:00
PKGL-05379,,35.82622595,75.96539135,3567.0,20.843720903424167,0.00057501,2026-09-01T06:54:27.896595+00:00
PKGL-05380,,35.83439701,75.96179645,3676.0,21.351716973167903,0.00191036,2026-09-01T06:54:27.896595+00:00
PKGL-05381,,35.83677236,75.96580695,3688.0,21.781681016631023,0.001998928,2026-09-01T06:54:27.896595+00:00
PKGL-05382,,35.83892994,75.96649239,3715.0,22.00930664628773,0.000791066,2026-09-01T06:54:27.896595+00:00
PKGL-05383,,35.83988898,75.9595137,3712.0,21.717675852644696,0.002273236,2026-09-01T06:54:27.896595+00:00
PKGL-05384,,35.84270944,75.95475431,3728.0,21.7250868293868,0.001302395,2026-09-01T06:54:27.896595+00:00
PKGL-05385,,35.84488207,75.95405466,3737.0,21.888732020325254,0.002049588,2026-09-01T06:54:27.896595+00:00
PKGL-05386,,35.84522147,75.96628726,3764.0,22.556901311696954,0.002762134,2026-09-01T06:54:27.896595+00:00
PKGL-05387,,35.84499824,75.96891812,3738.0,22.678725786990665,0.00188627,2026-09-01T06:54:27.896595+00:00
PKGL-05388,,35.84996864,75.9658601,3786.0,22.961259325688225,0.001598264,2026-09-01T06:54:27.896595+00:00
PKGL-05389,,35.85186689,75.96924176,3794.0,23.31060506886349,0.005585172,2026-09-01T06:54:27.896595+00:00
PKGL-05390,,35.85166739,75.96691633,3796.0,23.170296648615903,0.000759483,2026-09-01T06:54:27.896595+00:00
PKGL-05391,,35.85120385,75.96616346,3789.0,23.08894408556185,0.000941746,2026-09-01T06:54:27.896595+00:00
PKGL-05392,,35.85295383,75.96958891,3801.0,23.42690554525274,0.002596957,2026-09-01T06:54:27.896595+00:00
PKGL-05393,,35.85588824,75.97159059,3827.0,23.79713152313636,0.003289618,2026-09-01T06:54:27.896595+00:00
PKGL-05394,,35.85966292,75.9739058,3853.0,24.259887656492783,0.000783981,2026-09-01T06:54:27.896595+00:00
PKGL-05395,,35.86078614,75.9754984,3858.0,24.44495015524397,0.002026608,2026-09-01T06:54:27.896595+00:00
PKGL-05396,,35.86597269,75.97666283,3879.0,24.976204621175405,0.002496164,2026-09-01T06:54:27.896595+00:00
PKGL-05397,,35.8643342,75.97294348,3878.0,24.635225491804444,0.000696496,2026-09-01T06:54:27.896595+00:00
PKGL-05398,,35.8704979,75.97772005,3900.0,25.44379279989927,0.002628676,2026-09-01T06:54:27.896595+00:00
PKGL-05399,,35.87013459,75.97801519,3902.0,25.425645091437204,0.001022245,2026-09-01T06:54:27.896595+00:00
PKGL-05400,,35.8730912,75.97873641,3906.0,25.733376148950786,0.002100594,2026-09-01T06:54:27.896595+00:00
PKGL-05401,,35.87256721,75.97504379,3902.0,25.498648901025582,0.001846191,2026-09-01T06:54:27.896595+00:00
PKGL-05402,,35.87524971,75.97991459,3914.0,25.99146859518583,0.001088718,2026-09-01T06:54:27.896595+00:00
PKGL-05403,,35.87546569,75.9795904,3919.0,25.994904853220035,0.001926355,2026-09-01T06:54:27.896595+00:00
PKGL-05404,,35.87579059,75.97907257,3924.0,25.998656367082585,0.00213473,2026-09-01T06:54:27.896595+00:00
PKGL-05405,,35.87776455,75.97564335,3925.0,26.010345573920432,0.000842828,2026-09-01T06:54:27.896595+00:00
PKGL-05406,,35.87994332,75.97848123,3934.0,26.353202692620403,0.001662315,2026-09-01T06:54:27.896595+00:00
PKGL-05407,,35.8829529,75.98111881,3935.0,26.763394591871226,0.001079262,2026-09-01T06:54:27.896595+00:00
PKGL-05408,,35.88302899,75.97996904,3944.0,26.713568568962536,0.003527963,2026-09-01T06:54:27.896595+00:00
PKGL-05409,,35.88347838,75.9804478,3934.0,26.77900353848021,0.002714094,2026-09-01T06:54:27.896595+00:00
PKGL-05410,,35.88305652,75.97916862,3940.0,26.67669638010077,0.00417386,2026-09-01T06:54:27.896595+00:00
PKGL-05411,,35.88405465,75.98128933,3925.0,26.874168805430067,0.000652794,2026-09-01T06:54:27.896595+00:00
PKGL-05412,,35.8851678,75.98144233,3944.0,26.98525010984976,0.006599574,2026-09-01T06:54:27.896595+00:00
PKGL-05413,,35.88623114,75.98139382,3953.0,27.081905937839217,0.000512663,2026-09-01T06:54:27.896595+00:00
PKGL-05414,,35.88658934,75.98068395,3955.0,27.08054010088582,0.00040074,2026-09-01T06:54:27.896595+00:00
PKGL-05415,,35.88627186,75.98043872,3953.0,27.038899476190164,0.00086865,2026-09-01T06:54:27.896595+00:00
PKGL-05416,,35.8863674,75.97952562,3956.0,27.00327393489714,0.000336854,2026-09-01T06:54:27.896595+00:00
PKGL-05417,,35.88568949,75.97929497,3946.0,26.92863174836349,0.003180097,2026-09-01T06:54:27.896595+00:00
PKGL-05418,,35.88575382,75.97993163,3950.0,26.96572465764296,0.000242438,2026-09-01T06:54:27.896595+00:00
PKGL-05419,,35.88591571,75.98013506,3950.0,26.990790252982663,0.000191108,2026-09-01T06:54:27.896595+00:00
PKGL-05420,,35.8852539,75.98009433,3946.0,26.927017020631503,0.000173696,2026-09-01T06:54:27.896595+00:00
PKGL-05421,,35.88507562,75.9785781,3945.0,26.8362866882623,0.001107058,2026-09-01T06:54:27.896595+00:00
PKGL-05422,,35.88515311,75.97828904,3948.0,26.82946917022969,0.000103163,2026-09-01T06:54:27.896595+00:00
PKGL-05423,,35.88413461,75.97896851,3939.0,26.767417251784643,0.001338794,2026-09-01T06:54:27.896595+00:00
PKGL-05424,,35.88430094,75.97735781,3944.0,26.704423953539848,0.001063358,2026-09-01T06:54:27.896595+00:00
PKGL-05425,,35.88309833,75.97733781,3943.0,26.59092625281862,0.013151829,2026-09-01T06:54:27.896595+00:00
PKGL-05426,,35.88578048,75.97724899,3952.0,26.83786642177194,0.000524899,2026-09-01T06:54:27.896595+00:00
PKGL-05427,,35.88499606,75.97714736,3947.0,26.75935859165096,0.003394056,2026-09-01T06:54:27.896595+00:00
PKGL-05428,,35.88482148,75.97658981,3950.0,26.71601421638778,0.000339866,2026-09-01T06:54:27.896595+00:00
PKGL-05429,,35.88600027,75.97667535,3949.0,26.830849230137595,0.002164833,2026-09-01T06:54:27.896595+00:00
PKGL-05430,,35.88625133,75.97840494,3947.0,26.93796157039885,0.0002547,2026-09-01T06:54:27.896595+00:00
PKGL-05431,,35.8875714,75.97856995,3957.0,27.06976979632425,0.000797479,2026-09-01T06:54:27.896595+00:00
PKGL-05432,,35.88692996,75.9813179,3960.0,27.143363862063342,0.000297538,2026-09-01T06:54:27.896595+00:00
PKGL-05433,,35.88806255,75.98144412,3961.0,27.255310462088254,0.000516297,2026-09-01T06:54:27.896595+00:00
PKGL-05434,,35.89077841,75.977853,3961.0,27.337317778199804,0.001278756,2026-09-01T06:54:27.896595+00:00
PKGL-05435,,35.91606116,76.00299017,4132.0,30.92355513035207,0.019020805,2026-09-01T06:54:27.896595+00:00
PKGL-05436,,35.91506766,76.0034193,4123.0,30.85163532987935,0.000646257,2026-09-01T06:54:27.896595+00:00
PKGL-05437,,35.9148662,76.00210786,4118.0,30.76881700636736,0.001296427,2026-09-01T06:54:27.896595+00:00
PKGL-05438,,35.91348352,76.00076335,4119.0,30.57402133808904,0.002926998,2026-09-01T06:54:27.896595+00:00
PKGL-05439,,35.91317981,75.99670935,4093.0,30.34979671826924,0.001355177,2026-09-01T06:54:27.896595+00:00
PKGL-05440,,35.91204454,75.99509186,4101.0,30.16546273176064,0.000531994,2026-09-01T06:54:27.896595+00:00
PKGL-05441,,35.91019317,75.99354712,4089.0,29.91715520616325,0.002484461,2026-09-01T06:54:27.896595+00:00
PKGL-05442,,35.9087561,75.99713363,4088.0,29.95506779286476,0.002148399,2026-09-01T06:54:27.896595+00:00
PKGL-05443,,35.907778,75.99298216,4080.0,29.66263971266688,0.00142517,2026-09-01T06:54:27.896595+00:00
PKGL-05444,,35.90785592,75.99407353,4081.0,29.72246474895455,0.005830154,2026-09-01T06:54:27.896595+00:00
PKGL-05445,,35.90693023,75.99492055,4083.0,29.67659084428498,0.000675199,2026-09-01T06:54:27.896595+00:00
PKGL-05446,,35.90023386,76.00113713,4079.0,29.3638402664238,0.001520635,2026-09-01T06:54:27.896595+00:00
PKGL-05447,,35.90016331,76.00064337,4081.0,29.33231609003748,0.000580186,2026-09-01T06:54:27.896595+00:00
PKGL-05448,,35.90066134,76.00212577,4083.0,29.453325202195,0.000755228,2026-09-01T06:54:27.896595+00:00
PKGL-05449,,35.90288168,75.98939524,4055.0,29.02978861995591,0.000777272,2026-09-01T06:54:27.896595+00:00
PKGL-05450,,35.90396958,75.99002125,4061.0,29.16219062985357,0.000511041,2026-09-01T06:54:27.896595+00:00
PKGL-05451,,35.89805109,75.99547735,4041.0,28.877468002020585,0.000690841,2026-09-01T06:54:27.896595+00:00
PKGL-05452,,35.89793178,75.99501493,4042.0,28.843318368652017,0.000901821,2026-09-01T06:54:27.896595+00:00
PKGL-05453,,35.89727574,75.99365924,4036.0,28.7149650389055,0.002372651,2026-09-01T06:54:27.896595+00:00
PKGL-05454,,35.89701187,75.99308243,4035.0,28.661808711999484,0.001081379,2026-09-01T06:54:27.896595+00:00
PKGL-05455,,35.89806784,75.99194483,4035.0,28.70356184597058,0.001391333,2026-09-01T06:54:27.896595+00:00
PKGL-05456,,35.90020872,75.98877653,4030.0,28.74887942414864,0.003196933,2026-09-01T06:54:27.896595+00:00
PKGL-05457,,35.89868962,75.98123602,4013.0,28.245951393730284,0.002334478,2026-09-01T06:54:27.896595+00:00
PKGL-05458,,35.89836871,75.98349285,4016.0,28.322319902754995,0.000511365,2026-09-01T06:54:27.896595+00:00
PKGL-05459,,35.89605153,75.98773325,4016.0,28.308910374779828,0.000361424,2026-09-01T06:54:27.896595+00:00
PKGL-05460,,35.89619282,75.98814195,4017.0,28.34206871153959,0.000608159,2026-09-01T06:54:27.896595+00:00
PKGL-05461,,35.89517643,75.9905307,4016.0,28.36486801160702,0.000326842,2026-09-01T06:54:27.896595+00:00
PKGL-05462,,35.89283176,75.98725621,3994.0,27.98514150629474,0.001711754,2026-09-01T06:54:27.896595+00:00
PKGL-05463,,35.89227804,75.98640715,3997.0,27.89179776154571,0.000780895,2026-09-01T06:54:27.896595+00:00
PKGL-05464,,35.89274879,75.98609413,4002.0,27.92033313229372,0.000560881,2026-09-01T06:54:27.896595+00:00
PKGL-05465,,35.89365159,75.98751513,4003.0,28.074248898855465,0.000822769,2026-09-01T06:54:27.896595+00:00
PKGL-05466,,35.89452784,75.98434209,3996.0,28.00150416666384,0.00242988,2026-09-01T06:54:27.896595+00:00
PKGL-05467,,35.89429119,75.98623377,4003.0,28.07120929085211,0.008072957,2026-09-01T06:54:27.896595+00:00
PKGL-05468,,35.89556194,75.98597049,4019.0,28.17732406286749,0.000404593,2026-09-01T06:54:27.896595+00:00
PKGL-05469,,35.89444931,75.98180648,3993.0,27.872177517063584,0.000859917,2026-09-01T06:54:27.896595+00:00
PKGL-05470,,35.8942543,75.98149773,3990.0,27.83903722094153,0.000444604,2026-09-01T06:54:27.896595+00:00
PKGL-05471,,35.89479396,75.98140204,3998.0,27.885352409163083,0.000263506,2026-09-01T06:54:27.896595+00:00
PKGL-05472,,35.8949976,75.98117694,3999.0,27.89384150433617,0.00044487,2026-09-01T06:54:27.896595+00:00
PKGL-05473,,35.89617487,75.97990263,4003.0,27.94479164089185,0.003834664,2026-09-01T06:54:27.896595+00:00
PKGL-05474,,35.89516262,75.98012397,4003.0,27.859429984090905,0.00044361,2026-09-01T06:54:27.896595+00:00
PKGL-05475,,35.89572001,75.97728513,3999.0,27.77882089824986,0.000489344,2026-09-01T06:54:27.896595+00:00
PKGL-05476,,35.89445297,75.97560867,3987.0,27.58013404335472,0.009211585,2026-09-01T06:54:27.896595+00:00
PKGL-05477,,35.89442339,75.97807822,3995.0,27.69285040118311,0.003687373,2026-09-01T06:54:27.896595+00:00
PKGL-05478,,35.89279239,75.97304679,3959.0,27.303038872982565,0.016330554,2026-09-01T06:54:27.896595+00:00
PKGL-05479,,35.89403596,75.97323887,3966.0,27.430661858530264,0.001693658,2026-09-01T06:54:27.896595+00:00
PKGL-05480,,35.89329646,75.97403713,3964.0,27.39696469536817,0.002137131,2026-09-01T06:54:27.896595+00:00
PKGL-05481,,35.89299302,75.97614535,3976.0,27.46635837049096,0.001765964,2026-09-01T06:54:27.896595+00:00
PKGL-05482,,35.89231634,75.97569681,3966.0,27.381079218528026,0.002731769,2026-09-01T06:54:27.896595+00:00
PKGL-05483,,35.89094457,75.97551761,3959.0,27.2425047291388,0.001857058,2026-09-01T06:54:27.896595+00:00
PKGL-05484,,35.89165377,75.97578217,3964.0,27.322205011960573,0.002368151,2026-09-01T06:54:27.896595+00:00
PKGL-05485,,35.89054933,75.97675592,3962.0,27.263566434077465,0.006586797,2026-09-01T06:54:27.896595+00:00
PKGL-05486,,35.89063177,75.97924218,3965.0,27.389833966806403,0.001801308,2026-09-01T06:54:27.896595+00:00
PKGL-05487,,35.89094775,75.97970547,3970.0,27.441790883093045,0.001623247,2026-09-01T06:54:27.896595+00:00
PKGL-05488,,35.89180001,75.9794257,3975.0,27.50868359377171,0.000905069,2026-09-01T06:54:27.896595+00:00
PKGL-05489,,35.89106731,75.98130531,3975.0,27.53001842682044,0.001830567,2026-09-01T06:54:27.896595+00:00
PKGL-05490,,35.88998777,75.98442793,3985.0,27.58110162348417,0.00086747,2026-09-01T06:54:27.896595+00:00
PKGL-05491,,35.88842841,75.98301304,3967.0,27.36625677427708,0.00103354,2026-09-01T06:54:27.896595+00:00
PKGL-05492,,35.8914209,75.9844874,3998.0,27.717733600056395,0.00068928,2026-09-01T06:54:27.896595+00:00
PKGL-05493,,35.89186368,75.98418327,4000.0,27.744262826193264,0.000740442,2026-09-01T06:54:27.896595+00:00
PKGL-05494,,35.89219397,75.98450778,3999.0,27.79096698530969,0.000402313,2026-09-01T06:54:27.896595+00:00
PKGL-05495,,35.88986308,75.97595599,3955.0,27.16076891348203,0.000833147,2026-09-01T06:54:27.896595+00:00
PKGL-05496,,35.89136705,75.95461788,4010.0,26.349590269024723,0.001720685,2026-09-01T06:54:27.896595+00:00
PKGL-05497,,35.889026,75.9570712,3983.0,26.22507975302928,0.00086895,2026-09-01T06:54:27.896595+00:00
PKGL-05498,,35.88727282,75.95887007,3975.0,26.1326917141756,0.0005632,2026-09-01T06:54:27.896595+00:00
PKGL-05499,,35.88737889,75.95589546,3975.0,26.01357261784991,0.000839448,2026-09-01T06:54:27.896595+00:00
PKGL-05500,,35.87672885,75.96203199,3927.0,25.26082531716013,0.003634881,2026-09-01T06:54:27.896595+00:00
PKGL-05501,,35.87606046,75.9620127,3920.0,25.19625848947033,0.001027554,2026-09-01T06:54:27.896595+00:00
PKGL-05502,,35.87616322,75.96255037,3928.0,25.23108769517899,0.000620163,2026-09-01T06:54:27.896595+00:00
PKGL-05503,,35.87576524,75.96220496,3922.0,25.17711503892093,0.001348649,2026-09-01T06:54:27.896595+00:00
PKGL-05504,,35.87588941,75.96359156,3922.0,25.25378522246437,0.001046677,2026-09-01T06:54:27.896595+00:00
PKGL-05505,,35.87659828,75.96508461,3929.0,25.39125342345351,0.001580897,2026-09-01T06:54:27.896595+00:00
PKGL-05506,,35.87692081,75.96367308,3933.0,25.35556383038265,0.000497969,2026-09-01T06:54:27.896595+00:00
PKGL-05507,,35.8742107,75.9634916,3912.0,25.08991730107504,0.000778109,2026-09-01T06:54:27.896595+00:00
PKGL-05508,,35.87299864,75.96213272,3904.0,24.91099317117612,0.000846859,2026-09-01T06:54:27.896595+00:00
PKGL-05509,,35.86820667,75.9642859,3882.0,24.562223344224265,0.000771097,2026-09-01T06:54:27.896595+00:00
PKGL-05510,,35.86803616,75.9645295,3881.0,24.558072656124192,0.000640556,2026-09-01T06:54:27.896595+00:00
PKGL-05511,,35.86846413,75.96244172,3882.0,24.497418915686087,0.001923758,2026-09-01T06:54:27.896595+00:00
PKGL-05512,,35.86741866,75.96123427,3869.0,24.341092433100503,0.000906984,2026-09-01T06:54:27.896595+00:00
PKGL-05513,,35.8668934,75.96241385,3880.0,24.348446159852585,0.001087359,2026-09-01T06:54:27.896595+00:00
PKGL-05514,,35.86688918,75.961041,3868.0,24.281975016347324,0.002186817,2026-09-01T06:54:27.896595+00:00
PKGL-05515,,35.86570246,75.96323032,3868.0,24.27643937981964,0.003659494,2026-09-01T06:54:27.896595+00:00
PKGL-05516,,35.86544519,75.96212799,3866.0,24.1987727974,0.000719812,2026-09-01T06:54:27.896595+00:00
PKGL-05517,,35.86049386,75.97104669,3859.0,24.186933951919087,0.002292224,2026-09-01T06:54:27.896595+00:00
PKGL-05518,,35.86022265,75.96827377,3847.0,24.020054736010152,0.001866534,2026-09-01T06:54:27.896595+00:00
PKGL-05519,,35.85820104,75.96904667,3839.0,23.8747141800103,0.001154078,2026-09-01T06:54:27.896595+00:00
PKGL-05520,,35.85820126,75.97365122,3845.0,24.11436348075877,0.001152609,2026-09-01T06:54:27.896595+00:00
PKGL-05521,,35.85824411,75.97284923,3846.0,24.076159781129533,0.001409643,2026-09-01T06:54:27.896595+00:00
PKGL-05522,,35.85789075,75.97042187,3835.0,23.917561958687,0.000890129,2026-09-01T06:54:27.896595+00:00
PKGL-05523,,35.85601114,75.96780025,3827.0,23.61075259752148,0.001333765,2026-09-01T06:54:27.896595+00:00
PKGL-05524,,35.85522885,75.96658524,3821.0,23.476738753943128,0.002875895,2026-09-01T06:54:27.896595+00:00
PKGL-05525,,35.85226473,75.96379914,3795.0,23.06276873825455,0.005029224,2026-09-01T06:54:27.896595+00:00
PKGL-05526,,35.84876622,75.9632895,3773.0,22.71797960736449,0.0017414,2026-09-01T06:54:27.896595+00:00
PKGL-05527,,35.86387917,75.96652406,3858.0,24.26898139884904,0.001985914,2026-09-01T06:54:27.896595+00:00
PKGL-05528,,35.86265005,75.967313,3854.0,24.194798186953847,0.004046672,2026-09-01T06:54:27.896595+00:00
PKGL-05529,,35.86907714,75.96159385,3882.0,24.51460688323094,0.002536954,2026-09-01T06:54:27.896595+00:00
PKGL-05530,,35.8767599,75.97928338,3925.0,26.098639181220463,0.001995772,2026-09-01T06:54:27.896595+00:00
PKGL-05531,,35.87791679,75.98082437,3917.0,26.282918920086576,0.001311124,2026-09-01T06:54:27.896595+00:00
PKGL-05532,,35.88093974,75.97510553,3936.0,26.28026799356131,0.000998099,2026-09-01T06:54:27.896595+00:00
PKGL-05533,,35.88058164,75.97747909,3933.0,26.363039865051345,0.001530237,2026-09-01T06:54:27.896595+00:00
PKGL-05534,,35.87981863,75.97556352,3935.0,26.197844494470345,0.000598425,2026-09-01T06:54:27.896595+00:00
PKGL-05535,,35.87891324,75.96163668,3941.0,25.4511262214702,0.000907395,2026-09-01T06:54:27.896595+00:00
PKGL-05536,,35.87885421,75.96205077,3939.0,25.46453025947323,0.000375616,2026-09-01T06:54:27.896595+00:00
PKGL-05537,,35.87887088,75.9609153,3939.0,25.41398695558242,0.001535114,2026-09-01T06:54:27.896595+00:00
PKGL-05538,,35.87965281,75.96164015,3943.0,25.52205943714669,0.000820001,2026-09-01T06:54:27.896595+00:00
PKGL-05539,,35.78427746,76.39338411,4787.0,37.281362646896426,0.047852837,2026-09-01T06:54:27.896595+00:00
PKGL-05540,,35.69175922,75.90961728,3092.0,6.386795717597633,0.001804362,2026-09-01T06:54:27.896595+00:00
PKGL-05541,,35.69217306,75.90955837,3103.0,6.407370820724824,0.000146642,2026-09-01T06:54:27.896595+00:00
PKGL-05542,,35.69113599,75.91045077,3091.0,6.413328372641307,0.009604565,2026-09-01T06:54:27.896595+00:00
PKGL-05543,,35.74903358,75.87752588,3552.0,9.197997747598391,8.58e-05,2026-09-01T06:54:27.896595+00:00
PKGL-05544,,35.77828879,75.84700347,3642.0,11.030237220074522,0.001130353,2026-09-01T06:54:27.896595+00:00
PKGL-05545,,35.88047305,75.72978767,4116.0,18.32511085379953,0.003106105,2026-09-01T06:54:27.896595+00:00
PKGL-05546,,35.87998168,75.72776339,4099.0,18.182038526390155,0.000271758,2026-09-01T06:54:27.896595+00:00
PKGL-05547,,35.91036701,75.63156392,4443.0,18.85135178111032,0.000394104,2026-09-01T06:54:27.896595+00:00
PKGL-05548,,35.90985918,75.631748,4445.0,18.795760275039097,0.000704258,2026-09-01T06:54:27.896595+00:00
PKGL-05549,,35.90956532,75.63212409,4446.0,18.764828710569688,0.000485383,2026-09-01T06:54:27.896595+00:00
PKGL-05550,,36.07039824,75.36100047,4323.0,22.138622751907143,0.000949473,2026-09-01T06:54:27.896595+00:00
PKGL-05551,,36.07073442,75.35933445,4320.0,22.199157838812585,0.001187942,2026-09-01T06:54:27.896595+00:00
PKGL-05552,,36.07126097,75.35861453,4307.0,22.267423484966898,0.000885523,2026-09-01T06:54:27.896595+00:00
PKGL-05553,,35.80258857,75.00817964,3514.0,12.29636873722231,0.000443628,2026-09-01T06:54:27.896595+00:00
PKGL-05554,,36.18557087,75.12684815,4006.0,12.001289353502994,0.000465215,2026-09-01T06:54:27.896595+00:00
PKGL-05555,,35.89349733,74.88632014,3312.0,6.74268542048803,0.031401277,2026-09-01T06:54:27.896595+00:00
PKGL-05556,,36.17368534,74.88239125,4611.0,6.74069671784731,0.048678277,2026-09-01T06:54:27.896595+00:00
PKGL-05557,,36.21136736,74.8171493,3019.0,4.582800200173816,0.00197132,2026-09-01T06:54:27.896595+00:00
PKGL-05558,,36.32183327,74.85702198,2505.0,1.1948410690960654,3.930649382,2026-09-01T06:54:27.896595+00:00
PKGL-05559,,36.43009692,74.86239474,2645.0,1.1876744254853522,0.12738251,2026-09-01T06:54:27.896595+00:00
PKGL-05560,,36.59327051,75.81685082,4864.0,30.255326068660224,0.001821155,2026-09-01T06:54:27.896595+00:00
PKGL-05561,,36.59196995,75.81739274,4841.0,30.34292360159962,0.011849931,2026-09-01T06:54:27.896595+00:00
PKGL-05562,,36.59055421,75.8230959,4799.0,30.17232721819576,0.000811794,2026-09-01T06:54:27.896595+00:00
PKGL-05563,,36.5903122,75.82264815,4805.0,30.217415858124127,0.003805695,2026-09-01T06:54:27.896595+00:00
PKGL-05564,,36.58953471,75.82066667,4823.0,30.390516836935003,0.000201211,2026-09-01T06:54:27.896595+00:00
PKGL-05565,,36.5899345,75.81324912,4859.0,30.74484501920508,0.017156243,2026-09-01T06:54:27.896595+00:00
PKGL-05566,,36.58626355,75.80633706,5033.0,31.44161665486036,0.004175943,2026-09-01T06:54:27.896595+00:00
PKGL-05567,,36.58657021,75.80457097,5035.0,31.50983039755401,0.000920601,2026-09-01T06:54:27.896595+00:00
PKGL-05568,,36.54779221,75.80593586,4926.0,34.969092484577274,0.083534679,2026-09-01T06:54:27.896595+00:00
PKGL-05569,,36.54358077,75.80905468,4910.0,35.0063269811054,0.001046268,2026-09-01T06:54:27.896595+00:00
PKGL-05570,,36.54205958,75.80910531,4901.0,35.06087415827891,0.002327627,2026-09-01T06:54:27.896595+00:00
PKGL-05571,,36.52832722,75.80205163,4788.0,36.20553803202196,0.003876944,2026-09-01T06:54:27.896595+00:00
PKGL-05572,,36.50022868,75.81161777,4862.0,36.74581361218672,0.022423401,2026-09-01T06:54:27.896595+00:00
PKGL-05573,,36.50120176,75.81118057,4869.0,36.73088827636673,0.001981745,2026-09-01T06:54:27.896595+00:00
PKGL-05574,,36.50417327,75.81243208,4866.0,36.48107204412218,0.001867362,2026-09-01T06:54:27.896595+00:00
PKGL-05575,,36.50718188,75.82090965,4740.0,35.653969271901694,0.006056952,2026-09-01T06:54:27.896595+00:00
PKGL-05576,,36.5075719,75.8225853,4746.0,35.500804472356634,0.0041158,2026-09-01T06:54:27.896595+00:00
PKGL-05577,,36.51055752,75.82004749,4738.0,35.55473933504935,0.001703987,2026-09-01T06:54:27.896595+00:00
PKGL-05578,,36.50906709,75.81918691,4736.0,35.69732762327692,0.006524363,2026-09-01T06:54:27.896595+00:00
PKGL-05579,,36.51061917,75.81823221,4748.0,35.69721329457636,0.008447701,2026-09-01T06:54:27.896595+00:00
PKGL-05580,,36.50493725,75.84412883,4795.0,33.936044028023325,0.003632407,2026-09-01T06:54:27.896595+00:00
PKGL-05581,,36.43445157,75.81967097,4795.0,40.057957715901225,0.001625098,2026-09-01T06:54:27.896595+00:00
PKGL-05582,,36.43496591,75.82593683,4731.0,39.577998365142776,0.001237563,2026-09-01T06:54:27.896595+00:00
PKGL-05583,,36.43610265,75.82804426,4721.0,39.35151643936425,0.000627898,2026-09-01T06:54:27.896595+00:00
PKGL-05584,,36.43712485,75.827491,4737.0,39.32146169918963,0.001481231,2026-09-01T06:54:27.896595+00:00
PKGL-05585,,36.43723358,75.8266913,4741.0,39.37091808948647,0.005059893,2026-09-01T06:54:27.896595+00:00
PKGL-05586,,36.43796874,75.82752918,4742.0,39.26172914058499,0.001165969,2026-09-01T06:54:27.896595+00:00
PKGL-05587,,36.43782222,75.82572868,4740.0,39.39971716507909,0.003873777,2026-09-01T06:54:27.896595+00:00
PKGL-05588,,36.43733722,75.82404904,4729.0,39.55199680798119,0.001454743,2026-09-01T06:54:27.896595+00:00
PKGL-05589,,36.43861027,75.8200471,4776.0,39.75305980550176,0.000709643,2026-09-01T06:54:27.896595+00:00
PKGL-05590,,36.43844947,75.81891799,4770.0,39.844751824420165,0.000982459,2026-09-01T06:54:27.896595+00:00
PKGL-05591,,36.4393235,75.81974948,4796.0,39.72708309838114,0.003396346,2026-09-01T06:54:27.896595+00:00
PKGL-05592,,36.43711629,75.81929682,4746.0,39.90626825909842,0.000611197,2026-09-01T06:54:27.896595+00:00
PKGL-05593,,36.43713214,75.81966858,4744.0,39.87859957621138,0.000144971,2026-09-01T06:54:27.896595+00:00
PKGL-05594,,36.43701224,75.81901411,4749.0,39.93344622819856,0.000178626,2026-09-01T06:54:27.896595+00:00
PKGL-05595,,36.43648599,75.82004594,4755.0,39.89477131810501,0.000109897,2026-09-01T06:54:27.896595+00:00
PKGL-05596,,36.43637183,75.82040846,4751.0,39.87650942900281,0.00027319,2026-09-01T06:54:27.896595+00:00
PKGL-05597,,36.41358983,75.73411154,4837.0,37.44253878881391,0.001542562,2026-09-01T06:54:27.896595+00:00
PKGL-05598,,36.41429277,75.7334421,4841.0,37.37714971680597,0.000338259,2026-09-01T06:54:27.896595+00:00
PKGL-05599,,36.6441973,75.69924926,5101.0,34.06238745531764,0.003044741,2026-09-01T06:54:27.896595+00:00
PKGL-05600,,36.67589404,75.63743694,4916.0,29.76198655208537,0.001997805,2026-09-01T06:54:27.896595+00:00
PKGL-05601,,36.67665904,75.63647425,4910.0,29.65866159217291,0.000804637,2026-09-01T06:54:27.896595+00:00
PKGL-05602,,36.7391884,75.64969271,4898.0,23.36574887546481,0.000950603,2026-09-01T06:54:27.896595+00:00
PKGL-05603,,36.74173963,75.64761752,4838.0,23.034900460834827,0.001798135,2026-09-01T06:54:27.896595+00:00
PKGL-05604,,36.72648419,75.65591477,4969.0,24.883250080989367,0.003493259,2026-09-01T06:54:27.896595+00:00
PKGL-05605,,36.72883188,75.65658684,4925.0,24.661218174508832,0.001054402,2026-09-01T06:54:27.896595+00:00
PKGL-05606,,36.72913604,75.65755313,4918.0,24.661091005212825,0.001308682,2026-09-01T06:54:27.896595+00:00
PKGL-05607,,36.64772289,75.65638255,4622.0,33.22293119181549,0.002180659,2026-09-01T06:54:27.896595+00:00
PKGL-05608,,36.64783816,75.6558921,4616.0,33.198856158845885,0.000988887,2026-09-01T06:54:27.896595+00:00
PKGL-05609,,36.53271643,75.6720677,4797.0,33.49027339912837,0.001912384,2026-09-01T06:54:27.896595+00:00
PKGL-05610,,36.52425003,75.6666562,4691.0,32.74366293943755,0.001676628,2026-09-01T06:54:27.896595+00:00
PKGL-05611,,36.50729427,75.65988231,4600.0,31.654371989423048,0.005110929,2026-09-01T06:54:27.896595+00:00
PKGL-05612,,36.47921081,75.71766946,5156.0,36.16052192443406,0.009487244,2026-09-01T06:54:27.896595+00:00
PKGL-05613,,36.47888445,75.71844971,5155.0,36.22517328332865,0.001000665,2026-09-01T06:54:27.896595+00:00
PKGL-05614,,36.48047837,75.61786552,5185.0,27.356565606556607,0.001085334,2026-09-01T06:54:27.896595+00:00
PKGL-05615,,36.43645764,75.70788131,4781.0,34.9962559567333,0.000585041,2026-09-01T06:54:27.896595+00:00
PKGL-05616,,36.43716911,75.70784949,4800.0,34.99307721438874,0.000210437,2026-09-01T06:54:27.896595+00:00
PKGL-05617,,36.43826183,75.70883325,4815.0,35.080918500598855,0.000574618,2026-09-01T06:54:27.896595+00:00
PKGL-05618,,36.43859559,75.71041051,4822.0,35.222047329854774,0.000608569,2026-09-01T06:54:27.896595+00:00
PKGL-05619,,36.4386828,75.71150312,4809.0,35.319802383596475,0.001759998,2026-09-01T06:54:27.896595+00:00
PKGL-05620,,36.4391183,75.70904879,4825.0,35.100366139506185,0.001250664,2026-09-01T06:54:27.896595+00:00
PKGL-05621,,36.44090021,75.70945425,4838.0,35.137808340655006,0.000322502,2026-09-01T06:54:27.896595+00:00
PKGL-05622,,36.44131997,75.71133125,4855.0,35.30614089454084,0.000933292,2026-09-01T06:54:27.896595+00:00
PKGL-05623,,36.44135094,75.71039648,4853.0,35.22256227795577,0.002001985,2026-09-01T06:54:27.896595+00:00
PKGL-05624,,36.44195041,75.71059908,4857.0,35.241421955699025,0.000933705,2026-09-01T06:54:27.896595+00:00
PKGL-05625,,36.44228564,75.71041824,4858.0,35.22571434736657,0.002354047,2026-09-01T06:54:27.896595+00:00
PKGL-05626,,36.44150677,75.70898456,4838.0,35.09644969079638,0.001626709,2026-09-01T06:54:27.896595+00:00
PKGL-05627,,36.44215714,75.70889406,4841.0,35.089201178461295,0.003171614,2026-09-01T06:54:27.896595+00:00
PKGL-05628,,36.44248417,75.7133687,4858.0,35.48990742956236,0.000869976,2026-09-01T06:54:27.896595+00:00
PKGL-05629,,36.44247593,75.71245206,4862.0,35.40790803633345,0.001539937,2026-09-01T06:54:27.896595+00:00
PKGL-05630,,36.442038,75.71282136,4855.0,35.44031203757437,0.000317781,2026-09-01T06:54:27.896595+00:00
PKGL-05631,,36.44346198,75.71281485,4870.0,35.44201431055896,0.001872283,2026-09-01T06:54:27.896595+00:00
PKGL-05632,,36.44651743,75.71480673,4858.0,35.62740845505448,0.002025193,2026-09-01T06:54:27.896595+00:00
PKGL-05633,,36.44640286,75.71302017,4852.0,35.46732976112994,0.001715232,2026-09-01T06:54:27.896595+00:00
PKGL-05634,,36.44617473,75.71369164,4853.0,35.52672459392827,0.000279571,2026-09-01T06:54:27.896595+00:00
PKGL-05635,,36.44667162,75.71405533,4859.0,35.56067371251568,0.000128966,2026-09-01T06:54:27.896595+00:00
PKGL-05636,,36.44739868,75.71411732,4860.0,35.568460802064465,0.002419272,2026-09-01T06:54:27.896595+00:00
PKGL-05637,,36.44624089,75.71115473,4858.0,35.30006472697701,0.002137501,2026-09-01T06:54:27.896595+00:00
PKGL-05638,,36.44657271,75.71182428,4857.0,35.36089263872275,0.002230075,2026-09-01T06:54:27.896595+00:00
PKGL-05639,,36.44700631,75.71248841,4859.0,35.42158349413464,0.000368936,2026-09-01T06:54:27.896595+00:00
PKGL-05640,,36.44744385,75.71200748,4859.0,35.379970787238896,0.003253937,2026-09-01T06:54:27.896595+00:00
PKGL-05641,,36.44792208,75.71157419,4857.0,35.34282692885782,0.000613522,2026-09-01T06:54:27.896595+00:00
PKGL-05642,,36.44768249,75.71096986,4863.0,35.28798763342375,0.001190977,2026-09-01T06:54:27.896595+00:00
PKGL-05643,,36.4481911,75.71034259,4858.0,35.23365478552789,0.015899045,2026-09-01T06:54:27.896595+00:00
PKGL-05644,,36.44883705,75.70819435,4860.0,35.04396886106516,0.001297732,2026-09-01T06:54:27.896595+00:00
PKGL-05645,,36.44752518,75.7081293,4858.0,35.03350334544976,0.000450791,2026-09-01T06:54:27.896595+00:00
PKGL-05646,,36.44764096,75.70791326,4862.0,35.01457442882129,0.000171084,2026-09-01T06:54:27.896595+00:00
PKGL-05647,,36.44787349,75.70751056,4864.0,34.979362255885505,0.000218601,2026-09-01T06:54:27.896595+00:00
PKGL-05648,,36.44804114,75.70789381,4862.0,35.01420709805708,0.000276543,2026-09-01T06:54:27.896595+00:00
PKGL-05649,,36.44717933,75.70687893,4861.0,34.920584365196255,0.004460703,2026-09-01T06:54:27.896595+00:00
PKGL-05650,,36.4468788,75.70780983,4858.0,35.00287076476164,0.001331293,2026-09-01T06:54:27.896595+00:00
PKGL-05651,,36.4464127,75.70781122,4858.0,35.00159376874907,0.00116354,2026-09-01T06:54:27.896595+00:00
PKGL-05652,,36.44547107,75.70740994,4850.0,34.96311301903515,0.002540752,2026-09-01T06:54:27.896595+00:00
PKGL-05653,,36.4446255,75.70820351,4845.0,35.03201398218676,0.000932733,2026-09-01T06:54:27.896595+00:00
PKGL-05654,,36.44402387,75.70976157,4851.0,35.170043160204386,0.002188685,2026-09-01T06:54:27.896595+00:00
PKGL-05655,,36.44381918,75.71016516,4849.0,35.20572236872896,0.000473165,2026-09-01T06:54:27.896595+00:00
PKGL-05656,,36.44528509,75.71350302,4855.0,35.50751147542773,0.021597846,2026-09-01T06:54:27.896595+00:00
PKGL-05657,,36.44618537,75.71038498,4864.0,35.23107823580807,0.00250172,2026-09-01T06:54:27.896595+00:00
PKGL-05658,,36.44654467,75.70934098,4860.0,35.13876575507306,0.000299674,2026-09-01T06:54:27.896595+00:00
PKGL-05659,,36.44675636,75.70857222,4858.0,35.07066262145849,0.0092105,2026-09-01T06:54:27.896595+00:00
PKGL-05660,,36.44400513,75.70655733,4839.0,34.88343687056074,0.002175282,2026-09-01T06:54:27.896595+00:00
PKGL-05661,,36.44386654,75.70451806,4840.0,34.70077059090249,0.002074075,2026-09-01T06:54:27.896595+00:00
PKGL-05662,,36.44383479,75.70530232,4840.0,34.77084583201351,0.004345371,2026-09-01T06:54:27.896595+00:00
PKGL-05663,,36.44206078,75.70597826,4830.0,34.82826361032476,0.001844404,2026-09-01T06:54:27.896595+00:00
PKGL-05664,,36.44135196,75.70608247,4827.0,34.83668472501735,0.000450487,2026-09-01T06:54:27.896595+00:00
PKGL-05665,,36.44175376,75.70511521,4837.0,34.75065542689972,0.001693571,2026-09-01T06:54:27.896595+00:00
PKGL-05666,,36.4407867,75.70497088,4833.0,34.73666327731015,0.005795762,2026-09-01T06:54:27.896595+00:00
PKGL-05667,,36.44112724,75.70403392,4833.0,34.65319673348868,0.002295727,2026-09-01T06:54:27.896595+00:00
PKGL-05668,,36.44135721,75.70327832,4828.0,34.585866084959456,0.001231482,2026-09-01T06:54:27.896595+00:00
PKGL-05669,,36.44217735,75.70322343,4830.0,34.58202581350375,0.000484127,2026-09-01T06:54:27.896595+00:00
PKGL-05670,,36.4426677,75.70510046,4835.0,34.75066437762008,0.012880039,2026-09-01T06:54:27.896595+00:00
PKGL-05671,,36.44325555,75.70605906,4840.0,34.837411264752845,0.000201652,2026-09-01T06:54:27.896595+00:00
PKGL-05672,,36.44850802,75.71521526,4855.0,35.67039197070669,0.000849529,2026-09-01T06:54:27.896595+00:00
PKGL-05673,,36.44889668,75.71333675,4849.0,35.50388593604127,0.0007585,2026-09-01T06:54:27.896595+00:00
PKGL-05674,,36.4494807,75.71185277,4855.0,35.37348249300914,0.002649518,2026-09-01T06:54:27.896595+00:00
PKGL-05675,,36.45040156,75.71242288,4859.0,35.42823214433088,0.002442077,2026-09-01T06:54:27.896595+00:00
PKGL-05676,,36.45046283,75.71375388,4858.0,35.54745341896143,0.000548558,2026-09-01T06:54:27.896595+00:00
PKGL-05677,,36.45211884,75.71391131,4859.0,35.569086291676435,0.000461125,2026-09-01T06:54:27.896595+00:00
PKGL-05678,,36.45187461,75.71368156,4859.0,35.54738115031688,0.000407599,2026-09-01T06:54:27.896595+00:00
PKGL-05679,,36.45260009,75.71430192,4860.0,35.60636282361718,0.000566856,2026-09-01T06:54:27.896595+00:00
PKGL-05680,,36.45258945,75.71389756,4860.0,35.57018051593174,0.000440375,2026-09-01T06:54:27.896595+00:00
PKGL-05681,,36.45298962,75.7149141,4864.0,35.6630369596689,0.000765968,2026-09-01T06:54:27.896595+00:00
PKGL-05682,,36.45167891,75.72138104,5015.0,36.23449589039289,0.000991356,2026-09-01T06:54:27.896595+00:00
PKGL-05683,,36.45374162,75.71453287,4859.0,35.63294531508992,0.005150944,2026-09-01T06:54:27.896595+00:00
PKGL-05684,,36.45417337,75.71523707,4863.0,35.69821580478104,0.000351463,2026-09-01T06:54:27.896595+00:00
PKGL-05685,,36.45453618,75.7154381,4868.0,35.71820705623631,0.000514859,2026-09-01T06:54:27.896595+00:00
PKGL-05686,,36.45518016,75.71540331,4872.0,35.71882209376758,0.000784116,2026-09-01T06:54:27.896595+00:00
PKGL-05687,,36.45494122,75.71471663,4868.0,35.656093766951535,0.000621907,2026-09-01T06:54:27.896595+00:00
PKGL-05688,,36.45547269,75.71506915,4874.0,35.69071782064643,0.001632018,2026-09-01T06:54:27.896595+00:00
PKGL-05689,,36.45581212,75.71509425,4876.0,35.69501506021211,0.000157467,2026-09-01T06:54:27.896595+00:00
PKGL-05690,,36.45650365,75.71548173,4884.0,35.733923917400595,0.000287546,2026-09-01T06:54:27.896595+00:00
PKGL-05691,,36.45754074,75.71276874,4892.0,35.498503440846335,0.001004897,2026-09-01T06:54:27.896595+00:00
PKGL-05692,,36.45777943,75.70898284,4940.0,35.16218601638784,0.000658912,2026-09-01T06:54:27.896595+00:00
PKGL-05693,,36.45798842,75.70937352,4939.0,35.19850799050509,0.000613146,2026-09-01T06:54:27.896595+00:00
PKGL-05694,,36.4552389,75.71097854,4876.0,35.32399951959357,0.000118627,2026-09-01T06:54:27.896595+00:00
PKGL-05695,,36.45475234,75.70815016,4903.0,35.06851644421708,0.001050531,2026-09-01T06:54:27.896595+00:00
PKGL-05696,,36.46370186,75.70977081,5000.0,35.2794597051747,0.001171214,2026-09-01T06:54:27.896595+00:00
PKGL-05697,,36.47022437,75.71350195,5068.0,35.67723060397457,0.000653747,2026-09-01T06:54:27.896595+00:00
PKGL-05698,,36.47165816,75.72712046,5139.0,36.90482835721783,0.001727278,2026-09-01T06:54:27.896595+00:00
PKGL-05699,,36.47231107,75.72672719,5135.0,36.87723932370066,0.000359643,2026-09-01T06:54:27.896595+00:00
PKGL-05700,,36.47682912,75.73061859,5203.0,37.27789241451182,0.002552574,2026-09-01T06:54:27.896595+00:00
PKGL-05701,,36.48351584,75.72250628,5216.0,36.65232139340778,0.000908933,2026-09-01T06:54:27.896595+00:00
PKGL-05702,,36.37279764,75.70151103,4885.0,35.183684087885425,0.00233169,2026-09-01T06:54:27.896595+00:00
PKGL-05703,,36.37718008,75.69729853,4789.0,34.71637518023834,0.00130976,2026-09-01T06:54:27.896595+00:00
PKGL-05704,,36.37764687,75.69762581,4788.0,34.73503024640837,0.00088902,2026-09-01T06:54:27.896595+00:00
PKGL-05705,,36.63179982,75.6227033,5290.0,34.286875737954524,0.001075677,2026-09-01T06:54:27.896595+00:00
PKGL-05706,,36.63219802,75.62119196,5292.0,34.220172317928665,0.004408444,2026-09-01T06:54:27.896595+00:00
PKGL-05707,,36.54927637,75.61466095,4862.0,29.394554192927803,0.00176112,2026-09-01T06:54:27.896595+00:00
PKGL-05708,,36.54886014,75.6128773,4859.0,29.23057041037736,0.001557531,2026-09-01T06:54:27.896595+00:00
PKGL-05709,,36.38939475,75.59228856,4781.0,25.23624500768069,0.001319698,2026-09-01T06:54:27.896595+00:00
PKGL-05710,,36.33168514,75.48265899,3590.0,18.9525899024515,0.000893556,2026-09-01T06:54:27.896595+00:00
PKGL-05711,,36.33336885,75.48164631,3594.0,18.76538744007047,0.00191308,2026-09-01T06:54:27.896595+00:00
PKGL-05712,,36.33500251,75.48090431,3600.0,18.60119096418824,0.000559494,2026-09-01T06:54:27.896595+00:00
PKGL-05713,,36.33498805,75.48263804,3601.0,18.72506692880284,0.000546566,2026-09-01T06:54:27.896595+00:00
PKGL-05714,,36.33526874,75.48175325,3603.0,18.643223546094696,0.000513289,2026-09-01T06:54:27.896595+00:00
PKGL-05715,,36.33348574,75.47989493,3594.0,18.63418321467258,0.000862333,2026-09-01T06:54:27.896595+00:00
PKGL-05716,,36.33416979,75.47894306,3594.0,18.520115070276443,0.000450726,2026-09-01T06:54:27.896595+00:00
PKGL-05717,,36.33496203,75.47788299,3593.0,18.390983966975696,0.000319082,2026-09-01T06:54:27.896595+00:00
PKGL-05718,,36.33546037,75.47819331,3594.0,18.3784913596155,0.000583868,2026-09-01T06:54:27.896595+00:00
PKGL-05719,,36.33441684,75.48162596,3599.0,18.692193439057032,0.000719514,2026-09-01T06:54:27.896595+00:00
PKGL-05720,,36.33559304,75.47872987,3595.0,18.40720565744979,0.001138267,2026-09-01T06:54:27.896595+00:00
PKGL-05721,,36.33522184,75.45478222,3540.0,16.797768511415686,0.000683111,2026-09-01T06:54:27.896595+00:00
PKGL-05722,,36.33620991,75.45492555,3541.0,16.733009266055312,0.001031744,2026-09-01T06:54:27.896595+00:00
PKGL-05723,,36.3369492,75.45076945,3532.0,16.403586742044627,0.002052004,2026-09-01T06:54:27.896595+00:00
PKGL-05724,,36.33561686,75.45668002,3551.0,16.89367726257917,0.000998879,2026-09-01T06:54:27.896595+00:00
PKGL-05725,,36.3365385,75.44879299,3543.0,16.306001551516946,0.002935729,2026-09-01T06:54:27.896595+00:00
PKGL-05726,,36.54493244,75.34209705,4970.0,11.52226440985493,0.002932717,2026-09-01T06:54:27.896595+00:00
PKGL-05727,,36.54723703,75.34472983,4973.0,11.865387704349123,0.048717345,2026-09-01T06:54:27.896595+00:00
PKGL-05728,,36.56369041,75.27852408,4839.0,9.779019388204029,0.004109791,2026-09-01T06:54:27.896595+00:00
PKGL-05729,,36.49845985,75.22376136,2937.0,2.421647485180177,0.003779056,2026-09-01T06:54:27.896595+00:00
PKGL-05730,,36.49207177,75.23398541,3059.0,1.3310978687256894,0.001035253,2026-09-01T06:54:27.896595+00:00
PKGL-05731,,36.50271865,75.23433456,3557.0,2.4464168321885817,0.002238287,2026-09-01T06:54:27.896595+00:00
PKGL-05732,,36.5638734,75.18754372,5541.0,7.795832568963134,0.002734723,2026-09-01T06:54:27.896595+00:00
PKGL-05733,,36.56456305,75.18821661,5467.0,7.867477215745098,0.004101383,2026-09-01T06:54:27.896595+00:00
PKGL-05734,,36.56341231,75.18983727,5535.0,7.73011652577283,0.00731649,2026-09-01T06:54:27.896595+00:00
PKGL-05735,,36.56399647,75.19263759,5521.0,7.784533027399523,0.005546678,2026-09-01T06:54:27.896595+00:00
PKGL-05736,,36.57269402,75.1949693,5109.0,8.749101403131917,0.009387366,2026-09-01T06:54:27.896595+00:00
PKGL-05737,,36.57495593,75.19452082,4963.0,9.000664489071578,0.003373175,2026-09-01T06:54:27.896595+00:00
PKGL-05738,,36.57187779,75.19126863,5069.0,8.66431831864883,0.019366768,2026-09-01T06:54:27.896595+00:00
PKGL-05739,,36.58038594,75.1960762,4884.0,9.605002570126569,0.000426254,2026-09-01T06:54:27.896595+00:00
PKGL-05740,,36.58123193,75.19608937,4869.0,9.699079638932297,0.000587504,2026-09-01T06:54:27.896595+00:00
PKGL-05741,,36.583852,75.19875354,4848.0,9.99582636176751,0.00170442,2026-09-01T06:54:27.896595+00:00
PKGL-05742,,36.57697438,75.19966441,4987.0,9.23498468411551,0.000507415,2026-09-01T06:54:27.896595+00:00
PKGL-05743,,36.5727503,75.20433141,5067.0,8.796056970492552,0.002850233,2026-09-01T06:54:27.896595+00:00
PKGL-05744,,36.57638861,75.1958711,4943.0,9.160352067859389,0.001937699,2026-09-01T06:54:27.896595+00:00
PKGL-05745,,36.59639236,75.18745755,4521.0,11.403481660000512,0.002821835,2026-09-01T06:54:27.896595+00:00
PKGL-05746,,36.59778677,75.18615825,4540.0,11.56550579416636,0.001062417,2026-09-01T06:54:27.896595+00:00
PKGL-05747,,36.59960031,75.18932006,4531.0,11.751408530016477,0.001624693,2026-09-01T06:54:27.896595+00:00
PKGL-05748,,36.59747362,75.19045527,4508.0,11.511225120529849,0.00038486,2026-09-01T06:54:27.896595+00:00
PKGL-05749,,36.59749467,75.18983883,4512.0,11.51558279892015,0.000108689,2026-09-01T06:54:27.896595+00:00
PKGL-05750,,36.59310889,75.15383947,5111.0,11.612820315733122,0.00306888,2026-09-01T06:54:27.896595+00:00
PKGL-05751,,36.61398247,74.54332183,3730.0,20.88028127750057,0.000818488,2026-09-01T06:54:27.896595+00:00
PKGL-05752,,36.61273401,74.54690543,3721.0,20.73086111777933,0.002101645,2026-09-01T06:54:27.896595+00:00
PKGL-05753,,36.61307733,74.54588002,3723.0,20.774151922100906,0.006904726,2026-09-01T06:54:27.896595+00:00
PKGL-05754,,36.61228306,74.55142889,3700.0,20.464493541734985,0.00644868,2026-09-01T06:54:27.896595+00:00
PKGL-05755,,36.60969128,74.57773237,3637.0,19.01154125089965,0.001295473,2026-09-01T06:54:27.896595+00:00
PKGL-05756,,36.60715922,74.58244195,3621.0,18.944850605999903,0.000842736,2026-09-01T06:54:27.896595+00:00
PKGL-05757,,36.60608677,74.58239536,3632.0,19.03820662246549,0.001112115,2026-09-01T06:54:27.896595+00:00
PKGL-05758,,36.6065613,74.59002908,3613.0,18.562647683837486,0.001111059,2026-09-01T06:54:27.896595+00:00
PKGL-05759,,36.60382111,74.59370062,3607.0,18.301760516705507,0.001659022,2026-09-01T06:54:27.896595+00:00
PKGL-05760,,36.59991652,74.59391669,3603.0,18.219419301973943,0.001118971,2026-09-01T06:54:27.896595+00:00
PKGL-05761,,36.5995683,74.5957928,3596.0,18.04826670407345,0.00143394,2026-09-01T06:54:27.896595+00:00
PKGL-05762,,36.59672424,74.60075355,3578.0,17.569054593255014,0.003153843,2026-09-01T06:54:27.896595+00:00
PKGL-05763,,36.59662581,74.60211096,3569.0,17.447433270373903,0.002697669,2026-09-01T06:54:27.896595+00:00
PKGL-05764,,36.59231385,74.5976083,3590.0,17.797135710877782,0.002871755,2026-09-01T06:54:27.896595+00:00
PKGL-05765,,36.59255065,74.5992331,3586.0,17.655072967418583,0.002224605,2026-09-01T06:54:27.896595+00:00
PKGL-05766,,36.59233838,74.59956204,3585.0,17.623669665070253,0.000325475,2026-09-01T06:54:27.896595+00:00
PKGL-05767,,36.59277339,74.60469769,3561.0,17.17170244387065,0.001041609,2026-09-01T06:54:27.896595+00:00
PKGL-05768,,36.59395832,74.60547909,3560.0,17.115490698282667,0.000714155,2026-09-01T06:54:27.896595+00:00
PKGL-05769,,36.5933591,74.6053288,3558.0,17.122026978787655,0.001080775,2026-09-01T06:54:27.896595+00:00
PKGL-05770,,36.59224352,74.60391042,3562.0,17.2361211076936,0.002951563,2026-09-01T06:54:27.896595+00:00
PKGL-05771,,36.59379637,74.59696443,3591.0,17.869903181836094,0.002930124,2026-09-01T06:54:27.896595+00:00
PKGL-05772,,36.58642341,74.60943612,3541.0,16.69582901908031,0.001670056,2026-09-01T06:54:27.896595+00:00
PKGL-05773,,36.5855102,74.60906947,3540.0,16.723078080376332,0.003225063,2026-09-01T06:54:27.896595+00:00
PKGL-05774,,36.58580551,74.61340234,3529.0,16.338450785098544,0.005013316,2026-09-01T06:54:27.896595+00:00
PKGL-05775,,36.5880391,74.61110854,3532.0,16.557995289009817,0.003251691,2026-09-01T06:54:27.896595+00:00
PKGL-05776,,36.5866761,74.61220051,3529.0,16.451053975704962,0.002931559,2026-09-01T06:54:27.896595+00:00
PKGL-05777,,36.58089271,74.61793016,3511.0,15.914005616377096,0.005565058,2026-09-01T06:54:27.896595+00:00
PKGL-05778,,36.57989753,74.61809299,3511.0,15.89754026960678,0.00469266,2026-09-01T06:54:27.896595+00:00
PKGL-05779,,36.57298696,74.6280009,3475.0,15.021157022793703,0.003505768,2026-09-01T06:54:27.896595+00:00
PKGL-05780,,36.56958242,74.63164693,3464.0,14.714671957099226,0.004171405,2026-09-01T06:54:27.896595+00:00
PKGL-05781,,36.56965643,74.62579694,3481.0,15.235610586067194,0.004805983,2026-09-01T06:54:27.896595+00:00
PKGL-05782,,36.56305357,74.63052901,3459.0,14.877205843542065,0.015619803,2026-09-01T06:54:27.896595+00:00
PKGL-05783,,36.55920637,74.62994231,3457.0,14.98257466240875,0.00416017,2026-09-01T06:54:27.896595+00:00
PKGL-05784,,36.56007749,74.63161421,3459.0,14.82145268719936,0.004218543,2026-09-01T06:54:27.896595+00:00
PKGL-05785,,36.55528748,74.62213452,3440.0,15.73720764606639,0.017069841,2026-09-01T06:54:27.896595+00:00
PKGL-05786,,36.55401664,74.62289519,3433.0,15.69342980902668,0.003438158,2026-09-01T06:54:27.896595+00:00
PKGL-05787,,36.55389002,74.6232829,3435.0,15.661692383545578,0.000838614,2026-09-01T06:54:27.896595+00:00
PKGL-05788,,36.57223902,74.60922266,3541.0,16.700001089060233,0.001402149,2026-09-01T06:54:27.896595+00:00
PKGL-05789,,36.57322556,74.60800611,3537.0,16.804799917356583,0.001221443,2026-09-01T06:54:27.896595+00:00
PKGL-05790,,36.5777427,74.59999744,3529.0,17.51184290363454,0.002536753,2026-09-01T06:54:27.896595+00:00
PKGL-05791,,36.57804866,74.59914571,3531.0,17.58789022429715,0.003914044,2026-09-01T06:54:27.896595+00:00
PKGL-05792,,36.58057419,74.59653521,3550.0,17.82340290547736,0.00191408,2026-09-01T06:54:27.896595+00:00
PKGL-05793,,36.58470982,74.59016118,3568.0,18.405524124978285,0.000859205,2026-09-01T06:54:27.896595+00:00
PKGL-05794,,36.59355742,74.58178793,3614.0,19.21625099097873,0.003008588,2026-09-01T06:54:27.896595+00:00
PKGL-05795,,36.59485648,74.57807583,3609.0,19.55966528504493,0.001116569,2026-09-01T06:54:27.896595+00:00
PKGL-05796,,36.59579692,74.57521533,3621.0,19.824053821641428,0.002136651,2026-09-01T06:54:27.896595+00:00
PKGL-05797,,36.59625784,74.5737669,3624.0,19.95787265185129,0.00150981,2026-09-01T06:54:27.896595+00:00
PKGL-05798,,36.59644805,74.56465355,3686.0,20.76947082500688,0.003644658,2026-09-01T06:54:27.896595+00:00
PKGL-05799,,36.59982455,74.56080532,3669.0,20.842374936072268,0.001980686,2026-09-01T06:54:27.896595+00:00
PKGL-05800,,36.6006394,74.56127175,3665.0,20.74784017579529,0.001485796,2026-09-01T06:54:27.896595+00:00
PKGL-05801,,36.55381926,74.63318373,3435.0,14.792444144244673,0.003457663,2026-09-01T06:54:27.896595+00:00
PKGL-05802,,36.56048131,74.64047051,3425.0,14.03167207756676,0.004385242,2026-09-01T06:54:27.896595+00:00
PKGL-05803,,36.54713001,74.65611669,3372.0,12.95903939756622,0.002294818,2026-09-01T06:54:27.896595+00:00
PKGL-05804,,36.54769327,74.66239437,3355.0,12.401883972365203,0.003169311,2026-09-01T06:54:27.896595+00:00
PKGL-05805,,36.54900535,74.6746374,3332.0,11.310561014829268,0.002309446,2026-09-01T06:54:27.896595+00:00
PKGL-05806,,36.54872009,74.67964051,3323.0,10.8920809464733,0.002609037,2026-09-01T06:54:27.896595+00:00
PKGL-05807,,36.54852667,74.68050336,3322.0,10.824962804591433,0.002100177,2026-09-01T06:54:27.896595+00:00
PKGL-05808,,36.54853665,74.6810517,3322.0,10.777925989096138,0.000649981,2026-09-01T06:54:27.896595+00:00
PKGL-05809,,36.5463357,74.72715048,3204.0,6.943016243790755,0.005660656,2026-09-01T06:54:27.896595+00:00
PKGL-05810,,36.54651365,74.72615108,3205.0,7.031538504183732,0.001143471,2026-09-01T06:54:27.896595+00:00
PKGL-05811,,36.54278863,74.72850868,3195.0,6.847966677442599,0.003465705,2026-09-01T06:54:27.896595+00:00
PKGL-05812,,36.5428718,74.73670523,3192.0,6.11845904265236,0.003290496,2026-09-01T06:54:27.896595+00:00
PKGL-05813,,36.53213578,74.74335572,3180.0,5.789109245326548,0.007559329,2026-09-01T06:54:27.896595+00:00
PKGL-05814,,36.53187838,74.74658422,3151.0,5.525861409388563,0.00348501,2026-09-01T06:54:27.896595+00:00
PKGL-05815,,36.53246381,74.74694671,3157.0,5.473653033961563,0.001493972,2026-09-01T06:54:27.896595+00:00
PKGL-05816,,36.53201576,74.74777515,3160.0,5.420577141713303,0.006654822,2026-09-01T06:54:27.896595+00:00
PKGL-05817,,36.53231425,74.75042205,3145.0,5.187168727499124,0.001958336,2026-09-01T06:54:27.896595+00:00
PKGL-05818,,36.53372688,74.75053165,3144.0,5.125063640332474,0.001434059,2026-09-01T06:54:27.896595+00:00
PKGL-05819,,36.5346091,74.75012657,3150.0,5.1286510268748655,0.001801771,2026-09-01T06:54:27.896595+00:00
PKGL-05820,,36.53328505,74.74735078,3153.0,5.4100682543810485,0.002091846,2026-09-01T06:54:27.896595+00:00
PKGL-05821,,36.53186792,74.75117167,3143.0,5.142259511793968,0.00168018,2026-09-01T06:54:27.896595+00:00
PKGL-05822,,36.53008454,74.75227919,3136.0,5.126672030766073,0.001316757,2026-09-01T06:54:27.896595+00:00
PKGL-05823,,36.52949266,74.75233859,3123.0,5.14866675540185,0.004439289,2026-09-01T06:54:27.896595+00:00
PKGL-05824,,36.5283653,74.76093333,3124.0,4.521825180063627,0.017923793,2026-09-01T06:54:27.896595+00:00
PKGL-05825,,36.52822612,74.67058154,3328.0,12.205588150147168,0.005591437,2026-09-01T06:54:27.896595+00:00
PKGL-05826,,36.52837435,74.67191476,3326.0,12.08547954201693,0.001446418,2026-09-01T06:54:27.896595+00:00
PKGL-05827,,36.5319211,74.71646473,3213.0,8.109120262983787,0.006330409,2026-09-01T06:54:27.896595+00:00
PKGL-05828,,36.52477584,74.73064159,3155.0,7.138113623748582,0.005394621,2026-09-01T06:54:27.896595+00:00
PKGL-05829,,36.528012,74.76300508,3117.0,4.38272125649971,0.001202845,2026-09-01T06:54:27.896595+00:00
PKGL-05830,,36.5258493,74.76963392,3098.0,4.036610265602849,0.001773731,2026-09-01T06:54:27.896595+00:00
PKGL-05831,,36.52525324,74.77282532,3091.0,3.863016093821658,0.008062872,2026-09-01T06:54:27.896595+00:00
PKGL-05832,,36.52569464,74.77235068,3093.0,3.86192155283048,0.001261779,2026-09-01T06:54:27.896595+00:00
PKGL-05833,,36.52248694,74.77477965,3087.0,3.955814078007352,0.002800962,2026-09-01T06:54:27.896595+00:00
PKGL-05834,,36.52360655,74.77526333,3089.0,3.835389669290559,0.00182681,2026-09-01T06:54:27.896595+00:00
PKGL-05835,,36.52326437,74.77477987,3084.0,3.892730677217196,0.001453865,2026-09-01T06:54:27.896595+00:00
PKGL-05836,,36.52485408,74.77538975,3083.0,3.728022406276023,0.005647452,2026-09-01T06:54:27.896595+00:00
PKGL-05837,,36.52528669,74.77496504,3087.0,3.721178549553352,0.001270636,2026-09-01T06:54:27.896595+00:00
PKGL-05838,,36.5254942,74.77557244,3085.0,3.666249736041887,0.000972087,2026-09-01T06:54:27.896595+00:00
PKGL-05839,,36.52556285,74.77448399,3089.0,3.730934362794524,0.002410738,2026-09-01T06:54:27.896595+00:00
PKGL-05840,,36.52513472,74.77418766,3090.0,3.7829229901388426,0.001135941,2026-09-01T06:54:27.896595+00:00
PKGL-05841,,36.52650912,74.77447304,3086.0,3.660138451897976,0.000896948,2026-09-01T06:54:27.896595+00:00
PKGL-05842,,36.52632445,74.77603844,3085.0,3.5719994668983865,0.017226072,2026-09-01T06:54:27.896595+00:00
PKGL-05843,,36.52261696,74.77833862,3083.0,3.736151787339343,0.003036983,2026-09-01T06:54:27.896595+00:00
PKGL-05844,,36.52222829,74.7791491,3074.0,3.724678395221658,0.003909786,2026-09-01T06:54:27.896595+00:00
PKGL-05845,,36.52160496,74.77293288,3100.0,4.140181258180428,0.002850828,2026-09-01T06:54:27.896595+00:00
PKGL-05846,,36.52178237,74.77171293,3098.0,4.2018930658711495,0.003789817,2026-09-01T06:54:27.896595+00:00
PKGL-05847,,36.52161401,74.77102943,3091.0,4.258288310316676,0.000804658,2026-09-01T06:54:27.896595+00:00
PKGL-05848,,36.52242634,74.77048637,3110.0,4.230119392771195,0.00123313,2026-09-01T06:54:27.896595+00:00
PKGL-05849,,36.52388462,74.77224386,3093.0,4.004590290992291,0.001006028,2026-09-01T06:54:27.896595+00:00
PKGL-05850,,36.5252328,74.77114863,3093.0,3.976630541825954,0.001676318,2026-09-01T06:54:27.896595+00:00
PKGL-05851,,36.52532346,74.77009554,3096.0,4.041806249249575,0.000915867,2026-09-01T06:54:27.896595+00:00
PKGL-05852,,36.52558517,74.77076555,3094.0,3.977234314140624,0.000273483,2026-09-01T06:54:27.896595+00:00
PKGL-05853,,36.52623948,74.77152378,3092.0,3.878564129691436,0.002828184,2026-09-01T06:54:27.896595+00:00
PKGL-05854,,36.52628968,74.76986173,3099.0,3.9901170692918,0.000806105,2026-09-01T06:54:27.896595+00:00
PKGL-05855,,36.52643692,74.77023304,3094.0,3.953966573140744,0.001263824,2026-09-01T06:54:27.896595+00:00
PKGL-05856,,36.5216876,74.78283886,3075.0,3.5813622298087098,0.015740859,2026-09-01T06:54:27.896595+00:00
PKGL-05857,,36.52028789,74.77788508,3081.0,3.964482910933246,0.000976005,2026-09-01T06:54:27.896595+00:00
PKGL-05858,,36.52165858,74.77767245,3097.0,3.8563865087244857,0.002339362,2026-09-01T06:54:27.896595+00:00
PKGL-05859,,36.50519595,74.84229843,2801.0,3.4600165227628965,0.0011148,2026-09-01T06:54:27.896595+00:00
PKGL-05860,,36.50522126,74.83719875,2830.0,3.9009074136339534,0.000901166,2026-09-01T06:54:27.896595+00:00
PKGL-05861,,36.50381704,74.83704333,2839.0,3.87922072948379,0.001618831,2026-09-01T06:54:27.896595+00:00
PKGL-05862,,36.50346151,74.82917405,2868.0,4.563044816297894,0.000413128,2026-09-01T06:54:27.896595+00:00
PKGL-05863,,36.49850867,74.84487158,2819.0,3.103289121407319,0.001795019,2026-09-01T06:54:27.896595+00:00
PKGL-05864,,36.49823273,74.84528982,2815.0,3.0640481757583387,0.001720739,2026-09-01T06:54:27.896595+00:00
PKGL-05865,,36.49841546,74.84113508,2842.0,3.4359800264118885,0.006776472,2026-09-01T06:54:27.896595+00:00
PKGL-05866,,36.49991868,74.83896148,2840.0,3.642940391402991,0.00076982,2026-09-01T06:54:27.896595+00:00
PKGL-05867,,36.50054776,74.84106858,2830.0,3.463709032511833,0.00048211,2026-09-01T06:54:27.896595+00:00
PKGL-05868,,36.5005476,74.84232522,2834.0,3.352306079055416,0.000824353,2026-09-01T06:54:27.896595+00:00
PKGL-05869,,36.49662036,74.83866399,2858.0,3.6511093588162495,0.005502192,2026-09-01T06:54:27.896595+00:00
PKGL-05870,,36.49672325,74.83760286,2856.0,3.745977124990608,0.001374135,2026-09-01T06:54:27.896595+00:00
PKGL-05871,,36.49534375,74.83480749,2866.0,3.998393373974511,0.008797509,2026-09-01T06:54:27.896595+00:00
PKGL-05872,,36.49648076,74.83404837,2863.0,4.063727269640456,0.000547151,2026-09-01T06:54:27.896595+00:00
PKGL-05873,,36.49633791,74.83372042,2872.0,4.093137262001199,0.00079261,2026-09-01T06:54:27.896595+00:00
PKGL-05874,,36.49685731,74.8334817,2867.0,4.114425082282397,0.003790452,2026-09-01T06:54:27.896595+00:00
PKGL-05875,,36.49423771,74.83076573,2881.0,4.365243948364196,0.005992001,2026-09-01T06:54:27.896595+00:00
PKGL-05876,,36.49317414,74.8319091,2865.0,4.272242814258377,0.003540379,2026-09-01T06:54:27.896595+00:00
PKGL-05877,,36.49395909,74.82673962,2891.0,4.726372447150906,0.002257135,2026-09-01T06:54:27.896595+00:00
PKGL-05878,,36.49614815,74.82729551,2890.0,4.66763353820863,0.001063527,2026-09-01T06:54:27.896595+00:00
PKGL-05879,,36.4946796,74.8234626,2906.0,5.0146538315866245,0.00056152,2026-09-01T06:54:27.896595+00:00
PKGL-05880,,36.49267415,74.82051329,2891.0,5.291941666469181,0.002633811,2026-09-01T06:54:27.896595+00:00
PKGL-05881,,36.49263473,74.82148906,2892.0,5.205394885140728,0.000529404,2026-09-01T06:54:27.896595+00:00
PKGL-05882,,36.49343454,74.81928787,2891.0,5.394874856056754,0.000589235,2026-09-01T06:54:27.896595+00:00
PKGL-05883,,36.494019,74.81898957,2899.0,5.417603070922797,0.000912678,2026-09-01T06:54:27.896595+00:00
PKGL-05884,,36.49843447,74.82180953,2918.0,5.161587247458535,0.001249289,2026-09-01T06:54:27.896595+00:00
PKGL-05885,,36.50182287,74.81923064,2937.0,5.360554547625831,0.006186013,2026-09-01T06:54:27.896595+00:00
PKGL-05886,,36.50445152,74.82059977,2928.0,5.109690821681971,0.003298268,2026-09-01T06:54:27.896595+00:00
PKGL-05887,,36.50619285,74.81701866,2947.0,4.841962387919428,0.004646706,2026-09-01T06:54:27.896595+00:00
PKGL-05888,,36.50489763,74.81505782,2963.0,4.947026195853442,0.003378042,2026-09-01T06:54:27.896595+00:00
PKGL-05889,,36.50451347,74.81328505,2958.0,4.962416512874246,0.004530129,2026-09-01T06:54:27.896595+00:00
PKGL-05890,,36.50517086,74.80929199,2979.0,4.847841099271784,0.000683222,2026-09-01T06:54:27.896595+00:00
PKGL-05891,,36.50379036,74.80830589,2977.0,4.99457438639887,0.01589648,2026-09-01T06:54:27.896595+00:00
PKGL-05892,,36.49730423,74.80631101,2958.0,5.707638356025728,0.001708563,2026-09-01T06:54:27.896595+00:00
PKGL-05893,,36.4991056,74.79969126,3004.0,5.52483667332405,0.001995684,2026-09-01T06:54:27.896595+00:00
PKGL-05894,,36.49842139,74.80056074,2996.0,5.594834853973323,0.000684919,2026-09-01T06:54:27.896595+00:00
PKGL-05895,,36.50023884,74.79364674,3015.0,5.471660725471118,0.003085529,2026-09-01T06:54:27.896595+00:00
PKGL-05896,,36.50780633,74.79982757,3009.0,4.56019211074971,0.002799842,2026-09-01T06:54:27.896595+00:00
PKGL-05897,,36.50711341,74.79981955,3013.0,4.636946858496985,0.00337068,2026-09-01T06:54:27.896595+00:00
PKGL-05898,,36.5094264,74.79751801,3020.0,4.406751903290793,0.000994084,2026-09-01T06:54:27.896595+00:00
PKGL-05899,,36.51031144,74.79901804,3018.0,4.291198384896409,0.004600343,2026-09-01T06:54:27.896595+00:00
PKGL-05900,,36.5121833,74.79955865,3023.0,4.078808248972237,0.002828202,2026-09-01T06:54:27.896595+00:00
PKGL-05901,,36.51291276,74.80088984,3022.0,3.986008859671511,0.006059136,2026-09-01T06:54:27.896595+00:00
PKGL-05902,,36.51444507,74.7993395,3020.0,3.831550850592966,0.001101891,2026-09-01T06:54:27.896595+00:00
PKGL-05903,,36.51494535,74.80004103,3023.0,3.768767596269927,0.0008772,2026-09-01T06:54:27.896595+00:00
PKGL-05904,,36.51428346,74.80197845,3014.0,3.826524481381695,0.004406953,2026-09-01T06:54:27.896595+00:00
PKGL-05905,,36.51029204,74.79319767,3048.0,4.386636971356269,0.003388009,2026-09-01T06:54:27.896595+00:00
PKGL-05906,,36.50954755,74.79161831,3024.0,4.502013858973418,0.005403043,2026-09-01T06:54:27.896595+00:00
PKGL-05907,,36.51152815,74.79115735,3045.0,4.301370014318739,0.001376214,2026-09-01T06:54:27.896595+00:00
PKGL-05908,,36.51359061,74.78659834,3049.0,4.221746628317814,0.002866193,2026-09-01T06:54:27.896595+00:00
PKGL-05909,,36.51513792,74.78986971,3039.0,3.9554981481073592,0.005232067,2026-09-01T06:54:27.896595+00:00
PKGL-05910,,36.5147199,74.78848659,3054.0,4.042240043490492,0.00221393,2026-09-01T06:54:27.896595+00:00
PKGL-05911,,36.51558367,74.78635043,3056.0,4.027201483724929,0.001014324,2026-09-01T06:54:27.896595+00:00
PKGL-05912,,36.51411318,74.78387339,3058.0,4.269187779093138,0.001524198,2026-09-01T06:54:27.896595+00:00
PKGL-05913,,36.51394909,74.78435916,3053.0,4.266817774489885,0.001808706,2026-09-01T06:54:27.896595+00:00
PKGL-05914,,36.51780576,74.7876,3049.0,3.756054862328508,0.004798561,2026-09-01T06:54:27.896595+00:00
PKGL-05915,,36.51797528,74.78655516,3054.0,3.77824313622885,0.000939474,2026-09-01T06:54:27.896595+00:00
PKGL-05916,,36.51901831,74.78831219,3057.0,3.6069873507182257,0.00832057,2026-09-01T06:54:27.896595+00:00
PKGL-05917,,36.51940699,74.79131934,3045.0,3.465149542526195,0.003408125,2026-09-01T06:54:27.896595+00:00
PKGL-05918,,36.51986584,74.79030549,3047.0,3.450382364762425,0.001979358,2026-09-01T06:54:27.896595+00:00
PKGL-05919,,36.52131036,74.78550703,3055.0,3.4927933160358755,0.001374864,2026-09-01T06:54:27.896595+00:00
PKGL-05920,,36.52102748,74.78766302,3055.0,3.4298593396855503,0.00061378,2026-09-01T06:54:27.896595+00:00
PKGL-05921,,36.52007479,74.78562384,3069.0,3.607914105397509,0.001275488,2026-09-01T06:54:27.896595+00:00
PKGL-05922,,36.51961591,74.78648382,3061.0,3.617444721473688,0.000866159,2026-09-01T06:54:27.896595+00:00
PKGL-05923,,36.52375379,74.77852572,3081.0,3.6283455589708,0.002626213,2026-09-01T06:54:27.896595+00:00
PKGL-05924,,36.52765846,74.76591054,3110.0,4.185437750244441,0.002812833,2026-09-01T06:54:27.896595+00:00
PKGL-05925,,36.52780811,74.76390202,3112.0,4.326705416615278,0.001027578,2026-09-01T06:54:27.896595+00:00
PKGL-05926,,36.52777132,74.76459774,3107.0,4.276533739783349,0.000656858,2026-09-01T06:54:27.896595+00:00
PKGL-05927,,36.52764079,74.76519168,3110.0,4.240012608707884,0.001075476,2026-09-01T06:54:27.896595+00:00
PKGL-05928,,36.52781217,74.76725279,3105.0,4.076654331974064,0.001051159,2026-09-01T06:54:27.896595+00:00
PKGL-05929,,36.50594798,74.77704888,3047.0,5.354699905206818,0.027819266,2026-09-01T06:54:27.896595+00:00
PKGL-05930,,36.48798944,75.06031913,3186.0,6.92613552218365,0.003023968,2026-09-01T06:54:27.896595+00:00
PKGL-05931,,36.33679475,74.96476295,4847.0,8.333772973411898,0.002719796,2026-09-01T06:54:27.896595+00:00
PKGL-05932,,36.27953385,74.97646751,4778.0,9.74701411996221,0.001230927,2026-09-01T06:54:27.896595+00:00
PKGL-05933,,36.27566864,74.97425866,4734.0,9.285332714745367,0.001120574,2026-09-01T06:54:27.896595+00:00
PKGL-05934,,36.27518597,74.97316772,4730.0,9.213268562214717,0.000350507,2026-09-01T06:54:27.896595+00:00
PKGL-05935,,36.2629674,74.97155823,4619.0,7.85347093647895,0.000384742,2026-09-01T06:54:27.896595+00:00
PKGL-05936,,36.26696428,74.90648952,4072.0,6.44572726892357,0.002029166,2026-09-01T06:54:27.896595+00:00
PKGL-05937,,36.2641003,74.91112361,4137.0,6.938622010579716,0.000842892,2026-09-01T06:54:27.896595+00:00
PKGL-05938,,36.25952771,74.92641606,4241.0,7.681520510054453,0.001357773,2026-09-01T06:54:27.896595+00:00
PKGL-05939,,36.47530877,74.73810739,4166.0,10.099617865043628,0.003115431,2026-09-01T06:54:27.896595+00:00
PKGL-05940,,36.47362339,74.7406422,4151.0,10.121435714892044,0.000987091,2026-09-01T06:54:27.896595+00:00
PKGL-05941,,36.47730154,74.71509407,4514.0,11.277980529910092,0.004271417,2026-09-01T06:54:27.896595+00:00
PKGL-05942,,36.45351363,74.5243156,3946.0,18.16665645668252,0.003675911,2026-09-01T06:54:27.896595+00:00
PKGL-05943,,36.45529096,74.51518501,4014.0,18.77051093468805,0.001394763,2026-09-01T06:54:27.896595+00:00
PKGL-05944,,36.60943738,74.57867937,3630.0,18.975934592971523,0.000267671,2026-09-01T06:54:27.896595+00:00
PKGL-05945,,36.60792919,74.58223903,3624.0,18.891796637828,0.001020011,2026-09-01T06:54:27.896595+00:00
PKGL-05946,,36.5268458,74.69179345,3287.0,10.384292592189974,0.009038913,2026-09-01T06:54:27.896595+00:00
PKGL-05947,,36.51351089,74.8539319,2669.0,2.9585930951347126,0.001513992,2026-09-01T06:54:27.896595+00:00
PKGL-05948,,36.54833344,75.35305526,4945.0,12.530774916604187,0.002295093,2026-09-01T06:54:27.896595+00:00
PKGL-05949,,36.44411747,75.67914515,4706.0,32.432160912504564,0.063785282,2026-09-01T06:54:27.896595+00:00
PKGL-05950,,36.43938576,75.68572522,4711.0,33.01408581918573,0.267906376,2026-09-01T06:54:27.896595+00:00
PKGL-05951,,36.55525259,75.66437922,5431.0,33.72617907481143,0.015444496,2026-09-01T06:54:27.896595+00:00
PKGL-05952,,36.88544026,73.38152961,3907.0,1.894040417766372,0.026519684,2026-09-01T06:54:27.896595+00:00
PKGL-05953,,36.88452615,73.38684624,3922.0,1.9701725905808865,0.007673635,2026-09-01T06:54:27.896595+00:00
PKGL-05954,,36.8752957,73.40130782,3697.0,2.3287772647720506,0.003372773,2026-09-01T06:54:27.896595+00:00
PKGL-05955,,36.88076785,73.4030134,3680.0,2.711584096071407,0.054843898,2026-09-01T06:54:27.896595+00:00
PKGL-05956,,36.87934582,73.40904814,3715.0,3.129402378743268,0.005824829,2026-09-01T06:54:27.896595+00:00
PKGL-05957,,36.87985237,73.41147362,3725.0,3.350764904301401,0.032598543,2026-09-01T06:54:27.896595+00:00
PKGL-05958,,36.88790241,73.40699345,3723.0,3.446148030177155,0.03961493,2026-09-01T06:54:27.896595+00:00
PKGL-05959,,36.89213835,73.40840054,3767.0,3.8449687628232487,0.095922703,2026-09-01T06:54:27.896595+00:00
PKGL-05960,,36.89380212,73.40553399,3781.0,3.7928640023391074,0.003608647,2026-09-01T06:54:27.896595+00:00
PKGL-05961,,36.89576354,73.40378123,3782.0,3.8543526029650073,0.055710115,2026-09-01T06:54:27.896595+00:00
PKGL-05962,,36.89615215,73.4159226,3761.0,4.64185369753758,0.011901206,2026-09-01T06:54:27.896595+00:00
PKGL-05963,,36.8993153,73.41924004,3708.0,5.095423840754606,0.031975326,2026-09-01T06:54:27.896595+00:00
PKGL-05964,,36.88551072,73.42822874,3811.0,4.210837703371094,0.182647749,2026-09-01T06:54:27.896595+00:00
PKGL-05965,,36.8674765,73.39259368,3614.0,1.4517628976149963,0.00464277,2026-09-01T06:54:27.896595+00:00
PKGL-05966,,36.86697658,73.40047696,3624.0,2.155019173312421,0.012300326,2026-09-01T06:54:27.896595+00:00
PKGL-05967,,36.86637156,73.40594579,3673.0,2.645878277586115,0.001864609,2026-09-01T06:54:27.896595+00:00
PKGL-05968,,36.86623942,73.41240747,3681.0,3.219322947033665,0.007436339,2026-09-01T06:54:27.896595+00:00
PKGL-05969,,36.86483306,73.41108723,3672.0,3.1212983525513898,0.001004473,2026-09-01T06:54:27.896595+00:00
PKGL-05970,,36.85966785,73.41535387,3574.0,3.617004922564428,0.011006378,2026-09-01T06:54:27.896595+00:00
PKGL-05971,,36.85921275,73.42198675,3603.0,3.674363989913161,0.005042314,2026-09-01T06:54:27.896595+00:00
PKGL-05972,,36.86167553,73.44922547,3667.0,1.2627488574067671,0.012464589,2026-09-01T06:54:27.896595+00:00
PKGL-05973,,36.86015036,73.44636041,3663.0,1.5047342975216338,0.026488784,2026-09-01T06:54:27.896595+00:00
PKGL-05974,,36.85913827,73.4501283,3652.0,1.173893520905418,0.018741748,2026-09-01T06:54:27.896595+00:00
PKGL-05975,,36.86040483,73.45203593,3658.0,1.0005246539489767,0.00344999,2026-09-01T06:54:27.896595+00:00
PKGL-05976,,36.85671035,73.45118974,3612.0,1.137487083024934,0.004319525,2026-09-01T06:54:27.896595+00:00
PKGL-05977,,36.85582702,73.45264923,3607.0,1.055559368646288,0.015111806,2026-09-01T06:54:27.896595+00:00
PKGL-05978,,36.85186667,73.45979006,3586.0,0.9615355271964692,0.001968045,2026-09-01T06:54:27.896595+00:00
PKGL-05979,,36.85431615,73.46405701,3609.0,0.6416528366522257,0.013766323,2026-09-01T06:54:27.896595+00:00
PKGL-05980,,36.84769737,73.49398675,3609.0,3.058617924925005,0.000628873,2026-09-01T06:54:27.896595+00:00
PKGL-05981,,36.84689666,73.49633362,3605.0,3.285216592099927,0.010405473,2026-09-01T06:54:27.896595+00:00
PKGL-05982,,36.84402553,73.50316844,3604.0,3.971975776034703,0.02147119,2026-09-01T06:54:27.896595+00:00
PKGL-05983,,36.84347194,73.5008776,3610.0,3.8202504661960384,0.00149796,2026-09-01T06:54:27.896595+00:00
PKGL-05984,,36.84698049,73.4981326,3607.0,3.42530956107476,0.011667623,2026-09-01T06:54:27.896595+00:00
PKGL-05985,,36.84461555,73.50096267,3603.0,3.767244230697946,0.005933811,2026-09-01T06:54:27.896595+00:00
PKGL-05986,,36.84038549,73.50760016,3647.0,4.509850392662541,0.003467079,2026-09-01T06:54:27.896595+00:00
PKGL-05987,,36.83829292,73.51079649,3656.0,4.871903537973083,0.000686742,2026-09-01T06:54:27.896595+00:00
PKGL-05988,,36.83762027,73.51335682,3650.0,5.107031380225496,0.001515008,2026-09-01T06:54:27.896595+00:00
PKGL-05989,,36.83601175,73.51613624,3641.0,5.410356063462831,0.019466857,2026-09-01T06:54:27.896595+00:00
PKGL-05990,,36.83201187,73.53453672,3664.0,7.066375128138181,0.016417638,2026-09-01T06:54:27.896595+00:00
PKGL-05991,,36.83103392,73.53732379,3680.0,7.336960255989884,0.016870711,2026-09-01T06:54:27.896595+00:00
PKGL-05992,,36.82853939,73.53812785,3681.0,7.526450413548833,0.035705701,2026-09-01T06:54:27.896595+00:00
PKGL-05993,,36.82628118,73.53692031,3673.0,7.553250509934867,0.001698062,2026-09-01T06:54:27.896595+00:00
PKGL-05994,,36.82693163,73.54372053,3711.0,8.050527086636821,0.031448467,2026-09-01T06:54:27.896595+00:00
PKGL-05995,,36.82684674,73.54933734,3742.0,8.502156257962977,0.001450722,2026-09-01T06:54:27.896595+00:00
PKGL-05996,,36.82256566,73.54028565,3680.0,8.021371446718357,0.009797213,2026-09-01T06:54:27.896595+00:00
PKGL-05997,,36.85808151,73.42219451,3604.0,3.661285858300854,0.000821264,2026-09-01T06:54:27.896595+00:00
PKGL-05998,,36.79597663,73.36355847,4493.0,4.417050666216478,0.034328091,2026-09-01T06:54:27.896595+00:00
PKGL-05999,,36.84253749,73.41821155,4082.0,4.457471082467455,0.001078703,2026-09-01T06:54:27.896595+00:00
PKGL-06000,,36.78084779,73.46072919,4343.0,8.810072940188059,0.00308359,2026-09-01T06:54:27.896595+00:00
PKGL-06001,,36.78984489,73.48942619,3944.0,8.146397509451484,0.000843484,2026-09-01T06:54:27.896595+00:00
PKGL-06002,,36.86787278,73.67294173,4360.0,18.672956160753685,0.143538913,2026-09-01T06:54:27.896595+00:00
PKGL-06003,,36.88151977,73.67448299,4302.0,18.93916575948069,0.042919736,2026-09-01T06:54:27.896595+00:00
PKGL-06004,,36.88085548,73.67682911,4305.0,19.137231456002457,0.001057839,2026-09-01T06:54:27.896595+00:00
PKGL-06005,,36.87836656,73.68546936,4287.0,19.87046060344056,0.028368198,2026-09-01T06:54:27.896595+00:00
PKGL-06006,,36.8782889,73.68728695,4287.0,20.030436897086933,0.002872783,2026-09-01T06:54:27.896595+00:00
PKGL-06007,,36.87936031,73.70412692,4286.0,21.53270595810493,2.653523838,2026-09-01T06:54:27.896595+00:00
PKGL-06008,,36.88311558,73.72315315,4288.0,23.25914874834604,0.001826061,2026-09-01T06:54:27.896595+00:00
PKGL-06009,,36.87951013,73.75183174,4297.0,25.760037579308275,0.001789783,2026-09-01T06:54:27.896595+00:00
PKGL-06010,,36.87835977,73.75599535,4255.0,26.11904016923556,0.001433981,2026-09-01T06:54:27.896595+00:00
PKGL-06011,,36.87806589,73.75733754,4255.0,26.23561044155275,0.001974768,2026-09-01T06:54:27.896595+00:00
PKGL-06012,,36.86939185,73.7615236,4242.0,26.5532378524764,0.001492784,2026-09-01T06:54:27.896595+00:00
PKGL-06013,,36.85940283,73.75532439,4377.0,25.98322805300164,0.001988067,2026-09-01T06:54:27.896595+00:00
PKGL-06014,,36.7642394,73.67697889,4502.0,21.804740915352493,0.002179456,2026-09-01T06:54:27.896595+00:00
PKGL-06015,,36.76180105,73.67843558,4525.0,22.051308187681897,0.002150687,2026-09-01T06:54:27.896595+00:00
PKGL-06016,,36.92668706,73.73676062,4600.0,21.50948850960592,0.0011839,2026-09-01T06:54:27.896595+00:00
PKGL-06017,,36.92620388,73.7355493,4601.0,21.587720245375127,0.00028655,2026-09-01T06:54:27.896595+00:00
PKGL-06018,,36.86327947,73.80085104,3997.0,27.877102992397862,0.00160038,2026-09-01T06:54:27.896595+00:00
PKGL-06019,,36.86293814,73.80251223,3992.0,27.91123547832282,0.00108081,2026-09-01T06:54:27.896595+00:00
PKGL-06020,,36.86274327,73.80299826,3989.0,27.931932717723743,0.000218657,2026-09-01T06:54:27.896595+00:00
PKGL-06021,,36.7765785,73.96193049,3922.0,14.778818140872016,0.000324021,2026-09-01T06:54:27.896595+00:00
PKGL-06022,,36.79273334,73.99714508,3483.0,15.152092632184608,0.000964361,2026-09-01T06:54:27.896595+00:00
PKGL-06023,,36.78703761,73.99049574,3582.0,14.738877233151998,0.000285023,2026-09-01T06:54:27.896595+00:00
PKGL-06024,,36.77691765,74.00196385,3349.0,13.345265962669403,0.002512076,2026-09-01T06:54:27.896595+00:00
PKGL-06025,,36.77103032,74.00003382,3331.0,12.77741144515297,0.001980636,2026-09-01T06:54:27.896595+00:00
PKGL-06026,,36.76866554,74.0531624,3871.0,11.827612588854736,0.00044243,2026-09-01T06:54:27.896595+00:00
PKGL-06027,,36.81257605,74.15788596,3979.0,10.758652553376068,0.005847778,2026-09-01T06:54:27.896595+00:00
PKGL-06028,,36.81724725,74.17898012,3871.0,8.81123108033318,0.000669166,2026-09-01T06:54:27.896595+00:00
PKGL-06029,,36.82381165,74.1767637,3909.0,8.864424823099151,0.002344556,2026-09-01T06:54:27.896595+00:00
PKGL-06030,,36.82643551,74.20600276,3651.0,6.248460224544313,0.003107139,2026-09-01T06:54:27.896595+00:00
PKGL-06031,,36.79602588,74.26622515,4369.0,4.4904674121171055,0.003335598,2026-09-01T06:54:27.896595+00:00
PKGL-06032,,36.76625272,74.24891884,4955.0,8.076253980692089,0.003152639,2026-09-01T06:54:27.896595+00:00
PKGL-06033,,36.73428845,74.25736108,4357.0,11.39486955799926,0.000443041,2026-09-01T06:54:27.896595+00:00
PKGL-06034,,36.63362262,73.90368702,4012.0,12.080057244084635,0.000541625,2026-09-01T06:54:27.896595+00:00
PKGL-06035,,36.60813122,73.88534772,3744.0,9.170537137928516,0.000531682,2026-09-01T06:54:27.896595+00:00
PKGL-06036,,36.60801723,73.88278196,3720.0,8.963542513943905,0.050311767,2026-09-01T06:54:27.896595+00:00
PKGL-06037,,36.60077719,73.86176478,3468.0,6.935462177464387,0.023287281,2026-09-01T06:54:27.896595+00:00
PKGL-06038,,36.67631685,73.72946707,3893.0,12.145272938818165,0.020493153,2026-09-01T06:54:27.896595+00:00
PKGL-06039,,36.67457803,73.72899266,3898.0,11.95798007490948,0.001778009,2026-09-01T06:54:27.896595+00:00
PKGL-06040,,36.67307963,73.72715137,3897.0,11.812988043949655,0.000298444,2026-09-01T06:54:27.896595+00:00
PKGL-06041,,36.62997119,73.6727709,4255.0,9.429074302593325,0.001058161,2026-09-01T06:54:27.896595+00:00
PKGL-06042,,36.6495663,73.66265212,4022.0,11.66948082732638,0.006998502,2026-09-01T06:54:27.896595+00:00
PKGL-06043,,36.64406672,73.64614996,3838.0,12.212166589178924,1.062369028,2026-09-01T06:54:27.896595+00:00
PKGL-06044,,36.64235016,73.40619888,2746.0,2.625131276756332,0.163888141,2026-09-01T06:54:27.896595+00:00
PKGL-06045,,36.5614082,73.59535377,3574.0,13.343699676333529,0.021904701,2026-09-01T06:54:27.896595+00:00
PKGL-06046,,36.52368331,73.59075093,4915.0,14.420701467735114,0.015564961,2026-09-01T06:54:27.896595+00:00
PKGL-06047,,36.6231336,73.47365979,3845.0,2.8131560083043112,0.040420148,2026-09-01T06:54:27.896595+00:00
PKGL-06048,,36.89085054,73.98744043,4180.0,23.92429955490864,0.023807244,2026-09-01T06:54:27.896595+00:00
PKGL-06049,,36.88563732,73.99119174,4259.0,24.165107984278432,0.000842825,2026-09-01T06:54:27.896595+00:00
PKGL-06050,,36.85641834,73.95559886,4661.0,23.052337240422524,0.005899805,2026-09-01T06:54:27.896595+00:00
PKGL-06051,,36.5961389,73.69318588,4321.0,5.566917822947814,0.002531286,2026-09-01T06:54:27.896595+00:00
PKGL-06052,,36.59245935,73.6896536,4232.0,5.618718967582787,0.000195231,2026-09-01T06:54:27.896595+00:00
PKGL-06053,,36.59877046,73.49890142,4597.0,5.9907551062241255,0.001939476,2026-09-01T06:54:27.896595+00:00
PKGL-06054,,36.59792844,73.49827811,4643.0,6.056098589182042,0.001079217,2026-09-01T06:54:27.896595+00:00
PKGL-06055,,36.59728207,73.49774341,4703.0,6.10527465674618,0.000628657,2026-09-01T06:54:27.896595+00:00
PKGL-06056,,36.8735406,73.72134794,4338.0,23.00713470264457,0.001451548,2026-09-01T06:54:27.896595+00:00
PKGL-06057,,36.8608044,73.35358384,3874.0,2.218866111733898,0.000406412,2026-09-01T06:54:27.896595+00:00
PKGL-06058,,36.83631343,73.34852465,3527.0,0.5304698785984946,0.000431469,2026-09-01T06:54:27.896595+00:00
PKGL-06059,,36.86246367,73.37460006,3567.0,0.7343520812333018,0.000417139,2026-09-01T06:54:27.896595+00:00
PKGL-06060,,36.92189965,73.41916059,3404.0,7.01358414124587,0.003063411,2026-09-01T06:54:27.896595+00:00
PKGL-06061,,36.82538945,73.41941336,4512.0,5.485378970134669,0.024920818,2026-09-01T06:54:27.896595+00:00
PKGL-06062,,36.91286145,73.54417471,4387.0,9.287134779642022,0.00028006,2026-09-01T06:54:27.896595+00:00
PKGL-06063,,36.66167418,73.62218913,4096.0,13.402972668437997,0.000744372,2026-09-01T06:54:27.896595+00:00
PKGL-06064,,36.66063335,73.62140916,4087.0,13.321616792941285,0.01281602,2026-09-01T06:54:27.896595+00:00
PKGL-06065,,36.8104692,73.70505072,4278.0,22.21240541363332,0.007018443,2026-09-01T06:54:27.896595+00:00
PKGL-06066,,36.62297349,73.70645264,3922.0,7.018222953923319,0.000409894,2026-09-01T06:54:27.896595+00:00
PKGL-06067,,36.62270562,73.70636595,3924.0,6.995954802984341,0.000221261,2026-09-01T06:54:27.896595+00:00
PKGL-06068,,36.6680481,73.73150292,3873.0,11.21163881589369,0.000428797,2026-09-01T06:54:27.896595+00:00
PKGL-06069,,36.67028927,73.73177771,3895.0,11.457058406235165,0.000785375,2026-09-01T06:54:27.896595+00:00
PKGL-06070,,36.67126275,73.73248388,3914.0,11.55872848695448,0.000191182,2026-09-01T06:54:27.896595+00:00
PKGL-06071,,36.67317556,73.73076552,3914.0,11.785535660594698,0.000447618,2026-09-01T06:54:27.896595+00:00
PKGL-06072,,36.67256844,73.73067778,3917.0,11.719223325574603,0.000238951,2026-09-01T06:54:27.896595+00:00
PKGL-06073,,36.67898454,73.73720667,3984.0,12.384422539648574,0.00051121,2026-09-01T06:54:27.896595+00:00
PKGL-06074,,36.67925727,73.73598056,3989.0,12.420964813720635,0.000140036,2026-09-01T06:54:27.896595+00:00
PKGL-06075,,36.62968086,73.75027995,4118.0,6.9037000615126205,0.03821956,2026-09-01T06:54:27.896595+00:00
PKGL-06076,,36.63249342,73.79653852,3996.0,7.072259516304355,0.000965733,2026-09-01T06:54:27.896595+00:00
PKGL-06077,,36.61349088,73.90053737,3792.0,10.647338759912357,0.003215389,2026-09-01T06:54:27.896595+00:00
PKGL-06078,,36.64697132,73.9138368,4295.0,11.98828845812616,0.001070239,2026-09-01T06:54:27.896595+00:00
PKGL-06079,,36.81091286,73.71594047,4398.0,23.140710650151245,0.00071551,2026-09-01T06:54:27.896595+00:00
PKGL-06080,,36.80711741,73.72641738,4385.0,24.14770996359717,0.000651471,2026-09-01T06:54:27.896595+00:00
PKGL-06081,,36.603229,73.66920218,4450.0,7.798266497594026,0.009171933,2026-09-01T06:54:27.896595+00:00
PKGL-06082,,36.59267079,73.68908471,4228.0,5.674522850309741,0.000629175,2026-09-01T06:54:27.896595+00:00
PKGL-06083,,36.59206155,73.68894739,4222.0,5.652555112250901,0.001100684,2026-09-01T06:54:27.896595+00:00
PKGL-06084,,36.61989695,73.69669362,4356.0,7.201305122195308,0.000750896,2026-09-01T06:54:27.896595+00:00
PKGL-06085,,36.79573802,73.99502103,3458.0,15.527134306382049,0.000989233,2026-09-01T06:54:27.896595+00:00
PKGL-06086,,36.88665205,74.03062981,4332.0,22.069071822468807,0.000468192,2026-09-01T06:54:27.896595+00:00
PKGL-06087,,36.7612632,74.06608054,3971.0,11.124093793296336,0.002278453,2026-09-01T06:54:27.896595+00:00
PKGL-06088,,36.80468118,74.12095067,4422.0,14.161641723801203,0.002951746,2026-09-01T06:54:27.896595+00:00
PKGL-06089,,36.80100296,74.11655467,4496.0,14.644347142432942,0.002012105,2026-09-01T06:54:27.896595+00:00
PKGL-06090,,36.80282276,74.11308283,4508.0,14.891441311008268,0.000854328,2026-09-01T06:54:27.896595+00:00
PKGL-06091,,36.8044009,74.20510677,4183.0,7.150355016759887,0.000143854,2026-09-01T06:54:27.896595+00:00
PKGL-06092,,36.80436313,74.20477781,4183.0,7.177976417899585,0.000385645,2026-09-01T06:54:27.896595+00:00
PKGL-06093,,36.80248606,74.20733944,4143.0,7.0863940066359605,0.001488527,2026-09-01T06:54:27.896595+00:00
PKGL-06094,,36.80162524,74.20721488,4144.0,7.146257924454194,0.000130926,2026-09-01T06:54:27.896595+00:00
PKGL-06095,,36.8737963,74.28238155,4677.0,4.27694937819481,0.000388537,2026-09-01T06:54:27.896595+00:00
PKGL-06096,,36.8750126,74.27891782,4638.0,4.376954588293631,0.000313897,2026-09-01T06:54:27.896595+00:00
PKGL-06097,,36.72686385,74.25265732,4377.0,12.274539595379052,0.000364053,2026-09-01T06:54:27.896595+00:00
PKGL-06098,,36.74620955,74.26936766,4809.0,9.971269161905914,0.003387973,2026-09-01T06:54:27.896595+00:00
PKGL-06099,,36.70720561,74.2578692,4781.0,14.37805930861664,0.00041139,2026-09-01T06:54:27.896595+00:00
PKGL-06100,,36.83881288,73.9196765,3558.0,22.65115575013717,0.000868129,2026-09-01T06:54:27.896595+00:00
PKGL-06101,,36.8392858,73.90955725,3608.0,23.159902739472145,0.001131333,2026-09-01T06:54:27.896595+00:00
PKGL-06102,,36.83912503,73.90688986,3614.0,23.27119361973968,0.000180014,2026-09-01T06:54:27.896595+00:00
PKGL-06103,,36.84009738,73.9158434,3575.0,22.946695466050045,0.000210322,2026-09-01T06:54:27.896595+00:00
PKGL-06104,,36.8475943,73.90280401,3639.0,24.26181834683086,0.000306506,2026-09-01T06:54:27.896595+00:00
PKGL-06105,,36.84760638,73.90192052,3640.0,24.304676983710223,0.001983795,2026-09-01T06:54:27.896595+00:00
PKGL-06106,,36.84735988,73.90231857,3644.0,24.262632779299043,0.00016416,2026-09-01T06:54:27.896595+00:00
PKGL-06107,,36.84737273,73.90168513,3643.0,24.2938357441482,0.000144194,2026-09-01T06:54:27.896595+00:00
PKGL-06108,,36.84733493,73.90191047,3643.0,24.27959747100952,5.71e-05,2026-09-01T06:54:27.896595+00:00
PKGL-06109,,36.84679533,73.90505149,3632.0,24.08086887959466,0.000438623,2026-09-01T06:54:27.896595+00:00
PKGL-06110,,36.84681128,73.90459878,3628.0,24.103557790687585,1.56e-05,2026-09-01T06:54:27.896595+00:00
PKGL-06111,,36.85431324,73.79141119,4266.0,28.90892110823716,0.000997621,2026-09-01T06:54:27.896595+00:00
PKGL-06112,,36.91024086,73.78967003,4496.0,22.710844639328027,0.002848887,2026-09-01T06:54:27.896595+00:00
PKGL-06113,,36.9126839,73.79433946,4449.0,22.414291201842257,0.000497698,2026-09-01T06:54:27.896595+00:00
PKGL-06114,,36.52753004,73.48030099,5013.0,4.978070200426943,0.000437322,2026-09-01T06:54:27.896595+00:00
PKGL-06115,,36.66585958,73.60189636,4615.0,11.67332579146693,0.005982705,2026-09-01T06:54:27.896595+00:00
PKGL-06116,,36.58367955,73.61295909,4487.0,11.883438314637234,0.000270372,2026-09-01T06:54:27.896595+00:00
PKGL-06117,,36.58058647,73.61686525,4337.0,11.49114106733214,0.003293794,2026-09-01T06:54:27.896595+00:00
PKGL-06118,,36.68151575,73.7851577,4400.0,12.552704304387012,0.000403482,2026-09-01T06:54:27.896595+00:00
PKGL-06119,,36.67245284,73.79972597,4039.0,11.521937122868108,0.00014196,2026-09-01T06:54:27.896595+00:00
PKGL-06120,,36.67180545,73.79935023,4016.0,11.448812394953078,0.001620635,2026-09-01T06:54:27.896595+00:00
PKGL-06121,,36.70928818,74.14079707,4523.0,9.866919576382756,0.0002053,2026-09-01T06:54:27.896595+00:00
PKGL-06122,,36.70987721,74.14084946,4522.0,9.905597372711858,0.001575553,2026-09-01T06:54:27.896595+00:00
PKGL-06123,,36.22914308,75.85466946,4282.0,53.47118733382276,0.008695929,2026-09-01T06:54:27.896595+00:00
PKGL-06124,,36.28698402,75.81019797,3982.0,47.25451758298912,0.002739936,2026-09-01T06:54:27.896595+00:00
PKGL-06125,,36.28691509,75.81117788,3989.0,47.33931325377258,0.000658426,2026-09-01T06:54:27.896595+00:00
PKGL-06126,,36.28603372,75.81198935,3991.0,47.442222277766334,0.001405612,2026-09-01T06:54:27.896595+00:00
PKGL-06127,,36.28654602,75.81171641,3992.0,47.39903622438676,0.002604628,2026-09-01T06:54:27.896595+00:00
PKGL-06128,,36.28774719,75.81155889,3989.0,47.33837982203136,0.000574889,2026-09-01T06:54:27.896595+00:00
PKGL-06129,,36.28565671,75.81208318,3990.0,47.46507312486433,0.000238877,2026-09-01T06:54:27.896595+00:00
PKGL-06130,,36.28583978,75.81294697,3993.0,47.53009446554008,0.003764956,2026-09-01T06:54:27.896595+00:00
PKGL-06131,,36.28608083,75.80817481,3963.0,47.12117310716705,0.0003236,2026-09-01T06:54:27.896595+00:00
PKGL-06132,,36.28496622,75.81142628,3981.0,47.43768378775749,0.000126264,2026-09-01T06:54:27.896595+00:00
PKGL-06133,,36.28555268,75.81385092,3995.0,47.61717498242838,0.000306753,2026-09-01T06:54:27.896595+00:00
PKGL-06134,,36.28539969,75.81491176,3993.0,47.71206658645304,0.000574835,2026-09-01T06:54:27.896595+00:00
PKGL-06135,,36.2851673,75.81479049,3994.0,47.7111427345699,0.000333824,2026-09-01T06:54:27.896595+00:00
PKGL-06136,,36.28449568,75.81329141,3993.0,47.6124895698585,0.000455271,2026-09-01T06:54:27.896595+00:00
PKGL-06137,,36.28247608,75.81383582,3991.0,47.73918883808188,0.001239281,2026-09-01T06:54:27.896595+00:00
PKGL-06138,,36.28216532,75.81553625,3999.0,47.89374814626139,0.00061818,2026-09-01T06:54:27.896595+00:00
PKGL-06139,,36.28427852,75.81408048,3999.0,47.68716818529074,0.000572933,2026-09-01T06:54:27.896595+00:00
PKGL-06140,,36.28425753,75.81463932,4001.0,47.7347488012081,0.000242284,2026-09-01T06:54:27.896595+00:00
PKGL-06141,,36.28154295,75.81599997,4008.0,47.95762758330896,7.82e-05,2026-09-01T06:54:27.896595+00:00
PKGL-06142,,36.28130498,75.81375783,3999.0,47.78016817829878,0.000329453,2026-09-01T06:54:27.896595+00:00
PKGL-06143,,36.28048426,75.81495446,3999.0,47.91340570936385,0.00114428,2026-09-01T06:54:27.896595+00:00
PKGL-06144,,36.27973483,75.81505414,4008.0,47.95234071764972,0.000179258,2026-09-01T06:54:27.896595+00:00
PKGL-06145,,36.27898041,75.81534218,4018.0,48.00728456865252,0.003376773,2026-09-01T06:54:27.896595+00:00
PKGL-06146,,36.27888521,75.81301369,3998.0,47.81732598670994,8.21e-05,2026-09-01T06:54:27.896595+00:00
PKGL-06147,,36.27758882,75.81644801,4020.0,48.15669767069825,0.000519774,2026-09-01T06:54:27.896595+00:00
PKGL-06148,,36.27779981,75.81824062,4034.0,48.29722922053613,0.000560919,2026-09-01T06:54:27.896595+00:00
PKGL-06149,,36.27504076,75.81862752,4032.0,48.44375227257432,0.000800381,2026-09-01T06:54:27.896595+00:00
PKGL-06150,,36.27493263,75.81902484,4034.0,48.481278544384885,0.000219736,2026-09-01T06:54:27.896595+00:00
PKGL-06151,,36.27502859,75.8192122,4036.0,48.49284536939808,8.47e-05,2026-09-01T06:54:27.896595+00:00
PKGL-06152,,36.27449198,75.8186856,4035.0,48.47151024427037,0.001211866,2026-09-01T06:54:27.896595+00:00
PKGL-06153,,36.27379826,75.82031727,4031.0,48.63606055397877,0.001177175,2026-09-01T06:54:27.896595+00:00
PKGL-06154,,36.2715816,75.82364979,4053.0,49.00578669771309,0.006310878,2026-09-01T06:54:27.896595+00:00
PKGL-06155,,36.27042928,75.82511491,4056.0,49.17593615169393,0.001191254,2026-09-01T06:54:27.896595+00:00
PKGL-06156,,36.27881346,75.80375693,3999.0,47.0508503630872,0.000294386,2026-09-01T06:54:27.896595+00:00
PKGL-06157,,36.27852869,75.80486853,3996.0,47.15507669646776,0.00017282,2026-09-01T06:54:27.896595+00:00
PKGL-06158,,36.27771966,75.80171674,3991.0,46.92773225934513,0.000594631,2026-09-01T06:54:27.896595+00:00
PKGL-06159,,36.27566522,75.80223785,4005.0,47.05833825743815,0.000896947,2026-09-01T06:54:27.896595+00:00
PKGL-06160,,36.27554124,75.80763803,3976.0,47.51078600285484,0.000596768,2026-09-01T06:54:27.896595+00:00
PKGL-06161,,36.27402721,75.80877645,4007.0,47.66947636252518,0.000221676,2026-09-01T06:54:27.896595+00:00
PKGL-06162,,36.27348742,75.80922448,4006.0,47.72961156667585,9.57e-05,2026-09-01T06:54:27.896595+00:00
PKGL-06163,,36.2724759,75.8092046,3991.0,47.771321025270346,0.000324335,2026-09-01T06:54:27.896595+00:00
PKGL-06164,,36.27412447,75.80850032,4004.0,47.6424677889035,6.92e-05,2026-09-01T06:54:27.896595+00:00
PKGL-06165,,36.26961415,75.81179957,4007.0,48.10929122057087,0.000160745,2026-09-01T06:54:27.896595+00:00
PKGL-06166,,36.27226841,75.81486934,4027.0,48.24892088966895,0.000551962,2026-09-01T06:54:27.896595+00:00
PKGL-06167,,36.27336008,75.81601015,4030.0,48.29710938946658,0.000692957,2026-09-01T06:54:27.896595+00:00
PKGL-06168,,36.27142255,75.81809577,4035.0,48.55213146213044,0.00011567,2026-09-01T06:54:27.896595+00:00
PKGL-06169,,36.26942176,75.82515563,4053.0,49.22201279495364,0.000366573,2026-09-01T06:54:27.896595+00:00
PKGL-06170,,36.26908581,75.82557883,4052.0,49.27135223685922,0.000912692,2026-09-01T06:54:27.896595+00:00
PKGL-06171,,36.26902094,75.82622648,4057.0,49.32776065874144,0.000383596,2026-09-01T06:54:27.896595+00:00
PKGL-06172,,36.26801742,75.82712366,4071.0,49.44479013206864,0.000416324,2026-09-01T06:54:27.896595+00:00
PKGL-06173,,36.26600645,75.82087481,4068.0,49.014982286159615,0.000456058,2026-09-01T06:54:27.896595+00:00
PKGL-06174,,36.26553305,75.82093215,4075.0,49.04034011779661,0.000919011,2026-09-01T06:54:27.896595+00:00
PKGL-06175,,36.26544395,75.82046592,4075.0,49.00578474894469,8.23e-05,2026-09-01T06:54:27.896595+00:00
PKGL-06176,,36.26877318,75.81286567,4019.0,48.23381419298057,0.000314443,2026-09-01T06:54:27.896595+00:00
PKGL-06177,,36.26876381,75.81339253,4020.0,48.27769183024317,0.000272159,2026-09-01T06:54:27.896595+00:00
PKGL-06178,,36.27050662,75.80988339,4010.0,47.9124027792648,9.03e-06,2026-09-01T06:54:27.896595+00:00
PKGL-06179,,36.26784927,75.81249842,4013.0,48.24383708160733,0.000165639,2026-09-01T06:54:27.896595+00:00
PKGL-06180,,36.27082124,75.81545732,4041.0,48.35943832874759,0.000232288,2026-09-01T06:54:27.896595+00:00
PKGL-06181,,36.27188621,75.81788635,4032.0,48.51507103571544,0.000169357,2026-09-01T06:54:27.896595+00:00
PKGL-06182,,36.27299924,75.81735788,4024.0,48.42410991383696,4.98e-05,2026-09-01T06:54:27.896595+00:00
PKGL-06183,,36.27203515,75.81998305,4038.0,48.68253337060887,6.31e-05,2026-09-01T06:54:27.896595+00:00
PKGL-06184,,36.27241829,75.81980575,4043.0,48.651641415398366,0.000142469,2026-09-01T06:54:27.896595+00:00
PKGL-06185,,36.27289998,75.82211232,4054.0,48.822761209685495,8.35e-05,2026-09-01T06:54:27.896595+00:00
PKGL-06186,,36.27808695,75.81678316,4017.0,48.16404518785776,6.08e-05,2026-09-01T06:54:27.896595+00:00
PKGL-06187,,36.26482854,75.82698923,4066.0,49.57078252635631,0.000196517,2026-09-01T06:54:27.896595+00:00
PKGL-06188,,36.2646221,75.82708513,4070.0,49.58765054350875,0.000262075,2026-09-01T06:54:27.896595+00:00
PKGL-06189,,36.26372867,75.82952153,4080.0,49.82753755023267,0.000914229,2026-09-01T06:54:27.896595+00:00
PKGL-06190,,36.26346313,75.82946754,4082.0,49.83461114473556,5.57e-05,2026-09-01T06:54:27.896595+00:00
PKGL-06191,,36.26337399,75.82967718,4080.0,49.855785679473065,0.000239017,2026-09-01T06:54:27.896595+00:00
PKGL-06192,,36.26116881,75.82006219,4085.0,49.16128802547811,0.000616419,2026-09-01T06:54:27.896595+00:00
PKGL-06193,,36.26050456,75.82253218,4085.0,49.39378008512163,0.000104526,2026-09-01T06:54:27.896595+00:00
PKGL-06194,,36.25758575,75.82434797,4089.0,49.67357552364842,0.000534401,2026-09-01T06:54:27.896595+00:00
PKGL-06195,,36.25728014,75.82292267,4089.0,49.5705709888277,8.75e-05,2026-09-01T06:54:27.896595+00:00
PKGL-06196,,36.25938481,75.82903353,4093.0,49.97786766812579,0.000479224,2026-09-01T06:54:27.896595+00:00
PKGL-06197,,36.26336855,75.82920902,4084.0,49.8173888183995,4.27e-05,2026-09-01T06:54:27.896595+00:00
PKGL-06198,,36.26287418,75.82988789,4082.0,49.894913185121545,7.86e-05,2026-09-01T06:54:27.896595+00:00
PKGL-06199,,36.25461026,75.82631274,4105.0,49.96922099319001,0.000275113,2026-09-01T06:54:27.896595+00:00
PKGL-06200,,36.25328612,75.82780592,4135.0,50.151717219225056,0.00045718,2026-09-01T06:54:27.896595+00:00
PKGL-06201,,36.24851565,75.752546,4438.0,44.33511925592629,0.00131761,2026-09-01T06:54:27.896595+00:00
PKGL-06202,,36.23694677,75.74717864,4726.0,44.54479975917579,0.000932985,2026-09-01T06:54:27.896595+00:00
PKGL-06203,,36.25502913,75.83614388,4142.0,50.75601383824423,0.000192578,2026-09-01T06:54:27.896595+00:00
PKGL-06204,,36.25477987,75.83544193,4138.0,50.70956035871539,5.57e-05,2026-09-01T06:54:27.896595+00:00
PKGL-06205,,36.25117617,75.83225543,4146.0,50.61189218750082,0.00062234,2026-09-01T06:54:27.896595+00:00
PKGL-06206,,36.25027629,75.83373791,4144.0,50.774251823760814,0.000185948,2026-09-01T06:54:27.896595+00:00
PKGL-06207,,36.25038772,75.8373693,4154.0,51.06599373646984,0.001521359,2026-09-01T06:54:27.896595+00:00
PKGL-06208,,36.25079538,75.83784288,4153.0,51.08618327653996,0.000296188,2026-09-01T06:54:27.896595+00:00
PKGL-06209,,36.24848353,75.82718282,4162.0,50.32275269283944,0.000264568,2026-09-01T06:54:27.896595+00:00
PKGL-06210,,36.24761503,75.82837982,4162.0,50.46074785823002,0.000660646,2026-09-01T06:54:27.896595+00:00
PKGL-06211,,36.24687806,75.82894866,4171.0,50.54153524915354,0.00051185,2026-09-01T06:54:27.896595+00:00
PKGL-06212,,36.24683133,75.82964466,4172.0,50.60032274375269,0.000395033,2026-09-01T06:54:27.896595+00:00
PKGL-06213,,36.24612993,75.83778318,4181.0,51.29559572287269,0.000281775,2026-09-01T06:54:27.896595+00:00
PKGL-06214,,36.24535918,75.83825501,4176.0,51.3698461221456,5.32e-05,2026-09-01T06:54:27.896595+00:00
PKGL-06215,,36.24482169,75.837344,4177.0,51.32072008225517,0.00119703,2026-09-01T06:54:27.896595+00:00
PKGL-06216,,36.2420025,75.84266024,4214.0,51.88511555718812,0.000147519,2026-09-01T06:54:27.896595+00:00
PKGL-06217,,36.24186049,75.84360752,4216.0,51.96881590642961,0.000212082,2026-09-01T06:54:27.896595+00:00
PKGL-06218,,36.23970344,75.8443611,4222.0,52.13145299199497,0.000238224,2026-09-01T06:54:27.896595+00:00
PKGL-06219,,36.23953342,75.84557609,4221.0,52.23815147025696,0.000119697,2026-09-01T06:54:27.896595+00:00
PKGL-06220,,36.23950962,75.83248811,4201.0,51.17854819702922,0.001155191,2026-09-01T06:54:27.896595+00:00
PKGL-06221,,36.2380511,75.83520561,4221.0,51.46845717881503,0.000381818,2026-09-01T06:54:27.896595+00:00
PKGL-06222,,36.22259217,75.84479666,4260.0,53.00172184170475,0.000233809,2026-09-01T06:54:27.896595+00:00
PKGL-06223,,36.22931987,75.83745776,4224.0,52.0771542410495,0.000392458,2026-09-01T06:54:27.896595+00:00
PKGL-06224,,36.22914039,75.83703716,4222.0,52.05233552008577,0.000218784,2026-09-01T06:54:27.896595+00:00
PKGL-06225,,36.22943605,75.83630188,4226.0,51.978643830364895,0.000193583,2026-09-01T06:54:27.896595+00:00
PKGL-06226,,36.22101845,75.8453383,4272.0,53.12452164274597,0.000421879,2026-09-01T06:54:27.896595+00:00
PKGL-06227,,36.22174457,75.84999989,4287.0,53.46063897666311,0.000140834,2026-09-01T06:54:27.896595+00:00
PKGL-06228,,36.2260236,75.85220363,4274.0,53.424829111721714,0.000264942,2026-09-01T06:54:27.896595+00:00
PKGL-06229,,36.22541628,75.85581654,4271.0,53.7453864282109,0.000490921,2026-09-01T06:54:27.896595+00:00
PKGL-06230,,36.22517441,75.8554469,4269.0,53.7275142063127,0.00025887,2026-09-01T06:54:27.896595+00:00
PKGL-06231,,36.21292139,75.84947406,4318.0,53.86868432972766,0.002182841,2026-09-01T06:54:27.896595+00:00
PKGL-06232,,36.21142095,75.84969134,4304.0,53.96385790945317,0.000188838,2026-09-01T06:54:27.896595+00:00
PKGL-06233,,36.21133981,75.85003626,4310.0,53.99542584611453,0.000122366,2026-09-01T06:54:27.896595+00:00
PKGL-06234,,36.21189535,75.84954103,4306.0,53.92725584880929,0.000145605,2026-09-01T06:54:27.896595+00:00
PKGL-06235,,36.2151139,75.86467041,4351.0,54.52501484809677,0.001344383,2026-09-01T06:54:27.896595+00:00
PKGL-06236,,36.22006881,75.86107424,4299.0,54.27008996761541,0.000847013,2026-09-01T06:54:27.896595+00:00
PKGL-06237,,36.20694947,75.86759194,4364.0,55.112896599705095,0.000411086,2026-09-01T06:54:27.896595+00:00
PKGL-06238,,36.20535766,75.8674637,4371.0,55.26450331266241,9.78e-05,2026-09-01T06:54:27.896595+00:00
PKGL-06239,,36.20461656,75.86795749,4371.0,55.30674181268768,7.68e-05,2026-09-01T06:54:27.896595+00:00
PKGL-06240,,36.20414756,75.86760451,4378.0,55.36763665259664,0.000270429,2026-09-01T06:54:27.896595+00:00
PKGL-06241,,36.20260195,75.8697356,4391.0,55.39998840017786,0.000606547,2026-09-01T06:54:27.896595+00:00
PKGL-06242,,36.20204508,75.86978766,4393.0,55.44832651390073,0.000133985,2026-09-01T06:54:27.896595+00:00
PKGL-06243,,36.20223522,75.86813717,4383.0,55.51505862795253,0.000325745,2026-09-01T06:54:27.896595+00:00
PKGL-06244,,36.19985365,75.87002387,4398.0,55.63722615111238,0.000194544,2026-09-01T06:54:27.896595+00:00
PKGL-06245,,36.21297206,75.82767786,4871.0,52.14367962709477,0.000751713,2026-09-01T06:54:27.896595+00:00
PKGL-06246,,36.21366337,75.76286483,4750.0,47.08738779538874,0.001351835,2026-09-01T06:54:27.896595+00:00
PKGL-06247,,36.21140631,75.76743012,4775.0,47.56772184301223,0.000106088,2026-09-01T06:54:27.896595+00:00
PKGL-06248,,36.26718509,75.73010703,4999.0,41.58677423560663,0.004433482,2026-09-01T06:54:27.896595+00:00
PKGL-06249,,36.27086622,75.73923055,5107.0,42.13343206163332,0.001132768,2026-09-01T06:54:27.896595+00:00
PKGL-06250,,36.21492767,75.89333886,4639.0,53.07815982641471,0.000141096,2026-09-01T06:54:27.896595+00:00
PKGL-06251,,36.21890965,75.89104323,4611.0,52.82468394639282,0.0002251,2026-09-01T06:54:27.896595+00:00
PKGL-06252,,36.22050468,75.89069408,4581.0,52.69533487972201,0.000228322,2026-09-01T06:54:27.896595+00:00
PKGL-06253,,36.21207953,75.89554344,4682.0,53.23380437298026,0.000106595,2026-09-01T06:54:27.896595+00:00
PKGL-06254,,36.19678848,75.86038929,4382.0,54.88247830655898,0.000228328,2026-09-01T06:54:27.896595+00:00
PKGL-06255,,36.2187688,75.85676296,4299.0,54.15136830133335,0.000353615,2026-09-01T06:54:27.896595+00:00
PKGL-06256,,36.22125694,75.85905001,4290.0,54.21052525104911,0.000465665,2026-09-01T06:54:27.896595+00:00
PKGL-06257,,36.22239683,75.85800348,4280.0,54.07001368920986,0.000190249,2026-09-01T06:54:27.896595+00:00
PKGL-06258,,36.22491515,75.85706412,4285.0,53.87039984876067,0.000265612,2026-09-01T06:54:27.896595+00:00
PKGL-06259,,36.22975269,75.83852665,4228.0,52.14148426168076,0.00098327,2026-09-01T06:54:27.896595+00:00
PKGL-06260,,36.23108113,75.83727284,4208.0,51.97506388853628,0.000247847,2026-09-01T06:54:27.896595+00:00
PKGL-06261,,36.23187283,75.83769697,4215.0,51.97015029200875,0.00137313,2026-09-01T06:54:27.896595+00:00
PKGL-06262,,36.23177234,75.83721863,4209.0,51.93662355541795,8.31e-05,2026-09-01T06:54:27.896595+00:00
PKGL-06263,,36.23691938,75.83292741,4214.0,51.3392330660234,0.000350428,2026-09-01T06:54:27.896595+00:00
PKGL-06264,,36.23707222,75.83643599,4219.0,51.615097448009,0.000902259,2026-09-01T06:54:27.896595+00:00
PKGL-06265,,36.23579152,75.83366926,4214.0,51.45393650449272,0.00030472,2026-09-01T06:54:27.896595+00:00
PKGL-06266,,36.23707999,75.84246698,4214.0,52.10250386038947,0.000471612,2026-09-01T06:54:27.896595+00:00
PKGL-06267,,36.23345786,75.84690489,4239.0,52.63544094167467,0.000182443,2026-09-01T06:54:27.896595+00:00
PKGL-06268,,36.23336778,75.84723065,4241.0,52.66611298409153,7.6e-05,2026-09-01T06:54:27.896595+00:00
PKGL-06269,,36.23284932,75.84743874,4238.0,52.707939385908745,0.000340455,2026-09-01T06:54:27.896595+00:00
PKGL-06270,,36.2319321,75.85146864,4253.0,53.0778644904209,4.97e-05,2026-09-01T06:54:27.896595+00:00
PKGL-06271,,36.23276991,75.85167106,4249.0,53.0539569810216,0.000122266,2026-09-01T06:54:27.896595+00:00
PKGL-06272,,36.23019541,75.847783,4248.0,52.86449183180753,0.000180433,2026-09-01T06:54:27.896595+00:00
PKGL-06273,,36.23287978,75.84598995,4238.0,52.589438882623725,4.79e-05,2026-09-01T06:54:27.896595+00:00
PKGL-06274,,36.24106864,75.83278857,4189.0,51.12813094344264,0.001000227,2026-09-01T06:54:27.896595+00:00
PKGL-06275,,36.24514469,75.83437607,4173.0,51.06414158016616,0.000135222,2026-09-01T06:54:27.896595+00:00
PKGL-06276,,36.23996528,75.83796351,4195.0,51.60000784759113,6.11e-05,2026-09-01T06:54:27.896595+00:00
PKGL-06277,,36.30631776,75.72821555,4832.0,39.628114940881616,0.002585214,2026-09-01T06:54:27.896595+00:00
PKGL-06278,,36.30818467,75.74246164,4543.0,40.742598777300095,0.001812452,2026-09-01T06:54:27.896595+00:00
PKGL-06279,,36.25076915,75.76114085,4336.0,44.89749876791492,0.000144395,2026-09-01T06:54:27.896595+00:00
PKGL-06280,,36.25118234,75.7613811,4337.0,44.89526493050731,0.000109922,2026-09-01T06:54:27.896595+00:00
PKGL-06281,,36.2512634,75.75901868,4339.0,44.70346484205172,0.00028057,2026-09-01T06:54:27.896595+00:00
PKGL-06282,,36.25136912,75.75857729,4339.0,44.66296105311066,0.000249349,2026-09-01T06:54:27.896595+00:00
PKGL-06283,,36.25686257,75.76129175,4325.0,44.59888284122549,0.000663124,2026-09-01T06:54:27.896595+00:00
PKGL-06284,,36.25759441,75.76202659,4326.0,44.62094445299592,0.000200202,2026-09-01T06:54:27.896595+00:00
PKGL-06285,,36.25776203,75.76276157,4324.0,44.67141329102031,0.000115437,2026-09-01T06:54:27.896595+00:00
PKGL-06286,,36.26013974,75.76616263,4293.0,44.8265410704739,0.000204388,2026-09-01T06:54:27.896595+00:00
PKGL-06287,,36.26007783,75.76715878,4280.0,44.90971250713565,4.73e-05,2026-09-01T06:54:27.896595+00:00
PKGL-06288,,36.26051875,75.76851953,4268.0,44.99765727289151,0.000376445,2026-09-01T06:54:27.896595+00:00
PKGL-06289,,36.26093256,75.76781783,4276.0,44.92092489364069,0.000210631,2026-09-01T06:54:27.896595+00:00
PKGL-06290,,36.26099251,75.76741585,4283.0,44.88561836097563,0.00080534,2026-09-01T06:54:27.896595+00:00
PKGL-06291,,36.26144948,75.76873098,4274.0,44.96932324639221,0.000203138,2026-09-01T06:54:27.896595+00:00
PKGL-06292,,36.26260306,75.77269117,4211.0,45.23331682596889,0.000153462,2026-09-01T06:54:27.896595+00:00
PKGL-06293,,36.26275085,75.77298827,4210.0,45.25024701239976,6.11e-05,2026-09-01T06:54:27.896595+00:00
PKGL-06294,,36.26230462,75.77180605,4222.0,45.17613112742199,0.000102401,2026-09-01T06:54:27.896595+00:00
PKGL-06295,,36.26197776,75.77122796,4234.0,45.14520261658335,0.000265299,2026-09-01T06:54:27.896595+00:00
PKGL-06296,,36.26214668,75.77139672,4233.0,45.150677219297485,8.8e-05,2026-09-01T06:54:27.896595+00:00
PKGL-06297,,36.27569195,75.80330672,3999.0,47.145653633154126,0.004108122,2026-09-01T06:54:27.896595+00:00
PKGL-06298,,36.27770802,75.80436339,3993.0,47.14767047222622,0.000665484,2026-09-01T06:54:27.896595+00:00
PKGL-06299,,36.27809849,75.80423268,3997.0,47.12037856057897,0.000148595,2026-09-01T06:54:27.896595+00:00
PKGL-06300,,36.27289823,75.81161804,4010.0,47.95288585786,0.061531577,2026-09-01T06:54:27.896595+00:00
PKGL-06301,,36.26778209,75.8174424,4035.0,48.65456420720042,0.009758171,2026-09-01T06:54:27.896595+00:00
PKGL-06302,,36.26761147,75.82110789,4049.0,48.96465421637795,0.008846983,2026-09-01T06:54:27.896595+00:00
PKGL-06303,,36.26471741,75.82051155,4081.0,49.04133301785144,0.000246549,2026-09-01T06:54:27.896595+00:00
PKGL-06304,,36.26329273,75.82098969,4064.0,49.14333980488171,0.010888983,2026-09-01T06:54:27.896595+00:00
PKGL-06305,,36.26640017,75.82339649,4065.0,49.206050361441,0.001281714,2026-09-01T06:54:27.896595+00:00
PKGL-06306,,36.26491129,75.8257488,4052.0,49.46479156257259,0.001119271,2026-09-01T06:54:27.896595+00:00
PKGL-06307,,36.26156876,75.83149593,4097.0,50.08447653443795,0.00016966,2026-09-01T06:54:27.896595+00:00
PKGL-06308,,36.25505579,75.82674394,4107.0,49.98425350382888,0.002929711,2026-09-01T06:54:27.896595+00:00
PKGL-06309,,36.24880288,75.82598675,4151.0,50.21050277621815,0.000135424,2026-09-01T06:54:27.896595+00:00
PKGL-06310,,36.24833554,75.82708119,4159.0,50.32139769726114,7.91e-05,2026-09-01T06:54:27.896595+00:00
PKGL-06311,,36.23615339,75.83183949,4212.0,51.28880576983702,0.00016856,2026-09-01T06:54:27.896595+00:00
PKGL-06312,,36.28781409,75.812416,3984.0,47.40760074477557,0.000210931,2026-09-01T06:54:27.896595+00:00
PKGL-06313,,36.2842935,75.81505186,4002.0,47.76782156498186,0.000155945,2026-09-01T06:54:27.896595+00:00
PKGL-06314,,36.27691364,75.81884448,4038.0,48.38403652621731,0.003972196,2026-09-01T06:54:27.896595+00:00
PKGL-06315,,36.27425084,75.81979502,4034.0,48.57374460740296,0.002828815,2026-09-01T06:54:27.896595+00:00
PKGL-06316,,36.2746146,75.82097833,4039.0,48.65688095605019,0.001706214,2026-09-01T06:54:27.896595+00:00
PKGL-06317,,36.27429487,75.82046094,4032.0,48.62722352355917,0.000153023,2026-09-01T06:54:27.896595+00:00
PKGL-06318,,36.27335934,75.82143796,4046.0,48.74751010516657,0.002151415,2026-09-01T06:54:27.896595+00:00
PKGL-06319,,36.24879075,75.83896087,4166.0,51.26906478225924,0.01118287,2026-09-01T06:54:27.896595+00:00
PKGL-06320,,36.24532357,75.83582334,4169.0,51.1735219168956,0.001030107,2026-09-01T06:54:27.896595+00:00
PKGL-06321,,36.23847185,75.83086287,4187.0,51.0973185592223,0.004556931,2026-09-01T06:54:27.896595+00:00
PKGL-06322,,36.23857554,75.83254388,4204.0,51.22806805167301,0.001811705,2026-09-01T06:54:27.896595+00:00
PKGL-06323,,36.23517402,75.83230021,4205.0,51.37379396950868,0.003962425,2026-09-01T06:54:27.896595+00:00
PKGL-06324,,36.23558026,75.83619456,4220.0,51.66786803547945,0.002031556,2026-09-01T06:54:27.896595+00:00
PKGL-06325,,36.22306439,75.84407588,4262.0,52.92029066766121,0.006216132,2026-09-01T06:54:27.896595+00:00
PKGL-06326,,36.21080111,75.85005897,4305.0,54.02529486737716,0.000993255,2026-09-01T06:54:27.896595+00:00
PKGL-06327,,36.21293122,75.84839976,4313.0,53.78291633587604,0.000422905,2026-09-01T06:54:27.896595+00:00
PKGL-06328,,36.19439275,75.87065382,4404.0,55.17429703204418,0.000137743,2026-09-01T06:54:27.896595+00:00
PKGL-06329,,36.19328441,75.87077115,4407.0,55.06608200955395,0.001077905,2026-09-01T06:54:27.896595+00:00
PKGL-06330,,36.19364986,75.87055693,4404.0,55.0953271087358,0.000296237,2026-09-01T06:54:27.896595+00:00
PKGL-06331,,36.19670902,75.86937856,4396.0,55.36324073001088,0.000906613,2026-09-01T06:54:27.896595+00:00
PKGL-06332,,36.19567957,75.87073144,4405.0,55.307822305054,0.000173294,2026-09-01T06:54:27.896595+00:00
PKGL-06333,,36.19747078,75.87062524,4405.0,55.48597161730688,0.005959142,2026-09-01T06:54:27.896595+00:00
PKGL-06334,,36.19860353,75.87012752,4398.0,55.58309646088651,0.001273489,2026-09-01T06:54:27.896595+00:00
PKGL-06335,,36.20116489,75.86965987,4390.0,55.53546042654242,0.003563331,2026-09-01T06:54:27.896595+00:00
PKGL-06336,,36.20452574,75.86847325,4374.0,55.28859832148329,0.005453679,2026-09-01T06:54:27.896595+00:00
PKGL-06337,,36.20871288,75.86370124,4345.0,55.154191329590425,0.000846125,2026-09-01T06:54:27.896595+00:00
PKGL-06338,,36.20829507,75.86490978,4357.0,55.1292696931963,0.000194013,2026-09-01T06:54:27.896595+00:00
PKGL-06339,,36.22094899,75.86015523,4291.0,54.24042941488364,0.000525938,2026-09-01T06:54:27.896595+00:00
PKGL-06340,,36.24070875,75.84461874,4212.0,52.10505673746032,7.1e-05,2026-09-01T06:54:27.896595+00:00
PKGL-06341,,36.24130678,75.84413591,4213.0,52.03773476376547,0.001399912,2026-09-01T06:54:27.896595+00:00
PKGL-06342,,36.24597211,75.84117057,4176.0,51.57909633618576,0.001895898,2026-09-01T06:54:27.896595+00:00
PKGL-06343,,36.22601171,75.75700521,4628.0,45.9219155545828,8.47e-05,2026-09-01T06:54:27.896595+00:00
PKGL-06344,,36.22617125,75.75744207,4639.0,45.94642272227754,0.00086918,2026-09-01T06:54:27.896595+00:00
PKGL-06345,,36.22573754,75.7572418,4627.0,45.955792942719086,0.000685741,2026-09-01T06:54:27.896595+00:00
PKGL-06346,,36.23663165,75.74755235,4723.0,44.59138820441499,0.000657005,2026-09-01T06:54:27.896595+00:00
PKGL-06347,,36.29318215,75.92585425,4808.0,44.27995896300557,0.000725389,2026-09-01T06:54:27.896595+00:00
PKGL-06348,,36.29294673,75.92556318,4798.0,44.316534508430514,0.000223364,2026-09-01T06:54:27.896595+00:00
PKGL-06349,,36.29385315,75.9246833,4822.0,44.28296087688591,0.002050283,2026-09-01T06:54:27.896595+00:00
PKGL-06350,,36.27515688,75.82148967,4040.0,48.67684464107418,0.000248697,2026-09-01T06:54:27.896595+00:00
PKGL-06351,,36.27715249,75.81219765,3992.0,47.82136872669875,0.000176081,2026-09-01T06:54:27.896595+00:00
PKGL-06352,,36.27620251,75.81330429,3980.0,47.9529956843747,0.000167554,2026-09-01T06:54:27.896595+00:00
PKGL-06353,,36.27972354,75.80936459,3985.0,47.47900543743352,0.000245158,2026-09-01T06:54:27.896595+00:00
PKGL-06354,,36.27896485,75.80947114,3978.0,47.51930197668888,0.000103764,2026-09-01T06:54:27.896595+00:00
PKGL-06355,,36.27940792,75.8096782,3986.0,47.5181569920509,7.51e-05,2026-09-01T06:54:27.896595+00:00
PKGL-06356,,36.28003219,75.8117701,3995.0,47.66653548403041,0.000207647,2026-09-01T06:54:27.896595+00:00
PKGL-06357,,36.27972041,75.81204429,3994.0,47.70219478081415,7.88e-05,2026-09-01T06:54:27.896595+00:00
PKGL-06358,,36.28096431,75.80463118,3969.0,47.03384420299341,0.000303016,2026-09-01T06:54:27.896595+00:00
PKGL-06359,,36.2787816,75.81663828,4020.0,48.12341629289105,0.000144845,2026-09-01T06:54:27.896595+00:00
PKGL-06360,,36.26754473,75.82557764,4054.0,49.33705289994681,0.001031935,2026-09-01T06:54:27.896595+00:00
PKGL-06361,,36.26779443,75.82549159,4054.0,49.31923717969888,0.000124219,2026-09-01T06:54:27.896595+00:00
PKGL-06362,,36.26790906,75.82584433,4054.0,49.343520837114376,0.000178161,2026-09-01T06:54:27.896595+00:00
PKGL-06363,,35.86411373,74.06498487,4179.0,7.982207811612104,0.016694461,2026-09-01T06:54:27.896595+00:00
PKGL-06364,,35.8460585,74.04303546,3766.0,10.433694686689185,0.001984153,2026-09-01T06:54:27.896595+00:00
PKGL-06365,,35.84517572,74.04264237,3768.0,10.538044775504693,0.000274585,2026-09-01T06:54:27.896595+00:00
PKGL-06366,,35.84505583,74.04305427,3770.0,10.538574770631936,0.000434707,2026-09-01T06:54:27.896595+00:00
PKGL-06367,,35.84374959,74.04283615,3762.0,10.68240960298036,0.000270724,2026-09-01T06:54:27.896595+00:00
PKGL-06368,,35.84342385,74.04247132,3763.0,10.727286787814563,0.000259979,2026-09-01T06:54:27.896595+00:00
PKGL-06369,,35.84571302,74.05961616,4096.0,10.082497471212085,0.001216816,2026-09-01T06:54:27.896595+00:00
PKGL-06370,,35.84553943,74.06049061,4101.0,10.086777795654456,0.000243423,2026-09-01T06:54:27.896595+00:00
PKGL-06371,,35.84463365,74.05947493,4096.0,10.20275297311157,0.000119286,2026-09-01T06:54:27.896595+00:00
PKGL-06372,,35.8323087,74.04799221,3820.0,11.768681461044403,0.000751254,2026-09-01T06:54:27.896595+00:00
PKGL-06373,,35.82015047,74.06122662,4134.0,12.863546800125096,0.000460135,2026-09-01T06:54:27.896595+00:00
PKGL-06374,,35.81875227,74.061435,4122.0,13.015007104750191,0.00036934,2026-09-01T06:54:27.896595+00:00
PKGL-06375,,35.81928552,74.06688698,4215.0,12.898877337584077,0.007056865,2026-09-01T06:54:27.896595+00:00
PKGL-06376,,35.81631541,74.07073384,4333.0,13.198966573085755,0.006049686,2026-09-01T06:54:27.896595+00:00
PKGL-06377,,35.81371447,74.07332581,4389.0,13.473614920355514,0.02122062,2026-09-01T06:54:27.896595+00:00
PKGL-06378,,35.81720452,74.083048,4270.0,13.069553165991003,0.176735543,2026-09-01T06:54:27.896595+00:00
PKGL-06379,,35.81057433,74.06265347,4227.0,13.903168192027692,0.009679914,2026-09-01T06:54:27.896595+00:00
PKGL-06380,,35.80193419,74.08170036,4386.0,14.76629834979709,0.005487296,2026-09-01T06:54:27.896595+00:00
PKGL-06381,,35.79490593,74.08045276,4294.0,15.54769553008585,0.003892481,2026-09-01T06:54:27.896595+00:00
PKGL-06382,,35.78556391,74.1011025,4215.0,16.46249283296464,0.006599172,2026-09-01T06:54:27.896595+00:00
PKGL-06383,,35.78544886,74.09649613,4305.0,16.658452715989398,0.001838578,2026-09-01T06:54:27.896595+00:00
PKGL-06384,,35.79406992,74.0873797,4375.0,15.651423065856774,0.001110202,2026-09-01T06:54:27.896595+00:00
PKGL-06385,,35.79285149,74.08450076,4367.0,15.779379096854356,0.043864826,2026-09-01T06:54:27.896595+00:00
PKGL-06386,,35.78419296,74.08124086,4396.0,16.738890968075186,0.00181004,2026-09-01T06:54:27.896595+00:00
PKGL-06387,,35.78109142,74.08525764,4388.0,17.088211212609117,0.000796522,2026-09-01T06:54:27.896595+00:00
PKGL-06388,,35.78031763,74.08443878,4392.0,17.17270957820962,0.000512959,2026-09-01T06:54:27.896595+00:00
PKGL-06389,,35.781366,74.07556478,4336.0,17.060040296438476,0.000631684,2026-09-01T06:54:27.896595+00:00
PKGL-06390,,35.80576556,74.08233385,4420.0,14.34066749203882,0.001026752,2026-09-01T06:54:27.896595+00:00
PKGL-06391,,35.76001409,74.06901672,4249.0,19.457041090115705,0.00085812,2026-09-01T06:54:27.896595+00:00
PKGL-06392,,35.76066465,74.06938387,4243.0,19.383008859619345,0.001493824,2026-09-01T06:54:27.896595+00:00
PKGL-06393,,35.7573146,74.06929952,4266.0,19.755393892968872,0.014702043,2026-09-01T06:54:27.896595+00:00
PKGL-06394,,35.75628499,74.0801885,4237.0,19.8422007154488,0.00907595,2026-09-01T06:54:27.896595+00:00
PKGL-06395,,35.74960308,74.0730461,4300.0,20.597320420365207,0.000660149,2026-09-01T06:54:27.896595+00:00
PKGL-06396,,35.74959123,74.07394324,4292.0,20.596009167003043,0.000374393,2026-09-01T06:54:27.896595+00:00
PKGL-06397,,35.74901592,74.07338013,4299.0,20.661558613673964,0.0044608,2026-09-01T06:54:27.896595+00:00
PKGL-06398,,35.72384157,74.08726806,4253.0,23.216045303012457,0.003507403,2026-09-01T06:54:27.896595+00:00
PKGL-06399,,35.72601237,74.09030696,4194.0,22.88871763128497,0.043179172,2026-09-01T06:54:27.896595+00:00
PKGL-06400,,35.71871264,74.09771468,4157.0,23.40799176498502,0.002563527,2026-09-01T06:54:27.896595+00:00
PKGL-06401,,35.71774464,74.09613053,4160.0,23.557921634706982,0.014804461,2026-09-01T06:54:27.896595+00:00
PKGL-06402,,35.71574893,74.09256923,4258.0,23.87764994823945,0.005154853,2026-09-01T06:54:27.896595+00:00
PKGL-06403,,35.71573569,74.09187322,4258.0,23.90119010649708,0.000812505,2026-09-01T06:54:27.896595+00:00
PKGL-06404,,35.7291479,74.10161651,4047.0,22.197022273033443,0.001184248,2026-09-01T06:54:27.896595+00:00
PKGL-06405,,35.72890352,74.10080661,4050.0,22.24760595012816,0.002452498,2026-09-01T06:54:27.896595+00:00
PKGL-06406,,35.728663,74.10231176,4044.0,22.226404020080164,0.000516758,2026-09-01T06:54:27.896595+00:00
PKGL-06407,,35.7270407,74.1224322,4286.0,21.85353578732488,0.004815052,2026-09-01T06:54:27.896595+00:00
PKGL-06408,,35.73819249,74.12776795,4216.0,20.53126355509535,0.000682764,2026-09-01T06:54:27.896595+00:00
PKGL-06409,,35.73845227,74.12853912,4221.0,20.48570371661805,0.000427374,2026-09-01T06:54:27.896595+00:00
PKGL-06410,,35.74072081,74.12626249,4214.0,20.29497202254888,0.047628827,2026-09-01T06:54:27.896595+00:00
PKGL-06411,,35.7443438,74.11930218,4203.0,20.084939110677315,0.000287182,2026-09-01T06:54:27.896595+00:00
PKGL-06412,,35.74405819,74.11553589,4222.0,20.219022472160013,0.000710414,2026-09-01T06:54:27.896595+00:00
PKGL-06413,,35.74733445,74.11849678,4170.0,19.78989502359555,0.030988203,2026-09-01T06:54:27.896595+00:00
PKGL-06414,,35.76414906,74.1484425,4358.0,17.298247050188344,0.02901421,2026-09-01T06:54:27.896595+00:00
PKGL-06415,,35.77420123,74.14576689,4303.0,16.255087101099104,0.011947545,2026-09-01T06:54:27.896595+00:00
PKGL-06416,,35.77161954,74.14207377,4349.0,16.610930878687416,0.014187553,2026-09-01T06:54:27.896595+00:00
PKGL-06417,,35.78007981,74.16127365,4306.0,15.355917948562306,0.023746058,2026-09-01T06:54:27.896595+00:00
PKGL-06418,,35.78705188,74.14382776,4286.0,14.908464185541495,0.054508622,2026-09-01T06:54:27.896595+00:00
PKGL-06419,,35.78550803,74.14374828,4288.0,15.076389001182667,0.000578958,2026-09-01T06:54:27.896595+00:00
PKGL-06420,,35.78936928,74.14151877,4289.0,14.71439372310564,0.000245281,2026-09-01T06:54:27.896595+00:00
PKGL-06421,,35.79430512,74.14883927,4230.0,14.015640264686136,0.002470137,2026-09-01T06:54:27.896595+00:00
PKGL-06422,,35.79681348,74.11781822,3774.0,14.674940471269986,0.001466396,2026-09-01T06:54:27.896595+00:00
PKGL-06423,,35.79722389,74.11783063,3771.0,14.633008066570705,0.000990317,2026-09-01T06:54:27.896595+00:00
PKGL-06424,,35.79646933,74.11970551,3766.0,14.639720331537449,0.000804868,2026-09-01T06:54:27.896595+00:00
PKGL-06425,,35.79922221,74.1181727,3769.0,14.418413380224877,0.000918142,2026-09-01T06:54:27.896595+00:00
PKGL-06426,,35.79993381,74.12188959,3752.0,14.20770015242657,0.000606528,2026-09-01T06:54:27.896595+00:00
PKGL-06427,,35.80058885,74.12215617,3750.0,14.1313689989815,0.000559932,2026-09-01T06:54:27.896595+00:00
PKGL-06428,,35.80327361,74.13132754,3986.0,13.537971833313469,0.00215778,2026-09-01T06:54:27.896595+00:00
PKGL-06429,,35.88697239,74.14274065,3991.0,5.097961005302931,0.000894977,2026-09-01T06:54:27.896595+00:00
PKGL-06430,,35.886951,74.14333438,3993.0,5.058967646445139,0.000944508,2026-09-01T06:54:27.896595+00:00
PKGL-06431,,35.88870328,74.14170418,3987.0,5.035803015969166,0.001376968,2026-09-01T06:54:27.896595+00:00
PKGL-06432,,35.87855151,74.11280525,4287.0,6.755217954934738,0.03541405,2026-09-01T06:54:27.896595+00:00
PKGL-06433,,35.84477937,74.09959752,4373.0,10.142481707701393,0.068162215,2026-09-01T06:54:27.896595+00:00
PKGL-06434,,35.83682123,74.10559804,4259.0,11.111532716418274,0.026556978,2026-09-01T06:54:27.896595+00:00
PKGL-06435,,35.82735661,74.08609659,4306.0,11.948388943413285,0.037195626,2026-09-01T06:54:27.896595+00:00
PKGL-06436,,35.82323356,74.07815944,4236.0,12.400246051909606,0.003503025,2026-09-01T06:54:27.896595+00:00
PKGL-06437,,35.82159719,74.07183495,4162.0,12.606314278512036,0.004555348,2026-09-01T06:54:27.896595+00:00
PKGL-06438,,35.82412245,74.07122692,4137.0,12.329882862658094,0.000726887,2026-09-01T06:54:27.896595+00:00
PKGL-06439,,35.826585,74.10765137,4262.0,12.25013862149164,0.07972814,2026-09-01T06:54:27.896595+00:00
PKGL-06440,,35.65687776,74.16901926,4195.0,24.9991676393634,0.000883731,2026-09-01T06:54:27.896595+00:00
PKGL-06441,,35.65419957,74.17057092,4234.0,24.71147798189987,0.005720514,2026-09-01T06:54:27.896595+00:00
PKGL-06442,,35.66893035,74.20675,4229.0,26.761891203465048,0.034604571,2026-09-01T06:54:27.896595+00:00
PKGL-06443,,35.67584312,74.21148864,4277.0,26.88688003420267,0.01949087,2026-09-01T06:54:27.896595+00:00
PKGL-06444,,35.6903542,74.22635894,4274.0,25.40855359644827,0.04462275,2026-09-01T06:54:27.896595+00:00
PKGL-06445,,35.69096635,74.23173933,4328.0,25.281842929628283,0.057692735,2026-09-01T06:54:27.896595+00:00
PKGL-06446,,35.68632844,74.2272615,4338.0,25.84204208845212,0.000277816,2026-09-01T06:54:27.896595+00:00
PKGL-06447,,35.68593419,74.22652229,4340.0,25.89399133029694,0.002991432,2026-09-01T06:54:27.896595+00:00
PKGL-06448,,35.6862745,74.22977957,4337.0,25.82041228343395,0.137828738,2026-09-01T06:54:27.896595+00:00
PKGL-06449,,35.66409485,74.24153159,3946.0,24.916973223054026,0.003381399,2026-09-01T06:54:27.896595+00:00
PKGL-06450,,35.66437252,74.2418317,3947.0,24.93239398764616,0.00198973,2026-09-01T06:54:27.896595+00:00
PKGL-06451,,35.66460997,74.24253538,3945.0,24.92760086972085,0.002025786,2026-09-01T06:54:27.896595+00:00
PKGL-06452,,35.66501306,74.24247959,3944.0,24.96997530861568,0.000330118,2026-09-01T06:54:27.896595+00:00
PKGL-06453,,35.66492808,74.24230238,3943.0,24.96864726247121,0.000182579,2026-09-01T06:54:27.896595+00:00
PKGL-06454,,35.66516408,74.24280419,3945.0,24.971981421044347,0.001464707,2026-09-01T06:54:27.896595+00:00
PKGL-06455,,35.66488584,74.24277233,3945.0,24.94554157201819,0.000258292,2026-09-01T06:54:27.896595+00:00
PKGL-06456,,35.66539788,74.24295771,3948.0,24.98913105939056,0.000627856,2026-09-01T06:54:27.896595+00:00
PKGL-06457,,35.66507299,74.24415542,3942.0,24.908935502607992,0.000248836,2026-09-01T06:54:27.896595+00:00
PKGL-06458,,35.67145445,74.25288149,3925.0,25.21981285970711,0.002472431,2026-09-01T06:54:27.896595+00:00
PKGL-06459,,35.66944428,74.24801621,3943.0,25.19739621551213,0.000234469,2026-09-01T06:54:27.896595+00:00
PKGL-06460,,35.70292625,74.24214195,4347.0,23.723085198003545,0.014389696,2026-09-01T06:54:27.896595+00:00
PKGL-06461,,35.70703099,74.24304316,4321.0,23.29736752423485,0.16407359,2026-09-01T06:54:27.896595+00:00
PKGL-06462,,35.71065304,74.24245515,4291.0,22.99313691957686,0.000215494,2026-09-01T06:54:27.896595+00:00
PKGL-06463,,35.71103489,74.24263716,4288.0,22.94880815894109,0.000684202,2026-09-01T06:54:27.896595+00:00
PKGL-06464,,35.71244606,74.23906168,4230.0,22.837489751217227,0.047075255,2026-09-01T06:54:27.896595+00:00
PKGL-06465,,35.71522805,74.23863522,4187.0,22.53334789077422,0.003342988,2026-09-01T06:54:27.896595+00:00
PKGL-06466,,35.7112304,74.25891,4524.0,22.134219524089417,0.009867356,2026-09-01T06:54:27.896595+00:00
PKGL-06467,,35.71546636,74.25847539,4368.0,21.75370075751803,0.002776523,2026-09-01T06:54:27.896595+00:00
PKGL-06468,,35.72185016,74.25536028,4256.0,21.3094665458773,0.107459074,2026-09-01T06:54:27.896595+00:00
PKGL-06469,,35.73114048,74.28866124,4323.0,18.88276680849877,0.034937999,2026-09-01T06:54:27.896595+00:00
PKGL-06470,,35.68583473,74.18859204,4246.0,25.6769869631548,0.03340005,2026-09-01T06:54:27.896595+00:00
PKGL-06471,,35.69716914,74.16972304,4324.0,24.458337723984457,0.018987941,2026-09-01T06:54:27.896595+00:00
PKGL-06472,,35.70040003,74.17068407,4282.0,24.0946640887772,0.001027005,2026-09-01T06:54:27.896595+00:00
PKGL-06473,,35.70666901,74.17320591,4367.0,23.386597589560736,0.002381205,2026-09-01T06:54:27.896595+00:00
PKGL-06474,,35.71173102,74.17509112,4280.0,22.8165887129978,0.001348653,2026-09-01T06:54:27.896595+00:00
PKGL-06475,,35.71374056,74.17635867,4278.0,22.58874979751871,0.000690288,2026-09-01T06:54:27.896595+00:00
PKGL-06476,,35.71367755,74.17672579,4279.0,22.59453023828615,0.000406317,2026-09-01T06:54:27.896595+00:00
PKGL-06477,,35.71504732,74.18001108,4230.0,22.433489769664646,0.028460514,2026-09-01T06:54:27.896595+00:00
PKGL-06478,,35.71529056,74.18402997,4185.0,22.4009594207254,0.002826674,2026-09-01T06:54:27.896595+00:00
PKGL-06479,,35.72304227,74.16524509,4251.0,21.617922938947668,0.026311884,2026-09-01T06:54:27.896595+00:00
PKGL-06480,,35.7193018,74.16579186,4249.0,22.028258351396243,0.046806888,2026-09-01T06:54:27.896595+00:00
PKGL-06481,,35.71460842,74.14576288,4260.0,22.764113827226133,0.008499517,2026-09-01T06:54:27.896595+00:00
PKGL-06482,,35.7028643,74.14433522,4204.0,24.07406951868304,0.001831234,2026-09-01T06:54:27.896595+00:00
PKGL-06483,,35.72852928,74.15013475,4234.0,21.1737126764571,0.003086053,2026-09-01T06:54:27.896595+00:00
PKGL-06484,,35.7414735,74.16382029,4311.0,19.58933244699286,0.020508745,2026-09-01T06:54:27.896595+00:00
PKGL-06485,,35.7467646,74.16442037,4238.0,18.99852833370405,0.031854511,2026-09-01T06:54:27.896595+00:00
PKGL-06486,,35.74745396,74.17104832,4373.0,18.870816249742763,0.017578122,2026-09-01T06:54:27.896595+00:00
PKGL-06487,,35.744277,74.18083223,4348.0,19.18245284649804,0.003238653,2026-09-01T06:54:27.896595+00:00
PKGL-06488,,35.74313136,74.18151264,4348.0,19.30848693353589,0.000549706,2026-09-01T06:54:27.896595+00:00
PKGL-06489,,35.74483027,74.18469304,4317.0,19.11598801168697,0.00197023,2026-09-01T06:54:27.896595+00:00
PKGL-06490,,35.74497554,74.18545691,4315.0,19.09960408861397,0.002139782,2026-09-01T06:54:27.896595+00:00
PKGL-06491,,35.74145583,74.18835678,4285.0,19.492333794052684,0.000475361,2026-09-01T06:54:27.896595+00:00
PKGL-06492,,35.7413984,74.19302247,4198.0,19.508254973656907,0.011669664,2026-09-01T06:54:27.896595+00:00
PKGL-06493,,35.76638891,74.17184276,4335.0,16.765692630548685,0.009870085,2026-09-01T06:54:27.896595+00:00
PKGL-06494,,35.76849826,74.17509118,4264.0,16.51213401049794,0.002774092,2026-09-01T06:54:27.896595+00:00
PKGL-06495,,35.76564032,74.18262456,4225.0,16.804177715633518,0.005010279,2026-09-01T06:54:27.896595+00:00
PKGL-06496,,35.76061833,74.17973064,4267.0,17.368759159895315,0.09535061,2026-09-01T06:54:27.896595+00:00
PKGL-06497,,35.772935,74.19550374,4364.0,16.014606670326152,0.117306934,2026-09-01T06:54:27.896595+00:00
PKGL-06498,,35.78162129,74.2099988,4391.0,15.182429894992056,0.00121967,2026-09-01T06:54:27.896595+00:00
PKGL-06499,,35.77904485,74.20483547,4306.0,15.407221720753537,0.128690313,2026-09-01T06:54:27.896595+00:00
PKGL-06500,,35.78908978,74.22422724,4383.0,14.611017856907337,0.076551861,2026-09-01T06:54:27.896595+00:00
PKGL-06501,,35.78723318,74.23439605,4283.0,14.6502725840727,0.006794276,2026-09-01T06:54:27.896595+00:00
PKGL-06502,,35.78671846,74.23470348,4284.0,14.701714461575374,0.000498812,2026-09-01T06:54:27.896595+00:00
PKGL-06503,,35.79606233,74.23474427,4247.0,13.679319053056057,0.005925917,2026-09-01T06:54:27.896595+00:00
PKGL-06504,,35.79582924,74.20639445,4347.0,13.572593558423518,0.00407258,2026-09-01T06:54:27.896595+00:00
PKGL-06505,,35.80346076,74.2019541,4197.0,12.680318338367815,0.001424221,2026-09-01T06:54:27.896595+00:00
PKGL-06506,,35.80269406,74.20293383,4198.0,12.775390842007871,0.000497224,2026-09-01T06:54:27.896595+00:00
PKGL-06507,,35.8024485,74.20207193,4198.0,12.793352395118172,0.001517846,2026-09-01T06:54:27.896595+00:00
PKGL-06508,,35.80274472,74.20071227,4195.0,12.747119626988797,0.006315016,2026-09-01T06:54:27.896595+00:00
PKGL-06509,,35.83795396,74.22477959,4301.0,9.438390440040694,0.011560398,2026-09-01T06:54:27.896595+00:00
PKGL-06510,,35.83072895,74.2534913,4177.0,9.620887651788811,0.009237544,2026-09-01T06:54:27.896595+00:00
PKGL-06511,,35.82884542,74.25331769,4183.0,9.830879323056273,0.009242006,2026-09-01T06:54:27.896595+00:00
PKGL-06512,,35.8189265,74.26735957,4248.0,10.898595081183368,0.044557729,2026-09-01T06:54:27.896595+00:00
PKGL-06513,,35.81785695,74.28054546,4267.0,11.120387686906309,0.029182297,2026-09-01T06:54:27.896595+00:00
PKGL-06514,,35.82085144,74.29379577,4315.0,10.717220241159774,0.122511533,2026-09-01T06:54:27.896595+00:00
PKGL-06515,,35.8190781,74.30158503,4323.0,10.311516207856032,0.051312043,2026-09-01T06:54:27.896595+00:00
PKGL-06516,,35.81727958,74.29579703,4341.0,10.834373900952649,0.027665888,2026-09-01T06:54:27.896595+00:00
PKGL-06517,,35.81328127,74.30389912,4371.0,10.607822378755232,0.075915044,2026-09-01T06:54:27.896595+00:00
PKGL-06518,,35.81742665,74.34158291,4190.0,8.172829284324212,0.043418587,2026-09-01T06:54:27.896595+00:00
PKGL-06519,,35.81383951,74.34404323,4240.0,8.419131657130421,0.018076756,2026-09-01T06:54:27.896595+00:00
PKGL-06520,,35.69886019,74.47894883,4297.0,10.088764744025648,0.024230425,2026-09-01T06:54:27.896595+00:00
PKGL-06521,,35.5879916,74.4169157,4447.0,13.118331609604768,0.008016693,2026-09-01T06:54:27.896595+00:00
PKGL-06522,,35.59812038,74.40919476,4482.0,14.424625972254836,0.059038639,2026-09-01T06:54:27.896595+00:00
PKGL-06523,,35.59957608,74.41028172,4482.0,14.537139851896686,0.000820366,2026-09-01T06:54:27.896595+00:00
PKGL-06524,,35.60001714,74.41743097,4431.0,14.353988436603156,0.050277868,2026-09-01T06:54:27.896595+00:00
PKGL-06525,,35.61375361,74.40060145,4487.0,16.328094075903383,0.004057563,2026-09-01T06:54:27.896595+00:00
PKGL-06526,,35.61477481,74.40661861,4420.0,16.231517338474514,0.078772944,2026-09-01T06:54:27.896595+00:00
PKGL-06527,,35.62849791,74.39923012,4420.0,17.895394287910513,0.02770879,2026-09-01T06:54:27.896595+00:00
PKGL-06528,,35.63248561,74.40178667,4318.0,18.2297655764892,0.014963017,2026-09-01T06:54:27.896595+00:00
PKGL-06529,,35.65050767,74.42632369,4269.0,16.280732097688837,0.009951395,2026-09-01T06:54:27.896595+00:00
PKGL-06530,,35.6736574,74.34691009,4004.0,20.78688438754433,0.001767581,2026-09-01T06:54:27.896595+00:00
PKGL-06531,,35.67558672,74.34300707,4026.0,20.97119898373688,0.001595632,2026-09-01T06:54:27.896595+00:00
PKGL-06532,,35.68760415,74.32494081,4316.0,21.75052637595858,0.01295039,2026-09-01T06:54:27.896595+00:00
PKGL-06533,,35.70333458,74.41030136,2880.0,14.189488256431218,0.14202298,2026-09-01T06:54:27.896595+00:00
PKGL-06534,,35.63744796,74.3357261,4195.0,19.48475216598404,0.056869062,2026-09-01T06:54:27.896595+00:00
PKGL-06535,,35.63580458,74.30868528,4364.0,19.79070099737909,0.005561134,2026-09-01T06:54:27.896595+00:00
PKGL-06536,,35.59706272,74.28230685,3704.0,16.6023861261538,0.001051486,2026-09-01T06:54:27.896595+00:00
PKGL-06537,,35.60859997,74.34018439,4150.0,16.252092506402583,0.056637689,2026-09-01T06:54:27.896595+00:00
PKGL-06538,,35.75063567,74.07418163,4299.0,20.47927842363932,0.000147332,2026-09-01T06:54:27.896595+00:00
PKGL-06539,,35.72246606,74.09085133,4213.0,23.236515589758408,0.003489569,2026-09-01T06:54:27.896595+00:00
PKGL-06540,,35.72214515,74.08981564,4212.0,23.304211696511864,0.000334885,2026-09-01T06:54:27.896595+00:00
PKGL-06541,,35.81403664,74.08664724,4280.0,13.430313998987518,0.00066629,2026-09-01T06:54:27.896595+00:00
PKGL-06542,,35.81346277,74.08639045,4279.0,13.493213793868826,0.000310774,2026-09-01T06:54:27.896595+00:00
PKGL-06543,,35.80254827,74.17854671,3828.0,12.71453041281219,0.001029387,2026-09-01T06:54:27.896595+00:00
PKGL-06544,,35.7294508,74.21316728,3712.0,20.97167066126602,0.001339234,2026-09-01T06:54:27.896595+00:00
PKGL-06545,,35.72929489,74.21287732,3715.0,20.9858279830688,0.000105984,2026-09-01T06:54:27.896595+00:00
PKGL-06546,,35.72066595,74.20652654,3785.0,21.882743458559204,0.001478912,2026-09-01T06:54:27.896595+00:00
PKGL-06547,,35.67658917,74.22164308,4377.0,26.898916517537067,0.000841313,2026-09-01T06:54:27.896595+00:00
PKGL-06548,,35.82689715,74.24470994,4182.0,10.145592744162306,0.005563636,2026-09-01T06:54:27.896595+00:00
PKGL-06549,,35.82754323,74.24391832,4173.0,10.08685636139542,0.000970156,2026-09-01T06:54:27.896595+00:00
PKGL-06550,,35.81147731,74.28254627,4455.0,11.84827451051657,0.001314075,2026-09-01T06:54:27.896595+00:00
PKGL-06551,,35.6860815,74.27629762,3807.0,23.873826696481707,0.000215543,2026-09-01T06:54:27.896595+00:00
PKGL-06552,,35.68044794,74.27248083,3798.0,24.586904196496576,0.000382653,2026-09-01T06:54:27.896595+00:00
PKGL-06553,,35.67654072,74.26702462,3837.0,25.18881166578865,0.00026115,2026-09-01T06:54:27.896595+00:00
PKGL-06554,,36.79274309,74.34646353,3645.0,7.942573904712155,0.014065025,2026-09-01T06:54:27.896595+00:00
PKGL-06555,,36.79721785,74.35283929,3612.0,7.575093811654791,0.004032629,2026-09-01T06:54:27.896595+00:00
PKGL-06556,,36.7976567,74.35285979,3598.0,7.550691375237653,0.000450709,2026-09-01T06:54:27.896595+00:00
PKGL-06557,,36.7960341,74.35533857,3593.0,7.443666336082772,0.000437145,2026-09-01T06:54:27.896595+00:00
PKGL-06558,,36.79585525,74.35615248,3598.0,7.3907563278223645,0.000247924,2026-09-01T06:54:27.896595+00:00
PKGL-06559,,36.79308937,74.35479019,3632.0,7.652727150550426,0.000445165,2026-09-01T06:54:27.896595+00:00
PKGL-06560,,36.79334568,74.35489604,3626.0,7.62977437655357,0.00035085,2026-09-01T06:54:27.896595+00:00
PKGL-06561,,36.79268695,74.35729527,3611.0,7.487912331959001,0.000905039,2026-09-01T06:54:27.896595+00:00
PKGL-06562,,36.79494266,74.34488967,3618.0,7.684157841667599,0.000416022,2026-09-01T06:54:27.896595+00:00
PKGL-06563,,36.79177267,74.34608689,3648.0,7.981531477781211,0.001699186,2026-09-01T06:54:27.896595+00:00
PKGL-06564,,36.79147682,74.342513,3650.0,7.753436402758126,0.003683847,2026-09-01T06:54:27.896595+00:00
PKGL-06565,,36.79129979,74.34864274,3647.0,8.194151700570936,0.001744793,2026-09-01T06:54:27.896595+00:00
PKGL-06566,,36.79220655,74.35621768,3619.0,7.597505383013935,0.000417376,2026-09-01T06:54:27.896595+00:00
PKGL-06567,,36.79179448,74.35418885,3636.0,7.774431237688336,0.003660749,2026-09-01T06:54:27.896595+00:00
PKGL-06568,,36.79143298,74.35467741,3631.0,7.759391310705952,0.001139326,2026-09-01T06:54:27.896595+00:00
PKGL-06569,,36.79006363,74.3485003,3655.0,8.267842816628498,0.00089153,2026-09-01T06:54:27.896595+00:00
PKGL-06570,,36.79048316,74.35069274,3639.0,8.115576068793407,0.00058051,2026-09-01T06:54:27.896595+00:00
PKGL-06571,,36.7888623,74.34898337,3661.0,8.34053286128787,0.001652152,2026-09-01T06:54:27.896595+00:00
PKGL-06572,,36.78973266,74.35501866,3625.0,7.838123952227056,0.00058432,2026-09-01T06:54:27.896595+00:00
PKGL-06573,,36.78804378,74.35169447,3657.0,8.188546831126667,0.000619019,2026-09-01T06:54:27.896595+00:00
PKGL-06574,,36.78948513,74.34556217,3667.0,8.103821865152467,0.00463783,2026-09-01T06:54:27.896595+00:00
PKGL-06575,,36.78897107,74.34618526,3669.0,8.182990243024802,0.001103469,2026-09-01T06:54:27.896595+00:00
PKGL-06576,,36.78984674,74.34309008,3665.0,7.909009915412688,0.000837992,2026-09-01T06:54:27.896595+00:00
PKGL-06577,,36.7890283,74.34401929,3667.0,8.030974422964391,0.006497423,2026-09-01T06:54:27.896595+00:00
PKGL-06578,,36.78842125,74.34230674,3663.0,7.95984190634145,0.007607239,2026-09-01T06:54:27.896595+00:00
PKGL-06579,,36.78745058,74.34645118,3667.0,8.309606757804984,0.004947578,2026-09-01T06:54:27.896595+00:00
PKGL-06580,,36.78605997,74.34477743,3666.0,8.298693633728707,0.005716301,2026-09-01T06:54:27.896595+00:00
PKGL-06581,,36.78584995,74.34958201,3657.0,8.4814371803313,0.000731488,2026-09-01T06:54:27.896595+00:00
PKGL-06582,,36.78318246,74.34609712,3704.0,8.600998136944343,0.000611439,2026-09-01T06:54:27.896595+00:00
PKGL-06583,,36.78513469,74.33951785,3699.0,8.027339084756814,0.000727585,2026-09-01T06:54:27.896595+00:00
PKGL-06584,,36.78435601,74.33639329,3712.0,7.8939516456961405,0.000733848,2026-09-01T06:54:27.896595+00:00
PKGL-06585,,36.78310106,74.3358219,3730.0,7.961050848255582,0.004229149,2026-09-01T06:54:27.896595+00:00
PKGL-06586,,36.78136374,74.34244808,3723.0,8.508251234886973,0.000456393,2026-09-01T06:54:27.896595+00:00
PKGL-06587,,36.78004798,74.33630992,3739.0,8.242633306528473,0.001820988,2026-09-01T06:54:27.896595+00:00
PKGL-06588,,36.77939589,74.33738878,3747.0,8.360539005131509,0.000387606,2026-09-01T06:54:27.896595+00:00
PKGL-06589,,36.77916212,74.33700702,3750.0,8.357645356245667,0.000325557,2026-09-01T06:54:27.896595+00:00
PKGL-06590,,36.77882918,74.34563142,3717.0,8.907994011862376,0.000560099,2026-09-01T06:54:27.896595+00:00
PKGL-06591,,36.78096476,74.33645626,3738.0,8.17495290680184,0.000101603,2026-09-01T06:54:27.896595+00:00
PKGL-06592,,36.77915433,74.34259283,3714.0,8.693566616827088,0.000250705,2026-09-01T06:54:27.896595+00:00
PKGL-06593,,36.77683048,74.34215079,3737.0,8.85598060013893,0.004639058,2026-09-01T06:54:27.896595+00:00
PKGL-06594,,36.77682662,74.34275574,3737.0,8.892617012999397,0.000287805,2026-09-01T06:54:27.896595+00:00
PKGL-06595,,36.77787118,74.33632921,3756.0,8.427220964411315,0.000201161,2026-09-01T06:54:27.896595+00:00
PKGL-06596,,36.77831051,74.33527018,3731.0,8.329142386832544,0.000470792,2026-09-01T06:54:27.896595+00:00
PKGL-06597,,36.77859009,74.33493653,3733.0,8.286232225004307,0.000453284,2026-09-01T06:54:27.896595+00:00
PKGL-06598,,36.77821657,74.33482854,3732.0,8.312006799106078,0.000558189,2026-09-01T06:54:27.896595+00:00
PKGL-06599,,36.77894215,74.33166568,3746.0,8.07184228628347,0.000923799,2026-09-01T06:54:27.896595+00:00
PKGL-06600,,36.78015864,74.33148404,3711.0,7.956199499476322,0.000265523,2026-09-01T06:54:27.896595+00:00
PKGL-06601,,36.77971293,74.3345167,3728.0,8.166608834249148,0.00066081,2026-09-01T06:54:27.896595+00:00
PKGL-06602,,36.779118,74.33465269,3730.0,8.224997715465468,0.000230249,2026-09-01T06:54:27.896595+00:00
PKGL-06603,,36.77858901,74.33776497,3748.0,8.450052654439057,7.83e-05,2026-09-01T06:54:27.896595+00:00
PKGL-06604,,36.77713877,74.33413703,3751.0,8.365908129412228,0.000671971,2026-09-01T06:54:27.896595+00:00
PKGL-06605,,36.77613324,74.33906292,3754.0,8.73216947162581,0.002232441,2026-09-01T06:54:27.896595+00:00
PKGL-06606,,36.77759176,74.32908754,3747.0,8.051172144385493,0.000486516,2026-09-01T06:54:27.896595+00:00
PKGL-06607,,36.77697937,74.32894968,3747.0,8.098736352692349,0.001096106,2026-09-01T06:54:27.896595+00:00
PKGL-06608,,36.77594204,74.34538607,3730.0,9.12404288485223,0.00014822,2026-09-01T06:54:27.896595+00:00
PKGL-06609,,36.77478605,74.34248738,3744.0,9.04534218845018,0.000231352,2026-09-01T06:54:27.896595+00:00
PKGL-06610,,36.77360963,74.34286962,3748.0,9.166153773056363,0.001988375,2026-09-01T06:54:27.896595+00:00
PKGL-06611,,36.77484275,74.3351727,3761.0,8.623129533634678,0.000286501,2026-09-01T06:54:27.896595+00:00
PKGL-06612,,36.7730335,74.33695546,3759.0,8.879422487987052,0.001982701,2026-09-01T06:54:27.896595+00:00
PKGL-06613,,36.77174131,74.33851063,3754.0,9.078025511987644,0.001474005,2026-09-01T06:54:27.896595+00:00
PKGL-06614,,36.77658646,74.33074817,3752.0,8.229200637194868,0.000262219,2026-09-01T06:54:27.896595+00:00
PKGL-06615,,36.775678,74.33248212,3748.0,8.4029356803583,0.000275312,2026-09-01T06:54:27.896595+00:00
PKGL-06616,,36.77429755,74.332514,3765.0,8.527209304291631,0.000302558,2026-09-01T06:54:27.896595+00:00
PKGL-06617,,36.77464692,74.33117959,3757.0,8.42532559327789,0.000141436,2026-09-01T06:54:27.896595+00:00
PKGL-06618,,36.77538531,74.32798244,3752.0,8.19281925844908,0.000490641,2026-09-01T06:54:27.896595+00:00
PKGL-06619,,36.77319774,74.33389541,3763.0,8.698834943939524,0.003468399,2026-09-01T06:54:27.896595+00:00
PKGL-06620,,36.7723069,74.33391999,3784.0,8.77957423134658,0.000196845,2026-09-01T06:54:27.896595+00:00
PKGL-06621,,36.7716723,74.33427803,3774.0,8.855281400111993,0.002677089,2026-09-01T06:54:27.896595+00:00
PKGL-06622,,36.76965521,74.33565693,3764.0,9.108761660603784,0.026902621,2026-09-01T06:54:27.896595+00:00
PKGL-06623,,36.77468415,74.32863287,3761.0,8.289911279430473,0.00027633,2026-09-01T06:54:27.896595+00:00
PKGL-06624,,36.774144,74.32869379,3762.0,8.34228963210448,0.000266226,2026-09-01T06:54:27.896595+00:00
PKGL-06625,,36.77373876,74.33143615,3762.0,8.520394201494577,0.000443636,2026-09-01T06:54:27.896595+00:00
PKGL-06626,,36.77252061,74.32611704,3784.0,8.364761584272449,0.000636763,2026-09-01T06:54:27.896595+00:00
PKGL-06627,,36.76977761,74.33006607,3800.0,8.812591846442421,0.001764987,2026-09-01T06:54:27.896595+00:00
PKGL-06628,,36.76858621,74.333689,3760.0,9.103685975177749,0.001556339,2026-09-01T06:54:27.896595+00:00
PKGL-06629,,36.76938487,74.33383476,3766.0,9.03843361965994,0.00258517,2026-09-01T06:54:27.896595+00:00
PKGL-06630,,36.76858633,74.33859239,3766.0,9.3601088554331,0.000588787,2026-09-01T06:54:27.896595+00:00
PKGL-06631,,36.76776255,74.3364684,3769.0,9.321534628923931,0.000134514,2026-09-01T06:54:27.896595+00:00
PKGL-06632,,36.76661427,74.3356699,3773.0,9.384477758410457,0.0015112,2026-09-01T06:54:27.896595+00:00
PKGL-06633,,36.77090604,74.32406835,3787.0,8.420657698732184,0.000467022,2026-09-01T06:54:27.896595+00:00
PKGL-06634,,36.77117102,74.32422918,3788.0,8.402858628573096,0.000249085,2026-09-01T06:54:27.896595+00:00
PKGL-06635,,36.77080289,74.32518958,3789.0,8.482397255920933,0.000562816,2026-09-01T06:54:27.896595+00:00
PKGL-06636,,36.77059338,74.32704207,3782.0,8.589674053116383,0.000522094,2026-09-01T06:54:27.896595+00:00
PKGL-06637,,36.76921147,74.32957131,3801.0,8.840899897381949,0.000364849,2026-09-01T06:54:27.896595+00:00
PKGL-06638,,36.76887747,74.32924917,3797.0,8.85640768182116,0.001657649,2026-09-01T06:54:27.896595+00:00
PKGL-06639,,36.76766177,74.33337034,3771.0,9.172190753446127,0.000920454,2026-09-01T06:54:27.896595+00:00
PKGL-06640,,36.76678704,74.33374221,3788.0,9.271231103581044,0.000657409,2026-09-01T06:54:27.896595+00:00
PKGL-06641,,36.76670841,74.33414786,3797.0,9.29879177545239,0.000566655,2026-09-01T06:54:27.896595+00:00
PKGL-06642,,36.76555847,74.33467765,3789.0,9.431062981869132,0.000323992,2026-09-01T06:54:27.896595+00:00
PKGL-06643,,36.76577395,74.33477633,3790.0,9.416180268050628,7.99e-05,2026-09-01T06:54:27.896595+00:00
PKGL-06644,,36.76522653,74.3324885,3786.0,9.35400996658644,0.005884442,2026-09-01T06:54:27.896595+00:00
PKGL-06645,,36.7656585,74.33271114,3794.0,9.324629394662898,0.000956467,2026-09-01T06:54:27.896595+00:00
PKGL-06646,,36.7694027,74.32483639,3794.0,8.599189811597594,0.000523043,2026-09-01T06:54:27.896595+00:00
PKGL-06647,,36.76643428,74.33090536,3784.0,9.164681233972097,0.002647001,2026-09-01T06:54:27.896595+00:00
PKGL-06648,,36.76557426,74.33040158,3797.0,9.22130792540147,0.000454946,2026-09-01T06:54:27.896595+00:00
PKGL-06649,,36.76481598,74.33016298,3813.0,9.281578309357505,0.000581097,2026-09-01T06:54:27.896595+00:00
PKGL-06650,,36.76441933,74.32981908,3810.0,9.30306778070126,0.000591153,2026-09-01T06:54:27.896595+00:00
PKGL-06651,,36.76694019,74.32435017,3798.0,8.813738092394455,0.003179585,2026-09-01T06:54:27.896595+00:00
PKGL-06652,,36.76818494,74.32287456,3799.0,8.628483022089373,0.003513402,2026-09-01T06:54:27.896595+00:00
PKGL-06653,,36.76767653,74.32155618,3785.0,8.620999378795384,0.008734249,2026-09-01T06:54:27.896595+00:00
PKGL-06654,,36.7675439,74.32282728,3796.0,8.68858228933715,0.001598212,2026-09-01T06:54:27.896595+00:00
PKGL-06655,,36.76600419,74.32415028,3801.0,8.895538907215858,0.000638833,2026-09-01T06:54:27.896595+00:00
PKGL-06656,,36.7634,74.32993538,3796.0,9.405277728170349,0.000342455,2026-09-01T06:54:27.896595+00:00
PKGL-06657,,36.76465288,74.32125275,3812.0,8.90527283751292,0.000764549,2026-09-01T06:54:27.896595+00:00
PKGL-06658,,36.76388469,74.32104286,3813.0,8.972699307443847,0.000712449,2026-09-01T06:54:27.896595+00:00
PKGL-06659,,36.76330982,74.32114625,3815.0,9.033851994697477,0.00248598,2026-09-01T06:54:27.896595+00:00
PKGL-06660,,36.76023544,74.32916457,3802.0,9.67381919748812,0.000327037,2026-09-01T06:54:27.896595+00:00
PKGL-06661,,36.75907877,74.32748708,3810.0,9.713277576923891,0.000715028,2026-09-01T06:54:27.896595+00:00
PKGL-06662,,36.75861378,74.32586615,3821.0,9.690725266399577,0.001529419,2026-09-01T06:54:27.896595+00:00
PKGL-06663,,36.75952745,74.32232768,3834.0,9.457049025434818,0.000319011,2026-09-01T06:54:27.896595+00:00
PKGL-06664,,36.76124024,74.32091049,3831.0,9.230415035083864,0.000678884,2026-09-01T06:54:27.896595+00:00
PKGL-06665,,36.76109492,74.32143012,3830.0,9.265371463420252,0.001367714,2026-09-01T06:54:27.896595+00:00
PKGL-06666,,36.75956835,74.32483866,3833.0,9.554245794496952,0.000894319,2026-09-01T06:54:27.896595+00:00
PKGL-06667,,36.75897016,74.31917923,3840.0,9.392440703158975,0.001796844,2026-09-01T06:54:27.896595+00:00
PKGL-06668,,36.75650664,74.32388101,3847.0,9.819519053833003,0.000527804,2026-09-01T06:54:27.896595+00:00
PKGL-06669,,36.75899908,74.32181964,3841.0,9.48989390857091,0.000436227,2026-09-01T06:54:27.896595+00:00
PKGL-06670,,36.75758208,74.31745755,3863.0,9.471099679844093,0.001097553,2026-09-01T06:54:27.896595+00:00
PKGL-06671,,36.75712407,74.318974,3855.0,9.572008019693078,0.000505615,2026-09-01T06:54:27.896595+00:00
PKGL-06672,,36.7557859,74.31677653,3865.0,9.63130923510288,0.007312477,2026-09-01T06:54:27.896595+00:00
PKGL-06673,,36.75570638,74.31777588,3862.0,9.673968795597686,0.002685165,2026-09-01T06:54:27.896595+00:00
PKGL-06674,,36.75477669,74.31418604,3880.0,9.649744149009663,0.008088597,2026-09-01T06:54:27.896595+00:00
PKGL-06675,,36.75081541,74.32180967,3896.0,10.315756064365468,0.000804233,2026-09-01T06:54:27.896595+00:00
PKGL-06676,,36.75020118,74.32244563,3894.0,10.401094448653597,0.000256219,2026-09-01T06:54:27.896595+00:00
PKGL-06677,,36.74983925,74.32078282,3890.0,10.379174583916877,0.001026607,2026-09-01T06:54:27.896595+00:00
PKGL-06678,,36.75290194,74.31471324,3877.0,9.86121361509546,0.000890003,2026-09-01T06:54:27.896595+00:00
PKGL-06679,,36.75320088,74.31172072,3889.0,9.738055336214634,0.000473326,2026-09-01T06:54:27.896595+00:00
PKGL-06680,,36.75063087,74.31059334,3898.0,9.97579132181318,0.000827986,2026-09-01T06:54:27.896595+00:00
PKGL-06681,,36.7501755,74.31215141,3909.0,10.068292328904114,0.000428372,2026-09-01T06:54:27.896595+00:00
PKGL-06682,,36.74624917,74.31553236,3905.0,10.580231700832575,0.000984756,2026-09-01T06:54:27.896595+00:00
PKGL-06683,,36.74694274,74.30849612,3932.0,10.310575643524,0.000710988,2026-09-01T06:54:27.896595+00:00
PKGL-06684,,36.74506025,74.3056141,3945.0,10.441849882158536,0.001063709,2026-09-01T06:54:27.896595+00:00
PKGL-06685,,36.74408482,74.30361324,3938.0,10.502363258576231,0.002961533,2026-09-01T06:54:27.896595+00:00
PKGL-06686,,36.74625625,74.3033792,3934.0,10.26305126439996,0.000512984,2026-09-01T06:54:27.896595+00:00
PKGL-06687,,36.74681341,74.3034211,3934.0,10.20389937301464,0.000876415,2026-09-01T06:54:27.896595+00:00
PKGL-06688,,36.74148778,74.30995988,3937.0,10.92916019265012,0.000629315,2026-09-01T06:54:27.896595+00:00
PKGL-06689,,36.74134372,74.31114633,3957.0,10.974844812677,0.00045575,2026-09-01T06:54:27.896595+00:00
PKGL-06690,,36.73918343,74.31028053,3947.0,11.18310561557785,0.000897309,2026-09-01T06:54:27.896595+00:00
PKGL-06691,,36.73920641,74.30981151,3958.0,11.169065618488236,0.001170786,2026-09-01T06:54:27.896595+00:00
PKGL-06692,,36.7393117,74.30917741,3961.0,11.14236131914218,0.00096475,2026-09-01T06:54:27.896595+00:00
PKGL-06693,,36.73847106,74.30844409,3978.0,11.21496794556666,0.001933506,2026-09-01T06:54:27.896595+00:00
PKGL-06694,,36.74079465,74.30788078,3942.0,10.952519261333329,0.000447836,2026-09-01T06:54:27.896595+00:00
PKGL-06695,,36.74276361,74.29947056,3965.0,10.563530319273324,0.001967704,2026-09-01T06:54:27.896595+00:00
PKGL-06696,,36.74295425,74.2972057,3986.0,10.503350597098468,0.008257195,2026-09-01T06:54:27.896595+00:00
PKGL-06697,,36.74112221,74.29747885,3972.0,10.708043368188418,0.000996262,2026-09-01T06:54:27.896595+00:00
PKGL-06698,,36.73877657,74.2958117,3988.0,10.938631476862517,0.000414823,2026-09-01T06:54:27.896595+00:00
PKGL-06699,,36.74085977,74.30096818,3979.0,10.798367137318102,0.000440263,2026-09-01T06:54:27.896595+00:00
PKGL-06700,,36.73775703,74.30762947,3984.0,11.272795574158163,0.000306272,2026-09-01T06:54:27.896595+00:00
PKGL-06701,,36.73836616,74.30422794,3989.0,11.133209070952066,0.000438334,2026-09-01T06:54:27.896595+00:00
PKGL-06702,,36.73910456,74.30673033,3960.0,11.107518501681117,0.000854852,2026-09-01T06:54:27.896595+00:00
PKGL-06703,,36.73715908,74.3054257,3976.0,11.288745262055883,0.000382198,2026-09-01T06:54:27.896595+00:00
PKGL-06704,,36.73645578,74.3044492,3975.0,11.344459480201447,0.00048124,2026-09-01T06:54:27.896595+00:00
PKGL-06705,,36.73462629,74.307238,3979.0,11.601069512059912,0.000276205,2026-09-01T06:54:27.896595+00:00
PKGL-06706,,36.73234501,74.30504414,3994.0,11.801660851441982,0.006159372,2026-09-01T06:54:27.896595+00:00
PKGL-06707,,36.7325963,74.30723838,3989.0,11.820024324411726,0.000549317,2026-09-01T06:54:27.896595+00:00
PKGL-06708,,36.73656785,74.30076641,3983.0,11.261564722126655,0.000393669,2026-09-01T06:54:27.896595+00:00
PKGL-06709,,36.73638975,74.30025105,3998.0,11.271802018220464,0.00066101,2026-09-01T06:54:27.896595+00:00
PKGL-06710,,36.73605379,74.30028596,4000.0,11.309038447084731,0.000374489,2026-09-01T06:54:27.896595+00:00
PKGL-06711,,36.73488391,74.29928973,4008.0,11.419625541349896,0.000529644,2026-09-01T06:54:27.896595+00:00
PKGL-06712,,36.7345844,74.29905515,4012.0,11.44845182313754,0.00039987,2026-09-01T06:54:27.896595+00:00
PKGL-06713,,36.73158207,74.29675075,4012.0,11.74145568674706,0.001825371,2026-09-01T06:54:27.896595+00:00
PKGL-06714,,36.73307719,74.29969146,4005.0,11.623673469120876,0.000641505,2026-09-01T06:54:27.896595+00:00
PKGL-06715,,36.73249696,74.29810003,4002.0,11.661477814800888,0.000491016,2026-09-01T06:54:27.896595+00:00
PKGL-06716,,36.73542712,74.292862,4005.0,11.266399219871252,0.000869229,2026-09-01T06:54:27.896595+00:00
PKGL-06717,,36.73049622,74.29556016,4024.0,11.84393023519815,0.001701109,2026-09-01T06:54:27.896595+00:00
PKGL-06718,,36.72743213,74.29933163,4019.0,12.23517700716687,0.003034968,2026-09-01T06:54:27.896595+00:00
PKGL-06719,,36.72613671,74.29289964,4032.0,12.29065392130532,0.000815239,2026-09-01T06:54:27.896595+00:00
PKGL-06720,,36.72518861,74.28341333,4070.0,12.316538810661228,0.0007649,2026-09-01T06:54:27.896595+00:00
PKGL-06721,,36.7260911,74.27877261,4113.0,12.198703301823336,0.000575186,2026-09-01T06:54:27.896595+00:00
PKGL-06722,,36.72309456,74.2936462,4067.0,12.634677828842776,0.000521999,2026-09-01T06:54:27.896595+00:00
PKGL-06723,,36.71649672,74.30325101,4110.0,13.494173887662887,0.001717485,2026-09-01T06:54:27.896595+00:00
PKGL-06724,,36.71156974,74.2945591,4101.0,13.916173506225316,0.000908743,2026-09-01T06:54:27.896595+00:00
PKGL-06725,,36.70924364,74.29253605,4126.0,14.15212622072274,0.000153812,2026-09-01T06:54:27.896595+00:00
PKGL-06726,,36.70734362,74.29488798,4133.0,14.38614689663483,0.000798388,2026-09-01T06:54:27.896595+00:00
PKGL-06727,,36.70733002,74.29320766,4136.0,14.370207308957855,0.000414625,2026-09-01T06:54:27.896595+00:00
PKGL-06728,,36.70827407,74.29338291,4135.0,14.267650657999626,0.00039511,2026-09-01T06:54:27.896595+00:00
PKGL-06729,,36.766228,74.24890398,4947.0,8.07926847665441,0.006355667,2026-09-01T06:54:27.896595+00:00
PKGL-06730,,36.79603392,74.26633647,4371.0,4.487827871469559,0.003397828,2026-09-01T06:54:27.896595+00:00
PKGL-06731,,36.80253181,74.20741492,4142.0,7.078006088311917,0.001557174,2026-09-01T06:54:27.896595+00:00
PKGL-06732,,36.78607543,74.38099636,3731.0,6.3616777966703655,0.005390247,2026-09-01T06:54:27.896595+00:00
PKGL-06733,,36.78484868,74.37862924,3726.0,6.603412667470539,0.000907229,2026-09-01T06:54:27.896595+00:00
PKGL-06734,,36.78223179,74.38124706,3754.0,6.675692216556709,0.000596771,2026-09-01T06:54:27.896595+00:00
PKGL-06735,,36.78575865,74.37726379,3711.0,6.610654357381518,0.000266603,2026-09-01T06:54:27.896595+00:00
PKGL-06736,,36.78452886,74.38277474,3755.0,6.391365376220528,0.000349215,2026-09-01T06:54:27.896595+00:00
PKGL-06737,,36.77711178,74.38624724,3809.0,6.879445216636912,0.001939818,2026-09-01T06:54:27.896595+00:00
PKGL-06738,,36.77776213,74.389911,3832.0,6.6465405947174485,0.001084889,2026-09-01T06:54:27.896595+00:00
PKGL-06739,,36.77691351,74.39074255,3838.0,6.690887222942791,0.001659011,2026-09-01T06:54:27.896595+00:00
PKGL-06740,,36.7798861,74.39098243,3835.0,6.3948329041890695,0.000222565,2026-09-01T06:54:27.896595+00:00
PKGL-06741,,36.77850957,74.39239139,3840.0,6.464091406674198,0.000906956,2026-09-01T06:54:27.896595+00:00
PKGL-06742,,36.77867797,74.39331268,3845.0,6.407857179131367,0.00064705,2026-09-01T06:54:27.896595+00:00
PKGL-06743,,36.77784044,74.39210426,3834.0,6.541494923068342,0.000200183,2026-09-01T06:54:27.896595+00:00
PKGL-06744,,36.77793303,74.39234641,3840.0,6.521995026254648,0.000408487,2026-09-01T06:54:27.896595+00:00
PKGL-06745,,36.7794246,74.39471508,3845.0,6.275328258710067,0.000328065,2026-09-01T06:54:27.896595+00:00
PKGL-06746,,36.77874134,74.39494257,3845.0,6.3329782923871,0.000215589,2026-09-01T06:54:27.896595+00:00
PKGL-06747,,36.77844315,74.3953984,3851.0,6.343696880985744,0.000796388,2026-09-01T06:54:27.896595+00:00
PKGL-06748,,36.77833508,74.39590106,3857.0,6.334076569165179,0.000886952,2026-09-01T06:54:27.896595+00:00
PKGL-06749,,36.77740616,74.39553747,3850.0,6.4408978716617575,0.005779916,2026-09-01T06:54:27.896595+00:00
PKGL-06750,,36.77673746,74.39580182,3868.0,6.497029580915313,0.000369373,2026-09-01T06:54:27.896595+00:00
PKGL-06751,,36.77584314,74.3947023,3845.0,6.629609519857678,0.000436525,2026-09-01T06:54:27.896595+00:00
PKGL-06752,,36.77495561,74.39369678,3858.0,6.758012320961321,0.003949216,2026-09-01T06:54:27.896595+00:00
PKGL-06753,,36.77461623,74.39789326,3875.0,6.632147024681289,0.002888448,2026-09-01T06:54:27.896595+00:00
PKGL-06754,,36.7751527,74.39656506,3860.0,6.626672089032732,0.000289417,2026-09-01T06:54:27.896595+00:00
PKGL-06755,,36.77520348,74.39868011,3878.0,6.544215141270231,0.000421182,2026-09-01T06:54:27.896595+00:00
PKGL-06756,,36.77564388,74.39941404,3875.0,6.473374164041001,0.002669021,2026-09-01T06:54:27.896595+00:00
PKGL-06757,,36.77517762,74.40046763,3882.0,6.485062441307094,0.000458518,2026-09-01T06:54:27.896595+00:00
PKGL-06758,,36.77272916,74.39627138,3870.0,6.882609942488798,0.000271334,2026-09-01T06:54:27.896595+00:00
PKGL-06759,,36.77218853,74.3964922,3871.0,6.929500526926747,0.000126764,2026-09-01T06:54:27.896595+00:00
PKGL-06760,,36.77202257,74.39666863,3875.0,6.940054417594621,0.000591633,2026-09-01T06:54:27.896595+00:00
PKGL-06761,,36.771536,74.39660333,3876.0,6.991957928309567,0.000407044,2026-09-01T06:54:27.896595+00:00
PKGL-06762,,36.77191616,74.39832323,3890.0,6.893111811817919,0.002293166,2026-09-01T06:54:27.896595+00:00
PKGL-06763,,36.7764521,74.39886054,3877.0,6.410603959795138,0.000406643,2026-09-01T06:54:27.896595+00:00
PKGL-06764,,36.77672911,74.39822235,3876.0,6.405742385165988,0.000370575,2026-09-01T06:54:27.896595+00:00
PKGL-06765,,36.77701368,74.39849097,3870.0,6.367044090698766,0.000383373,2026-09-01T06:54:27.896595+00:00
PKGL-06766,,36.77707563,74.397342,3859.0,6.40368240224135,0.000346196,2026-09-01T06:54:27.896595+00:00
PKGL-06767,,36.77723603,74.40172376,3881.0,6.230899250178931,0.000611541,2026-09-01T06:54:27.896595+00:00
PKGL-06768,,36.77581766,74.40157878,3885.0,6.3821143038552925,0.000533273,2026-09-01T06:54:27.896595+00:00
PKGL-06769,,36.77567677,74.4035785,3903.0,6.333401609609436,0.000797963,2026-09-01T06:54:27.896595+00:00
PKGL-06770,,36.77472059,74.40499932,3907.0,6.391751859394991,0.00069532,2026-09-01T06:54:27.896595+00:00
PKGL-06771,,36.77381814,74.40338223,3902.0,6.5337562563549625,0.001427442,2026-09-01T06:54:27.896595+00:00
PKGL-06772,,36.77311722,74.4030533,3918.0,6.617006548685994,0.000773017,2026-09-01T06:54:27.896595+00:00
PKGL-06773,,36.77283252,74.40281594,3922.0,6.653927145700163,0.000515817,2026-09-01T06:54:27.896595+00:00
PKGL-06774,,36.77380159,74.40142036,3904.0,6.596096103607009,0.00117117,2026-09-01T06:54:27.896595+00:00
PKGL-06775,,36.77195514,74.4036972,3922.0,6.720210293327392,0.000421459,2026-09-01T06:54:27.896595+00:00
PKGL-06776,,36.77129804,74.40276323,3932.0,6.816378251074379,0.00040245,2026-09-01T06:54:27.896595+00:00
PKGL-06777,,36.77077114,74.40340069,3932.0,6.85338464053413,0.000805276,2026-09-01T06:54:27.896595+00:00
PKGL-06778,,36.76736103,74.40733835,3966.0,7.115184847161908,0.002290999,2026-09-01T06:54:27.896595+00:00
PKGL-06779,,36.76689821,74.40529607,3967.0,7.213718325635217,0.000357813,2026-09-01T06:54:27.896595+00:00
PKGL-06780,,36.7670543,74.41090601,3964.0,7.073097555888288,0.000598913,2026-09-01T06:54:27.896595+00:00
PKGL-06781,,36.76782516,74.41297992,3954.0,6.951564059911292,0.000933623,2026-09-01T06:54:27.896595+00:00
PKGL-06782,,36.76475325,74.40549435,3978.0,7.438215193735528,0.001814043,2026-09-01T06:54:27.896595+00:00
PKGL-06783,,36.76454962,74.40640506,3971.0,7.438664385154166,0.000845118,2026-09-01T06:54:27.896595+00:00
PKGL-06784,,36.7639676,74.40458342,3982.0,7.544389133465607,0.001008767,2026-09-01T06:54:27.896595+00:00
PKGL-06785,,36.76317668,74.40386081,3978.0,7.6467817756873,0.00109562,2026-09-01T06:54:27.896595+00:00
PKGL-06786,,36.76600578,74.4022269,3950.0,7.389247968492225,0.000273722,2026-09-01T06:54:27.896595+00:00
PKGL-06787,,36.76430282,74.40192879,3958.0,7.577576053116946,0.001118584,2026-09-01T06:54:27.896595+00:00
PKGL-06788,,36.76357759,74.40215863,3960.0,7.648208649147453,0.000214004,2026-09-01T06:54:27.896595+00:00
PKGL-06789,,36.76335893,74.40230459,3963.0,7.667515441777203,0.000374467,2026-09-01T06:54:27.896595+00:00
PKGL-06790,,36.76208365,74.40449118,3984.0,7.748161264380861,0.001408899,2026-09-01T06:54:27.896595+00:00
PKGL-06791,,36.7608951,74.40797244,3996.0,7.798876779155423,0.000881684,2026-09-01T06:54:27.896595+00:00
PKGL-06792,,36.76237386,74.41352993,3990.0,7.5388075191048625,0.005471586,2026-09-01T06:54:27.896595+00:00
PKGL-06793,,36.76131589,74.4123854,3991.0,7.672545275600144,0.000537783,2026-09-01T06:54:27.896595+00:00
PKGL-06794,,36.76010411,74.41205914,3996.0,7.810325202566381,0.001375796,2026-09-01T06:54:27.896595+00:00
PKGL-06795,,36.75886887,74.41429367,3999.0,7.912339346862541,0.000743251,2026-09-01T06:54:27.896595+00:00
PKGL-06796,,36.75880765,74.40724307,4006.0,8.039702248152201,0.000467451,2026-09-01T06:54:27.896595+00:00
PKGL-06797,,36.75749776,74.40696128,4015.0,8.187232533171693,0.001439576,2026-09-01T06:54:27.896595+00:00
PKGL-06798,,36.75681987,74.40820712,4021.0,8.236197730107804,0.000494822,2026-09-01T06:54:27.896595+00:00
PKGL-06799,,36.75545052,74.40551484,4032.0,8.438621804825821,0.00115442,2026-09-01T06:54:27.896595+00:00
PKGL-06800,,36.75641282,74.40382945,4016.0,8.372006457133054,0.000324651,2026-09-01T06:54:27.896595+00:00
PKGL-06801,,36.75562794,74.40343649,4021.0,8.465352418464068,0.00060161,2026-09-01T06:54:27.896595+00:00
PKGL-06802,,36.75198116,74.41566333,4053.0,8.653567864148524,0.001353917,2026-09-01T06:54:27.896595+00:00
PKGL-06803,,36.74771223,74.40883236,4103.0,9.217588109547624,0.000521106,2026-09-01T06:54:27.896595+00:00
PKGL-06804,,36.74479545,74.41484675,4108.0,9.455404512448684,0.000686131,2026-09-01T06:54:27.896595+00:00
PKGL-06805,,36.73857813,74.41442124,4163.0,10.146232802419142,0.000948605,2026-09-01T06:54:27.896595+00:00
PKGL-06806,,36.73516716,74.41334559,4170.0,10.534345399984836,0.019551959,2026-09-01T06:54:27.896595+00:00
PKGL-06807,,36.73408848,74.41250696,4157.0,10.662777623933485,0.000894412,2026-09-01T06:54:27.896595+00:00
PKGL-06808,,36.73486977,74.42017074,4170.0,10.509478211169649,0.001602325,2026-09-01T06:54:27.896595+00:00
PKGL-06809,,36.73487699,74.41116007,4156.0,10.592145026895368,0.000669112,2026-09-01T06:54:27.896595+00:00
PKGL-06810,,36.73487059,74.41206019,4154.0,10.58180605928176,0.000646213,2026-09-01T06:54:27.896595+00:00
PKGL-06811,,36.73416589,74.41138964,4161.0,10.667574919478698,0.000541821,2026-09-01T06:54:27.896595+00:00
PKGL-06812,,36.73573059,74.41213888,4163.0,10.486102643467856,0.000338225,2026-09-01T06:54:27.896595+00:00
PKGL-06813,,36.73303509,74.42105638,4177.0,10.708210181992992,0.000690542,2026-09-01T06:54:27.896595+00:00
PKGL-06814,,36.7327832,74.42126038,4180.0,10.735143415882565,0.000752244,2026-09-01T06:54:27.896595+00:00
PKGL-06815,,36.73331165,74.42302568,4187.0,10.668807030703444,0.001837187,2026-09-01T06:54:27.896595+00:00
PKGL-06816,,36.73094077,74.41670927,4189.0,10.969365737164244,0.000739037,2026-09-01T06:54:27.896595+00:00
PKGL-06817,,36.72977721,74.42206154,4188.0,11.065256979936082,0.000413301,2026-09-01T06:54:27.896595+00:00
PKGL-06818,,36.72634988,74.41864859,4221.0,11.463978196705462,0.007816796,2026-09-01T06:54:27.896595+00:00
PKGL-06819,,36.72547892,74.4193745,4213.0,11.556100111577788,0.000805993,2026-09-01T06:54:27.896595+00:00
PKGL-06820,,36.72205553,74.4164585,4247.0,11.955453454181962,0.001513597,2026-09-01T06:54:27.896595+00:00
PKGL-06821,,36.72415758,74.41726075,4233.0,11.716553317145836,0.000434391,2026-09-01T06:54:27.896595+00:00
PKGL-06822,,36.72521463,74.41546646,4218.0,11.613663756802284,0.000586594,2026-09-01T06:54:27.896595+00:00
PKGL-06823,,36.72579568,74.41507527,4209.0,11.552769900636756,0.000389823,2026-09-01T06:54:27.896595+00:00
PKGL-06824,,36.72101938,74.42554442,4252.0,12.02845798976562,0.000551888,2026-09-01T06:54:27.896595+00:00
PKGL-06825,,36.72020032,74.42479917,4255.0,12.12089197473778,0.00052609,2026-09-01T06:54:27.896595+00:00
PKGL-06826,,36.71979053,74.42575394,4258.0,12.164758311048248,0.000541071,2026-09-01T06:54:27.896595+00:00
PKGL-06827,,36.71941664,74.42478387,4258.0,12.2080412753393,0.000230146,2026-09-01T06:54:27.896595+00:00
PKGL-06828,,36.71824123,74.42589015,4264.0,12.336820259710054,0.000228585,2026-09-01T06:54:27.896595+00:00
PKGL-06829,,36.71588168,74.42370514,4273.0,12.603548788348943,0.00144166,2026-09-01T06:54:27.896595+00:00
PKGL-06830,,36.71433006,74.41887795,4278.0,12.796058766233516,0.00060062,2026-09-01T06:54:27.896595+00:00
PKGL-06831,,36.71380125,74.42238709,4298.0,12.838803380801023,0.000676312,2026-09-01T06:54:27.896595+00:00
PKGL-06832,,36.71200008,74.42218767,4302.0,13.039627298197903,0.000339777,2026-09-01T06:54:27.896595+00:00
PKGL-06833,,36.71061763,74.42203531,4301.0,13.193767994117891,0.000898814,2026-09-01T06:54:27.896595+00:00
PKGL-06834,,36.70899022,74.42652188,4313.0,13.364708842950444,0.001658054,2026-09-01T06:54:27.896595+00:00
PKGL-06835,,36.70700349,74.42679681,4315.0,13.58539953228057,0.000495068,2026-09-01T06:54:27.896595+00:00
PKGL-06836,,36.70754847,74.4259662,4318.0,13.525584900756424,0.000340306,2026-09-01T06:54:27.896595+00:00
PKGL-06837,,36.74478482,74.34075564,4352.0,11.677919495362367,0.00072518,2026-09-01T06:54:27.896595+00:00
PKGL-06838,,36.82652472,74.20606762,3651.0,6.241124301283534,0.003295275,2026-09-01T06:54:27.896595+00:00
PKGL-06839,,36.81815462,74.37225181,3361.0,5.110153867146488,0.004666682,2026-09-01T06:54:27.896595+00:00
PKGL-06840,,36.81774005,74.37100315,3359.0,5.229153312501398,0.000337712,2026-09-01T06:54:27.896595+00:00
PKGL-06841,,36.81764407,74.36983292,3360.0,5.332808113467878,0.000720334,2026-09-01T06:54:27.896595+00:00
PKGL-06842,,36.8170917,74.37013397,3362.0,5.321994957915238,0.000246527,2026-09-01T06:54:27.896595+00:00
PKGL-06843,,36.81686442,74.36841154,3361.0,5.476748864628266,0.000613726,2026-09-01T06:54:27.896595+00:00
PKGL-06844,,36.81752898,74.36860427,3361.0,5.442060357821574,0.000252909,2026-09-01T06:54:27.896595+00:00
PKGL-06845,,36.8177433,74.36885179,3362.0,5.415012574282463,0.000476743,2026-09-01T06:54:27.896595+00:00
PKGL-06846,,36.81821613,74.36880828,3361.0,5.406668207551189,0.001172358,2026-09-01T06:54:27.896595+00:00
PKGL-06847,,36.82545298,74.38510522,3339.0,3.839146581282981,0.002578709,2026-09-01T06:54:27.896595+00:00
PKGL-06848,,36.82663827,74.38507224,3343.0,3.830075392597638,0.000867078,2026-09-01T06:54:27.896595+00:00
PKGL-06849,,36.82628511,74.38361551,3344.0,3.962392096472136,0.000697949,2026-09-01T06:54:27.896595+00:00
PKGL-06850,,36.82176885,74.37254801,3358.0,5.00280761227013,0.001094938,2026-09-01T06:54:27.896595+00:00
PKGL-06851,,36.82002418,74.37457535,3357.0,4.861842378590534,0.000338429,2026-09-01T06:54:27.896595+00:00
PKGL-06852,,36.82150903,74.36526358,3364.0,5.647637799547396,0.00139221,2026-09-01T06:54:27.896595+00:00
PKGL-06853,,36.80641713,74.35361478,3418.0,7.087606173344141,0.000666041,2026-09-01T06:54:27.896595+00:00
PKGL-06854,,36.70957021,74.2935038,4131.0,14.125698400204936,0.000303298,2026-09-01T06:54:27.896595+00:00
PKGL-06855,,36.82829741,74.4049081,3318.0,2.056478292914812,0.001354608,2026-09-01T06:54:27.896595+00:00
PKGL-06856,,36.82797882,74.40337709,3322.0,2.1944684588009964,0.00064637,2026-09-01T06:54:27.896595+00:00
PKGL-06857,,36.82867864,74.40227161,3328.0,2.2894760247650825,0.000787674,2026-09-01T06:54:27.896595+00:00
PKGL-06858,,36.82699047,74.41763787,3284.0,0.9526877569200044,0.000251763,2026-09-01T06:54:27.896595+00:00
PKGL-06859,,36.78465298,74.33980449,3695.0,8.083131659214152,0.00055442,2026-09-01T06:54:27.896595+00:00
PKGL-06860,,36.77322855,74.32941021,3767.0,8.462299252748306,0.000402716,2026-09-01T06:54:27.896595+00:00
PKGL-06861,,36.76344139,74.31938097,3823.0,8.950679135788643,0.001835413,2026-09-01T06:54:27.896595+00:00
PKGL-06862,,36.76168323,74.32619045,3822.0,9.403794476867429,0.002031116,2026-09-01T06:54:27.896595+00:00
PKGL-06863,,36.758922,74.32939596,3805.0,9.811004000260962,0.001633365,2026-09-01T06:54:27.896595+00:00
PKGL-06864,,36.75340952,74.32057748,3879.0,10.00751529454918,0.001815745,2026-09-01T06:54:27.896595+00:00
PKGL-06865,,36.75290905,74.3214696,3884.0,10.09061357112646,0.000233445,2026-09-01T06:54:27.896595+00:00
PKGL-06866,,36.75234639,74.31178384,3898.0,9.829543425045363,0.003759537,2026-09-01T06:54:27.896595+00:00
PKGL-06867,,36.75124414,74.31203546,3901.0,9.95264038343952,0.000430422,2026-09-01T06:54:27.896595+00:00
PKGL-06868,,36.73395724,74.29895132,4011.0,11.515290743863297,0.001848891,2026-09-01T06:54:27.896595+00:00
PKGL-06869,,36.72749392,74.28657752,4031.0,12.080948352816666,0.00020878,2026-09-01T06:54:27.896595+00:00
PKGL-06870,,36.71527271,74.42692952,4261.0,12.665840769166236,0.000353299,2026-09-01T06:54:27.896595+00:00
PKGL-06871,,36.71479275,74.42697802,4266.0,12.719177145834182,0.000201474,2026-09-01T06:54:27.896595+00:00
PKGL-06872,,36.77515869,74.40268364,3892.0,6.415089909341803,0.000230408,2026-09-01T06:54:27.896595+00:00
PKGL-06873,,36.73766032,74.38585901,4760.0,10.845698202463304,0.000557384,2026-09-01T06:54:27.896595+00:00
PKGL-06874,,36.73181153,74.38380507,4851.0,11.519352582166794,0.000467587,2026-09-01T06:54:27.896595+00:00
PKGL-06875,,36.75076544,74.30332802,3945.0,9.77641092008986,0.001216654,2026-09-01T06:54:27.896595+00:00
PKGL-06876,,36.74631217,74.27259828,4700.0,9.94892905797389,0.000777391,2026-09-01T06:54:27.896595+00:00
PKGL-06877,,36.73294605,74.25991951,4291.0,11.513484605676332,0.000744579,2026-09-01T06:54:27.896595+00:00
PKGL-06878,,36.28564734,73.92660368,3447.0,9.721836354212485,0.030665578,2026-09-01T06:54:27.896595+00:00
PKGL-06879,,36.26471716,73.95456962,3706.0,13.07990932366272,0.297327356,2026-09-01T06:54:27.896595+00:00
PKGL-06880,,36.26065613,73.89859304,3771.0,9.184546307587722,0.067929687,2026-09-01T06:54:27.896595+00:00
PKGL-06881,,36.24835075,73.89907898,4136.0,10.06285863707396,0.002177611,2026-09-01T06:54:27.896595+00:00
PKGL-06882,,36.24022661,73.95337215,4079.0,12.891274599249693,0.019872394,2026-09-01T06:54:27.896595+00:00
PKGL-06883,,36.38508012,74.05088776,4029.0,10.342384766612884,0.000612172,2026-09-01T06:54:27.896595+00:00
PKGL-06884,,36.38547622,74.05286054,4033.0,10.419878894046176,0.000832046,2026-09-01T06:54:27.896595+00:00
PKGL-06885,,36.38632602,74.05288814,4046.0,10.348894049785208,0.001095024,2026-09-01T06:54:27.896595+00:00
PKGL-06886,,36.38940217,74.05754175,4092.0,10.368646066577956,0.000336748,2026-09-01T06:54:27.896595+00:00
PKGL-06887,,36.44380105,74.06465562,4530.0,7.856643665802922,0.003220129,2026-09-01T06:54:27.896595+00:00
PKGL-06888,,36.55811024,74.09177738,3224.0,3.2171978337604106,0.007166261,2026-09-01T06:54:27.896595+00:00
PKGL-06889,,36.65839335,74.14540083,3749.0,8.803000901407511,0.009700113,2026-09-01T06:54:27.896595+00:00
PKGL-06890,,36.70106526,74.14964375,4542.0,10.124779861079857,0.003836895,2026-09-01T06:54:27.896595+00:00
PKGL-06891,,36.69915634,74.14675304,4425.0,9.8017309410545,0.006668516,2026-09-01T06:54:27.896595+00:00
PKGL-06892,,36.62916364,74.1268398,3257.0,7.914262959149177,0.001993613,2026-09-01T06:54:27.896595+00:00
PKGL-06893,,36.52890265,74.24967124,3567.0,16.19739915497851,0.029563699,2026-09-01T06:54:27.896595+00:00
PKGL-06894,,36.52669472,74.25526272,3534.0,15.872290140062317,0.000610075,2026-09-01T06:54:27.896595+00:00
PKGL-06895,,36.5246672,74.25623503,3528.0,15.636331974597336,0.00109647,2026-09-01T06:54:27.896595+00:00
PKGL-06896,,36.51131837,74.24148467,3378.0,14.445569020913249,0.001493422,2026-09-01T06:54:27.896595+00:00
PKGL-06897,,36.51081742,74.23943719,3369.0,14.439151118887134,0.001640967,2026-09-01T06:54:27.896595+00:00
PKGL-06898,,36.5086867,74.23923354,3341.0,14.2157763624981,0.001216198,2026-09-01T06:54:27.896595+00:00
PKGL-06899,,36.49779985,74.23473976,3258.0,13.178616839885928,0.009175746,2026-09-01T06:54:27.896595+00:00
PKGL-06900,,36.47168274,74.252857,2980.0,9.925237881066517,0.000962651,2026-09-01T06:54:27.896595+00:00
PKGL-06901,,36.46494639,74.15688663,4216.0,13.87125293323087,0.001682532,2026-09-01T06:54:27.896595+00:00
PKGL-06902,,36.46573433,74.15638318,4224.0,13.777831401317863,0.000413984,2026-09-01T06:54:27.896595+00:00
PKGL-06903,,36.46562049,74.15815674,4205.0,13.900637930923397,0.000223147,2026-09-01T06:54:27.896595+00:00
PKGL-06904,,36.46833999,74.35856133,3314.0,11.456539977336984,0.002035262,2026-09-01T06:54:27.896595+00:00
PKGL-06905,,36.46119632,74.3725522,3487.0,11.659198844826806,0.003651813,2026-09-01T06:54:27.896595+00:00
PKGL-06906,,36.46611657,74.37185501,3472.0,12.01767597408095,0.000501908,2026-09-01T06:54:27.896595+00:00
PKGL-06907,,36.4660468,74.3728417,3468.0,12.071006579621637,0.001105856,2026-09-01T06:54:27.896595+00:00
PKGL-06908,,36.46479011,74.3769167,3505.0,12.217779109510708,0.000399391,2026-09-01T06:54:27.896595+00:00
PKGL-06909,,36.46053969,74.3828013,3565.0,12.262818889506786,0.000882303,2026-09-01T06:54:27.896595+00:00
PKGL-06910,,36.46266247,74.38247962,3550.0,12.403484405843702,0.001257043,2026-09-01T06:54:27.896595+00:00
PKGL-06911,,36.46119197,74.39339606,3623.0,13.021025760403388,0.000331312,2026-09-01T06:54:27.896595+00:00
PKGL-06912,,36.46068742,74.39227706,3635.0,12.908384072348584,0.000222706,2026-09-01T06:54:27.896595+00:00
PKGL-06913,,36.45862241,74.39676902,3647.0,13.073778216660088,0.001227471,2026-09-01T06:54:27.896595+00:00
PKGL-06914,,36.45587246,74.39694903,3659.0,12.89908038980569,0.00390997,2026-09-01T06:54:27.896595+00:00
PKGL-06915,,36.45658281,74.39894011,3666.0,13.08871934849677,0.00040486,2026-09-01T06:54:27.896595+00:00
PKGL-06916,,36.4546187,74.40063299,3696.0,13.08068303986784,0.002083461,2026-09-01T06:54:27.896595+00:00
PKGL-06917,,36.45530955,74.40503812,3720.0,13.445982337230069,0.000870906,2026-09-01T06:54:27.896595+00:00
PKGL-06918,,36.45575693,74.40970276,3766.0,13.817142676293384,0.000400012,2026-09-01T06:54:27.896595+00:00
PKGL-06919,,36.45654403,74.40892893,3785.0,13.809799216831696,1.74e-05,2026-09-01T06:54:27.896595+00:00
PKGL-06920,,36.45629383,74.41012174,3784.0,13.881784340498127,3.55e-05,2026-09-01T06:54:27.896595+00:00
PKGL-06921,,36.46056519,74.41803113,3861.0,14.73376477126286,0.000474499,2026-09-01T06:54:27.896595+00:00
PKGL-06922,,36.45913187,74.41970611,3855.0,14.768868615912988,0.000543373,2026-09-01T06:54:27.896595+00:00
PKGL-06923,,36.46008369,74.41663263,3849.0,14.60034887907578,0.000317179,2026-09-01T06:54:27.896595+00:00
PKGL-06924,,36.45116427,74.40120162,3704.0,12.901260179096624,0.000384997,2026-09-01T06:54:27.896595+00:00
PKGL-06925,,36.45548875,74.39338787,3631.0,12.620717000421608,0.000735161,2026-09-01T06:54:27.896595+00:00
PKGL-06926,,36.45791872,74.39192271,3632.0,12.68704324721579,0.000349218,2026-09-01T06:54:27.896595+00:00
PKGL-06927,,36.45739982,74.3928896,3635.0,12.717812820269431,0.000606964,2026-09-01T06:54:27.896595+00:00
PKGL-06928,,36.45484619,74.383581,3581.0,11.895139986886242,0.000694948,2026-09-01T06:54:27.896595+00:00
PKGL-06929,,36.49005186,74.35663909,3762.0,13.385336605216164,0.000191406,2026-09-01T06:54:27.896595+00:00
PKGL-06930,,36.48954113,74.35701573,3754.0,13.352951933566798,0.000232925,2026-09-01T06:54:27.896595+00:00
PKGL-06931,,36.50508469,74.35956439,3929.0,14.977622043290271,0.001450191,2026-09-01T06:54:27.896595+00:00
PKGL-06932,,36.50626799,74.35756861,3941.0,15.013465537567283,0.000727259,2026-09-01T06:54:27.896595+00:00
PKGL-06933,,36.50488014,74.35605606,3932.0,14.814955251031948,0.000677313,2026-09-01T06:54:27.896595+00:00
PKGL-06934,,36.50502354,74.35660855,3932.0,14.851298420706732,0.000115404,2026-09-01T06:54:27.896595+00:00
PKGL-06935,,36.50702104,74.35858548,3940.0,15.129163398488997,0.001292656,2026-09-01T06:54:27.896595+00:00
PKGL-06936,,36.50664716,74.35775534,3943.0,15.05863184190642,0.000184164,2026-09-01T06:54:27.896595+00:00
PKGL-06937,,36.50792638,74.36059676,3949.0,15.300611955316985,0.000755263,2026-09-01T06:54:27.896595+00:00
PKGL-06938,,36.50941693,74.35911885,3959.0,15.388573467461882,0.000417007,2026-09-01T06:54:27.896595+00:00
PKGL-06939,,36.51157712,74.35995029,3994.0,15.636701583909844,0.000335975,2026-09-01T06:54:27.896595+00:00
PKGL-06940,,36.5278358,74.37129613,4123.0,17.707191431902523,0.00035872,2026-09-01T06:54:27.896595+00:00
PKGL-06941,,36.52721932,74.3696862,4115.0,17.58148891410082,0.000298329,2026-09-01T06:54:27.896595+00:00
PKGL-06942,,36.52657893,74.37190461,4121.0,17.6072310530614,0.000277124,2026-09-01T06:54:27.896595+00:00
PKGL-06943,,36.52632123,74.36897279,4116.0,17.46369273001988,0.000222009,2026-09-01T06:54:27.896595+00:00
PKGL-06944,,36.39071462,74.35818243,3892.0,6.821667553119836,0.000651438,2026-09-01T06:54:27.896595+00:00
PKGL-06945,,36.17102402,74.33803885,2557.0,0.1894917839977918,0.002531325,2026-09-01T06:54:27.896595+00:00
PKGL-06946,,36.52351506,74.1735038,5141.0,11.388304686118284,0.003052185,2026-09-01T06:54:27.896595+00:00
PKGL-06947,,36.41316249,74.14263428,3757.0,12.864815003972458,0.003157219,2026-09-01T06:54:27.896595+00:00
PKGL-06948,,36.40959918,74.14553661,3751.0,12.52260988653826,0.001017667,2026-09-01T06:54:27.896595+00:00
PKGL-06949,,36.31931032,74.13491591,4334.0,12.9500358139741,0.001858985,2026-09-01T06:54:27.896595+00:00
PKGL-06950,,36.2254215,74.11343539,3190.0,8.645432336008028,0.001590854,2026-09-01T06:54:27.896595+00:00
PKGL-06951,,36.23162727,74.10684992,3214.0,9.553453923841234,0.010785609,2026-09-01T06:54:27.896595+00:00
PKGL-06952,,36.23563349,74.10357396,3254.0,10.081393078878936,0.033351757,2026-09-01T06:54:27.896595+00:00
PKGL-06953,,36.23823377,74.10264538,3254.0,10.353776960675289,0.024946342,2026-09-01T06:54:27.896595+00:00
PKGL-06954,,36.23627573,74.10021888,3249.0,10.336023527246548,0.024282593,2026-09-01T06:54:27.896595+00:00
PKGL-06955,,36.24421643,74.09901832,3272.0,11.071338922970272,0.004582074,2026-09-01T06:54:27.896595+00:00
PKGL-06956,,36.23918134,74.084177,3453.0,11.577760456040355,0.174615714,2026-09-01T06:54:27.896595+00:00
PKGL-06957,,36.29322298,74.10742649,3506.0,14.428780161904193,0.010415398,2026-09-01T06:54:27.896595+00:00
PKGL-06958,,36.32378778,74.05377397,4362.0,16.333229008465647,0.003595995,2026-09-01T06:54:27.896595+00:00
PKGL-06959,,36.26347583,74.0203632,4414.0,14.75445756646536,0.000363388,2026-09-01T06:54:27.896595+00:00
PKGL-06960,,36.70273647,74.14272404,4475.0,9.654437128959849,0.000262553,2026-09-01T06:54:27.896595+00:00
PKGL-06961,,36.70200655,74.14359825,4464.0,9.68642862647344,0.000485221,2026-09-01T06:54:27.896595+00:00
PKGL-06962,,36.39070584,74.05541945,4067.0,10.133162841169398,0.00071383,2026-09-01T06:54:27.896595+00:00
PKGL-06963,,36.32483999,74.01629613,4580.0,15.144532890699768,0.002128609,2026-09-01T06:54:27.896595+00:00
PKGL-06964,,36.68122917,74.13682054,4172.0,8.293187470935997,7.95e-05,2026-09-01T06:54:27.896595+00:00
PKGL-06965,,36.68057449,74.13708394,4166.0,8.297943469553493,0.001113242,2026-09-01T06:54:27.896595+00:00
PKGL-06966,,36.20604516,74.10926362,3688.0,7.500759319704469,0.000797835,2026-09-01T06:54:27.896595+00:00
PKGL-06967,,36.66513885,74.16044585,4696.0,10.13769359839025,0.002002332,2026-09-01T06:54:27.896595+00:00
PKGL-06968,,36.69897239,74.16330851,4731.0,11.153258334907122,0.000778535,2026-09-01T06:54:27.896595+00:00
PKGL-06969,,36.69699923,74.16331852,4684.0,11.076145956610176,0.000505304,2026-09-01T06:54:27.896595+00:00
PKGL-06970,,36.6977064,74.16358258,4717.0,11.125676677881682,0.001584004,2026-09-01T06:54:27.896595+00:00
PKGL-06971,,36.69801934,74.16413045,4766.0,11.183657473335602,0.000738326,2026-09-01T06:54:27.896595+00:00
PKGL-06972,,36.62820042,74.17095253,3491.0,10.959427369504622,0.000364555,2026-09-01T06:54:27.896595+00:00
PKGL-06973,,36.28883554,74.14534597,4842.0,10.998521425046942,0.000590046,2026-09-01T06:54:27.896595+00:00
PKGL-06974,,36.22894597,74.11090029,3203.0,9.08903692989417,0.004259916,2026-09-01T06:54:27.896595+00:00
PKGL-06975,,36.49240869,74.15713433,4512.0,11.955053803222803,0.001051498,2026-09-01T06:54:27.896595+00:00
PKGL-06976,,36.4922918,74.15664819,4514.0,11.926214654648565,8.54e-05,2026-09-01T06:54:27.896595+00:00
PKGL-06977,,36.20998813,74.19347601,5060.0,4.891849666328335,0.001303948,2026-09-01T06:54:27.896595+00:00
PKGL-06978,,36.26689927,74.19043353,4090.0,6.763551709752819,0.000602663,2026-09-01T06:54:27.896595+00:00
PKGL-06979,,36.4958446,74.2334466,3242.0,13.011365112357854,0.000717518,2026-09-01T06:54:27.896595+00:00
PKGL-06980,,36.69123603,74.26091785,4287.0,16.120878454187167,0.00378074,2026-09-01T06:54:27.896595+00:00
PKGL-06981,,36.579208,74.27385815,4738.0,18.612844488953773,0.000302231,2026-09-01T06:54:27.896595+00:00
PKGL-06982,,36.52508557,74.26445175,3581.0,15.590303427564152,0.000200534,2026-09-01T06:54:27.896595+00:00
PKGL-06983,,36.48430938,74.24040522,3085.0,11.595361269531985,0.000252247,2026-09-01T06:54:27.896595+00:00
PKGL-06984,,36.10990355,74.2478692,2023.0,2.689920040628166,0.004946551,2026-09-01T06:54:27.896595+00:00
PKGL-06985,,36.53379206,74.28349817,3692.0,16.477433856203458,0.000980224,2026-09-01T06:54:27.896595+00:00
PKGL-06986,,36.60344384,74.40082435,4606.0,25.21679552961865,0.000314178,2026-09-01T06:54:27.896595+00:00
PKGL-06987,,36.60573341,74.40084204,4660.0,24.96323876789304,0.000299769,2026-09-01T06:54:27.896595+00:00
PKGL-06988,,36.60457252,74.40115138,4634.0,25.089077161050525,0.000342054,2026-09-01T06:54:27.896595+00:00
PKGL-06989,,36.50400038,74.43506349,4208.0,18.978090950374806,0.002476002,2026-09-01T06:54:27.896595+00:00
PKGL-06990,,36.50500469,74.42400783,4448.0,18.359187936258586,0.000151387,2026-09-01T06:54:27.896595+00:00
PKGL-06991,,36.50415228,74.42313419,4449.0,18.23672132775605,0.000120718,2026-09-01T06:54:27.896595+00:00
PKGL-06992,,36.50508517,74.42205135,4466.0,18.245260538214342,0.000120936,2026-09-01T06:54:27.896595+00:00
PKGL-06993,,36.52757674,74.44120759,4668.0,21.24450971451725,0.000899206,2026-09-01T06:54:27.896595+00:00
PKGL-06994,,36.60297061,72.99354252,3481.0,4.341434055514651,0.001037773,2026-09-01T06:54:27.896595+00:00
PKGL-06995,,36.60444747,72.99356327,3466.0,4.333958565623751,0.000515649,2026-09-01T06:54:27.896595+00:00
PKGL-06996,,36.60461,72.99520665,3490.0,4.479925319397642,0.000301454,2026-09-01T06:54:27.896595+00:00
PKGL-06997,,36.60594981,72.99721789,3512.0,4.657068293849532,0.000263248,2026-09-01T06:54:27.896595+00:00
PKGL-06998,,36.60425607,72.99784189,3518.0,4.716423275614871,0.00035746,2026-09-01T06:54:27.896595+00:00
PKGL-06999,,36.60350902,72.99627529,3501.0,4.580814072066162,0.000154908,2026-09-01T06:54:27.896595+00:00
PKGL-07000,,36.60946403,73.00762493,3638.0,5.59982535880763,0.00033527,2026-09-01T06:54:27.896595+00:00
PKGL-07001,,36.61041566,73.01059114,3668.0,5.871997437209673,0.000964388,2026-09-01T06:54:27.896595+00:00
PKGL-07002,,36.60975862,73.01005962,3660.0,5.818929836608722,0.000575775,2026-09-01T06:54:27.896595+00:00
PKGL-07003,,36.60616225,73.00979681,3645.0,5.77994856837876,0.000374491,2026-09-01T06:54:27.896595+00:00
PKGL-07004,,36.60598697,73.00909787,3635.0,5.717506031316969,0.000186537,2026-09-01T06:54:27.896595+00:00
PKGL-07005,,36.60706834,73.00618158,3618.0,5.45865598103018,0.000112815,2026-09-01T06:54:27.896595+00:00
PKGL-07006,,36.60746076,73.0064965,3619.0,5.487938602858979,0.000241379,2026-09-01T06:54:27.896595+00:00
PKGL-07007,,36.60677743,73.01580726,3690.0,6.317093074025996,0.000848609,2026-09-01T06:54:27.896595+00:00
PKGL-07008,,36.60789038,73.01744728,3718.0,6.466443101023311,0.00043244,2026-09-01T06:54:27.896595+00:00
PKGL-07009,,36.61419083,73.0282206,3809.0,7.480871070110746,0.003345627,2026-09-01T06:54:27.896595+00:00
PKGL-07010,,36.6107312,73.0302759,3822.0,7.626499134518219,0.000666056,2026-09-01T06:54:27.896595+00:00
PKGL-07011,,36.61204491,73.03244554,3821.0,7.830989806063563,0.000434227,2026-09-01T06:54:27.896595+00:00
PKGL-07012,,36.6098519,73.03969422,3902.0,8.459728930624118,0.000224981,2026-09-01T06:54:27.896595+00:00
PKGL-07013,,36.609019,73.04169682,3911.0,8.634094179729308,0.000530159,2026-09-01T06:54:27.896595+00:00
PKGL-07014,,36.60823414,73.05625782,3994.0,9.930314167102331,0.000840472,2026-09-01T06:54:27.896595+00:00
PKGL-07015,,36.60825988,73.05473149,3994.0,9.794193168471494,0.000385832,2026-09-01T06:54:27.896595+00:00
PKGL-07016,,36.61137667,73.05089879,3967.0,9.467921335968844,0.000310164,2026-09-01T06:54:27.896595+00:00
PKGL-07017,,36.60721863,73.04184954,3923.0,8.642139180472903,0.000465595,2026-09-01T06:54:27.896595+00:00
PKGL-07018,,36.61061292,73.02912273,3814.0,7.522906168154304,0.000283287,2026-09-01T06:54:27.896595+00:00
PKGL-07019,,36.61067191,73.01298212,3680.0,6.0870663571664085,0.000264764,2026-09-01T06:54:27.896595+00:00
PKGL-07020,,36.60943,73.02671482,3792.0,7.300342800656426,0.000738879,2026-09-01T06:54:27.896595+00:00
PKGL-07021,,36.61132318,73.05455727,3991.0,9.79346040718912,0.000388467,2026-09-01T06:54:27.896595+00:00
PKGL-07022,,36.61642462,73.06421775,4067.0,10.70092136971086,0.000436014,2026-09-01T06:54:27.896595+00:00
PKGL-07023,,36.61628932,73.0645366,4067.0,10.72759189560444,0.000414835,2026-09-01T06:54:27.896595+00:00
PKGL-07024,,36.61615396,73.06466461,4068.0,10.73735422567924,5.5e-05,2026-09-01T06:54:27.896595+00:00
PKGL-07025,,36.56464107,72.99870211,3855.0,6.634330090474952,0.025622921,2026-09-01T06:54:27.896595+00:00
PKGL-07026,,36.55422435,73.0263264,4552.0,9.25802455864833,0.000876199,2026-09-01T06:54:27.896595+00:00
PKGL-07027,,36.55571513,73.02448585,4536.0,9.026261798763311,0.000256443,2026-09-01T06:54:27.896595+00:00
PKGL-07028,,36.54386173,72.99330262,4188.0,8.135052022577437,0.00491037,2026-09-01T06:54:27.896595+00:00
PKGL-07029,,36.54209645,72.99008924,4208.0,8.156958716549312,0.000457114,2026-09-01T06:54:27.896595+00:00
PKGL-07030,,36.532562,73.15297625,3367.0,6.412036709792777,0.001608803,2026-09-01T06:54:27.896595+00:00
PKGL-07031,,36.53921495,73.12514239,3637.0,8.974027468168284,0.000484511,2026-09-01T06:54:27.896595+00:00
PKGL-07032,,36.54019264,73.12105145,3655.0,9.352076428598297,0.000584324,2026-09-01T06:54:27.896595+00:00
PKGL-07033,,36.5435343,73.11596332,3716.0,9.919424817133418,0.000514487,2026-09-01T06:54:27.896595+00:00
PKGL-07034,,36.54252705,73.10073188,3872.0,11.128040056263805,0.000760843,2026-09-01T06:54:27.896595+00:00
PKGL-07035,,36.63155342,73.1273708,3617.0,16.057228357738623,0.001303389,2026-09-01T06:54:27.896595+00:00
PKGL-07036,,36.62979857,73.10235257,3915.0,14.288454549480557,0.000937621,2026-09-01T06:54:27.896595+00:00
PKGL-07037,,36.63000351,73.10263781,3915.0,14.317696405696877,0.000353296,2026-09-01T06:54:27.896595+00:00
PKGL-07038,,36.63073714,73.10319838,3911.0,14.382212815651076,0.000213562,2026-09-01T06:54:27.896595+00:00
PKGL-07039,,36.64264824,73.11735786,3926.0,15.91063018002648,0.000267964,2026-09-01T06:54:27.896595+00:00
PKGL-07040,,36.58325884,73.11806227,3923.0,12.301378031508769,0.000186807,2026-09-01T06:54:27.896595+00:00
PKGL-07041,,36.56426515,73.13961865,3488.0,9.450419060711445,0.000229545,2026-09-01T06:54:27.896595+00:00
PKGL-07042,,36.61036544,73.01090726,3670.0,5.899642818596744,6.98e-05,2026-09-01T06:54:27.896595+00:00
PKGL-07043,,36.6069691,73.04213829,3923.0,8.66750397009626,0.000426748,2026-09-01T06:54:27.896595+00:00
PKGL-07044,,36.63290258,73.14397462,3395.0,15.46940077603296,0.000850417,2026-09-01T06:54:27.896595+00:00
PKGL-07045,,36.63267587,73.14402209,3395.0,15.444954168132202,0.000186229,2026-09-01T06:54:27.896595+00:00
PKGL-07046,,36.57536724,73.10448714,3922.0,12.644623405036707,0.000405801,2026-09-01T06:54:27.896595+00:00
PKGL-07047,,36.57683358,73.10889827,3870.0,12.436932533021654,0.000156503,2026-09-01T06:54:27.896595+00:00
PKGL-07048,,36.57740443,73.10916862,3862.0,12.45852498037659,0.000339502,2026-09-01T06:54:27.896595+00:00
PKGL-07049,,36.57614591,73.11020762,3852.0,12.298009747243963,0.000799567,2026-09-01T06:54:27.896595+00:00
PKGL-07050,,36.5771118,73.11303626,3835.0,12.172931201239193,0.00285276,2026-09-01T06:54:27.896595+00:00
PKGL-07051,,36.57733121,73.11379835,3837.0,12.137113308929695,0.000433645,2026-09-01T06:54:27.896595+00:00
PKGL-07052,,36.57774686,73.11608493,3837.0,12.013709081850186,0.001615421,2026-09-01T06:54:27.896595+00:00
PKGL-07053,,36.57814295,73.11742522,3839.0,11.953842090603503,0.000522759,2026-09-01T06:54:27.896595+00:00
PKGL-07054,,36.58347427,73.11696231,3929.0,12.38858368722341,0.002306583,2026-09-01T06:54:27.896595+00:00
PKGL-07055,,36.57462655,73.12016327,3799.0,11.511052925057378,0.000843862,2026-09-01T06:54:27.896595+00:00
PKGL-07056,,36.57513278,73.11936179,3804.0,11.60196192409982,0.000260031,2026-09-01T06:54:27.896595+00:00
PKGL-07057,,36.57312061,73.1203783,3793.0,11.386390420922964,0.001020552,2026-09-01T06:54:27.896595+00:00
PKGL-07058,,36.57105345,73.12169396,3775.0,11.147554781158636,0.001232094,2026-09-01T06:54:27.896595+00:00
PKGL-07059,,36.56640672,73.12638567,3705.0,10.49435646001932,0.000750724,2026-09-01T06:54:27.896595+00:00
PKGL-07060,,36.54457313,73.0830256,3994.0,12.689476078756185,0.000381515,2026-09-01T06:54:27.896595+00:00
PKGL-07061,,36.54579314,73.09813417,3871.0,11.47910063165452,0.000581131,2026-09-01T06:54:27.896595+00:00
PKGL-07062,,36.54437723,73.10082677,3863.0,11.196660568235306,0.000507821,2026-09-01T06:54:27.896595+00:00
PKGL-07063,,36.54185152,73.10605939,3814.0,10.657877335477211,0.000567225,2026-09-01T06:54:27.896595+00:00
PKGL-07064,,36.54040563,73.11565252,3717.0,9.80417491714814,0.00071991,2026-09-01T06:54:27.896595+00:00
PKGL-07065,,36.54104396,73.11983012,3671.0,9.490281104039804,0.000210023,2026-09-01T06:54:27.896595+00:00
PKGL-07066,,36.54061856,73.12084855,3662.0,9.387908298367105,0.000524821,2026-09-01T06:54:27.896595+00:00
PKGL-07067,,36.5391941,73.12297723,3650.0,9.14984986569678,0.002468917,2026-09-01T06:54:27.896595+00:00
PKGL-07068,,36.54199208,73.12469438,3645.0,9.141052374244746,0.000994762,2026-09-01T06:54:27.896595+00:00
PKGL-07069,,36.54182111,73.12749481,3629.0,8.908143072995916,0.000962257,2026-09-01T06:54:27.896595+00:00
PKGL-07070,,36.54104781,73.1295983,3614.0,8.701600051677616,0.000356187,2026-09-01T06:54:27.896595+00:00
PKGL-07071,,36.60828449,73.01600631,3700.0,6.339550634552721,0.00048114,2026-09-01T06:54:27.896595+00:00
PKGL-07072,,36.60811794,73.00848637,3644.0,5.668137515872339,0.003494927,2026-09-01T06:54:27.896595+00:00
PKGL-07073,,36.54719276,73.09789151,3882.0,11.559697676254416,0.008051894,2026-09-01T06:54:27.896595+00:00
PKGL-07074,,36.62293308,73.22771298,4563.0,12.749554155712945,0.006432844,2026-09-01T06:54:27.896595+00:00
PKGL-07075,,36.62282625,73.22687163,4557.0,12.734501505778448,0.000152264,2026-09-01T06:54:27.896595+00:00
PKGL-07076,,36.61983398,73.22695952,4738.0,12.40236316867978,0.001940482,2026-09-01T06:54:27.896595+00:00
PKGL-07077,,36.61938972,73.2257057,4775.0,12.348886788069196,0.001621823,2026-09-01T06:54:27.896595+00:00
PKGL-07078,,36.59578245,73.24054585,5225.0,9.869192186298726,0.001174595,2026-09-01T06:54:27.896595+00:00
PKGL-07079,,36.59447288,73.24142347,5015.0,9.740050868286673,0.001255295,2026-09-01T06:54:27.896595+00:00
PKGL-07080,,35.39098057,72.68085835,4439.0,3.098477750803935,0.001654078,2026-09-01T06:54:27.896595+00:00
PKGL-07081,,35.39013912,72.6864861,4334.0,2.955207088934381,0.00255052,2026-09-01T06:54:27.896595+00:00
PKGL-07082,,35.25460894,72.68709646,3884.0,6.0286027366113295,0.004629541,2026-09-01T06:54:27.896595+00:00
PKGL-07083,,35.25365978,72.68675596,3887.0,5.939609190161677,0.002666199,2026-09-01T06:54:27.896595+00:00
PKGL-07084,,35.0959282,72.66907631,3613.0,1.5712277436319946,0.00455199,2026-09-01T06:54:27.896595+00:00
PKGL-07085,,35.11016707,72.69047193,3689.0,2.588071643602041,0.004224747,2026-09-01T06:54:27.896595+00:00
PKGL-07086,,35.15032293,72.70887058,3621.0,3.2726381675563463,0.002197355,2026-09-01T06:54:27.896595+00:00
PKGL-07087,,35.18713913,72.69758206,4009.0,5.939413593405803,0.000893462,2026-09-01T06:54:27.896595+00:00
PKGL-07088,,35.18718483,72.69699282,4020.0,5.904568962197753,5.02e-05,2026-09-01T06:54:27.896595+00:00
PKGL-07089,,35.19612545,72.71565254,3431.0,7.82614836370824,0.000739355,2026-09-01T06:54:27.896595+00:00
PKGL-07090,,35.21719512,72.71627523,3874.0,7.414981223547694,0.012572896,2026-09-01T06:54:27.896595+00:00
PKGL-07091,,35.2230472,72.70552926,4332.0,6.428269373691808,0.000700924,2026-09-01T06:54:27.896595+00:00
PKGL-07092,,35.22251598,72.70596448,4342.0,6.466219211162392,0.000371126,2026-09-01T06:54:27.896595+00:00
PKGL-07093,,35.33705777,72.73086505,4030.0,4.953005978666462,0.000864796,2026-09-01T06:54:27.896595+00:00
PKGL-07094,,35.33742877,72.72971579,4032.0,4.844769513161532,0.022157436,2026-09-01T06:54:27.896595+00:00
PKGL-07095,,35.34507956,72.73187152,4183.0,4.5610342893961935,0.002140159,2026-09-01T06:54:27.896595+00:00
PKGL-07096,,35.35423909,72.75029239,3726.0,5.834741492324109,0.004912446,2026-09-01T06:54:27.896595+00:00
PKGL-07097,,35.35167579,72.74762988,3728.0,5.657133019838304,0.016905304,2026-09-01T06:54:27.896595+00:00
PKGL-07098,,35.36820082,72.82067148,4361.0,12.134024025468989,0.004742114,2026-09-01T06:54:27.896595+00:00
PKGL-07099,,35.31190127,72.78718516,4333.0,10.753012814723062,0.003130022,2026-09-01T06:54:27.896595+00:00
PKGL-07100,,35.30935293,72.79381907,4391.0,11.41349744893972,0.015411931,2026-09-01T06:54:27.896595+00:00
PKGL-07101,,35.30970235,72.79830393,4352.0,11.74102283605088,0.00117233,2026-09-01T06:54:27.896595+00:00
PKGL-07102,,35.30794935,72.8027319,4266.0,12.10508785873451,0.002664689,2026-09-01T06:54:27.896595+00:00
PKGL-07103,,35.31245176,72.80002183,4312.0,11.723949267674422,0.000264291,2026-09-01T06:54:27.896595+00:00
PKGL-07104,,35.31131563,72.80025275,4305.0,11.804002381267445,0.004840559,2026-09-01T06:54:27.896595+00:00
PKGL-07105,,35.31037014,72.80039154,4312.0,11.867066643516477,0.002069585,2026-09-01T06:54:27.896595+00:00
PKGL-07106,,35.31402266,72.8096798,4168.0,12.383571869408817,0.000834051,2026-09-01T06:54:27.896595+00:00
PKGL-07107,,35.31207456,72.80632893,4197.0,12.247050160364786,0.058994481,2026-09-01T06:54:27.896595+00:00
PKGL-07108,,35.30448828,72.83290007,3899.0,10.564534789749898,0.002785453,2026-09-01T06:54:27.896595+00:00
PKGL-07109,,35.30402482,72.83830724,3910.0,10.359119456852651,0.00164352,2026-09-01T06:54:27.896595+00:00
PKGL-07110,,35.30452935,72.83747671,3902.0,10.435310800808493,0.01028975,2026-09-01T06:54:27.896595+00:00
PKGL-07111,,35.30389422,72.83620153,3912.0,10.403991487889291,0.003465395,2026-09-01T06:54:27.896595+00:00
PKGL-07112,,35.30100294,72.83421186,3912.0,10.159600229565877,0.022625711,2026-09-01T06:54:27.896595+00:00
PKGL-07113,,35.26563024,72.78083227,4231.0,10.03224037704712,0.002275673,2026-09-01T06:54:27.896595+00:00
PKGL-07114,,35.25173304,72.80671646,4031.0,7.21982289763554,0.023870399,2026-09-01T06:54:27.896595+00:00
PKGL-07115,,35.23062587,72.78606374,3417.0,8.026053229847278,0.075352339,2026-09-01T06:54:27.896595+00:00
PKGL-07116,,35.21838176,72.78805153,3412.0,7.667034896306668,0.00076982,2026-09-01T06:54:27.896595+00:00
PKGL-07117,,35.12587144,72.7933514,3691.0,6.084950287557112,0.049570408,2026-09-01T06:54:27.896595+00:00
PKGL-07118,,35.2765681,72.86352778,3877.0,6.88090936328927,0.002706429,2026-09-01T06:54:27.896595+00:00
PKGL-07119,,35.27632032,72.86258931,3884.0,6.864035236600854,0.014967262,2026-09-01T06:54:27.896595+00:00
PKGL-07120,,35.2745997,72.86095631,3968.0,6.695678470709872,0.000225185,2026-09-01T06:54:27.896595+00:00
PKGL-07121,,35.14750962,72.73652901,3742.0,3.482964751783254,0.034089339,2026-09-01T06:54:27.896595+00:00
PKGL-07122,,35.16441681,72.75159198,4006.0,5.807401561404251,0.003648413,2026-09-01T06:54:27.896595+00:00
PKGL-07123,,35.16529444,72.73495096,4133.0,5.1963287096672826,0.003102483,2026-09-01T06:54:27.896595+00:00
PKGL-07124,,35.16741866,72.74578689,4257.0,5.816945732632998,0.001167972,2026-09-01T06:54:27.896595+00:00
PKGL-07125,,35.18087372,72.73366807,4102.0,6.820502160006846,0.01779021,2026-09-01T06:54:27.896595+00:00
PKGL-07126,,35.25427422,72.73502518,4272.0,9.816676727257263,0.003713387,2026-09-01T06:54:27.896595+00:00
PKGL-07127,,35.24515097,72.74000048,4093.0,9.918653931596351,0.010477325,2026-09-01T06:54:27.896595+00:00
PKGL-07128,,35.24810429,72.73125237,4098.0,9.256342444243003,0.003372878,2026-09-01T06:54:27.896595+00:00
PKGL-07129,,35.25289644,72.73453977,4263.0,9.719320636649254,0.001120311,2026-09-01T06:54:27.896595+00:00
PKGL-07130,,35.21804586,72.69763744,4045.0,5.719260672224254,0.003900005,2026-09-01T06:54:27.896595+00:00
PKGL-07131,,35.39515353,72.7039149,4311.0,3.8335143074449993,0.006560622,2026-09-01T06:54:27.896595+00:00
PKGL-07132,,35.39547531,72.70178877,4337.0,3.793884479568057,0.001250891,2026-09-01T06:54:27.896595+00:00
PKGL-07133,,35.3920899,72.69733586,4078.0,3.3079515924539664,0.002737548,2026-09-01T06:54:27.896595+00:00
PKGL-07134,,35.16434351,72.7203885,4047.0,4.798681681131423,0.001244653,2026-09-01T06:54:27.896595+00:00
PKGL-07135,,35.25362698,72.73038474,4276.0,9.399412896650505,0.00041982,2026-09-01T06:54:27.896595+00:00
PKGL-07136,,35.2982397,72.78797404,3902.0,11.692257643124064,0.000557731,2026-09-01T06:54:27.896595+00:00
PKGL-07137,,35.13856413,72.76320146,3954.0,4.416918967624249,0.001001087,2026-09-01T06:54:27.896595+00:00
PKGL-07138,,35.16317262,72.76900076,3346.0,6.733748680815042,0.00020436,2026-09-01T06:54:27.896595+00:00
PKGL-07139,,35.16280675,72.76898204,3347.0,6.704508579907808,0.000496163,2026-09-01T06:54:27.896595+00:00
PKGL-07140,,34.62276089,75.24369919,4129.0,9.572514560512207,0.001401334,2026-09-01T06:54:27.896595+00:00
PKGL-07141,,34.62309721,75.25430322,4275.0,9.65863363619802,0.006923678,2026-09-01T06:54:27.896595+00:00
PKGL-07142,,34.62383857,75.25018426,4259.0,9.710398745198017,0.005383673,2026-09-01T06:54:27.896595+00:00
PKGL-07143,,34.64139865,75.22923535,4294.0,11.7201813440018,0.011760933,2026-09-01T06:54:27.896595+00:00
PKGL-07144,,34.64223579,75.23307225,4290.0,11.7784216433634,0.003071283,2026-09-01T06:54:27.896595+00:00
PKGL-07145,,34.64455202,75.23419404,4278.0,12.027228437994337,0.003154006,2026-09-01T06:54:27.896595+00:00
PKGL-07146,,34.62487385,75.28930151,3886.0,10.482546488869254,0.000960631,2026-09-01T06:54:27.896595+00:00
PKGL-07147,,34.63824978,75.33395857,4377.0,12.9813555650609,0.005745477,2026-09-01T06:54:27.896595+00:00
PKGL-07148,,34.62484885,75.35635456,4482.0,12.671029247932411,0.007814271,2026-09-01T06:54:27.896595+00:00
PKGL-07149,,34.62649569,75.36020266,4430.0,13.023206319227404,0.0108124,2026-09-01T06:54:27.896595+00:00
PKGL-07150,,34.62871825,75.36126727,4432.0,13.281154357736336,0.003020037,2026-09-01T06:54:27.896595+00:00
PKGL-07151,,34.62241852,75.36711896,4494.0,13.044541070412034,0.000713996,2026-09-01T06:54:27.896595+00:00
PKGL-07152,,34.62927867,75.2894718,3832.0,10.971448699344256,0.000410906,2026-09-01T06:54:27.896595+00:00
PKGL-07153,,34.60650589,75.34765556,3879.0,10.552642222359312,0.000407435,2026-09-01T06:54:27.896595+00:00
PKGL-07154,,34.6410761,75.33359835,4329.0,13.25762260818872,0.013231374,2026-09-01T06:54:27.896595+00:00
PKGL-07155,,34.64404111,75.34191157,4527.0,13.867388120381326,0.003777558,2026-09-01T06:54:27.896595+00:00
PKGL-07156,,34.64455562,75.34401328,4525.0,14.001554723631378,0.010323034,2026-09-01T06:54:27.896595+00:00
PKGL-07157,,34.64405644,75.34520889,4528.0,13.999536119981826,0.002386042,2026-09-01T06:54:27.896595+00:00
PKGL-07158,,34.64019953,75.35426877,4488.0,14.012051753248112,0.000576178,2026-09-01T06:54:27.896595+00:00
PKGL-07159,,34.6397336,75.35529641,4484.0,14.014674399937322,0.000168914,2026-09-01T06:54:27.896595+00:00
PKGL-07160,,34.63933887,75.35475442,4488.0,13.951712936842137,0.000129907,2026-09-01T06:54:27.896595+00:00
PKGL-07161,,34.65139583,75.36951877,3980.0,15.589811289195191,0.125373022,2026-09-01T06:54:27.896595+00:00
PKGL-07162,,34.65414528,75.36878103,3989.0,15.640382696862632,0.008702045,2026-09-01T06:54:27.896595+00:00
PKGL-07163,,34.65568988,75.36940886,3987.0,15.576184668069056,0.021730371,2026-09-01T06:54:27.896595+00:00
PKGL-07164,,34.64975483,75.33819413,4395.0,14.310154831998007,0.004676092,2026-09-01T06:54:27.896595+00:00
PKGL-07165,,34.66211836,75.34071137,4501.0,15.670076116809067,0.013397775,2026-09-01T06:54:27.896595+00:00
PKGL-07166,,34.69339819,75.26371157,4328.0,17.522790175892215,0.01791846,2026-09-01T06:54:27.896595+00:00
PKGL-07167,,34.69407748,75.2585281,4402.0,17.554939301939044,0.014244975,2026-09-01T06:54:27.896595+00:00
PKGL-07168,,34.70079727,75.25537681,4428.0,18.280912158411507,0.013612598,2026-09-01T06:54:27.896595+00:00
PKGL-07169,,34.70146509,75.25944523,4408.0,18.38043776073428,0.020902871,2026-09-01T06:54:27.896595+00:00
PKGL-07170,,34.70875242,75.24853278,4372.0,17.96669671660071,0.014388583,2026-09-01T06:54:27.896595+00:00
PKGL-07171,,34.70650799,75.24926667,4366.0,18.153242039848163,0.014382153,2026-09-01T06:54:27.896595+00:00
PKGL-07172,,34.71239078,75.25911001,4433.0,18.6079574441166,0.008612371,2026-09-01T06:54:27.896595+00:00
PKGL-07173,,34.71344705,75.26069869,4437.0,18.68096833728046,0.002768704,2026-09-01T06:54:27.896595+00:00
PKGL-07174,,34.68185485,75.32922899,4443.0,17.41532145387739,0.010584424,2026-09-01T06:54:27.896595+00:00
PKGL-07175,,34.67155473,75.35675967,4516.0,16.769012503270954,0.001929652,2026-09-01T06:54:27.896595+00:00
PKGL-07176,,34.69303081,75.37491594,4576.0,15.49205989616915,0.007455957,2026-09-01T06:54:27.896595+00:00
PKGL-07177,,34.65256375,75.41169613,4350.0,11.73208150826775,0.007346367,2026-09-01T06:54:27.896595+00:00
PKGL-07178,,34.64348576,75.41869473,4635.0,11.218616921704134,0.009370072,2026-09-01T06:54:27.896595+00:00
PKGL-07179,,34.6297435,75.41728318,4783.0,11.697177729068612,0.001957992,2026-09-01T06:54:27.896595+00:00
PKGL-07180,,34.60678455,75.42336741,4618.0,12.190743406929952,0.085381003,2026-09-01T06:54:27.896595+00:00
PKGL-07181,,34.59301004,75.4211004,4621.0,13.179049634795325,0.019958754,2026-09-01T06:54:27.896595+00:00
PKGL-07182,,34.58037529,75.45805983,4684.0,11.61081608990813,0.003362109,2026-09-01T06:54:27.896595+00:00
PKGL-07183,,34.71918964,75.34427532,4268.0,19.019373735646376,0.005025913,2026-09-01T06:54:27.896595+00:00
PKGL-07184,,34.74217346,75.37471714,3515.0,17.605849069050095,0.000515585,2026-09-01T06:54:27.896595+00:00
PKGL-07185,,34.61224956,75.40033601,4454.0,13.819995916665926,0.079884629,2026-09-01T06:54:27.896595+00:00
PKGL-07186,,34.60222341,75.40766084,4714.0,13.695066259364785,0.001960875,2026-09-01T06:54:27.896595+00:00
PKGL-07187,,34.59568297,75.40251161,4671.0,13.498675859386756,0.001047152,2026-09-01T06:54:27.896595+00:00
PKGL-07188,,34.59528617,75.40233405,4670.0,13.461485861542128,0.000162057,2026-09-01T06:54:27.896595+00:00
PKGL-07189,,34.5488329,75.40536001,4666.0,11.858482939586953,0.017239558,2026-09-01T06:54:27.896595+00:00
PKGL-07190,,34.55548258,75.38900072,4504.0,10.549061910751782,0.003418909,2026-09-01T06:54:27.896595+00:00
PKGL-07191,,34.55080088,75.39421517,4689.0,10.895021839246136,0.000394063,2026-09-01T06:54:27.896595+00:00
PKGL-07192,,34.69898904,75.37580964,4495.0,15.581523968367256,0.005537143,2026-09-01T06:54:27.896595+00:00
PKGL-07193,,34.68392143,75.3191241,4330.0,17.412143183455704,0.008514087,2026-09-01T06:54:27.896595+00:00
PKGL-07194,,34.73391833,75.26628566,4231.0,18.212392866512783,0.004769097,2026-09-01T06:54:27.896595+00:00
PKGL-07195,,34.82116991,75.32787511,4362.0,22.89952363576081,0.015269415,2026-09-01T06:54:27.896595+00:00
PKGL-07196,,34.83263982,75.31932679,4510.0,22.35136210346152,0.010068032,2026-09-01T06:54:27.896595+00:00
PKGL-07197,,34.8341518,75.32214486,4505.0,22.63764452000949,0.018630971,2026-09-01T06:54:27.896595+00:00
PKGL-07198,,34.83578112,75.32228241,4504.0,22.688286810485348,0.00023824,2026-09-01T06:54:27.896595+00:00
PKGL-07199,,34.83623549,75.32076622,4527.0,22.564191213752327,0.001111,2026-09-01T06:54:27.896595+00:00
PKGL-07200,,34.84492206,75.31817423,4231.0,22.566840543475365,0.030734136,2026-09-01T06:54:27.896595+00:00
PKGL-07201,,34.84926338,75.33113823,4423.0,23.83549598191114,0.004155575,2026-09-01T06:54:27.896595+00:00
PKGL-07202,,34.85481945,75.33337463,4318.0,24.20370345499303,0.053588818,2026-09-01T06:54:27.896595+00:00
PKGL-07203,,34.85577243,75.32472957,4322.0,23.48163399917962,0.012308021,2026-09-01T06:54:27.896595+00:00
PKGL-07204,,34.86004034,75.32474454,4276.0,23.631013416347287,0.005089006,2026-09-01T06:54:27.896595+00:00
PKGL-07205,,34.86211338,75.3378701,4241.0,24.839757081772536,0.010373347,2026-09-01T06:54:27.896595+00:00
PKGL-07206,,34.86730156,75.34987105,4017.0,26.061356678122,0.001150474,2026-09-01T06:54:27.896595+00:00
PKGL-07207,,34.86693186,75.34974118,4015.0,26.036929589948173,0.00011546,2026-09-01T06:54:27.896595+00:00
PKGL-07208,,34.87052553,75.35401832,4012.0,26.53586409405741,8.01e-05,2026-09-01T06:54:27.896595+00:00
PKGL-07209,,34.8349232,75.36314671,4320.0,25.23223246919468,0.023847218,2026-09-01T06:54:27.896595+00:00
PKGL-07210,,34.82962209,75.36408885,4323.0,24.72608705308859,0.070295409,2026-09-01T06:54:27.896595+00:00
PKGL-07211,,34.824894,75.3625837,4333.0,24.41949959266768,0.043582901,2026-09-01T06:54:27.896595+00:00
PKGL-07212,,34.8260477,75.36375856,4336.0,24.44498567970299,0.000103457,2026-09-01T06:54:27.896595+00:00
PKGL-07213,,34.8319985,75.37135185,4369.0,24.50599988011364,0.0196344,2026-09-01T06:54:27.896595+00:00
PKGL-07214,,34.83128278,75.37522314,4388.0,24.22322136853754,0.00918315,2026-09-01T06:54:27.896595+00:00
PKGL-07215,,34.8314452,75.37414044,4388.0,24.298810241863663,0.002068165,2026-09-01T06:54:27.896595+00:00
PKGL-07216,,34.82825912,75.37087383,4386.0,24.21161131232617,0.006840481,2026-09-01T06:54:27.896595+00:00
PKGL-07217,,34.8228742,75.37305951,4475.0,23.62417325238719,0.003794224,2026-09-01T06:54:27.896595+00:00
PKGL-07218,,34.81803261,75.3739581,4478.0,23.16153545779653,0.01092495,2026-09-01T06:54:27.896595+00:00
PKGL-07219,,34.81093938,75.39356127,4549.0,21.410784760481725,0.034374726,2026-09-01T06:54:27.896595+00:00
PKGL-07220,,34.81068446,75.40105343,4326.0,20.96827975321604,0.055520389,2026-09-01T06:54:27.896595+00:00
PKGL-07221,,34.81390674,75.4014313,4329.0,21.234290638837724,0.00562164,2026-09-01T06:54:27.896595+00:00
PKGL-07222,,34.80499767,75.40880073,4393.0,20.03783313807686,0.004512461,2026-09-01T06:54:27.896595+00:00
PKGL-07223,,34.8048753,75.41413102,4428.0,19.740050622689647,0.01345025,2026-09-01T06:54:27.896595+00:00
PKGL-07224,,34.82427152,75.38244552,4315.0,23.2028014096904,0.235989965,2026-09-01T06:54:27.896595+00:00
PKGL-07225,,34.82735958,75.35037645,4329.0,25.033579370891843,0.034410333,2026-09-01T06:54:27.896595+00:00
PKGL-07226,,34.88130598,75.32051858,4046.0,24.141148274873217,0.001018207,2026-09-01T06:54:27.896595+00:00
PKGL-07227,,34.88827397,75.35527986,4024.0,27.355970531951453,0.009691805,2026-09-01T06:54:27.896595+00:00
PKGL-07228,,34.88973272,75.3564483,4023.0,27.517791210615,0.001963976,2026-09-01T06:54:27.896595+00:00
PKGL-07229,,34.89123926,75.35277875,4037.0,27.27813347054685,0.000457228,2026-09-01T06:54:27.896595+00:00
PKGL-07230,,34.89029182,75.3593767,4017.0,27.78774091726876,0.000171116,2026-09-01T06:54:27.896595+00:00
PKGL-07231,,34.80809562,75.35612704,4290.0,23.47228992609087,0.00213709,2026-09-01T06:54:27.896595+00:00
PKGL-07232,,34.80703806,75.35344455,4300.0,23.566559493505213,0.003014634,2026-09-01T06:54:27.896595+00:00
PKGL-07233,,34.87368083,75.30166201,4086.0,22.2245323783674,0.000344288,2026-09-01T06:54:27.896595+00:00
PKGL-07234,,34.75474555,75.49558286,4666.0,11.239273506634014,0.00425681,2026-09-01T06:54:27.896595+00:00
PKGL-07235,,34.75137101,75.49713361,4680.0,10.83819243340874,0.000900803,2026-09-01T06:54:27.896595+00:00
PKGL-07236,,34.75638251,75.48428843,4780.0,11.813140107703466,0.009442823,2026-09-01T06:54:27.896595+00:00
PKGL-07237,,34.77207993,75.48544464,4702.0,13.37175774402518,0.002264,2026-09-01T06:54:27.896595+00:00
PKGL-07238,,34.77111419,75.48536808,4692.0,13.274686090937625,0.000770857,2026-09-01T06:54:27.896595+00:00
PKGL-07239,,34.77495638,75.48025586,4629.0,13.84817554384421,0.109134247,2026-09-01T06:54:27.896595+00:00
PKGL-07240,,34.77852765,75.49239801,4507.0,13.828908965985775,0.064720268,2026-09-01T06:54:27.896595+00:00
PKGL-07241,,34.7590836,75.42976991,4482.0,14.875758668265034,0.019164208,2026-09-01T06:54:27.896595+00:00
PKGL-07242,,34.7765261,75.46299478,4601.0,14.692028753995686,0.018379818,2026-09-01T06:54:27.896595+00:00
PKGL-07243,,34.8028507,75.50045136,4578.0,16.242157285614045,0.003058257,2026-09-01T06:54:27.896595+00:00
PKGL-07244,,34.84088642,75.43339676,4407.0,22.29504256938792,0.002362655,2026-09-01T06:54:27.896595+00:00
PKGL-07245,,34.84315394,75.43569773,4391.0,22.4324813484354,0.001065866,2026-09-01T06:54:27.896595+00:00
PKGL-07246,,34.82860234,75.43924686,4582.0,20.833262802475183,0.006999379,2026-09-01T06:54:27.896595+00:00
PKGL-07247,,34.81277892,75.43715885,4540.0,19.360921502395755,0.055947132,2026-09-01T06:54:27.896595+00:00
PKGL-07248,,34.80659153,75.42105679,4501.0,19.53772275402186,0.012820356,2026-09-01T06:54:27.896595+00:00
PKGL-07249,,34.80335468,75.42289922,4510.0,19.14505338812431,0.001262552,2026-09-01T06:54:27.896595+00:00
PKGL-07250,,34.80422103,75.42285883,4508.0,19.227145737545207,0.000286858,2026-09-01T06:54:27.896595+00:00
PKGL-07251,,34.79876824,75.4261731,4600.0,18.5550587495778,0.017740542,2026-09-01T06:54:27.896595+00:00
PKGL-07252,,34.7925335,75.43616778,4528.0,17.473898979874985,0.007265357,2026-09-01T06:54:27.896595+00:00
PKGL-07253,,34.78564826,75.43747397,4708.0,16.7685867195096,0.002042695,2026-09-01T06:54:27.896595+00:00
PKGL-07254,,34.83958089,75.44803148,4454.0,21.61253035579024,0.001035501,2026-09-01T06:54:27.896595+00:00
PKGL-07255,,34.91019908,75.53462095,4564.0,19.229915120194327,0.009952488,2026-09-01T06:54:27.896595+00:00
PKGL-07256,,34.90892976,75.52572908,4449.0,19.754044440717028,0.002472795,2026-09-01T06:54:27.896595+00:00
PKGL-07257,,34.90761393,75.52664409,4446.0,19.596540085446364,0.005018569,2026-09-01T06:54:27.896595+00:00
PKGL-07258,,34.92010478,75.51845949,4407.0,21.0639607933226,0.004212953,2026-09-01T06:54:27.896595+00:00
PKGL-07259,,34.92267746,75.51837492,4360.0,21.258824086625665,0.03609232,2026-09-01T06:54:27.896595+00:00
PKGL-07260,,34.93531672,75.54475354,4437.0,20.567766187117257,0.071742949,2026-09-01T06:54:27.896595+00:00
PKGL-07261,,34.93145885,75.54469664,4462.0,20.249079035262653,0.019258275,2026-09-01T06:54:27.896595+00:00
PKGL-07262,,34.92786748,75.54940889,4497.0,19.665182596451203,0.018504167,2026-09-01T06:54:27.896595+00:00
PKGL-07263,,34.93156464,75.54803618,4487.0,20.05656790674341,0.002537925,2026-09-01T06:54:27.896595+00:00
PKGL-07264,,34.96476305,75.54514662,4412.0,23.120284772004865,0.142460277,2026-09-01T06:54:27.896595+00:00
PKGL-07265,,34.98648601,75.553413,4269.0,21.97298358896483,0.181243721,2026-09-01T06:54:27.896595+00:00
PKGL-07266,,34.96857007,75.53248846,4358.0,24.145181897796608,0.017095795,2026-09-01T06:54:27.896595+00:00
PKGL-07267,,34.96964898,75.51682818,4271.0,24.82481101940226,0.050600483,2026-09-01T06:54:27.896595+00:00
PKGL-07268,,34.96937049,75.51885054,4274.0,24.78535735460179,0.000664663,2026-09-01T06:54:27.896595+00:00
PKGL-07269,,34.96166178,75.53203459,4385.0,23.56348491791843,0.062830481,2026-09-01T06:54:27.896595+00:00
PKGL-07270,,35.01270502,75.53738761,4169.0,19.68424021219364,0.008327688,2026-09-01T06:54:27.896595+00:00
PKGL-07271,,35.0306211,75.51748815,3987.0,18.67853320585305,0.008745574,2026-09-01T06:54:27.896595+00:00
PKGL-07272,,35.03153087,75.51712176,3987.0,18.60716408829877,0.001381345,2026-09-01T06:54:27.896595+00:00
PKGL-07273,,34.85949789,75.65921978,4663.0,7.732945889931915,0.000460204,2026-09-01T06:54:27.896595+00:00
PKGL-07274,,34.86028636,75.66200027,4607.0,7.71912666176489,0.013039688,2026-09-01T06:54:27.896595+00:00
PKGL-07275,,34.85969305,75.66236721,4614.0,7.645538413579191,0.000221952,2026-09-01T06:54:27.896595+00:00
PKGL-07276,,34.86708346,75.65882343,4669.0,8.528600769185285,0.034114211,2026-09-01T06:54:27.896595+00:00
PKGL-07277,,34.86587753,75.65684167,4674.0,8.471056482944329,0.000736366,2026-09-01T06:54:27.896595+00:00
PKGL-07278,,34.87254946,75.65258595,4680.0,9.305332696935876,0.065240861,2026-09-01T06:54:27.896595+00:00
PKGL-07279,,34.88363792,75.66785768,4678.0,10.053513037465736,0.029790492,2026-09-01T06:54:27.896595+00:00
PKGL-07280,,34.88364138,75.67000546,4674.0,10.012180956358574,0.003729439,2026-09-01T06:54:27.896595+00:00
PKGL-07281,,34.89058555,75.66814191,4702.0,10.802774612872597,0.066490788,2026-09-01T06:54:27.896595+00:00
PKGL-07282,,34.89869842,75.65132786,4582.0,12.07140464040416,0.010899592,2026-09-01T06:54:27.896595+00:00
PKGL-07283,,34.9026515,75.6511359,4569.0,12.495299563365773,0.003853967,2026-09-01T06:54:27.896595+00:00
PKGL-07284,,34.90310257,75.65065611,4568.0,12.556327971639533,0.000380121,2026-09-01T06:54:27.896595+00:00
PKGL-07285,,34.90365481,75.65069592,4568.0,12.613766606664983,0.000371663,2026-09-01T06:54:27.896595+00:00
PKGL-07286,,34.9085991,75.66181637,4712.0,12.882353099195807,0.001105128,2026-09-01T06:54:27.896595+00:00
PKGL-07287,,34.90825295,75.6650264,4733.0,12.78449375331066,0.00032319,2026-09-01T06:54:27.896595+00:00
PKGL-07288,,34.92426637,75.66070344,4700.0,14.607836971149302,0.041149239,2026-09-01T06:54:27.896595+00:00
PKGL-07289,,34.9233744,75.6558939,4696.0,14.604207037309155,0.007491067,2026-09-01T06:54:27.896595+00:00
PKGL-07290,,34.93759555,75.67625817,4748.0,15.870074254854394,0.00192395,2026-09-01T06:54:27.896595+00:00
PKGL-07291,,34.93870831,75.67723965,4734.0,15.98532469284858,0.00014053,2026-09-01T06:54:27.896595+00:00
PKGL-07292,,34.92772619,75.68278962,4805.0,14.73053067343274,0.001546746,2026-09-01T06:54:27.896595+00:00
PKGL-07293,,34.89851042,75.63444641,4645.0,12.61502908743374,0.003538298,2026-09-01T06:54:27.896595+00:00
PKGL-07294,,34.89883702,75.63629276,4649.0,12.578588110866937,0.002326948,2026-09-01T06:54:27.896595+00:00
PKGL-07295,,34.89830929,75.63667005,4648.0,12.510987599044778,0.000934241,2026-09-01T06:54:27.896595+00:00
PKGL-07296,,34.89732241,75.62992947,4585.0,12.674940417546924,0.024506305,2026-09-01T06:54:27.896595+00:00
PKGL-07297,,34.89545281,75.61671744,4547.0,13.08333022975599,0.12659861,2026-09-01T06:54:27.896595+00:00
PKGL-07298,,34.88885923,75.61768892,4557.0,12.417693977442708,0.036300492,2026-09-01T06:54:27.896595+00:00
PKGL-07299,,34.93562494,75.63546023,4788.0,16.424003052401254,0.003832579,2026-09-01T06:54:27.896595+00:00
PKGL-07300,,34.93494342,75.63366573,4803.0,16.404802961211914,0.01057894,2026-09-01T06:54:27.896595+00:00
PKGL-07301,,34.93347281,75.63201868,4845.0,16.300433388301116,0.000943451,2026-09-01T06:54:27.896595+00:00
PKGL-07302,,34.94995338,75.63454003,4700.0,17.967059900942083,0.000531079,2026-09-01T06:54:27.896595+00:00
PKGL-07303,,34.96516398,75.65679254,4644.0,19.144063163833174,0.004063899,2026-09-01T06:54:27.896595+00:00
PKGL-07304,,34.99649012,75.70710192,4610.0,14.218614795572782,0.046967055,2026-09-01T06:54:27.896595+00:00
PKGL-07305,,34.99246794,75.71855498,4781.0,14.258313890934591,0.000918227,2026-09-01T06:54:27.896595+00:00
PKGL-07306,,34.99387544,75.7300285,4816.0,13.803186353956896,0.005127931,2026-09-01T06:54:27.896595+00:00
PKGL-07307,,34.99386118,75.73148669,4803.0,13.770866514915346,0.000165609,2026-09-01T06:54:27.896595+00:00
PKGL-07308,,34.99410338,75.73352797,4796.0,13.699336758108505,0.001076981,2026-09-01T06:54:27.896595+00:00
PKGL-07309,,34.99156569,75.73958547,4694.0,13.855132977754968,0.004026516,2026-09-01T06:54:27.896595+00:00
PKGL-07310,,34.99150505,75.74331564,4677.0,13.7993125674732,0.000707186,2026-09-01T06:54:27.896595+00:00
PKGL-07311,,34.99125321,75.74480704,4681.0,13.804246245924864,0.000167673,2026-09-01T06:54:27.896595+00:00
PKGL-07312,,34.99443713,75.75373583,4613.0,13.34394158418836,0.024703578,2026-09-01T06:54:27.896595+00:00
PKGL-07313,,34.9858604,75.76217762,4737.0,14.236491087695828,0.00070407,2026-09-01T06:54:27.896595+00:00
PKGL-07314,,34.98584308,75.76290847,4734.0,14.23550325239713,0.000331998,2026-09-01T06:54:27.896595+00:00
PKGL-07315,,34.98420762,75.76278491,4731.0,14.417668697267288,0.015063928,2026-09-01T06:54:27.896595+00:00
PKGL-07316,,34.98354555,75.7672395,4802.0,14.480073337062036,0.000227677,2026-09-01T06:54:27.896595+00:00
PKGL-07317,,35.00477873,75.76677497,4680.0,12.120064289250765,0.090535377,2026-09-01T06:54:27.896595+00:00
PKGL-07318,,35.00463535,75.77949102,4737.0,12.168470329705135,0.00431599,2026-09-01T06:54:27.896595+00:00
PKGL-07319,,35.0046017,75.80649584,4804.0,12.04791123289485,0.00072475,2026-09-01T06:54:27.896595+00:00
PKGL-07320,,35.00575276,75.80549695,4795.0,11.949545450057064,0.000326745,2026-09-01T06:54:27.896595+00:00
PKGL-07321,,35.00287523,75.80392999,4829.0,12.296637092374196,0.000240979,2026-09-01T06:54:27.896595+00:00
PKGL-07322,,35.00345122,75.80435965,4833.0,12.22418733601658,0.000428784,2026-09-01T06:54:27.896595+00:00
PKGL-07323,,35.02725944,75.77790815,4719.0,9.649195595398153,0.00367507,2026-09-01T06:54:27.896595+00:00
PKGL-07324,,35.02727669,75.7789233,4721.0,9.655148352247608,6.19e-05,2026-09-01T06:54:27.896595+00:00
PKGL-07325,,35.01309745,75.75300498,4562.0,11.291615422229665,0.001179251,2026-09-01T06:54:27.896595+00:00
PKGL-07326,,35.0225739,75.73149914,4736.0,10.709325027512389,0.003113736,2026-09-01T06:54:27.896595+00:00
PKGL-07327,,35.02717448,75.72540578,4644.0,10.426360930507196,0.133096576,2026-09-01T06:54:27.896595+00:00
PKGL-07328,,35.0271839,75.71673022,4640.0,10.753266021272529,0.016858559,2026-09-01T06:54:27.896595+00:00
PKGL-07329,,35.02988106,75.70773139,4488.0,10.884275548909386,0.033161582,2026-09-01T06:54:27.896595+00:00
PKGL-07330,,35.05873209,75.70942684,4494.0,8.197603928923826,0.004880967,2026-09-01T06:54:27.896595+00:00
PKGL-07331,,35.06008246,75.70888139,4476.0,8.119689640804053,0.00355478,2026-09-01T06:54:27.896595+00:00
PKGL-07332,,34.91370009,75.61722,4636.0,14.824264708853326,0.082718838,2026-09-01T06:54:27.896595+00:00
PKGL-07333,,34.9143858,75.58309097,4564.0,16.557442218307617,0.039974191,2026-09-01T06:54:27.896595+00:00
PKGL-07334,,34.91652338,75.58663261,4572.0,16.55749353567519,0.015228878,2026-09-01T06:54:27.896595+00:00
PKGL-07335,,34.92198562,75.58520483,4471.0,17.128698289523218,0.006067081,2026-09-01T06:54:27.896595+00:00
PKGL-07336,,34.93215042,75.56183718,4631.0,19.304761043414363,0.004831401,2026-09-01T06:54:27.896595+00:00
PKGL-07337,,34.91490171,75.55685117,4467.0,18.141912110688647,0.001796585,2026-09-01T06:54:27.896595+00:00
PKGL-07338,,34.90434226,75.58450912,4672.0,15.59852594246268,0.005232105,2026-09-01T06:54:27.896595+00:00
PKGL-07339,,34.88783148,75.60443614,4614.0,13.029900438331238,0.00667008,2026-09-01T06:54:27.896595+00:00
PKGL-07340,,34.82574365,75.59866592,4379.0,9.18877461233338,0.020933014,2026-09-01T06:54:27.896595+00:00
PKGL-07341,,34.90829462,75.68482324,4746.0,12.562789225783709,0.039677687,2026-09-01T06:54:27.896595+00:00
PKGL-07342,,34.91047534,75.68008843,4758.0,12.835263520634657,0.001521658,2026-09-01T06:54:27.896595+00:00
PKGL-07343,,34.96164015,75.65218063,4653.0,18.83526590787145,0.104625336,2026-09-01T06:54:27.896595+00:00
PKGL-07344,,34.94724108,75.62540395,4573.0,17.94514982569052,0.00374747,2026-09-01T06:54:27.896595+00:00
PKGL-07345,,34.93131302,75.61520678,4729.0,16.662059616062702,0.011372618,2026-09-01T06:54:27.896595+00:00
PKGL-07346,,34.92824582,75.61775405,4764.0,16.254953356852997,0.004365641,2026-09-01T06:54:27.896595+00:00
PKGL-07347,,34.94925774,75.60091843,4593.0,19.023902513332764,0.011322743,2026-09-01T06:54:27.896595+00:00
PKGL-07348,,34.95005691,75.6057291,4616.0,18.916360514676764,0.011034721,2026-09-01T06:54:27.896595+00:00
PKGL-07349,,34.96213526,75.60613839,4525.0,20.129661998884544,0.019683687,2026-09-01T06:54:27.896595+00:00
PKGL-07350,,34.92366642,75.59856633,4541.0,16.62344673253398,0.144411216,2026-09-01T06:54:27.896595+00:00
PKGL-07351,,34.94654238,75.5920622,4558.0,19.126002957195272,0.252931783,2026-09-01T06:54:27.896595+00:00
PKGL-07352,,34.88697422,75.69645864,4600.0,10.180413811809515,0.088478976,2026-09-01T06:54:27.896595+00:00
PKGL-07353,,34.89299373,75.71242251,4589.0,10.996808556024524,0.185004181,2026-09-01T06:54:27.896595+00:00
PKGL-07354,,34.89070497,75.71880829,4584.0,10.86062865976104,0.0318692,2026-09-01T06:54:27.896595+00:00
PKGL-07355,,34.89125094,75.70492825,4605.0,10.71091741755378,0.003342031,2026-09-01T06:54:27.896595+00:00
PKGL-07356,,34.88280741,75.6797781,4619.0,9.777350672399828,0.141599875,2026-09-01T06:54:27.896595+00:00
PKGL-07357,,34.87552492,75.67968238,4758.0,8.974771921967871,0.022928282,2026-09-01T06:54:27.896595+00:00
PKGL-07358,,34.87636737,75.68245473,4792.0,9.038970375579126,0.000472616,2026-09-01T06:54:27.896595+00:00
PKGL-07359,,34.87811193,75.68391972,4770.0,9.219926975590656,0.000341625,2026-09-01T06:54:27.896595+00:00
PKGL-07360,,34.8538362,75.68964164,4673.0,6.493249911217029,0.023756871,2026-09-01T06:54:27.896595+00:00
PKGL-07361,,34.85573853,75.68936285,4670.0,6.70561085942204,0.009084689,2026-09-01T06:54:27.896595+00:00
PKGL-07362,,34.85814073,75.68705544,4652.0,6.983847998048148,0.018393304,2026-09-01T06:54:27.896595+00:00
PKGL-07363,,34.8608814,75.68842051,4659.0,7.280744649971119,0.024499882,2026-09-01T06:54:27.896595+00:00
PKGL-07364,,34.86354599,75.69104009,4716.0,7.569220593844959,0.027753356,2026-09-01T06:54:27.896595+00:00
PKGL-07365,,34.84585649,75.70831435,4745.0,5.78842275816403,0.065940727,2026-09-01T06:54:27.896595+00:00
PKGL-07366,,34.84512332,75.70193394,4750.0,5.589095747930049,0.04360091,2026-09-01T06:54:27.896595+00:00
PKGL-07367,,34.83984599,75.7161825,4634.0,5.392448787321257,0.092968688,2026-09-01T06:54:27.896595+00:00
PKGL-07368,,34.8450359,75.74913996,4117.0,7.567120652477487,0.001222921,2026-09-01T06:54:27.896595+00:00
PKGL-07369,,34.84919435,75.74927018,4126.0,7.917886233035417,0.001204267,2026-09-01T06:54:27.896595+00:00
PKGL-07370,,34.84903963,75.74853957,4129.0,7.861223911569209,0.00051397,2026-09-01T06:54:27.896595+00:00
PKGL-07371,,34.85179795,75.7454658,4155.0,7.921127985214143,0.001948079,2026-09-01T06:54:27.896595+00:00
PKGL-07372,,34.86450907,75.73163163,4504.0,8.472582166944528,0.006538567,2026-09-01T06:54:27.896595+00:00
PKGL-07373,,34.85936227,75.71228077,4735.0,7.332985344279973,0.006087542,2026-09-01T06:54:27.896595+00:00
PKGL-07374,,34.86151189,75.71428218,4733.0,7.610803266571767,0.001924863,2026-09-01T06:54:27.896595+00:00
PKGL-07375,,34.86879986,75.708685,4757.0,8.288170983840823,0.046860321,2026-09-01T06:54:27.896595+00:00
PKGL-07376,,34.86849452,75.7122864,4747.0,8.320527372584696,0.004801263,2026-09-01T06:54:27.896595+00:00
PKGL-07377,,34.87271002,75.71575629,4664.0,8.84963996572559,0.174825996,2026-09-01T06:54:27.896595+00:00
PKGL-07378,,34.81878453,75.56603748,4519.0,11.817388104429597,0.006419788,2026-09-01T06:54:27.896595+00:00
PKGL-07379,,34.84124767,75.68404071,4613.0,5.1447138606255445,0.007993936,2026-09-01T06:54:27.896595+00:00
PKGL-07380,,34.82265605,75.58366586,4456.0,10.370095132163828,0.062284511,2026-09-01T06:54:27.896595+00:00
PKGL-07381,,34.82025244,75.57951988,4474.0,10.66074250888459,0.018287333,2026-09-01T06:54:27.896595+00:00
PKGL-07382,,34.81781862,75.58179493,4484.0,10.392387775421284,0.01039882,2026-09-01T06:54:27.896595+00:00
PKGL-07383,,34.81260652,75.58142278,4587.0,10.303016077399224,0.007003105,2026-09-01T06:54:27.896595+00:00
PKGL-07384,,34.82482763,75.58055624,4440.0,10.71293265334626,0.004188226,2026-09-01T06:54:27.896595+00:00
PKGL-07385,,34.81383287,75.56013879,4549.0,12.240019554876548,0.004469893,2026-09-01T06:54:27.896595+00:00
PKGL-07386,,34.81755636,75.53570336,4636.0,14.50856343371343,0.011843245,2026-09-01T06:54:27.896595+00:00
PKGL-07387,,34.81755142,75.5340725,4639.0,14.655245411069306,0.000304392,2026-09-01T06:54:27.896595+00:00
PKGL-07388,,34.81438986,75.5282818,4581.0,15.124153696387676,0.002155894,2026-09-01T06:54:27.896595+00:00
PKGL-07389,,34.7907203,75.51354054,4657.0,14.688715670809158,0.060305877,2026-09-01T06:54:27.896595+00:00
PKGL-07390,,34.7925904,75.51314207,4653.0,14.899810096062524,0.008852593,2026-09-01T06:54:27.896595+00:00
PKGL-07391,,34.74169487,75.50390783,4651.0,9.613817930817408,0.005856127,2026-09-01T06:54:27.896595+00:00
PKGL-07392,,34.73670267,75.50216899,4612.0,9.15192920858825,0.001294345,2026-09-01T06:54:27.896595+00:00
PKGL-07393,,34.73447044,75.52221626,4704.0,8.391554309902174,0.020703879,2026-09-01T06:54:27.896595+00:00
PKGL-07394,,34.73206742,75.53489394,4687.0,7.9839454160512755,0.009637235,2026-09-01T06:54:27.896595+00:00
PKGL-07395,,34.7321308,75.53633568,4679.0,7.984953964529664,0.001259759,2026-09-01T06:54:27.896595+00:00
PKGL-07396,,34.7194455,75.5496543,4833.0,6.632664091354506,0.004473169,2026-09-01T06:54:27.896595+00:00
PKGL-07397,,34.72171995,75.56449558,4688.0,7.191095897730086,0.000572017,2026-09-01T06:54:27.896595+00:00
PKGL-07398,,34.72052023,75.57260642,4642.0,7.3371601467607634,0.002749021,2026-09-01T06:54:27.896595+00:00
PKGL-07399,,34.76462,75.6448768,4320.0,5.52756437661045,0.015220734,2026-09-01T06:54:27.896595+00:00
PKGL-07400,,34.76383832,75.64373126,4334.0,5.663561415368882,0.001883116,2026-09-01T06:54:27.896595+00:00
PKGL-07401,,34.75469396,75.66005757,4598.0,5.408807377963667,0.00996992,2026-09-01T06:54:27.896595+00:00
PKGL-07402,,34.75099408,75.66570708,4529.0,5.5119478812002205,0.040986789,2026-09-01T06:54:27.896595+00:00
PKGL-07403,,34.7475983,75.66581357,4585.0,5.849189330748739,0.000604747,2026-09-01T06:54:27.896595+00:00
PKGL-07404,,34.75323488,75.65193689,4586.0,5.972866658099007,0.00227689,2026-09-01T06:54:27.896595+00:00
PKGL-07405,,34.75418147,75.65100616,4591.0,5.944030549542432,5.67e-05,2026-09-01T06:54:27.896595+00:00
PKGL-07406,,34.70443609,75.66753581,4484.0,3.9219292671474233,0.009785876,2026-09-01T06:54:27.896595+00:00
PKGL-07407,,34.71539439,75.66969048,4639.0,5.10691477862564,0.018567891,2026-09-01T06:54:27.896595+00:00
PKGL-07408,,34.56798554,75.7052567,4649.0,9.571637061670806,0.039287535,2026-09-01T06:54:27.896595+00:00
PKGL-07409,,34.55939237,75.70631947,4753.0,10.168001052666158,0.038330016,2026-09-01T06:54:27.896595+00:00
PKGL-07410,,34.55774192,75.70271557,4783.0,10.529183111002958,0.00850488,2026-09-01T06:54:27.896595+00:00
PKGL-07411,,34.55760241,75.70418154,4798.0,10.447154085095104,0.000978784,2026-09-01T06:54:27.896595+00:00
PKGL-07412,,34.55761021,75.70368524,4793.0,10.477962976777633,0.000149994,2026-09-01T06:54:27.896595+00:00
PKGL-07413,,34.54383829,75.68200293,4621.0,11.971600624090208,0.006882186,2026-09-01T06:54:27.896595+00:00
PKGL-07414,,34.53991695,75.67989509,4708.0,11.520419288513716,0.000192238,2026-09-01T06:54:27.896595+00:00
PKGL-07415,,34.5517877,75.66829771,4523.0,11.923675998763793,0.003116728,2026-09-01T06:54:27.896595+00:00
PKGL-07416,,34.55174564,75.66882856,4524.0,11.92525600528404,0.000529049,2026-09-01T06:54:27.896595+00:00
PKGL-07417,,34.55142702,75.66903438,4521.0,11.959477752973966,0.000137311,2026-09-01T06:54:27.896595+00:00
PKGL-07418,,34.50805272,75.63626838,4385.0,8.514038834996008,0.011134814,2026-09-01T06:54:27.896595+00:00
PKGL-07419,,34.50519544,75.62557815,4445.0,8.633002107078203,0.004416592,2026-09-01T06:54:27.896595+00:00
PKGL-07420,,34.91810281,75.76536433,4762.0,15.176424679211935,0.083346961,2026-09-01T06:54:27.896595+00:00
PKGL-07421,,34.92015526,75.75871069,4836.0,15.12860890970639,0.003413569,2026-09-01T06:54:27.896595+00:00
PKGL-07422,,34.92165533,75.75784626,4862.0,15.250486797808072,0.000222558,2026-09-01T06:54:27.896595+00:00
PKGL-07423,,34.92520969,75.77773792,4829.0,16.395626018884812,0.034248343,2026-09-01T06:54:27.896595+00:00
PKGL-07424,,34.92209749,75.77551067,4810.0,15.994639125423369,0.008803563,2026-09-01T06:54:27.896595+00:00
PKGL-07425,,34.92254097,75.77381457,4814.0,15.96539477896084,0.00385054,2026-09-01T06:54:27.896595+00:00
PKGL-07426,,34.92076798,75.77155222,4802.0,15.695096385429803,0.001242057,2026-09-01T06:54:27.896595+00:00
PKGL-07427,,34.90519278,75.79189201,4898.0,15.210977026292817,0.001420608,2026-09-01T06:54:27.896595+00:00
PKGL-07428,,34.90494441,75.80831003,4648.0,16.129785833195864,0.001464275,2026-09-01T06:54:27.896595+00:00
PKGL-07429,,34.88803913,75.8919402,4885.0,18.18606125008944,0.098685518,2026-09-01T06:54:27.896595+00:00
PKGL-07430,,34.89354893,75.89071585,4944.0,18.01460918398197,0.013414668,2026-09-01T06:54:27.896595+00:00
PKGL-07431,,34.8857413,75.88583731,4874.0,18.797941867057386,0.016063875,2026-09-01T06:54:27.896595+00:00
PKGL-07432,,34.87796056,75.89137435,4768.0,18.770391634575613,0.006031887,2026-09-01T06:54:27.896595+00:00
PKGL-07433,,34.87815194,75.89265724,4768.0,18.658606092596305,0.000693811,2026-09-01T06:54:27.896595+00:00
PKGL-07434,,34.88163605,75.90629146,4924.0,17.392058613402774,0.030845938,2026-09-01T06:54:27.896595+00:00
PKGL-07435,,34.87274326,75.92718827,4801.0,16.38025494347486,0.011437194,2026-09-01T06:54:27.896595+00:00
PKGL-07436,,34.87663996,75.93174324,4719.0,15.786710606789676,0.023068602,2026-09-01T06:54:27.896595+00:00
PKGL-07437,,34.87493002,75.94732644,4677.0,14.807754412295951,0.016928789,2026-09-01T06:54:27.896595+00:00
PKGL-07438,,34.87871675,75.96236964,4874.0,13.512035499125147,0.03610101,2026-09-01T06:54:27.896595+00:00
PKGL-07439,,34.88749258,75.9910671,4681.0,11.00350094471968,0.020255005,2026-09-01T06:54:27.896595+00:00
PKGL-07440,,34.85781982,75.99796658,4705.0,10.716735351986111,0.018527984,2026-09-01T06:54:27.896595+00:00
PKGL-07441,,34.81689437,75.96011399,4822.0,13.48986666002949,0.043577376,2026-09-01T06:54:27.896595+00:00
PKGL-07442,,34.81022961,75.97720246,4850.0,12.001113239824768,0.021914714,2026-09-01T06:54:27.896595+00:00
PKGL-07443,,34.81220158,75.97854744,4837.0,11.853981399462942,0.005494167,2026-09-01T06:54:27.896595+00:00
PKGL-07444,,34.79570513,76.00169828,4732.0,10.155412509802808,0.03415239,2026-09-01T06:54:27.896595+00:00
PKGL-07445,,34.79296889,75.99735643,4783.0,10.627021471138846,0.035014963,2026-09-01T06:54:27.896595+00:00
PKGL-07446,,34.78854797,75.99461194,4729.0,10.758788503797176,0.05005219,2026-09-01T06:54:27.896595+00:00
PKGL-07447,,34.79270772,75.98961694,4825.0,11.307726243926194,0.040610589,2026-09-01T06:54:27.896595+00:00
PKGL-07448,,34.79547647,75.99183667,4808.0,11.023746258754237,0.013544925,2026-09-01T06:54:27.896595+00:00
PKGL-07449,,34.79232479,75.9788224,4866.0,12.244440484915469,0.005370497,2026-09-01T06:54:27.896595+00:00
PKGL-07450,,34.79012125,75.98056711,4861.0,11.999972558779763,0.003626928,2026-09-01T06:54:27.896595+00:00
PKGL-07451,,34.78229469,76.00919953,4627.0,9.257507680727931,0.037740683,2026-09-01T06:54:27.896595+00:00
PKGL-07452,,34.77306606,76.02748899,4345.0,7.3141025799338415,0.002668179,2026-09-01T06:54:27.896595+00:00
PKGL-07453,,34.77407987,76.03103877,4314.0,7.063706188661566,0.00471182,2026-09-01T06:54:27.896595+00:00
PKGL-07454,,34.77008909,76.02638063,4364.0,7.285737792656516,0.000526707,2026-09-01T06:54:27.896595+00:00
PKGL-07455,,34.75365742,76.03755873,4289.0,5.852604843774145,0.024032757,2026-09-01T06:54:27.896595+00:00
PKGL-07456,,34.75542392,76.03883482,4280.0,5.764406925835506,0.001606785,2026-09-01T06:54:27.896595+00:00
PKGL-07457,,34.75291154,76.03583405,4288.0,5.99985154636886,0.001144837,2026-09-01T06:54:27.896595+00:00
PKGL-07458,,34.73873407,76.01463803,4674.0,7.961232372116496,0.0080031,2026-09-01T06:54:27.896595+00:00
PKGL-07459,,34.74336257,75.987951,4761.0,10.351599640345745,0.004925295,2026-09-01T06:54:27.896595+00:00
PKGL-07460,,34.74759061,75.98516321,4805.0,10.596925727085535,0.034716108,2026-09-01T06:54:27.896595+00:00
PKGL-07461,,34.75248954,75.98186391,4836.0,10.648762337475551,0.005854662,2026-09-01T06:54:27.896595+00:00
PKGL-07462,,34.75534277,75.98267294,4861.0,10.86094467804774,0.002385486,2026-09-01T06:54:27.896595+00:00
PKGL-07463,,34.76104629,75.98955744,4831.0,10.308822464433884,0.026214173,2026-09-01T06:54:27.896595+00:00
PKGL-07464,,34.75902027,75.99724488,4735.0,9.58169396778983,0.004441191,2026-09-01T06:54:27.896595+00:00
PKGL-07465,,34.7621629,76.00002455,4678.0,9.385273061679754,0.024467559,2026-09-01T06:54:27.896595+00:00
PKGL-07466,,34.74940701,76.03212894,4302.0,6.3101688686673,0.001709805,2026-09-01T06:54:27.896595+00:00
PKGL-07467,,34.75105716,76.04135856,4279.0,5.47853659840657,0.002396382,2026-09-01T06:54:27.896595+00:00
PKGL-07468,,34.7727865,76.03256562,4303.0,6.876992196214261,0.000350584,2026-09-01T06:54:27.896595+00:00
PKGL-07469,,34.73183175,75.97512713,4767.0,9.179074645065931,0.001820293,2026-09-01T06:54:27.896595+00:00
PKGL-07470,,34.73297197,75.97590707,4766.0,9.285783488896088,0.006651171,2026-09-01T06:54:27.896595+00:00
PKGL-07471,,34.75649453,75.97849582,4891.0,10.60349768224628,0.010428893,2026-09-01T06:54:27.896595+00:00
PKGL-07472,,34.74099593,75.96240295,4789.0,8.481403996213224,0.090292396,2026-09-01T06:54:27.896595+00:00
PKGL-07473,,34.72609064,75.95886333,4734.0,7.571174733833078,0.00402001,2026-09-01T06:54:27.896595+00:00
PKGL-07474,,34.72243273,75.94100683,4775.0,5.89113597731872,0.019425109,2026-09-01T06:54:27.896595+00:00
PKGL-07475,,34.72313592,75.93635239,4765.0,5.510878417561398,0.000641969,2026-09-01T06:54:27.896595+00:00
PKGL-07476,,34.8575597,75.87207312,4623.0,16.76479974297734,0.07593184,2026-09-01T06:54:27.896595+00:00
PKGL-07477,,34.85907378,75.87244101,4624.0,16.931734114862326,0.000897433,2026-09-01T06:54:27.896595+00:00
PKGL-07478,,34.85880124,75.87287092,4625.0,16.900023286537586,0.000289293,2026-09-01T06:54:27.896595+00:00
PKGL-07479,,34.85920066,75.87202995,4619.0,16.947278513147836,0.000336276,2026-09-01T06:54:27.896595+00:00
PKGL-07480,,34.84826232,75.88186706,4656.0,15.71932119995901,0.013877835,2026-09-01T06:54:27.896595+00:00
PKGL-07481,,34.85991523,75.88823972,4880.0,17.032646345312575,0.005407269,2026-09-01T06:54:27.896595+00:00
PKGL-07482,,34.85947851,75.89396611,4837.0,17.017067470438473,0.042266056,2026-09-01T06:54:27.896595+00:00
PKGL-07483,,34.85588239,75.88872598,4771.0,16.586960999035664,0.002211755,2026-09-01T06:54:27.896595+00:00
PKGL-07484,,34.83599196,75.85373596,4113.0,14.543180801894378,0.002252761,2026-09-01T06:54:27.896595+00:00
PKGL-07485,,34.87789002,75.87048819,4687.0,18.66474994310468,0.204474904,2026-09-01T06:54:27.896595+00:00
PKGL-07486,,34.8755232,75.87788236,4686.0,18.74945502285494,0.011958707,2026-09-01T06:54:27.896595+00:00
PKGL-07487,,34.8762065,75.87707859,4686.0,18.826109626639447,0.000466976,2026-09-01T06:54:27.896595+00:00
PKGL-07488,,34.87330747,75.88604947,4799.0,18.51259071592488,0.000811459,2026-09-01T06:54:27.896595+00:00
PKGL-07489,,34.85081822,75.81022362,4626.0,12.39697508950318,0.030555625,2026-09-01T06:54:27.896595+00:00
PKGL-07490,,34.84620643,75.80954813,4689.0,12.096293661660168,0.009932907,2026-09-01T06:54:27.896595+00:00
PKGL-07491,,34.84601762,75.80596085,4722.0,11.797590816973626,0.00480429,2026-09-01T06:54:27.896595+00:00
PKGL-07492,,34.85274344,75.78478524,4743.0,10.572346315432275,0.036339323,2026-09-01T06:54:27.896595+00:00
PKGL-07493,,34.85852573,75.781791,4664.0,10.762525031143053,0.020374529,2026-09-01T06:54:27.896595+00:00
PKGL-07494,,34.84325333,75.77602667,4628.0,9.30594869251905,0.027168783,2026-09-01T06:54:27.896595+00:00
PKGL-07495,,34.80162614,75.84068913,4732.0,11.109382916891237,0.031452177,2026-09-01T06:54:27.896595+00:00
PKGL-07496,,34.80136302,75.83664898,4747.0,11.171236877029171,0.006414047,2026-09-01T06:54:27.896595+00:00
PKGL-07497,,34.8004513,75.83558769,4745.0,11.03569325292518,0.000233264,2026-09-01T06:54:27.896595+00:00
PKGL-07498,,34.80029918,75.8357792,4747.0,11.041860620074536,2.55e-05,2026-09-01T06:54:27.896595+00:00
PKGL-07499,,34.80017748,75.83552464,4744.0,11.014969110021568,2.03e-05,2026-09-01T06:54:27.896595+00:00
PKGL-07500,,34.79674222,75.84834881,4642.0,10.383496307166386,0.029552851,2026-09-01T06:54:27.896595+00:00
PKGL-07501,,34.79837196,75.8473291,4643.0,10.583334862196129,0.00145529,2026-09-01T06:54:27.896595+00:00
PKGL-07502,,34.7937905,75.83191302,4818.0,10.374104043360052,0.010516998,2026-09-01T06:54:27.896595+00:00
PKGL-07503,,34.82037173,75.80556638,4671.0,10.390418098760438,0.002513782,2026-09-01T06:54:27.896595+00:00
PKGL-07504,,34.82003604,75.80547777,4672.0,10.356651230202734,0.000349116,2026-09-01T06:54:27.896595+00:00
PKGL-07505,,34.80525053,75.81840102,4761.0,10.053594478633572,0.000731847,2026-09-01T06:54:27.896595+00:00
PKGL-07506,,34.78301953,75.82481593,4606.0,9.25857459866615,0.085796984,2026-09-01T06:54:27.896595+00:00
PKGL-07507,,34.77637066,75.83107618,4699.0,8.895926162568031,0.000932173,2026-09-01T06:54:27.896595+00:00
PKGL-07508,,34.77031594,75.84716511,4761.0,7.640360337744688,0.002256221,2026-09-01T06:54:27.896595+00:00
PKGL-07509,,34.77162829,75.84715542,4765.0,7.775549594182406,0.000898431,2026-09-01T06:54:27.896595+00:00
PKGL-07510,,34.75693964,75.83680075,4811.0,6.788918202846548,0.015560678,2026-09-01T06:54:27.896595+00:00
PKGL-07511,,34.75983115,75.84018745,4676.0,6.888892087580067,0.00857248,2026-09-01T06:54:27.896595+00:00
PKGL-07512,,34.75956234,75.81786153,4681.0,7.301159575860305,0.00195605,2026-09-01T06:54:27.896595+00:00
PKGL-07513,,34.79889792,75.79890264,4668.0,8.24063940122159,0.002796419,2026-09-01T06:54:27.896595+00:00
PKGL-07514,,34.53434207,75.72149645,4532.0,10.685354481147648,0.006390484,2026-09-01T06:54:27.896595+00:00
PKGL-07515,,34.52560362,75.71620722,4625.0,10.02139252709517,0.041504747,2026-09-01T06:54:27.896595+00:00
PKGL-07516,,34.52805351,75.7128979,4632.0,10.40569598096268,0.000811987,2026-09-01T06:54:27.896595+00:00
PKGL-07517,,34.52994641,75.71176643,4596.0,10.640047190339658,0.001094126,2026-09-01T06:54:27.896595+00:00
PKGL-07518,,35.16876039,75.37753302,4628.0,19.406353561950127,0.048800138,2026-09-01T06:54:27.896595+00:00
PKGL-07519,,35.16622607,75.3808406,4682.0,19.438819098367823,0.022881098,2026-09-01T06:54:27.896595+00:00
PKGL-07520,,35.16254782,75.39543485,4642.0,18.98808670075,0.031576775,2026-09-01T06:54:27.896595+00:00
PKGL-07521,,35.16224933,75.40100912,4581.0,18.73648002905843,0.005496423,2026-09-01T06:54:27.896595+00:00
PKGL-07522,,35.17324689,75.39653157,4677.0,17.95674167524171,0.044368192,2026-09-01T06:54:27.896595+00:00
PKGL-07523,,34.94449654,75.82287177,4557.0,18.332339024483467,0.025849869,2026-09-01T06:54:27.896595+00:00
PKGL-07524,,34.93663305,75.827781,4651.0,18.59686598682427,0.019828166,2026-09-01T06:54:27.896595+00:00
PKGL-07525,,35.18233863,75.4224344,4530.0,15.809772284565442,0.141487801,2026-09-01T06:54:27.896595+00:00
PKGL-07526,,35.18327858,75.41629064,4544.0,16.0187935909537,0.016371852,2026-09-01T06:54:27.896595+00:00
PKGL-07527,,35.17102071,75.45084743,4648.0,14.975201680652177,0.004350278,2026-09-01T06:54:27.896595+00:00
PKGL-07528,,35.19826314,75.41829086,4604.0,14.544034148614235,0.017266106,2026-09-01T06:54:27.896595+00:00
PKGL-07529,,35.19725443,75.42503724,4514.0,14.284199589963432,0.004586633,2026-09-01T06:54:27.896595+00:00
PKGL-07530,,35.16400823,75.47119164,4446.0,13.32877330366956,0.045048314,2026-09-01T06:54:27.896595+00:00
PKGL-07531,,34.64309874,75.22922418,4290.0,11.90814068285982,0.001051703,2026-09-01T06:54:27.896595+00:00
PKGL-07532,,34.64407132,75.23077677,4292.0,12.000754658379911,0.000175705,2026-09-01T06:54:27.896595+00:00
PKGL-07533,,34.64334235,75.23508263,4278.0,11.88739069236211,0.003703184,2026-09-01T06:54:27.896595+00:00
PKGL-07534,,34.98682422,75.76268197,4737.0,14.127375606102392,0.005098904,2026-09-01T06:54:27.896595+00:00
PKGL-07535,,35.0048506,75.76967153,4675.0,12.109766601097832,0.001854012,2026-09-01T06:54:27.896595+00:00
PKGL-07536,,35.00344078,75.80618947,4802.0,12.179762010974455,5.35e-05,2026-09-01T06:54:27.896595+00:00
PKGL-07537,,34.72098929,75.56102591,4673.0,7.019059723123659,0.007936242,2026-09-01T06:54:27.896595+00:00
PKGL-07538,,35.18797878,75.45281629,4553.0,13.990098496903942,0.025021095,2026-09-01T06:54:27.896595+00:00
PKGL-07539,,35.44651803,75.44619762,2282.0,0.8426325058196781,0.201014507,2026-09-01T06:54:27.896595+00:00
PKGL-07540,,35.43073557,75.4588064,2235.0,1.2776914156678705,0.005360049,2026-09-01T06:54:27.896595+00:00
PKGL-07541,,35.42660558,75.45523863,2242.0,1.51868926343793,0.045731491,2026-09-01T06:54:27.896595+00:00
PKGL-07542,,35.22072202,75.4767475,4607.0,9.80762276446467,0.038147217,2026-09-01T06:54:27.896595+00:00
PKGL-07543,,35.22036439,75.49206824,4425.0,9.474049830469983,0.003500157,2026-09-01T06:54:27.896595+00:00
PKGL-07544,,35.21251435,75.48833382,4586.0,10.39811857057407,0.000685768,2026-09-01T06:54:27.896595+00:00
PKGL-07545,,35.23923153,75.47462693,4816.0,7.978842344283728,0.008065503,2026-09-01T06:54:27.896595+00:00
PKGL-07546,,35.12359811,75.36971735,4517.0,23.409637653164168,0.029853171,2026-09-01T06:54:27.896595+00:00
PKGL-07547,,35.1262067,75.37517705,4462.0,22.85632857926664,0.008538865,2026-09-01T06:54:27.896595+00:00
PKGL-07548,,35.16025166,75.47136307,4452.0,13.42380913052702,0.039022613,2026-09-01T06:54:27.896595+00:00
PKGL-07549,,34.94044893,75.43595512,3812.0,28.40571897689476,0.000601618,2026-09-01T06:54:27.896595+00:00
PKGL-07550,,34.97331165,75.33788874,3929.0,22.524370694588274,0.000803662,2026-09-01T06:54:27.896595+00:00
PKGL-07551,,34.96837032,75.32572056,3928.0,21.655615773161774,0.000903126,2026-09-01T06:54:27.896595+00:00
PKGL-07552,,34.93702539,75.34035597,3964.0,24.27417684538944,0.001086697,2026-09-01T06:54:27.896595+00:00
PKGL-07553,,34.92388426,75.35541615,3944.0,26.16807736349872,0.00165234,2026-09-01T06:54:27.896595+00:00
PKGL-07554,,34.92705226,75.3638238,3909.0,26.683774481612883,0.000541035,2026-09-01T06:54:27.896595+00:00
PKGL-07555,,34.95200613,76.02876093,4280.0,3.889304947982429,0.00090673,2026-09-01T06:54:27.896595+00:00
PKGL-07556,,34.90718884,76.01650161,4779.0,7.839739721162511,0.095042561,2026-09-01T06:54:27.896595+00:00
PKGL-07557,,34.90239985,76.01438887,4857.0,8.380112276895838,0.004724768,2026-09-01T06:54:27.896595+00:00
PKGL-07558,,34.90183337,76.01454786,4865.0,8.422092133669262,0.000191072,2026-09-01T06:54:27.896595+00:00
PKGL-07559,,34.90206452,76.01444896,4865.0,8.406773944170224,0.000168112,2026-09-01T06:54:27.896595+00:00
PKGL-07560,,34.91395685,76.02353443,4672.0,6.852102782646138,0.0205103,2026-09-01T06:54:27.896595+00:00
PKGL-07561,,34.91126199,76.02613418,4688.0,6.955136989490815,0.019315965,2026-09-01T06:54:27.896595+00:00
PKGL-07562,,34.91042761,76.0466184,4619.0,6.18229739421729,0.012954198,2026-09-01T06:54:27.896595+00:00
PKGL-07563,,34.8560706,76.05245139,4627.0,6.209249446498732,0.02128409,2026-09-01T06:54:27.896595+00:00
PKGL-07564,,34.84989374,76.03928602,4703.0,6.899420757246964,0.009820047,2026-09-01T06:54:27.896595+00:00
PKGL-07565,,34.81880549,76.03311002,4371.0,6.826188680544743,0.011960983,2026-09-01T06:54:27.896595+00:00
PKGL-07566,,34.53138591,75.87847165,4763.0,7.879803129913556,0.014271911,2026-09-01T06:54:27.896595+00:00
PKGL-07567,,34.53838889,75.87320941,4824.0,8.76455936279403,0.000416146,2026-09-01T06:54:27.896595+00:00
PKGL-07568,,34.53959837,75.86951531,4867.0,9.102271401571295,0.003333709,2026-09-01T06:54:27.896595+00:00
PKGL-07569,,34.54069817,75.87056238,4871.0,9.1173747661,0.000314337,2026-09-01T06:54:27.896595+00:00
PKGL-07570,,34.53964326,75.85563621,4931.0,9.320573097475028,0.001096047,2026-09-01T06:54:27.896595+00:00
PKGL-07571,,34.57826895,75.89614689,4685.0,5.328825610315293,0.003011727,2026-09-01T06:54:27.896595+00:00
PKGL-07572,,34.5348644,75.90318631,4797.0,6.389904916627921,0.008204731,2026-09-01T06:54:27.896595+00:00
PKGL-07573,,34.5350166,75.9053075,4795.0,6.24693388100389,0.007729225,2026-09-01T06:54:27.896595+00:00
PKGL-07574,,34.7602248,75.96119254,4715.0,9.54120299737732,0.018434362,2026-09-01T06:54:27.896595+00:00
PKGL-07575,,34.7895499,75.92683112,4396.0,10.160421590287717,0.000872114,2026-09-01T06:54:27.896595+00:00
PKGL-07576,,34.80588832,75.96148395,4751.0,13.318667594544907,0.041876927,2026-09-01T06:54:27.896595+00:00
PKGL-07577,,34.82507818,75.94070936,4862.0,14.284044427421936,0.058858634,2026-09-01T06:54:27.896595+00:00
PKGL-07578,,34.83045223,75.93842677,4894.0,14.75805808639314,0.018768515,2026-09-01T06:54:27.896595+00:00
PKGL-07579,,34.84347575,75.94069492,4725.0,15.402115438086026,0.052353337,2026-09-01T06:54:27.896595+00:00
PKGL-07580,,34.85872433,75.94172455,4796.0,15.644551854032192,0.139366641,2026-09-01T06:54:27.896595+00:00
PKGL-07581,,34.85622364,75.94947279,4861.0,14.890800060709594,0.000531975,2026-09-01T06:54:27.896595+00:00
PKGL-07582,,34.87418028,75.91697822,4964.0,17.033324302087703,0.003395199,2026-09-01T06:54:27.896595+00:00
PKGL-07583,,34.90284148,75.9160144,4708.0,15.487276135341318,0.034625929,2026-09-01T06:54:27.896595+00:00
PKGL-07584,,34.90194969,75.91992326,4717.0,15.210365466710693,0.01977616,2026-09-01T06:54:27.896595+00:00
PKGL-07585,,34.91594805,75.90479919,4605.0,15.878757200146438,0.014618922,2026-09-01T06:54:27.896595+00:00
PKGL-07586,,34.91100654,75.91919263,4624.0,14.85049735028375,0.002205323,2026-09-01T06:54:27.896595+00:00
PKGL-07587,,34.88220785,75.90396205,4929.0,17.541324992498748,0.000287081,2026-09-01T06:54:27.896595+00:00
PKGL-07588,,34.83304218,75.78955404,4714.0,9.80984964683789,0.003021414,2026-09-01T06:54:27.896595+00:00
PKGL-07589,,34.91467812,75.84205695,4852.0,19.03514118828078,0.002731448,2026-09-01T06:54:27.896595+00:00
PKGL-07590,,34.91651519,75.84548367,4821.0,19.193526489129614,0.000715795,2026-09-01T06:54:27.896595+00:00
PKGL-07591,,34.92799485,75.84797031,4908.0,18.05436046512848,0.001259357,2026-09-01T06:54:27.896595+00:00
PKGL-07592,,34.92763109,75.84841102,4920.0,18.060048886869563,0.00052819,2026-09-01T06:54:27.896595+00:00
PKGL-07593,,34.94145308,75.87868202,4747.0,15.1654475581259,0.023887859,2026-09-01T06:54:27.896595+00:00
PKGL-07594,,34.94347168,75.87465098,4715.0,15.198516225877029,0.046401598,2026-09-01T06:54:27.896595+00:00
PKGL-07595,,34.94075746,75.87607242,4756.0,15.366019886137304,0.000455945,2026-09-01T06:54:27.896595+00:00
PKGL-07596,,34.94098914,75.87606005,4756.0,15.34573082173583,4.4e-05,2026-09-01T06:54:27.896595+00:00
PKGL-07597,,34.94302162,75.87871905,4728.0,15.020982412879388,0.000787375,2026-09-01T06:54:27.896595+00:00
PKGL-07598,,34.9418105,75.87153826,4799.0,15.516482802058896,0.000628565,2026-09-01T06:54:27.896595+00:00
PKGL-07599,,34.95159945,75.87858434,4646.0,14.261581188850249,0.004768911,2026-09-01T06:54:27.896595+00:00
PKGL-07600,,34.96071384,75.87981429,4488.0,13.401156646220446,0.000773075,2026-09-01T06:54:27.896595+00:00
PKGL-07601,,34.96474098,75.85045588,4818.0,14.958088363047572,0.002115957,2026-09-01T06:54:27.896595+00:00
PKGL-07602,,34.96575631,75.84884879,4830.0,14.995311152769274,0.000108225,2026-09-01T06:54:27.896595+00:00
PKGL-07603,,34.97453986,75.85372023,4629.0,14.031600470257397,0.008662125,2026-09-01T06:54:27.896595+00:00
PKGL-07604,,34.96747381,75.77819873,4667.0,16.285615019418987,0.033203367,2026-09-01T06:54:27.896595+00:00
PKGL-07605,,34.96982248,75.77471663,4694.0,16.012038954603508,0.008049642,2026-09-01T06:54:27.896595+00:00
PKGL-07606,,34.96470952,75.74674778,4785.0,16.700906318453807,0.001109395,2026-09-01T06:54:27.896595+00:00
PKGL-07607,,34.9631468,75.74103276,4711.0,16.944791540116608,0.001517314,2026-09-01T06:54:27.896595+00:00
PKGL-07608,,34.96327359,75.73927487,4700.0,16.955997766583046,0.002352705,2026-09-01T06:54:27.896595+00:00
PKGL-07609,,34.96265434,75.73422913,4693.0,17.103944095298775,0.056403664,2026-09-01T06:54:27.896595+00:00
PKGL-07610,,34.96116742,75.7317571,4688.0,17.309530912614175,0.00265835,2026-09-01T06:54:27.896595+00:00
PKGL-07611,,34.95482021,75.7376402,4807.0,17.907690482510866,0.050842889,2026-09-01T06:54:27.896595+00:00
PKGL-07612,,34.9508626,75.72902688,4678.0,17.598943639136564,0.06111909,2026-09-01T06:54:27.896595+00:00
PKGL-07613,,34.95598092,75.72630457,4702.0,17.976975208234997,0.01544526,2026-09-01T06:54:27.896595+00:00
PKGL-07614,,34.94671218,75.76240869,4778.0,17.99049769220942,0.25344713,2026-09-01T06:54:27.896595+00:00
PKGL-07615,,34.94533233,75.76947126,4857.0,18.088020794477384,0.000387124,2026-09-01T06:54:27.896595+00:00
PKGL-07616,,34.94469477,75.76836203,4858.0,17.98346887384053,5.85e-05,2026-09-01T06:54:27.896595+00:00
PKGL-07617,,34.92131055,75.7104135,4688.0,14.088470142729944,0.044498851,2026-09-01T06:54:27.896595+00:00
PKGL-07618,,34.91870972,75.71349133,4687.0,13.83770496296675,0.011829757,2026-09-01T06:54:27.896595+00:00
PKGL-07619,,34.92286731,75.71594737,4687.0,14.32761853443183,0.02299482,2026-09-01T06:54:27.896595+00:00
PKGL-07620,,34.9287421,75.7099889,4710.0,14.905196692383306,0.012901705,2026-09-01T06:54:27.896595+00:00
PKGL-07621,,34.93827886,75.70841918,4641.0,15.945994270859458,0.094864073,2026-09-01T06:54:27.896595+00:00
PKGL-07622,,34.92952682,75.70034692,4661.0,14.923016438992398,0.029242718,2026-09-01T06:54:27.896595+00:00
PKGL-07623,,34.92217102,75.68874573,4766.0,14.090901509029372,0.007331238,2026-09-01T06:54:27.896595+00:00
PKGL-07624,,34.89449033,75.6037728,4510.0,13.656595138453348,0.006677673,2026-09-01T06:54:27.896595+00:00
PKGL-07625,,35.08358002,75.66152285,4636.0,10.370898270133784,0.022093627,2026-09-01T06:54:27.896595+00:00
PKGL-07626,,35.07622541,75.64678884,4623.0,11.45643131798826,0.009498079,2026-09-01T06:54:27.896595+00:00
PKGL-07627,,35.11374079,75.66291459,4394.0,8.064465909165744,0.058534284,2026-09-01T06:54:27.896595+00:00
PKGL-07628,,35.10770376,75.65688833,4544.0,8.414118153033142,0.010476273,2026-09-01T06:54:27.896595+00:00
PKGL-07629,,35.10931743,75.65777694,4548.0,8.285012600606894,0.001229611,2026-09-01T06:54:27.896595+00:00
PKGL-07630,,35.09490525,75.65017066,4575.0,9.529389074482664,0.006159519,2026-09-01T06:54:27.896595+00:00
PKGL-07631,,35.09487586,75.64258757,4456.0,9.349833568320966,0.008687377,2026-09-01T06:54:27.896595+00:00
PKGL-07632,,35.11942072,75.6310914,4497.0,6.464660284103879,0.035753336,2026-09-01T06:54:27.896595+00:00
PKGL-07633,,35.12243874,75.63012099,4482.0,6.11896961287825,0.002539376,2026-09-01T06:54:27.896595+00:00
PKGL-07634,,35.12559192,75.62939099,4452.0,5.762192118416964,0.061360294,2026-09-01T06:54:27.896595+00:00
PKGL-07635,,35.13162231,75.63183822,4355.0,5.148477410620978,0.037224325,2026-09-01T06:54:27.896595+00:00
PKGL-07636,,35.13885067,75.64977966,4518.0,5.059742751158655,0.006723162,2026-09-01T06:54:27.896595+00:00
PKGL-07637,,35.12464784,75.65516014,4545.0,6.661537379202185,0.036096,2026-09-01T06:54:27.896595+00:00
PKGL-07638,,35.12502495,75.65064453,4619.0,6.4305682191878,0.001784368,2026-09-01T06:54:27.896595+00:00
PKGL-07639,,35.04851513,75.59635511,4468.0,14.399302514306369,0.009740641,2026-09-01T06:54:27.896595+00:00
PKGL-07640,,35.03904773,75.59183246,4567.0,15.50200449898645,0.003772577,2026-09-01T06:54:27.896595+00:00
PKGL-07641,,35.03691612,75.6015805,4561.0,15.622027206305622,0.010838772,2026-09-01T06:54:27.896595+00:00
PKGL-07642,,35.07604875,75.675482,4582.0,9.516941037289117,0.007660905,2026-09-01T06:54:27.896595+00:00
PKGL-07643,,35.00545151,75.70670995,4705.0,13.325829626149645,0.019927161,2026-09-01T06:54:27.896595+00:00
PKGL-07644,,35.00726763,75.70868294,4719.0,13.066642455217789,0.000988529,2026-09-01T06:54:27.896595+00:00
PKGL-07645,,35.00417704,75.69531733,4717.0,13.92545982862495,0.021036673,2026-09-01T06:54:27.896595+00:00
PKGL-07646,,35.0093305,75.69282876,4742.0,13.54196133709723,0.011961383,2026-09-01T06:54:27.896595+00:00
PKGL-07647,,35.017828,75.67145369,4609.0,13.900510519320664,0.036776078,2026-09-01T06:54:27.896595+00:00
PKGL-07648,,35.0124611,75.6785426,4666.0,13.972511144529197,0.005044078,2026-09-01T06:54:27.896595+00:00
PKGL-07649,,35.02900952,75.68174321,4501.0,12.345846273323213,0.004108708,2026-09-01T06:54:27.896595+00:00
PKGL-07650,,35.00309041,75.72912561,4651.0,12.839563376124312,0.013511104,2026-09-01T06:54:27.896595+00:00
PKGL-07651,,34.91637741,75.55128783,4505.0,18.609635571104068,0.078541361,2026-09-01T06:54:27.896595+00:00
PKGL-07652,,34.80296306,75.55264897,4668.0,12.78052023060794,0.005356906,2026-09-01T06:54:27.896595+00:00
PKGL-07653,,34.80736987,75.54420205,4687.0,13.588778022077378,0.169901058,2026-09-01T06:54:27.896595+00:00
PKGL-07654,,34.80000219,75.53432934,4727.0,14.435170781157549,0.006183445,2026-09-01T06:54:27.896595+00:00
PKGL-07655,,34.80160863,75.53186336,4745.0,14.667272671478836,0.000839995,2026-09-01T06:54:27.896595+00:00
PKGL-07656,,34.75803811,75.50323793,4504.0,11.35764469767374,0.011340995,2026-09-01T06:54:27.896595+00:00
PKGL-07657,,34.73550189,75.48488403,4646.0,9.737775581255962,0.002868939,2026-09-01T06:54:27.896595+00:00
PKGL-07658,,34.62010462,75.3948759,4421.0,13.97752134206102,0.030907128,2026-09-01T06:54:27.896595+00:00
PKGL-07659,,34.54175847,75.46983003,4548.0,14.654170014106706,0.040131831,2026-09-01T06:54:27.896595+00:00
PKGL-07660,,34.542323,75.46663351,4542.0,14.728044976241392,0.007109168,2026-09-01T06:54:27.896595+00:00
PKGL-07661,,34.54030683,75.47437143,4543.0,14.625061058917058,0.005913592,2026-09-01T06:54:27.896595+00:00
PKGL-07662,,34.53974169,75.47312109,4543.0,14.72937003751272,0.002569384,2026-09-01T06:54:27.896595+00:00
PKGL-07663,,34.54202255,75.4610209,4637.0,14.99733621791936,0.00286015,2026-09-01T06:54:27.896595+00:00
PKGL-07664,,34.52634575,75.4813789,4597.0,15.827491500501766,0.007076994,2026-09-01T06:54:27.896595+00:00
PKGL-07665,,34.53223846,75.48625444,4548.0,15.061494848855231,0.005337042,2026-09-01T06:54:27.896595+00:00
PKGL-07666,,34.5100105,75.54846617,4733.0,13.382881057750405,0.007541867,2026-09-01T06:54:27.896595+00:00
PKGL-07667,,34.50455356,75.55273097,4912.0,12.661867346689949,0.006435203,2026-09-01T06:54:27.896595+00:00
PKGL-07668,,34.56111695,75.5621516,4021.0,9.463593507463855,0.00460594,2026-09-01T06:54:27.896595+00:00
PKGL-07669,,34.51880606,75.53354893,4676.0,14.788483904170675,0.003852244,2026-09-01T06:54:27.896595+00:00
PKGL-07670,,34.52999962,75.54192034,4691.0,13.348170388573855,0.002169134,2026-09-01T06:54:27.896595+00:00
PKGL-07671,,34.53460844,75.52825419,4487.0,13.392478288063089,0.000217119,2026-09-01T06:54:27.896595+00:00
PKGL-07672,,34.49473851,75.63864708,4608.0,7.062525841997931,0.06148972,2026-09-01T06:54:27.896595+00:00
PKGL-07673,,34.54708426,75.49600803,4682.0,13.213932511925048,0.016311876,2026-09-01T06:54:27.896595+00:00
PKGL-07674,,34.51214748,75.58651162,4706.0,11.347382912285504,0.000996767,2026-09-01T06:54:27.896595+00:00
PKGL-07675,,34.51169267,75.58729725,4703.0,11.261546608568825,0.000517447,2026-09-01T06:54:27.896595+00:00
PKGL-07676,,34.5122174,75.58849375,4707.0,11.231761262580438,0.00111666,2026-09-01T06:54:27.896595+00:00
PKGL-07677,,34.5386788,75.49166956,4708.0,14.225248740311065,0.006026362,2026-09-01T06:54:27.896595+00:00
PKGL-07678,,34.49147138,75.6120065,4683.0,8.076607956963331,0.018373336,2026-09-01T06:54:27.896595+00:00
PKGL-07679,,34.48704431,75.64243181,4593.0,6.139845600965422,0.001745172,2026-09-01T06:54:27.896595+00:00
PKGL-07680,,34.50055951,75.64281006,4542.0,7.525025123657324,0.00788599,2026-09-01T06:54:27.896595+00:00
PKGL-07681,,34.49520449,75.6424533,4630.0,6.977128715698818,0.000211396,2026-09-01T06:54:27.896595+00:00
PKGL-07682,,34.51974972,75.63201229,4613.0,9.868306815304368,0.003226666,2026-09-01T06:54:27.896595+00:00
PKGL-07683,,34.51911039,75.62461761,4641.0,10.061264119283669,0.005093464,2026-09-01T06:54:27.896595+00:00
PKGL-07684,,34.5055437,75.74348737,4573.0,6.9695255829671385,0.005695515,2026-09-01T06:54:27.896595+00:00
PKGL-07685,,34.51155144,75.74944935,4692.0,7.462887167449763,0.091600505,2026-09-01T06:54:27.896595+00:00
PKGL-07686,,34.51211152,75.75444751,4759.0,7.434108574639406,0.001595088,2026-09-01T06:54:27.896595+00:00
PKGL-07687,,34.52307981,75.77152949,4587.0,8.557611202440198,0.072377107,2026-09-01T06:54:27.896595+00:00
PKGL-07688,,34.51931915,75.77134387,4671.0,8.139099756946447,0.000598891,2026-09-01T06:54:27.896595+00:00
PKGL-07689,,34.52051081,75.7849855,4709.0,8.41280597470016,0.003059011,2026-09-01T06:54:27.896595+00:00
PKGL-07690,,34.5272024,75.76998592,4571.0,9.011548633304718,0.000874892,2026-09-01T06:54:27.896595+00:00
PKGL-07691,,34.49767661,75.78202496,4633.0,5.871347184439765,0.000600946,2026-09-01T06:54:27.896595+00:00
PKGL-07692,,34.5091208,75.80847615,4688.0,7.926675007525347,0.012565057,2026-09-01T06:54:27.896595+00:00
PKGL-07693,,34.77251569,75.86015138,4552.0,7.503696937491033,0.012946638,2026-09-01T06:54:27.896595+00:00
PKGL-07694,,34.77449802,75.86699422,4521.0,7.600233766987525,0.007741506,2026-09-01T06:54:27.896595+00:00
PKGL-07695,,34.77569668,75.87148657,4418.0,7.682702403109603,0.007873928,2026-09-01T06:54:27.896595+00:00
PKGL-07696,,34.84081407,75.92291057,4607.0,15.411124584316878,0.006664133,2026-09-01T06:54:27.896595+00:00
PKGL-07697,,34.83544766,75.92007259,4548.0,14.768080502715089,0.002500347,2026-09-01T06:54:27.896595+00:00
PKGL-07698,,35.04461409,75.72486999,4610.0,8.690208643528393,0.028600326,2026-09-01T06:54:27.896595+00:00
PKGL-07699,,35.03948872,75.72757564,4616.0,9.092555906683453,0.008202917,2026-09-01T06:54:27.896595+00:00
PKGL-07700,,35.05330562,75.72342332,4514.0,7.916763173436485,0.004094275,2026-09-01T06:54:27.896595+00:00
PKGL-07701,,35.23008247,75.63054643,2635.0,4.334966817021128,2.213478561,2026-09-01T06:54:27.896595+00:00
PKGL-07702,,35.17175879,75.50716049,4544.0,9.947684007257068,0.03292872,2026-09-01T06:54:27.896595+00:00
PKGL-07703,,35.17146002,75.5208563,4553.0,8.755870702567695,0.119347696,2026-09-01T06:54:27.896595+00:00
PKGL-07704,,35.16571959,75.53816341,4570.0,7.417766828672323,0.010851446,2026-09-01T06:54:27.896595+00:00
PKGL-07705,,35.16319391,75.53621694,4580.0,7.6617489374910015,0.005458527,2026-09-01T06:54:27.896595+00:00
PKGL-07706,,35.16334392,75.5324292,4604.0,7.995924453214617,0.014053437,2026-09-01T06:54:27.896595+00:00
PKGL-07707,,35.15925348,75.54006657,4517.0,7.421373348303468,0.00513374,2026-09-01T06:54:27.896595+00:00
PKGL-07708,,35.15300688,75.53677017,4539.0,7.914560115124388,0.045771232,2026-09-01T06:54:27.896595+00:00
PKGL-07709,,35.14745053,75.54634078,4442.0,7.351894470869502,0.089028342,2026-09-01T06:54:27.896595+00:00
PKGL-07710,,35.15165442,75.55402718,4345.0,6.519265946764564,0.003310785,2026-09-01T06:54:27.896595+00:00
PKGL-07711,,35.15556995,75.56064471,4308.0,5.79088914323996,0.003296471,2026-09-01T06:54:27.896595+00:00
PKGL-07712,,35.13966168,75.54107781,4570.0,8.183879788423305,0.00720022,2026-09-01T06:54:27.896595+00:00
PKGL-07713,,35.13862872,75.54743201,4500.0,7.752315401599114,0.012488236,2026-09-01T06:54:27.896595+00:00
PKGL-07714,,35.25924103,75.42723963,3887.0,9.2156532667589,0.016730438,2026-09-01T06:54:27.896595+00:00
PKGL-07715,,34.72698167,75.56428879,4603.0,7.742778346959448,0.038111471,2026-09-01T06:54:27.896595+00:00
PKGL-07716,,34.76077001,75.56650112,4207.0,11.431245527597785,0.00618701,2026-09-01T06:54:27.896595+00:00
PKGL-07717,,34.82987942,75.57457167,4505.0,11.410083539968884,0.012212478,2026-09-01T06:54:27.896595+00:00
PKGL-07718,,34.74775247,75.2600384,3843.0,17.180290230716285,0.001388419,2026-09-01T06:54:27.896595+00:00
PKGL-07719,,34.5653269,75.37094159,4454.0,9.350022801762911,0.000552041,2026-09-01T06:54:27.896595+00:00
PKGL-07720,,34.78637284,75.4204736,4519.0,17.744188380146053,0.001240052,2026-09-01T06:54:27.896595+00:00
PKGL-07721,,35.03822929,75.55596974,4016.0,16.425545961598115,0.001836419,2026-09-01T06:54:27.896595+00:00
PKGL-07722,,35.09572151,75.57936408,4376.0,9.694123293508138,0.109333388,2026-09-01T06:54:27.896595+00:00
PKGL-07723,,35.09888686,75.57868311,4373.0,9.392021485171409,0.001241346,2026-09-01T06:54:27.896595+00:00
PKGL-07724,,34.99002441,75.61730231,4509.0,19.51789411636863,0.004863105,2026-09-01T06:54:27.896595+00:00
PKGL-07725,,34.70229695,75.55540744,4507.0,4.880591334951266,0.006192809,2026-09-01T06:54:27.896595+00:00
PKGL-07726,,34.51977456,75.43280623,4265.0,14.265141857299357,0.001926997,2026-09-01T06:54:27.896595+00:00
PKGL-07727,,34.53095102,75.61934879,4736.0,11.460289121647753,0.000660169,2026-09-01T06:54:27.896595+00:00
PKGL-07728,,34.52644442,75.63708221,4622.0,10.4255394177049,0.001205993,2026-09-01T06:54:27.896595+00:00
PKGL-07729,,34.4826564,75.76625101,4330.0,4.058936744418454,0.004431249,2026-09-01T06:54:27.896595+00:00
PKGL-07730,,34.9404156,75.81150632,4814.0,18.948947985910497,0.000412072,2026-09-01T06:54:27.896595+00:00
PKGL-07731,,34.93557615,75.79889887,4808.0,18.36328272770352,0.00071981,2026-09-01T06:54:27.896595+00:00
PKGL-07732,,34.93658129,75.79802745,4819.0,18.41640173315972,0.000760101,2026-09-01T06:54:27.896595+00:00
PKGL-07733,,34.93853777,75.79799565,4798.0,18.600524854669864,0.000488685,2026-09-01T06:54:27.896595+00:00
PKGL-07734,,34.93899477,75.79229659,4767.0,18.380512378387458,0.001206638,2026-09-01T06:54:27.896595+00:00
PKGL-07735,,34.94264068,75.7889148,4684.0,18.585209311237925,0.001537984,2026-09-01T06:54:27.896595+00:00
PKGL-07736,,34.94487787,75.78449572,4714.0,18.61903059521253,0.000158042,2026-09-01T06:54:27.896595+00:00
PKGL-07737,,34.94687013,75.84336834,4773.0,16.785541175795384,0.000441151,2026-09-01T06:54:27.896595+00:00
PKGL-07738,,34.97100026,75.83154816,4690.0,15.373572376913756,0.001181019,2026-09-01T06:54:27.896595+00:00
PKGL-07739,,34.9575188,75.81383802,4456.0,17.036647731067372,0.001046188,2026-09-01T06:54:27.896595+00:00
PKGL-07740,,34.92818444,75.90024522,4557.0,15.442260141089989,0.00171729,2026-09-01T06:54:27.896595+00:00
PKGL-07741,,35.03406744,75.86436025,4779.0,8.578167472697682,0.002276916,2026-09-01T06:54:27.896595+00:00
PKGL-07742,,35.03120164,75.84599734,4700.0,8.658322885656473,0.001630175,2026-09-01T06:54:27.896595+00:00
PKGL-07743,,35.02442349,75.83287072,4665.0,9.440171070554882,0.003819338,2026-09-01T06:54:27.896595+00:00
PKGL-07744,,35.02253325,75.83140561,4672.0,9.6618776280706,0.005990728,2026-09-01T06:54:27.896595+00:00
PKGL-07745,,35.03143851,75.82252926,4695.0,8.802938778146498,0.001424342,2026-09-01T06:54:27.896595+00:00
PKGL-07746,,35.0160036,75.803638,4629.0,10.911874383849543,0.012223983,2026-09-01T06:54:27.896595+00:00
PKGL-07747,,35.05243708,75.81836717,4282.0,6.644562179167888,0.000389427,2026-09-01T06:54:27.896595+00:00
PKGL-07748,,35.02327023,75.57145841,4025.0,17.59687447766894,0.016708168,2026-09-01T06:54:27.896595+00:00
PKGL-07749,,35.00068643,75.77055295,4695.0,12.573220870750012,0.026604538,2026-09-01T06:54:27.896595+00:00
PKGL-07750,,35.00159296,75.76948837,4698.0,12.471975477213835,0.000113073,2026-09-01T06:54:27.896595+00:00
PKGL-07751,,35.20226848,75.50579117,4642.0,9.811086481799938,0.003070272,2026-09-01T06:54:27.896595+00:00
PKGL-07752,,35.215835,75.50332865,4576.0,9.826638563734708,0.000343689,2026-09-01T06:54:27.896595+00:00
PKGL-07753,,35.17229034,75.39340621,4697.0,18.21047704295032,0.002886816,2026-09-01T06:54:27.896595+00:00
PKGL-07754,,35.17276247,75.41102644,4684.0,17.261146520491938,0.000781813,2026-09-01T06:54:27.896595+00:00
PKGL-07755,,34.81308002,75.50041608,4588.0,17.354083670071542,0.013747504,2026-09-01T06:54:27.896595+00:00
PKGL-07756,,34.73518667,75.67943361,4508.0,5.071911243876198,0.000767425,2026-09-01T06:54:27.896595+00:00
PKGL-07757,,34.73512663,75.67731591,4513.0,5.258828443464467,0.003452628,2026-09-01T06:54:27.896595+00:00
PKGL-07758,,34.73578112,75.67622099,4511.0,5.334438016339954,0.000511175,2026-09-01T06:54:27.896595+00:00
PKGL-07759,,34.60302304,75.68084653,4368.0,6.211703690875203,0.000776177,2026-09-01T06:54:27.896595+00:00
PKGL-07760,,34.49118073,75.64901574,4522.0,6.356105799833466,0.136956501,2026-09-01T06:54:27.896595+00:00
PKGL-07761,,34.91439684,75.7395883,4740.0,13.908245762090738,0.012054036,2026-09-01T06:54:27.896595+00:00
PKGL-07762,,34.9193318,75.71908388,4683.0,13.986210068231866,0.00688481,2026-09-01T06:54:27.896595+00:00
PKGL-07763,,35.00461365,75.81543944,4901.0,11.854656559971348,0.001133858,2026-09-01T06:54:27.896595+00:00
PKGL-07764,,34.74412291,75.84552375,4595.0,5.166938415629812,0.00979466,2026-09-01T06:54:27.896595+00:00
PKGL-07765,,34.89643606,75.8952603,4973.0,17.50294741805888,0.000645792,2026-09-01T06:54:27.896595+00:00
PKGL-07766,,34.92165897,75.95485835,4898.0,11.3950911552099,0.001215116,2026-09-01T06:54:27.896595+00:00
PKGL-07767,,34.84099569,75.9657775,4842.0,13.097317822763037,0.002893817,2026-09-01T06:54:27.896595+00:00
PKGL-07768,,34.82375072,75.95886812,4876.0,13.5833416641945,0.001748157,2026-09-01T06:54:27.896595+00:00
PKGL-07769,,34.79371791,75.97468377,4901.0,12.583985122088842,0.002365227,2026-09-01T06:54:27.896595+00:00
PKGL-07770,,34.97838668,73.53707521,3959.0,22.021522321887733,0.030001336,2026-09-01T06:54:27.896595+00:00
PKGL-07771,,34.97984678,73.53466996,3961.0,22.17307268599464,0.001000919,2026-09-01T06:54:27.896595+00:00
PKGL-07772,,34.98051505,73.53276084,3959.0,22.240484006751668,0.000162179,2026-09-01T06:54:27.896595+00:00
PKGL-07773,,34.96547152,73.54184967,4347.0,20.617151192181453,0.004897536,2026-09-01T06:54:27.896595+00:00
PKGL-07774,,34.96691568,73.53875791,4314.0,20.75723641902897,0.000372188,2026-09-01T06:54:27.896595+00:00
PKGL-07775,,34.92172496,73.52951911,4255.0,15.6970995129442,0.000532171,2026-09-01T06:54:27.896595+00:00
PKGL-07776,,34.92672556,73.53621032,4296.0,16.28270714921587,9.54e-05,2026-09-01T06:54:27.896595+00:00
PKGL-07777,,34.95232635,73.54152395,4235.0,19.15783373429088,0.009603544,2026-09-01T06:54:27.896595+00:00
PKGL-07778,,34.98116663,73.51543429,3783.0,21.894908804839773,0.000736572,2026-09-01T06:54:27.896595+00:00
PKGL-07779,,34.93086046,73.50511529,4394.0,16.79538181479755,0.000100028,2026-09-01T06:54:27.896595+00:00
PKGL-07780,,34.91018916,73.49049334,4182.0,14.730604661082229,0.003211584,2026-09-01T06:54:27.896595+00:00
PKGL-07781,,34.90655779,73.48909589,4248.0,14.363821831181795,0.003767119,2026-09-01T06:54:27.896595+00:00
PKGL-07782,,34.91007973,73.4956396,4365.0,14.62790164088429,0.001257962,2026-09-01T06:54:27.896595+00:00
PKGL-07783,,34.91347722,73.49816355,4412.0,14.96156310882116,0.00036735,2026-09-01T06:54:27.896595+00:00
PKGL-07784,,34.91438477,73.49812946,4399.0,15.061698548232172,0.000236929,2026-09-01T06:54:27.896595+00:00
PKGL-07785,,34.78599941,73.58031286,4096.0,5.163354015097882,0.02880006,2026-09-01T06:54:27.896595+00:00
PKGL-07786,,34.82068111,73.61496901,4062.0,9.412409580929497,0.012437288,2026-09-01T06:54:27.896595+00:00
PKGL-07787,,34.9634288,73.63426472,4127.0,13.552867559293144,0.007710999,2026-09-01T06:54:27.896595+00:00
PKGL-07788,,34.96082567,73.63505734,4168.0,13.408001293663016,0.002915982,2026-09-01T06:54:27.896595+00:00
PKGL-07789,,34.96110349,73.63265738,4154.0,13.62750532173341,0.001094879,2026-09-01T06:54:27.896595+00:00
PKGL-07790,,34.96497264,73.63262326,4110.0,13.743652933116138,0.001030008,2026-09-01T06:54:27.896595+00:00
PKGL-07791,,34.95575213,73.61925099,4085.0,14.689640819843564,0.008752403,2026-09-01T06:54:27.896595+00:00
PKGL-07792,,34.9596892,73.61781412,4139.0,14.906772434929774,0.000380724,2026-09-01T06:54:27.896595+00:00
PKGL-07793,,34.97215873,73.64307131,4208.0,13.09157484711477,0.006613566,2026-09-01T06:54:27.896595+00:00
PKGL-07794,,34.98316111,73.63487734,4208.0,14.248732766728796,0.01132745,2026-09-01T06:54:27.896595+00:00
PKGL-07795,,34.98476543,73.62001441,4065.0,15.562006122227544,0.003385461,2026-09-01T06:54:27.896595+00:00
PKGL-07796,,34.99223334,73.65603676,4028.0,13.016550542419152,0.056684326,2026-09-01T06:54:27.896595+00:00
PKGL-07797,,34.99700276,73.65042927,4019.0,13.731163337822355,0.019031938,2026-09-01T06:54:27.896595+00:00
PKGL-07798,,34.99615919,73.65515601,4025.0,13.318516213374028,0.010628924,2026-09-01T06:54:27.896595+00:00
PKGL-07799,,34.99761267,73.65568623,4021.0,13.367464492424528,0.000183935,2026-09-01T06:54:27.896595+00:00
PKGL-07800,,34.99422424,73.65624721,4029.0,13.118221931341392,0.003529895,2026-09-01T06:54:27.896595+00:00
PKGL-07801,,35.00850129,73.64478904,4036.0,14.873075040474156,0.00624775,2026-09-01T06:54:27.896595+00:00
PKGL-07802,,35.01409865,73.63793832,4227.0,15.743315688779605,0.000956845,2026-09-01T06:54:27.896595+00:00
PKGL-07803,,35.00572771,73.66826631,4121.0,12.992955872623511,0.008247892,2026-09-01T06:54:27.896595+00:00
PKGL-07804,,35.00637353,73.67042892,4098.0,12.889483790913966,0.005335459,2026-09-01T06:54:27.896595+00:00
PKGL-07805,,35.02327467,73.65181771,3679.0,15.4037052936976,0.076728561,2026-09-01T06:54:27.896595+00:00
PKGL-07806,,35.01614069,73.66033164,3917.0,14.296963924582869,0.001647122,2026-09-01T06:54:27.896595+00:00
PKGL-07807,,35.01509532,73.66070951,3911.0,14.194109177696852,0.00045051,2026-09-01T06:54:27.896595+00:00
PKGL-07808,,35.01560723,73.66096921,3914.0,14.214155324757662,0.000542668,2026-09-01T06:54:27.896595+00:00
PKGL-07809,,34.97613922,73.60459305,3542.0,16.549013560651066,0.000310095,2026-09-01T06:54:27.896595+00:00
PKGL-07810,,35.01723056,73.5183748,3379.0,18.081009467826224,0.006088801,2026-09-01T06:54:27.896595+00:00
PKGL-07811,,35.0191745,73.51420653,3378.0,17.768640814194352,0.05942596,2026-09-01T06:54:27.896595+00:00
PKGL-07812,,35.01957664,73.51114105,3381.0,17.6528035364976,0.003900562,2026-09-01T06:54:27.896595+00:00
PKGL-07813,,35.02067118,73.50421862,3346.0,17.385037172138343,0.003618726,2026-09-01T06:54:27.896595+00:00
PKGL-07814,,35.3717405,73.49566766,4093.0,15.716129290655694,0.074350475,2026-09-01T06:54:27.896595+00:00
PKGL-07815,,35.36141054,73.50910124,4445.0,16.553385384337826,0.056830558,2026-09-01T06:54:27.896595+00:00
PKGL-07816,,35.36738243,73.51331259,4555.0,15.831639736961291,0.001608191,2026-09-01T06:54:27.896595+00:00
PKGL-07817,,35.36212783,73.46872498,4198.0,17.29841357469396,0.060620713,2026-09-01T06:54:27.896595+00:00
PKGL-07818,,35.35774131,73.47322461,4311.0,17.717523914355876,0.09763199,2026-09-01T06:54:27.896595+00:00
PKGL-07819,,35.36549787,73.47452502,4032.0,16.847021932914142,0.004779181,2026-09-01T06:54:27.896595+00:00
PKGL-07820,,35.33197548,73.48529863,3898.0,16.065119374626754,0.061304597,2026-09-01T06:54:27.896595+00:00
PKGL-07821,,35.33242033,73.48851002,3896.0,16.271600464688568,0.001375464,2026-09-01T06:54:27.896595+00:00
PKGL-07822,,35.32089774,73.45463882,3565.0,13.5749288480097,0.094356374,2026-09-01T06:54:27.896595+00:00
PKGL-07823,,35.30726563,73.44885305,4004.0,11.99032569626917,0.084981563,2026-09-01T06:54:27.896595+00:00
PKGL-07824,,35.31652483,73.4782195,4110.0,14.290753990319049,0.026733905,2026-09-01T06:54:27.896595+00:00
PKGL-07825,,35.27675178,73.4948883,4274.0,11.902489281949046,0.005803192,2026-09-01T06:54:27.896595+00:00
PKGL-07826,,35.26339873,73.48812314,4387.0,10.31333549427442,0.017965516,2026-09-01T06:54:27.896595+00:00
PKGL-07827,,35.34588423,73.51408055,4390.0,18.181109650993022,0.04374256,2026-09-01T06:54:27.896595+00:00
PKGL-07828,,35.34242736,73.51412225,4374.0,18.56023792005988,0.002462259,2026-09-01T06:54:27.896595+00:00
PKGL-07829,,35.33792282,73.52369907,4285.0,18.743535739965743,0.155443872,2026-09-01T06:54:27.896595+00:00
PKGL-07830,,35.34421273,73.52917913,4491.0,18.218222447990264,0.011342953,2026-09-01T06:54:27.896595+00:00
PKGL-07831,,35.34252486,73.52935832,4498.0,18.40432698021089,0.000591609,2026-09-01T06:54:27.896595+00:00
PKGL-07832,,35.34584238,73.54184468,4492.0,17.99256360869024,0.019428253,2026-09-01T06:54:27.896595+00:00
PKGL-07833,,35.34427729,73.54604407,4383.0,18.16782905543662,0.10622383,2026-09-01T06:54:27.896595+00:00
PKGL-07834,,35.34351194,73.55346278,4223.0,18.274475749058578,0.008885733,2026-09-01T06:54:27.896595+00:00
PKGL-07835,,35.35054669,73.54994066,4326.0,17.479377689019483,0.023138087,2026-09-01T06:54:27.896595+00:00
PKGL-07836,,35.34409002,73.5588056,4114.0,18.24118819604856,0.001538724,2026-09-01T06:54:27.896595+00:00
PKGL-07837,,35.34491959,73.56619503,3901.0,18.21331612397137,0.05971725,2026-09-01T06:54:27.896595+00:00
PKGL-07838,,35.34744076,73.57734013,4148.0,18.07951914837288,0.016941413,2026-09-01T06:54:27.896595+00:00
PKGL-07839,,35.34943406,73.59014365,4201.0,18.09763900721255,0.00538186,2026-09-01T06:54:27.896595+00:00
PKGL-07840,,35.34920487,73.58895112,4205.0,18.097409446991865,0.003011378,2026-09-01T06:54:27.896595+00:00
PKGL-07841,,35.3316059,73.54042731,4261.0,19.006221960749464,0.13909996,2026-09-01T06:54:27.896595+00:00
PKGL-07842,,35.32546293,73.52010736,4077.0,17.509481444096682,0.020345103,2026-09-01T06:54:27.896595+00:00
PKGL-07843,,35.35608697,73.54403418,4444.0,16.85307443844467,0.006934717,2026-09-01T06:54:27.896595+00:00
PKGL-07844,,35.35615298,73.6926268,4183.0,17.492400775619863,0.052399641,2026-09-01T06:54:27.896595+00:00
PKGL-07845,,35.34573315,73.68235872,4238.0,18.803887402814503,0.019212273,2026-09-01T06:54:27.896595+00:00
PKGL-07846,,35.33439138,73.6824479,4321.0,20.038533496368725,0.023251873,2026-09-01T06:54:27.896595+00:00
PKGL-07847,,35.34548626,73.69541739,4302.0,18.6251409099312,0.005366569,2026-09-01T06:54:27.896595+00:00
PKGL-07848,,35.34492689,73.69994972,4244.0,18.632615552853927,0.02992024,2026-09-01T06:54:27.896595+00:00
PKGL-07849,,35.3381788,73.67232952,4257.0,19.8250507257076,0.018846735,2026-09-01T06:54:27.896595+00:00
PKGL-07850,,35.33546521,73.67114013,4301.0,20.14387501729965,0.019364214,2026-09-01T06:54:27.896595+00:00
PKGL-07851,,35.33430598,73.66960814,4307.0,20.30274817070929,0.001335976,2026-09-01T06:54:27.896595+00:00
PKGL-07852,,35.33287919,73.66770685,4365.0,20.49936395818889,0.001163244,2026-09-01T06:54:27.896595+00:00
PKGL-07853,,35.33677442,73.66718037,4305.0,20.09286855088256,0.000534785,2026-09-01T06:54:27.896595+00:00
PKGL-07854,,35.32459144,73.65048102,4203.0,21.822604973959788,0.012443906,2026-09-01T06:54:27.896595+00:00
PKGL-07855,,35.32301678,73.6531263,4180.0,21.916999509623608,0.000433723,2026-09-01T06:54:27.896595+00:00
PKGL-07856,,35.33789781,73.64480059,4283.0,20.485814439816043,0.012660215,2026-09-01T06:54:27.896595+00:00
PKGL-07857,,35.30747774,73.60417339,4466.0,19.74680835351089,0.025106944,2026-09-01T06:54:27.896595+00:00
PKGL-07858,,35.31782609,73.61024569,4288.0,20.98004950146232,0.004224848,2026-09-01T06:54:27.896595+00:00
PKGL-07859,,35.32918708,73.59337005,4399.0,20.35634669110682,0.008402761,2026-09-01T06:54:27.896595+00:00
PKGL-07860,,35.33141788,73.58832711,4348.0,20.01645345866996,0.022177887,2026-09-01T06:54:27.896595+00:00
PKGL-07861,,35.3324507,73.58596779,4389.0,19.861298084808187,0.002408053,2026-09-01T06:54:27.896595+00:00
PKGL-07862,,35.33634793,73.59994353,4624.0,19.7274428074107,0.002974866,2026-09-01T06:54:27.896595+00:00
PKGL-07863,,35.35666683,73.36741699,4468.0,14.54225079995754,0.059433661,2026-09-01T06:54:27.896595+00:00
PKGL-07864,,35.36212611,73.3767274,4418.0,15.485607816412188,0.053178377,2026-09-01T06:54:27.896595+00:00
PKGL-07865,,35.35720336,73.38224518,4256.0,15.877903407580137,0.026401205,2026-09-01T06:54:27.896595+00:00
PKGL-07866,,35.3586721,73.38490796,4308.0,16.143163470901733,0.013193473,2026-09-01T06:54:27.896595+00:00
PKGL-07867,,35.36191999,73.38711099,4391.0,16.404549474270084,0.032397675,2026-09-01T06:54:27.896595+00:00
PKGL-07868,,35.35409528,73.38767974,4185.0,15.73416990373642,0.025049378,2026-09-01T06:54:27.896595+00:00
PKGL-07869,,35.35539422,73.39315677,4261.0,15.89226018587406,0.064411562,2026-09-01T06:54:27.896595+00:00
PKGL-07870,,35.353565,73.4011715,4335.0,15.73761699539624,0.112414796,2026-09-01T06:54:27.896595+00:00
PKGL-07871,,35.35161546,73.40828505,4532.0,15.593759526479127,0.00476995,2026-09-01T06:54:27.896595+00:00
PKGL-07872,,35.35360386,73.40830655,4535.0,15.813202521189476,0.003363715,2026-09-01T06:54:27.896595+00:00
PKGL-07873,,35.35290479,73.40786692,4532.0,15.730961438167894,0.001169383,2026-09-01T06:54:27.896595+00:00
PKGL-07874,,35.35026184,73.39689621,4292.0,15.34104524722058,0.011871781,2026-09-01T06:54:27.896595+00:00
PKGL-07875,,35.34949288,73.39519141,4301.0,15.246121099478549,0.004220935,2026-09-01T06:54:27.896595+00:00
PKGL-07876,,35.35962244,73.40479547,4390.0,16.44014652428261,0.06697978,2026-09-01T06:54:27.896595+00:00
PKGL-07877,,35.36607316,73.42282204,4410.0,17.395983494620232,0.040503525,2026-09-01T06:54:27.896595+00:00
PKGL-07878,,35.36959475,73.42107734,4425.0,17.750863268821668,0.073022258,2026-09-01T06:54:27.896595+00:00
PKGL-07879,,35.37075211,73.42287319,4427.0,17.57255700987,0.000134652,2026-09-01T06:54:27.896595+00:00
PKGL-07880,,35.36302047,73.43177635,4275.0,17.242436094146314,0.002984963,2026-09-01T06:54:27.896595+00:00
PKGL-07881,,35.36848337,73.43417535,4204.0,17.42363761726782,0.001406634,2026-09-01T06:54:27.896595+00:00
PKGL-07882,,35.33885799,73.43835729,4194.0,14.832923945150888,0.076603639,2026-09-01T06:54:27.896595+00:00
PKGL-07883,,35.24347694,73.69256276,4017.0,22.363508323817,0.095531784,2026-09-01T06:54:27.896595+00:00
PKGL-07884,,35.24844973,73.70167801,4264.0,23.33322844043147,0.066222155,2026-09-01T06:54:27.896595+00:00
PKGL-07885,,35.24212768,73.72052783,4191.0,24.71296167735482,0.023793206,2026-09-01T06:54:27.896595+00:00
PKGL-07886,,35.24569762,73.72646316,4182.0,25.349152895109736,0.008037345,2026-09-01T06:54:27.896595+00:00
PKGL-07887,,35.23957143,73.73268633,4333.0,25.68251853131781,0.075447562,2026-09-01T06:54:27.896595+00:00
PKGL-07888,,35.24173566,73.7347432,4317.0,25.930996889418456,0.004933282,2026-09-01T06:54:27.896595+00:00
PKGL-07889,,35.24348486,73.73874874,4161.0,26.335885370444178,0.024097976,2026-09-01T06:54:27.896595+00:00
PKGL-07890,,35.23944769,73.7412871,4172.0,26.42806201626155,0.030879133,2026-09-01T06:54:27.896595+00:00
PKGL-07891,,35.24276601,73.7433838,4117.0,26.71512416111329,0.010877254,2026-09-01T06:54:27.896595+00:00
PKGL-07892,,35.24228,73.73963194,4166.0,26.373334344025185,0.000398006,2026-09-01T06:54:27.896595+00:00
PKGL-07893,,35.23055514,73.70942201,4426.0,23.373658476579788,0.004050915,2026-09-01T06:54:27.896595+00:00
PKGL-07894,,35.23947036,73.70114499,4366.0,22.949092979405567,0.008226827,2026-09-01T06:54:27.896595+00:00
PKGL-07895,,35.23981156,73.70386948,4422.0,23.195686814795927,0.001058809,2026-09-01T06:54:27.896595+00:00
PKGL-07896,,35.23962307,73.70347829,4422.0,23.155336670876945,7.73e-05,2026-09-01T06:54:27.896595+00:00
PKGL-07897,,35.23379133,73.67468116,4109.0,20.470701974682942,0.009123341,2026-09-01T06:54:27.896595+00:00
PKGL-07898,,35.23284648,73.67539627,4103.0,20.49790134043577,0.005963373,2026-09-01T06:54:27.896595+00:00
PKGL-07899,,35.23982719,73.67122888,4030.0,20.408285338062125,0.001446703,2026-09-01T06:54:27.896595+00:00
PKGL-07900,,35.24149752,73.6453249,3995.0,18.31180433143904,0.020233819,2026-09-01T06:54:27.896595+00:00
PKGL-07901,,35.23402727,73.63543399,4140.0,17.154406818722812,0.152889996,2026-09-01T06:54:27.896595+00:00
PKGL-07902,,35.23864805,73.63078784,4144.0,16.98091120154661,0.008498542,2026-09-01T06:54:27.896595+00:00
PKGL-07903,,35.23827544,73.63172679,4151.0,17.040396088146977,0.00021507,2026-09-01T06:54:27.896595+00:00
PKGL-07904,,35.23933296,73.62699221,4249.0,16.703404257864456,0.000431908,2026-09-01T06:54:27.896595+00:00
PKGL-07905,,35.24837748,73.63867887,3939.0,18.10413056203117,0.03039528,2026-09-01T06:54:27.896595+00:00
PKGL-07906,,35.22030266,73.61973361,4068.0,15.26565438265138,0.130327563,2026-09-01T06:54:27.896595+00:00
PKGL-07907,,35.22552638,73.62673854,4375.0,16.065828541612937,0.004528786,2026-09-01T06:54:27.896595+00:00
PKGL-07908,,35.24838862,73.61220315,3800.0,16.010249918401108,0.0348791,2026-09-01T06:54:27.896595+00:00
PKGL-07909,,35.24933246,73.61344631,3807.0,16.1613479038773,0.008158667,2026-09-01T06:54:27.896595+00:00
PKGL-07910,,35.24164957,73.63441323,4095.0,17.4220905649278,0.003603499,2026-09-01T06:54:27.896595+00:00
PKGL-07911,,35.28221476,73.71919186,4185.0,23.807518031846755,0.019245748,2026-09-01T06:54:27.896595+00:00
PKGL-07912,,35.29285936,73.70112772,4347.0,23.598147631439456,0.02727463,2026-09-01T06:54:27.896595+00:00
PKGL-07913,,35.29448837,73.70215197,4344.0,23.39537831361683,0.001944458,2026-09-01T06:54:27.896595+00:00
PKGL-07914,,35.30485441,73.69811894,4082.0,22.63656274733265,0.068760483,2026-09-01T06:54:27.896595+00:00
PKGL-07915,,35.30185591,73.699677,4092.0,22.832226770805946,0.000260332,2026-09-01T06:54:27.896595+00:00
PKGL-07916,,35.29025552,73.69972999,4362.0,23.910701647546325,0.00072494,2026-09-01T06:54:27.896595+00:00
PKGL-07917,,35.2582159,73.6617457,4070.0,20.467144671701345,0.029287874,2026-09-01T06:54:27.896595+00:00
PKGL-07918,,35.26016942,73.66149087,4083.0,20.547822147610955,0.002814051,2026-09-01T06:54:27.896595+00:00
PKGL-07919,,35.08799865,73.29164086,4061.0,9.63363317705478,0.363757526,2026-09-01T06:54:27.896595+00:00
PKGL-07920,,35.09137313,73.28548711,4093.0,9.227331429848352,0.01174384,2026-09-01T06:54:27.896595+00:00
PKGL-07921,,34.92837785,73.22070805,4060.0,5.811683611084257,0.02008714,2026-09-01T06:54:27.896595+00:00
PKGL-07922,,34.92389046,73.22441806,3911.0,5.773209942222993,0.01152844,2026-09-01T06:54:27.896595+00:00
PKGL-07923,,34.94899277,73.21055878,3811.0,7.009973568241295,0.009585206,2026-09-01T06:54:27.896595+00:00
PKGL-07924,,34.93950984,73.22044504,4094.0,6.670206732942043,0.002820704,2026-09-01T06:54:27.896595+00:00
PKGL-07925,,34.96209376,73.16702608,3909.0,7.56093362541005,0.014094083,2026-09-01T06:54:27.896595+00:00
PKGL-07926,,34.96481034,73.16051873,3934.0,7.921806525686832,0.007622842,2026-09-01T06:54:27.896595+00:00
PKGL-07927,,34.95567396,73.18221553,3759.0,6.888778375701018,0.004318972,2026-09-01T06:54:27.896595+00:00
PKGL-07928,,35.37885886,73.39499168,4068.0,15.929747268242096,0.039942107,2026-09-01T06:54:27.896595+00:00
PKGL-07929,,35.37619598,73.38985446,4275.0,15.978058108002438,0.00148272,2026-09-01T06:54:27.896595+00:00
PKGL-07930,,35.37352319,73.39219967,4290.0,16.338949631476936,0.002679097,2026-09-01T06:54:27.896595+00:00
PKGL-07931,,35.38509461,73.38705873,4139.0,14.980740099139638,0.038575474,2026-09-01T06:54:27.896595+00:00
PKGL-07932,,35.38688665,73.383177,4091.0,14.644109366178078,0.016537919,2026-09-01T06:54:27.896595+00:00
PKGL-07933,,35.38047531,73.37892816,4313.0,15.125963030564932,0.027810824,2026-09-01T06:54:27.896595+00:00
PKGL-07934,,35.38173987,73.38129807,4315.0,15.086521767772092,0.027121154,2026-09-01T06:54:27.896595+00:00
PKGL-07935,,35.3730886,73.3824803,4461.0,16.007430203330287,0.005495869,2026-09-01T06:54:27.896595+00:00
PKGL-07936,,35.33394505,73.33580425,4281.0,11.45416802113522,0.022524739,2026-09-01T06:54:27.896595+00:00
PKGL-07937,,35.33282535,73.33546238,4281.0,11.42383524032641,0.000461945,2026-09-01T06:54:27.896595+00:00
PKGL-07938,,35.20338576,73.6300288,4384.0,15.639666564293666,0.025300764,2026-09-01T06:54:27.896595+00:00
PKGL-07939,,35.21675619,73.6489865,4305.0,17.67358537940019,0.109383389,2026-09-01T06:54:27.896595+00:00
PKGL-07940,,35.21263739,73.65074479,4275.0,17.70860907694776,0.048627831,2026-09-01T06:54:27.896595+00:00
PKGL-07941,,35.21613594,73.65500273,4371.0,18.181716084756182,0.00489033,2026-09-01T06:54:27.896595+00:00
PKGL-07942,,35.21548409,73.65364648,4360.0,18.043861515385924,0.002002595,2026-09-01T06:54:27.896595+00:00
PKGL-07943,,35.16432397,73.543159,4221.0,7.44627632956254,0.019092516,2026-09-01T06:54:27.896595+00:00
PKGL-07944,,35.16057528,73.54820762,4085.0,7.964092039180806,0.000958783,2026-09-01T06:54:27.896595+00:00
PKGL-07945,,35.1609042,73.54746502,4086.0,7.891240069510213,0.001009988,2026-09-01T06:54:27.896595+00:00
PKGL-07946,,35.161781,73.54885683,4079.0,7.9998657000389874,0.00814858,2026-09-01T06:54:27.896595+00:00
PKGL-07947,,35.35069918,73.41683474,4449.0,15.61484053169734,0.026928858,2026-09-01T06:54:27.896595+00:00
PKGL-07948,,35.36642988,73.41389035,4534.0,17.29614024932607,0.003626301,2026-09-01T06:54:27.896595+00:00
PKGL-07949,,35.36782842,73.41464507,4560.0,17.460148603527312,0.000369688,2026-09-01T06:54:27.896595+00:00
PKGL-07950,,35.33862972,73.41928715,4360.0,14.34299220662114,0.018258443,2026-09-01T06:54:27.896595+00:00
PKGL-07951,,35.33610574,73.41904524,4317.0,14.064170145130888,0.008706623,2026-09-01T06:54:27.896595+00:00
PKGL-07952,,35.34260344,73.42931591,4397.0,14.98983773459348,0.007977609,2026-09-01T06:54:27.896595+00:00
PKGL-07953,,35.34610373,73.44640296,4485.0,15.837041433437188,0.002458347,2026-09-01T06:54:27.896595+00:00
PKGL-07954,,35.35878054,73.4484918,4293.0,17.227065333217364,0.003425917,2026-09-01T06:54:27.896595+00:00
PKGL-07955,,35.35984907,73.44757919,4294.0,17.312111119447668,0.002022166,2026-09-01T06:54:27.896595+00:00
PKGL-07956,,35.36761987,73.45698248,4120.0,16.913941847959958,0.001101273,2026-09-01T06:54:27.896595+00:00
PKGL-07957,,35.35225519,73.46153239,4399.0,16.989045586621657,0.001402911,2026-09-01T06:54:27.896595+00:00
PKGL-07958,,35.35254167,73.46125677,4399.0,17.008046078238866,0.00015529,2026-09-01T06:54:27.896595+00:00
PKGL-07959,,35.35424167,73.46476409,4421.0,17.31082084604395,0.001695037,2026-09-01T06:54:27.896595+00:00
PKGL-07960,,35.35424426,73.46438767,4423.0,17.296929697421113,8.75e-05,2026-09-01T06:54:27.896595+00:00
PKGL-07961,,35.22891803,73.75409484,4030.0,26.83570920661316,0.043108825,2026-09-01T06:54:27.896595+00:00
PKGL-07962,,35.22522587,73.74823936,4270.0,26.649666806901948,0.013441111,2026-09-01T06:54:27.896595+00:00
PKGL-07963,,35.24561157,73.73195291,4274.0,25.81948718229917,0.003033281,2026-09-01T06:54:27.896595+00:00
PKGL-07964,,35.1409723,73.65513107,4153.0,17.922551104339938,0.027930195,2026-09-01T06:54:27.896595+00:00
PKGL-07965,,35.15458799,73.57862339,3976.0,10.804523234345128,0.022652229,2026-09-01T06:54:27.896595+00:00
PKGL-07966,,35.12943103,73.56167365,4232.0,10.287150433597832,0.018046659,2026-09-01T06:54:27.896595+00:00
PKGL-07967,,35.08300763,73.31701881,4102.0,10.48036211350091,0.050630699,2026-09-01T06:54:27.896595+00:00
PKGL-07968,,35.10540031,73.57030293,3292.0,12.402145110250892,0.037207085,2026-09-01T06:54:27.896595+00:00
PKGL-07969,,35.10680267,73.57142584,3296.0,12.389869536425245,0.002681233,2026-09-01T06:54:27.896595+00:00
PKGL-07970,,35.10676295,73.57167067,3297.0,12.410390965444408,0.000311127,2026-09-01T06:54:27.896595+00:00
PKGL-07971,,35.13038854,73.55196058,4375.0,9.464052403167807,0.021339196,2026-09-01T06:54:27.896595+00:00
PKGL-07972,,35.1428819,73.53933678,4266.0,7.798355935433318,0.05813547,2026-09-01T06:54:27.896595+00:00
PKGL-07973,,35.1468615,73.52694606,3964.0,6.591690382617205,0.005956999,2026-09-01T06:54:27.896595+00:00
PKGL-07974,,35.14489044,73.52855143,3994.0,6.82101748285198,0.002168301,2026-09-01T06:54:27.896595+00:00
PKGL-07975,,35.09338444,73.67329822,4249.0,20.437590407402155,0.0507895,2026-09-01T06:54:27.896595+00:00
PKGL-07976,,35.08792961,73.67190345,4339.0,19.9633410971402,0.035571053,2026-09-01T06:54:27.896595+00:00
PKGL-07977,,35.08314253,73.66735189,4211.0,19.706346326445743,0.005398066,2026-09-01T06:54:27.896595+00:00
PKGL-07978,,35.09260573,73.65781357,4353.0,19.93581678838236,0.011836583,2026-09-01T06:54:27.896595+00:00
PKGL-07979,,35.07977018,73.70567139,4165.0,17.830896907180815,0.012294787,2026-09-01T06:54:27.896595+00:00
PKGL-07980,,35.07680814,73.69623591,4243.0,17.863384979975983,0.004896388,2026-09-01T06:54:27.896595+00:00
PKGL-07981,,35.06783327,73.70015918,4195.0,16.80743424537797,0.002583739,2026-09-01T06:54:27.896595+00:00
PKGL-07982,,35.09916258,73.65995559,4145.0,19.79545399374936,0.003331268,2026-09-01T06:54:27.896595+00:00
PKGL-07983,,35.11267427,73.64233115,4244.0,17.72595432984519,0.003817775,2026-09-01T06:54:27.896595+00:00
PKGL-07984,,35.10994364,73.52058581,4519.0,8.821179645114189,0.011533511,2026-09-01T06:54:27.896595+00:00
PKGL-07985,,35.13306566,73.64865616,4133.0,17.549384025085327,0.008191659,2026-09-01T06:54:27.896595+00:00
PKGL-07986,,35.12894467,73.64462875,4127.0,17.320313194751105,0.005230043,2026-09-01T06:54:27.896595+00:00
PKGL-07987,,35.12994771,73.64558396,4122.0,17.372337750974516,0.004699348,2026-09-01T06:54:27.896595+00:00
PKGL-07988,,35.1306226,73.64839042,4186.0,17.59730452055445,0.001898797,2026-09-01T06:54:27.896595+00:00
PKGL-07989,,35.03862986,73.70305935,3941.0,13.79436108224644,0.01237439,2026-09-01T06:54:27.896595+00:00
PKGL-07990,,35.02702298,73.60114168,3703.0,19.3146304237824,0.015142471,2026-09-01T06:54:27.896595+00:00
PKGL-07991,,35.02464419,73.60126302,3703.0,19.15996768800016,0.021089244,2026-09-01T06:54:27.896595+00:00
PKGL-07992,,35.02275935,73.60130901,3706.0,19.042992930594902,0.004234034,2026-09-01T06:54:27.896595+00:00
PKGL-07993,,35.05578894,73.56813582,4315.0,16.234849878057968,0.011478374,2026-09-01T06:54:27.896595+00:00
PKGL-07994,,35.01272755,73.59132925,4145.0,19.26297191116978,0.015153942,2026-09-01T06:54:27.896595+00:00
PKGL-07995,,35.00056776,73.5857489,4371.0,19.124347372473785,0.00575988,2026-09-01T06:54:27.896595+00:00
PKGL-07996,,35.04970498,73.6992694,3812.0,15.039444873566612,0.004863232,2026-09-01T06:54:27.896595+00:00
PKGL-07997,,35.10696704,73.69468335,4187.0,21.01167702969435,0.005379725,2026-09-01T06:54:27.896595+00:00
PKGL-07998,,35.10756034,73.68894162,4068.0,21.26589901403825,0.009420282,2026-09-01T06:54:27.896595+00:00
PKGL-07999,,35.10983378,73.68898129,4050.0,21.49864657881257,0.001400926,2026-09-01T06:54:27.896595+00:00
PKGL-08000,,35.21082164,73.73963808,4247.0,25.578958995937768,0.012376176,2026-09-01T06:54:27.896595+00:00
PKGL-08001,,35.28478365,73.71273248,4302.0,23.833337416253134,0.039613107,2026-09-01T06:54:27.896595+00:00
PKGL-08002,,35.34068169,73.42296126,4489.0,14.63962647618386,0.004987772,2026-09-01T06:54:27.896595+00:00
PKGL-08003,,35.34340964,73.42079218,4510.0,14.891395696836437,0.006358671,2026-09-01T06:54:27.896595+00:00
PKGL-08004,,35.37330309,73.43821639,4122.0,16.79481512740029,0.004122096,2026-09-01T06:54:27.896595+00:00
PKGL-08005,,35.10181357,73.32500874,4386.0,8.390595214963898,0.001787086,2026-09-01T06:54:27.896595+00:00
PKGL-08006,,34.87185926,73.42193231,4180.0,13.78320716664,0.000251524,2026-09-01T06:54:27.896595+00:00
PKGL-08007,,34.87104556,73.42263347,4188.0,13.67332505214056,0.004208536,2026-09-01T06:54:27.896595+00:00
PKGL-08008,,34.86901526,73.42534211,4254.0,13.339865153353236,0.006467937,2026-09-01T06:54:27.896595+00:00
PKGL-08009,,34.86790958,73.42652135,4266.0,13.176542423884497,0.004384879,2026-09-01T06:54:27.896595+00:00
PKGL-08010,,34.88244418,73.44917224,4298.0,13.229450156539052,0.001800868,2026-09-01T06:54:27.896595+00:00
PKGL-08011,,34.88393995,73.44545554,4243.0,13.5487850469311,0.000440163,2026-09-01T06:54:27.896595+00:00
PKGL-08012,,34.91310036,73.42567481,4026.0,17.255443483697498,0.001772798,2026-09-01T06:54:27.896595+00:00
PKGL-08013,,34.90512899,73.45666082,4233.0,15.152503107734624,0.003061608,2026-09-01T06:54:27.896595+00:00
PKGL-08014,,34.90547894,73.45077002,4318.0,15.41391469950292,0.000968863,2026-09-01T06:54:27.896595+00:00
PKGL-08015,,34.90832292,73.4456297,4480.0,15.905060784937309,0.003314648,2026-09-01T06:54:27.896595+00:00
PKGL-08016,,35.07299398,73.45822503,4210.0,11.141602190592105,0.002779113,2026-09-01T06:54:27.896595+00:00
PKGL-08017,,35.12317593,73.54013815,4414.0,9.022539243325465,0.007130425,2026-09-01T06:54:27.896595+00:00
PKGL-08018,,35.1079283,73.53358638,4564.0,9.747619570012326,0.009060136,2026-09-01T06:54:27.896595+00:00
PKGL-08019,,35.10900472,73.5220492,4532.0,8.984899073772729,0.002625336,2026-09-01T06:54:27.896595+00:00
PKGL-08020,,35.11524519,73.5161891,4621.0,8.10989241020116,0.000892668,2026-09-01T06:54:27.896595+00:00
PKGL-08021,,35.11473793,73.51605739,4602.0,8.147516249744742,0.000399629,2026-09-01T06:54:27.896595+00:00
PKGL-08022,,35.0946795,73.52832393,4441.0,10.60918559613274,0.012856073,2026-09-01T06:54:27.896595+00:00
PKGL-08023,,35.09260809,73.52496584,4535.0,10.631798569345309,0.009089005,2026-09-01T06:54:27.896595+00:00
PKGL-08024,,35.07952769,73.50813895,4323.0,11.225387317117828,0.002684407,2026-09-01T06:54:27.896595+00:00
PKGL-08025,,35.07365613,73.50976814,4190.0,11.886825293914429,0.00060343,2026-09-01T06:54:27.896595+00:00
PKGL-08026,,35.06845028,73.52637163,4358.0,13.032853733082316,0.038638609,2026-09-01T06:54:27.896595+00:00
PKGL-08027,,35.00636593,73.53583826,3534.0,19.72596231626105,0.001263077,2026-09-01T06:54:27.896595+00:00
PKGL-08028,,35.00620844,73.53495068,3530.0,19.715077064336093,0.001613537,2026-09-01T06:54:27.896595+00:00
PKGL-08029,,35.00476433,73.55261762,3793.0,20.45993159457289,0.001694893,2026-09-01T06:54:27.896595+00:00
PKGL-08030,,35.00318688,73.55719194,3888.0,20.79060279074653,0.000472202,2026-09-01T06:54:27.896595+00:00
PKGL-08031,,35.00259622,73.56291489,3923.0,21.07207160059364,0.002471165,2026-09-01T06:54:27.896595+00:00
PKGL-08032,,35.12950788,73.57212608,4090.0,11.129994530349093,0.005990426,2026-09-01T06:54:27.896595+00:00
PKGL-08033,,35.13046741,73.56892042,4088.0,10.821179797918967,0.004645953,2026-09-01T06:54:27.896595+00:00
PKGL-08034,,35.15732678,73.57860488,3889.0,10.748678853125057,0.000790614,2026-09-01T06:54:27.896595+00:00
PKGL-08035,,35.32585119,73.56154065,4322.0,19.237981845154245,0.003278599,2026-09-01T06:54:27.896595+00:00
PKGL-08036,,35.34431403,73.57605561,4190.0,18.40306818014674,0.001088571,2026-09-01T06:54:27.896595+00:00
PKGL-08037,,35.34771713,73.57319752,4091.0,17.98888381154374,0.000326833,2026-09-01T06:54:27.896595+00:00
PKGL-08038,,35.36050721,73.65105412,3830.0,18.046183326100422,0.002002113,2026-09-01T06:54:27.896595+00:00
PKGL-08039,,35.22996054,73.6363566,4146.0,17.059246336542042,0.00063819,2026-09-01T06:54:27.896595+00:00
PKGL-08040,,35.21568268,73.62934937,4419.0,15.929433091817495,0.001561385,2026-09-01T06:54:27.896595+00:00
PKGL-08041,,35.20361869,73.63413729,4467.0,16.00993740079074,0.001291349,2026-09-01T06:54:27.896595+00:00
PKGL-08042,,35.20335385,73.62745053,4377.0,15.410155671321943,0.000317069,2026-09-01T06:54:27.896595+00:00
PKGL-08043,,35.15224837,74.08050518,4132.0,6.211282810846518,0.065186651,2026-09-01T06:54:27.896595+00:00
PKGL-08044,,35.15760867,74.07003978,4195.0,5.258673230662343,0.014077612,2026-09-01T06:54:27.896595+00:00
PKGL-08045,,35.15985281,74.06643616,4029.0,4.905666615242952,0.004972363,2026-09-01T06:54:27.896595+00:00
PKGL-08046,,35.1604519,74.06598853,4031.0,4.829043657199542,0.002480961,2026-09-01T06:54:27.896595+00:00
PKGL-08047,,35.15817211,74.05004279,3836.0,4.787425888094252,0.001560425,2026-09-01T06:54:27.896595+00:00
PKGL-08048,,35.12681441,74.09872522,4150.0,9.488184178329924,0.021132307,2026-09-01T06:54:27.896595+00:00
PKGL-08049,,35.09894255,74.0974724,4113.0,12.241099644821494,0.146472194,2026-09-01T06:54:27.896595+00:00
PKGL-08050,,35.09026841,74.09027714,4097.0,12.93034035065053,0.027904569,2026-09-01T06:54:27.896595+00:00
PKGL-08051,,35.10379808,74.10417737,4009.0,11.990243373775964,0.045184034,2026-09-01T06:54:27.896595+00:00
PKGL-08052,,35.15504041,74.07049293,4209.0,5.538280011057497,0.042796143,2026-09-01T06:54:27.896595+00:00
PKGL-08053,,35.16887358,74.02527107,3999.0,4.1227681888657495,0.000432345,2026-09-01T06:54:27.896595+00:00
PKGL-08054,,35.16676874,74.02362677,4121.0,4.40006937000117,0.002253983,2026-09-01T06:54:27.896595+00:00
PKGL-08055,,35.16586103,74.02221202,4196.0,4.55175807906816,0.000784474,2026-09-01T06:54:27.896595+00:00
PKGL-08056,,35.16649532,73.98980727,4228.0,6.511363392340448,0.010586364,2026-09-01T06:54:27.896595+00:00
PKGL-08057,,35.18367328,73.95766042,4119.0,8.39583792286334,0.1058856,2026-09-01T06:54:27.896595+00:00
PKGL-08058,,35.18526623,73.94667858,4275.0,9.334159873003674,0.053256866,2026-09-01T06:54:27.896595+00:00
PKGL-08059,,35.01785774,74.09028865,3893.0,14.085941180585449,0.300895352,2026-09-01T06:54:27.896595+00:00
PKGL-08060,,35.10937704,74.04120838,4235.0,10.223966206572594,0.019096696,2026-09-01T06:54:27.896595+00:00
PKGL-08061,,35.09972156,74.03513279,4285.0,11.33763172350423,0.041096557,2026-09-01T06:54:27.896595+00:00
PKGL-08062,,35.0981343,74.03864683,4301.0,11.486373654502351,0.02601343,2026-09-01T06:54:27.896595+00:00
PKGL-08063,,35.08739595,73.99742028,4117.0,11.178974263791668,0.029683821,2026-09-01T06:54:27.896595+00:00
PKGL-08064,,35.08568781,74.0017623,4173.0,11.215827960693336,0.037888833,2026-09-01T06:54:27.896595+00:00
PKGL-08065,,35.08520295,73.99882804,4145.0,11.031750329960325,0.007038339,2026-09-01T06:54:27.896595+00:00
PKGL-08066,,35.0826542,74.00273206,4257.0,10.977726201854786,0.022137115,2026-09-01T06:54:27.896595+00:00
PKGL-08067,,35.08230224,73.99146187,4064.0,10.42126762240084,0.097576741,2026-09-01T06:54:27.896595+00:00
PKGL-08068,,35.07932735,73.97951146,4171.0,9.647715286159594,0.005237808,2026-09-01T06:54:27.896595+00:00
PKGL-08069,,35.07955908,73.97461843,4058.0,9.502747859364153,0.018346565,2026-09-01T06:54:27.896595+00:00
PKGL-08070,,35.08342243,73.97573764,4018.0,9.940459181167013,0.044511694,2026-09-01T06:54:27.896595+00:00
PKGL-08071,,35.08387907,73.97243128,4022.0,9.886295525708125,0.004703213,2026-09-01T06:54:27.896595+00:00
PKGL-08072,,35.07893204,73.9820012,4202.0,9.70051653213948,0.007393901,2026-09-01T06:54:27.896595+00:00
PKGL-08073,,35.0811091,73.95979167,3999.0,9.274575291349596,0.007582635,2026-09-01T06:54:27.896595+00:00
PKGL-08074,,35.07765591,73.96103103,4128.0,8.927304293995913,0.035859112,2026-09-01T06:54:27.896595+00:00
PKGL-08075,,35.07673417,73.9626779,4145.0,8.865944841348316,0.002647373,2026-09-01T06:54:27.896595+00:00
PKGL-08076,,35.08179628,73.92884111,3477.0,9.152045469949943,0.950687387,2026-09-01T06:54:27.896595+00:00
PKGL-08077,,35.07638903,73.93206443,3425.0,8.531887160023304,0.005812125,2026-09-01T06:54:27.896595+00:00
PKGL-08078,,35.06933366,73.92675879,3526.0,7.792811314697327,0.009280674,2026-09-01T06:54:27.896595+00:00
PKGL-08079,,35.17774407,73.95832675,4224.0,8.515322236779578,0.038032738,2026-09-01T06:54:27.896595+00:00
PKGL-08080,,35.17367651,73.95385932,4234.0,9.045614268401074,0.013176097,2026-09-01T06:54:27.896595+00:00
PKGL-08081,,35.17641318,73.9596463,4226.0,8.448374382724076,0.002237829,2026-09-01T06:54:27.896595+00:00
PKGL-08082,,35.17054406,73.95759527,4302.0,8.85505822055848,0.004291414,2026-09-01T06:54:27.896595+00:00
PKGL-08083,,35.1690607,73.95746802,4308.0,8.930473093677673,0.00525859,2026-09-01T06:54:27.896595+00:00
PKGL-08084,,35.18921228,73.90182972,4052.0,13.306718655241308,0.010582615,2026-09-01T06:54:27.896595+00:00
PKGL-08085,,35.17430252,73.9177028,4204.0,12.171333195027591,0.016588895,2026-09-01T06:54:27.896595+00:00
PKGL-08086,,35.08092548,74.00585189,4285.0,10.9760853277063,0.051640341,2026-09-01T06:54:27.896595+00:00
PKGL-08087,,35.12780918,73.81126894,4187.0,18.277630165914232,0.028555754,2026-09-01T06:54:27.896595+00:00
PKGL-08088,,35.11975653,73.81227906,4209.0,17.529737671325407,0.003118543,2026-09-01T06:54:27.896595+00:00
PKGL-08089,,35.11863847,73.81322154,4245.0,17.37953145966861,0.003596296,2026-09-01T06:54:27.896595+00:00
PKGL-08090,,35.15564819,73.88085157,4191.0,15.97293776793508,0.013892693,2026-09-01T06:54:27.896595+00:00
PKGL-08091,,35.09073212,74.0475873,4299.0,12.280989038317662,0.04281431,2026-09-01T06:54:27.896595+00:00
PKGL-08092,,35.10038074,74.04918268,4285.0,11.209109927165908,0.008919365,2026-09-01T06:54:27.896595+00:00
PKGL-08093,,35.08376869,74.08105011,4011.0,13.40621008678814,0.013260954,2026-09-01T06:54:27.896595+00:00
PKGL-08094,,35.07309594,74.10487047,4028.0,15.166301758945115,0.020910955,2026-09-01T06:54:27.896595+00:00
PKGL-08095,,35.07012647,74.11421965,4196.0,15.783519992113,0.044078912,2026-09-01T06:54:27.896595+00:00
PKGL-08096,,34.95910662,74.05816157,4125.0,11.911472538149022,0.157880167,2026-09-01T06:54:27.896595+00:00
PKGL-08097,,34.94963352,74.08404979,4136.0,10.695633019205427,0.0135483,2026-09-01T06:54:27.896595+00:00
PKGL-08098,,34.94941959,74.08106059,4155.0,10.876042085241792,0.001443943,2026-09-01T06:54:27.896595+00:00
PKGL-08099,,34.97605913,74.07297194,4139.0,12.645765048005575,0.00906854,2026-09-01T06:54:27.896595+00:00
PKGL-08100,,34.95557859,74.00982228,4176.0,8.241333231489502,0.01888124,2026-09-01T06:54:27.896595+00:00
PKGL-08101,,34.93425418,73.96840843,4027.0,7.820646149927946,0.035437507,2026-09-01T06:54:27.896595+00:00
PKGL-08102,,34.93056456,73.95666361,4095.0,7.897442198247112,0.032038781,2026-09-01T06:54:27.896595+00:00
PKGL-08103,,34.92755529,73.93469005,4009.0,8.033826992511266,0.047922271,2026-09-01T06:54:27.896595+00:00
PKGL-08104,,34.91956169,73.94217213,4345.0,8.93084427820818,0.012343064,2026-09-01T06:54:27.896595+00:00
PKGL-08105,,34.91611677,73.93782316,4213.0,9.30261613770714,0.010956457,2026-09-01T06:54:27.896595+00:00
PKGL-08106,,34.92647901,73.99041939,3995.0,9.483480235778568,0.070576438,2026-09-01T06:54:27.896595+00:00
PKGL-08107,,34.91610168,74.00969403,4197.0,11.410548824466696,0.021137709,2026-09-01T06:54:27.896595+00:00
PKGL-08108,,34.91556085,74.0132427,4199.0,11.649063349445646,0.020375152,2026-09-01T06:54:27.896595+00:00
PKGL-08109,,34.91103607,74.00812177,4172.0,11.79531824342416,0.026920654,2026-09-01T06:54:27.896595+00:00
PKGL-08110,,34.90873111,74.02562906,4142.0,12.939205032725283,0.144770352,2026-09-01T06:54:27.896595+00:00
PKGL-08111,,34.93591186,74.02033648,4280.0,10.382810249567148,0.033783442,2026-09-01T06:54:27.896595+00:00
PKGL-08112,,34.93595033,73.98275363,3863.0,8.221332040972248,0.030093927,2026-09-01T06:54:27.896595+00:00
PKGL-08113,,34.96701489,73.95455874,4087.0,3.970921320926489,0.020943183,2026-09-01T06:54:27.896595+00:00
PKGL-08114,,35.01798851,73.99886842,4138.0,5.969553113695367,0.026943032,2026-09-01T06:54:27.896595+00:00
PKGL-08115,,35.01223603,74.02393334,4119.0,8.019216969894634,0.01549384,2026-09-01T06:54:27.896595+00:00
PKGL-08116,,35.00329939,74.03014643,4291.0,8.47402418720017,0.052327744,2026-09-01T06:54:27.896595+00:00
PKGL-08117,,34.99801981,74.04729931,4269.0,10.029535153156932,0.041041516,2026-09-01T06:54:27.896595+00:00
PKGL-08118,,35.04387396,74.05899905,4242.0,12.125891192187916,0.044901099,2026-09-01T06:54:27.896595+00:00
PKGL-08119,,35.05252763,74.04068848,4250.0,11.098980669711056,0.020135377,2026-09-01T06:54:27.896595+00:00
PKGL-08120,,35.06634873,74.00975947,4288.0,9.921227030529602,0.013015615,2026-09-01T06:54:27.896595+00:00
PKGL-08121,,35.07564351,74.01495325,4175.0,11.012074035595663,0.005872862,2026-09-01T06:54:27.896595+00:00
PKGL-08122,,35.06433177,74.03396916,4235.0,11.364054833901214,0.017357209,2026-09-01T06:54:27.896595+00:00
PKGL-08123,,35.03769004,73.95980464,4102.0,4.691171080073796,0.041224104,2026-09-01T06:54:27.896595+00:00
PKGL-08124,,35.14798695,74.03340497,4109.0,6.05239854015052,0.006601787,2026-09-01T06:54:27.896595+00:00
PKGL-08125,,35.13738386,73.93256241,4167.0,12.630787142160935,0.020428159,2026-09-01T06:54:27.896595+00:00
PKGL-08126,,35.12631853,73.93880846,4246.0,12.921900104512972,0.015418376,2026-09-01T06:54:27.896595+00:00
PKGL-08127,,35.09916513,74.00141327,4146.0,12.093585825552712,0.026163596,2026-09-01T06:54:27.896595+00:00
PKGL-08128,,35.1171369,73.94700014,4157.0,13.071294994877668,0.011776535,2026-09-01T06:54:27.896595+00:00
PKGL-08129,,35.10749714,73.92123485,4130.0,12.066027893472937,0.040782885,2026-09-01T06:54:27.896595+00:00
PKGL-08130,,35.10502853,73.90992678,4073.0,11.964191076739317,0.008028529,2026-09-01T06:54:27.896595+00:00
PKGL-08131,,35.10128654,73.91117275,4211.0,11.533658192256956,0.025782639,2026-09-01T06:54:27.896595+00:00
PKGL-08132,,35.06580815,74.06556254,4225.0,13.801527162999031,0.012666099,2026-09-01T06:54:27.896595+00:00
PKGL-08133,,35.06335206,74.06764102,4215.0,13.820614574130053,0.021828725,2026-09-01T06:54:27.896595+00:00
PKGL-08134,,35.06106241,74.08523016,4103.0,15.102396357535827,0.007505829,2026-09-01T06:54:27.896595+00:00
PKGL-08135,,35.03990081,74.08670096,4098.0,14.325634341365092,0.07447267,2026-09-01T06:54:27.896595+00:00
PKGL-08136,,35.04199281,74.09652701,3977.0,15.24830513321036,0.027111441,2026-09-01T06:54:27.896595+00:00
PKGL-08137,,35.05417633,74.08965791,4087.0,15.1419385223836,0.012016962,2026-09-01T06:54:27.896595+00:00
PKGL-08138,,34.9018214,74.04843801,3894.0,11.11488478986926,0.183587032,2026-09-01T06:54:27.896595+00:00
PKGL-08139,,34.89344966,74.03143953,4094.0,12.515022990667315,0.017151727,2026-09-01T06:54:27.896595+00:00
PKGL-08140,,34.86571103,74.05037583,3819.0,10.889854992501224,0.059762349,2026-09-01T06:54:27.896595+00:00
PKGL-08141,,34.87224306,74.0597516,4026.0,9.938952264353984,0.043354696,2026-09-01T06:54:27.896595+00:00
PKGL-08142,,34.8695254,73.97028718,4072.0,14.793707435769893,0.025596705,2026-09-01T06:54:27.896595+00:00
PKGL-08143,,34.8533908,73.98871418,4081.0,14.060028891962313,0.01983908,2026-09-01T06:54:27.896595+00:00
PKGL-08144,,34.8378696,73.94803936,4025.0,13.363049023592534,0.011325663,2026-09-01T06:54:27.896595+00:00
PKGL-08145,,34.83654427,73.94717742,4025.0,13.260409995282116,0.005246292,2026-09-01T06:54:27.896595+00:00
PKGL-08146,,34.79778615,73.88161389,4135.0,12.199177280787788,0.028742762,2026-09-01T06:54:27.896595+00:00
PKGL-08147,,34.80555164,73.87867657,4298.0,11.424627642579782,0.023912478,2026-09-01T06:54:27.896595+00:00
PKGL-08148,,34.79364191,73.90077333,4126.0,12.143023290956252,0.012071145,2026-09-01T06:54:27.896595+00:00
PKGL-08149,,35.0810201,73.87904046,4107.0,10.4717887805397,0.018938335,2026-09-01T06:54:27.896595+00:00
PKGL-08150,,35.08830089,73.84484728,4326.0,12.945929101803475,0.025909183,2026-09-01T06:54:27.896595+00:00
PKGL-08151,,35.0185042,73.87495423,4232.0,6.040357057130332,0.014571392,2026-09-01T06:54:27.896595+00:00
PKGL-08152,,35.00921111,73.84937419,4169.0,8.068681587290795,0.008515281,2026-09-01T06:54:27.896595+00:00
PKGL-08153,,35.01689226,73.82798015,4189.0,10.12872059797232,0.040516101,2026-09-01T06:54:27.896595+00:00
PKGL-08154,,35.01963078,73.80679916,4006.0,10.256109992770336,0.137911333,2026-09-01T06:54:27.896595+00:00
PKGL-08155,,35.00970974,73.81542847,4104.0,9.454184085251734,0.044016699,2026-09-01T06:54:27.896595+00:00
PKGL-08156,,34.78439406,73.76250933,4290.0,9.959524191511647,0.049663179,2026-09-01T06:54:27.896595+00:00
PKGL-08157,,34.88467429,73.84336766,4084.0,5.632212844166991,0.022004098,2026-09-01T06:54:27.896595+00:00
PKGL-08158,,35.24914423,73.89828661,4176.0,14.568441662077054,0.034404401,2026-09-01T06:54:27.896595+00:00
PKGL-08159,,35.2333361,73.83314186,4119.0,19.80179459433029,0.065885391,2026-09-01T06:54:27.896595+00:00
PKGL-08160,,35.23082352,73.84587384,4161.0,18.614141820567685,0.003443926,2026-09-01T06:54:27.896595+00:00
PKGL-08161,,35.25688338,73.80403872,3921.0,22.96787640678561,0.008343364,2026-09-01T06:54:27.896595+00:00
PKGL-08162,,35.24996333,73.77994257,4265.0,24.90452845479872,0.0449839,2026-09-01T06:54:27.896595+00:00
PKGL-08163,,35.24230723,73.78987377,4084.0,23.8481901160092,0.043899423,2026-09-01T06:54:27.896595+00:00
PKGL-08164,,35.25311804,73.77816666,4270.0,24.99945539348132,0.003292398,2026-09-01T06:54:27.896595+00:00
PKGL-08165,,35.21216933,73.90269129,4250.0,13.216521049836514,0.004502803,2026-09-01T06:54:27.896595+00:00
PKGL-08166,,35.20425655,73.92233275,4301.0,11.381068955350498,0.000741771,2026-09-01T06:54:27.896595+00:00
PKGL-08167,,35.22850913,73.92915313,4267.0,11.17577814435812,0.00926367,2026-09-01T06:54:27.896595+00:00
PKGL-08168,,35.02844161,73.86033366,4212.0,7.692622558267324,0.009379595,2026-09-01T06:54:27.896595+00:00
PKGL-08169,,35.03960374,73.82753803,4085.0,10.925052715131466,0.011217108,2026-09-01T06:54:27.896595+00:00
PKGL-08170,,35.03707586,73.83156739,4078.0,10.47637569216858,0.017143096,2026-09-01T06:54:27.896595+00:00
PKGL-08171,,35.03418754,73.81792921,4213.0,11.516788010961257,0.010781509,2026-09-01T06:54:27.896595+00:00
PKGL-08172,,34.99811859,73.81500764,4190.0,8.252294999333971,0.006754818,2026-09-01T06:54:27.896595+00:00
PKGL-08173,,35.00053693,73.80704363,4270.0,8.232360962500037,0.007369598,2026-09-01T06:54:27.896595+00:00
PKGL-08174,,34.98728224,73.80501727,4035.0,6.786376540853244,0.012350957,2026-09-01T06:54:27.896595+00:00
PKGL-08175,,35.00141159,73.80438254,4200.0,8.248976921010147,0.015125657,2026-09-01T06:54:27.896595+00:00
PKGL-08176,,35.20984852,73.86278989,4159.0,16.813030862829322,0.033698701,2026-09-01T06:54:27.896595+00:00
PKGL-08177,,35.22010041,73.84044271,4270.0,18.931844163011505,0.00255726,2026-09-01T06:54:27.896595+00:00
PKGL-08178,,35.21552665,73.84144331,4229.0,18.79203314087453,0.001834523,2026-09-01T06:54:27.896595+00:00
PKGL-08179,,35.21998773,73.85504295,4183.0,17.612760739940484,0.006072018,2026-09-01T06:54:27.896595+00:00
PKGL-08180,,35.19500234,73.94539898,4217.0,9.306033904231365,0.006971882,2026-09-01T06:54:27.896595+00:00
PKGL-08181,,35.17867135,73.96765241,4244.0,7.678613516913103,0.019655152,2026-09-01T06:54:27.896595+00:00
PKGL-08182,,34.77999188,73.83072448,3936.0,11.131551432579773,0.027887071,2026-09-01T06:54:27.896595+00:00
PKGL-08183,,34.81406803,73.67636752,4117.0,11.725926001551368,0.0109728,2026-09-01T06:54:27.896595+00:00
PKGL-08184,,34.8304848,73.66807769,4412.0,11.512467570506717,0.002408017,2026-09-01T06:54:27.896595+00:00
PKGL-08185,,34.83307969,73.66067605,4178.0,12.02567842545645,0.010554691,2026-09-01T06:54:27.896595+00:00
PKGL-08186,,35.06782679,73.7002102,4195.0,16.804833704995897,0.002886268,2026-09-01T06:54:27.896595+00:00
PKGL-08187,,35.07681167,73.69628253,4239.0,17.861984094743164,0.004966012,2026-09-01T06:54:27.896595+00:00
PKGL-08188,,35.07976824,73.70571255,4166.0,17.829321885886174,0.013259967,2026-09-01T06:54:27.896595+00:00
PKGL-08189,,35.08322035,73.72114218,4085.0,17.73060183807906,0.109488618,2026-09-01T06:54:27.896595+00:00
PKGL-08190,,35.21087296,73.73966696,4247.0,25.582475192219405,0.011987253,2026-09-01T06:54:27.896595+00:00
PKGL-08191,,35.22520375,73.74828994,4270.0,26.653622046416128,0.01382248,2026-09-01T06:54:27.896595+00:00
PKGL-08192,,35.22887798,73.7541535,4030.0,26.829910454517066,0.043991011,2026-09-01T06:54:27.896595+00:00
PKGL-08193,,35.0647763,73.73797838,3723.0,15.348838652201298,0.608204172,2026-09-01T06:54:27.896595+00:00
PKGL-08194,,35.07744958,73.74593142,3687.0,16.58133720315425,0.002210563,2026-09-01T06:54:27.896595+00:00
PKGL-08195,,35.08317046,73.75589763,3537.0,17.080186196074727,0.001068865,2026-09-01T06:54:27.896595+00:00
PKGL-08196,,35.08239434,73.75597599,3534.0,16.99363866278771,0.001307616,2026-09-01T06:54:27.896595+00:00
PKGL-08197,,35.20809401,73.78236576,4206.0,24.10492094335919,0.058080471,2026-09-01T06:54:27.896595+00:00
PKGL-08198,,35.21575191,73.78288822,4165.0,24.098598366846456,0.006927724,2026-09-01T06:54:27.896595+00:00
PKGL-08199,,35.21228029,73.77920537,4084.0,24.41040355629568,0.005489201,2026-09-01T06:54:27.896595+00:00
PKGL-08200,,35.23190947,73.76995362,4117.0,25.447168406819973,0.020407123,2026-09-01T06:54:27.896595+00:00
PKGL-08201,,35.23585857,73.77122945,4093.0,25.394681030405952,0.001692887,2026-09-01T06:54:27.896595+00:00
PKGL-08202,,35.23428228,73.77806987,4182.0,24.75423734416473,0.000407146,2026-09-01T06:54:27.896595+00:00
PKGL-08203,,35.22679217,73.78943187,4299.0,23.62029334304397,0.001656697,2026-09-01T06:54:27.896595+00:00
PKGL-08204,,35.24997262,73.79856574,4000.0,23.256693926468923,0.002918039,2026-09-01T06:54:27.896595+00:00
PKGL-08205,,35.24706005,73.79930404,3990.0,23.118257479696485,0.187438557,2026-09-01T06:54:27.896595+00:00
PKGL-08206,,35.25565082,73.78403154,4273.0,24.6091678443406,0.002007163,2026-09-01T06:54:27.896595+00:00
PKGL-08207,,35.21995591,73.90041245,4274.0,13.52840033294407,0.006573983,2026-09-01T06:54:27.896595+00:00
PKGL-08208,,35.21245434,73.90339146,4251.0,13.156140896012149,0.001013317,2026-09-01T06:54:27.896595+00:00
PKGL-08209,,35.21435851,73.90770079,4195.0,12.788838996533263,0.00757632,2026-09-01T06:54:27.896595+00:00
PKGL-08210,,35.03529507,73.81419131,4158.0,11.87869437055504,0.001542446,2026-09-01T06:54:27.896595+00:00
PKGL-08211,,35.03759745,73.80885202,4028.0,12.238265244304213,0.001785539,2026-09-01T06:54:27.896595+00:00
PKGL-08212,,34.87689934,73.69019885,3227.0,8.526721218291168,0.000345825,2026-09-01T06:54:27.896595+00:00
PKGL-08213,,34.87927817,73.68989343,3222.0,8.574326286843142,0.000840194,2026-09-01T06:54:27.896595+00:00
PKGL-08214,,34.87685379,73.69427017,3226.0,8.155703183092534,0.472248523,2026-09-01T06:54:27.896595+00:00
PKGL-08215,,34.8839593,73.68560664,3310.0,9.023629520367676,0.001345768,2026-09-01T06:54:27.896595+00:00
PKGL-08216,,34.88298303,73.68615627,3309.0,8.959014847267031,0.001268695,2026-09-01T06:54:27.896595+00:00
PKGL-08217,,34.88532102,73.68585615,3314.0,9.024106048319464,0.000441063,2026-09-01T06:54:27.896595+00:00
PKGL-08218,,34.80193847,73.83272443,4538.0,9.020967414192985,0.001289065,2026-09-01T06:54:27.896595+00:00
PKGL-08219,,34.80225435,73.83262244,4540.0,8.985873829738642,0.000380545,2026-09-01T06:54:27.896595+00:00
PKGL-08220,,34.80142442,73.84714932,4410.0,9.789687972089592,0.007539662,2026-09-01T06:54:27.896595+00:00
PKGL-08221,,34.79753644,73.85139658,4223.0,10.367925940228565,0.005239835,2026-09-01T06:54:27.896595+00:00
PKGL-08222,,34.77898963,73.78852357,3816.0,10.3845939824542,0.011104554,2026-09-01T06:54:27.896595+00:00
PKGL-08223,,34.84304021,73.79100269,3567.0,3.3236457456430566,0.006165275,2026-09-01T06:54:27.896595+00:00
PKGL-08224,,34.97113668,73.80577119,4230.0,5.195353914094387,0.002877819,2026-09-01T06:54:27.896595+00:00
PKGL-08225,,34.96773345,73.79901174,4323.0,4.5741189030637255,0.005610308,2026-09-01T06:54:27.896595+00:00
PKGL-08226,,34.96158966,73.7970443,4157.0,3.882409832957241,0.004168632,2026-09-01T06:54:27.896595+00:00
PKGL-08227,,35.08448041,73.77531046,3458.0,17.11368687514779,0.000988489,2026-09-01T06:54:27.896595+00:00
PKGL-08228,,35.08475537,73.77468068,3458.0,17.145010042859827,0.003680033,2026-09-01T06:54:27.896595+00:00
PKGL-08229,,35.14759573,73.7596806,3157.0,23.047346150054967,0.002205258,2026-09-01T06:54:27.896595+00:00
PKGL-08230,,35.15043168,73.76458893,3166.0,22.965283361896045,0.000487575,2026-09-01T06:54:27.896595+00:00
PKGL-08231,,35.14975865,73.76364048,3164.0,22.970059928364577,0.003519018,2026-09-01T06:54:27.896595+00:00
PKGL-08232,,35.10325986,73.82856621,4245.0,15.172836441269064,0.003503974,2026-09-01T06:54:27.896595+00:00
PKGL-08233,,34.83879234,73.85664742,4267.0,7.643456889155431,0.001729957,2026-09-01T06:54:27.896595+00:00
PKGL-08234,,34.78339603,73.87137486,3913.0,12.72949283501586,0.007018946,2026-09-01T06:54:27.896595+00:00
PKGL-08235,,34.7829742,73.87044459,3909.0,12.712782111419042,0.000417927,2026-09-01T06:54:27.896595+00:00
PKGL-08236,,34.86337811,73.85717352,4565.0,6.794151682931083,0.000810957,2026-09-01T06:54:27.896595+00:00
PKGL-08237,,35.00256975,73.86675187,4303.0,6.425186879999617,0.006694461,2026-09-01T06:54:27.896595+00:00
PKGL-08238,,35.02959633,73.86077966,4211.0,7.709974308798528,0.00449867,2026-09-01T06:54:27.896595+00:00
PKGL-08239,,35.14247105,73.87271676,4303.0,16.917763791589444,0.002283036,2026-09-01T06:54:27.896595+00:00
PKGL-08240,,35.14140053,73.87216032,4302.0,16.823937288262325,0.003009551,2026-09-01T06:54:27.896595+00:00
PKGL-08241,,35.14263436,73.86880482,4260.0,17.06145032808539,0.005306918,2026-09-01T06:54:27.896595+00:00
PKGL-08242,,35.20727512,73.85052243,4212.0,17.91305681564007,0.001367934,2026-09-01T06:54:27.896595+00:00
PKGL-08243,,35.21617722,73.84311885,4256.0,18.64661667592915,0.000927211,2026-09-01T06:54:27.896595+00:00
PKGL-08244,,35.19595265,73.94005067,4245.0,9.78384600535992,0.017390506,2026-09-01T06:54:27.896595+00:00
PKGL-08245,,35.19737926,73.94375413,4218.0,9.439440178015952,0.000610432,2026-09-01T06:54:27.896595+00:00
PKGL-08246,,34.96353843,73.95151147,4153.0,4.234811315204036,0.005944379,2026-09-01T06:54:27.896595+00:00
PKGL-08247,,34.93958214,73.95225969,3999.0,6.832244058943414,0.004888281,2026-09-01T06:54:27.896595+00:00
PKGL-08248,,34.93595134,73.95062015,4017.0,7.201366527978548,0.006370983,2026-09-01T06:54:27.896595+00:00
PKGL-08249,,34.94249619,73.96148629,3807.0,6.74235343093727,0.000493673,2026-09-01T06:54:27.896595+00:00
PKGL-08250,,34.93970067,73.9637626,3847.0,7.104677531474868,0.003205331,2026-09-01T06:54:27.896595+00:00
PKGL-08251,,34.93949488,73.96540278,3858.0,7.178314897266373,0.00092167,2026-09-01T06:54:27.896595+00:00
PKGL-08252,,34.92865755,73.97547706,4301.0,8.64266459405685,0.002497207,2026-09-01T06:54:27.896595+00:00
PKGL-08253,,34.92887304,73.97450052,4301.0,8.585134408076065,0.000581878,2026-09-01T06:54:27.896595+00:00
PKGL-08254,,34.85853361,73.98227491,4165.0,14.706217797028648,0.006145983,2026-09-01T06:54:27.896595+00:00
PKGL-08255,,34.85738818,73.98186696,4160.0,14.58613742945727,0.000192653,2026-09-01T06:54:27.896595+00:00
PKGL-08256,,34.86070971,73.99308936,4227.0,14.829319140959631,0.002295478,2026-09-01T06:54:27.896595+00:00
PKGL-08257,,34.83969335,73.95475434,4063.0,13.317788092227804,0.005387247,2026-09-01T06:54:27.896595+00:00
PKGL-08258,,34.83613181,73.94560384,4039.0,13.278508199205328,0.000979517,2026-09-01T06:54:27.896595+00:00
PKGL-08259,,34.83674215,73.95436986,4075.0,13.024719395592932,0.000654263,2026-09-01T06:54:27.896595+00:00
PKGL-08260,,34.8376336,73.95387859,4069.0,13.133390081522824,0.008924613,2026-09-01T06:54:27.896595+00:00
PKGL-08261,,34.8210992,73.9391824,4073.0,12.073224958010933,0.000224014,2026-09-01T06:54:27.896595+00:00
PKGL-08262,,34.82083924,73.9395795,4070.0,12.02984315452867,0.000767591,2026-09-01T06:54:27.896595+00:00
PKGL-08263,,34.820464,73.93946123,4065.0,11.999533542358574,0.001370996,2026-09-01T06:54:27.896595+00:00
PKGL-08264,,34.83044592,73.98455231,3880.0,11.591074254509628,0.204847204,2026-09-01T06:54:27.896595+00:00
PKGL-08265,,34.92229104,73.99673987,4087.0,10.181487990505293,0.000151447,2026-09-01T06:54:27.896595+00:00
PKGL-08266,,34.92238437,73.99832257,4075.0,10.25034590550372,0.004695935,2026-09-01T06:54:27.896595+00:00
PKGL-08267,,34.93537324,74.01863636,4285.0,10.3118604091014,0.001748017,2026-09-01T06:54:27.896595+00:00
PKGL-08268,,34.94204699,74.01573825,4286.0,9.612671193146934,0.013698815,2026-09-01T06:54:27.896595+00:00
PKGL-08269,,34.95474872,74.01490663,4188.0,8.67060786230062,0.006101673,2026-09-01T06:54:27.896595+00:00
PKGL-08270,,35.016292,73.99405901,4222.0,5.493638327467006,0.003671146,2026-09-01T06:54:27.896595+00:00
PKGL-08271,,35.02043063,74.0025207,4111.0,6.376096279358568,0.003502894,2026-09-01T06:54:27.896595+00:00
PKGL-08272,,35.01893868,73.99998638,4132.0,6.101490450794438,0.000326222,2026-09-01T06:54:27.896595+00:00
PKGL-08273,,35.0139761,74.01093809,4070.0,6.898107186104262,0.004105508,2026-09-01T06:54:27.896595+00:00
PKGL-08274,,35.0087948,74.03006884,4239.0,8.516861414024243,0.00135347,2026-09-01T06:54:27.896595+00:00
PKGL-08275,,35.00822293,74.03478612,4235.0,8.936792786896598,0.005368233,2026-09-01T06:54:27.896595+00:00
PKGL-08276,,35.00137351,74.04551331,4267.0,9.86635122959199,0.001138171,2026-09-01T06:54:27.896595+00:00
PKGL-08277,,35.00099326,74.04561728,4270.0,9.875172561876491,0.001338208,2026-09-01T06:54:27.896595+00:00
PKGL-08278,,35.00053944,74.04764495,4268.0,10.059321381808248,0.008442873,2026-09-01T06:54:27.896595+00:00
PKGL-08279,,35.00462915,74.04957671,4212.0,10.24888106942282,0.005182722,2026-09-01T06:54:27.896595+00:00
PKGL-08280,,35.00211527,74.05482886,4146.0,10.716366891451177,0.004314054,2026-09-01T06:54:27.896595+00:00
PKGL-08281,,35.00140097,74.05657612,4139.0,10.873906383954484,0.000187831,2026-09-01T06:54:27.896595+00:00
PKGL-08282,,35.00291921,74.05652565,4148.0,10.873326403482508,0.000418349,2026-09-01T06:54:27.896595+00:00
PKGL-08283,,35.00381673,74.05789913,4147.0,11.001928298593445,0.000161448,2026-09-01T06:54:27.896595+00:00
PKGL-08284,,35.00454761,74.05620574,4144.0,10.851440732947683,0.000599766,2026-09-01T06:54:27.896595+00:00
PKGL-08285,,35.00421358,74.05479711,4145.0,10.721541746153951,0.000257022,2026-09-01T06:54:27.896595+00:00
PKGL-08286,,35.00381315,74.05481214,4145.0,10.720978650149243,0.000134199,2026-09-01T06:54:27.896595+00:00
PKGL-08287,,35.00709562,74.05556387,4127.0,10.810513461524028,0.001367643,2026-09-01T06:54:27.896595+00:00
PKGL-08288,,35.06660267,74.0226605,4168.0,10.758580537144454,0.007779195,2026-09-01T06:54:27.896595+00:00
PKGL-08289,,35.06582557,74.02254968,4165.0,10.691772890317202,0.000368504,2026-09-01T06:54:27.896595+00:00
PKGL-08290,,35.07500831,74.01456297,4174.0,10.93515948641262,0.00089874,2026-09-01T06:54:27.896595+00:00
PKGL-08291,,35.08382018,74.06113017,4223.0,13.107967854773891,0.006234753,2026-09-01T06:54:27.896595+00:00
PKGL-08292,,35.05823133,74.07944818,4256.0,14.490797625995098,0.00220274,2026-09-01T06:54:27.896595+00:00
PKGL-08293,,35.04771906,74.07649541,4268.0,13.75800413613501,0.003546663,2026-09-01T06:54:27.896595+00:00
PKGL-08294,,35.03578556,74.0905266,4176.0,14.524669559216022,0.0003212,2026-09-01T06:54:27.896595+00:00
PKGL-08295,,35.03578265,74.09022433,4176.0,14.498122623349332,0.000144931,2026-09-01T06:54:27.896595+00:00
PKGL-08296,,35.03581225,74.08990211,4176.0,14.470831435384468,0.000143892,2026-09-01T06:54:27.896595+00:00
PKGL-08297,,35.03501132,74.08991975,4166.0,14.448035477813464,0.01223714,2026-09-01T06:54:27.896595+00:00
PKGL-08298,,34.98223073,74.05591031,4187.0,10.98761017795943,0.007471027,2026-09-01T06:54:27.896595+00:00
PKGL-08299,,34.98140037,74.05276834,4135.0,10.723321008029266,0.001248708,2026-09-01T06:54:27.896595+00:00
PKGL-08300,,34.97230524,74.04804319,4009.0,10.548904933977976,0.003266811,2026-09-01T06:54:27.896595+00:00
PKGL-08301,,34.97083021,74.04657822,4040.0,10.47056835944649,0.001380624,2026-09-01T06:54:27.896595+00:00
PKGL-08302,,34.94308272,74.05913491,4066.0,11.999437397573802,0.002600232,2026-09-01T06:54:27.896595+00:00
PKGL-08303,,34.93982745,74.0730377,4098.0,10.755474400036402,0.001429248,2026-09-01T06:54:27.896595+00:00
PKGL-08304,,34.94210888,74.07008409,4185.0,11.122770565426446,0.000960989,2026-09-01T06:54:27.896595+00:00
PKGL-08305,,34.95439774,74.08693609,4067.0,10.891755567477732,0.007475507,2026-09-01T06:54:27.896595+00:00
PKGL-08306,,34.95676378,74.0740287,3959.0,11.90324175816105,0.001543821,2026-09-01T06:54:27.896595+00:00
PKGL-08307,,34.9564476,74.07542315,3961.0,11.787506986574998,0.017164704,2026-09-01T06:54:27.896595+00:00
PKGL-08308,,34.87182457,73.97075394,4095.0,14.552383160471416,0.000459406,2026-09-01T06:54:27.896595+00:00
PKGL-08309,,34.87127491,73.99269986,3918.0,15.157541542178778,0.000975964,2026-09-01T06:54:27.896595+00:00
PKGL-08310,,34.87096341,73.99115899,3912.0,15.14400687562952,0.000693483,2026-09-01T06:54:27.896595+00:00
PKGL-08311,,34.8771535,74.00774195,4030.0,14.629812377552188,0.00083008,2026-09-01T06:54:27.896595+00:00
PKGL-08312,,34.87717529,74.00847839,4031.0,14.56258994953479,0.000382434,2026-09-01T06:54:27.896595+00:00
PKGL-08313,,34.88310661,74.00713289,3962.0,14.454070240706498,0.001171208,2026-09-01T06:54:27.896595+00:00
PKGL-08314,,34.89055667,74.03077165,4109.0,12.548655289304008,0.002140172,2026-09-01T06:54:27.896595+00:00
PKGL-08315,,34.89360994,74.03515641,4128.0,12.17946723949115,0.000545856,2026-09-01T06:54:27.896595+00:00
PKGL-08316,,34.87179857,74.05585515,4013.0,10.297743185865802,0.003449406,2026-09-01T06:54:27.896595+00:00
PKGL-08317,,34.91979152,74.00619116,4122.0,10.891140713399505,0.002297832,2026-09-01T06:54:27.896595+00:00
PKGL-08318,,34.92027964,74.00564084,4123.0,10.817865085460785,0.000395668,2026-09-01T06:54:27.896595+00:00
PKGL-08319,,35.10439501,74.12442695,4186.0,12.832864895226292,0.006863677,2026-09-01T06:54:27.896595+00:00
PKGL-08320,,35.33193172,74.94134473,4425.0,6.121605336169456,0.100527902,2026-09-01T06:54:27.896595+00:00
PKGL-08321,,35.3307608,74.95271959,4630.0,6.313044991330737,0.01990628,2026-09-01T06:54:27.896595+00:00
PKGL-08322,,35.33362689,74.95109679,4610.0,5.9867152093063,0.002647687,2026-09-01T06:54:27.896595+00:00
PKGL-08323,,35.4644,74.96247308,4563.0,7.376159473411763,0.011219255,2026-09-01T06:54:27.896595+00:00
PKGL-08324,,35.46454325,74.96489635,4601.0,7.376407775835097,0.008672661,2026-09-01T06:54:27.896595+00:00
PKGL-08325,,35.45853412,74.99941907,4607.0,7.0740607541682365,0.005325327,2026-09-01T06:54:27.896595+00:00
PKGL-08326,,35.31442647,74.93514333,4196.0,6.905192764609787,0.070241914,2026-09-01T06:54:27.896595+00:00
PKGL-08327,,35.30104953,74.92377363,4167.0,5.1075870342717264,0.002741485,2026-09-01T06:54:27.896595+00:00
PKGL-08328,,35.21375738,74.80445951,2595.0,0.4334019521093699,0.002494639,2026-09-01T06:54:27.896595+00:00
PKGL-08329,,35.21425624,74.80303065,2603.0,0.3785290126677181,0.00110441,2026-09-01T06:54:27.896595+00:00
PKGL-08330,,35.46686904,74.97326485,4651.0,7.631000565260828,0.005728396,2026-09-01T06:54:27.896595+00:00
PKGL-08331,,35.4254191,75.22907927,4854.0,11.563242945155066,0.004346108,2026-09-01T06:54:27.896595+00:00
PKGL-08332,,35.39367714,75.19846087,4876.0,12.842997336773296,0.00560457,2026-09-01T06:54:27.896595+00:00
PKGL-08333,,35.39269842,75.19263566,4857.0,13.339700592971244,0.003862248,2026-09-01T06:54:27.896595+00:00
PKGL-08334,,35.34313256,75.18516975,4667.0,14.107695695209175,0.022870362,2026-09-01T06:54:27.896595+00:00
PKGL-08335,,35.32921977,75.18232326,4886.0,14.762806656573629,0.011437291,2026-09-01T06:54:27.896595+00:00
PKGL-08336,,35.32329498,75.18296354,4720.0,14.9251967140967,0.015334116,2026-09-01T06:54:27.896595+00:00
PKGL-08337,,35.32075771,75.18978578,4579.0,14.452117052105423,0.006952117,2026-09-01T06:54:27.896595+00:00
PKGL-08338,,35.31379088,75.15402591,4693.0,16.338212970896095,0.010557836,2026-09-01T06:54:27.896595+00:00
PKGL-08339,,35.28138176,75.20591536,4769.0,15.467730516470104,0.045797662,2026-09-01T06:54:27.896595+00:00
PKGL-08340,,35.27815266,75.20776388,4701.0,15.57272775111231,0.031467828,2026-09-01T06:54:27.896595+00:00
PKGL-08341,,35.27128419,75.16291312,4757.0,19.257076786904808,0.046147723,2026-09-01T06:54:27.896595+00:00
PKGL-08342,,35.26345186,75.19349,4551.0,17.627996737640757,0.191462157,2026-09-01T06:54:27.896595+00:00
PKGL-08343,,35.25716295,75.16101116,4651.0,20.19883946340178,0.008803975,2026-09-01T06:54:27.896595+00:00
PKGL-08344,,35.24865935,75.15006723,4573.0,18.90421124636187,0.015613737,2026-09-01T06:54:27.896595+00:00
PKGL-08345,,35.2485498,75.14800562,4588.0,18.810634177820347,0.01260803,2026-09-01T06:54:27.896595+00:00
PKGL-08346,,35.24979763,75.14575791,4597.0,18.847669476769628,0.004574252,2026-09-01T06:54:27.896595+00:00
PKGL-08347,,35.25642841,75.13291262,4712.0,19.067367176996108,0.011812785,2026-09-01T06:54:27.896595+00:00
PKGL-08348,,35.2536183,75.11114273,4477.0,18.14788024121733,0.010087864,2026-09-01T06:54:27.896595+00:00
PKGL-08349,,35.25210207,75.09767791,4285.0,17.693239073701076,0.002788142,2026-09-01T06:54:27.896595+00:00
PKGL-08350,,35.27110884,75.0705969,4326.0,15.04809758385343,0.036904158,2026-09-01T06:54:27.896595+00:00
PKGL-08351,,35.27611589,75.07491459,4457.0,14.70723695110116,0.017886732,2026-09-01T06:54:27.896595+00:00
PKGL-08352,,35.28453065,75.06995132,4712.0,13.668753074771294,0.011230267,2026-09-01T06:54:27.896595+00:00
PKGL-08353,,35.30263435,75.07387563,4594.0,12.075004987157309,0.037760741,2026-09-01T06:54:27.896595+00:00
PKGL-08354,,35.30495874,74.93780593,4177.0,6.322482102672448,0.006288094,2026-09-01T06:54:27.896595+00:00
PKGL-08355,,35.23048577,75.18247191,4547.0,18.742401789692344,0.114757755,2026-09-01T06:54:27.896595+00:00
PKGL-08356,,35.23474747,75.17754063,4656.0,18.85854990983053,0.039914731,2026-09-01T06:54:27.896595+00:00
PKGL-08357,,35.22825752,75.15295162,4574.0,17.035226954811396,0.005245524,2026-09-01T06:54:27.896595+00:00
PKGL-08358,,35.2487678,75.16593761,4775.0,19.59907274475774,0.016715077,2026-09-01T06:54:27.896595+00:00
PKGL-08359,,35.24668125,75.10912768,4539.0,17.355746146359596,0.005698559,2026-09-01T06:54:27.896595+00:00
PKGL-08360,,35.3022639,75.15960239,4728.0,17.486821061546443,0.011186554,2026-09-01T06:54:27.896595+00:00
PKGL-08361,,35.31377381,75.1573693,4724.0,16.59275611342086,0.003422871,2026-09-01T06:54:27.896595+00:00
PKGL-08362,,35.31271227,75.15180463,4666.0,16.23810330723017,0.001194791,2026-09-01T06:54:27.896595+00:00
PKGL-08363,,35.32469176,75.15577158,4739.0,15.837299240188608,0.007474971,2026-09-01T06:54:27.896595+00:00
PKGL-08364,,35.33349609,75.15264661,4600.0,15.12354579249978,0.00781842,2026-09-01T06:54:27.896595+00:00
PKGL-08365,,35.33636431,75.14790987,4624.0,14.596285030342688,0.009626356,2026-09-01T06:54:27.896595+00:00
PKGL-08366,,35.33403004,75.15055995,4631.0,14.927936123689808,0.002992022,2026-09-01T06:54:27.896595+00:00
PKGL-08367,,35.37560664,75.09087456,4621.0,8.174507154430405,0.035566402,2026-09-01T06:54:27.896595+00:00
PKGL-08368,,35.37138819,75.09266557,4616.0,8.465092025905575,0.035559545,2026-09-01T06:54:27.896595+00:00
PKGL-08369,,35.3719519,75.12026198,4753.0,10.856060581562833,0.01085209,2026-09-01T06:54:27.896595+00:00
PKGL-08370,,35.37110763,75.10505812,4735.0,9.548093107095008,0.006911786,2026-09-01T06:54:27.896595+00:00
PKGL-08371,,35.36580354,75.13067412,4768.0,11.943377724620651,0.009149301,2026-09-01T06:54:27.896595+00:00
PKGL-08372,,35.37110952,75.12959263,4596.0,11.700690230316985,0.008152332,2026-09-01T06:54:27.896595+00:00
PKGL-08373,,35.37357096,75.14001807,4324.0,12.567946512353744,0.009229072,2026-09-01T06:54:27.896595+00:00
PKGL-08374,,35.39177588,75.09606675,4781.0,8.361961531915723,0.006403977,2026-09-01T06:54:27.896595+00:00
PKGL-08375,,35.40855582,75.09492475,4720.0,8.385961168580312,0.018424127,2026-09-01T06:54:27.896595+00:00
PKGL-08376,,35.40587498,75.09453515,4773.0,8.302816958507707,0.00903637,2026-09-01T06:54:27.896595+00:00
PKGL-08377,,35.40346475,75.09638065,4783.0,8.434446288093955,0.005481434,2026-09-01T06:54:27.896595+00:00
PKGL-08378,,35.42760489,75.04547277,4732.0,5.226814115970051,0.027454155,2026-09-01T06:54:27.896595+00:00
PKGL-08379,,35.42611832,75.03692245,4645.0,4.572901247258961,0.007685531,2026-09-01T06:54:27.896595+00:00
PKGL-08380,,35.30008861,75.19001786,4758.0,15.455954859844926,0.068367029,2026-09-01T06:54:27.896595+00:00
PKGL-08381,,35.30597631,75.17150712,4947.0,16.635450260565012,0.005254149,2026-09-01T06:54:27.896595+00:00
PKGL-08382,,35.3037949,75.17118518,4912.0,16.767367630640244,0.003531674,2026-09-01T06:54:27.896595+00:00
PKGL-08383,,35.29824157,75.16295141,4657.0,17.711733271791033,0.022632069,2026-09-01T06:54:27.896595+00:00
PKGL-08384,,35.29541379,75.15344449,4582.0,17.511017650378275,0.009808864,2026-09-01T06:54:27.896595+00:00
PKGL-08385,,34.9910259,75.23636951,4138.0,13.153051788508966,1.277676326,2026-09-01T06:54:27.896595+00:00
PKGL-08386,,35.01309452,75.27982341,4278.0,16.337012448033427,0.027636521,2026-09-01T06:54:27.896595+00:00
PKGL-08387,,35.04847433,75.23794973,4466.0,12.417362210987635,0.050712762,2026-09-01T06:54:27.896595+00:00
PKGL-08388,,35.0500999,75.23136753,4524.0,11.84592170728001,0.019492168,2026-09-01T06:54:27.896595+00:00
PKGL-08389,,35.05643878,75.23894081,4510.0,12.639947832586484,0.015883971,2026-09-01T06:54:27.896595+00:00
PKGL-08390,,35.06693433,75.23140494,4411.0,12.2474555763346,0.03143406,2026-09-01T06:54:27.896595+00:00
PKGL-08391,,35.06959309,75.22180359,4518.0,11.506884094120686,0.011908666,2026-09-01T06:54:27.896595+00:00
PKGL-08392,,35.08407214,75.18137616,4461.0,8.991193255640272,0.025919789,2026-09-01T06:54:27.896595+00:00
PKGL-08393,,35.10420965,75.1988297,4577.0,11.636546328847889,0.022077238,2026-09-01T06:54:27.896595+00:00
PKGL-08394,,35.112226,75.21224485,4659.0,13.142786679757007,0.019469092,2026-09-01T06:54:27.896595+00:00
PKGL-08395,,35.11900842,75.22816541,4586.0,14.738260200358448,0.160543628,2026-09-01T06:54:27.896595+00:00
PKGL-08396,,35.10223738,75.23303174,4516.0,14.013354187914622,0.060817216,2026-09-01T06:54:27.896595+00:00
PKGL-08397,,35.10467938,75.22494602,4588.0,13.547575967674966,0.016704648,2026-09-01T06:54:27.896595+00:00
PKGL-08398,,35.13115635,75.25649999,4580.0,17.59974360392767,0.016263333,2026-09-01T06:54:27.896595+00:00
PKGL-08399,,35.12803813,75.26134506,4643.0,17.749543361737235,0.012980772,2026-09-01T06:54:27.896595+00:00
PKGL-08400,,35.14329356,75.26120535,4661.0,18.77402747729153,0.122810013,2026-09-01T06:54:27.896595+00:00
PKGL-08401,,35.08201532,74.9612254,4316.0,8.907424134528142,0.287427968,2026-09-01T06:54:27.896595+00:00
PKGL-08402,,35.07432969,74.95810907,4411.0,9.3735974050514,0.100087328,2026-09-01T06:54:27.896595+00:00
PKGL-08403,,35.09698728,74.93500631,4183.0,10.818526224038584,0.083144919,2026-09-01T06:54:27.896595+00:00
PKGL-08404,,35.10101853,74.92343614,4474.0,10.191875023239907,0.016651541,2026-09-01T06:54:27.896595+00:00
PKGL-08405,,35.10519236,74.90687567,4557.0,9.070734407991957,0.012571772,2026-09-01T06:54:27.896595+00:00
PKGL-08406,,35.09555061,74.90147127,4396.0,8.242591781805148,0.117184882,2026-09-01T06:54:27.896595+00:00
PKGL-08407,,35.09613365,74.89313658,4242.0,7.5423685347126845,0.005698983,2026-09-01T06:54:27.896595+00:00
PKGL-08408,,35.09275897,74.88222858,4475.0,6.481762532966696,0.01998885,2026-09-01T06:54:27.896595+00:00
PKGL-08409,,35.09878938,74.89890023,4363.0,8.135515925502274,0.007034502,2026-09-01T06:54:27.896595+00:00
PKGL-08410,,35.10560283,74.92019632,4454.0,10.215274195755734,0.019874166,2026-09-01T06:54:27.896595+00:00
PKGL-08411,,35.12254949,74.90600336,4533.0,9.782997277859057,0.013185677,2026-09-01T06:54:27.896595+00:00
PKGL-08412,,35.11762699,74.92460947,4607.0,11.111406553740288,0.010572033,2026-09-01T06:54:27.896595+00:00
PKGL-08413,,35.10387313,74.92731002,4385.0,10.663971680132777,0.026934757,2026-09-01T06:54:27.896595+00:00
PKGL-08414,,35.08673577,74.94296677,4440.0,10.47883254226481,0.023506044,2026-09-01T06:54:27.896595+00:00
PKGL-08415,,35.08941169,74.94747533,4395.0,10.043313312302564,0.009769715,2026-09-01T06:54:27.896595+00:00
PKGL-08416,,35.26889044,74.971713,4440.0,6.491565680723041,0.01559231,2026-09-01T06:54:27.896595+00:00
PKGL-08417,,35.28757064,75.00165987,4588.0,9.73462682366602,0.007567098,2026-09-01T06:54:27.896595+00:00
PKGL-08418,,35.28791253,75.02277248,4565.0,11.542431975108098,0.014717658,2026-09-01T06:54:27.896595+00:00
PKGL-08419,,35.013301,74.91687258,4065.0,6.672354123867495,0.038860432,2026-09-01T06:54:27.896595+00:00
PKGL-08420,,35.01139917,74.93745013,4103.0,7.860348631504414,0.075755296,2026-09-01T06:54:27.896595+00:00
PKGL-08421,,35.00409059,74.94067264,4268.0,7.621667090917998,0.009017112,2026-09-01T06:54:27.896595+00:00
PKGL-08422,,35.00084086,74.94129324,4333.0,7.480951514414605,0.02629285,2026-09-01T06:54:27.896595+00:00
PKGL-08423,,35.01623814,75.00107695,3931.0,9.477124283267504,0.111308159,2026-09-01T06:54:27.896595+00:00
PKGL-08424,,34.97202858,75.05052523,4263.0,8.488787418758099,0.142059178,2026-09-01T06:54:27.896595+00:00
PKGL-08425,,34.97992427,75.03921353,4321.0,8.442037414999353,0.083339996,2026-09-01T06:54:27.896595+00:00
PKGL-08426,,34.96309661,75.05271814,4377.0,9.23010848257593,0.01852203,2026-09-01T06:54:27.896595+00:00
PKGL-08427,,34.92037689,75.17717418,4257.0,14.487515472604215,0.146253032,2026-09-01T06:54:27.896595+00:00
PKGL-08428,,34.91935623,75.18874183,4221.0,15.108221639719975,0.159779291,2026-09-01T06:54:27.896595+00:00
PKGL-08429,,34.91962537,75.14307297,4324.0,13.39418381957258,0.051252701,2026-09-01T06:54:27.896595+00:00
PKGL-08430,,34.84182275,74.73479778,4189.0,11.740560884219132,0.024969905,2026-09-01T06:54:27.896595+00:00
PKGL-08431,,34.83614071,74.72815221,4088.0,10.91560986636232,0.049612747,2026-09-01T06:54:27.896595+00:00
PKGL-08432,,34.83048297,74.71863915,4054.0,9.963731172759388,0.02010303,2026-09-01T06:54:27.896595+00:00
PKGL-08433,,34.82534369,74.71704517,3899.0,9.403667354140268,0.044980261,2026-09-01T06:54:27.896595+00:00
PKGL-08434,,34.81961299,74.70242845,3629.0,8.177938119617894,0.017372099,2026-09-01T06:54:27.896595+00:00
PKGL-08435,,34.83439458,74.74222983,4025.0,11.318736578171684,0.005777646,2026-09-01T06:54:27.896595+00:00
PKGL-08436,,34.81264207,74.72238757,3931.0,8.327697150706454,0.009671432,2026-09-01T06:54:27.896595+00:00
PKGL-08437,,34.84386112,74.73759351,4194.0,12.054433353859254,0.00987399,2026-09-01T06:54:27.896595+00:00
PKGL-08438,,34.83939905,74.76112387,3979.0,12.71785798877394,0.244955786,2026-09-01T06:54:27.896595+00:00
PKGL-08439,,34.84665102,74.77058857,3983.0,13.87731485285802,0.040645502,2026-09-01T06:54:27.896595+00:00
PKGL-08440,,34.84644723,74.78665258,3883.0,14.775919211302982,0.121590222,2026-09-01T06:54:27.896595+00:00
PKGL-08441,,34.85308407,74.79631325,4115.0,14.348865475152476,0.045985495,2026-09-01T06:54:27.896595+00:00
PKGL-08442,,34.84501715,74.80872038,4000.0,14.676974594032286,0.477171417,2026-09-01T06:54:27.896595+00:00
PKGL-08443,,35.04873112,75.198198,4397.0,8.83818805172746,0.119556853,2026-09-01T06:54:27.896595+00:00
PKGL-08444,,35.11980059,75.13621205,4459.0,7.615319923982805,0.041978935,2026-09-01T06:54:27.896595+00:00
PKGL-08445,,35.1214414,75.14211693,4526.0,8.18240673997888,0.019044434,2026-09-01T06:54:27.896595+00:00
PKGL-08446,,35.12642554,75.1453774,4619.0,8.659844649111614,0.043209641,2026-09-01T06:54:27.896595+00:00
PKGL-08447,,35.13275494,75.11239111,4459.0,6.421626840638053,0.007729066,2026-09-01T06:54:27.896595+00:00
PKGL-08448,,35.16111154,75.09736988,4365.0,8.055845683229652,0.012312885,2026-09-01T06:54:27.896595+00:00
PKGL-08449,,35.16862015,75.09820398,4507.0,8.840967022992597,0.054534933,2026-09-01T06:54:27.896595+00:00
PKGL-08450,,35.17600424,75.11353085,4485.0,10.211464867824604,0.046804875,2026-09-01T06:54:27.896595+00:00
PKGL-08451,,35.16581996,75.13332839,4285.0,10.34847553679867,0.019073216,2026-09-01T06:54:27.896595+00:00
PKGL-08452,,35.28253357,75.15481712,4559.0,18.54279564235186,0.024543331,2026-09-01T06:54:27.896595+00:00
PKGL-08453,,35.22727158,75.21319955,4630.0,19.469121294119567,0.023477507,2026-09-01T06:54:27.896595+00:00
PKGL-08454,,35.22844455,75.21726152,4662.0,19.150950866960635,0.041114102,2026-09-01T06:54:27.896595+00:00
PKGL-08455,,35.23198759,75.23978284,4709.0,17.725482527744752,0.011236696,2026-09-01T06:54:27.896595+00:00
PKGL-08456,,35.23316499,75.24149823,4707.0,17.534490719680743,0.003005403,2026-09-01T06:54:27.896595+00:00
PKGL-08457,,35.21948917,75.22271697,4662.0,19.71344761701489,0.022810541,2026-09-01T06:54:27.896595+00:00
PKGL-08458,,34.70848174,75.1264038,4267.0,10.176716546866215,0.042879249,2026-09-01T06:54:27.896595+00:00
PKGL-08459,,34.71891175,75.11837739,4189.0,8.818018877028294,0.017652915,2026-09-01T06:54:27.896595+00:00
PKGL-08460,,34.71867687,75.11655609,4190.0,8.776727067592605,0.002367315,2026-09-01T06:54:27.896595+00:00
PKGL-08461,,34.72666425,75.09675771,4108.0,7.382734684362673,0.074140201,2026-09-01T06:54:27.896595+00:00
PKGL-08462,,34.72369599,75.09668285,4107.0,7.704264160165402,0.011382266,2026-09-01T06:54:27.896595+00:00
PKGL-08463,,34.69649681,75.13706677,4103.0,11.799806160317653,0.631846736,2026-09-01T06:54:27.896595+00:00
PKGL-08464,,34.68356332,75.14044082,4132.0,12.98938905329259,0.210102899,2026-09-01T06:54:27.896595+00:00
PKGL-08465,,34.67795783,75.15732648,4238.0,14.386492328186712,0.058397987,2026-09-01T06:54:27.896595+00:00
PKGL-08466,,34.68137349,75.16474858,4234.0,14.510417476951224,0.025791219,2026-09-01T06:54:27.896595+00:00
PKGL-08467,,34.67433913,75.16970433,4313.0,15.413717184607671,0.045868116,2026-09-01T06:54:27.896595+00:00
PKGL-08468,,34.82303427,75.1572419,4270.0,7.90021472473737,0.032229272,2026-09-01T06:54:27.896595+00:00
PKGL-08469,,34.82612837,75.15451975,4288.0,7.840899837874423,0.013369107,2026-09-01T06:54:27.896595+00:00
PKGL-08470,,34.82768856,75.19705947,4250.0,11.445873002193466,0.023696117,2026-09-01T06:54:27.896595+00:00
PKGL-08471,,34.84493188,75.16881172,4211.0,10.072142546923113,0.008780562,2026-09-01T06:54:27.896595+00:00
PKGL-08472,,34.85419137,75.1488435,4301.0,9.40106226662797,0.021640426,2026-09-01T06:54:27.896595+00:00
PKGL-08473,,34.89554426,75.07876565,4255.0,11.563137141028005,0.022285174,2026-09-01T06:54:27.896595+00:00
PKGL-08474,,34.89166041,75.08893688,4207.0,11.16308305239524,0.026960173,2026-09-01T06:54:27.896595+00:00
PKGL-08475,,34.87957659,75.03348716,4212.0,10.656251312625264,0.01845907,2026-09-01T06:54:27.896595+00:00
PKGL-08476,,34.85700079,74.99187371,4099.0,10.824796055356716,0.062940275,2026-09-01T06:54:27.896595+00:00
PKGL-08477,,35.10119913,74.97615475,4385.0,7.422510248214647,0.068976081,2026-09-01T06:54:27.896595+00:00
PKGL-08478,,35.06040319,74.98092735,4115.0,8.038510428061477,0.012951906,2026-09-01T06:54:27.896595+00:00
PKGL-08479,,35.15063862,75.15451485,4175.0,10.684946546217455,0.056160306,2026-09-01T06:54:27.896595+00:00
PKGL-08480,,35.14475214,75.28849208,4578.0,20.838546158168764,0.075700577,2026-09-01T06:54:27.896595+00:00
PKGL-08481,,34.64338242,75.23511775,4278.0,11.891623086379488,0.003817211,2026-09-01T06:54:27.896595+00:00
PKGL-08482,,34.6421713,75.2330614,4290.0,11.771357604526608,0.002786743,2026-09-01T06:54:27.896595+00:00
PKGL-08483,,34.6413975,75.22925812,4294.0,11.719818664224936,0.011385554,2026-09-01T06:54:27.896595+00:00
PKGL-08484,,34.64045547,75.2251787,4301.0,11.66420879833962,0.015730601,2026-09-01T06:54:27.896595+00:00
PKGL-08485,,34.64390563,75.22409008,4301.0,12.058336841118146,0.002798503,2026-09-01T06:54:27.896595+00:00
PKGL-08486,,34.64431066,75.21784118,4298.0,12.200919219934349,0.031776778,2026-09-01T06:54:27.896595+00:00
PKGL-08487,,34.64739221,75.22167776,4268.0,12.475630973413038,0.03002988,2026-09-01T06:54:27.896595+00:00
PKGL-08488,,34.64490698,75.22772722,4291.0,12.123756934224854,0.00374833,2026-09-01T06:54:27.896595+00:00
PKGL-08489,,34.64817342,75.22916246,4252.0,12.469661872143798,0.043957164,2026-09-01T06:54:27.896595+00:00
PKGL-08490,,34.62163244,75.14670737,3873.0,9.900194915779034,0.070525277,2026-09-01T06:54:27.896595+00:00
PKGL-08491,,34.63339891,75.18518742,4193.0,11.70573712701965,0.006816211,2026-09-01T06:54:27.896595+00:00
PKGL-08492,,34.64055837,75.19149994,4300.0,12.5015263095817,0.021083149,2026-09-01T06:54:27.896595+00:00
PKGL-08493,,34.64584532,75.17725702,4247.0,13.027430313539076,0.097124146,2026-09-01T06:54:27.896595+00:00
PKGL-08494,,34.6524964,75.18625348,4382.0,13.82727888193615,0.006239512,2026-09-01T06:54:27.896595+00:00
PKGL-08495,,34.65336777,75.17538789,4252.0,13.856534401886034,0.041823417,2026-09-01T06:54:27.896595+00:00
PKGL-08496,,34.65556144,75.18112405,4294.0,14.126474609066152,0.007683436,2026-09-01T06:54:27.896595+00:00
PKGL-08497,,34.65821364,75.17851415,4253.0,14.406694708565423,0.014593813,2026-09-01T06:54:27.896595+00:00
PKGL-08498,,34.68469897,75.15700229,4158.0,13.824643218701516,0.00371455,2026-09-01T06:54:27.896595+00:00
PKGL-08499,,34.67988157,75.15925156,4234.0,14.390537701331471,0.013699068,2026-09-01T06:54:27.896595+00:00
PKGL-08500,,34.67454943,75.16164363,4366.0,14.722695000487429,0.011223484,2026-09-01T06:54:27.896595+00:00
PKGL-08501,,34.67060145,75.16482265,4346.0,14.961782302738706,0.00748891,2026-09-01T06:54:27.896595+00:00
PKGL-08502,,34.67212255,75.16954212,4330.0,15.408347517684124,0.00722616,2026-09-01T06:54:27.896595+00:00
PKGL-08503,,34.66612349,75.17942179,4234.0,15.289346321960489,0.737230103,2026-09-01T06:54:27.896595+00:00
PKGL-08504,,34.66293593,75.19731344,4250.0,14.66822001189114,0.0436091,2026-09-01T06:54:27.896595+00:00
PKGL-08505,,34.66012173,75.20016954,4276.0,14.293913365002004,0.009463784,2026-09-01T06:54:27.896595+00:00
PKGL-08506,,34.65517388,75.1982939,4349.0,13.817144033538698,0.006033906,2026-09-01T06:54:27.896595+00:00
PKGL-08507,,34.65314741,75.20319591,4314.0,13.472056107633517,0.00789498,2026-09-01T06:54:27.896595+00:00
PKGL-08508,,34.65151048,75.20560415,4317.0,13.237377352562026,0.038404815,2026-09-01T06:54:27.896595+00:00
PKGL-08509,,34.66072535,75.20748461,4236.0,14.187088384918116,0.028090956,2026-09-01T06:54:27.896595+00:00
PKGL-08510,,34.85165213,75.13937064,4244.0,8.622927640163134,0.010878579,2026-09-01T06:54:27.896595+00:00
PKGL-08511,,34.84254781,75.13826493,4200.0,7.795081326646905,0.006267169,2026-09-01T06:54:27.896595+00:00
PKGL-08512,,34.83767378,75.1406123,4326.0,7.566476405774543,0.003065786,2026-09-01T06:54:27.896595+00:00
PKGL-08513,,34.83994843,75.14969694,4275.0,8.356129828126504,0.01210912,2026-09-01T06:54:27.896595+00:00
PKGL-08514,,34.8382716,75.14991577,4275.0,8.252863493827666,0.00624847,2026-09-01T06:54:27.896595+00:00
PKGL-08515,,34.84220183,75.15445248,4279.0,8.849988925552898,0.005423635,2026-09-01T06:54:27.896595+00:00
PKGL-08516,,34.84420382,75.15685893,4167.0,9.161099070005664,0.00098184,2026-09-01T06:54:27.896595+00:00
PKGL-08517,,34.84690595,75.16100074,4119.0,9.643841325363386,0.021776477,2026-09-01T06:54:27.896595+00:00
PKGL-08518,,34.88872473,75.08952187,4293.0,10.841916727898344,0.007643629,2026-09-01T06:54:27.896595+00:00
PKGL-08519,,34.86411551,75.28204276,4172.0,20.15731311766068,0.014390569,2026-09-01T06:54:27.896595+00:00
PKGL-08520,,34.9217431,75.24978356,4152.0,18.434051765137376,0.142811343,2026-09-01T06:54:27.896595+00:00
PKGL-08521,,34.93597351,75.07094738,4342.0,11.423275974334745,0.004161227,2026-09-01T06:54:27.896595+00:00
PKGL-08522,,34.97459682,75.12277201,4234.0,7.008980282819908,0.015328596,2026-09-01T06:54:27.896595+00:00
PKGL-08523,,34.96673988,75.12269401,4289.0,7.85347450961183,0.008643853,2026-09-01T06:54:27.896595+00:00
PKGL-08524,,34.95098458,75.13694834,4260.0,9.897640804039169,0.014831799,2026-09-01T06:54:27.896595+00:00
PKGL-08525,,34.94125289,75.14765617,4395.0,11.248379230694498,0.004385926,2026-09-01T06:54:27.896595+00:00
PKGL-08526,,34.93991376,75.1552352,4292.0,11.654380201082436,0.015836995,2026-09-01T06:54:27.896595+00:00
PKGL-08527,,34.93830665,75.15519149,4293.0,11.815818191378952,0.026461051,2026-09-01T06:54:27.896595+00:00
PKGL-08528,,34.94128995,75.16965265,4373.0,12.122073074372889,0.004067075,2026-09-01T06:54:27.896595+00:00
PKGL-08529,,34.91465592,75.12187646,4329.0,13.541996738433536,0.011681916,2026-09-01T06:54:27.896595+00:00
PKGL-08530,,34.91629124,75.13308248,4266.0,13.53458358494371,0.009035423,2026-09-01T06:54:27.896595+00:00
PKGL-08531,,34.92047127,75.15444566,4419.0,13.628168075510729,0.004684669,2026-09-01T06:54:27.896595+00:00
PKGL-08532,,34.91877916,75.15263086,4442.0,13.74895902271317,0.003674087,2026-09-01T06:54:27.896595+00:00
PKGL-08533,,34.92664441,75.14796662,4365.0,12.783281736732231,0.000697245,2026-09-01T06:54:27.896595+00:00
PKGL-08534,,34.92670641,75.14622754,4365.0,12.726264319718318,0.003846522,2026-09-01T06:54:27.896595+00:00
PKGL-08535,,34.91018353,75.20360781,4375.0,16.69588511493356,0.001565477,2026-09-01T06:54:27.896595+00:00
PKGL-08536,,35.10477285,75.33220027,4486.0,22.28295810910529,0.027706151,2026-09-01T06:54:27.896595+00:00
PKGL-08537,,35.09629301,75.33541139,4435.0,22.253610278031264,0.023659327,2026-09-01T06:54:27.896595+00:00
PKGL-08538,,35.09734361,75.34018803,4390.0,22.703152447053856,0.00896549,2026-09-01T06:54:27.896595+00:00
PKGL-08539,,35.11418647,75.34219846,4445.0,23.50725949237693,0.004778241,2026-09-01T06:54:27.896595+00:00
PKGL-08540,,35.13240341,75.32122845,4529.0,22.638086424590355,0.197876598,2026-09-01T06:54:27.896595+00:00
PKGL-08541,,35.14150804,75.33150809,4654.0,23.945928471189845,0.077195525,2026-09-01T06:54:27.896595+00:00
PKGL-08542,,35.12629447,75.37521956,4459.0,22.850174978816767,0.009286817,2026-09-01T06:54:27.896595+00:00
PKGL-08543,,35.12366807,75.36976239,4517.0,23.403704614541468,0.034971726,2026-09-01T06:54:27.896595+00:00
PKGL-08544,,35.11402504,75.27173659,4648.0,17.71000997157644,0.022942412,2026-09-01T06:54:27.896595+00:00
PKGL-08545,,35.10700718,75.27711279,4593.0,17.77471543851577,0.013231424,2026-09-01T06:54:27.896595+00:00
PKGL-08546,,35.12422126,75.29300599,4522.0,19.95205900738777,0.001703071,2026-09-01T06:54:27.896595+00:00
PKGL-08547,,35.12221761,75.28862962,4543.0,19.495933066600493,0.004266998,2026-09-01T06:54:27.896595+00:00
PKGL-08548,,35.11929799,75.25847792,4585.0,16.985772288642035,0.002175187,2026-09-01T06:54:27.896595+00:00
PKGL-08549,,35.12761443,75.2314803,4623.0,15.585276414417926,0.002721358,2026-09-01T06:54:27.896595+00:00
PKGL-08550,,35.13905448,75.22865412,4677.0,16.267034569565297,0.008217557,2026-09-01T06:54:27.896595+00:00
PKGL-08551,,35.14252949,75.26529739,4664.0,19.00859175678116,0.00429982,2026-09-01T06:54:27.896595+00:00
PKGL-08552,,35.13808606,75.25094904,4527.0,17.687185941997754,0.01115331,2026-09-01T06:54:27.896595+00:00
PKGL-08553,,35.1538748,75.22011732,4583.0,16.10834905202723,0.012594537,2026-09-01T06:54:27.896595+00:00
PKGL-08554,,35.15475949,75.21954974,4586.0,16.100300283920493,0.000520099,2026-09-01T06:54:27.896595+00:00
PKGL-08555,,35.14639845,75.21003641,4422.0,14.942888387396538,0.000872293,2026-09-01T06:54:27.896595+00:00
PKGL-08556,,35.20130079,75.18427054,4630.0,16.396025478260434,0.010857991,2026-09-01T06:54:27.896595+00:00
PKGL-08557,,35.1858018,75.18745714,4423.0,15.43967197401103,0.004176199,2026-09-01T06:54:27.896595+00:00
PKGL-08558,,35.19033431,75.19395068,4537.0,16.215684234331444,0.016813994,2026-09-01T06:54:27.896595+00:00
PKGL-08559,,35.19109555,75.20298741,4651.0,16.90506443106935,0.000387162,2026-09-01T06:54:27.896595+00:00
PKGL-08560,,35.18915524,75.20035078,4639.0,16.583260273433968,0.000924587,2026-09-01T06:54:27.896595+00:00
PKGL-08561,,35.14101573,75.28636627,4595.0,20.440591513566154,0.002712461,2026-09-01T06:54:27.896595+00:00
PKGL-08562,,35.15059292,75.28021568,4731.0,20.628174730376088,0.000777471,2026-09-01T06:54:27.896595+00:00
PKGL-08563,,35.15126144,75.27964618,4728.0,20.63386354000864,0.002028575,2026-09-01T06:54:27.896595+00:00
PKGL-08564,,35.15192614,75.27039687,4883.0,20.031116433584423,0.006926412,2026-09-01T06:54:27.896595+00:00
PKGL-08565,,35.14661381,75.28290253,4695.0,20.55142867832769,0.000791648,2026-09-01T06:54:27.896595+00:00
PKGL-08566,,35.16103653,75.29973437,4580.0,22.74117715280264,0.001107821,2026-09-01T06:54:27.896595+00:00
PKGL-08567,,35.16321583,75.29651532,4628.0,22.661809804974045,0.002100791,2026-09-01T06:54:27.896595+00:00
PKGL-08568,,35.16909106,75.29673156,4721.0,22.658608229355323,0.013718492,2026-09-01T06:54:27.896595+00:00
PKGL-08569,,35.16584084,75.30966026,4639.0,22.85753461760716,0.001642589,2026-09-01T06:54:27.896595+00:00
PKGL-08570,,35.16690887,75.30906095,4631.0,22.74552546479106,0.002438683,2026-09-01T06:54:27.896595+00:00
PKGL-08571,,35.17435659,75.31288136,4755.0,21.88514027065148,0.011561578,2026-09-01T06:54:27.896595+00:00
PKGL-08572,,35.16371616,75.32924193,4741.0,22.820635611219863,0.001330308,2026-09-01T06:54:27.896595+00:00
PKGL-08573,,35.15927885,75.34369804,4455.0,22.23431048075884,0.000979712,2026-09-01T06:54:27.896595+00:00
PKGL-08574,,35.16031299,75.34009215,4477.0,22.37954871090984,0.004312003,2026-09-01T06:54:27.896595+00:00
PKGL-08575,,35.16781164,75.33451735,4667.0,22.159332303201253,0.001823341,2026-09-01T06:54:27.896595+00:00
PKGL-08576,,35.1732813,75.33373771,4788.0,21.80099101795129,0.084438492,2026-09-01T06:54:27.896595+00:00
PKGL-08577,,35.17194789,75.33722189,4755.0,21.66620190027382,0.000599633,2026-09-01T06:54:27.896595+00:00
PKGL-08578,,35.18936882,75.30634235,4476.0,20.298277075570457,0.005412058,2026-09-01T06:54:27.896595+00:00
PKGL-08579,,35.19266294,75.31285593,4584.0,19.86120328095808,0.000498433,2026-09-01T06:54:27.896595+00:00
PKGL-08580,,35.18790816,75.32861339,4835.0,20.2818480198762,0.022277664,2026-09-01T06:54:27.896595+00:00
PKGL-08581,,35.18504929,75.34287802,4644.0,20.31380076913732,0.026725952,2026-09-01T06:54:27.896595+00:00
PKGL-08582,,35.18311685,75.34724252,4637.0,20.157026372693288,0.00318193,2026-09-01T06:54:27.896595+00:00
PKGL-08583,,35.17870971,75.34085393,4695.0,20.91650357196353,0.012279901,2026-09-01T06:54:27.896595+00:00
PKGL-08584,,35.17432065,75.35113766,4661.0,20.567956678709407,0.000393566,2026-09-01T06:54:27.896595+00:00
PKGL-08585,,35.17426703,75.35018869,4674.0,20.63372859154832,0.000616602,2026-09-01T06:54:27.896595+00:00
PKGL-08586,,35.17413097,75.34921451,4658.0,20.707685724265552,0.003797326,2026-09-01T06:54:27.896595+00:00
PKGL-08587,,35.17643546,75.35961982,4595.0,19.85676154925597,0.00165099,2026-09-01T06:54:27.896595+00:00
PKGL-08588,,35.17763565,75.3536251,4582.0,20.14860668534273,0.057398105,2026-09-01T06:54:27.896595+00:00
PKGL-08589,,35.17649175,75.3632616,4649.0,19.62196464381461,0.005093056,2026-09-01T06:54:27.896595+00:00
PKGL-08590,,35.18139022,75.37731463,4560.0,18.353360285232093,0.001952851,2026-09-01T06:54:27.896595+00:00
PKGL-08591,,35.16905298,75.37762498,4628.0,19.37587123508523,0.047855168,2026-09-01T06:54:27.896595+00:00
PKGL-08592,,35.16655652,75.38093536,4676.0,19.40457381801,0.021540139,2026-09-01T06:54:27.896595+00:00
PKGL-08593,,35.20713747,75.36899472,4764.0,16.916525255647514,0.034367791,2026-09-01T06:54:27.896595+00:00
PKGL-08594,,35.20578393,75.36389435,4778.0,17.3706686340374,0.005611969,2026-09-01T06:54:27.896595+00:00
PKGL-08595,,35.19437526,75.35289902,4719.0,18.94845312481963,0.045686978,2026-09-01T06:54:27.896595+00:00
PKGL-08596,,35.19762095,75.34895738,4761.0,18.99733968601233,0.003608679,2026-09-01T06:54:27.896595+00:00
PKGL-08597,,35.19864934,75.33487741,4642.0,19.07376431481397,0.005255803,2026-09-01T06:54:27.896595+00:00
PKGL-08598,,35.20127605,75.33653191,4651.0,18.7806484397606,0.017371429,2026-09-01T06:54:27.896595+00:00
PKGL-08599,,35.20655701,75.33425992,4590.0,18.195250405069533,0.030943298,2026-09-01T06:54:27.896595+00:00
PKGL-08600,,35.20921623,75.3335544,4597.0,17.900646304002642,0.002671935,2026-09-01T06:54:27.896595+00:00
PKGL-08601,,35.2125741,75.33566478,4587.0,17.524801681252512,0.015281894,2026-09-01T06:54:27.896595+00:00
PKGL-08602,,35.20953532,75.3559839,4843.0,17.68455493597881,0.000362669,2026-09-01T06:54:27.896595+00:00
PKGL-08603,,35.22027305,75.34716547,4638.0,16.692906022058168,0.002622092,2026-09-01T06:54:27.896595+00:00
PKGL-08604,,35.22361743,75.34600096,4595.0,16.316051852869982,0.032405416,2026-09-01T06:54:27.896595+00:00
PKGL-08605,,35.23047084,75.37183452,4766.0,15.178002187366715,0.002159467,2026-09-01T06:54:27.896595+00:00
PKGL-08606,,35.23485834,75.36399771,4866.0,15.24220652640938,0.001231732,2026-09-01T06:54:27.896595+00:00
PKGL-08607,,35.24045966,75.37564721,4631.0,14.307926765208776,0.004276095,2026-09-01T06:54:27.896595+00:00
PKGL-08608,,35.24476325,75.38277635,4631.0,13.509030541340898,0.002590591,2026-09-01T06:54:27.896595+00:00
PKGL-08609,,35.24249306,75.3503432,4795.0,14.24774713888892,0.011039586,2026-09-01T06:54:27.896595+00:00
PKGL-08610,,35.25541549,75.29603523,4588.0,13.294941794372074,0.017348407,2026-09-01T06:54:27.896595+00:00
PKGL-08611,,35.25177713,75.28356787,4777.0,14.034507445477749,0.000812123,2026-09-01T06:54:27.896595+00:00
PKGL-08612,,35.24960109,75.28386589,4808.0,14.252553447131096,0.016697804,2026-09-01T06:54:27.896595+00:00
PKGL-08613,,35.24267281,75.25420037,4398.0,16.052155526745302,0.006336284,2026-09-01T06:54:27.896595+00:00
PKGL-08614,,35.24689528,75.28905232,4672.0,14.386238968898487,0.000497907,2026-09-01T06:54:27.896595+00:00
PKGL-08615,,35.26477939,75.29238431,4800.0,12.403497004776517,0.001568267,2026-09-01T06:54:27.896595+00:00
PKGL-08616,,35.26417855,75.29024764,4806.0,12.531161674336412,0.001447072,2026-09-01T06:54:27.896595+00:00
PKGL-08617,,35.2639051,75.28935462,4807.0,12.587456593317471,0.011517126,2026-09-01T06:54:27.896595+00:00
PKGL-08618,,35.26393792,75.28675642,4802.0,12.667217860797088,0.000943487,2026-09-01T06:54:27.896595+00:00
PKGL-08619,,35.264393,75.28436745,4836.0,12.700189888657206,0.003295395,2026-09-01T06:54:27.896595+00:00
PKGL-08620,,35.26545783,75.28129288,4832.0,12.699343539410684,0.01300294,2026-09-01T06:54:27.896595+00:00
PKGL-08621,,35.18882271,75.24787775,4644.0,20.1284852163208,0.028730872,2026-09-01T06:54:27.896595+00:00
PKGL-08622,,35.1925357,75.25147277,4614.0,20.620856173553594,0.013036822,2026-09-01T06:54:27.896595+00:00
PKGL-08623,,35.19192705,75.24363391,4728.0,19.978753193131872,0.005669716,2026-09-01T06:54:27.896595+00:00
PKGL-08624,,35.19655876,75.24227665,4750.0,20.15389278319457,0.006171338,2026-09-01T06:54:27.896595+00:00
PKGL-08625,,35.19817352,75.24671398,4703.0,20.58935809415279,0.011660111,2026-09-01T06:54:27.896595+00:00
PKGL-08626,,35.19379014,75.2315561,4738.0,19.173673541415702,0.010536185,2026-09-01T06:54:27.896595+00:00
PKGL-08627,,35.19058365,75.23181211,4702.0,18.99426145648756,0.017437184,2026-09-01T06:54:27.896595+00:00
PKGL-08628,,35.20269029,75.24856777,4697.0,20.285158492392423,0.037246618,2026-09-01T06:54:27.896595+00:00
PKGL-08629,,35.20368396,75.23023073,4728.0,19.718967891163068,0.012897427,2026-09-01T06:54:27.896595+00:00
PKGL-08630,,35.2135648,75.18838277,4623.0,17.64190057387695,0.008362933,2026-09-01T06:54:27.896595+00:00
PKGL-08631,,35.21462508,75.17946481,4705.0,17.195600751995478,0.001734034,2026-09-01T06:54:27.896595+00:00
PKGL-08632,,35.2144544,75.19718079,4580.0,18.26175964759663,0.001043287,2026-09-01T06:54:27.896595+00:00
PKGL-08633,,35.21815453,75.20692142,4377.0,19.17612444369318,0.001249441,2026-09-01T06:54:27.896595+00:00
PKGL-08634,,35.21212543,75.21796797,4672.0,19.45051929222461,0.011718997,2026-09-01T06:54:27.896595+00:00
PKGL-08635,,35.21302686,75.22146037,4697.0,19.75532379995877,0.013036428,2026-09-01T06:54:27.896595+00:00
PKGL-08636,,35.21251968,75.22539009,4711.0,19.989775570891496,0.03382483,2026-09-01T06:54:27.896595+00:00
PKGL-08637,,35.21925741,75.22648822,4684.0,19.55740010243009,0.013710407,2026-09-01T06:54:27.896595+00:00
PKGL-08638,,35.22045104,75.15332341,4605.0,16.312376925762283,0.003085805,2026-09-01T06:54:27.896595+00:00
PKGL-08639,,35.22876387,75.16157577,4660.0,17.494789170415487,0.000942541,2026-09-01T06:54:27.896595+00:00
PKGL-08640,,35.22794069,75.16296372,4659.0,17.486714282356754,0.010330478,2026-09-01T06:54:27.896595+00:00
PKGL-08641,,35.22658799,75.18587712,4517.0,18.592346031078662,0.002040213,2026-09-01T06:54:27.896595+00:00
PKGL-08642,,35.22527248,75.18244663,4613.0,18.28344058376426,0.00090278,2026-09-01T06:54:27.896595+00:00
PKGL-08643,,35.25882535,75.13761329,4635.0,19.4033014502309,0.002526749,2026-09-01T06:54:27.896595+00:00
PKGL-08644,,35.24213543,75.13356368,4657.0,17.61683879148942,0.001218299,2026-09-01T06:54:27.896595+00:00
PKGL-08645,,35.36826112,75.13394235,4740.0,12.158849970984956,0.004271962,2026-09-01T06:54:27.896595+00:00
PKGL-08646,,35.37499755,75.14153081,4327.0,12.673683835716076,0.001171038,2026-09-01T06:54:27.896595+00:00
PKGL-08647,,35.37343145,75.14252182,4330.0,12.79378586813587,0.001046148,2026-09-01T06:54:27.896595+00:00
PKGL-08648,,35.34712193,75.19779353,4667.0,12.895729622695068,0.002452684,2026-09-01T06:54:27.896595+00:00
PKGL-08649,,35.34539579,75.19670772,4611.0,13.03160484604967,0.007847515,2026-09-01T06:54:27.896595+00:00
PKGL-08650,,35.34513093,75.19552088,4600.0,13.14304961459428,0.002550972,2026-09-01T06:54:27.896595+00:00
PKGL-08651,,35.37316383,75.23675035,4806.0,9.110239549363568,0.017590133,2026-09-01T06:54:27.896595+00:00
PKGL-08652,,35.36722554,75.27451293,4781.0,5.689901086919033,0.01613147,2026-09-01T06:54:27.896595+00:00
PKGL-08653,,35.35079893,75.40295685,4542.0,6.3436165468133145,0.022839012,2026-09-01T06:54:27.896595+00:00
PKGL-08654,,35.36733742,75.38366384,4533.0,4.228393006773423,0.045867243,2026-09-01T06:54:27.896595+00:00
PKGL-08655,,35.38346886,75.19551004,4727.0,12.92741400272931,0.00780075,2026-09-01T06:54:27.896595+00:00
PKGL-08656,,35.38285581,75.1971069,4700.0,12.775940755111092,0.000740368,2026-09-01T06:54:27.896595+00:00
PKGL-08657,,35.38451406,75.20214857,4706.0,12.344074074591948,0.004849588,2026-09-01T06:54:27.896595+00:00
PKGL-08658,,35.38131935,75.20362285,4665.0,12.170491919228525,0.001352129,2026-09-01T06:54:27.896595+00:00
PKGL-08659,,35.38875866,75.25430387,4378.0,7.790943995536981,0.001280806,2026-09-01T06:54:27.896595+00:00
PKGL-08660,,35.38590404,75.25347482,4383.0,7.786176565277874,0.00284724,2026-09-01T06:54:27.896595+00:00
PKGL-08661,,35.40363274,75.27982618,4535.0,6.391871271387225,0.057102988,2026-09-01T06:54:27.896595+00:00
PKGL-08662,,35.42586518,75.04919708,4787.0,5.349064729854513,0.00353397,2026-09-01T06:54:27.896595+00:00
PKGL-08663,,35.42523541,75.04213919,4683.0,4.826507697149082,0.000258396,2026-09-01T06:54:27.896595+00:00
PKGL-08664,,35.42470832,75.04236894,4685.0,4.80099971107084,0.000291237,2026-09-01T06:54:27.896595+00:00
PKGL-08665,,35.33820822,75.18124378,4858.0,14.579900919327294,0.002525768,2026-09-01T06:54:27.896595+00:00
PKGL-08666,,35.28669331,75.16048762,4726.0,18.52151740562336,0.004349912,2026-09-01T06:54:27.896595+00:00
PKGL-08667,,34.85901857,74.69562191,4027.0,12.024253120956535,0.051468052,2026-09-01T06:54:27.896595+00:00
PKGL-08668,,34.85814305,74.73363952,4199.0,13.305780163736818,0.005275779,2026-09-01T06:54:27.896595+00:00
PKGL-08669,,34.84460396,74.76836354,4006.0,13.573676336611948,0.008503589,2026-09-01T06:54:27.896595+00:00
PKGL-08670,,34.84349517,74.76049889,3977.0,13.060095287292604,0.001312148,2026-09-01T06:54:27.896595+00:00
PKGL-08671,,34.85093011,74.81542454,4003.0,13.838951321649208,0.005235644,2026-09-01T06:54:27.896595+00:00
PKGL-08672,,34.85097568,74.81271299,4011.0,13.925667412281024,0.011456674,2026-09-01T06:54:27.896595+00:00
PKGL-08673,,34.8267425,74.82984017,4139.0,15.603348313959147,0.00561087,2026-09-01T06:54:27.896595+00:00
PKGL-08674,,34.807801,74.84781362,4235.0,14.40024991888334,0.061397395,2026-09-01T06:54:27.896595+00:00
PKGL-08675,,34.81017934,74.84970488,4244.0,14.52051695280042,0.000668217,2026-09-01T06:54:27.896595+00:00
PKGL-08676,,34.80949159,74.85025633,4240.0,14.430850187048712,0.012150453,2026-09-01T06:54:27.896595+00:00
PKGL-08677,,34.80922626,74.85519353,4184.0,14.094079676806489,0.001438925,2026-09-01T06:54:27.896595+00:00
PKGL-08678,,34.80010066,74.83613008,4194.0,14.1084237736991,0.001990616,2026-09-01T06:54:27.896595+00:00
PKGL-08679,,34.8004319,74.83559966,4196.0,14.090472361288066,0.000258947,2026-09-01T06:54:27.896595+00:00
PKGL-08680,,34.69211197,75.19845758,4333.0,15.49474512947831,0.011970789,2026-09-01T06:54:27.896595+00:00
PKGL-08681,,34.69252196,75.19456807,4312.0,15.214854178973548,0.007005711,2026-09-01T06:54:27.896595+00:00
PKGL-08682,,34.69164013,75.19494015,4313.0,15.309382996658876,0.0040198,2026-09-01T06:54:27.896595+00:00
PKGL-08683,,34.72034772,75.23855202,4366.0,16.53440995196769,0.007067837,2026-09-01T06:54:27.896595+00:00
PKGL-08684,,34.71249249,75.1894798,4322.0,13.339591073927126,0.025968263,2026-09-01T06:54:27.896595+00:00
PKGL-08685,,34.71544724,75.04310301,3996.0,7.320311156610773,0.005824948,2026-09-01T06:54:27.896595+00:00
PKGL-08686,,34.72664692,75.02914133,4094.0,6.213060393582097,0.003263749,2026-09-01T06:54:27.896595+00:00
PKGL-08687,,34.72382557,75.0279277,4117.0,6.060871361020127,0.019172486,2026-09-01T06:54:27.896595+00:00
PKGL-08688,,34.70210319,75.14081175,4096.0,11.408295823667338,0.00231934,2026-09-01T06:54:27.896595+00:00
PKGL-08689,,34.68974861,75.12844177,4236.0,12.108694767256836,0.002618139,2026-09-01T06:54:27.896595+00:00
PKGL-08690,,34.68861167,75.12834707,4235.0,12.063469378326053,0.006303249,2026-09-01T06:54:27.896595+00:00
PKGL-08691,,34.81035397,74.98108243,4175.0,9.24088489065242,0.031057274,2026-09-01T06:54:27.896595+00:00
PKGL-08692,,34.8094071,74.97702833,4234.0,9.579508100827558,0.015877676,2026-09-01T06:54:27.896595+00:00
PKGL-08693,,34.80754082,74.95896833,4071.0,9.9856476913189,0.001160394,2026-09-01T06:54:27.896595+00:00
PKGL-08694,,34.84351079,75.02120724,3940.0,7.864711943413724,0.007728743,2026-09-01T06:54:27.896595+00:00
PKGL-08695,,34.84432827,75.0055415,4022.0,8.956609986224217,0.01295342,2026-09-01T06:54:27.896595+00:00
PKGL-08696,,34.816825,74.88133665,4172.0,13.252551721341792,0.001070196,2026-09-01T06:54:27.896595+00:00
PKGL-08697,,34.86159966,74.8065448,3905.0,13.07965986659305,0.086086988,2026-09-01T06:54:27.896595+00:00
PKGL-08698,,34.9222189,74.91025538,4039.0,6.161073207017582,0.010056933,2026-09-01T06:54:27.896595+00:00
PKGL-08699,,34.9185246,74.91401491,4200.0,6.695069284348813,0.03338637,2026-09-01T06:54:27.896595+00:00
PKGL-08700,,34.91525398,74.9181824,4332.0,7.213915772929314,0.006083368,2026-09-01T06:54:27.896595+00:00
PKGL-08701,,34.90862741,74.92001471,4206.0,7.908213447166916,0.03194106,2026-09-01T06:54:27.896595+00:00
PKGL-08702,,34.90501908,74.92022595,4217.0,8.251072951483602,0.01669248,2026-09-01T06:54:27.896595+00:00
PKGL-08703,,34.90817722,74.93016302,4143.0,8.510090473297184,0.013798605,2026-09-01T06:54:27.896595+00:00
PKGL-08704,,34.90284055,74.93605866,4324.0,9.310205784294402,0.021595766,2026-09-01T06:54:27.896595+00:00
PKGL-08705,,34.90278504,74.9435764,4340.0,9.769651071215597,0.036817424,2026-09-01T06:54:27.896595+00:00
PKGL-08706,,34.89282363,74.94300708,4259.0,10.573237980258092,0.003243292,2026-09-01T06:54:27.896595+00:00
PKGL-08707,,34.88882445,74.93950241,4200.0,10.732827412099237,0.019863435,2026-09-01T06:54:27.896595+00:00
PKGL-08708,,34.88572818,74.9386494,4216.0,10.969084766968336,0.016651088,2026-09-01T06:54:27.896595+00:00
PKGL-08709,,34.87843156,74.94901938,4347.0,12.178008307683497,0.020630397,2026-09-01T06:54:27.896595+00:00
PKGL-08710,,34.86786721,74.97973312,4098.0,12.457955158641596,0.00320439,2026-09-01T06:54:27.896595+00:00
PKGL-08711,,34.92037767,74.95203678,4252.0,9.068485872213838,0.012740707,2026-09-01T06:54:27.896595+00:00
PKGL-08712,,34.9177352,74.9552938,4240.0,9.480353513387229,0.018870373,2026-09-01T06:54:27.896595+00:00
PKGL-08713,,34.91565568,74.94832868,4328.0,9.112391711171778,0.00227494,2026-09-01T06:54:27.896595+00:00
PKGL-08714,,34.9140855,74.9481157,4315.0,9.207775191825489,0.021457637,2026-09-01T06:54:27.896595+00:00
PKGL-08715,,34.90786445,74.94524889,4197.0,9.474249154066364,0.005196528,2026-09-01T06:54:27.896595+00:00
PKGL-08716,,34.91026467,74.93236088,4113.0,8.465545661392058,0.005955149,2026-09-01T06:54:27.896595+00:00
PKGL-08717,,34.87986201,74.95530863,4258.0,12.399601347984309,0.004759647,2026-09-01T06:54:27.896595+00:00
PKGL-08718,,34.92566264,75.0703254,4293.0,12.549392643963994,0.008107088,2026-09-01T06:54:27.896595+00:00
PKGL-08719,,34.92603425,75.06789155,4288.0,12.563012843582609,0.001790788,2026-09-01T06:54:27.896595+00:00
PKGL-08720,,34.91408238,74.78819175,4240.0,9.521091072585644,0.045214929,2026-09-01T06:54:27.896595+00:00
PKGL-08721,,34.92242388,74.77171909,3491.0,10.26378519909358,0.028195209,2026-09-01T06:54:27.896595+00:00
PKGL-08722,,34.94500986,74.73143592,4545.0,12.893647452644542,0.002745021,2026-09-01T06:54:27.896595+00:00
PKGL-08723,,34.94261239,74.7285355,4525.0,13.205519682480034,0.006602282,2026-09-01T06:54:27.896595+00:00
PKGL-08724,,34.94242838,74.72522779,4580.0,13.504845983256228,0.002853403,2026-09-01T06:54:27.896595+00:00
PKGL-08725,,34.94687493,74.72651744,4578.0,13.297543303200245,0.057242426,2026-09-01T06:54:27.896595+00:00
PKGL-08726,,34.94396625,74.72366429,4594.0,13.611173028122652,0.000651918,2026-09-01T06:54:27.896595+00:00
PKGL-08727,,34.94255799,74.7237505,4604.0,13.63385087923152,0.000440866,2026-09-01T06:54:27.896595+00:00
PKGL-08728,,34.97307363,74.74873967,4692.0,11.102860502500556,0.001501054,2026-09-01T06:54:27.896595+00:00
PKGL-08729,,34.97437336,74.75061938,4649.0,10.94178213042775,0.000164347,2026-09-01T06:54:27.896595+00:00
PKGL-08730,,34.97496877,74.75193465,4642.0,10.82749667943931,0.000212967,2026-09-01T06:54:27.896595+00:00
PKGL-08731,,34.97556961,74.75071324,4661.0,10.90825629628847,0.01449599,2026-09-01T06:54:27.896595+00:00
PKGL-08732,,34.97732542,74.74940267,4687.0,10.851330966264936,0.000585195,2026-09-01T06:54:27.896595+00:00
PKGL-08733,,34.97474216,74.75394892,4637.0,10.642528056738332,0.022742371,2026-09-01T06:54:27.896595+00:00
PKGL-08734,,34.96667235,74.71840839,4410.0,13.73043137126092,0.002749503,2026-09-01T06:54:27.896595+00:00
PKGL-08735,,34.96833758,74.71880595,4415.0,13.58337282244185,0.001881302,2026-09-01T06:54:27.896595+00:00
PKGL-08736,,34.96002547,74.7523135,4360.0,10.784649742282385,0.001626731,2026-09-01T06:54:27.896595+00:00
PKGL-08737,,34.98921722,74.72655295,4331.0,11.629095292976576,0.047059699,2026-09-01T06:54:27.896595+00:00
PKGL-08738,,34.99483735,74.73970035,4429.0,10.285927848776158,0.017264163,2026-09-01T06:54:27.896595+00:00
PKGL-08739,,34.99424325,74.7265875,4282.0,11.328997842710203,0.002866548,2026-09-01T06:54:27.896595+00:00
PKGL-08740,,34.98722723,74.75880094,4639.0,9.468014662282004,0.002874126,2026-09-01T06:54:27.896595+00:00
PKGL-08741,,34.9879246,74.76898492,4513.0,8.769369000944192,9.66e-05,2026-09-01T06:54:27.896595+00:00
PKGL-08742,,34.98805574,74.76694285,4512.0,8.88393878714124,0.019778829,2026-09-01T06:54:27.896595+00:00
PKGL-08743,,34.97978908,74.77278577,4582.0,9.004471572250905,0.00052325,2026-09-01T06:54:27.896595+00:00
PKGL-08744,,34.98039045,74.77214695,4573.0,9.07269107286262,0.001057681,2026-09-01T06:54:27.896595+00:00
PKGL-08745,,34.98022207,74.77086059,4581.0,9.18529770653592,0.000540338,2026-09-01T06:54:27.896595+00:00
PKGL-08746,,34.98073776,74.76936254,4578.0,9.329269346828134,0.002975054,2026-09-01T06:54:27.896595+00:00
PKGL-08747,,34.9831383,74.77605113,4467.0,8.775610664689152,0.000687059,2026-09-01T06:54:27.896595+00:00
PKGL-08748,,34.98401797,74.77320245,4469.0,8.855036663165926,0.014329386,2026-09-01T06:54:27.896595+00:00
PKGL-08749,,34.98768418,74.77552962,4375.0,8.40392633582261,0.017822413,2026-09-01T06:54:27.896595+00:00
PKGL-08750,,34.99256661,74.78086855,4227.0,7.676214613514384,0.001357109,2026-09-01T06:54:27.896595+00:00
PKGL-08751,,34.96986773,75.07879337,4412.0,7.599998335951925,0.003638693,2026-09-01T06:54:27.896595+00:00
PKGL-08752,,35.00068776,74.98716274,4216.0,11.189321656527774,0.009856114,2026-09-01T06:54:27.896595+00:00
PKGL-08753,,34.99100535,74.97288651,4373.0,9.716577352982492,0.003930755,2026-09-01T06:54:27.896595+00:00
PKGL-08754,,34.98996222,74.98493349,4350.0,10.747840410955396,0.002461779,2026-09-01T06:54:27.896595+00:00
PKGL-08755,,34.99484995,74.99573471,4523.0,10.716954307948845,0.000882059,2026-09-01T06:54:27.896595+00:00
PKGL-08756,,34.99462028,74.99351748,4524.0,10.911064494420064,0.001929886,2026-09-01T06:54:27.896595+00:00
PKGL-08757,,35.00443846,75.00789229,4020.0,9.27703978160899,0.005209185,2026-09-01T06:54:27.896595+00:00
PKGL-08758,,35.01298102,74.75441415,4430.0,8.098127488551171,0.002594748,2026-09-01T06:54:27.896595+00:00
PKGL-08759,,35.01243838,74.7545003,4436.0,8.11926702387358,0.00221964,2026-09-01T06:54:27.896595+00:00
PKGL-08760,,35.01818579,74.89969076,4328.0,6.292868984233639,0.009225314,2026-09-01T06:54:27.896595+00:00
PKGL-08761,,35.01588592,74.91693989,4058.0,6.900534756342784,0.002636657,2026-09-01T06:54:27.896595+00:00
PKGL-08762,,35.01495611,74.91825774,4068.0,6.894652245484758,0.002618311,2026-09-01T06:54:27.896595+00:00
PKGL-08763,,35.01409962,74.9155961,4064.0,6.668701645730046,0.000987486,2026-09-01T06:54:27.896595+00:00
PKGL-08764,,35.02117435,74.91651342,4017.0,7.350774513787774,0.004364089,2026-09-01T06:54:27.896595+00:00
PKGL-08765,,35.00702429,74.99734602,4332.0,10.081270385997133,0.000661858,2026-09-01T06:54:27.896595+00:00
PKGL-08766,,35.05291048,74.82736757,2745.0,0.8829081167505991,0.315539572,2026-09-01T06:54:27.896595+00:00
PKGL-08767,,35.07340429,75.02367522,4390.0,4.003840510199398,0.014349202,2026-09-01T06:54:27.896595+00:00
PKGL-08768,,35.08125951,75.01633651,4322.0,4.109125029038785,0.00262255,2026-09-01T06:54:27.896595+00:00
PKGL-08769,,35.05536231,74.95705769,4059.0,10.218876245229112,0.061915204,2026-09-01T06:54:27.896595+00:00
PKGL-08770,,35.06700756,74.96967722,4459.0,8.63673144606088,0.003049853,2026-09-01T06:54:27.896595+00:00
PKGL-08771,,35.04764912,75.00281531,4126.0,7.361069575183018,0.00578,2026-09-01T06:54:27.896595+00:00
PKGL-08772,,35.06144243,74.9800835,4120.0,8.048706014170913,0.000704819,2026-09-01T06:54:27.896595+00:00
PKGL-08773,,35.06693472,75.11502461,4295.0,3.687257985016005,0.003314314,2026-09-01T06:54:27.896595+00:00
PKGL-08774,,35.0673853,75.14694937,4346.0,5.387568967449262,0.001563657,2026-09-01T06:54:27.896595+00:00
PKGL-08775,,35.06353234,75.16491457,4318.0,6.486468090199526,0.003179331,2026-09-01T06:54:27.896595+00:00
PKGL-08776,,35.05679528,75.17162917,4480.0,6.728476303563607,0.004765211,2026-09-01T06:54:27.896595+00:00
PKGL-08777,,35.05209912,75.19347617,4386.0,8.488522499491443,0.00227319,2026-09-01T06:54:27.896595+00:00
PKGL-08778,,35.06111886,75.2041294,4481.0,9.68414209020388,0.003516895,2026-09-01T06:54:27.896595+00:00
PKGL-08779,,35.04847123,75.19024532,4519.0,8.120137698734316,0.000671625,2026-09-01T06:54:27.896595+00:00
PKGL-08780,,35.04478286,75.24241838,4438.0,12.7817325479187,0.007931523,2026-09-01T06:54:27.896595+00:00
PKGL-08781,,35.0793535,75.22181745,4477.0,11.910166241925134,0.001926166,2026-09-01T06:54:27.896595+00:00
PKGL-08782,,35.07848591,75.21578031,4426.0,11.370345026140674,0.020373021,2026-09-01T06:54:27.896595+00:00
PKGL-08783,,35.06880977,75.21641708,4569.0,11.01565956753124,0.001553367,2026-09-01T06:54:27.896595+00:00
PKGL-08784,,35.06523605,75.22470393,4495.0,11.609054078304345,0.002419532,2026-09-01T06:54:27.896595+00:00
PKGL-08785,,35.09099265,75.19958661,4523.0,10.784495850333192,0.014852355,2026-09-01T06:54:27.896595+00:00
PKGL-08786,,35.10254558,75.19692325,4596.0,11.3842535857452,0.010493032,2026-09-01T06:54:27.896595+00:00
PKGL-08787,,35.097921,75.18280334,4524.0,10.087315758875476,0.001411249,2026-09-01T06:54:27.896595+00:00
PKGL-08788,,35.12005523,75.16331727,4435.0,9.975666166761158,0.010597534,2026-09-01T06:54:27.896595+00:00
PKGL-08789,,35.11587809,75.16489787,4504.0,10.003959872475551,0.004326507,2026-09-01T06:54:27.896595+00:00
PKGL-08790,,35.11728423,75.11356636,4482.0,5.601145383102723,0.004050032,2026-09-01T06:54:27.896595+00:00
PKGL-08791,,35.10912383,75.14216271,4297.0,7.827791856129994,0.001600435,2026-09-01T06:54:27.896595+00:00
PKGL-08792,,35.10466483,75.15111522,4367.0,8.563008990729935,0.007497005,2026-09-01T06:54:27.896595+00:00
PKGL-08793,,35.11747092,75.32420458,4716.0,22.14382102404501,0.0021601,2026-09-01T06:54:27.896595+00:00
PKGL-08794,,35.11761438,75.32805306,4656.0,22.4698443189257,0.001057839,2026-09-01T06:54:27.896595+00:00
PKGL-08795,,35.16357465,74.85152172,4061.0,5.44000066035873,0.007070722,2026-09-01T06:54:27.896595+00:00
PKGL-08796,,35.16706442,75.12103064,4536.0,9.75085705643582,0.00331416,2026-09-01T06:54:27.896595+00:00
PKGL-08797,,35.16638709,75.11914025,4604.0,9.58883688127368,0.00073295,2026-09-01T06:54:27.896595+00:00
PKGL-08798,,35.18031159,75.0929312,4448.0,9.8698048632907,0.002099579,2026-09-01T06:54:27.896595+00:00
PKGL-08799,,35.21097358,75.26367496,4652.0,18.9170051360191,0.011070727,2026-09-01T06:54:27.896595+00:00
PKGL-08800,,35.30137666,74.92572158,4183.0,5.255110433044975,0.000856869,2026-09-01T06:54:27.896595+00:00
PKGL-08801,,35.26479139,75.09173795,4381.0,16.52828311189638,0.002663536,2026-09-01T06:54:27.896595+00:00
PKGL-08802,,35.25130395,75.09609642,4273.0,17.577184798181996,0.000749731,2026-09-01T06:54:27.896595+00:00
PKGL-08803,,35.27967891,75.18467039,4868.0,17.106774556575527,0.010570095,2026-09-01T06:54:27.896595+00:00
PKGL-08804,,35.29519085,75.19898284,4641.0,15.054350985485252,0.006247459,2026-09-01T06:54:27.896595+00:00
PKGL-08805,,35.33534275,74.94311346,4438.0,5.808014927350972,0.001242979,2026-09-01T06:54:27.896595+00:00
PKGL-08806,,35.42786364,74.97192956,3688.0,3.2935717355193743,0.014033562,2026-09-01T06:54:27.896595+00:00
