lake_id,forecast_created_at,valid_at,precipitation_mm,temperature_c,horizon_hours,source,is_mock,ingested_at
PKGL-00001,2026-09-01T00:00:00+00:00,2026-09-01T01:00:00+00:00,,10.766595458984398,1,NOAA GFS 0.25 degree / Google Earth Engine,0,2026-09-01T07:43:20.555862+00:00
PKGL-00001,2026-09-01T00:00:00+00:00,2026-09-01T02:00:00+00:00,,11.869622802734398,2,NOAA GFS 0.25 degree / Google Earth Engine,0,2026-09-01T07:43:20.555862+00:00
PKGL-00001,2026-09-01T00:00:00+00:00,2026-09-01T03:00:00+00:00,,12.873651123046898,3,NOAA GFS 0.25 degree / Google Earth Engine,0,2026-09-01T07:43:20.555862+00:00
PKGL-00001,2026-09-01T00:00:00+00:00,2026-09-01T04:00:00+00:00,,13.266992187500023,4,NOAA GFS 0.25 degree / Google Earth Engine,0,2026-09-01T07:43:20.555862+00:00
PKGL-00001,2026-09-01T00:00:00+00:00,2026-09-01T05:00:00+00:00,,14.325097656250023,5,NOAA GFS 0.25 degree / Google Earth Engine,0,2026-09-01T07:43:20.555862+00:00
PKGL-00001,2026-09-01T00:00:00+00:00,2026-09-01T06:00:00+00:00,2.1875,15.020959472656273,6,NOAA GFS 0.25 degree / Google Earth Engine,0,2026-09-01T07:43:20.555862+00:00
PKGL-00001,2026-09-01T00:00:00+00:00,2026-09-01T07:00:00+00:00,,15.508508300781273,7,NOAA GFS 0.25 degree / Google Earth Engine,0,2026-09-01T07:43:20.555862+00:00
PKGL-00001,2026-09-01T00:00:00+00:00,2026-09-01T08:00:00+00:00,,15.775506591796898,8,NOAA GFS 0.25 degree / Google Earth Engine,0,2026-09-01T07:43:20.555862+00:00
PKGL-00001,2026-09-01T00:00:00+00:00,2026-09-01T09:00:00+00:00,,16.075524902343773,9,NOAA GFS 0.25 degree / Google Earth Engine,0,2026-09-01T07:43:20.555862+00:00
PKGL-00001,2026-09-01T00:00:00+00:00,2026-09-01T10:00:00+00:00,,15.512628173828148,10,NOAA GFS 0.25 degree / Google Earth Engine,0,2026-09-01T07:43:20.555862+00:00
PKGL-00001,2026-09-01T00:00:00+00:00,2026-09-01T11:00:00+00:00,,14.861291503906273,11,NOAA GFS 0.25 degree / Google Earth Engine,0,2026-09-01T07:43:20.555862+00:00
PKGL-00001,2026-09-01T00:00:00+00:00,2026-09-01T12:00:00+00:00,4.625,13.915155029296898,12,NOAA GFS 0.25 degree / Google Earth Engine,0,2026-09-01T07:43:20.555862+00:00
PKGL-00001,2026-09-01T00:00:00+00:00,2026-09-01T13:00:00+00:00,,12.350030517578148,13,NOAA GFS 0.25 degree / Google Earth Engine,0,2026-09-01T07:43:20.555862+00:00
PKGL-00001,2026-09-01T00:00:00+00:00,2026-09-01T14:00:00+00:00,,10.697686767578148,14,NOAA GFS 0.25 degree / Google Earth Engine,0,2026-09-01T07:43:20.555862+00:00
PKGL-00001,2026-09-01T00:00:00+00:00,2026-09-01T15:00:00+00:00,,10.204919433593773,15,NOAA GFS 0.25 degree / Google Earth Engine,0,2026-09-01T07:43:20.555862+00:00
PKGL-00001,2026-09-01T00:00:00+00:00,2026-09-01T16:00:00+00:00,,9.691522216796898,16,NOAA GFS 0.25 degree / Google Earth Engine,0,2026-09-01T07:43:20.555862+00:00
PKGL-00001,2026-09-01T00:00:00+00:00,2026-09-01T17:00:00+00:00,,9.091516113281273,17,NOAA GFS 0.25 degree / Google Earth Engine,0,2026-09-01T07:43:20.555862+00:00
PKGL-00001,2026-09-01T00:00:00+00:00,2026-09-01T18:00:00+00:00,0.4375,8.829980468750023,18,NOAA GFS 0.25 degree / Google Earth Engine,0,2026-09-01T07:43:20.555862+00:00
PKGL-00001,2026-09-01T00:00:00+00:00,2026-09-01T19:00:00+00:00,,8.749993896484398,19,NOAA GFS 0.25 degree / Google Earth Engine,0,2026-09-01T07:43:20.555862+00:00
PKGL-00001,2026-09-01T00:00:00+00:00,2026-09-01T20:00:00+00:00,,8.829980468750023,20,NOAA GFS 0.25 degree / Google Earth Engine,0,2026-09-01T07:43:20.555862+00:00
PKGL-00001,2026-09-01T00:00:00+00:00,2026-09-01T21:00:00+00:00,,9.468255615234398,21,NOAA GFS 0.25 degree / Google Earth Engine,0,2026-09-01T07:43:20.556893+00:00
PKGL-00001,2026-09-01T00:00:00+00:00,2026-09-01T22:00:00+00:00,,9.068261718750023,22,NOAA GFS 0.25 degree / Google Earth Engine,0,2026-09-01T07:43:20.556893+00:00
PKGL-00001,2026-09-01T00:00:00+00:00,2026-09-01T23:00:00+00:00,,8.168298339843773,23,NOAA GFS 0.25 degree / Google Earth Engine,0,2026-09-01T07:43:20.556893+00:00
PKGL-00001,2026-09-01T00:00:00+00:00,2026-09-02T00:00:00+00:00,0.0625,7.949975585937523,24,NOAA GFS 0.25 degree / Google Earth Engine,0,2026-09-01T07:43:20.556893+00:00
PKGL-00001,2026-09-01T00:00:00+00:00,2026-09-02T01:00:00+00:00,,7.968286132812523,25,NOAA GFS 0.25 degree / Google Earth Engine,0,2026-09-01T07:43:20.556893+00:00
PKGL-00001,2026-09-01T00:00:00+00:00,2026-09-02T02:00:00+00:00,,11.261254882812523,26,NOAA GFS 0.25 degree / Google Earth Engine,0,2026-09-01T07:43:20.556893+00:00
PKGL-00001,2026-09-01T00:00:00+00:00,2026-09-02T03:00:00+00:00,,13.169885253906273,27,NOAA GFS 0.25 degree / Google Earth Engine,0,2026-09-01T07:43:20.556893+00:00
PKGL-00001,2026-09-01T00:00:00+00:00,2026-09-02T04:00:00+00:00,,14.586602783203148,28,NOAA GFS 0.25 degree / Google Earth Engine,0,2026-09-01T07:43:20.556893+00:00
PKGL-00001,2026-09-01T00:00:00+00:00,2026-09-02T05:00:00+00:00,,15.886590576171898,29,NOAA GFS 0.25 degree / Google Earth Engine,0,2026-09-01T07:43:20.556893+00:00
PKGL-00001,2026-09-01T00:00:00+00:00,2026-09-02T06:00:00+00:00,0.0,17.092065429687523,30,NOAA GFS 0.25 degree / Google Earth Engine,0,2026-09-01T07:43:20.556893+00:00
PKGL-00001,2026-09-01T00:00:00+00:00,2026-09-02T07:00:00+00:00,,17.986566162109398,31,NOAA GFS 0.25 degree / Google Earth Engine,0,2026-09-01T07:43:20.556893+00:00
PKGL-00001,2026-09-01T00:00:00+00:00,2026-09-02T08:00:00+00:00,,18.210321044921898,32,NOAA GFS 0.25 degree / Google Earth Engine,0,2026-09-01T07:43:20.556893+00:00
PKGL-00001,2026-09-01T00:00:00+00:00,2026-09-02T09:00:00+00:00,,18.092034912109398,33,NOAA GFS 0.25 degree / Google Earth Engine,0,2026-09-01T07:43:20.556893+00:00
PKGL-00001,2026-09-01T00:00:00+00:00,2026-09-02T10:00:00+00:00,,16.150415039062523,34,NOAA GFS 0.25 degree / Google Earth Engine,0,2026-09-01T07:43:20.556893+00:00
PKGL-00001,2026-09-01T00:00:00+00:00,2026-09-02T11:00:00+00:00,,14.790826416015648,35,NOAA GFS 0.25 degree / Google Earth Engine,0,2026-09-01T07:43:20.556893+00:00
PKGL-00001,2026-09-01T00:00:00+00:00,2026-09-02T12:00:00+00:00,3.0,14.374993896484398,36,NOAA GFS 0.25 degree / Google Earth Engine,0,2026-09-01T07:43:20.556893+00:00
PKGL-00001,2026-09-01T00:00:00+00:00,2026-09-02T13:00:00+00:00,,12.592034912109398,37,NOAA GFS 0.25 degree / Google Earth Engine,0,2026-09-01T07:43:20.556893+00:00
PKGL-00001,2026-09-01T00:00:00+00:00,2026-09-02T14:00:00+00:00,,10.267083740234398,38,NOAA GFS 0.25 degree / Google Earth Engine,0,2026-09-01T07:43:20.556893+00:00
PKGL-00001,2026-09-01T00:00:00+00:00,2026-09-02T15:00:00+00:00,,9.855462646484398,39,NOAA GFS 0.25 degree / Google Earth Engine,0,2026-09-01T07:43:20.556893+00:00
PKGL-00001,2026-09-01T00:00:00+00:00,2026-09-02T16:00:00+00:00,,9.745050048828148,40,NOAA GFS 0.25 degree / Google Earth Engine,0,2026-09-01T07:43:20.556893+00:00
PKGL-00001,2026-09-01T00:00:00+00:00,2026-09-02T17:00:00+00:00,,9.517938232421898,41,NOAA GFS 0.25 degree / Google Earth Engine,0,2026-09-01T07:43:20.556893+00:00
PKGL-00001,2026-09-01T00:00:00+00:00,2026-09-02T18:00:00+00:00,0.625,9.283807373046898,42,NOAA GFS 0.25 degree / Google Earth Engine,0,2026-09-01T07:43:20.556893+00:00
PKGL-00001,2026-09-01T00:00:00+00:00,2026-09-02T19:00:00+00:00,,9.059808349609398,43,NOAA GFS 0.25 degree / Google Earth Engine,0,2026-09-01T07:43:20.556893+00:00
PKGL-00001,2026-09-01T00:00:00+00:00,2026-09-02T20:00:00+00:00,,8.849359130859398,44,NOAA GFS 0.25 degree / Google Earth Engine,0,2026-09-01T07:43:20.556893+00:00
PKGL-00001,2026-09-01T00:00:00+00:00,2026-09-02T21:00:00+00:00,,8.591424560546898,45,NOAA GFS 0.25 degree / Google Earth Engine,0,2026-09-01T07:43:20.556893+00:00
PKGL-00001,2026-09-01T00:00:00+00:00,2026-09-02T22:00:00+00:00,,8.263452148437523,46,NOAA GFS 0.25 degree / Google Earth Engine,0,2026-09-01T07:43:20.556893+00:00
PKGL-00001,2026-09-01T00:00:00+00:00,2026-09-02T23:00:00+00:00,,8.153894042968773,47,NOAA GFS 0.25 degree / Google Earth Engine,0,2026-09-01T07:43:20.556893+00:00
PKGL-00001,2026-09-01T00:00:00+00:00,2026-09-03T00:00:00+00:00,0.0,7.953881835937523,48,NOAA GFS 0.25 degree / Google Earth Engine,0,2026-09-01T07:43:20.556893+00:00
PKGL-00001,2026-09-01T00:00:00+00:00,2026-09-03T01:00:00+00:00,,8.081475830078148,49,NOAA GFS 0.25 degree / Google Earth Engine,0,2026-09-01T07:43:20.556893+00:00
PKGL-00001,2026-09-01T00:00:00+00:00,2026-09-03T02:00:00+00:00,,11.098443603515648,50,NOAA GFS 0.25 degree / Google Earth Engine,0,2026-09-01T07:43:20.556893+00:00
PKGL-00001,2026-09-01T00:00:00+00:00,2026-09-03T03:00:00+00:00,,12.974237060546898,51,NOAA GFS 0.25 degree / Google Earth Engine,0,2026-09-01T07:43:20.556893+00:00
PKGL-00001,2026-09-01T00:00:00+00:00,2026-09-03T04:00:00+00:00,,14.555657958984398,52,NOAA GFS 0.25 degree / Google Earth Engine,0,2026-09-01T07:43:20.556893+00:00
PKGL-00001,2026-09-01T00:00:00+00:00,2026-09-03T05:00:00+00:00,,15.907525634765648,53,NOAA GFS 0.25 degree / Google Earth Engine,0,2026-09-01T07:43:20.556893+00:00
PKGL-00001,2026-09-01T00:00:00+00:00,2026-09-03T06:00:00+00:00,0.125,17.086297607421898,54,NOAA GFS 0.25 degree / Google Earth Engine,0,2026-09-01T07:43:20.556893+00:00
PKGL-00001,2026-09-01T00:00:00+00:00,2026-09-03T07:00:00+00:00,,17.772210693359398,55,NOAA GFS 0.25 degree / Google Earth Engine,0,2026-09-01T07:43:20.556893+00:00
PKGL-00001,2026-09-01T00:00:00+00:00,2026-09-03T08:00:00+00:00,,17.211816406250023,56,NOAA GFS 0.25 degree / Google Earth Engine,0,2026-09-01T07:43:20.556893+00:00
PKGL-00001,2026-09-01T00:00:00+00:00,2026-09-03T09:00:00+00:00,,14.913629150390648,57,NOAA GFS 0.25 degree / Google Earth Engine,0,2026-09-01T07:43:20.556893+00:00
PKGL-00001,2026-09-01T00:00:00+00:00,2026-09-03T10:00:00+00:00,,16.615472412109398,58,NOAA GFS 0.25 degree / Google Earth Engine,0,2026-09-01T07:43:20.556893+00:00
PKGL-00001,2026-09-01T00:00:00+00:00,2026-09-03T11:00:00+00:00,,16.882714843750023,59,NOAA GFS 0.25 degree / Google Earth Engine,0,2026-09-01T07:43:20.556893+00:00
PKGL-00001,2026-09-01T00:00:00+00:00,2026-09-03T12:00:00+00:00,0.8125,15.748193359375023,60,NOAA GFS 0.25 degree / Google Earth Engine,0,2026-09-01T07:43:20.556893+00:00
PKGL-00001,2026-09-01T00:00:00+00:00,2026-09-03T13:00:00+00:00,,13.415460205078148,61,NOAA GFS 0.25 degree / Google Earth Engine,0,2026-09-01T07:43:20.556893+00:00
PKGL-00001,2026-09-01T00:00:00+00:00,2026-09-03T14:00:00+00:00,,11.220605468750023,62,NOAA GFS 0.25 degree / Google Earth Engine,0,2026-09-01T07:43:20.556893+00:00
PKGL-00001,2026-09-01T00:00:00+00:00,2026-09-03T15:00:00+00:00,,10.645227050781273,63,NOAA GFS 0.25 degree / Google Earth Engine,0,2026-09-01T07:43:20.556893+00:00
PKGL-00001,2026-09-01T00:00:00+00:00,2026-09-03T16:00:00+00:00,,10.144860839843773,64,NOAA GFS 0.25 degree / Google Earth Engine,0,2026-09-01T07:43:20.556893+00:00
PKGL-00001,2026-09-01T00:00:00+00:00,2026-09-03T17:00:00+00:00,,9.637933349609398,65,NOAA GFS 0.25 degree / Google Earth Engine,0,2026-09-01T07:43:20.556893+00:00
PKGL-00001,2026-09-01T00:00:00+00:00,2026-09-03T18:00:00+00:00,0.0625,9.350000000000023,66,NOAA GFS 0.25 degree / Google Earth Engine,0,2026-09-01T07:43:20.556893+00:00
PKGL-00001,2026-09-01T00:00:00+00:00,2026-09-03T19:00:00+00:00,,8.219110107421898,67,NOAA GFS 0.25 degree / Google Earth Engine,0,2026-09-01T07:43:20.556893+00:00
PKGL-00001,2026-09-01T00:00:00+00:00,2026-09-03T20:00:00+00:00,,8.042260742187523,68,NOAA GFS 0.25 degree / Google Earth Engine,0,2026-09-01T07:43:20.556893+00:00
PKGL-00001,2026-09-01T00:00:00+00:00,2026-09-03T21:00:00+00:00,,7.796136474609398,69,NOAA GFS 0.25 degree / Google Earth Engine,0,2026-09-01T07:43:20.556893+00:00
PKGL-00001,2026-09-01T00:00:00+00:00,2026-09-03T22:00:00+00:00,,7.642297363281273,70,NOAA GFS 0.25 degree / Google Earth Engine,0,2026-09-01T07:43:20.556893+00:00
PKGL-00001,2026-09-01T00:00:00+00:00,2026-09-03T23:00:00+00:00,,7.396691894531273,71,NOAA GFS 0.25 degree / Google Earth Engine,0,2026-09-01T07:43:20.556893+00:00
PKGL-00001,2026-09-01T00:00:00+00:00,2026-09-04T00:00:00+00:00,0.125,8.257775878906273,72,NOAA GFS 0.25 degree / Google Earth Engine,0,2026-09-01T07:43:20.556893+00:00
PKGL-00001,2026-09-01T00:00:00+00:00,2026-09-04T01:00:00+00:00,,8.803857421875023,73,NOAA GFS 0.25 degree / Google Earth Engine,0,2026-09-01T07:43:20.556893+00:00
PKGL-00001,2026-09-01T00:00:00+00:00,2026-09-04T02:00:00+00:00,,11.050012207031273,74,NOAA GFS 0.25 degree / Google Earth Engine,0,2026-09-01T07:43:20.556893+00:00
PKGL-00001,2026-09-01T00:00:00+00:00,2026-09-04T03:00:00+00:00,,12.749993896484398,75,NOAA GFS 0.25 degree / Google Earth Engine,0,2026-09-01T07:43:20.556893+00:00
PKGL-00001,2026-09-01T00:00:00+00:00,2026-09-04T04:00:00+00:00,,14.109521484375023,76,NOAA GFS 0.25 degree / Google Earth Engine,0,2026-09-01T07:43:20.556893+00:00
PKGL-00001,2026-09-01T00:00:00+00:00,2026-09-04T05:00:00+00:00,,14.082727050781273,77,NOAA GFS 0.25 degree / Google Earth Engine,0,2026-09-01T07:43:20.556893+00:00
PKGL-00001,2026-09-01T00:00:00+00:00,2026-09-04T06:00:00+00:00,,14.282708740234398,78,NOAA GFS 0.25 degree / Google Earth Engine,0,2026-09-01T07:43:20.556893+00:00
PKGL-00001,2026-09-01T00:00:00+00:00,2026-09-04T07:00:00+00:00,,14.682733154296898,79,NOAA GFS 0.25 degree / Google Earth Engine,0,2026-09-01T07:43:20.556893+00:00
PKGL-00001,2026-09-01T00:00:00+00:00,2026-09-04T08:00:00+00:00,,15.170648193359398,80,NOAA GFS 0.25 degree / Google Earth Engine,0,2026-09-01T07:43:20.556893+00:00
PKGL-00001,2026-09-01T00:00:00+00:00,2026-09-04T09:00:00+00:00,,15.469323730468773,81,NOAA GFS 0.25 degree / Google Earth Engine,0,2026-09-01T07:43:20.556893+00:00
PKGL-00001,2026-09-01T00:00:00+00:00,2026-09-04T10:00:00+00:00,,15.137902832031273,82,NOAA GFS 0.25 degree / Google Earth Engine,0,2026-09-01T07:43:20.556893+00:00
PKGL-00001,2026-09-01T00:00:00+00:00,2026-09-04T11:00:00+00:00,,14.462121582031273,83,NOAA GFS 0.25 degree / Google Earth Engine,0,2026-09-01T07:43:20.556893+00:00
PKGL-00001,2026-09-01T00:00:00+00:00,2026-09-04T12:00:00+00:00,,13.598443603515648,84,NOAA GFS 0.25 degree / Google Earth Engine,0,2026-09-01T07:43:20.556893+00:00
PKGL-00001,2026-09-01T00:00:00+00:00,2026-09-04T13:00:00+00:00,,11.117822265625023,85,NOAA GFS 0.25 degree / Google Earth Engine,0,2026-09-01T07:43:20.556893+00:00
PKGL-00001,2026-09-01T00:00:00+00:00,2026-09-04T14:00:00+00:00,,8.980828857421898,86,NOAA GFS 0.25 degree / Google Earth Engine,0,2026-09-01T07:43:20.556893+00:00
PKGL-00001,2026-09-01T00:00:00+00:00,2026-09-04T15:00:00+00:00,,8.560357666015648,87,NOAA GFS 0.25 degree / Google Earth Engine,0,2026-09-01T07:43:20.556893+00:00
PKGL-00001,2026-09-01T00:00:00+00:00,2026-09-04T16:00:00+00:00,,9.962945556640648,88,NOAA GFS 0.25 degree / Google Earth Engine,0,2026-09-01T07:43:20.556893+00:00
PKGL-00001,2026-09-01T00:00:00+00:00,2026-09-04T17:00:00+00:00,,9.464227294921898,89,NOAA GFS 0.25 degree / Google Earth Engine,0,2026-09-01T07:43:20.556893+00:00
PKGL-00001,2026-09-01T00:00:00+00:00,2026-09-04T18:00:00+00:00,,9.064233398437523,90,NOAA GFS 0.25 degree / Google Earth Engine,0,2026-09-01T07:43:20.556893+00:00
PKGL-00001,2026-09-01T00:00:00+00:00,2026-09-04T19:00:00+00:00,,7.358514404296898,91,NOAA GFS 0.25 degree / Google Earth Engine,0,2026-09-01T07:43:20.556893+00:00
PKGL-00001,2026-09-01T00:00:00+00:00,2026-09-04T20:00:00+00:00,,7.124414062500023,92,NOAA GFS 0.25 degree / Google Earth Engine,0,2026-09-01T07:43:20.556893+00:00
PKGL-00001,2026-09-01T00:00:00+00:00,2026-09-04T21:00:00+00:00,,7.023919677734398,93,NOAA GFS 0.25 degree / Google Earth Engine,0,2026-09-01T07:43:20.556893+00:00
PKGL-00001,2026-09-01T00:00:00+00:00,2026-09-04T22:00:00+00:00,,7.421472167968773,94,NOAA GFS 0.25 degree / Google Earth Engine,0,2026-09-01T07:43:20.556893+00:00
PKGL-00001,2026-09-01T00:00:00+00:00,2026-09-04T23:00:00+00:00,,7.067132568359398,95,NOAA GFS 0.25 degree / Google Earth Engine,0,2026-09-01T07:43:20.556893+00:00
PKGL-00001,2026-09-01T00:00:00+00:00,2026-09-05T00:00:00+00:00,,7.731835937500023,96,NOAA GFS 0.25 degree / Google Earth Engine,0,2026-09-01T07:43:20.556893+00:00
PKGL-00001,2026-09-01T00:00:00+00:00,2026-09-05T01:00:00+00:00,,8.006158447265648,97,NOAA GFS 0.25 degree / Google Earth Engine,0,2026-09-01T07:43:20.556893+00:00
PKGL-00001,2026-09-01T00:00:00+00:00,2026-09-05T02:00:00+00:00,,8.529687500000023,98,NOAA GFS 0.25 degree / Google Earth Engine,0,2026-09-01T07:43:20.556893+00:00
PKGL-00001,2026-09-01T00:00:00+00:00,2026-09-05T03:00:00+00:00,,8.800347900390648,99,NOAA GFS 0.25 degree / Google Earth Engine,0,2026-09-01T07:43:20.556893+00:00
PKGL-00001,2026-09-01T00:00:00+00:00,2026-09-05T04:00:00+00:00,,9.665917968750023,100,NOAA GFS 0.25 degree / Google Earth Engine,0,2026-09-01T07:43:20.556893+00:00
PKGL-00001,2026-09-01T00:00:00+00:00,2026-09-05T05:00:00+00:00,,10.708978271484398,101,NOAA GFS 0.25 degree / Google Earth Engine,0,2026-09-01T07:43:20.556893+00:00
PKGL-00001,2026-09-01T00:00:00+00:00,2026-09-05T06:00:00+00:00,,11.927301025390648,102,NOAA GFS 0.25 degree / Google Earth Engine,0,2026-09-01T07:43:20.556893+00:00
PKGL-00001,2026-09-01T00:00:00+00:00,2026-09-05T07:00:00+00:00,,12.897943115234398,103,NOAA GFS 0.25 degree / Google Earth Engine,0,2026-09-01T07:43:20.556893+00:00
PKGL-00001,2026-09-01T00:00:00+00:00,2026-09-05T08:00:00+00:00,,13.365014648437523,104,NOAA GFS 0.25 degree / Google Earth Engine,0,2026-09-01T07:43:20.556893+00:00
PKGL-00001,2026-09-01T00:00:00+00:00,2026-09-05T09:00:00+00:00,,13.353967285156273,105,NOAA GFS 0.25 degree / Google Earth Engine,0,2026-09-01T07:43:20.557901+00:00
PKGL-00001,2026-09-01T00:00:00+00:00,2026-09-05T10:00:00+00:00,,13.253991699218773,106,NOAA GFS 0.25 degree / Google Earth Engine,0,2026-09-01T07:43:20.557901+00:00
PKGL-00001,2026-09-01T00:00:00+00:00,2026-09-05T11:00:00+00:00,,13.020654296875023,107,NOAA GFS 0.25 degree / Google Earth Engine,0,2026-09-01T07:43:20.557901+00:00
PKGL-00001,2026-09-01T00:00:00+00:00,2026-09-05T12:00:00+00:00,,12.398736572265648,108,NOAA GFS 0.25 degree / Google Earth Engine,0,2026-09-01T07:43:20.557901+00:00
PKGL-00001,2026-09-01T00:00:00+00:00,2026-09-05T13:00:00+00:00,,10.301263427734398,109,NOAA GFS 0.25 degree / Google Earth Engine,0,2026-09-01T07:43:20.557901+00:00
PKGL-00001,2026-09-01T00:00:00+00:00,2026-09-05T14:00:00+00:00,,8.174462890625023,110,NOAA GFS 0.25 degree / Google Earth Engine,0,2026-09-01T07:43:20.557901+00:00
PKGL-00001,2026-09-01T00:00:00+00:00,2026-09-05T15:00:00+00:00,,7.901269531250023,111,NOAA GFS 0.25 degree / Google Earth Engine,0,2026-09-01T07:43:20.557901+00:00
PKGL-00001,2026-09-01T00:00:00+00:00,2026-09-05T16:00:00+00:00,,7.822686767578148,112,NOAA GFS 0.25 degree / Google Earth Engine,0,2026-09-01T07:43:20.557901+00:00
PKGL-00001,2026-09-01T00:00:00+00:00,2026-09-05T17:00:00+00:00,,7.685327148437523,113,NOAA GFS 0.25 degree / Google Earth Engine,0,2026-09-01T07:43:20.557901+00:00
PKGL-00001,2026-09-01T00:00:00+00:00,2026-09-05T18:00:00+00:00,,7.512109375000023,114,NOAA GFS 0.25 degree / Google Earth Engine,0,2026-09-01T07:43:20.557901+00:00
PKGL-00001,2026-09-01T00:00:00+00:00,2026-09-05T19:00:00+00:00,,7.249993896484398,115,NOAA GFS 0.25 degree / Google Earth Engine,0,2026-09-01T07:43:20.557901+00:00
PKGL-00001,2026-09-01T00:00:00+00:00,2026-09-05T20:00:00+00:00,,7.074578857421898,116,NOAA GFS 0.25 degree / Google Earth Engine,0,2026-09-01T07:43:20.557901+00:00
PKGL-00001,2026-09-01T00:00:00+00:00,2026-09-05T21:00:00+00:00,,6.822625732421898,117,NOAA GFS 0.25 degree / Google Earth Engine,0,2026-09-01T07:43:20.557901+00:00
PKGL-00001,2026-09-01T00:00:00+00:00,2026-09-05T22:00:00+00:00,,6.575189208984398,118,NOAA GFS 0.25 degree / Google Earth Engine,0,2026-09-01T07:43:20.557901+00:00
PKGL-00001,2026-09-01T00:00:00+00:00,2026-09-05T23:00:00+00:00,,6.450006103515648,119,NOAA GFS 0.25 degree / Google Earth Engine,0,2026-09-01T07:43:20.557901+00:00
PKGL-00001,2026-09-01T00:00:00+00:00,2026-09-06T00:00:00+00:00,,6.241845703125023,120,NOAA GFS 0.25 degree / Google Earth Engine,0,2026-09-01T07:43:20.557901+00:00
PKGL-00001,2026-09-01T00:00:00+00:00,2026-09-06T03:00:00+00:00,,12.274957275390648,123,NOAA GFS 0.25 degree / Google Earth Engine,0,2026-09-01T07:43:20.557901+00:00
PKGL-00001,2026-09-01T00:00:00+00:00,2026-09-06T06:00:00+00:00,,15.749993896484398,126,NOAA GFS 0.25 degree / Google Earth Engine,0,2026-09-01T07:43:20.557901+00:00
PKGL-00001,2026-09-01T00:00:00+00:00,2026-09-06T09:00:00+00:00,,16.891107177734398,129,NOAA GFS 0.25 degree / Google Earth Engine,0,2026-09-01T07:43:20.557901+00:00
PKGL-00001,2026-09-01T00:00:00+00:00,2026-09-06T12:00:00+00:00,,12.973535156250023,132,NOAA GFS 0.25 degree / Google Earth Engine,0,2026-09-01T07:43:20.557901+00:00
PKGL-00001,2026-09-01T00:00:00+00:00,2026-09-06T15:00:00+00:00,,7.914666748046898,135,NOAA GFS 0.25 degree / Google Earth Engine,0,2026-09-01T07:43:20.557901+00:00
PKGL-00001,2026-09-01T00:00:00+00:00,2026-09-06T18:00:00+00:00,,8.320275878906273,138,NOAA GFS 0.25 degree / Google Earth Engine,0,2026-09-01T07:43:20.557901+00:00
PKGL-00001,2026-09-01T00:00:00+00:00,2026-09-06T21:00:00+00:00,,8.052850341796898,141,NOAA GFS 0.25 degree / Google Earth Engine,0,2026-09-01T07:43:20.557901+00:00
PKGL-00001,2026-09-01T00:00:00+00:00,2026-09-07T00:00:00+00:00,,7.650018310546898,144,NOAA GFS 0.25 degree / Google Earth Engine,0,2026-09-01T07:43:20.557901+00:00
PKGL-00001,2026-09-01T00:00:00+00:00,2026-09-07T03:00:00+00:00,,13.378137207031273,147,NOAA GFS 0.25 degree / Google Earth Engine,0,2026-09-01T07:43:20.557901+00:00
PKGL-00001,2026-09-01T00:00:00+00:00,2026-09-07T06:00:00+00:00,,17.153741455078148,150,NOAA GFS 0.25 degree / Google Earth Engine,0,2026-09-01T07:43:20.557901+00:00
PKGL-00001,2026-09-01T00:00:00+00:00,2026-09-07T09:00:00+00:00,,18.606195068359398,153,NOAA GFS 0.25 degree / Google Earth Engine,0,2026-09-01T07:43:20.557901+00:00
PKGL-00001,2026-09-01T00:00:00+00:00,2026-09-07T12:00:00+00:00,,15.678094482421898,156,NOAA GFS 0.25 degree / Google Earth Engine,0,2026-09-01T07:43:20.557901+00:00
PKGL-00001,2026-09-01T00:00:00+00:00,2026-09-07T15:00:00+00:00,,10.550012207031273,159,NOAA GFS 0.25 degree / Google Earth Engine,0,2026-09-01T07:43:20.557901+00:00
PKGL-00001,2026-09-01T00:00:00+00:00,2026-09-07T18:00:00+00:00,,9.467004394531273,162,NOAA GFS 0.25 degree / Google Earth Engine,0,2026-09-01T07:43:20.557901+00:00
PKGL-00001,2026-09-01T00:00:00+00:00,2026-09-07T21:00:00+00:00,,8.439508056640648,165,NOAA GFS 0.25 degree / Google Earth Engine,0,2026-09-01T07:43:20.557901+00:00
PKGL-00001,2026-09-01T00:00:00+00:00,2026-09-08T00:00:00+00:00,,7.671014404296898,168,NOAA GFS 0.25 degree / Google Earth Engine,0,2026-09-01T07:43:20.557901+00:00
PKGL-00995,2026-09-08T12:00:00+00:00,2026-09-08T13:00:00+00:00,,16.869348144531273,1,NOAA GFS 0.25 degree / Google Earth Engine,0,2026-09-08T18:58:42.294172+00:00
PKGL-00995,2026-09-08T12:00:00+00:00,2026-09-08T14:00:00+00:00,,15.330682373046898,2,NOAA GFS 0.25 degree / Google Earth Engine,0,2026-09-08T18:58:42.294172+00:00
PKGL-00995,2026-09-08T12:00:00+00:00,2026-09-08T15:00:00+00:00,,14.847406005859398,3,NOAA GFS 0.25 degree / Google Earth Engine,0,2026-09-08T18:58:42.294172+00:00
PKGL-00995,2026-09-08T12:00:00+00:00,2026-09-08T16:00:00+00:00,,14.430688476562523,4,NOAA GFS 0.25 degree / Google Earth Engine,0,2026-09-08T18:58:42.294172+00:00
PKGL-00995,2026-09-08T12:00:00+00:00,2026-09-08T17:00:00+00:00,,13.511346435546898,5,NOAA GFS 0.25 degree / Google Earth Engine,0,2026-09-08T18:58:42.294172+00:00
PKGL-00995,2026-09-08T12:00:00+00:00,2026-09-08T18:00:00+00:00,0.625,12.930688476562523,6,NOAA GFS 0.25 degree / Google Earth Engine,0,2026-09-08T18:58:42.294172+00:00
PKGL-00995,2026-09-08T12:00:00+00:00,2026-09-08T19:00:00+00:00,,12.471551513671898,7,NOAA GFS 0.25 degree / Google Earth Engine,0,2026-09-08T18:58:42.294172+00:00
PKGL-00995,2026-09-08T12:00:00+00:00,2026-09-08T20:00:00+00:00,,12.152246093750023,8,NOAA GFS 0.25 degree / Google Earth Engine,0,2026-09-08T18:58:42.294172+00:00
PKGL-00995,2026-09-08T12:00:00+00:00,2026-09-08T21:00:00+00:00,,11.750024414062523,9,NOAA GFS 0.25 degree / Google Earth Engine,0,2026-09-08T18:58:42.294172+00:00
PKGL-00995,2026-09-08T12:00:00+00:00,2026-09-08T22:00:00+00:00,,11.486108398437523,10,NOAA GFS 0.25 degree / Google Earth Engine,0,2026-09-08T18:58:42.294172+00:00
PKGL-00995,2026-09-08T12:00:00+00:00,2026-09-08T23:00:00+00:00,,11.211328125000023,11,NOAA GFS 0.25 degree / Google Earth Engine,0,2026-09-08T18:58:42.294172+00:00
PKGL-00995,2026-09-08T12:00:00+00:00,2026-09-09T00:00:00+00:00,0.0,10.930657958984398,12,NOAA GFS 0.25 degree / Google Earth Engine,0,2026-09-08T18:58:42.294172+00:00
PKGL-00995,2026-09-08T12:00:00+00:00,2026-09-09T01:00:00+00:00,,11.166741943359398,13,NOAA GFS 0.25 degree / Google Earth Engine,0,2026-09-08T18:58:42.294172+00:00
PKGL-00995,2026-09-08T12:00:00+00:00,2026-09-09T02:00:00+00:00,,13.828118896484398,14,NOAA GFS 0.25 degree / Google Earth Engine,0,2026-09-08T18:58:42.294172+00:00
PKGL-00995,2026-09-08T12:00:00+00:00,2026-09-09T03:00:00+00:00,,15.628137207031273,15,NOAA GFS 0.25 degree / Google Earth Engine,0,2026-09-08T18:58:42.294172+00:00
PKGL-00995,2026-09-08T12:00:00+00:00,2026-09-09T04:00:00+00:00,,17.369348144531273,16,NOAA GFS 0.25 degree / Google Earth Engine,0,2026-09-08T18:58:42.294172+00:00
PKGL-00995,2026-09-08T12:00:00+00:00,2026-09-09T05:00:00+00:00,,18.807977294921898,17,NOAA GFS 0.25 degree / Google Earth Engine,0,2026-09-08T18:58:42.294172+00:00
PKGL-00995,2026-09-08T12:00:00+00:00,2026-09-09T06:00:00+00:00,0.0,20.188653564453148,18,NOAA GFS 0.25 degree / Google Earth Engine,0,2026-09-08T18:58:42.294172+00:00
PKGL-00995,2026-09-08T12:00:00+00:00,2026-09-09T07:00:00+00:00,,21.313958740234398,19,NOAA GFS 0.25 degree / Google Earth Engine,0,2026-09-08T18:58:42.294172+00:00
PKGL-00995,2026-09-08T12:00:00+00:00,2026-09-09T08:00:00+00:00,,22.305413818359398,20,NOAA GFS 0.25 degree / Google Earth Engine,0,2026-09-08T18:58:42.294172+00:00
PKGL-00995,2026-09-08T12:00:00+00:00,2026-09-09T09:00:00+00:00,,22.850030517578148,21,NOAA GFS 0.25 degree / Google Earth Engine,0,2026-09-08T18:58:42.294172+00:00
PKGL-00995,2026-09-08T12:00:00+00:00,2026-09-09T10:00:00+00:00,,23.114160156250023,22,NOAA GFS 0.25 degree / Google Earth Engine,0,2026-09-08T18:58:42.294172+00:00
PKGL-00995,2026-09-08T12:00:00+00:00,2026-09-09T11:00:00+00:00,,22.142083740234398,23,NOAA GFS 0.25 degree / Google Earth Engine,0,2026-09-08T18:58:42.294172+00:00
PKGL-00995,2026-09-08T12:00:00+00:00,2026-09-09T12:00:00+00:00,0.0,20.158868408203148,24,NOAA GFS 0.25 degree / Google Earth Engine,0,2026-09-08T18:58:42.294172+00:00
PKGL-00995,2026-09-08T12:00:00+00:00,2026-09-09T13:00:00+00:00,,18.183801269531273,25,NOAA GFS 0.25 degree / Google Earth Engine,0,2026-09-08T18:58:42.294172+00:00
PKGL-00995,2026-09-08T12:00:00+00:00,2026-09-09T14:00:00+00:00,,16.085839843750023,26,NOAA GFS 0.25 degree / Google Earth Engine,0,2026-09-08T18:58:42.294172+00:00
PKGL-00995,2026-09-08T12:00:00+00:00,2026-09-09T15:00:00+00:00,,14.873162841796898,27,NOAA GFS 0.25 degree / Google Earth Engine,0,2026-09-08T18:58:42.294172+00:00
PKGL-00995,2026-09-08T12:00:00+00:00,2026-09-09T16:00:00+00:00,,14.517602539062523,28,NOAA GFS 0.25 degree / Google Earth Engine,0,2026-09-08T18:58:42.294172+00:00
PKGL-00995,2026-09-08T12:00:00+00:00,2026-09-09T17:00:00+00:00,,14.150018310546898,29,NOAA GFS 0.25 degree / Google Earth Engine,0,2026-09-08T18:58:42.294172+00:00
PKGL-00995,2026-09-08T12:00:00+00:00,2026-09-09T18:00:00+00:00,0.875,13.816186523437523,30,NOAA GFS 0.25 degree / Google Earth Engine,0,2026-09-08T18:58:42.294172+00:00
PKGL-00995,2026-09-08T12:00:00+00:00,2026-09-09T19:00:00+00:00,,13.483789062500023,31,NOAA GFS 0.25 degree / Google Earth Engine,0,2026-09-08T18:58:42.294172+00:00
PKGL-00995,2026-09-08T12:00:00+00:00,2026-09-09T20:00:00+00:00,,13.083825683593773,32,NOAA GFS 0.25 degree / Google Earth Engine,0,2026-09-08T18:58:42.294172+00:00
PKGL-00995,2026-09-08T12:00:00+00:00,2026-09-09T21:00:00+00:00,,12.882440185546898,33,NOAA GFS 0.25 degree / Google Earth Engine,0,2026-09-08T18:58:42.294172+00:00
PKGL-00995,2026-09-08T12:00:00+00:00,2026-09-09T22:00:00+00:00,,12.495111083984398,34,NOAA GFS 0.25 degree / Google Earth Engine,0,2026-09-08T18:58:42.294172+00:00
PKGL-00995,2026-09-08T12:00:00+00:00,2026-09-09T23:00:00+00:00,,12.217614746093773,35,NOAA GFS 0.25 degree / Google Earth Engine,0,2026-09-08T18:58:42.294172+00:00
PKGL-00995,2026-09-08T12:00:00+00:00,2026-09-10T00:00:00+00:00,0.0,11.917596435546898,36,NOAA GFS 0.25 degree / Google Earth Engine,0,2026-09-08T18:58:42.294172+00:00
PKGL-00995,2026-09-08T12:00:00+00:00,2026-09-10T01:00:00+00:00,,11.983789062500023,37,NOAA GFS 0.25 degree / Google Earth Engine,0,2026-09-08T18:58:42.294172+00:00
PKGL-00995,2026-09-08T12:00:00+00:00,2026-09-10T02:00:00+00:00,,14.132318115234398,38,NOAA GFS 0.25 degree / Google Earth Engine,0,2026-09-08T18:58:42.294172+00:00
PKGL-00995,2026-09-08T12:00:00+00:00,2026-09-10T03:00:00+00:00,,15.650018310546898,39,NOAA GFS 0.25 degree / Google Earth Engine,0,2026-09-08T18:58:42.294172+00:00
PKGL-00995,2026-09-08T12:00:00+00:00,2026-09-10T04:00:00+00:00,,17.416223144531273,40,NOAA GFS 0.25 degree / Google Earth Engine,0,2026-09-08T18:58:42.294172+00:00
PKGL-00995,2026-09-08T12:00:00+00:00,2026-09-10T05:00:00+00:00,,18.951654052734398,41,NOAA GFS 0.25 degree / Google Earth Engine,0,2026-09-08T18:58:42.294172+00:00
PKGL-00995,2026-09-08T12:00:00+00:00,2026-09-10T06:00:00+00:00,0.0,20.475152587890648,42,NOAA GFS 0.25 degree / Google Earth Engine,0,2026-09-08T18:58:42.294172+00:00
PKGL-00995,2026-09-08T12:00:00+00:00,2026-09-10T07:00:00+00:00,,21.805902099609398,43,NOAA GFS 0.25 degree / Google Earth Engine,0,2026-09-08T18:58:42.294172+00:00
PKGL-00995,2026-09-08T12:00:00+00:00,2026-09-10T08:00:00+00:00,,22.650018310546898,44,NOAA GFS 0.25 degree / Google Earth Engine,0,2026-09-08T18:58:42.294172+00:00
PKGL-00995,2026-09-08T12:00:00+00:00,2026-09-10T09:00:00+00:00,,23.217614746093773,45,NOAA GFS 0.25 degree / Google Earth Engine,0,2026-09-08T18:58:42.294172+00:00
PKGL-00995,2026-09-08T12:00:00+00:00,2026-09-10T10:00:00+00:00,,22.951379394531273,46,NOAA GFS 0.25 degree / Google Earth Engine,0,2026-09-08T18:58:42.294172+00:00
PKGL-00995,2026-09-08T12:00:00+00:00,2026-09-10T11:00:00+00:00,,22.051416015625023,47,NOAA GFS 0.25 degree / Google Earth Engine,0,2026-09-08T18:58:42.294172+00:00
PKGL-00995,2026-09-08T12:00:00+00:00,2026-09-10T12:00:00+00:00,0.3125,20.785211181640648,48,NOAA GFS 0.25 degree / Google Earth Engine,0,2026-09-08T18:58:42.294172+00:00
PKGL-00995,2026-09-08T12:00:00+00:00,2026-09-10T13:00:00+00:00,,19.129602050781273,49,NOAA GFS 0.25 degree / Google Earth Engine,0,2026-09-08T18:58:42.294172+00:00
PKGL-00995,2026-09-08T12:00:00+00:00,2026-09-10T14:00:00+00:00,,16.950006103515648,50,NOAA GFS 0.25 degree / Google Earth Engine,0,2026-09-08T18:58:42.294172+00:00
PKGL-00995,2026-09-08T12:00:00+00:00,2026-09-10T15:00:00+00:00,,15.649987792968773,51,NOAA GFS 0.25 degree / Google Earth Engine,0,2026-09-08T18:58:42.294172+00:00
PKGL-00995,2026-09-08T12:00:00+00:00,2026-09-10T16:00:00+00:00,,15.163690185546898,52,NOAA GFS 0.25 degree / Google Earth Engine,0,2026-09-08T18:58:42.294172+00:00
PKGL-00995,2026-09-08T12:00:00+00:00,2026-09-10T17:00:00+00:00,,14.650018310546898,53,NOAA GFS 0.25 degree / Google Earth Engine,0,2026-09-08T18:58:42.294172+00:00
PKGL-00995,2026-09-08T12:00:00+00:00,2026-09-10T18:00:00+00:00,1.0625,14.017938232421898,54,NOAA GFS 0.25 degree / Google Earth Engine,0,2026-09-08T18:58:42.294172+00:00
PKGL-00995,2026-09-08T12:00:00+00:00,2026-09-10T19:00:00+00:00,,13.581658935546898,55,NOAA GFS 0.25 degree / Google Earth Engine,0,2026-09-08T18:58:42.294172+00:00
PKGL-00995,2026-09-08T12:00:00+00:00,2026-09-10T20:00:00+00:00,,13.488031005859398,56,NOAA GFS 0.25 degree / Google Earth Engine,0,2026-09-08T18:58:42.294172+00:00
PKGL-00995,2026-09-08T12:00:00+00:00,2026-09-10T21:00:00+00:00,,13.183801269531273,57,NOAA GFS 0.25 degree / Google Earth Engine,0,2026-09-08T18:58:42.294172+00:00
PKGL-00995,2026-09-08T12:00:00+00:00,2026-09-10T22:00:00+00:00,,12.913385009765648,58,NOAA GFS 0.25 degree / Google Earth Engine,0,2026-09-08T18:58:42.294172+00:00
PKGL-00995,2026-09-08T12:00:00+00:00,2026-09-10T23:00:00+00:00,,12.486322021484398,59,NOAA GFS 0.25 degree / Google Earth Engine,0,2026-09-08T18:58:42.294172+00:00
PKGL-00995,2026-09-08T12:00:00+00:00,2026-09-11T00:00:00+00:00,0.375,12.233361816406273,60,NOAA GFS 0.25 degree / Google Earth Engine,0,2026-09-08T18:58:42.294172+00:00
PKGL-00995,2026-09-08T12:00:00+00:00,2026-09-11T01:00:00+00:00,,12.186608886718773,61,NOAA GFS 0.25 degree / Google Earth Engine,0,2026-09-08T18:58:42.294172+00:00
PKGL-00995,2026-09-08T12:00:00+00:00,2026-09-11T02:00:00+00:00,,14.268304443359398,62,NOAA GFS 0.25 degree / Google Earth Engine,0,2026-09-08T18:58:42.294172+00:00
PKGL-00995,2026-09-08T12:00:00+00:00,2026-09-11T03:00:00+00:00,,15.762200927734398,63,NOAA GFS 0.25 degree / Google Earth Engine,0,2026-09-08T18:58:42.294172+00:00
PKGL-00995,2026-09-08T12:00:00+00:00,2026-09-11T04:00:00+00:00,,17.504846191406273,64,NOAA GFS 0.25 degree / Google Earth Engine,0,2026-09-08T18:58:42.294172+00:00
PKGL-00995,2026-09-08T12:00:00+00:00,2026-09-11T05:00:00+00:00,,18.858575439453148,65,NOAA GFS 0.25 degree / Google Earth Engine,0,2026-09-08T18:58:42.294172+00:00
PKGL-00995,2026-09-08T12:00:00+00:00,2026-09-11T06:00:00+00:00,0.0625,20.250817871093773,66,NOAA GFS 0.25 degree / Google Earth Engine,0,2026-09-08T18:58:42.294172+00:00
PKGL-00995,2026-09-08T12:00:00+00:00,2026-09-11T07:00:00+00:00,,21.550012207031273,67,NOAA GFS 0.25 degree / Google Earth Engine,0,2026-09-08T18:58:42.294172+00:00
PKGL-00995,2026-09-08T12:00:00+00:00,2026-09-11T08:00:00+00:00,,22.550012207031273,68,NOAA GFS 0.25 degree / Google Earth Engine,0,2026-09-08T18:58:42.294172+00:00
PKGL-00995,2026-09-08T12:00:00+00:00,2026-09-11T09:00:00+00:00,,22.849176025390648,69,NOAA GFS 0.25 degree / Google Earth Engine,0,2026-09-08T18:58:42.294172+00:00
PKGL-00995,2026-09-08T12:00:00+00:00,2026-09-11T10:00:00+00:00,,22.664208984375023,70,NOAA GFS 0.25 degree / Google Earth Engine,0,2026-09-08T18:58:42.294172+00:00
PKGL-00995,2026-09-08T12:00:00+00:00,2026-09-11T11:00:00+00:00,,21.849969482421898,71,NOAA GFS 0.25 degree / Google Earth Engine,0,2026-09-08T18:58:42.294172+00:00
PKGL-00995,2026-09-08T12:00:00+00:00,2026-09-11T12:00:00+00:00,0.5,20.649987792968773,72,NOAA GFS 0.25 degree / Google Earth Engine,0,2026-09-08T18:58:42.294172+00:00
PKGL-00995,2026-09-08T12:00:00+00:00,2026-09-11T13:00:00+00:00,,18.963830566406273,73,NOAA GFS 0.25 degree / Google Earth Engine,0,2026-09-08T18:58:42.294172+00:00
PKGL-00995,2026-09-08T12:00:00+00:00,2026-09-11T14:00:00+00:00,,16.753900146484398,74,NOAA GFS 0.25 degree / Google Earth Engine,0,2026-09-08T18:58:42.294172+00:00
PKGL-00995,2026-09-08T12:00:00+00:00,2026-09-11T15:00:00+00:00,,15.484368896484398,75,NOAA GFS 0.25 degree / Google Earth Engine,0,2026-09-08T18:58:42.294172+00:00
PKGL-00995,2026-09-08T12:00:00+00:00,2026-09-11T16:00:00+00:00,,14.162103271484398,76,NOAA GFS 0.25 degree / Google Earth Engine,0,2026-09-08T18:58:42.294172+00:00
PKGL-00995,2026-09-08T12:00:00+00:00,2026-09-11T17:00:00+00:00,,13.772088623046898,77,NOAA GFS 0.25 degree / Google Earth Engine,0,2026-09-08T18:58:42.294172+00:00
PKGL-00995,2026-09-08T12:00:00+00:00,2026-09-11T18:00:00+00:00,,13.598992919921898,78,NOAA GFS 0.25 degree / Google Earth Engine,0,2026-09-08T18:58:42.294172+00:00
PKGL-00995,2026-09-08T12:00:00+00:00,2026-09-11T19:00:00+00:00,,13.405633544921898,79,NOAA GFS 0.25 degree / Google Earth Engine,0,2026-09-08T18:58:42.294172+00:00
PKGL-00995,2026-09-08T12:00:00+00:00,2026-09-11T20:00:00+00:00,,12.972192382812523,80,NOAA GFS 0.25 degree / Google Earth Engine,0,2026-09-08T18:58:42.294172+00:00
PKGL-00995,2026-09-08T12:00:00+00:00,2026-09-11T21:00:00+00:00,,12.555474853515648,81,NOAA GFS 0.25 degree / Google Earth Engine,0,2026-09-08T18:58:42.294172+00:00
PKGL-00995,2026-09-08T12:00:00+00:00,2026-09-11T22:00:00+00:00,,12.263848876953148,82,NOAA GFS 0.25 degree / Google Earth Engine,0,2026-09-08T18:58:42.294172+00:00
PKGL-00995,2026-09-08T12:00:00+00:00,2026-09-11T23:00:00+00:00,,12.082574462890648,83,NOAA GFS 0.25 degree / Google Earth Engine,0,2026-09-08T18:58:42.294172+00:00
PKGL-00995,2026-09-08T12:00:00+00:00,2026-09-12T00:00:00+00:00,,12.076531982421898,84,NOAA GFS 0.25 degree / Google Earth Engine,0,2026-09-08T18:58:42.294172+00:00
PKGL-00995,2026-09-08T12:00:00+00:00,2026-09-12T01:00:00+00:00,,12.051568603515648,85,NOAA GFS 0.25 degree / Google Earth Engine,0,2026-09-08T18:58:42.294172+00:00
PKGL-00995,2026-09-08T12:00:00+00:00,2026-09-12T02:00:00+00:00,,14.288476562500023,86,NOAA GFS 0.25 degree / Google Earth Engine,0,2026-09-08T18:58:42.294172+00:00
PKGL-00995,2026-09-08T12:00:00+00:00,2026-09-12T03:00:00+00:00,,15.794396972656273,87,NOAA GFS 0.25 degree / Google Earth Engine,0,2026-09-08T18:58:42.294172+00:00
PKGL-00995,2026-09-08T12:00:00+00:00,2026-09-12T04:00:00+00:00,,17.317681884765648,88,NOAA GFS 0.25 degree / Google Earth Engine,0,2026-09-08T18:58:42.294172+00:00
PKGL-00995,2026-09-08T12:00:00+00:00,2026-09-12T05:00:00+00:00,,18.862115478515648,89,NOAA GFS 0.25 degree / Google Earth Engine,0,2026-09-08T18:58:42.294172+00:00
PKGL-00995,2026-09-08T12:00:00+00:00,2026-09-12T06:00:00+00:00,,20.038201904296898,90,NOAA GFS 0.25 degree / Google Earth Engine,0,2026-09-08T18:58:42.294172+00:00
PKGL-00995,2026-09-08T12:00:00+00:00,2026-09-12T07:00:00+00:00,,20.980889892578148,91,NOAA GFS 0.25 degree / Google Earth Engine,0,2026-09-08T18:58:42.294172+00:00
PKGL-00995,2026-09-08T12:00:00+00:00,2026-09-12T08:00:00+00:00,,21.775506591796898,92,NOAA GFS 0.25 degree / Google Earth Engine,0,2026-09-08T18:58:42.294172+00:00
PKGL-00995,2026-09-08T12:00:00+00:00,2026-09-12T09:00:00+00:00,,22.350000000000023,93,NOAA GFS 0.25 degree / Google Earth Engine,0,2026-09-08T18:58:42.294172+00:00
PKGL-00995,2026-09-08T12:00:00+00:00,2026-09-12T10:00:00+00:00,,22.511102294921898,94,NOAA GFS 0.25 degree / Google Earth Engine,0,2026-09-08T18:58:42.294172+00:00
PKGL-00995,2026-09-08T12:00:00+00:00,2026-09-12T11:00:00+00:00,,21.729547119140648,95,NOAA GFS 0.25 degree / Google Earth Engine,0,2026-09-08T18:58:42.294172+00:00
PKGL-00995,2026-09-08T12:00:00+00:00,2026-09-12T12:00:00+00:00,,20.632196044921898,96,NOAA GFS 0.25 degree / Google Earth Engine,0,2026-09-08T18:58:42.294172+00:00
PKGL-00995,2026-09-08T12:00:00+00:00,2026-09-12T13:00:00+00:00,,16.527551269531273,97,NOAA GFS 0.25 degree / Google Earth Engine,0,2026-09-08T18:58:42.294172+00:00
PKGL-00995,2026-09-08T12:00:00+00:00,2026-09-12T14:00:00+00:00,,14.193811035156273,98,NOAA GFS 0.25 degree / Google Earth Engine,0,2026-09-08T18:58:42.294172+00:00
PKGL-00995,2026-09-08T12:00:00+00:00,2026-09-12T15:00:00+00:00,,14.766198730468773,99,NOAA GFS 0.25 degree / Google Earth Engine,0,2026-09-08T18:58:42.294172+00:00
PKGL-00995,2026-09-08T12:00:00+00:00,2026-09-12T16:00:00+00:00,,14.695428466796898,100,NOAA GFS 0.25 degree / Google Earth Engine,0,2026-09-08T18:58:42.294172+00:00
PKGL-00995,2026-09-08T12:00:00+00:00,2026-09-12T17:00:00+00:00,,14.553033447265648,101,NOAA GFS 0.25 degree / Google Earth Engine,0,2026-09-08T18:58:42.294172+00:00
PKGL-00995,2026-09-08T12:00:00+00:00,2026-09-12T18:00:00+00:00,,14.249993896484398,102,NOAA GFS 0.25 degree / Google Earth Engine,0,2026-09-08T18:58:42.294172+00:00
PKGL-00995,2026-09-08T12:00:00+00:00,2026-09-12T19:00:00+00:00,,13.850000000000023,103,NOAA GFS 0.25 degree / Google Earth Engine,0,2026-09-08T18:58:42.294172+00:00
PKGL-00995,2026-09-08T12:00:00+00:00,2026-09-12T20:00:00+00:00,,13.415490722656273,104,NOAA GFS 0.25 degree / Google Earth Engine,0,2026-09-08T18:58:42.294172+00:00
PKGL-00995,2026-09-08T12:00:00+00:00,2026-09-12T21:00:00+00:00,,13.064263916015648,105,NOAA GFS 0.25 degree / Google Earth Engine,0,2026-09-08T18:58:42.294172+00:00
PKGL-00995,2026-09-08T12:00:00+00:00,2026-09-12T22:00:00+00:00,,12.849114990234398,106,NOAA GFS 0.25 degree / Google Earth Engine,0,2026-09-08T18:58:42.294172+00:00
PKGL-00995,2026-09-08T12:00:00+00:00,2026-09-12T23:00:00+00:00,,12.550012207031273,107,NOAA GFS 0.25 degree / Google Earth Engine,0,2026-09-08T18:58:42.294172+00:00
PKGL-00995,2026-09-08T12:00:00+00:00,2026-09-13T00:00:00+00:00,,12.362115478515648,108,NOAA GFS 0.25 degree / Google Earth Engine,0,2026-09-08T18:58:42.294172+00:00
PKGL-00995,2026-09-08T12:00:00+00:00,2026-09-13T01:00:00+00:00,,12.364465332031273,109,NOAA GFS 0.25 degree / Google Earth Engine,0,2026-09-08T18:58:42.294172+00:00
PKGL-00995,2026-09-08T12:00:00+00:00,2026-09-13T02:00:00+00:00,,15.590386962890648,110,NOAA GFS 0.25 degree / Google Earth Engine,0,2026-09-08T18:58:42.294172+00:00
PKGL-00995,2026-09-08T12:00:00+00:00,2026-09-13T03:00:00+00:00,,16.675897216796898,111,NOAA GFS 0.25 degree / Google Earth Engine,0,2026-09-08T18:58:42.294172+00:00
PKGL-00995,2026-09-08T12:00:00+00:00,2026-09-13T04:00:00+00:00,,17.814691162109398,112,NOAA GFS 0.25 degree / Google Earth Engine,0,2026-09-08T18:58:42.294172+00:00
PKGL-00995,2026-09-08T12:00:00+00:00,2026-09-13T05:00:00+00:00,,18.992791748046898,113,NOAA GFS 0.25 degree / Google Earth Engine,0,2026-09-08T18:58:42.294172+00:00
PKGL-00995,2026-09-08T12:00:00+00:00,2026-09-13T06:00:00+00:00,,20.214440917968773,114,NOAA GFS 0.25 degree / Google Earth Engine,0,2026-09-08T18:58:42.294172+00:00
PKGL-00995,2026-09-08T12:00:00+00:00,2026-09-13T07:00:00+00:00,,21.324334716796898,115,NOAA GFS 0.25 degree / Google Earth Engine,0,2026-09-08T18:58:42.294172+00:00
PKGL-00995,2026-09-08T12:00:00+00:00,2026-09-13T08:00:00+00:00,,22.248498535156273,116,NOAA GFS 0.25 degree / Google Earth Engine,0,2026-09-08T18:58:42.294172+00:00
PKGL-00995,2026-09-08T12:00:00+00:00,2026-09-13T09:00:00+00:00,,22.898187255859398,117,NOAA GFS 0.25 degree / Google Earth Engine,0,2026-09-08T18:58:42.294172+00:00
PKGL-00995,2026-09-08T12:00:00+00:00,2026-09-13T10:00:00+00:00,,23.074334716796898,118,NOAA GFS 0.25 degree / Google Earth Engine,0,2026-09-08T18:58:42.294172+00:00
PKGL-00995,2026-09-08T12:00:00+00:00,2026-09-13T11:00:00+00:00,,22.276239013671898,119,NOAA GFS 0.25 degree / Google Earth Engine,0,2026-09-08T18:58:42.294172+00:00
PKGL-00995,2026-09-08T12:00:00+00:00,2026-09-13T12:00:00+00:00,,20.901574707031273,120,NOAA GFS 0.25 degree / Google Earth Engine,0,2026-09-08T18:58:42.294172+00:00
PKGL-00995,2026-09-08T12:00:00+00:00,2026-09-13T15:00:00+00:00,,15.795587158203148,123,NOAA GFS 0.25 degree / Google Earth Engine,0,2026-09-08T18:58:42.294172+00:00
PKGL-00995,2026-09-08T12:00:00+00:00,2026-09-13T18:00:00+00:00,,14.596551513671898,126,NOAA GFS 0.25 degree / Google Earth Engine,0,2026-09-08T18:58:42.294172+00:00
PKGL-00995,2026-09-08T12:00:00+00:00,2026-09-13T21:00:00+00:00,,13.093103027343773,129,NOAA GFS 0.25 degree / Google Earth Engine,0,2026-09-08T18:58:42.295125+00:00
PKGL-00995,2026-09-08T12:00:00+00:00,2026-09-14T00:00:00+00:00,,12.070855712890648,132,NOAA GFS 0.25 degree / Google Earth Engine,0,2026-09-08T18:58:42.295125+00:00
PKGL-00995,2026-09-08T12:00:00+00:00,2026-09-14T03:00:00+00:00,,15.397424316406273,135,NOAA GFS 0.25 degree / Google Earth Engine,0,2026-09-08T18:58:42.295125+00:00
PKGL-00995,2026-09-08T12:00:00+00:00,2026-09-14T06:00:00+00:00,,19.795434570312523,138,NOAA GFS 0.25 degree / Google Earth Engine,0,2026-09-08T18:58:42.295125+00:00
PKGL-00995,2026-09-08T12:00:00+00:00,2026-09-14T09:00:00+00:00,,21.822015380859398,141,NOAA GFS 0.25 degree / Google Earth Engine,0,2026-09-08T18:58:42.295125+00:00
PKGL-00995,2026-09-08T12:00:00+00:00,2026-09-14T12:00:00+00:00,,19.719079589843773,144,NOAA GFS 0.25 degree / Google Earth Engine,0,2026-09-08T18:58:42.295125+00:00
PKGL-00995,2026-09-08T12:00:00+00:00,2026-09-14T15:00:00+00:00,,16.148187255859398,147,NOAA GFS 0.25 degree / Google Earth Engine,0,2026-09-08T18:58:42.295125+00:00
PKGL-00995,2026-09-08T12:00:00+00:00,2026-09-14T18:00:00+00:00,,14.282739257812523,150,NOAA GFS 0.25 degree / Google Earth Engine,0,2026-09-08T18:58:42.295125+00:00
PKGL-00995,2026-09-08T12:00:00+00:00,2026-09-14T21:00:00+00:00,,12.182733154296898,153,NOAA GFS 0.25 degree / Google Earth Engine,0,2026-09-08T18:58:42.295125+00:00
PKGL-00995,2026-09-08T12:00:00+00:00,2026-09-15T00:00:00+00:00,,11.365686035156273,156,NOAA GFS 0.25 degree / Google Earth Engine,0,2026-09-08T18:58:42.295125+00:00
PKGL-00995,2026-09-08T12:00:00+00:00,2026-09-15T03:00:00+00:00,,14.865716552734398,159,NOAA GFS 0.25 degree / Google Earth Engine,0,2026-09-08T18:58:42.295125+00:00
PKGL-00995,2026-09-08T12:00:00+00:00,2026-09-15T06:00:00+00:00,,19.300988769531273,162,NOAA GFS 0.25 degree / Google Earth Engine,0,2026-09-08T18:58:42.295125+00:00
PKGL-00995,2026-09-08T12:00:00+00:00,2026-09-15T09:00:00+00:00,,21.179437255859398,165,NOAA GFS 0.25 degree / Google Earth Engine,0,2026-09-08T18:58:42.295125+00:00
PKGL-00995,2026-09-08T12:00:00+00:00,2026-09-15T12:00:00+00:00,,19.022546386718773,168,NOAA GFS 0.25 degree / Google Earth Engine,0,2026-09-08T18:58:42.295125+00:00
PKGL-00995,2026-09-19T00:00:00+00:00,2026-09-19T01:00:00+00:00,,9.069451904296898,1,NOAA GFS 0.25 degree / Google Earth Engine,0,2026-09-19T06:28:54.010036+00:00
PKGL-00995,2026-09-19T00:00:00+00:00,2026-09-19T02:00:00+00:00,,12.169427490234398,2,NOAA GFS 0.25 degree / Google Earth Engine,0,2026-09-19T06:28:54.010036+00:00
PKGL-00995,2026-09-19T00:00:00+00:00,2026-09-19T03:00:00+00:00,,13.612573242187523,3,NOAA GFS 0.25 degree / Google Earth Engine,0,2026-09-19T06:28:54.010036+00:00
PKGL-00995,2026-09-19T00:00:00+00:00,2026-09-19T04:00:00+00:00,,15.056268310546898,4,NOAA GFS 0.25 degree / Google Earth Engine,0,2026-09-19T06:28:54.010036+00:00
PKGL-00995,2026-09-19T00:00:00+00:00,2026-09-19T05:00:00+00:00,,16.480615234375023,5,NOAA GFS 0.25 degree / Google Earth Engine,0,2026-09-19T06:28:54.010036+00:00
PKGL-00995,2026-09-19T00:00:00+00:00,2026-09-19T06:00:00+00:00,0.0,17.757470703125023,6,NOAA GFS 0.25 degree / Google Earth Engine,0,2026-09-19T06:28:54.010036+00:00
PKGL-00995,2026-09-19T00:00:00+00:00,2026-09-19T07:00:00+00:00,,18.816796875000023,7,NOAA GFS 0.25 degree / Google Earth Engine,0,2026-09-19T06:28:54.010036+00:00
PKGL-00995,2026-09-19T00:00:00+00:00,2026-09-19T08:00:00+00:00,,19.597711181640648,8,NOAA GFS 0.25 degree / Google Earth Engine,0,2026-09-19T06:28:54.010036+00:00
PKGL-00995,2026-09-19T00:00:00+00:00,2026-09-19T09:00:00+00:00,,19.797692871093773,9,NOAA GFS 0.25 degree / Google Earth Engine,0,2026-09-19T06:28:54.010036+00:00
PKGL-00995,2026-09-19T00:00:00+00:00,2026-09-19T10:00:00+00:00,,19.242578125000023,10,NOAA GFS 0.25 degree / Google Earth Engine,0,2026-09-19T06:28:54.010036+00:00
PKGL-00995,2026-09-19T00:00:00+00:00,2026-09-19T11:00:00+00:00,,18.157464599609398,11,NOAA GFS 0.25 degree / Google Earth Engine,0,2026-09-19T06:28:54.010036+00:00
PKGL-00995,2026-09-19T00:00:00+00:00,2026-09-19T12:00:00+00:00,0.3125,16.861840820312523,12,NOAA GFS 0.25 degree / Google Earth Engine,0,2026-09-19T06:28:54.010036+00:00
PKGL-00995,2026-09-19T00:00:00+00:00,2026-09-19T13:00:00+00:00,,15.117883300781273,13,NOAA GFS 0.25 degree / Google Earth Engine,0,2026-09-19T06:28:54.010036+00:00
PKGL-00995,2026-09-19T00:00:00+00:00,2026-09-19T14:00:00+00:00,,13.996148681640648,14,NOAA GFS 0.25 degree / Google Earth Engine,0,2026-09-19T06:28:54.010036+00:00
PKGL-00995,2026-09-19T00:00:00+00:00,2026-09-19T15:00:00+00:00,,12.917260742187523,15,NOAA GFS 0.25 degree / Google Earth Engine,0,2026-09-19T06:28:54.010036+00:00
PKGL-00995,2026-09-19T00:00:00+00:00,2026-09-19T16:00:00+00:00,,12.249993896484398,16,NOAA GFS 0.25 degree / Google Earth Engine,0,2026-09-19T06:28:54.010036+00:00
PKGL-00995,2026-09-19T00:00:00+00:00,2026-09-19T17:00:00+00:00,,11.405206298828148,17,NOAA GFS 0.25 degree / Google Earth Engine,0,2026-09-19T06:28:54.010036+00:00
PKGL-00995,2026-09-19T00:00:00+00:00,2026-09-19T18:00:00+00:00,0.625,11.020013427734398,18,NOAA GFS 0.25 degree / Google Earth Engine,0,2026-09-19T06:28:54.010036+00:00
PKGL-00995,2026-09-19T00:00:00+00:00,2026-09-19T19:00:00+00:00,,10.702294921875023,19,NOAA GFS 0.25 degree / Google Earth Engine,0,2026-09-19T06:28:54.010036+00:00
PKGL-00995,2026-09-19T00:00:00+00:00,2026-09-19T20:00:00+00:00,,10.488916015625023,20,NOAA GFS 0.25 degree / Google Earth Engine,0,2026-09-19T06:28:54.010036+00:00
PKGL-00995,2026-09-19T00:00:00+00:00,2026-09-19T21:00:00+00:00,,10.184289550781273,21,NOAA GFS 0.25 degree / Google Earth Engine,0,2026-09-19T06:28:54.010036+00:00
PKGL-00995,2026-09-19T00:00:00+00:00,2026-09-19T22:00:00+00:00,,9.684289550781273,22,NOAA GFS 0.25 degree / Google Earth Engine,0,2026-09-19T06:28:54.010036+00:00
PKGL-00995,2026-09-19T00:00:00+00:00,2026-09-19T23:00:00+00:00,,9.470330810546898,23,NOAA GFS 0.25 degree / Google Earth Engine,0,2026-09-19T06:28:54.010036+00:00
PKGL-00995,2026-09-19T00:00:00+00:00,2026-09-20T00:00:00+00:00,0.0,9.184289550781273,24,NOAA GFS 0.25 degree / Google Earth Engine,0,2026-09-19T06:28:54.010036+00:00
PKGL-00995,2026-09-19T00:00:00+00:00,2026-09-20T01:00:00+00:00,,9.012597656250023,25,NOAA GFS 0.25 degree / Google Earth Engine,0,2026-09-19T06:28:54.010036+00:00
PKGL-00995,2026-09-19T00:00:00+00:00,2026-09-20T02:00:00+00:00,,11.649255371093773,26,NOAA GFS 0.25 degree / Google Earth Engine,0,2026-09-19T06:28:54.010036+00:00
PKGL-00995,2026-09-19T00:00:00+00:00,2026-09-20T03:00:00+00:00,,13.239129638671898,27,NOAA GFS 0.25 degree / Google Earth Engine,0,2026-09-19T06:28:54.010036+00:00
PKGL-00995,2026-09-19T00:00:00+00:00,2026-09-20T04:00:00+00:00,,14.687127685546898,28,NOAA GFS 0.25 degree / Google Earth Engine,0,2026-09-19T06:28:54.010036+00:00
PKGL-00995,2026-09-19T00:00:00+00:00,2026-09-20T05:00:00+00:00,,15.987115478515648,29,NOAA GFS 0.25 degree / Google Earth Engine,0,2026-09-19T06:28:54.010036+00:00
PKGL-00995,2026-09-19T00:00:00+00:00,2026-09-20T06:00:00+00:00,0.1875,17.384271240234398,30,NOAA GFS 0.25 degree / Google Earth Engine,0,2026-09-19T06:28:54.010036+00:00
PKGL-00995,2026-09-19T00:00:00+00:00,2026-09-20T07:00:00+00:00,,18.552850341796898,31,NOAA GFS 0.25 degree / Google Earth Engine,0,2026-09-19T06:28:54.010036+00:00
PKGL-00995,2026-09-19T00:00:00+00:00,2026-09-20T08:00:00+00:00,,19.195703125000023,32,NOAA GFS 0.25 degree / Google Earth Engine,0,2026-09-19T06:28:54.010036+00:00
PKGL-00995,2026-09-19T00:00:00+00:00,2026-09-20T09:00:00+00:00,,19.421380615234398,33,NOAA GFS 0.25 degree / Google Earth Engine,0,2026-09-19T06:28:54.010036+00:00
PKGL-00995,2026-09-19T00:00:00+00:00,2026-09-20T10:00:00+00:00,,19.088342285156273,34,NOAA GFS 0.25 degree / Google Earth Engine,0,2026-09-19T06:28:54.010036+00:00
PKGL-00995,2026-09-19T00:00:00+00:00,2026-09-20T11:00:00+00:00,,18.377618408203148,35,NOAA GFS 0.25 degree / Google Earth Engine,0,2026-09-19T06:28:54.010036+00:00
PKGL-00995,2026-09-19T00:00:00+00:00,2026-09-20T12:00:00+00:00,0.5,17.150018310546898,36,NOAA GFS 0.25 degree / Google Earth Engine,0,2026-09-19T06:28:54.010036+00:00
PKGL-00995,2026-09-19T00:00:00+00:00,2026-09-20T13:00:00+00:00,,15.173394775390648,37,NOAA GFS 0.25 degree / Google Earth Engine,0,2026-09-19T06:28:54.010036+00:00
PKGL-00995,2026-09-19T00:00:00+00:00,2026-09-20T14:00:00+00:00,,13.403924560546898,38,NOAA GFS 0.25 degree / Google Earth Engine,0,2026-09-19T06:28:54.010036+00:00
PKGL-00995,2026-09-19T00:00:00+00:00,2026-09-20T15:00:00+00:00,,12.484277343750023,39,NOAA GFS 0.25 degree / Google Earth Engine,0,2026-09-19T06:28:54.010036+00:00
PKGL-00995,2026-09-19T00:00:00+00:00,2026-09-20T16:00:00+00:00,,11.996026611328148,40,NOAA GFS 0.25 degree / Google Earth Engine,0,2026-09-19T06:28:54.010036+00:00
PKGL-00995,2026-09-19T00:00:00+00:00,2026-09-20T17:00:00+00:00,,11.677941894531273,41,NOAA GFS 0.25 degree / Google Earth Engine,0,2026-09-19T06:28:54.010036+00:00
PKGL-00995,2026-09-19T00:00:00+00:00,2026-09-20T18:00:00+00:00,0.875,11.336236572265648,42,NOAA GFS 0.25 degree / Google Earth Engine,0,2026-09-19T06:28:54.010036+00:00
PKGL-00995,2026-09-19T00:00:00+00:00,2026-09-20T19:00:00+00:00,,11.097283935546898,43,NOAA GFS 0.25 degree / Google Earth Engine,0,2026-09-19T06:28:54.010036+00:00
PKGL-00995,2026-09-19T00:00:00+00:00,2026-09-20T20:00:00+00:00,,10.854302978515648,44,NOAA GFS 0.25 degree / Google Earth Engine,0,2026-09-19T06:28:54.010036+00:00
PKGL-00995,2026-09-19T00:00:00+00:00,2026-09-20T21:00:00+00:00,,10.391717529296898,45,NOAA GFS 0.25 degree / Google Earth Engine,0,2026-09-19T06:28:54.010036+00:00
PKGL-00995,2026-09-19T00:00:00+00:00,2026-09-20T22:00:00+00:00,,10.051171875000023,46,NOAA GFS 0.25 degree / Google Earth Engine,0,2026-09-19T06:28:54.010036+00:00
PKGL-00995,2026-09-19T00:00:00+00:00,2026-09-20T23:00:00+00:00,,9.950006103515648,47,NOAA GFS 0.25 degree / Google Earth Engine,0,2026-09-19T06:28:54.010036+00:00
PKGL-00995,2026-09-19T00:00:00+00:00,2026-09-21T00:00:00+00:00,0.0625,9.674218750000023,48,NOAA GFS 0.25 degree / Google Earth Engine,0,2026-09-19T06:28:54.010036+00:00
PKGL-00995,2026-09-19T00:00:00+00:00,2026-09-21T01:00:00+00:00,,9.450006103515648,49,NOAA GFS 0.25 degree / Google Earth Engine,0,2026-09-19T06:28:54.010036+00:00
PKGL-00995,2026-09-19T00:00:00+00:00,2026-09-21T02:00:00+00:00,,12.637902832031273,50,NOAA GFS 0.25 degree / Google Earth Engine,0,2026-09-19T06:28:54.010036+00:00
PKGL-00995,2026-09-19T00:00:00+00:00,2026-09-21T03:00:00+00:00,,13.962945556640648,51,NOAA GFS 0.25 degree / Google Earth Engine,0,2026-09-19T06:28:54.010036+00:00
PKGL-00995,2026-09-19T00:00:00+00:00,2026-09-21T04:00:00+00:00,,15.475671386718773,52,NOAA GFS 0.25 degree / Google Earth Engine,0,2026-09-19T06:28:54.010036+00:00
PKGL-00995,2026-09-19T00:00:00+00:00,2026-09-21T05:00:00+00:00,,16.869256591796898,53,NOAA GFS 0.25 degree / Google Earth Engine,0,2026-09-19T06:28:54.010036+00:00
PKGL-00995,2026-09-19T00:00:00+00:00,2026-09-21T06:00:00+00:00,0.1875,18.022363281250023,54,NOAA GFS 0.25 degree / Google Earth Engine,0,2026-09-19T06:28:54.010036+00:00
PKGL-00995,2026-09-19T00:00:00+00:00,2026-09-21T07:00:00+00:00,,19.105218505859398,55,NOAA GFS 0.25 degree / Google Earth Engine,0,2026-09-19T06:28:54.010036+00:00
PKGL-00995,2026-09-19T00:00:00+00:00,2026-09-21T08:00:00+00:00,,19.850000000000023,56,NOAA GFS 0.25 degree / Google Earth Engine,0,2026-09-19T06:28:54.010036+00:00
PKGL-00995,2026-09-19T00:00:00+00:00,2026-09-21T09:00:00+00:00,,20.122369384765648,57,NOAA GFS 0.25 degree / Google Earth Engine,0,2026-09-19T06:28:54.010036+00:00
PKGL-00995,2026-09-19T00:00:00+00:00,2026-09-21T10:00:00+00:00,,19.837274169921898,58,NOAA GFS 0.25 degree / Google Earth Engine,0,2026-09-19T06:28:54.010036+00:00
PKGL-00995,2026-09-19T00:00:00+00:00,2026-09-21T11:00:00+00:00,,19.050012207031273,59,NOAA GFS 0.25 degree / Google Earth Engine,0,2026-09-19T06:28:54.010036+00:00
PKGL-00995,2026-09-19T00:00:00+00:00,2026-09-21T12:00:00+00:00,0.8125,17.714166259765648,60,NOAA GFS 0.25 degree / Google Earth Engine,0,2026-09-19T06:28:54.010036+00:00
PKGL-00995,2026-09-19T00:00:00+00:00,2026-09-21T13:00:00+00:00,,15.714166259765648,61,NOAA GFS 0.25 degree / Google Earth Engine,0,2026-09-19T06:28:54.010036+00:00
PKGL-00995,2026-09-19T00:00:00+00:00,2026-09-21T14:00:00+00:00,,14.650018310546898,62,NOAA GFS 0.25 degree / Google Earth Engine,0,2026-09-19T06:28:54.010036+00:00
PKGL-00995,2026-09-19T00:00:00+00:00,2026-09-21T15:00:00+00:00,,13.764245605468773,63,NOAA GFS 0.25 degree / Google Earth Engine,0,2026-09-19T06:28:54.010036+00:00
PKGL-00995,2026-09-19T00:00:00+00:00,2026-09-21T16:00:00+00:00,,12.950036621093773,64,NOAA GFS 0.25 degree / Google Earth Engine,0,2026-09-19T06:28:54.010036+00:00
PKGL-00995,2026-09-19T00:00:00+00:00,2026-09-21T17:00:00+00:00,,12.450006103515648,65,NOAA GFS 0.25 degree / Google Earth Engine,0,2026-09-19T06:28:54.010036+00:00
PKGL-00995,2026-09-19T00:00:00+00:00,2026-09-21T18:00:00+00:00,0.875,11.773736572265648,66,NOAA GFS 0.25 degree / Google Earth Engine,0,2026-09-19T06:28:54.010036+00:00
PKGL-00995,2026-09-19T00:00:00+00:00,2026-09-21T19:00:00+00:00,,11.192041015625023,67,NOAA GFS 0.25 degree / Google Earth Engine,0,2026-09-19T06:28:54.010036+00:00
PKGL-00995,2026-09-19T00:00:00+00:00,2026-09-21T20:00:00+00:00,,10.956018066406273,68,NOAA GFS 0.25 degree / Google Earth Engine,0,2026-09-19T06:28:54.010036+00:00
PKGL-00995,2026-09-19T00:00:00+00:00,2026-09-21T21:00:00+00:00,,10.455987548828148,69,NOAA GFS 0.25 degree / Google Earth Engine,0,2026-09-19T06:28:54.010036+00:00
PKGL-00995,2026-09-19T00:00:00+00:00,2026-09-21T22:00:00+00:00,,10.260858154296898,70,NOAA GFS 0.25 degree / Google Earth Engine,0,2026-09-19T06:28:54.010036+00:00
PKGL-00995,2026-09-19T00:00:00+00:00,2026-09-21T23:00:00+00:00,,9.955987548828148,71,NOAA GFS 0.25 degree / Google Earth Engine,0,2026-09-19T06:28:54.010036+00:00
PKGL-00995,2026-09-19T00:00:00+00:00,2026-09-22T00:00:00+00:00,0.375,9.660882568359398,72,NOAA GFS 0.25 degree / Google Earth Engine,0,2026-09-19T06:28:54.010036+00:00
PKGL-00995,2026-09-19T00:00:00+00:00,2026-09-22T01:00:00+00:00,,9.350000000000023,73,NOAA GFS 0.25 degree / Google Earth Engine,0,2026-09-19T06:28:54.010036+00:00
PKGL-00995,2026-09-19T00:00:00+00:00,2026-09-22T02:00:00+00:00,,12.086572265625023,74,NOAA GFS 0.25 degree / Google Earth Engine,0,2026-09-19T06:28:54.010036+00:00
PKGL-00995,2026-09-19T00:00:00+00:00,2026-09-22T03:00:00+00:00,,13.586572265625023,75,NOAA GFS 0.25 degree / Google Earth Engine,0,2026-09-19T06:28:54.010036+00:00
PKGL-00995,2026-09-19T00:00:00+00:00,2026-09-22T04:00:00+00:00,,15.056512451171898,76,NOAA GFS 0.25 degree / Google Earth Engine,0,2026-09-19T06:28:54.010036+00:00
PKGL-00995,2026-09-19T00:00:00+00:00,2026-09-22T05:00:00+00:00,,16.550012207031273,77,NOAA GFS 0.25 degree / Google Earth Engine,0,2026-09-19T06:28:54.010036+00:00
PKGL-00995,2026-09-19T00:00:00+00:00,2026-09-22T06:00:00+00:00,,17.964715576171898,78,NOAA GFS 0.25 degree / Google Earth Engine,0,2026-09-19T06:28:54.010036+00:00
PKGL-00995,2026-09-19T00:00:00+00:00,2026-09-22T07:00:00+00:00,,18.964715576171898,79,NOAA GFS 0.25 degree / Google Earth Engine,0,2026-09-19T06:28:54.010036+00:00
PKGL-00995,2026-09-19T00:00:00+00:00,2026-09-22T08:00:00+00:00,,19.668725585937523,80,NOAA GFS 0.25 degree / Google Earth Engine,0,2026-09-19T06:28:54.010036+00:00
PKGL-00995,2026-09-19T00:00:00+00:00,2026-09-22T09:00:00+00:00,,20.081170654296898,81,NOAA GFS 0.25 degree / Google Earth Engine,0,2026-09-19T06:28:54.010036+00:00
PKGL-00995,2026-09-19T00:00:00+00:00,2026-09-22T10:00:00+00:00,,19.786218261718773,82,NOAA GFS 0.25 degree / Google Earth Engine,0,2026-09-19T06:28:54.010036+00:00
PKGL-00995,2026-09-19T00:00:00+00:00,2026-09-22T11:00:00+00:00,,18.387780761718773,83,NOAA GFS 0.25 degree / Google Earth Engine,0,2026-09-19T06:28:54.010036+00:00
PKGL-00995,2026-09-19T00:00:00+00:00,2026-09-22T12:00:00+00:00,,16.771447753906273,84,NOAA GFS 0.25 degree / Google Earth Engine,0,2026-09-19T06:28:54.010036+00:00
PKGL-00995,2026-09-19T00:00:00+00:00,2026-09-22T13:00:00+00:00,,12.260736083984398,85,NOAA GFS 0.25 degree / Google Earth Engine,0,2026-09-19T06:28:54.010036+00:00
PKGL-00995,2026-09-19T00:00:00+00:00,2026-09-22T14:00:00+00:00,,10.958062744140648,86,NOAA GFS 0.25 degree / Google Earth Engine,0,2026-09-19T06:28:54.010036+00:00
PKGL-00995,2026-09-19T00:00:00+00:00,2026-09-22T15:00:00+00:00,,11.700982666015648,87,NOAA GFS 0.25 degree / Google Earth Engine,0,2026-09-19T06:28:54.010036+00:00
PKGL-00995,2026-09-19T00:00:00+00:00,2026-09-22T16:00:00+00:00,,11.868554687500023,88,NOAA GFS 0.25 degree / Google Earth Engine,0,2026-09-19T06:28:54.010036+00:00
PKGL-00995,2026-09-19T00:00:00+00:00,2026-09-22T17:00:00+00:00,,11.454064941406273,89,NOAA GFS 0.25 degree / Google Earth Engine,0,2026-09-19T06:28:54.010036+00:00
PKGL-00995,2026-09-19T00:00:00+00:00,2026-09-22T18:00:00+00:00,,11.150018310546898,90,NOAA GFS 0.25 degree / Google Earth Engine,0,2026-09-19T06:28:54.010036+00:00
PKGL-00995,2026-09-19T00:00:00+00:00,2026-09-22T19:00:00+00:00,,10.964715576171898,91,NOAA GFS 0.25 degree / Google Earth Engine,0,2026-09-19T06:28:54.010036+00:00
PKGL-00995,2026-09-19T00:00:00+00:00,2026-09-22T20:00:00+00:00,,10.737908935546898,92,NOAA GFS 0.25 degree / Google Earth Engine,0,2026-09-19T06:28:54.010036+00:00
PKGL-00995,2026-09-19T00:00:00+00:00,2026-09-22T21:00:00+00:00,,10.563714599609398,93,NOAA GFS 0.25 degree / Google Earth Engine,0,2026-09-19T06:28:54.010036+00:00
PKGL-00995,2026-09-19T00:00:00+00:00,2026-09-22T22:00:00+00:00,,10.287408447265648,94,NOAA GFS 0.25 degree / Google Earth Engine,0,2026-09-19T06:28:54.010036+00:00
PKGL-00995,2026-09-19T00:00:00+00:00,2026-09-22T23:00:00+00:00,,10.183374023437523,95,NOAA GFS 0.25 degree / Google Earth Engine,0,2026-09-19T06:28:54.010036+00:00
PKGL-00995,2026-09-19T00:00:00+00:00,2026-09-23T00:00:00+00:00,,10.037072753906273,96,NOAA GFS 0.25 degree / Google Earth Engine,0,2026-09-19T06:28:54.010036+00:00
PKGL-00995,2026-09-19T00:00:00+00:00,2026-09-23T01:00:00+00:00,,9.645379638671898,97,NOAA GFS 0.25 degree / Google Earth Engine,0,2026-09-19T06:28:54.010036+00:00
PKGL-00995,2026-09-19T00:00:00+00:00,2026-09-23T02:00:00+00:00,,12.002313232421898,98,NOAA GFS 0.25 degree / Google Earth Engine,0,2026-09-19T06:28:54.010036+00:00
PKGL-00995,2026-09-19T00:00:00+00:00,2026-09-23T03:00:00+00:00,,13.711083984375023,99,NOAA GFS 0.25 degree / Google Earth Engine,0,2026-09-19T06:28:54.010036+00:00
PKGL-00995,2026-09-19T00:00:00+00:00,2026-09-23T04:00:00+00:00,,15.172174072265648,100,NOAA GFS 0.25 degree / Google Earth Engine,0,2026-09-19T06:28:54.010036+00:00
PKGL-00995,2026-09-19T00:00:00+00:00,2026-09-23T05:00:00+00:00,,16.602349853515648,101,NOAA GFS 0.25 degree / Google Earth Engine,0,2026-09-19T06:28:54.010036+00:00
PKGL-00995,2026-09-19T00:00:00+00:00,2026-09-23T06:00:00+00:00,,17.914697265625023,102,NOAA GFS 0.25 degree / Google Earth Engine,0,2026-09-19T06:28:54.010036+00:00
PKGL-00995,2026-09-19T00:00:00+00:00,2026-09-23T07:00:00+00:00,,19.036279296875023,103,NOAA GFS 0.25 degree / Google Earth Engine,0,2026-09-19T06:28:54.010036+00:00
PKGL-00995,2026-09-19T00:00:00+00:00,2026-09-23T08:00:00+00:00,,19.950006103515648,104,NOAA GFS 0.25 degree / Google Earth Engine,0,2026-09-19T06:28:54.010036+00:00
PKGL-00995,2026-09-19T00:00:00+00:00,2026-09-23T09:00:00+00:00,,20.458062744140648,105,NOAA GFS 0.25 degree / Google Earth Engine,0,2026-09-19T06:28:54.010036+00:00
PKGL-00995,2026-09-19T00:00:00+00:00,2026-09-23T10:00:00+00:00,,20.174188232421898,106,NOAA GFS 0.25 degree / Google Earth Engine,0,2026-09-19T06:28:54.010036+00:00
PKGL-00995,2026-09-19T00:00:00+00:00,2026-09-23T11:00:00+00:00,,19.366082763671898,107,NOAA GFS 0.25 degree / Google Earth Engine,0,2026-09-19T06:28:54.010036+00:00
PKGL-00995,2026-09-19T00:00:00+00:00,2026-09-23T12:00:00+00:00,,18.187249755859398,108,NOAA GFS 0.25 degree / Google Earth Engine,0,2026-09-19T06:28:54.010036+00:00
PKGL-00995,2026-09-19T00:00:00+00:00,2026-09-23T13:00:00+00:00,,16.222528076171898,109,NOAA GFS 0.25 degree / Google Earth Engine,0,2026-09-19T06:28:54.010036+00:00
PKGL-00995,2026-09-19T00:00:00+00:00,2026-09-23T14:00:00+00:00,,15.022576904296898,110,NOAA GFS 0.25 degree / Google Earth Engine,0,2026-09-19T06:28:54.010036+00:00
PKGL-00995,2026-09-19T00:00:00+00:00,2026-09-23T15:00:00+00:00,,13.957879638671898,111,NOAA GFS 0.25 degree / Google Earth Engine,0,2026-09-19T06:28:54.010036+00:00
PKGL-00995,2026-09-19T00:00:00+00:00,2026-09-23T16:00:00+00:00,,12.336267089843773,112,NOAA GFS 0.25 degree / Google Earth Engine,0,2026-09-19T06:28:54.010036+00:00
PKGL-00995,2026-09-19T00:00:00+00:00,2026-09-23T17:00:00+00:00,,11.841943359375023,113,NOAA GFS 0.25 degree / Google Earth Engine,0,2026-09-19T06:28:54.010036+00:00
PKGL-00995,2026-09-19T00:00:00+00:00,2026-09-23T18:00:00+00:00,,11.793420410156273,114,NOAA GFS 0.25 degree / Google Earth Engine,0,2026-09-19T06:28:54.010036+00:00
PKGL-00995,2026-09-19T00:00:00+00:00,2026-09-23T19:00:00+00:00,,11.402337646484398,115,NOAA GFS 0.25 degree / Google Earth Engine,0,2026-09-19T06:28:54.010036+00:00
PKGL-00995,2026-09-19T00:00:00+00:00,2026-09-23T20:00:00+00:00,,11.042596435546898,116,NOAA GFS 0.25 degree / Google Earth Engine,0,2026-09-19T06:28:54.010036+00:00
PKGL-00995,2026-09-19T00:00:00+00:00,2026-09-23T21:00:00+00:00,,10.497705078125023,117,NOAA GFS 0.25 degree / Google Earth Engine,0,2026-09-19T06:28:54.010036+00:00
PKGL-00995,2026-09-19T00:00:00+00:00,2026-09-23T22:00:00+00:00,,10.357781982421898,118,NOAA GFS 0.25 degree / Google Earth Engine,0,2026-09-19T06:28:54.010036+00:00
PKGL-00995,2026-09-19T00:00:00+00:00,2026-09-23T23:00:00+00:00,,10.091577148437523,119,NOAA GFS 0.25 degree / Google Earth Engine,0,2026-09-19T06:28:54.010036+00:00
PKGL-00995,2026-09-19T00:00:00+00:00,2026-09-24T00:00:00+00:00,,9.691613769531273,120,NOAA GFS 0.25 degree / Google Earth Engine,0,2026-09-19T06:28:54.010036+00:00
PKGL-00995,2026-09-19T00:00:00+00:00,2026-09-24T03:00:00+00:00,,13.108972167968773,123,NOAA GFS 0.25 degree / Google Earth Engine,0,2026-09-19T06:28:54.010036+00:00
PKGL-00995,2026-09-19T00:00:00+00:00,2026-09-24T06:00:00+00:00,,17.164208984375023,126,NOAA GFS 0.25 degree / Google Earth Engine,0,2026-09-19T06:28:54.010036+00:00
PKGL-00995,2026-09-19T00:00:00+00:00,2026-09-24T09:00:00+00:00,,19.049188232421898,129,NOAA GFS 0.25 degree / Google Earth Engine,0,2026-09-19T06:28:54.010036+00:00
PKGL-00995,2026-09-19T00:00:00+00:00,2026-09-24T12:00:00+00:00,,16.879327392578148,132,NOAA GFS 0.25 degree / Google Earth Engine,0,2026-09-19T06:28:54.010036+00:00
PKGL-00995,2026-09-19T00:00:00+00:00,2026-09-24T15:00:00+00:00,,13.054010009765648,135,NOAA GFS 0.25 degree / Google Earth Engine,0,2026-09-19T06:28:54.010036+00:00
PKGL-00995,2026-09-19T00:00:00+00:00,2026-09-24T18:00:00+00:00,,11.150018310546898,138,NOAA GFS 0.25 degree / Google Earth Engine,0,2026-09-19T06:28:54.010036+00:00
PKGL-00995,2026-09-19T00:00:00+00:00,2026-09-24T21:00:00+00:00,,9.737420654296898,141,NOAA GFS 0.25 degree / Google Earth Engine,0,2026-09-19T06:28:54.010036+00:00
PKGL-00995,2026-09-19T00:00:00+00:00,2026-09-25T00:00:00+00:00,,8.812860107421898,144,NOAA GFS 0.25 degree / Google Earth Engine,0,2026-09-19T06:28:54.010036+00:00
PKGL-00995,2026-09-19T00:00:00+00:00,2026-09-25T03:00:00+00:00,,11.865930175781273,147,NOAA GFS 0.25 degree / Google Earth Engine,0,2026-09-19T06:28:54.010036+00:00
PKGL-00995,2026-09-19T00:00:00+00:00,2026-09-25T06:00:00+00:00,,16.064202880859398,150,NOAA GFS 0.25 degree / Google Earth Engine,0,2026-09-19T06:28:54.010036+00:00
PKGL-00995,2026-09-19T00:00:00+00:00,2026-09-25T09:00:00+00:00,,18.424340820312523,153,NOAA GFS 0.25 degree / Google Earth Engine,0,2026-09-19T06:28:54.010036+00:00
PKGL-00995,2026-09-19T00:00:00+00:00,2026-09-25T12:00:00+00:00,,16.704461669921898,156,NOAA GFS 0.25 degree / Google Earth Engine,0,2026-09-19T06:28:54.010036+00:00
PKGL-00995,2026-09-19T00:00:00+00:00,2026-09-25T15:00:00+00:00,,11.100305175781273,159,NOAA GFS 0.25 degree / Google Earth Engine,0,2026-09-19T06:28:54.010036+00:00
PKGL-00995,2026-09-19T00:00:00+00:00,2026-09-25T18:00:00+00:00,,11.018182373046898,162,NOAA GFS 0.25 degree / Google Earth Engine,0,2026-09-19T06:28:54.010036+00:00
PKGL-00995,2026-09-19T00:00:00+00:00,2026-09-25T21:00:00+00:00,,9.869317626953148,165,NOAA GFS 0.25 degree / Google Earth Engine,0,2026-09-19T06:28:54.010036+00:00
PKGL-00995,2026-09-19T00:00:00+00:00,2026-09-26T00:00:00+00:00,,9.350030517578148,168,NOAA GFS 0.25 degree / Google Earth Engine,0,2026-09-19T06:28:54.010036+00:00
PKGL-00001,2026-09-19T00:00:00+00:00,2026-09-19T01:00:00+00:00,,4.669458007812523,1,NOAA GFS 0.25 degree / Google Earth Engine,0,2026-09-19T07:02:40.162557+00:00
PKGL-00001,2026-09-19T00:00:00+00:00,2026-09-19T02:00:00+00:00,,7.869439697265648,2,NOAA GFS 0.25 degree / Google Earth Engine,0,2026-09-19T07:02:40.162557+00:00
PKGL-00001,2026-09-19T00:00:00+00:00,2026-09-19T03:00:00+00:00,,10.312585449218773,3,NOAA GFS 0.25 degree / Google Earth Engine,0,2026-09-19T07:02:40.162557+00:00
PKGL-00001,2026-09-19T00:00:00+00:00,2026-09-19T04:00:00+00:00,,11.556268310546898,4,NOAA GFS 0.25 degree / Google Earth Engine,0,2026-09-19T07:02:40.162557+00:00
PKGL-00001,2026-09-19T00:00:00+00:00,2026-09-19T05:00:00+00:00,,12.780633544921898,5,NOAA GFS 0.25 degree / Google Earth Engine,0,2026-09-19T07:02:40.162557+00:00
PKGL-00001,2026-09-19T00:00:00+00:00,2026-09-19T06:00:00+00:00,0.0,13.757470703125023,6,NOAA GFS 0.25 degree / Google Earth Engine,0,2026-09-19T07:02:40.162557+00:00
PKGL-00001,2026-09-19T00:00:00+00:00,2026-09-19T07:00:00+00:00,,14.516809082031273,7,NOAA GFS 0.25 degree / Google Earth Engine,0,2026-09-19T07:02:40.162557+00:00
PKGL-00001,2026-09-19T00:00:00+00:00,2026-09-19T08:00:00+00:00,,14.997705078125023,8,NOAA GFS 0.25 degree / Google Earth Engine,0,2026-09-19T07:02:40.162557+00:00
PKGL-00001,2026-09-19T00:00:00+00:00,2026-09-19T09:00:00+00:00,,14.897698974609398,9,NOAA GFS 0.25 degree / Google Earth Engine,0,2026-09-19T07:02:40.162557+00:00
PKGL-00001,2026-09-19T00:00:00+00:00,2026-09-19T10:00:00+00:00,,14.142572021484398,10,NOAA GFS 0.25 degree / Google Earth Engine,0,2026-09-19T07:02:40.162557+00:00
PKGL-00001,2026-09-19T00:00:00+00:00,2026-09-19T11:00:00+00:00,,12.657464599609398,11,NOAA GFS 0.25 degree / Google Earth Engine,0,2026-09-19T07:02:40.162557+00:00
PKGL-00001,2026-09-19T00:00:00+00:00,2026-09-19T12:00:00+00:00,2.75,10.861840820312523,12,NOAA GFS 0.25 degree / Google Earth Engine,0,2026-09-19T07:02:40.162557+00:00
PKGL-00001,2026-09-19T00:00:00+00:00,2026-09-19T13:00:00+00:00,,8.617883300781273,13,NOAA GFS 0.25 degree / Google Earth Engine,0,2026-09-19T07:02:40.162557+00:00
PKGL-00001,2026-09-19T00:00:00+00:00,2026-09-19T14:00:00+00:00,,7.396142578125023,14,NOAA GFS 0.25 degree / Google Earth Engine,0,2026-09-19T07:02:40.162557+00:00
PKGL-00001,2026-09-19T00:00:00+00:00,2026-09-19T15:00:00+00:00,,7.217279052734398,15,NOAA GFS 0.25 degree / Google Earth Engine,0,2026-09-19T07:02:40.162557+00:00
PKGL-00001,2026-09-19T00:00:00+00:00,2026-09-19T16:00:00+00:00,,6.749993896484398,16,NOAA GFS 0.25 degree / Google Earth Engine,0,2026-09-19T07:02:40.162557+00:00
PKGL-00001,2026-09-19T00:00:00+00:00,2026-09-19T17:00:00+00:00,,6.805200195312523,17,NOAA GFS 0.25 degree / Google Earth Engine,0,2026-09-19T07:02:40.162557+00:00
PKGL-00001,2026-09-19T00:00:00+00:00,2026-09-19T18:00:00+00:00,3.375,6.619989013671898,18,NOAA GFS 0.25 degree / Google Earth Engine,0,2026-09-19T07:02:40.162557+00:00
PKGL-00001,2026-09-19T00:00:00+00:00,2026-09-19T19:00:00+00:00,,6.502313232421898,19,NOAA GFS 0.25 degree / Google Earth Engine,0,2026-09-19T07:02:40.162557+00:00
PKGL-00001,2026-09-19T00:00:00+00:00,2026-09-19T20:00:00+00:00,,6.488916015625023,20,NOAA GFS 0.25 degree / Google Earth Engine,0,2026-09-19T07:02:40.162557+00:00
PKGL-00001,2026-09-19T00:00:00+00:00,2026-09-19T21:00:00+00:00,,6.284295654296898,21,NOAA GFS 0.25 degree / Google Earth Engine,0,2026-09-19T07:02:40.162557+00:00
PKGL-00001,2026-09-19T00:00:00+00:00,2026-09-19T22:00:00+00:00,,6.084283447265648,22,NOAA GFS 0.25 degree / Google Earth Engine,0,2026-09-19T07:02:40.162557+00:00
PKGL-00001,2026-09-19T00:00:00+00:00,2026-09-19T23:00:00+00:00,,5.970330810546898,23,NOAA GFS 0.25 degree / Google Earth Engine,0,2026-09-19T07:02:40.162557+00:00
PKGL-00001,2026-09-19T00:00:00+00:00,2026-09-20T00:00:00+00:00,0.0,5.884271240234398,24,NOAA GFS 0.25 degree / Google Earth Engine,0,2026-09-19T07:02:40.162557+00:00
PKGL-00001,2026-09-19T00:00:00+00:00,2026-09-20T01:00:00+00:00,,5.712609863281273,25,NOAA GFS 0.25 degree / Google Earth Engine,0,2026-09-19T07:02:40.162557+00:00
PKGL-00001,2026-09-19T00:00:00+00:00,2026-09-20T02:00:00+00:00,,8.749261474609398,26,NOAA GFS 0.25 degree / Google Earth Engine,0,2026-09-19T07:02:40.162557+00:00
PKGL-00001,2026-09-19T00:00:00+00:00,2026-09-20T03:00:00+00:00,,10.139154052734398,27,NOAA GFS 0.25 degree / Google Earth Engine,0,2026-09-19T07:02:40.162557+00:00
PKGL-00001,2026-09-19T00:00:00+00:00,2026-09-20T04:00:00+00:00,,11.287103271484398,28,NOAA GFS 0.25 degree / Google Earth Engine,0,2026-09-19T07:02:40.162557+00:00
PKGL-00001,2026-09-19T00:00:00+00:00,2026-09-20T05:00:00+00:00,,12.387109375000023,29,NOAA GFS 0.25 degree / Google Earth Engine,0,2026-09-19T07:02:40.162557+00:00
PKGL-00001,2026-09-19T00:00:00+00:00,2026-09-20T06:00:00+00:00,1.0625,12.984277343750023,30,NOAA GFS 0.25 degree / Google Earth Engine,0,2026-09-19T07:02:40.162557+00:00
PKGL-00001,2026-09-19T00:00:00+00:00,2026-09-20T07:00:00+00:00,,13.352838134765648,31,NOAA GFS 0.25 degree / Google Earth Engine,0,2026-09-19T07:02:40.162557+00:00
PKGL-00001,2026-09-19T00:00:00+00:00,2026-09-20T08:00:00+00:00,,13.695703125000023,32,NOAA GFS 0.25 degree / Google Earth Engine,0,2026-09-19T07:02:40.162557+00:00
PKGL-00001,2026-09-19T00:00:00+00:00,2026-09-20T09:00:00+00:00,,13.921380615234398,33,NOAA GFS 0.25 degree / Google Earth Engine,0,2026-09-19T07:02:40.162557+00:00
PKGL-00001,2026-09-19T00:00:00+00:00,2026-09-20T10:00:00+00:00,,13.788323974609398,34,NOAA GFS 0.25 degree / Google Earth Engine,0,2026-09-19T07:02:40.162557+00:00
PKGL-00001,2026-09-19T00:00:00+00:00,2026-09-20T11:00:00+00:00,,13.477624511718773,35,NOAA GFS 0.25 degree / Google Earth Engine,0,2026-09-19T07:02:40.162557+00:00
PKGL-00001,2026-09-19T00:00:00+00:00,2026-09-20T12:00:00+00:00,3.625,12.550012207031273,36,NOAA GFS 0.25 degree / Google Earth Engine,0,2026-09-19T07:02:40.162557+00:00
PKGL-00001,2026-09-19T00:00:00+00:00,2026-09-20T13:00:00+00:00,,8.573388671875023,37,NOAA GFS 0.25 degree / Google Earth Engine,0,2026-09-19T07:02:40.162557+00:00
PKGL-00001,2026-09-19T00:00:00+00:00,2026-09-20T14:00:00+00:00,,7.503900146484398,38,NOAA GFS 0.25 degree / Google Earth Engine,0,2026-09-19T07:02:40.162557+00:00
PKGL-00001,2026-09-19T00:00:00+00:00,2026-09-20T15:00:00+00:00,,7.384271240234398,39,NOAA GFS 0.25 degree / Google Earth Engine,0,2026-09-19T07:02:40.162557+00:00
PKGL-00001,2026-09-19T00:00:00+00:00,2026-09-20T16:00:00+00:00,,7.296014404296898,40,NOAA GFS 0.25 degree / Google Earth Engine,0,2026-09-19T07:02:40.162557+00:00
PKGL-00001,2026-09-19T00:00:00+00:00,2026-09-20T17:00:00+00:00,,7.277947998046898,41,NOAA GFS 0.25 degree / Google Earth Engine,0,2026-09-19T07:02:40.162557+00:00
PKGL-00001,2026-09-19T00:00:00+00:00,2026-09-20T18:00:00+00:00,0.0,7.236230468750023,42,NOAA GFS 0.25 degree / Google Earth Engine,0,2026-09-19T07:02:40.162557+00:00
PKGL-00001,2026-09-19T00:00:00+00:00,2026-09-20T19:00:00+00:00,,7.097283935546898,43,NOAA GFS 0.25 degree / Google Earth Engine,0,2026-09-19T07:02:40.162557+00:00
PKGL-00001,2026-09-19T00:00:00+00:00,2026-09-20T20:00:00+00:00,,6.854302978515648,44,NOAA GFS 0.25 degree / Google Earth Engine,0,2026-09-19T07:02:40.162557+00:00
PKGL-00001,2026-09-19T00:00:00+00:00,2026-09-20T21:00:00+00:00,,6.691705322265648,45,NOAA GFS 0.25 degree / Google Earth Engine,0,2026-09-19T07:02:40.162557+00:00
PKGL-00001,2026-09-19T00:00:00+00:00,2026-09-20T22:00:00+00:00,,6.451165771484398,46,NOAA GFS 0.25 degree / Google Earth Engine,0,2026-09-19T07:02:40.162557+00:00
PKGL-00001,2026-09-19T00:00:00+00:00,2026-09-20T23:00:00+00:00,,6.350000000000023,47,NOAA GFS 0.25 degree / Google Earth Engine,0,2026-09-19T07:02:40.162557+00:00
PKGL-00001,2026-09-19T00:00:00+00:00,2026-09-21T00:00:00+00:00,0.0,6.174218750000023,48,NOAA GFS 0.25 degree / Google Earth Engine,0,2026-09-19T07:02:40.162557+00:00
PKGL-00001,2026-09-19T00:00:00+00:00,2026-09-21T01:00:00+00:00,,5.950006103515648,49,NOAA GFS 0.25 degree / Google Earth Engine,0,2026-09-19T07:02:40.162557+00:00
PKGL-00001,2026-09-19T00:00:00+00:00,2026-09-21T02:00:00+00:00,,8.837884521484398,50,NOAA GFS 0.25 degree / Google Earth Engine,0,2026-09-19T07:02:40.162557+00:00
PKGL-00001,2026-09-19T00:00:00+00:00,2026-09-21T03:00:00+00:00,,11.162957763671898,51,NOAA GFS 0.25 degree / Google Earth Engine,0,2026-09-19T07:02:40.162557+00:00
PKGL-00001,2026-09-19T00:00:00+00:00,2026-09-21T04:00:00+00:00,,12.375665283203148,52,NOAA GFS 0.25 degree / Google Earth Engine,0,2026-09-19T07:02:40.162557+00:00
PKGL-00001,2026-09-19T00:00:00+00:00,2026-09-21T05:00:00+00:00,,13.469232177734398,53,NOAA GFS 0.25 degree / Google Earth Engine,0,2026-09-19T07:02:40.162557+00:00
PKGL-00001,2026-09-19T00:00:00+00:00,2026-09-21T06:00:00+00:00,0.0,14.422357177734398,54,NOAA GFS 0.25 degree / Google Earth Engine,0,2026-09-19T07:02:40.162557+00:00
PKGL-00001,2026-09-19T00:00:00+00:00,2026-09-21T07:00:00+00:00,,15.005242919921898,55,NOAA GFS 0.25 degree / Google Earth Engine,0,2026-09-19T07:02:40.162557+00:00
PKGL-00001,2026-09-19T00:00:00+00:00,2026-09-21T08:00:00+00:00,,15.350000000000023,56,NOAA GFS 0.25 degree / Google Earth Engine,0,2026-09-19T07:02:40.162557+00:00
PKGL-00001,2026-09-19T00:00:00+00:00,2026-09-21T09:00:00+00:00,,15.422357177734398,57,NOAA GFS 0.25 degree / Google Earth Engine,0,2026-09-19T07:02:40.162557+00:00
PKGL-00001,2026-09-19T00:00:00+00:00,2026-09-21T10:00:00+00:00,,13.237298583984398,58,NOAA GFS 0.25 degree / Google Earth Engine,0,2026-09-19T07:02:40.162557+00:00
PKGL-00001,2026-09-19T00:00:00+00:00,2026-09-21T11:00:00+00:00,,10.850000000000023,59,NOAA GFS 0.25 degree / Google Earth Engine,0,2026-09-19T07:02:40.162557+00:00
PKGL-00001,2026-09-19T00:00:00+00:00,2026-09-21T12:00:00+00:00,3.5,10.614160156250023,60,NOAA GFS 0.25 degree / Google Earth Engine,0,2026-09-19T07:02:40.162557+00:00
PKGL-00001,2026-09-19T00:00:00+00:00,2026-09-21T13:00:00+00:00,,7.314172363281273,61,NOAA GFS 0.25 degree / Google Earth Engine,0,2026-09-19T07:02:40.162557+00:00
PKGL-00001,2026-09-19T00:00:00+00:00,2026-09-21T14:00:00+00:00,,6.650018310546898,62,NOAA GFS 0.25 degree / Google Earth Engine,0,2026-09-19T07:02:40.162557+00:00
PKGL-00001,2026-09-19T00:00:00+00:00,2026-09-21T15:00:00+00:00,,6.964227294921898,63,NOAA GFS 0.25 degree / Google Earth Engine,0,2026-09-19T07:02:40.162557+00:00
PKGL-00001,2026-09-19T00:00:00+00:00,2026-09-21T16:00:00+00:00,,7.050042724609398,64,NOAA GFS 0.25 degree / Google Earth Engine,0,2026-09-19T07:02:40.162557+00:00
PKGL-00001,2026-09-19T00:00:00+00:00,2026-09-21T17:00:00+00:00,,6.850000000000023,65,NOAA GFS 0.25 degree / Google Earth Engine,0,2026-09-19T07:02:40.162557+00:00
PKGL-00001,2026-09-19T00:00:00+00:00,2026-09-21T18:00:00+00:00,0.75,6.573724365234398,66,NOAA GFS 0.25 degree / Google Earth Engine,0,2026-09-19T07:02:40.162557+00:00
PKGL-00001,2026-09-19T00:00:00+00:00,2026-09-21T19:00:00+00:00,,6.592034912109398,67,NOAA GFS 0.25 degree / Google Earth Engine,0,2026-09-19T07:02:40.162557+00:00
PKGL-00001,2026-09-19T00:00:00+00:00,2026-09-21T20:00:00+00:00,,6.356011962890648,68,NOAA GFS 0.25 degree / Google Earth Engine,0,2026-09-19T07:02:40.162557+00:00
PKGL-00001,2026-09-19T00:00:00+00:00,2026-09-21T21:00:00+00:00,,6.255975341796898,69,NOAA GFS 0.25 degree / Google Earth Engine,0,2026-09-19T07:02:40.162557+00:00
PKGL-00001,2026-09-19T00:00:00+00:00,2026-09-21T22:00:00+00:00,,6.160852050781273,70,NOAA GFS 0.25 degree / Google Earth Engine,0,2026-09-19T07:02:40.162557+00:00
PKGL-00001,2026-09-19T00:00:00+00:00,2026-09-21T23:00:00+00:00,,5.955987548828148,71,NOAA GFS 0.25 degree / Google Earth Engine,0,2026-09-19T07:02:40.162557+00:00
PKGL-00001,2026-09-19T00:00:00+00:00,2026-09-22T00:00:00+00:00,0.0,5.860894775390648,72,NOAA GFS 0.25 degree / Google Earth Engine,0,2026-09-19T07:02:40.162557+00:00
PKGL-00001,2026-09-19T00:00:00+00:00,2026-09-22T01:00:00+00:00,,5.749993896484398,73,NOAA GFS 0.25 degree / Google Earth Engine,0,2026-09-19T07:02:40.162557+00:00
PKGL-00001,2026-09-19T00:00:00+00:00,2026-09-22T02:00:00+00:00,,8.586572265625023,74,NOAA GFS 0.25 degree / Google Earth Engine,0,2026-09-19T07:02:40.162557+00:00
PKGL-00001,2026-09-19T00:00:00+00:00,2026-09-22T03:00:00+00:00,,10.886590576171898,75,NOAA GFS 0.25 degree / Google Earth Engine,0,2026-09-19T07:02:40.162557+00:00
PKGL-00001,2026-09-19T00:00:00+00:00,2026-09-22T04:00:00+00:00,,12.056512451171898,76,NOAA GFS 0.25 degree / Google Earth Engine,0,2026-09-19T07:02:40.162557+00:00
PKGL-00001,2026-09-19T00:00:00+00:00,2026-09-22T05:00:00+00:00,,13.150018310546898,77,NOAA GFS 0.25 degree / Google Earth Engine,0,2026-09-19T07:02:40.162557+00:00
PKGL-00001,2026-09-19T00:00:00+00:00,2026-09-22T06:00:00+00:00,,14.064691162109398,78,NOAA GFS 0.25 degree / Google Earth Engine,0,2026-09-19T07:02:40.162557+00:00
PKGL-00001,2026-09-19T00:00:00+00:00,2026-09-22T07:00:00+00:00,,14.764703369140648,79,NOAA GFS 0.25 degree / Google Earth Engine,0,2026-09-19T07:02:40.162557+00:00
PKGL-00001,2026-09-19T00:00:00+00:00,2026-09-22T08:00:00+00:00,,14.968743896484398,80,NOAA GFS 0.25 degree / Google Earth Engine,0,2026-09-19T07:02:40.162557+00:00
PKGL-00001,2026-09-19T00:00:00+00:00,2026-09-22T09:00:00+00:00,,14.281152343750023,81,NOAA GFS 0.25 degree / Google Earth Engine,0,2026-09-19T07:02:40.162557+00:00
PKGL-00001,2026-09-19T00:00:00+00:00,2026-09-22T10:00:00+00:00,,14.186212158203148,82,NOAA GFS 0.25 degree / Google Earth Engine,0,2026-09-19T07:02:40.162557+00:00
PKGL-00001,2026-09-19T00:00:00+00:00,2026-09-22T11:00:00+00:00,,13.387780761718773,83,NOAA GFS 0.25 degree / Google Earth Engine,0,2026-09-19T07:02:40.162557+00:00
PKGL-00001,2026-09-19T00:00:00+00:00,2026-09-22T12:00:00+00:00,,11.671441650390648,84,NOAA GFS 0.25 degree / Google Earth Engine,0,2026-09-19T07:02:40.162557+00:00
PKGL-00001,2026-09-19T00:00:00+00:00,2026-09-22T13:00:00+00:00,,8.260736083984398,85,NOAA GFS 0.25 degree / Google Earth Engine,0,2026-09-19T07:02:40.162557+00:00
PKGL-00001,2026-09-19T00:00:00+00:00,2026-09-22T14:00:00+00:00,,7.458062744140648,86,NOAA GFS 0.25 degree / Google Earth Engine,0,2026-09-19T07:02:40.162557+00:00
PKGL-00001,2026-09-19T00:00:00+00:00,2026-09-22T15:00:00+00:00,,6.500970458984398,87,NOAA GFS 0.25 degree / Google Earth Engine,0,2026-09-19T07:02:40.162557+00:00
PKGL-00001,2026-09-19T00:00:00+00:00,2026-09-22T16:00:00+00:00,,5.668572998046898,88,NOAA GFS 0.25 degree / Google Earth Engine,0,2026-09-19T07:02:40.162557+00:00
PKGL-00001,2026-09-19T00:00:00+00:00,2026-09-22T17:00:00+00:00,,5.554071044921898,89,NOAA GFS 0.25 degree / Google Earth Engine,0,2026-09-19T07:02:40.162557+00:00
PKGL-00001,2026-09-19T00:00:00+00:00,2026-09-22T18:00:00+00:00,,5.850000000000023,90,NOAA GFS 0.25 degree / Google Earth Engine,0,2026-09-19T07:02:40.162557+00:00
PKGL-00001,2026-09-19T00:00:00+00:00,2026-09-22T19:00:00+00:00,,5.964715576171898,91,NOAA GFS 0.25 degree / Google Earth Engine,0,2026-09-19T07:02:40.162557+00:00
PKGL-00001,2026-09-19T00:00:00+00:00,2026-09-22T20:00:00+00:00,,5.837884521484398,92,NOAA GFS 0.25 degree / Google Earth Engine,0,2026-09-19T07:02:40.162557+00:00
PKGL-00001,2026-09-19T00:00:00+00:00,2026-09-22T21:00:00+00:00,,5.763726806640648,93,NOAA GFS 0.25 degree / Google Earth Engine,0,2026-09-19T07:02:40.162557+00:00
PKGL-00001,2026-09-19T00:00:00+00:00,2026-09-22T22:00:00+00:00,,5.487420654296898,94,NOAA GFS 0.25 degree / Google Earth Engine,0,2026-09-19T07:02:40.162557+00:00
PKGL-00001,2026-09-19T00:00:00+00:00,2026-09-22T23:00:00+00:00,,5.383386230468773,95,NOAA GFS 0.25 degree / Google Earth Engine,0,2026-09-19T07:02:40.162557+00:00
PKGL-00001,2026-09-19T00:00:00+00:00,2026-09-23T00:00:00+00:00,,5.337060546875023,96,NOAA GFS 0.25 degree / Google Earth Engine,0,2026-09-19T07:02:40.162557+00:00
PKGL-00001,2026-09-19T00:00:00+00:00,2026-09-23T01:00:00+00:00,,5.345361328125023,97,NOAA GFS 0.25 degree / Google Earth Engine,0,2026-09-19T07:02:40.162557+00:00
PKGL-00001,2026-09-19T00:00:00+00:00,2026-09-23T02:00:00+00:00,,8.402307128906273,98,NOAA GFS 0.25 degree / Google Earth Engine,0,2026-09-19T07:02:40.162557+00:00
PKGL-00001,2026-09-19T00:00:00+00:00,2026-09-23T03:00:00+00:00,,10.911096191406273,99,NOAA GFS 0.25 degree / Google Earth Engine,0,2026-09-19T07:02:40.162557+00:00
PKGL-00001,2026-09-19T00:00:00+00:00,2026-09-23T04:00:00+00:00,,12.172174072265648,100,NOAA GFS 0.25 degree / Google Earth Engine,0,2026-09-19T07:02:40.162557+00:00
PKGL-00001,2026-09-19T00:00:00+00:00,2026-09-23T05:00:00+00:00,,13.402337646484398,101,NOAA GFS 0.25 degree / Google Earth Engine,0,2026-09-19T07:02:40.162557+00:00
PKGL-00001,2026-09-19T00:00:00+00:00,2026-09-23T06:00:00+00:00,,14.414697265625023,102,NOAA GFS 0.25 degree / Google Earth Engine,0,2026-09-19T07:02:40.162557+00:00
PKGL-00001,2026-09-19T00:00:00+00:00,2026-09-23T07:00:00+00:00,,15.136285400390648,103,NOAA GFS 0.25 degree / Google Earth Engine,0,2026-09-19T07:02:40.162557+00:00
PKGL-00001,2026-09-19T00:00:00+00:00,2026-09-23T08:00:00+00:00,,15.650018310546898,104,NOAA GFS 0.25 degree / Google Earth Engine,0,2026-09-19T07:02:40.162557+00:00
PKGL-00001,2026-09-19T00:00:00+00:00,2026-09-23T09:00:00+00:00,,15.958062744140648,105,NOAA GFS 0.25 degree / Google Earth Engine,0,2026-09-19T07:02:40.162557+00:00
PKGL-00001,2026-09-19T00:00:00+00:00,2026-09-23T10:00:00+00:00,,15.274163818359398,106,NOAA GFS 0.25 degree / Google Earth Engine,0,2026-09-19T07:02:40.162557+00:00
PKGL-00001,2026-09-19T00:00:00+00:00,2026-09-23T11:00:00+00:00,,13.866082763671898,107,NOAA GFS 0.25 degree / Google Earth Engine,0,2026-09-19T07:02:40.162557+00:00
PKGL-00001,2026-09-19T00:00:00+00:00,2026-09-23T12:00:00+00:00,,12.487268066406273,108,NOAA GFS 0.25 degree / Google Earth Engine,0,2026-09-19T07:02:40.162557+00:00
PKGL-00001,2026-09-19T00:00:00+00:00,2026-09-23T13:00:00+00:00,,9.122552490234398,109,NOAA GFS 0.25 degree / Google Earth Engine,0,2026-09-19T07:02:40.162557+00:00
PKGL-00001,2026-09-19T00:00:00+00:00,2026-09-23T14:00:00+00:00,,7.422570800781273,110,NOAA GFS 0.25 degree / Google Earth Engine,0,2026-09-19T07:02:40.162557+00:00
PKGL-00001,2026-09-19T00:00:00+00:00,2026-09-23T15:00:00+00:00,,7.057855224609398,111,NOAA GFS 0.25 degree / Google Earth Engine,0,2026-09-19T07:02:40.162557+00:00
PKGL-00001,2026-09-19T00:00:00+00:00,2026-09-23T16:00:00+00:00,,6.936273193359398,112,NOAA GFS 0.25 degree / Google Earth Engine,0,2026-09-19T07:02:40.162557+00:00
PKGL-00001,2026-09-19T00:00:00+00:00,2026-09-23T17:00:00+00:00,,6.641961669921898,113,NOAA GFS 0.25 degree / Google Earth Engine,0,2026-09-19T07:02:40.162557+00:00
PKGL-00001,2026-09-19T00:00:00+00:00,2026-09-23T18:00:00+00:00,,6.293420410156273,114,NOAA GFS 0.25 degree / Google Earth Engine,0,2026-09-19T07:02:40.162557+00:00
PKGL-00001,2026-09-19T00:00:00+00:00,2026-09-23T19:00:00+00:00,,6.202355957031273,115,NOAA GFS 0.25 degree / Google Earth Engine,0,2026-09-19T07:02:40.162557+00:00
PKGL-00001,2026-09-19T00:00:00+00:00,2026-09-23T20:00:00+00:00,,6.042596435546898,116,NOAA GFS 0.25 degree / Google Earth Engine,0,2026-09-19T07:02:40.162557+00:00
PKGL-00001,2026-09-19T00:00:00+00:00,2026-09-23T21:00:00+00:00,,5.897698974609398,117,NOAA GFS 0.25 degree / Google Earth Engine,0,2026-09-19T07:02:40.162557+00:00
PKGL-00001,2026-09-19T00:00:00+00:00,2026-09-23T22:00:00+00:00,,5.557763671875023,118,NOAA GFS 0.25 degree / Google Earth Engine,0,2026-09-19T07:02:40.162557+00:00
PKGL-00001,2026-09-19T00:00:00+00:00,2026-09-23T23:00:00+00:00,,5.491571044921898,119,NOAA GFS 0.25 degree / Google Earth Engine,0,2026-09-19T07:02:40.162557+00:00
PKGL-00001,2026-09-19T00:00:00+00:00,2026-09-24T00:00:00+00:00,,5.391595458984398,120,NOAA GFS 0.25 degree / Google Earth Engine,0,2026-09-19T07:02:40.162557+00:00
PKGL-00001,2026-09-19T00:00:00+00:00,2026-09-24T03:00:00+00:00,,10.108972167968773,123,NOAA GFS 0.25 degree / Google Earth Engine,0,2026-09-19T07:02:40.162557+00:00
PKGL-00001,2026-09-19T00:00:00+00:00,2026-09-24T06:00:00+00:00,,13.164208984375023,126,NOAA GFS 0.25 degree / Google Earth Engine,0,2026-09-19T07:02:40.162557+00:00
PKGL-00001,2026-09-19T00:00:00+00:00,2026-09-24T09:00:00+00:00,,11.949182128906273,129,NOAA GFS 0.25 degree / Google Earth Engine,0,2026-09-19T07:02:40.162557+00:00
PKGL-00001,2026-09-19T00:00:00+00:00,2026-09-24T12:00:00+00:00,,10.379327392578148,132,NOAA GFS 0.25 degree / Google Earth Engine,0,2026-09-19T07:02:40.162557+00:00
PKGL-00001,2026-09-19T00:00:00+00:00,2026-09-24T15:00:00+00:00,,6.154016113281273,135,NOAA GFS 0.25 degree / Google Earth Engine,0,2026-09-19T07:02:40.162557+00:00
PKGL-00001,2026-09-19T00:00:00+00:00,2026-09-24T18:00:00+00:00,,5.450006103515648,138,NOAA GFS 0.25 degree / Google Earth Engine,0,2026-09-19T07:02:40.162557+00:00
PKGL-00001,2026-09-19T00:00:00+00:00,2026-09-24T21:00:00+00:00,,4.937402343750023,141,NOAA GFS 0.25 degree / Google Earth Engine,0,2026-09-19T07:02:40.162557+00:00
PKGL-00001,2026-09-19T00:00:00+00:00,2026-09-25T00:00:00+00:00,,4.612878417968773,144,NOAA GFS 0.25 degree / Google Earth Engine,0,2026-09-19T07:02:40.162557+00:00
PKGL-00001,2026-09-19T00:00:00+00:00,2026-09-25T03:00:00+00:00,,9.365930175781273,147,NOAA GFS 0.25 degree / Google Earth Engine,0,2026-09-19T07:02:40.162557+00:00
PKGL-00001,2026-09-19T00:00:00+00:00,2026-09-25T06:00:00+00:00,,11.964196777343773,150,NOAA GFS 0.25 degree / Google Earth Engine,0,2026-09-19T07:02:40.162557+00:00
PKGL-00001,2026-09-19T00:00:00+00:00,2026-09-25T09:00:00+00:00,,12.224359130859398,153,NOAA GFS 0.25 degree / Google Earth Engine,0,2026-09-19T07:02:40.162557+00:00
PKGL-00001,2026-09-19T00:00:00+00:00,2026-09-25T12:00:00+00:00,,10.904443359375023,156,NOAA GFS 0.25 degree / Google Earth Engine,0,2026-09-19T07:02:40.162557+00:00
PKGL-00001,2026-09-19T00:00:00+00:00,2026-09-25T15:00:00+00:00,,6.300286865234398,159,NOAA GFS 0.25 degree / Google Earth Engine,0,2026-09-19T07:02:40.162557+00:00
PKGL-00001,2026-09-19T00:00:00+00:00,2026-09-25T18:00:00+00:00,,5.818170166015648,162,NOAA GFS 0.25 degree / Google Earth Engine,0,2026-09-19T07:02:40.162557+00:00
PKGL-00001,2026-09-19T00:00:00+00:00,2026-09-25T21:00:00+00:00,,5.369317626953148,165,NOAA GFS 0.25 degree / Google Earth Engine,0,2026-09-19T07:02:40.162557+00:00
PKGL-00001,2026-09-19T00:00:00+00:00,2026-09-26T00:00:00+00:00,,4.750024414062523,168,NOAA GFS 0.25 degree / Google Earth Engine,0,2026-09-19T07:02:40.162557+00:00
PKGL-00002,2026-09-19T00:00:00+00:00,2026-09-19T01:00:00+00:00,,4.669458007812523,1,NOAA GFS 0.25 degree / Google Earth Engine,0,2026-09-19T07:02:52.565568+00:00
PKGL-00002,2026-09-19T00:00:00+00:00,2026-09-19T02:00:00+00:00,,7.869439697265648,2,NOAA GFS 0.25 degree / Google Earth Engine,0,2026-09-19T07:02:52.565568+00:00
PKGL-00002,2026-09-19T00:00:00+00:00,2026-09-19T03:00:00+00:00,,10.312585449218773,3,NOAA GFS 0.25 degree / Google Earth Engine,0,2026-09-19T07:02:52.565568+00:00
PKGL-00002,2026-09-19T00:00:00+00:00,2026-09-19T04:00:00+00:00,,11.556268310546898,4,NOAA GFS 0.25 degree / Google Earth Engine,0,2026-09-19T07:02:52.565568+00:00
PKGL-00002,2026-09-19T00:00:00+00:00,2026-09-19T05:00:00+00:00,,12.780633544921898,5,NOAA GFS 0.25 degree / Google Earth Engine,0,2026-09-19T07:02:52.565568+00:00
PKGL-00002,2026-09-19T00:00:00+00:00,2026-09-19T06:00:00+00:00,0.0,13.757470703125023,6,NOAA GFS 0.25 degree / Google Earth Engine,0,2026-09-19T07:02:52.565568+00:00
PKGL-00002,2026-09-19T00:00:00+00:00,2026-09-19T07:00:00+00:00,,14.516809082031273,7,NOAA GFS 0.25 degree / Google Earth Engine,0,2026-09-19T07:02:52.565568+00:00
PKGL-00002,2026-09-19T00:00:00+00:00,2026-09-19T08:00:00+00:00,,14.997705078125023,8,NOAA GFS 0.25 degree / Google Earth Engine,0,2026-09-19T07:02:52.565568+00:00
PKGL-00002,2026-09-19T00:00:00+00:00,2026-09-19T09:00:00+00:00,,14.897698974609398,9,NOAA GFS 0.25 degree / Google Earth Engine,0,2026-09-19T07:02:52.565568+00:00
PKGL-00002,2026-09-19T00:00:00+00:00,2026-09-19T10:00:00+00:00,,14.142572021484398,10,NOAA GFS 0.25 degree / Google Earth Engine,0,2026-09-19T07:02:52.565568+00:00
PKGL-00002,2026-09-19T00:00:00+00:00,2026-09-19T11:00:00+00:00,,12.657464599609398,11,NOAA GFS 0.25 degree / Google Earth Engine,0,2026-09-19T07:02:52.565568+00:00
PKGL-00002,2026-09-19T00:00:00+00:00,2026-09-19T12:00:00+00:00,2.75,10.861840820312523,12,NOAA GFS 0.25 degree / Google Earth Engine,0,2026-09-19T07:02:52.565568+00:00
PKGL-00002,2026-09-19T00:00:00+00:00,2026-09-19T13:00:00+00:00,,8.617883300781273,13,NOAA GFS 0.25 degree / Google Earth Engine,0,2026-09-19T07:02:52.565568+00:00
PKGL-00002,2026-09-19T00:00:00+00:00,2026-09-19T14:00:00+00:00,,7.396142578125023,14,NOAA GFS 0.25 degree / Google Earth Engine,0,2026-09-19T07:02:52.565568+00:00
PKGL-00002,2026-09-19T00:00:00+00:00,2026-09-19T15:00:00+00:00,,7.217279052734398,15,NOAA GFS 0.25 degree / Google Earth Engine,0,2026-09-19T07:02:52.565568+00:00
PKGL-00002,2026-09-19T00:00:00+00:00,2026-09-19T16:00:00+00:00,,6.749993896484398,16,NOAA GFS 0.25 degree / Google Earth Engine,0,2026-09-19T07:02:52.565568+00:00
PKGL-00002,2026-09-19T00:00:00+00:00,2026-09-19T17:00:00+00:00,,6.805200195312523,17,NOAA GFS 0.25 degree / Google Earth Engine,0,2026-09-19T07:02:52.565568+00:00
PKGL-00002,2026-09-19T00:00:00+00:00,2026-09-19T18:00:00+00:00,3.375,6.619989013671898,18,NOAA GFS 0.25 degree / Google Earth Engine,0,2026-09-19T07:02:52.565568+00:00
PKGL-00002,2026-09-19T00:00:00+00:00,2026-09-19T19:00:00+00:00,,6.502313232421898,19,NOAA GFS 0.25 degree / Google Earth Engine,0,2026-09-19T07:02:52.565568+00:00
PKGL-00002,2026-09-19T00:00:00+00:00,2026-09-19T20:00:00+00:00,,6.488916015625023,20,NOAA GFS 0.25 degree / Google Earth Engine,0,2026-09-19T07:02:52.565568+00:00
PKGL-00002,2026-09-19T00:00:00+00:00,2026-09-19T21:00:00+00:00,,6.284295654296898,21,NOAA GFS 0.25 degree / Google Earth Engine,0,2026-09-19T07:02:52.565568+00:00
PKGL-00002,2026-09-19T00:00:00+00:00,2026-09-19T22:00:00+00:00,,6.084283447265648,22,NOAA GFS 0.25 degree / Google Earth Engine,0,2026-09-19T07:02:52.565568+00:00
PKGL-00002,2026-09-19T00:00:00+00:00,2026-09-19T23:00:00+00:00,,5.970330810546898,23,NOAA GFS 0.25 degree / Google Earth Engine,0,2026-09-19T07:02:52.565568+00:00
PKGL-00002,2026-09-19T00:00:00+00:00,2026-09-20T00:00:00+00:00,0.0,5.884271240234398,24,NOAA GFS 0.25 degree / Google Earth Engine,0,2026-09-19T07:02:52.565568+00:00
PKGL-00002,2026-09-19T00:00:00+00:00,2026-09-20T01:00:00+00:00,,5.712609863281273,25,NOAA GFS 0.25 degree / Google Earth Engine,0,2026-09-19T07:02:52.565568+00:00
PKGL-00002,2026-09-19T00:00:00+00:00,2026-09-20T02:00:00+00:00,,8.749261474609398,26,NOAA GFS 0.25 degree / Google Earth Engine,0,2026-09-19T07:02:52.565568+00:00
PKGL-00002,2026-09-19T00:00:00+00:00,2026-09-20T03:00:00+00:00,,10.139154052734398,27,NOAA GFS 0.25 degree / Google Earth Engine,0,2026-09-19T07:02:52.565568+00:00
PKGL-00002,2026-09-19T00:00:00+00:00,2026-09-20T04:00:00+00:00,,11.287103271484398,28,NOAA GFS 0.25 degree / Google Earth Engine,0,2026-09-19T07:02:52.565568+00:00
PKGL-00002,2026-09-19T00:00:00+00:00,2026-09-20T05:00:00+00:00,,12.387109375000023,29,NOAA GFS 0.25 degree / Google Earth Engine,0,2026-09-19T07:02:52.565568+00:00
PKGL-00002,2026-09-19T00:00:00+00:00,2026-09-20T06:00:00+00:00,1.0625,12.984277343750023,30,NOAA GFS 0.25 degree / Google Earth Engine,0,2026-09-19T07:02:52.565568+00:00
PKGL-00002,2026-09-19T00:00:00+00:00,2026-09-20T07:00:00+00:00,,13.352838134765648,31,NOAA GFS 0.25 degree / Google Earth Engine,0,2026-09-19T07:02:52.565568+00:00
PKGL-00002,2026-09-19T00:00:00+00:00,2026-09-20T08:00:00+00:00,,13.695703125000023,32,NOAA GFS 0.25 degree / Google Earth Engine,0,2026-09-19T07:02:52.565568+00:00
PKGL-00002,2026-09-19T00:00:00+00:00,2026-09-20T09:00:00+00:00,,13.921380615234398,33,NOAA GFS 0.25 degree / Google Earth Engine,0,2026-09-19T07:02:52.565568+00:00
PKGL-00002,2026-09-19T00:00:00+00:00,2026-09-20T10:00:00+00:00,,13.788323974609398,34,NOAA GFS 0.25 degree / Google Earth Engine,0,2026-09-19T07:02:52.565568+00:00
PKGL-00002,2026-09-19T00:00:00+00:00,2026-09-20T11:00:00+00:00,,13.477624511718773,35,NOAA GFS 0.25 degree / Google Earth Engine,0,2026-09-19T07:02:52.565568+00:00
PKGL-00002,2026-09-19T00:00:00+00:00,2026-09-20T12:00:00+00:00,3.625,12.550012207031273,36,NOAA GFS 0.25 degree / Google Earth Engine,0,2026-09-19T07:02:52.565568+00:00
PKGL-00002,2026-09-19T00:00:00+00:00,2026-09-20T13:00:00+00:00,,8.573388671875023,37,NOAA GFS 0.25 degree / Google Earth Engine,0,2026-09-19T07:02:52.565568+00:00
PKGL-00002,2026-09-19T00:00:00+00:00,2026-09-20T14:00:00+00:00,,7.503900146484398,38,NOAA GFS 0.25 degree / Google Earth Engine,0,2026-09-19T07:02:52.565568+00:00
PKGL-00002,2026-09-19T00:00:00+00:00,2026-09-20T15:00:00+00:00,,7.384271240234398,39,NOAA GFS 0.25 degree / Google Earth Engine,0,2026-09-19T07:02:52.565568+00:00
PKGL-00002,2026-09-19T00:00:00+00:00,2026-09-20T16:00:00+00:00,,7.296014404296898,40,NOAA GFS 0.25 degree / Google Earth Engine,0,2026-09-19T07:02:52.565568+00:00
PKGL-00002,2026-09-19T00:00:00+00:00,2026-09-20T17:00:00+00:00,,7.277947998046898,41,NOAA GFS 0.25 degree / Google Earth Engine,0,2026-09-19T07:02:52.565568+00:00
PKGL-00002,2026-09-19T00:00:00+00:00,2026-09-20T18:00:00+00:00,0.0,7.236230468750023,42,NOAA GFS 0.25 degree / Google Earth Engine,0,2026-09-19T07:02:52.565568+00:00
PKGL-00002,2026-09-19T00:00:00+00:00,2026-09-20T19:00:00+00:00,,7.097283935546898,43,NOAA GFS 0.25 degree / Google Earth Engine,0,2026-09-19T07:02:52.565568+00:00
PKGL-00002,2026-09-19T00:00:00+00:00,2026-09-20T20:00:00+00:00,,6.854302978515648,44,NOAA GFS 0.25 degree / Google Earth Engine,0,2026-09-19T07:02:52.565568+00:00
PKGL-00002,2026-09-19T00:00:00+00:00,2026-09-20T21:00:00+00:00,,6.691705322265648,45,NOAA GFS 0.25 degree / Google Earth Engine,0,2026-09-19T07:02:52.565568+00:00
PKGL-00002,2026-09-19T00:00:00+00:00,2026-09-20T22:00:00+00:00,,6.451165771484398,46,NOAA GFS 0.25 degree / Google Earth Engine,0,2026-09-19T07:02:52.565568+00:00
PKGL-00002,2026-09-19T00:00:00+00:00,2026-09-20T23:00:00+00:00,,6.350000000000023,47,NOAA GFS 0.25 degree / Google Earth Engine,0,2026-09-19T07:02:52.565568+00:00
PKGL-00002,2026-09-19T00:00:00+00:00,2026-09-21T00:00:00+00:00,0.0,6.174218750000023,48,NOAA GFS 0.25 degree / Google Earth Engine,0,2026-09-19T07:02:52.565568+00:00
PKGL-00002,2026-09-19T00:00:00+00:00,2026-09-21T01:00:00+00:00,,5.950006103515648,49,NOAA GFS 0.25 degree / Google Earth Engine,0,2026-09-19T07:02:52.565568+00:00
PKGL-00002,2026-09-19T00:00:00+00:00,2026-09-21T02:00:00+00:00,,8.837884521484398,50,NOAA GFS 0.25 degree / Google Earth Engine,0,2026-09-19T07:02:52.565568+00:00
PKGL-00002,2026-09-19T00:00:00+00:00,2026-09-21T03:00:00+00:00,,11.162957763671898,51,NOAA GFS 0.25 degree / Google Earth Engine,0,2026-09-19T07:02:52.565568+00:00
PKGL-00002,2026-09-19T00:00:00+00:00,2026-09-21T04:00:00+00:00,,12.375665283203148,52,NOAA GFS 0.25 degree / Google Earth Engine,0,2026-09-19T07:02:52.565568+00:00
PKGL-00002,2026-09-19T00:00:00+00:00,2026-09-21T05:00:00+00:00,,13.469232177734398,53,NOAA GFS 0.25 degree / Google Earth Engine,0,2026-09-19T07:02:52.565568+00:00
PKGL-00002,2026-09-19T00:00:00+00:00,2026-09-21T06:00:00+00:00,0.0,14.422357177734398,54,NOAA GFS 0.25 degree / Google Earth Engine,0,2026-09-19T07:02:52.565568+00:00
PKGL-00002,2026-09-19T00:00:00+00:00,2026-09-21T07:00:00+00:00,,15.005242919921898,55,NOAA GFS 0.25 degree / Google Earth Engine,0,2026-09-19T07:02:52.565568+00:00
PKGL-00002,2026-09-19T00:00:00+00:00,2026-09-21T08:00:00+00:00,,15.350000000000023,56,NOAA GFS 0.25 degree / Google Earth Engine,0,2026-09-19T07:02:52.565568+00:00
PKGL-00002,2026-09-19T00:00:00+00:00,2026-09-21T09:00:00+00:00,,15.422357177734398,57,NOAA GFS 0.25 degree / Google Earth Engine,0,2026-09-19T07:02:52.565568+00:00
PKGL-00002,2026-09-19T00:00:00+00:00,2026-09-21T10:00:00+00:00,,13.237298583984398,58,NOAA GFS 0.25 degree / Google Earth Engine,0,2026-09-19T07:02:52.565568+00:00
PKGL-00002,2026-09-19T00:00:00+00:00,2026-09-21T11:00:00+00:00,,10.850000000000023,59,NOAA GFS 0.25 degree / Google Earth Engine,0,2026-09-19T07:02:52.565568+00:00
PKGL-00002,2026-09-19T00:00:00+00:00,2026-09-21T12:00:00+00:00,3.5,10.614160156250023,60,NOAA GFS 0.25 degree / Google Earth Engine,0,2026-09-19T07:02:52.565568+00:00
PKGL-00002,2026-09-19T00:00:00+00:00,2026-09-21T13:00:00+00:00,,7.314172363281273,61,NOAA GFS 0.25 degree / Google Earth Engine,0,2026-09-19T07:02:52.565568+00:00
PKGL-00002,2026-09-19T00:00:00+00:00,2026-09-21T14:00:00+00:00,,6.650018310546898,62,NOAA GFS 0.25 degree / Google Earth Engine,0,2026-09-19T07:02:52.565568+00:00
PKGL-00002,2026-09-19T00:00:00+00:00,2026-09-21T15:00:00+00:00,,6.964227294921898,63,NOAA GFS 0.25 degree / Google Earth Engine,0,2026-09-19T07:02:52.565568+00:00
PKGL-00002,2026-09-19T00:00:00+00:00,2026-09-21T16:00:00+00:00,,7.050042724609398,64,NOAA GFS 0.25 degree / Google Earth Engine,0,2026-09-19T07:02:52.565568+00:00
PKGL-00002,2026-09-19T00:00:00+00:00,2026-09-21T17:00:00+00:00,,6.850000000000023,65,NOAA GFS 0.25 degree / Google Earth Engine,0,2026-09-19T07:02:52.565568+00:00
PKGL-00002,2026-09-19T00:00:00+00:00,2026-09-21T18:00:00+00:00,0.75,6.573724365234398,66,NOAA GFS 0.25 degree / Google Earth Engine,0,2026-09-19T07:02:52.565568+00:00
PKGL-00002,2026-09-19T00:00:00+00:00,2026-09-21T19:00:00+00:00,,6.592034912109398,67,NOAA GFS 0.25 degree / Google Earth Engine,0,2026-09-19T07:02:52.565568+00:00
PKGL-00002,2026-09-19T00:00:00+00:00,2026-09-21T20:00:00+00:00,,6.356011962890648,68,NOAA GFS 0.25 degree / Google Earth Engine,0,2026-09-19T07:02:52.565568+00:00
PKGL-00002,2026-09-19T00:00:00+00:00,2026-09-21T21:00:00+00:00,,6.255975341796898,69,NOAA GFS 0.25 degree / Google Earth Engine,0,2026-09-19T07:02:52.565568+00:00
PKGL-00002,2026-09-19T00:00:00+00:00,2026-09-21T22:00:00+00:00,,6.160852050781273,70,NOAA GFS 0.25 degree / Google Earth Engine,0,2026-09-19T07:02:52.565568+00:00
PKGL-00002,2026-09-19T00:00:00+00:00,2026-09-21T23:00:00+00:00,,5.955987548828148,71,NOAA GFS 0.25 degree / Google Earth Engine,0,2026-09-19T07:02:52.565568+00:00
PKGL-00002,2026-09-19T00:00:00+00:00,2026-09-22T00:00:00+00:00,0.0,5.860894775390648,72,NOAA GFS 0.25 degree / Google Earth Engine,0,2026-09-19T07:02:52.565568+00:00
PKGL-00002,2026-09-19T00:00:00+00:00,2026-09-22T01:00:00+00:00,,5.749993896484398,73,NOAA GFS 0.25 degree / Google Earth Engine,0,2026-09-19T07:02:52.565568+00:00
PKGL-00002,2026-09-19T00:00:00+00:00,2026-09-22T02:00:00+00:00,,8.586572265625023,74,NOAA GFS 0.25 degree / Google Earth Engine,0,2026-09-19T07:02:52.565568+00:00
PKGL-00002,2026-09-19T00:00:00+00:00,2026-09-22T03:00:00+00:00,,10.886590576171898,75,NOAA GFS 0.25 degree / Google Earth Engine,0,2026-09-19T07:02:52.565568+00:00
PKGL-00002,2026-09-19T00:00:00+00:00,2026-09-22T04:00:00+00:00,,12.056512451171898,76,NOAA GFS 0.25 degree / Google Earth Engine,0,2026-09-19T07:02:52.565568+00:00
PKGL-00002,2026-09-19T00:00:00+00:00,2026-09-22T05:00:00+00:00,,13.150018310546898,77,NOAA GFS 0.25 degree / Google Earth Engine,0,2026-09-19T07:02:52.565568+00:00
PKGL-00002,2026-09-19T00:00:00+00:00,2026-09-22T06:00:00+00:00,,14.064691162109398,78,NOAA GFS 0.25 degree / Google Earth Engine,0,2026-09-19T07:02:52.565568+00:00
PKGL-00002,2026-09-19T00:00:00+00:00,2026-09-22T07:00:00+00:00,,14.764703369140648,79,NOAA GFS 0.25 degree / Google Earth Engine,0,2026-09-19T07:02:52.565568+00:00
PKGL-00002,2026-09-19T00:00:00+00:00,2026-09-22T08:00:00+00:00,,14.968743896484398,80,NOAA GFS 0.25 degree / Google Earth Engine,0,2026-09-19T07:02:52.565568+00:00
PKGL-00002,2026-09-19T00:00:00+00:00,2026-09-22T09:00:00+00:00,,14.281152343750023,81,NOAA GFS 0.25 degree / Google Earth Engine,0,2026-09-19T07:02:52.565568+00:00
PKGL-00002,2026-09-19T00:00:00+00:00,2026-09-22T10:00:00+00:00,,14.186212158203148,82,NOAA GFS 0.25 degree / Google Earth Engine,0,2026-09-19T07:02:52.565568+00:00
PKGL-00002,2026-09-19T00:00:00+00:00,2026-09-22T11:00:00+00:00,,13.387780761718773,83,NOAA GFS 0.25 degree / Google Earth Engine,0,2026-09-19T07:02:52.565568+00:00
PKGL-00002,2026-09-19T00:00:00+00:00,2026-09-22T12:00:00+00:00,,11.671441650390648,84,NOAA GFS 0.25 degree / Google Earth Engine,0,2026-09-19T07:02:52.565568+00:00
PKGL-00002,2026-09-19T00:00:00+00:00,2026-09-22T13:00:00+00:00,,8.260736083984398,85,NOAA GFS 0.25 degree / Google Earth Engine,0,2026-09-19T07:02:52.565568+00:00
PKGL-00002,2026-09-19T00:00:00+00:00,2026-09-22T14:00:00+00:00,,7.458062744140648,86,NOAA GFS 0.25 degree / Google Earth Engine,0,2026-09-19T07:02:52.565568+00:00
PKGL-00002,2026-09-19T00:00:00+00:00,2026-09-22T15:00:00+00:00,,6.500970458984398,87,NOAA GFS 0.25 degree / Google Earth Engine,0,2026-09-19T07:02:52.565568+00:00
PKGL-00002,2026-09-19T00:00:00+00:00,2026-09-22T16:00:00+00:00,,5.668572998046898,88,NOAA GFS 0.25 degree / Google Earth Engine,0,2026-09-19T07:02:52.565568+00:00
PKGL-00002,2026-09-19T00:00:00+00:00,2026-09-22T17:00:00+00:00,,5.554071044921898,89,NOAA GFS 0.25 degree / Google Earth Engine,0,2026-09-19T07:02:52.565568+00:00
PKGL-00002,2026-09-19T00:00:00+00:00,2026-09-22T18:00:00+00:00,,5.850000000000023,90,NOAA GFS 0.25 degree / Google Earth Engine,0,2026-09-19T07:02:52.565568+00:00
PKGL-00002,2026-09-19T00:00:00+00:00,2026-09-22T19:00:00+00:00,,5.964715576171898,91,NOAA GFS 0.25 degree / Google Earth Engine,0,2026-09-19T07:02:52.565568+00:00
PKGL-00002,2026-09-19T00:00:00+00:00,2026-09-22T20:00:00+00:00,,5.837884521484398,92,NOAA GFS 0.25 degree / Google Earth Engine,0,2026-09-19T07:02:52.565568+00:00
PKGL-00002,2026-09-19T00:00:00+00:00,2026-09-22T21:00:00+00:00,,5.763726806640648,93,NOAA GFS 0.25 degree / Google Earth Engine,0,2026-09-19T07:02:52.565568+00:00
PKGL-00002,2026-09-19T00:00:00+00:00,2026-09-22T22:00:00+00:00,,5.487420654296898,94,NOAA GFS 0.25 degree / Google Earth Engine,0,2026-09-19T07:02:52.565568+00:00
PKGL-00002,2026-09-19T00:00:00+00:00,2026-09-22T23:00:00+00:00,,5.383386230468773,95,NOAA GFS 0.25 degree / Google Earth Engine,0,2026-09-19T07:02:52.565568+00:00
PKGL-00002,2026-09-19T00:00:00+00:00,2026-09-23T00:00:00+00:00,,5.337060546875023,96,NOAA GFS 0.25 degree / Google Earth Engine,0,2026-09-19T07:02:52.565568+00:00
PKGL-00002,2026-09-19T00:00:00+00:00,2026-09-23T01:00:00+00:00,,5.345361328125023,97,NOAA GFS 0.25 degree / Google Earth Engine,0,2026-09-19T07:02:52.565568+00:00
PKGL-00002,2026-09-19T00:00:00+00:00,2026-09-23T02:00:00+00:00,,8.402307128906273,98,NOAA GFS 0.25 degree / Google Earth Engine,0,2026-09-19T07:02:52.565568+00:00
PKGL-00002,2026-09-19T00:00:00+00:00,2026-09-23T03:00:00+00:00,,10.911096191406273,99,NOAA GFS 0.25 degree / Google Earth Engine,0,2026-09-19T07:02:52.565568+00:00
PKGL-00002,2026-09-19T00:00:00+00:00,2026-09-23T04:00:00+00:00,,12.172174072265648,100,NOAA GFS 0.25 degree / Google Earth Engine,0,2026-09-19T07:02:52.565568+00:00
PKGL-00002,2026-09-19T00:00:00+00:00,2026-09-23T05:00:00+00:00,,13.402337646484398,101,NOAA GFS 0.25 degree / Google Earth Engine,0,2026-09-19T07:02:52.565568+00:00
PKGL-00002,2026-09-19T00:00:00+00:00,2026-09-23T06:00:00+00:00,,14.414697265625023,102,NOAA GFS 0.25 degree / Google Earth Engine,0,2026-09-19T07:02:52.565568+00:00
PKGL-00002,2026-09-19T00:00:00+00:00,2026-09-23T07:00:00+00:00,,15.136285400390648,103,NOAA GFS 0.25 degree / Google Earth Engine,0,2026-09-19T07:02:52.565568+00:00
PKGL-00002,2026-09-19T00:00:00+00:00,2026-09-23T08:00:00+00:00,,15.650018310546898,104,NOAA GFS 0.25 degree / Google Earth Engine,0,2026-09-19T07:02:52.565568+00:00
PKGL-00002,2026-09-19T00:00:00+00:00,2026-09-23T09:00:00+00:00,,15.958062744140648,105,NOAA GFS 0.25 degree / Google Earth Engine,0,2026-09-19T07:02:52.565568+00:00
PKGL-00002,2026-09-19T00:00:00+00:00,2026-09-23T10:00:00+00:00,,15.274163818359398,106,NOAA GFS 0.25 degree / Google Earth Engine,0,2026-09-19T07:02:52.565568+00:00
PKGL-00002,2026-09-19T00:00:00+00:00,2026-09-23T11:00:00+00:00,,13.866082763671898,107,NOAA GFS 0.25 degree / Google Earth Engine,0,2026-09-19T07:02:52.565568+00:00
PKGL-00002,2026-09-19T00:00:00+00:00,2026-09-23T12:00:00+00:00,,12.487268066406273,108,NOAA GFS 0.25 degree / Google Earth Engine,0,2026-09-19T07:02:52.565568+00:00
PKGL-00002,2026-09-19T00:00:00+00:00,2026-09-23T13:00:00+00:00,,9.122552490234398,109,NOAA GFS 0.25 degree / Google Earth Engine,0,2026-09-19T07:02:52.565568+00:00
PKGL-00002,2026-09-19T00:00:00+00:00,2026-09-23T14:00:00+00:00,,7.422570800781273,110,NOAA GFS 0.25 degree / Google Earth Engine,0,2026-09-19T07:02:52.565568+00:00
PKGL-00002,2026-09-19T00:00:00+00:00,2026-09-23T15:00:00+00:00,,7.057855224609398,111,NOAA GFS 0.25 degree / Google Earth Engine,0,2026-09-19T07:02:52.565568+00:00
PKGL-00002,2026-09-19T00:00:00+00:00,2026-09-23T16:00:00+00:00,,6.936273193359398,112,NOAA GFS 0.25 degree / Google Earth Engine,0,2026-09-19T07:02:52.565568+00:00
PKGL-00002,2026-09-19T00:00:00+00:00,2026-09-23T17:00:00+00:00,,6.641961669921898,113,NOAA GFS 0.25 degree / Google Earth Engine,0,2026-09-19T07:02:52.565568+00:00
PKGL-00002,2026-09-19T00:00:00+00:00,2026-09-23T18:00:00+00:00,,6.293420410156273,114,NOAA GFS 0.25 degree / Google Earth Engine,0,2026-09-19T07:02:52.565568+00:00
PKGL-00002,2026-09-19T00:00:00+00:00,2026-09-23T19:00:00+00:00,,6.202355957031273,115,NOAA GFS 0.25 degree / Google Earth Engine,0,2026-09-19T07:02:52.565568+00:00
PKGL-00002,2026-09-19T00:00:00+00:00,2026-09-23T20:00:00+00:00,,6.042596435546898,116,NOAA GFS 0.25 degree / Google Earth Engine,0,2026-09-19T07:02:52.565568+00:00
PKGL-00002,2026-09-19T00:00:00+00:00,2026-09-23T21:00:00+00:00,,5.897698974609398,117,NOAA GFS 0.25 degree / Google Earth Engine,0,2026-09-19T07:02:52.565568+00:00
PKGL-00002,2026-09-19T00:00:00+00:00,2026-09-23T22:00:00+00:00,,5.557763671875023,118,NOAA GFS 0.25 degree / Google Earth Engine,0,2026-09-19T07:02:52.565568+00:00
PKGL-00002,2026-09-19T00:00:00+00:00,2026-09-23T23:00:00+00:00,,5.491571044921898,119,NOAA GFS 0.25 degree / Google Earth Engine,0,2026-09-19T07:02:52.565568+00:00
PKGL-00002,2026-09-19T00:00:00+00:00,2026-09-24T00:00:00+00:00,,5.391595458984398,120,NOAA GFS 0.25 degree / Google Earth Engine,0,2026-09-19T07:02:52.565568+00:00
PKGL-00002,2026-09-19T00:00:00+00:00,2026-09-24T03:00:00+00:00,,10.108972167968773,123,NOAA GFS 0.25 degree / Google Earth Engine,0,2026-09-19T07:02:52.565568+00:00
PKGL-00002,2026-09-19T00:00:00+00:00,2026-09-24T06:00:00+00:00,,13.164208984375023,126,NOAA GFS 0.25 degree / Google Earth Engine,0,2026-09-19T07:02:52.565568+00:00
PKGL-00002,2026-09-19T00:00:00+00:00,2026-09-24T09:00:00+00:00,,11.949182128906273,129,NOAA GFS 0.25 degree / Google Earth Engine,0,2026-09-19T07:02:52.565568+00:00
PKGL-00002,2026-09-19T00:00:00+00:00,2026-09-24T12:00:00+00:00,,10.379327392578148,132,NOAA GFS 0.25 degree / Google Earth Engine,0,2026-09-19T07:02:52.565568+00:00
PKGL-00002,2026-09-19T00:00:00+00:00,2026-09-24T15:00:00+00:00,,6.154016113281273,135,NOAA GFS 0.25 degree / Google Earth Engine,0,2026-09-19T07:02:52.565568+00:00
PKGL-00002,2026-09-19T00:00:00+00:00,2026-09-24T18:00:00+00:00,,5.450006103515648,138,NOAA GFS 0.25 degree / Google Earth Engine,0,2026-09-19T07:02:52.565568+00:00
PKGL-00002,2026-09-19T00:00:00+00:00,2026-09-24T21:00:00+00:00,,4.937402343750023,141,NOAA GFS 0.25 degree / Google Earth Engine,0,2026-09-19T07:02:52.565568+00:00
PKGL-00002,2026-09-19T00:00:00+00:00,2026-09-25T00:00:00+00:00,,4.612878417968773,144,NOAA GFS 0.25 degree / Google Earth Engine,0,2026-09-19T07:02:52.565568+00:00
PKGL-00002,2026-09-19T00:00:00+00:00,2026-09-25T03:00:00+00:00,,9.365930175781273,147,NOAA GFS 0.25 degree / Google Earth Engine,0,2026-09-19T07:02:52.565568+00:00
PKGL-00002,2026-09-19T00:00:00+00:00,2026-09-25T06:00:00+00:00,,11.964196777343773,150,NOAA GFS 0.25 degree / Google Earth Engine,0,2026-09-19T07:02:52.565568+00:00
PKGL-00002,2026-09-19T00:00:00+00:00,2026-09-25T09:00:00+00:00,,12.224359130859398,153,NOAA GFS 0.25 degree / Google Earth Engine,0,2026-09-19T07:02:52.565568+00:00
PKGL-00002,2026-09-19T00:00:00+00:00,2026-09-25T12:00:00+00:00,,10.904443359375023,156,NOAA GFS 0.25 degree / Google Earth Engine,0,2026-09-19T07:02:52.565568+00:00
PKGL-00002,2026-09-19T00:00:00+00:00,2026-09-25T15:00:00+00:00,,6.300286865234398,159,NOAA GFS 0.25 degree / Google Earth Engine,0,2026-09-19T07:02:52.565568+00:00
PKGL-00002,2026-09-19T00:00:00+00:00,2026-09-25T18:00:00+00:00,,5.818170166015648,162,NOAA GFS 0.25 degree / Google Earth Engine,0,2026-09-19T07:02:52.565568+00:00
PKGL-00002,2026-09-19T00:00:00+00:00,2026-09-25T21:00:00+00:00,,5.369317626953148,165,NOAA GFS 0.25 degree / Google Earth Engine,0,2026-09-19T07:02:52.565568+00:00
PKGL-00002,2026-09-19T00:00:00+00:00,2026-09-26T00:00:00+00:00,,4.750024414062523,168,NOAA GFS 0.25 degree / Google Earth Engine,0,2026-09-19T07:02:52.565568+00:00
PKGL-00003,2026-09-19T00:00:00+00:00,2026-09-19T01:00:00+00:00,,4.669458007812523,1,NOAA GFS 0.25 degree / Google Earth Engine,0,2026-09-19T07:03:02.343015+00:00
PKGL-00003,2026-09-19T00:00:00+00:00,2026-09-19T02:00:00+00:00,,7.869439697265648,2,NOAA GFS 0.25 degree / Google Earth Engine,0,2026-09-19T07:03:02.343015+00:00
PKGL-00003,2026-09-19T00:00:00+00:00,2026-09-19T03:00:00+00:00,,10.312585449218773,3,NOAA GFS 0.25 degree / Google Earth Engine,0,2026-09-19T07:03:02.343015+00:00
PKGL-00003,2026-09-19T00:00:00+00:00,2026-09-19T04:00:00+00:00,,11.556268310546898,4,NOAA GFS 0.25 degree / Google Earth Engine,0,2026-09-19T07:03:02.343015+00:00
PKGL-00003,2026-09-19T00:00:00+00:00,2026-09-19T05:00:00+00:00,,12.780633544921898,5,NOAA GFS 0.25 degree / Google Earth Engine,0,2026-09-19T07:03:02.343015+00:00
PKGL-00003,2026-09-19T00:00:00+00:00,2026-09-19T06:00:00+00:00,0.0,13.757470703125023,6,NOAA GFS 0.25 degree / Google Earth Engine,0,2026-09-19T07:03:02.343015+00:00
PKGL-00003,2026-09-19T00:00:00+00:00,2026-09-19T07:00:00+00:00,,14.516809082031273,7,NOAA GFS 0.25 degree / Google Earth Engine,0,2026-09-19T07:03:02.343015+00:00
PKGL-00003,2026-09-19T00:00:00+00:00,2026-09-19T08:00:00+00:00,,14.997705078125023,8,NOAA GFS 0.25 degree / Google Earth Engine,0,2026-09-19T07:03:02.343015+00:00
PKGL-00003,2026-09-19T00:00:00+00:00,2026-09-19T09:00:00+00:00,,14.897698974609398,9,NOAA GFS 0.25 degree / Google Earth Engine,0,2026-09-19T07:03:02.343015+00:00
PKGL-00003,2026-09-19T00:00:00+00:00,2026-09-19T10:00:00+00:00,,14.142572021484398,10,NOAA GFS 0.25 degree / Google Earth Engine,0,2026-09-19T07:03:02.343015+00:00
PKGL-00003,2026-09-19T00:00:00+00:00,2026-09-19T11:00:00+00:00,,12.657464599609398,11,NOAA GFS 0.25 degree / Google Earth Engine,0,2026-09-19T07:03:02.343015+00:00
PKGL-00003,2026-09-19T00:00:00+00:00,2026-09-19T12:00:00+00:00,2.75,10.861840820312523,12,NOAA GFS 0.25 degree / Google Earth Engine,0,2026-09-19T07:03:02.343015+00:00
PKGL-00003,2026-09-19T00:00:00+00:00,2026-09-19T13:00:00+00:00,,8.617883300781273,13,NOAA GFS 0.25 degree / Google Earth Engine,0,2026-09-19T07:03:02.343015+00:00
PKGL-00003,2026-09-19T00:00:00+00:00,2026-09-19T14:00:00+00:00,,7.396142578125023,14,NOAA GFS 0.25 degree / Google Earth Engine,0,2026-09-19T07:03:02.343015+00:00
PKGL-00003,2026-09-19T00:00:00+00:00,2026-09-19T15:00:00+00:00,,7.217279052734398,15,NOAA GFS 0.25 degree / Google Earth Engine,0,2026-09-19T07:03:02.343015+00:00
PKGL-00003,2026-09-19T00:00:00+00:00,2026-09-19T16:00:00+00:00,,6.749993896484398,16,NOAA GFS 0.25 degree / Google Earth Engine,0,2026-09-19T07:03:02.343015+00:00
PKGL-00003,2026-09-19T00:00:00+00:00,2026-09-19T17:00:00+00:00,,6.805200195312523,17,NOAA GFS 0.25 degree / Google Earth Engine,0,2026-09-19T07:03:02.343015+00:00
PKGL-00003,2026-09-19T00:00:00+00:00,2026-09-19T18:00:00+00:00,3.375,6.619989013671898,18,NOAA GFS 0.25 degree / Google Earth Engine,0,2026-09-19T07:03:02.343015+00:00
PKGL-00003,2026-09-19T00:00:00+00:00,2026-09-19T19:00:00+00:00,,6.502313232421898,19,NOAA GFS 0.25 degree / Google Earth Engine,0,2026-09-19T07:03:02.343015+00:00
PKGL-00003,2026-09-19T00:00:00+00:00,2026-09-19T20:00:00+00:00,,6.488916015625023,20,NOAA GFS 0.25 degree / Google Earth Engine,0,2026-09-19T07:03:02.343015+00:00
PKGL-00003,2026-09-19T00:00:00+00:00,2026-09-19T21:00:00+00:00,,6.284295654296898,21,NOAA GFS 0.25 degree / Google Earth Engine,0,2026-09-19T07:03:02.343015+00:00
PKGL-00003,2026-09-19T00:00:00+00:00,2026-09-19T22:00:00+00:00,,6.084283447265648,22,NOAA GFS 0.25 degree / Google Earth Engine,0,2026-09-19T07:03:02.343015+00:00
PKGL-00003,2026-09-19T00:00:00+00:00,2026-09-19T23:00:00+00:00,,5.970330810546898,23,NOAA GFS 0.25 degree / Google Earth Engine,0,2026-09-19T07:03:02.343015+00:00
PKGL-00003,2026-09-19T00:00:00+00:00,2026-09-20T00:00:00+00:00,0.0,5.884271240234398,24,NOAA GFS 0.25 degree / Google Earth Engine,0,2026-09-19T07:03:02.343015+00:00
PKGL-00003,2026-09-19T00:00:00+00:00,2026-09-20T01:00:00+00:00,,5.712609863281273,25,NOAA GFS 0.25 degree / Google Earth Engine,0,2026-09-19T07:03:02.343015+00:00
PKGL-00003,2026-09-19T00:00:00+00:00,2026-09-20T02:00:00+00:00,,8.749261474609398,26,NOAA GFS 0.25 degree / Google Earth Engine,0,2026-09-19T07:03:02.343015+00:00
PKGL-00003,2026-09-19T00:00:00+00:00,2026-09-20T03:00:00+00:00,,10.139154052734398,27,NOAA GFS 0.25 degree / Google Earth Engine,0,2026-09-19T07:03:02.343015+00:00
PKGL-00003,2026-09-19T00:00:00+00:00,2026-09-20T04:00:00+00:00,,11.287103271484398,28,NOAA GFS 0.25 degree / Google Earth Engine,0,2026-09-19T07:03:02.343015+00:00
PKGL-00003,2026-09-19T00:00:00+00:00,2026-09-20T05:00:00+00:00,,12.387109375000023,29,NOAA GFS 0.25 degree / Google Earth Engine,0,2026-09-19T07:03:02.343015+00:00
PKGL-00003,2026-09-19T00:00:00+00:00,2026-09-20T06:00:00+00:00,1.0625,12.984277343750023,30,NOAA GFS 0.25 degree / Google Earth Engine,0,2026-09-19T07:03:02.343015+00:00
PKGL-00003,2026-09-19T00:00:00+00:00,2026-09-20T07:00:00+00:00,,13.352838134765648,31,NOAA GFS 0.25 degree / Google Earth Engine,0,2026-09-19T07:03:02.343015+00:00
PKGL-00003,2026-09-19T00:00:00+00:00,2026-09-20T08:00:00+00:00,,13.695703125000023,32,NOAA GFS 0.25 degree / Google Earth Engine,0,2026-09-19T07:03:02.343015+00:00
PKGL-00003,2026-09-19T00:00:00+00:00,2026-09-20T09:00:00+00:00,,13.921380615234398,33,NOAA GFS 0.25 degree / Google Earth Engine,0,2026-09-19T07:03:02.343015+00:00
PKGL-00003,2026-09-19T00:00:00+00:00,2026-09-20T10:00:00+00:00,,13.788323974609398,34,NOAA GFS 0.25 degree / Google Earth Engine,0,2026-09-19T07:03:02.343015+00:00
PKGL-00003,2026-09-19T00:00:00+00:00,2026-09-20T11:00:00+00:00,,13.477624511718773,35,NOAA GFS 0.25 degree / Google Earth Engine,0,2026-09-19T07:03:02.343015+00:00
PKGL-00003,2026-09-19T00:00:00+00:00,2026-09-20T12:00:00+00:00,3.625,12.550012207031273,36,NOAA GFS 0.25 degree / Google Earth Engine,0,2026-09-19T07:03:02.343015+00:00
PKGL-00003,2026-09-19T00:00:00+00:00,2026-09-20T13:00:00+00:00,,8.573388671875023,37,NOAA GFS 0.25 degree / Google Earth Engine,0,2026-09-19T07:03:02.343015+00:00
PKGL-00003,2026-09-19T00:00:00+00:00,2026-09-20T14:00:00+00:00,,7.503900146484398,38,NOAA GFS 0.25 degree / Google Earth Engine,0,2026-09-19T07:03:02.343015+00:00
PKGL-00003,2026-09-19T00:00:00+00:00,2026-09-20T15:00:00+00:00,,7.384271240234398,39,NOAA GFS 0.25 degree / Google Earth Engine,0,2026-09-19T07:03:02.343015+00:00
PKGL-00003,2026-09-19T00:00:00+00:00,2026-09-20T16:00:00+00:00,,7.296014404296898,40,NOAA GFS 0.25 degree / Google Earth Engine,0,2026-09-19T07:03:02.343015+00:00
PKGL-00003,2026-09-19T00:00:00+00:00,2026-09-20T17:00:00+00:00,,7.277947998046898,41,NOAA GFS 0.25 degree / Google Earth Engine,0,2026-09-19T07:03:02.343015+00:00
PKGL-00003,2026-09-19T00:00:00+00:00,2026-09-20T18:00:00+00:00,0.0,7.236230468750023,42,NOAA GFS 0.25 degree / Google Earth Engine,0,2026-09-19T07:03:02.343015+00:00
PKGL-00003,2026-09-19T00:00:00+00:00,2026-09-20T19:00:00+00:00,,7.097283935546898,43,NOAA GFS 0.25 degree / Google Earth Engine,0,2026-09-19T07:03:02.343015+00:00
PKGL-00003,2026-09-19T00:00:00+00:00,2026-09-20T20:00:00+00:00,,6.854302978515648,44,NOAA GFS 0.25 degree / Google Earth Engine,0,2026-09-19T07:03:02.343015+00:00
PKGL-00003,2026-09-19T00:00:00+00:00,2026-09-20T21:00:00+00:00,,6.691705322265648,45,NOAA GFS 0.25 degree / Google Earth Engine,0,2026-09-19T07:03:02.343015+00:00
PKGL-00003,2026-09-19T00:00:00+00:00,2026-09-20T22:00:00+00:00,,6.451165771484398,46,NOAA GFS 0.25 degree / Google Earth Engine,0,2026-09-19T07:03:02.343015+00:00
PKGL-00003,2026-09-19T00:00:00+00:00,2026-09-20T23:00:00+00:00,,6.350000000000023,47,NOAA GFS 0.25 degree / Google Earth Engine,0,2026-09-19T07:03:02.343015+00:00
PKGL-00003,2026-09-19T00:00:00+00:00,2026-09-21T00:00:00+00:00,0.0,6.174218750000023,48,NOAA GFS 0.25 degree / Google Earth Engine,0,2026-09-19T07:03:02.343015+00:00
PKGL-00003,2026-09-19T00:00:00+00:00,2026-09-21T01:00:00+00:00,,5.950006103515648,49,NOAA GFS 0.25 degree / Google Earth Engine,0,2026-09-19T07:03:02.343015+00:00
PKGL-00003,2026-09-19T00:00:00+00:00,2026-09-21T02:00:00+00:00,,8.837884521484398,50,NOAA GFS 0.25 degree / Google Earth Engine,0,2026-09-19T07:03:02.343015+00:00
PKGL-00003,2026-09-19T00:00:00+00:00,2026-09-21T03:00:00+00:00,,11.162957763671898,51,NOAA GFS 0.25 degree / Google Earth Engine,0,2026-09-19T07:03:02.343015+00:00
PKGL-00003,2026-09-19T00:00:00+00:00,2026-09-21T04:00:00+00:00,,12.375665283203148,52,NOAA GFS 0.25 degree / Google Earth Engine,0,2026-09-19T07:03:02.343015+00:00
PKGL-00003,2026-09-19T00:00:00+00:00,2026-09-21T05:00:00+00:00,,13.469232177734398,53,NOAA GFS 0.25 degree / Google Earth Engine,0,2026-09-19T07:03:02.343015+00:00
PKGL-00003,2026-09-19T00:00:00+00:00,2026-09-21T06:00:00+00:00,0.0,14.422357177734398,54,NOAA GFS 0.25 degree / Google Earth Engine,0,2026-09-19T07:03:02.343015+00:00
PKGL-00003,2026-09-19T00:00:00+00:00,2026-09-21T07:00:00+00:00,,15.005242919921898,55,NOAA GFS 0.25 degree / Google Earth Engine,0,2026-09-19T07:03:02.343015+00:00
PKGL-00003,2026-09-19T00:00:00+00:00,2026-09-21T08:00:00+00:00,,15.350000000000023,56,NOAA GFS 0.25 degree / Google Earth Engine,0,2026-09-19T07:03:02.343015+00:00
PKGL-00003,2026-09-19T00:00:00+00:00,2026-09-21T09:00:00+00:00,,15.422357177734398,57,NOAA GFS 0.25 degree / Google Earth Engine,0,2026-09-19T07:03:02.343015+00:00
PKGL-00003,2026-09-19T00:00:00+00:00,2026-09-21T10:00:00+00:00,,13.237298583984398,58,NOAA GFS 0.25 degree / Google Earth Engine,0,2026-09-19T07:03:02.343015+00:00
PKGL-00003,2026-09-19T00:00:00+00:00,2026-09-21T11:00:00+00:00,,10.850000000000023,59,NOAA GFS 0.25 degree / Google Earth Engine,0,2026-09-19T07:03:02.343015+00:00
PKGL-00003,2026-09-19T00:00:00+00:00,2026-09-21T12:00:00+00:00,3.5,10.614160156250023,60,NOAA GFS 0.25 degree / Google Earth Engine,0,2026-09-19T07:03:02.343015+00:00
PKGL-00003,2026-09-19T00:00:00+00:00,2026-09-21T13:00:00+00:00,,7.314172363281273,61,NOAA GFS 0.25 degree / Google Earth Engine,0,2026-09-19T07:03:02.343015+00:00
PKGL-00003,2026-09-19T00:00:00+00:00,2026-09-21T14:00:00+00:00,,6.650018310546898,62,NOAA GFS 0.25 degree / Google Earth Engine,0,2026-09-19T07:03:02.343015+00:00
PKGL-00003,2026-09-19T00:00:00+00:00,2026-09-21T15:00:00+00:00,,6.964227294921898,63,NOAA GFS 0.25 degree / Google Earth Engine,0,2026-09-19T07:03:02.343015+00:00
PKGL-00003,2026-09-19T00:00:00+00:00,2026-09-21T16:00:00+00:00,,7.050042724609398,64,NOAA GFS 0.25 degree / Google Earth Engine,0,2026-09-19T07:03:02.343015+00:00
PKGL-00003,2026-09-19T00:00:00+00:00,2026-09-21T17:00:00+00:00,,6.850000000000023,65,NOAA GFS 0.25 degree / Google Earth Engine,0,2026-09-19T07:03:02.343015+00:00
PKGL-00003,2026-09-19T00:00:00+00:00,2026-09-21T18:00:00+00:00,0.75,6.573724365234398,66,NOAA GFS 0.25 degree / Google Earth Engine,0,2026-09-19T07:03:02.343015+00:00
PKGL-00003,2026-09-19T00:00:00+00:00,2026-09-21T19:00:00+00:00,,6.592034912109398,67,NOAA GFS 0.25 degree / Google Earth Engine,0,2026-09-19T07:03:02.343015+00:00
PKGL-00003,2026-09-19T00:00:00+00:00,2026-09-21T20:00:00+00:00,,6.356011962890648,68,NOAA GFS 0.25 degree / Google Earth Engine,0,2026-09-19T07:03:02.343015+00:00
PKGL-00003,2026-09-19T00:00:00+00:00,2026-09-21T21:00:00+00:00,,6.255975341796898,69,NOAA GFS 0.25 degree / Google Earth Engine,0,2026-09-19T07:03:02.343015+00:00
PKGL-00003,2026-09-19T00:00:00+00:00,2026-09-21T22:00:00+00:00,,6.160852050781273,70,NOAA GFS 0.25 degree / Google Earth Engine,0,2026-09-19T07:03:02.343015+00:00
PKGL-00003,2026-09-19T00:00:00+00:00,2026-09-21T23:00:00+00:00,,5.955987548828148,71,NOAA GFS 0.25 degree / Google Earth Engine,0,2026-09-19T07:03:02.343015+00:00
PKGL-00003,2026-09-19T00:00:00+00:00,2026-09-22T00:00:00+00:00,0.0,5.860894775390648,72,NOAA GFS 0.25 degree / Google Earth Engine,0,2026-09-19T07:03:02.343015+00:00
PKGL-00003,2026-09-19T00:00:00+00:00,2026-09-22T01:00:00+00:00,,5.749993896484398,73,NOAA GFS 0.25 degree / Google Earth Engine,0,2026-09-19T07:03:02.343015+00:00
PKGL-00003,2026-09-19T00:00:00+00:00,2026-09-22T02:00:00+00:00,,8.586572265625023,74,NOAA GFS 0.25 degree / Google Earth Engine,0,2026-09-19T07:03:02.343015+00:00
PKGL-00003,2026-09-19T00:00:00+00:00,2026-09-22T03:00:00+00:00,,10.886590576171898,75,NOAA GFS 0.25 degree / Google Earth Engine,0,2026-09-19T07:03:02.343015+00:00
PKGL-00003,2026-09-19T00:00:00+00:00,2026-09-22T04:00:00+00:00,,12.056512451171898,76,NOAA GFS 0.25 degree / Google Earth Engine,0,2026-09-19T07:03:02.343015+00:00
PKGL-00003,2026-09-19T00:00:00+00:00,2026-09-22T05:00:00+00:00,,13.150018310546898,77,NOAA GFS 0.25 degree / Google Earth Engine,0,2026-09-19T07:03:02.343015+00:00
PKGL-00003,2026-09-19T00:00:00+00:00,2026-09-22T06:00:00+00:00,,14.064691162109398,78,NOAA GFS 0.25 degree / Google Earth Engine,0,2026-09-19T07:03:02.343015+00:00
PKGL-00003,2026-09-19T00:00:00+00:00,2026-09-22T07:00:00+00:00,,14.764703369140648,79,NOAA GFS 0.25 degree / Google Earth Engine,0,2026-09-19T07:03:02.343015+00:00
PKGL-00003,2026-09-19T00:00:00+00:00,2026-09-22T08:00:00+00:00,,14.968743896484398,80,NOAA GFS 0.25 degree / Google Earth Engine,0,2026-09-19T07:03:02.343015+00:00
PKGL-00003,2026-09-19T00:00:00+00:00,2026-09-22T09:00:00+00:00,,14.281152343750023,81,NOAA GFS 0.25 degree / Google Earth Engine,0,2026-09-19T07:03:02.343015+00:00
PKGL-00003,2026-09-19T00:00:00+00:00,2026-09-22T10:00:00+00:00,,14.186212158203148,82,NOAA GFS 0.25 degree / Google Earth Engine,0,2026-09-19T07:03:02.343015+00:00
PKGL-00003,2026-09-19T00:00:00+00:00,2026-09-22T11:00:00+00:00,,13.387780761718773,83,NOAA GFS 0.25 degree / Google Earth Engine,0,2026-09-19T07:03:02.343015+00:00
PKGL-00003,2026-09-19T00:00:00+00:00,2026-09-22T12:00:00+00:00,,11.671441650390648,84,NOAA GFS 0.25 degree / Google Earth Engine,0,2026-09-19T07:03:02.343015+00:00
PKGL-00003,2026-09-19T00:00:00+00:00,2026-09-22T13:00:00+00:00,,8.260736083984398,85,NOAA GFS 0.25 degree / Google Earth Engine,0,2026-09-19T07:03:02.343015+00:00
PKGL-00003,2026-09-19T00:00:00+00:00,2026-09-22T14:00:00+00:00,,7.458062744140648,86,NOAA GFS 0.25 degree / Google Earth Engine,0,2026-09-19T07:03:02.343015+00:00
PKGL-00003,2026-09-19T00:00:00+00:00,2026-09-22T15:00:00+00:00,,6.500970458984398,87,NOAA GFS 0.25 degree / Google Earth Engine,0,2026-09-19T07:03:02.343015+00:00
PKGL-00003,2026-09-19T00:00:00+00:00,2026-09-22T16:00:00+00:00,,5.668572998046898,88,NOAA GFS 0.25 degree / Google Earth Engine,0,2026-09-19T07:03:02.343015+00:00
PKGL-00003,2026-09-19T00:00:00+00:00,2026-09-22T17:00:00+00:00,,5.554071044921898,89,NOAA GFS 0.25 degree / Google Earth Engine,0,2026-09-19T07:03:02.343015+00:00
PKGL-00003,2026-09-19T00:00:00+00:00,2026-09-22T18:00:00+00:00,,5.850000000000023,90,NOAA GFS 0.25 degree / Google Earth Engine,0,2026-09-19T07:03:02.343015+00:00
PKGL-00003,2026-09-19T00:00:00+00:00,2026-09-22T19:00:00+00:00,,5.964715576171898,91,NOAA GFS 0.25 degree / Google Earth Engine,0,2026-09-19T07:03:02.343015+00:00
PKGL-00003,2026-09-19T00:00:00+00:00,2026-09-22T20:00:00+00:00,,5.837884521484398,92,NOAA GFS 0.25 degree / Google Earth Engine,0,2026-09-19T07:03:02.343015+00:00
PKGL-00003,2026-09-19T00:00:00+00:00,2026-09-22T21:00:00+00:00,,5.763726806640648,93,NOAA GFS 0.25 degree / Google Earth Engine,0,2026-09-19T07:03:02.343015+00:00
PKGL-00003,2026-09-19T00:00:00+00:00,2026-09-22T22:00:00+00:00,,5.487420654296898,94,NOAA GFS 0.25 degree / Google Earth Engine,0,2026-09-19T07:03:02.343015+00:00
PKGL-00003,2026-09-19T00:00:00+00:00,2026-09-22T23:00:00+00:00,,5.383386230468773,95,NOAA GFS 0.25 degree / Google Earth Engine,0,2026-09-19T07:03:02.343015+00:00
PKGL-00003,2026-09-19T00:00:00+00:00,2026-09-23T00:00:00+00:00,,5.337060546875023,96,NOAA GFS 0.25 degree / Google Earth Engine,0,2026-09-19T07:03:02.343015+00:00
PKGL-00003,2026-09-19T00:00:00+00:00,2026-09-23T01:00:00+00:00,,5.345361328125023,97,NOAA GFS 0.25 degree / Google Earth Engine,0,2026-09-19T07:03:02.343015+00:00
PKGL-00003,2026-09-19T00:00:00+00:00,2026-09-23T02:00:00+00:00,,8.402307128906273,98,NOAA GFS 0.25 degree / Google Earth Engine,0,2026-09-19T07:03:02.343015+00:00
PKGL-00003,2026-09-19T00:00:00+00:00,2026-09-23T03:00:00+00:00,,10.911096191406273,99,NOAA GFS 0.25 degree / Google Earth Engine,0,2026-09-19T07:03:02.343015+00:00
PKGL-00003,2026-09-19T00:00:00+00:00,2026-09-23T04:00:00+00:00,,12.172174072265648,100,NOAA GFS 0.25 degree / Google Earth Engine,0,2026-09-19T07:03:02.343015+00:00
PKGL-00003,2026-09-19T00:00:00+00:00,2026-09-23T05:00:00+00:00,,13.402337646484398,101,NOAA GFS 0.25 degree / Google Earth Engine,0,2026-09-19T07:03:02.343015+00:00
PKGL-00003,2026-09-19T00:00:00+00:00,2026-09-23T06:00:00+00:00,,14.414697265625023,102,NOAA GFS 0.25 degree / Google Earth Engine,0,2026-09-19T07:03:02.343015+00:00
PKGL-00003,2026-09-19T00:00:00+00:00,2026-09-23T07:00:00+00:00,,15.136285400390648,103,NOAA GFS 0.25 degree / Google Earth Engine,0,2026-09-19T07:03:02.343015+00:00
PKGL-00003,2026-09-19T00:00:00+00:00,2026-09-23T08:00:00+00:00,,15.650018310546898,104,NOAA GFS 0.25 degree / Google Earth Engine,0,2026-09-19T07:03:02.343015+00:00
PKGL-00003,2026-09-19T00:00:00+00:00,2026-09-23T09:00:00+00:00,,15.958062744140648,105,NOAA GFS 0.25 degree / Google Earth Engine,0,2026-09-19T07:03:02.343015+00:00
PKGL-00003,2026-09-19T00:00:00+00:00,2026-09-23T10:00:00+00:00,,15.274163818359398,106,NOAA GFS 0.25 degree / Google Earth Engine,0,2026-09-19T07:03:02.343015+00:00
PKGL-00003,2026-09-19T00:00:00+00:00,2026-09-23T11:00:00+00:00,,13.866082763671898,107,NOAA GFS 0.25 degree / Google Earth Engine,0,2026-09-19T07:03:02.343015+00:00
PKGL-00003,2026-09-19T00:00:00+00:00,2026-09-23T12:00:00+00:00,,12.487268066406273,108,NOAA GFS 0.25 degree / Google Earth Engine,0,2026-09-19T07:03:02.343015+00:00
PKGL-00003,2026-09-19T00:00:00+00:00,2026-09-23T13:00:00+00:00,,9.122552490234398,109,NOAA GFS 0.25 degree / Google Earth Engine,0,2026-09-19T07:03:02.343015+00:00
PKGL-00003,2026-09-19T00:00:00+00:00,2026-09-23T14:00:00+00:00,,7.422570800781273,110,NOAA GFS 0.25 degree / Google Earth Engine,0,2026-09-19T07:03:02.343015+00:00
PKGL-00003,2026-09-19T00:00:00+00:00,2026-09-23T15:00:00+00:00,,7.057855224609398,111,NOAA GFS 0.25 degree / Google Earth Engine,0,2026-09-19T07:03:02.343015+00:00
PKGL-00003,2026-09-19T00:00:00+00:00,2026-09-23T16:00:00+00:00,,6.936273193359398,112,NOAA GFS 0.25 degree / Google Earth Engine,0,2026-09-19T07:03:02.343015+00:00
PKGL-00003,2026-09-19T00:00:00+00:00,2026-09-23T17:00:00+00:00,,6.641961669921898,113,NOAA GFS 0.25 degree / Google Earth Engine,0,2026-09-19T07:03:02.343015+00:00
PKGL-00003,2026-09-19T00:00:00+00:00,2026-09-23T18:00:00+00:00,,6.293420410156273,114,NOAA GFS 0.25 degree / Google Earth Engine,0,2026-09-19T07:03:02.343015+00:00
PKGL-00003,2026-09-19T00:00:00+00:00,2026-09-23T19:00:00+00:00,,6.202355957031273,115,NOAA GFS 0.25 degree / Google Earth Engine,0,2026-09-19T07:03:02.343015+00:00
PKGL-00003,2026-09-19T00:00:00+00:00,2026-09-23T20:00:00+00:00,,6.042596435546898,116,NOAA GFS 0.25 degree / Google Earth Engine,0,2026-09-19T07:03:02.343015+00:00
PKGL-00003,2026-09-19T00:00:00+00:00,2026-09-23T21:00:00+00:00,,5.897698974609398,117,NOAA GFS 0.25 degree / Google Earth Engine,0,2026-09-19T07:03:02.343015+00:00
PKGL-00003,2026-09-19T00:00:00+00:00,2026-09-23T22:00:00+00:00,,5.557763671875023,118,NOAA GFS 0.25 degree / Google Earth Engine,0,2026-09-19T07:03:02.343015+00:00
PKGL-00003,2026-09-19T00:00:00+00:00,2026-09-23T23:00:00+00:00,,5.491571044921898,119,NOAA GFS 0.25 degree / Google Earth Engine,0,2026-09-19T07:03:02.343015+00:00
PKGL-00003,2026-09-19T00:00:00+00:00,2026-09-24T00:00:00+00:00,,5.391595458984398,120,NOAA GFS 0.25 degree / Google Earth Engine,0,2026-09-19T07:03:02.343015+00:00
PKGL-00003,2026-09-19T00:00:00+00:00,2026-09-24T03:00:00+00:00,,10.108972167968773,123,NOAA GFS 0.25 degree / Google Earth Engine,0,2026-09-19T07:03:02.343015+00:00
PKGL-00003,2026-09-19T00:00:00+00:00,2026-09-24T06:00:00+00:00,,13.164208984375023,126,NOAA GFS 0.25 degree / Google Earth Engine,0,2026-09-19T07:03:02.343015+00:00
PKGL-00003,2026-09-19T00:00:00+00:00,2026-09-24T09:00:00+00:00,,11.949182128906273,129,NOAA GFS 0.25 degree / Google Earth Engine,0,2026-09-19T07:03:02.343015+00:00
PKGL-00003,2026-09-19T00:00:00+00:00,2026-09-24T12:00:00+00:00,,10.379327392578148,132,NOAA GFS 0.25 degree / Google Earth Engine,0,2026-09-19T07:03:02.343015+00:00
PKGL-00003,2026-09-19T00:00:00+00:00,2026-09-24T15:00:00+00:00,,6.154016113281273,135,NOAA GFS 0.25 degree / Google Earth Engine,0,2026-09-19T07:03:02.343015+00:00
PKGL-00003,2026-09-19T00:00:00+00:00,2026-09-24T18:00:00+00:00,,5.450006103515648,138,NOAA GFS 0.25 degree / Google Earth Engine,0,2026-09-19T07:03:02.343015+00:00
PKGL-00003,2026-09-19T00:00:00+00:00,2026-09-24T21:00:00+00:00,,4.937402343750023,141,NOAA GFS 0.25 degree / Google Earth Engine,0,2026-09-19T07:03:02.343015+00:00
PKGL-00003,2026-09-19T00:00:00+00:00,2026-09-25T00:00:00+00:00,,4.612878417968773,144,NOAA GFS 0.25 degree / Google Earth Engine,0,2026-09-19T07:03:02.343015+00:00
PKGL-00003,2026-09-19T00:00:00+00:00,2026-09-25T03:00:00+00:00,,9.365930175781273,147,NOAA GFS 0.25 degree / Google Earth Engine,0,2026-09-19T07:03:02.343015+00:00
PKGL-00003,2026-09-19T00:00:00+00:00,2026-09-25T06:00:00+00:00,,11.964196777343773,150,NOAA GFS 0.25 degree / Google Earth Engine,0,2026-09-19T07:03:02.343015+00:00
PKGL-00003,2026-09-19T00:00:00+00:00,2026-09-25T09:00:00+00:00,,12.224359130859398,153,NOAA GFS 0.25 degree / Google Earth Engine,0,2026-09-19T07:03:02.343015+00:00
PKGL-00003,2026-09-19T00:00:00+00:00,2026-09-25T12:00:00+00:00,,10.904443359375023,156,NOAA GFS 0.25 degree / Google Earth Engine,0,2026-09-19T07:03:02.343015+00:00
PKGL-00003,2026-09-19T00:00:00+00:00,2026-09-25T15:00:00+00:00,,6.300286865234398,159,NOAA GFS 0.25 degree / Google Earth Engine,0,2026-09-19T07:03:02.343015+00:00
PKGL-00003,2026-09-19T00:00:00+00:00,2026-09-25T18:00:00+00:00,,5.818170166015648,162,NOAA GFS 0.25 degree / Google Earth Engine,0,2026-09-19T07:03:02.343015+00:00
PKGL-00003,2026-09-19T00:00:00+00:00,2026-09-25T21:00:00+00:00,,5.369317626953148,165,NOAA GFS 0.25 degree / Google Earth Engine,0,2026-09-19T07:03:02.343015+00:00
PKGL-00003,2026-09-19T00:00:00+00:00,2026-09-26T00:00:00+00:00,,4.750024414062523,168,NOAA GFS 0.25 degree / Google Earth Engine,0,2026-09-19T07:03:02.343015+00:00
