lake_id,observed_at,rainfall_mm,source,is_mock,ingested_at
PKGL-00001,2026-08-02T08:00:00+00:00,0.21277493238449097,JAXA GSMaP V8 operational / Google Earth Engine,0,2026-09-01T07:43:18.879795+00:00
PKGL-00001,2026-08-02T09:00:00+00:00,0.4053238332271576,JAXA GSMaP V8 operational / Google Earth Engine,0,2026-09-01T07:43:18.879795+00:00
PKGL-00001,2026-08-02T10:00:00+00:00,0.6558161377906799,JAXA GSMaP V8 operational / Google Earth Engine,0,2026-09-01T07:43:18.879795+00:00
PKGL-00001,2026-08-02T11:00:00+00:00,0.8388473987579346,JAXA GSMaP V8 operational / Google Earth Engine,0,2026-09-01T07:43:18.879795+00:00
PKGL-00001,2026-08-02T12:00:00+00:00,0.5009775757789612,JAXA GSMaP V8 operational / Google Earth Engine,0,2026-09-01T07:43:18.879795+00:00
PKGL-00001,2026-08-02T13:00:00+00:00,0.25726476311683655,JAXA GSMaP V8 operational / Google Earth Engine,0,2026-09-01T07:43:18.879795+00:00
PKGL-00001,2026-08-02T14:00:00+00:00,0.10388559103012085,JAXA GSMaP V8 operational / Google Earth Engine,0,2026-09-01T07:43:18.879795+00:00
PKGL-00001,2026-08-02T15:00:00+00:00,0.0,JAXA GSMaP V8 operational / Google Earth Engine,0,2026-09-01T07:43:18.879795+00:00
PKGL-00001,2026-08-02T16:00:00+00:00,0.0,JAXA GSMaP V8 operational / Google Earth Engine,0,2026-09-01T07:43:18.879795+00:00
PKGL-00001,2026-08-02T17:00:00+00:00,0.0,JAXA GSMaP V8 operational / Google Earth Engine,0,2026-09-01T07:43:18.879795+00:00
PKGL-00001,2026-08-02T18:00:00+00:00,0.0,JAXA GSMaP V8 operational / Google Earth Engine,0,2026-09-01T07:43:18.879795+00:00
PKGL-00001,2026-08-02T19:00:00+00:00,0.0,JAXA GSMaP V8 operational / Google Earth Engine,0,2026-09-01T07:43:18.879795+00:00
PKGL-00001,2026-08-02T20:00:00+00:00,0.0,JAXA GSMaP V8 operational / Google Earth Engine,0,2026-09-01T07:43:18.879795+00:00
PKGL-00001,2026-08-02T21:00:00+00:00,0.0,JAXA GSMaP V8 operational / Google Earth Engine,0,2026-09-01T07:43:18.879795+00:00
PKGL-00001,2026-08-02T22:00:00+00:00,0.0,JAXA GSMaP V8 operational / Google Earth Engine,0,2026-09-01T07:43:18.879795+00:00
PKGL-00001,2026-08-02T23:00:00+00:00,0.0,JAXA GSMaP V8 operational / Google Earth Engine,0,2026-09-01T07:43:18.879795+00:00
PKGL-00001,2026-08-03T00:00:00+00:00,0.0,JAXA GSMaP V8 operational / Google Earth Engine,0,2026-09-01T07:43:18.879795+00:00
PKGL-00001,2026-08-03T01:00:00+00:00,0.0,JAXA GSMaP V8 operational / Google Earth Engine,0,2026-09-01T07:43:18.879795+00:00
PKGL-00001,2026-08-03T02:00:00+00:00,0.0,JAXA GSMaP V8 operational / Google Earth Engine,0,2026-09-01T07:43:18.879795+00:00
PKGL-00001,2026-08-03T03:00:00+00:00,0.0,JAXA GSMaP V8 operational / Google Earth Engine,0,2026-09-01T07:43:18.879795+00:00
PKGL-00001,2026-08-03T04:00:00+00:00,0.0,JAXA GSMaP V8 operational / Google Earth Engine,0,2026-09-01T07:43:18.879795+00:00
PKGL-00001,2026-08-03T05:00:00+00:00,0.0,JAXA GSMaP V8 operational / Google Earth Engine,0,2026-09-01T07:43:18.879795+00:00
PKGL-00001,2026-08-03T06:00:00+00:00,0.0,JAXA GSMaP V8 operational / Google Earth Engine,0,2026-09-01T07:43:18.879795+00:00
PKGL-00001,2026-08-03T07:00:00+00:00,0.15559640526771545,JAXA GSMaP V8 operational / Google Earth Engine,0,2026-09-01T07:43:18.879795+00:00
PKGL-00001,2026-08-03T08:00:00+00:00,0.2686438262462616,JAXA GSMaP V8 operational / Google Earth Engine,0,2026-09-01T07:43:18.879795+00:00
PKGL-00001,2026-08-03T09:00:00+00:00,0.2819643020629883,JAXA GSMaP V8 operational / Google Earth Engine,0,2026-09-01T07:43:18.879795+00:00
PKGL-00001,2026-08-03T10:00:00+00:00,0.3269548714160919,JAXA GSMaP V8 operational / Google Earth Engine,0,2026-09-01T07:43:18.879795+00:00
PKGL-00001,2026-08-03T11:00:00+00:00,0.3647252321243286,JAXA GSMaP V8 operational / Google Earth Engine,0,2026-09-01T07:43:18.879795+00:00
PKGL-00001,2026-08-03T12:00:00+00:00,0.39434754848480225,JAXA GSMaP V8 operational / Google Earth Engine,0,2026-09-01T07:43:18.879795+00:00
PKGL-00001,2026-08-03T13:00:00+00:00,0.4576500356197357,JAXA GSMaP V8 operational / Google Earth Engine,0,2026-09-01T07:43:18.879795+00:00
PKGL-00001,2026-08-03T14:00:00+00:00,0.598373532295227,JAXA GSMaP V8 operational / Google Earth Engine,0,2026-09-01T07:43:18.879795+00:00
PKGL-00001,2026-08-03T15:00:00+00:00,0.8085442781448364,JAXA GSMaP V8 operational / Google Earth Engine,0,2026-09-01T07:43:18.879795+00:00
PKGL-00001,2026-08-03T16:00:00+00:00,0.5879350304603577,JAXA GSMaP V8 operational / Google Earth Engine,0,2026-09-01T07:43:18.879795+00:00
PKGL-00001,2026-08-03T17:00:00+00:00,0.40944066643714905,JAXA GSMaP V8 operational / Google Earth Engine,0,2026-09-01T07:43:18.879795+00:00
PKGL-00001,2026-08-03T18:00:00+00:00,0.27761244773864746,JAXA GSMaP V8 operational / Google Earth Engine,0,2026-09-01T07:43:18.879795+00:00
PKGL-00001,2026-08-03T19:00:00+00:00,0.17982445657253265,JAXA GSMaP V8 operational / Google Earth Engine,0,2026-09-01T07:43:18.879795+00:00
PKGL-00001,2026-08-03T20:00:00+00:00,0.12196100503206253,JAXA GSMaP V8 operational / Google Earth Engine,0,2026-09-01T07:43:18.879795+00:00
PKGL-00001,2026-08-03T21:00:00+00:00,0.0,JAXA GSMaP V8 operational / Google Earth Engine,0,2026-09-01T07:43:18.879795+00:00
PKGL-00001,2026-08-03T22:00:00+00:00,0.0,JAXA GSMaP V8 operational / Google Earth Engine,0,2026-09-01T07:43:18.879795+00:00
PKGL-00001,2026-08-03T23:00:00+00:00,0.0,JAXA GSMaP V8 operational / Google Earth Engine,0,2026-09-01T07:43:18.879795+00:00
PKGL-00001,2026-08-04T00:00:00+00:00,0.0,JAXA GSMaP V8 operational / Google Earth Engine,0,2026-09-01T07:43:18.879795+00:00
PKGL-00001,2026-08-04T01:00:00+00:00,0.0,JAXA GSMaP V8 operational / Google Earth Engine,0,2026-09-01T07:43:18.879795+00:00
PKGL-00001,2026-08-04T02:00:00+00:00,0.0,JAXA GSMaP V8 operational / Google Earth Engine,0,2026-09-01T07:43:18.879795+00:00
PKGL-00001,2026-08-04T03:00:00+00:00,0.0,JAXA GSMaP V8 operational / Google Earth Engine,0,2026-09-01T07:43:18.879795+00:00
PKGL-00001,2026-08-04T04:00:00+00:00,0.0,JAXA GSMaP V8 operational / Google Earth Engine,0,2026-09-01T07:43:18.879795+00:00
PKGL-00001,2026-08-04T05:00:00+00:00,0.0,JAXA GSMaP V8 operational / Google Earth Engine,0,2026-09-01T07:43:18.879795+00:00
PKGL-00001,2026-08-04T06:00:00+00:00,0.0,JAXA GSMaP V8 operational / Google Earth Engine,0,2026-09-01T07:43:18.879795+00:00
PKGL-00001,2026-08-04T07:00:00+00:00,0.0,JAXA GSMaP V8 operational / Google Earth Engine,0,2026-09-01T07:43:18.879795+00:00
PKGL-00001,2026-08-04T08:00:00+00:00,0.0,JAXA GSMaP V8 operational / Google Earth Engine,0,2026-09-01T07:43:18.879795+00:00
PKGL-00001,2026-08-04T09:00:00+00:00,0.0,JAXA GSMaP V8 operational / Google Earth Engine,0,2026-09-01T07:43:18.879795+00:00
PKGL-00001,2026-08-04T10:00:00+00:00,0.0,JAXA GSMaP V8 operational / Google Earth Engine,0,2026-09-01T07:43:18.879795+00:00
PKGL-00001,2026-08-04T11:00:00+00:00,0.0,JAXA GSMaP V8 operational / Google Earth Engine,0,2026-09-01T07:43:18.879795+00:00
PKGL-00001,2026-08-04T12:00:00+00:00,0.0,JAXA GSMaP V8 operational / Google Earth Engine,0,2026-09-01T07:43:18.879795+00:00
PKGL-00001,2026-08-04T13:00:00+00:00,0.0,JAXA GSMaP V8 operational / Google Earth Engine,0,2026-09-01T07:43:18.879795+00:00
PKGL-00001,2026-08-04T14:00:00+00:00,0.0,JAXA GSMaP V8 operational / Google Earth Engine,0,2026-09-01T07:43:18.879795+00:00
PKGL-00001,2026-08-04T15:00:00+00:00,0.0,JAXA GSMaP V8 operational / Google Earth Engine,0,2026-09-01T07:43:18.879795+00:00
PKGL-00001,2026-08-04T16:00:00+00:00,0.0,JAXA GSMaP V8 operational / Google Earth Engine,0,2026-09-01T07:43:18.879795+00:00
PKGL-00001,2026-08-04T17:00:00+00:00,0.0,JAXA GSMaP V8 operational / Google Earth Engine,0,2026-09-01T07:43:18.879795+00:00
PKGL-00001,2026-08-04T18:00:00+00:00,0.0,JAXA GSMaP V8 operational / Google Earth Engine,0,2026-09-01T07:43:18.879795+00:00
PKGL-00001,2026-08-04T19:00:00+00:00,0.0,JAXA GSMaP V8 operational / Google Earth Engine,0,2026-09-01T07:43:18.879795+00:00
PKGL-00001,2026-08-04T20:00:00+00:00,0.0,JAXA GSMaP V8 operational / Google Earth Engine,0,2026-09-01T07:43:18.879795+00:00
PKGL-00001,2026-08-04T21:00:00+00:00,0.0,JAXA GSMaP V8 operational / Google Earth Engine,0,2026-09-01T07:43:18.879795+00:00
PKGL-00001,2026-08-04T22:00:00+00:00,0.0,JAXA GSMaP V8 operational / Google Earth Engine,0,2026-09-01T07:43:18.879795+00:00
PKGL-00001,2026-08-04T23:00:00+00:00,0.0,JAXA GSMaP V8 operational / Google Earth Engine,0,2026-09-01T07:43:18.879795+00:00
PKGL-00001,2026-08-05T00:00:00+00:00,0.0,JAXA GSMaP V8 operational / Google Earth Engine,0,2026-09-01T07:43:18.879795+00:00
PKGL-00001,2026-08-05T01:00:00+00:00,0.0,JAXA GSMaP V8 operational / Google Earth Engine,0,2026-09-01T07:43:18.879795+00:00
PKGL-00001,2026-08-05T02:00:00+00:00,0.0,JAXA GSMaP V8 operational / Google Earth Engine,0,2026-09-01T07:43:18.879795+00:00
PKGL-00001,2026-08-05T03:00:00+00:00,0.0,JAXA GSMaP V8 operational / Google Earth Engine,0,2026-09-01T07:43:18.879795+00:00
PKGL-00001,2026-08-05T04:00:00+00:00,0.0,JAXA GSMaP V8 operational / Google Earth Engine,0,2026-09-01T07:43:18.879795+00:00
PKGL-00001,2026-08-05T05:00:00+00:00,0.0,JAXA GSMaP V8 operational / Google Earth Engine,0,2026-09-01T07:43:18.879795+00:00
PKGL-00001,2026-08-05T06:00:00+00:00,0.0,JAXA GSMaP V8 operational / Google Earth Engine,0,2026-09-01T07:43:18.879795+00:00
PKGL-00001,2026-08-05T07:00:00+00:00,0.0,JAXA GSMaP V8 operational / Google Earth Engine,0,2026-09-01T07:43:18.879795+00:00
PKGL-00001,2026-08-05T08:00:00+00:00,0.0,JAXA GSMaP V8 operational / Google Earth Engine,0,2026-09-01T07:43:18.879795+00:00
PKGL-00001,2026-08-05T09:00:00+00:00,0.0,JAXA GSMaP V8 operational / Google Earth Engine,0,2026-09-01T07:43:18.879795+00:00
PKGL-00001,2026-08-05T10:00:00+00:00,0.13238991796970367,JAXA GSMaP V8 operational / Google Earth Engine,0,2026-09-01T07:43:18.879795+00:00
PKGL-00001,2026-08-05T11:00:00+00:00,0.0,JAXA GSMaP V8 operational / Google Earth Engine,0,2026-09-01T07:43:18.879795+00:00
PKGL-00001,2026-08-05T12:00:00+00:00,0.0,JAXA GSMaP V8 operational / Google Earth Engine,0,2026-09-01T07:43:18.879795+00:00
PKGL-00001,2026-08-05T13:00:00+00:00,0.0,JAXA GSMaP V8 operational / Google Earth Engine,0,2026-09-01T07:43:18.879795+00:00
PKGL-00001,2026-08-05T14:00:00+00:00,0.0,JAXA GSMaP V8 operational / Google Earth Engine,0,2026-09-01T07:43:18.879795+00:00
PKGL-00001,2026-08-05T15:00:00+00:00,0.0,JAXA GSMaP V8 operational / Google Earth Engine,0,2026-09-01T07:43:18.879795+00:00
PKGL-00001,2026-08-05T16:00:00+00:00,0.0,JAXA GSMaP V8 operational / Google Earth Engine,0,2026-09-01T07:43:18.879795+00:00
PKGL-00001,2026-08-05T17:00:00+00:00,0.0,JAXA GSMaP V8 operational / Google Earth Engine,0,2026-09-01T07:43:18.879795+00:00
PKGL-00001,2026-08-05T18:00:00+00:00,0.0,JAXA GSMaP V8 operational / Google Earth Engine,0,2026-09-01T07:43:18.879795+00:00
PKGL-00001,2026-08-05T19:00:00+00:00,0.0,JAXA GSMaP V8 operational / Google Earth Engine,0,2026-09-01T07:43:18.879795+00:00
PKGL-00001,2026-08-05T20:00:00+00:00,0.0,JAXA GSMaP V8 operational / Google Earth Engine,0,2026-09-01T07:43:18.879795+00:00
PKGL-00001,2026-08-05T21:00:00+00:00,0.16593270003795624,JAXA GSMaP V8 operational / Google Earth Engine,0,2026-09-01T07:43:18.879795+00:00
PKGL-00001,2026-08-05T22:00:00+00:00,0.377628892660141,JAXA GSMaP V8 operational / Google Earth Engine,0,2026-09-01T07:43:18.879795+00:00
PKGL-00001,2026-08-05T23:00:00+00:00,0.48911991715431213,JAXA GSMaP V8 operational / Google Earth Engine,0,2026-09-01T07:43:18.879795+00:00
PKGL-00001,2026-08-06T00:00:00+00:00,0.4881066381931305,JAXA GSMaP V8 operational / Google Earth Engine,0,2026-09-01T07:43:18.879795+00:00
PKGL-00001,2026-08-06T01:00:00+00:00,0.23999227583408356,JAXA GSMaP V8 operational / Google Earth Engine,0,2026-09-01T07:43:18.879795+00:00
PKGL-00001,2026-08-06T02:00:00+00:00,0.0,JAXA GSMaP V8 operational / Google Earth Engine,0,2026-09-01T07:43:18.879795+00:00
PKGL-00001,2026-08-06T03:00:00+00:00,0.0,JAXA GSMaP V8 operational / Google Earth Engine,0,2026-09-01T07:43:18.879795+00:00
PKGL-00001,2026-08-06T04:00:00+00:00,0.0,JAXA GSMaP V8 operational / Google Earth Engine,0,2026-09-01T07:43:18.879795+00:00
PKGL-00001,2026-08-06T05:00:00+00:00,0.0,JAXA GSMaP V8 operational / Google Earth Engine,0,2026-09-01T07:43:18.879795+00:00
PKGL-00001,2026-08-06T06:00:00+00:00,0.0,JAXA GSMaP V8 operational / Google Earth Engine,0,2026-09-01T07:43:18.879795+00:00
PKGL-00001,2026-08-06T07:00:00+00:00,0.0,JAXA GSMaP V8 operational / Google Earth Engine,0,2026-09-01T07:43:18.879795+00:00
PKGL-00001,2026-08-06T08:00:00+00:00,0.0,JAXA GSMaP V8 operational / Google Earth Engine,0,2026-09-01T07:43:18.879795+00:00
PKGL-00001,2026-08-06T09:00:00+00:00,0.0,JAXA GSMaP V8 operational / Google Earth Engine,0,2026-09-01T07:43:18.879795+00:00
PKGL-00001,2026-08-06T10:00:00+00:00,0.0,JAXA GSMaP V8 operational / Google Earth Engine,0,2026-09-01T07:43:18.879795+00:00
PKGL-00001,2026-08-06T11:00:00+00:00,0.0,JAXA GSMaP V8 operational / Google Earth Engine,0,2026-09-01T07:43:18.879795+00:00
PKGL-00001,2026-08-06T12:00:00+00:00,0.0,JAXA GSMaP V8 operational / Google Earth Engine,0,2026-09-01T07:43:18.879795+00:00
PKGL-00001,2026-08-06T13:00:00+00:00,0.0,JAXA GSMaP V8 operational / Google Earth Engine,0,2026-09-01T07:43:18.879795+00:00
PKGL-00001,2026-08-06T14:00:00+00:00,0.0,JAXA GSMaP V8 operational / Google Earth Engine,0,2026-09-01T07:43:18.879795+00:00
PKGL-00001,2026-08-06T15:00:00+00:00,0.0,JAXA GSMaP V8 operational / Google Earth Engine,0,2026-09-01T07:43:18.879795+00:00
PKGL-00001,2026-08-06T16:00:00+00:00,0.0,JAXA GSMaP V8 operational / Google Earth Engine,0,2026-09-01T07:43:18.879795+00:00
PKGL-00001,2026-08-06T17:00:00+00:00,0.0,JAXA GSMaP V8 operational / Google Earth Engine,0,2026-09-01T07:43:18.879795+00:00
PKGL-00001,2026-08-06T18:00:00+00:00,0.0,JAXA GSMaP V8 operational / Google Earth Engine,0,2026-09-01T07:43:18.879795+00:00
PKGL-00001,2026-08-06T19:00:00+00:00,0.0,JAXA GSMaP V8 operational / Google Earth Engine,0,2026-09-01T07:43:18.879795+00:00
PKGL-00001,2026-08-06T20:00:00+00:00,0.0,JAXA GSMaP V8 operational / Google Earth Engine,0,2026-09-01T07:43:18.879795+00:00
PKGL-00001,2026-08-06T21:00:00+00:00,0.0,JAXA GSMaP V8 operational / Google Earth Engine,0,2026-09-01T07:43:18.879795+00:00
PKGL-00001,2026-08-06T22:00:00+00:00,0.10423127561807632,JAXA GSMaP V8 operational / Google Earth Engine,0,2026-09-01T07:43:18.879795+00:00
PKGL-00001,2026-08-06T23:00:00+00:00,0.1542009860277176,JAXA GSMaP V8 operational / Google Earth Engine,0,2026-09-01T07:43:18.879795+00:00
PKGL-00001,2026-08-07T00:00:00+00:00,0.1773618757724762,JAXA GSMaP V8 operational / Google Earth Engine,0,2026-09-01T07:43:18.880795+00:00
PKGL-00001,2026-08-07T01:00:00+00:00,0.13232488930225372,JAXA GSMaP V8 operational / Google Earth Engine,0,2026-09-01T07:43:18.880795+00:00
PKGL-00001,2026-08-07T02:00:00+00:00,0.11068951338529587,JAXA GSMaP V8 operational / Google Earth Engine,0,2026-09-01T07:43:18.880795+00:00
PKGL-00001,2026-08-07T03:00:00+00:00,0.0,JAXA GSMaP V8 operational / Google Earth Engine,0,2026-09-01T07:43:18.880795+00:00
PKGL-00001,2026-08-07T04:00:00+00:00,0.0,JAXA GSMaP V8 operational / Google Earth Engine,0,2026-09-01T07:43:18.880795+00:00
PKGL-00001,2026-08-07T05:00:00+00:00,0.0,JAXA GSMaP V8 operational / Google Earth Engine,0,2026-09-01T07:43:18.880795+00:00
PKGL-00001,2026-08-07T06:00:00+00:00,0.0,JAXA GSMaP V8 operational / Google Earth Engine,0,2026-09-01T07:43:18.880795+00:00
PKGL-00001,2026-08-07T07:00:00+00:00,0.0,JAXA GSMaP V8 operational / Google Earth Engine,0,2026-09-01T07:43:18.880795+00:00
PKGL-00001,2026-08-07T08:00:00+00:00,0.0,JAXA GSMaP V8 operational / Google Earth Engine,0,2026-09-01T07:43:18.880795+00:00
PKGL-00001,2026-08-07T09:00:00+00:00,0.0,JAXA GSMaP V8 operational / Google Earth Engine,0,2026-09-01T07:43:18.880795+00:00
PKGL-00001,2026-08-07T10:00:00+00:00,0.0,JAXA GSMaP V8 operational / Google Earth Engine,0,2026-09-01T07:43:18.880795+00:00
PKGL-00001,2026-08-07T11:00:00+00:00,0.0,JAXA GSMaP V8 operational / Google Earth Engine,0,2026-09-01T07:43:18.880795+00:00
PKGL-00001,2026-08-07T12:00:00+00:00,0.0,JAXA GSMaP V8 operational / Google Earth Engine,0,2026-09-01T07:43:18.880795+00:00
PKGL-00001,2026-08-07T13:00:00+00:00,0.0,JAXA GSMaP V8 operational / Google Earth Engine,0,2026-09-01T07:43:18.880795+00:00
PKGL-00001,2026-08-07T14:00:00+00:00,0.0,JAXA GSMaP V8 operational / Google Earth Engine,0,2026-09-01T07:43:18.880795+00:00
PKGL-00001,2026-08-07T15:00:00+00:00,0.0,JAXA GSMaP V8 operational / Google Earth Engine,0,2026-09-01T07:43:18.880795+00:00
PKGL-00001,2026-08-07T16:00:00+00:00,0.0,JAXA GSMaP V8 operational / Google Earth Engine,0,2026-09-01T07:43:18.880795+00:00
PKGL-00001,2026-08-07T17:00:00+00:00,0.0,JAXA GSMaP V8 operational / Google Earth Engine,0,2026-09-01T07:43:18.880795+00:00
PKGL-00001,2026-08-07T18:00:00+00:00,0.0,JAXA GSMaP V8 operational / Google Earth Engine,0,2026-09-01T07:43:18.880795+00:00
PKGL-00001,2026-08-07T19:00:00+00:00,0.0,JAXA GSMaP V8 operational / Google Earth Engine,0,2026-09-01T07:43:18.880795+00:00
PKGL-00001,2026-08-07T20:00:00+00:00,0.0,JAXA GSMaP V8 operational / Google Earth Engine,0,2026-09-01T07:43:18.880795+00:00
PKGL-00001,2026-08-07T21:00:00+00:00,0.0,JAXA GSMaP V8 operational / Google Earth Engine,0,2026-09-01T07:43:18.880795+00:00
PKGL-00001,2026-08-07T22:00:00+00:00,0.0,JAXA GSMaP V8 operational / Google Earth Engine,0,2026-09-01T07:43:18.880795+00:00
PKGL-00001,2026-08-07T23:00:00+00:00,0.0,JAXA GSMaP V8 operational / Google Earth Engine,0,2026-09-01T07:43:18.880795+00:00
PKGL-00001,2026-08-08T00:00:00+00:00,0.0,JAXA GSMaP V8 operational / Google Earth Engine,0,2026-09-01T07:43:18.880795+00:00
PKGL-00001,2026-08-08T01:00:00+00:00,0.0,JAXA GSMaP V8 operational / Google Earth Engine,0,2026-09-01T07:43:18.880795+00:00
PKGL-00001,2026-08-08T02:00:00+00:00,0.0,JAXA GSMaP V8 operational / Google Earth Engine,0,2026-09-01T07:43:18.880795+00:00
PKGL-00001,2026-08-08T03:00:00+00:00,0.0,JAXA GSMaP V8 operational / Google Earth Engine,0,2026-09-01T07:43:18.880795+00:00
PKGL-00001,2026-08-08T04:00:00+00:00,0.0,JAXA GSMaP V8 operational / Google Earth Engine,0,2026-09-01T07:43:18.880795+00:00
PKGL-00001,2026-08-08T05:00:00+00:00,0.0,JAXA GSMaP V8 operational / Google Earth Engine,0,2026-09-01T07:43:18.880795+00:00
PKGL-00001,2026-08-08T06:00:00+00:00,0.0,JAXA GSMaP V8 operational / Google Earth Engine,0,2026-09-01T07:43:18.880795+00:00
PKGL-00001,2026-08-08T07:00:00+00:00,0.0,JAXA GSMaP V8 operational / Google Earth Engine,0,2026-09-01T07:43:18.880795+00:00
PKGL-00001,2026-08-08T08:00:00+00:00,0.11826405674219131,JAXA GSMaP V8 operational / Google Earth Engine,0,2026-09-01T07:43:18.880795+00:00
PKGL-00001,2026-08-08T09:00:00+00:00,0.27704790234565735,JAXA GSMaP V8 operational / Google Earth Engine,0,2026-09-01T07:43:18.880795+00:00
PKGL-00001,2026-08-08T10:00:00+00:00,0.491765558719635,JAXA GSMaP V8 operational / Google Earth Engine,0,2026-09-01T07:43:18.880795+00:00
PKGL-00001,2026-08-08T11:00:00+00:00,0.4607289433479309,JAXA GSMaP V8 operational / Google Earth Engine,0,2026-09-01T07:43:18.880795+00:00
PKGL-00001,2026-08-08T12:00:00+00:00,0.35162514448165894,JAXA GSMaP V8 operational / Google Earth Engine,0,2026-09-01T07:43:18.880795+00:00
PKGL-00001,2026-08-08T13:00:00+00:00,0.24128395318984985,JAXA GSMaP V8 operational / Google Earth Engine,0,2026-09-01T07:43:18.880795+00:00
PKGL-00001,2026-08-08T14:00:00+00:00,0.10779489576816559,JAXA GSMaP V8 operational / Google Earth Engine,0,2026-09-01T07:43:18.880795+00:00
PKGL-00001,2026-08-08T15:00:00+00:00,0.0,JAXA GSMaP V8 operational / Google Earth Engine,0,2026-09-01T07:43:18.880795+00:00
PKGL-00001,2026-08-08T16:00:00+00:00,0.0,JAXA GSMaP V8 operational / Google Earth Engine,0,2026-09-01T07:43:18.880795+00:00
PKGL-00001,2026-08-08T17:00:00+00:00,0.0,JAXA GSMaP V8 operational / Google Earth Engine,0,2026-09-01T07:43:18.880795+00:00
PKGL-00001,2026-08-08T18:00:00+00:00,0.0,JAXA GSMaP V8 operational / Google Earth Engine,0,2026-09-01T07:43:18.880795+00:00
PKGL-00001,2026-08-08T19:00:00+00:00,0.0,JAXA GSMaP V8 operational / Google Earth Engine,0,2026-09-01T07:43:18.880795+00:00
PKGL-00001,2026-08-08T20:00:00+00:00,0.0,JAXA GSMaP V8 operational / Google Earth Engine,0,2026-09-01T07:43:18.880795+00:00
PKGL-00001,2026-08-08T21:00:00+00:00,0.0,JAXA GSMaP V8 operational / Google Earth Engine,0,2026-09-01T07:43:18.880795+00:00
PKGL-00001,2026-08-08T22:00:00+00:00,0.0,JAXA GSMaP V8 operational / Google Earth Engine,0,2026-09-01T07:43:18.880795+00:00
PKGL-00001,2026-08-08T23:00:00+00:00,0.0,JAXA GSMaP V8 operational / Google Earth Engine,0,2026-09-01T07:43:18.880795+00:00
PKGL-00001,2026-08-09T00:00:00+00:00,0.0,JAXA GSMaP V8 operational / Google Earth Engine,0,2026-09-01T07:43:18.880795+00:00
PKGL-00001,2026-08-09T01:00:00+00:00,0.0,JAXA GSMaP V8 operational / Google Earth Engine,0,2026-09-01T07:43:18.880795+00:00
PKGL-00001,2026-08-09T02:00:00+00:00,0.0,JAXA GSMaP V8 operational / Google Earth Engine,0,2026-09-01T07:43:18.880795+00:00
PKGL-00001,2026-08-09T03:00:00+00:00,0.0,JAXA GSMaP V8 operational / Google Earth Engine,0,2026-09-01T07:43:18.880795+00:00
PKGL-00001,2026-08-09T04:00:00+00:00,0.0,JAXA GSMaP V8 operational / Google Earth Engine,0,2026-09-01T07:43:18.880795+00:00
PKGL-00001,2026-08-09T05:00:00+00:00,0.0,JAXA GSMaP V8 operational / Google Earth Engine,0,2026-09-01T07:43:18.880795+00:00
PKGL-00001,2026-08-09T06:00:00+00:00,0.0,JAXA GSMaP V8 operational / Google Earth Engine,0,2026-09-01T07:43:18.880795+00:00
PKGL-00001,2026-08-09T07:00:00+00:00,0.0,JAXA GSMaP V8 operational / Google Earth Engine,0,2026-09-01T07:43:18.880795+00:00
PKGL-00001,2026-08-09T08:00:00+00:00,0.0,JAXA GSMaP V8 operational / Google Earth Engine,0,2026-09-01T07:43:18.880795+00:00
PKGL-00001,2026-08-09T09:00:00+00:00,0.0,JAXA GSMaP V8 operational / Google Earth Engine,0,2026-09-01T07:43:18.880795+00:00
PKGL-00001,2026-08-09T10:00:00+00:00,0.2037309855222702,JAXA GSMaP V8 operational / Google Earth Engine,0,2026-09-01T07:43:18.880795+00:00
PKGL-00001,2026-08-09T11:00:00+00:00,0.0,JAXA GSMaP V8 operational / Google Earth Engine,0,2026-09-01T07:43:18.880795+00:00
PKGL-00001,2026-08-09T12:00:00+00:00,0.0,JAXA GSMaP V8 operational / Google Earth Engine,0,2026-09-01T07:43:18.880795+00:00
PKGL-00001,2026-08-09T13:00:00+00:00,0.0,JAXA GSMaP V8 operational / Google Earth Engine,0,2026-09-01T07:43:18.880795+00:00
PKGL-00001,2026-08-09T14:00:00+00:00,0.0,JAXA GSMaP V8 operational / Google Earth Engine,0,2026-09-01T07:43:18.880795+00:00
PKGL-00001,2026-08-09T15:00:00+00:00,0.0,JAXA GSMaP V8 operational / Google Earth Engine,0,2026-09-01T07:43:18.880795+00:00
PKGL-00001,2026-08-09T16:00:00+00:00,0.0,JAXA GSMaP V8 operational / Google Earth Engine,0,2026-09-01T07:43:18.880795+00:00
PKGL-00001,2026-08-09T17:00:00+00:00,0.0,JAXA GSMaP V8 operational / Google Earth Engine,0,2026-09-01T07:43:18.880795+00:00
PKGL-00001,2026-08-09T18:00:00+00:00,0.0,JAXA GSMaP V8 operational / Google Earth Engine,0,2026-09-01T07:43:18.880795+00:00
PKGL-00001,2026-08-09T19:00:00+00:00,0.0,JAXA GSMaP V8 operational / Google Earth Engine,0,2026-09-01T07:43:18.880795+00:00
PKGL-00001,2026-08-09T20:00:00+00:00,0.0,JAXA GSMaP V8 operational / Google Earth Engine,0,2026-09-01T07:43:18.880795+00:00
PKGL-00001,2026-08-09T21:00:00+00:00,0.0,JAXA GSMaP V8 operational / Google Earth Engine,0,2026-09-01T07:43:18.880795+00:00
PKGL-00001,2026-08-09T22:00:00+00:00,0.0,JAXA GSMaP V8 operational / Google Earth Engine,0,2026-09-01T07:43:18.880795+00:00
PKGL-00001,2026-08-09T23:00:00+00:00,0.0,JAXA GSMaP V8 operational / Google Earth Engine,0,2026-09-01T07:43:18.880795+00:00
PKGL-00001,2026-08-10T00:00:00+00:00,0.0,JAXA GSMaP V8 operational / Google Earth Engine,0,2026-09-01T07:43:18.880795+00:00
PKGL-00001,2026-08-10T01:00:00+00:00,0.0,JAXA GSMaP V8 operational / Google Earth Engine,0,2026-09-01T07:43:18.880795+00:00
PKGL-00001,2026-08-10T02:00:00+00:00,0.0,JAXA GSMaP V8 operational / Google Earth Engine,0,2026-09-01T07:43:18.880795+00:00
PKGL-00001,2026-08-10T03:00:00+00:00,0.0,JAXA GSMaP V8 operational / Google Earth Engine,0,2026-09-01T07:43:18.880795+00:00
PKGL-00001,2026-08-10T04:00:00+00:00,0.0,JAXA GSMaP V8 operational / Google Earth Engine,0,2026-09-01T07:43:18.880795+00:00
PKGL-00001,2026-08-10T05:00:00+00:00,0.0,JAXA GSMaP V8 operational / Google Earth Engine,0,2026-09-01T07:43:18.880795+00:00
PKGL-00001,2026-08-10T06:00:00+00:00,0.0,JAXA GSMaP V8 operational / Google Earth Engine,0,2026-09-01T07:43:18.880795+00:00
PKGL-00001,2026-08-10T07:00:00+00:00,0.0,JAXA GSMaP V8 operational / Google Earth Engine,0,2026-09-01T07:43:18.880795+00:00
PKGL-00001,2026-08-10T08:00:00+00:00,0.0,JAXA GSMaP V8 operational / Google Earth Engine,0,2026-09-01T07:43:18.880795+00:00
PKGL-00001,2026-08-10T09:00:00+00:00,0.0,JAXA GSMaP V8 operational / Google Earth Engine,0,2026-09-01T07:43:18.880795+00:00
PKGL-00001,2026-08-10T10:00:00+00:00,0.0,JAXA GSMaP V8 operational / Google Earth Engine,0,2026-09-01T07:43:18.880795+00:00
PKGL-00001,2026-08-10T11:00:00+00:00,0.0,JAXA GSMaP V8 operational / Google Earth Engine,0,2026-09-01T07:43:18.880795+00:00
PKGL-00001,2026-08-10T12:00:00+00:00,0.0,JAXA GSMaP V8 operational / Google Earth Engine,0,2026-09-01T07:43:18.880795+00:00
PKGL-00001,2026-08-10T13:00:00+00:00,0.0,JAXA GSMaP V8 operational / Google Earth Engine,0,2026-09-01T07:43:18.880795+00:00
PKGL-00001,2026-08-10T14:00:00+00:00,0.0,JAXA GSMaP V8 operational / Google Earth Engine,0,2026-09-01T07:43:18.880795+00:00
PKGL-00001,2026-08-10T15:00:00+00:00,0.0,JAXA GSMaP V8 operational / Google Earth Engine,0,2026-09-01T07:43:18.880795+00:00
PKGL-00001,2026-08-10T16:00:00+00:00,0.0,JAXA GSMaP V8 operational / Google Earth Engine,0,2026-09-01T07:43:18.880795+00:00
PKGL-00001,2026-08-10T17:00:00+00:00,0.0,JAXA GSMaP V8 operational / Google Earth Engine,0,2026-09-01T07:43:18.880795+00:00
PKGL-00001,2026-08-10T18:00:00+00:00,0.0,JAXA GSMaP V8 operational / Google Earth Engine,0,2026-09-01T07:43:18.880795+00:00
PKGL-00001,2026-08-10T19:00:00+00:00,0.0,JAXA GSMaP V8 operational / Google Earth Engine,0,2026-09-01T07:43:18.880795+00:00
PKGL-00001,2026-08-10T20:00:00+00:00,0.0,JAXA GSMaP V8 operational / Google Earth Engine,0,2026-09-01T07:43:18.880795+00:00
PKGL-00001,2026-08-10T21:00:00+00:00,0.0,JAXA GSMaP V8 operational / Google Earth Engine,0,2026-09-01T07:43:18.880795+00:00
PKGL-00001,2026-08-10T22:00:00+00:00,0.0,JAXA GSMaP V8 operational / Google Earth Engine,0,2026-09-01T07:43:18.880795+00:00
PKGL-00001,2026-08-10T23:00:00+00:00,0.0,JAXA GSMaP V8 operational / Google Earth Engine,0,2026-09-01T07:43:18.880795+00:00
PKGL-00001,2026-08-11T00:00:00+00:00,0.0,JAXA GSMaP V8 operational / Google Earth Engine,0,2026-09-01T07:43:18.880795+00:00
PKGL-00001,2026-08-11T01:00:00+00:00,0.0,JAXA GSMaP V8 operational / Google Earth Engine,0,2026-09-01T07:43:18.880795+00:00
PKGL-00001,2026-08-11T02:00:00+00:00,0.0,JAXA GSMaP V8 operational / Google Earth Engine,0,2026-09-01T07:43:18.880795+00:00
PKGL-00001,2026-08-11T03:00:00+00:00,0.0,JAXA GSMaP V8 operational / Google Earth Engine,0,2026-09-01T07:43:18.880795+00:00
PKGL-00001,2026-08-11T04:00:00+00:00,0.0,JAXA GSMaP V8 operational / Google Earth Engine,0,2026-09-01T07:43:18.880795+00:00
PKGL-00001,2026-08-11T05:00:00+00:00,0.0,JAXA GSMaP V8 operational / Google Earth Engine,0,2026-09-01T07:43:18.880795+00:00
PKGL-00001,2026-08-11T06:00:00+00:00,0.0,JAXA GSMaP V8 operational / Google Earth Engine,0,2026-09-01T07:43:18.880795+00:00
PKGL-00001,2026-08-11T07:00:00+00:00,0.0,JAXA GSMaP V8 operational / Google Earth Engine,0,2026-09-01T07:43:18.880795+00:00
PKGL-00001,2026-08-11T08:00:00+00:00,0.0,JAXA GSMaP V8 operational / Google Earth Engine,0,2026-09-01T07:43:18.880795+00:00
PKGL-00001,2026-08-11T09:00:00+00:00,0.0,JAXA GSMaP V8 operational / Google Earth Engine,0,2026-09-01T07:43:18.880795+00:00
PKGL-00001,2026-08-11T10:00:00+00:00,0.0,JAXA GSMaP V8 operational / Google Earth Engine,0,2026-09-01T07:43:18.880795+00:00
PKGL-00001,2026-08-11T11:00:00+00:00,0.0,JAXA GSMaP V8 operational / Google Earth Engine,0,2026-09-01T07:43:18.880795+00:00
PKGL-00001,2026-08-11T12:00:00+00:00,0.0,JAXA GSMaP V8 operational / Google Earth Engine,0,2026-09-01T07:43:18.880795+00:00
PKGL-00001,2026-08-11T13:00:00+00:00,0.0,JAXA GSMaP V8 operational / Google Earth Engine,0,2026-09-01T07:43:18.880795+00:00
PKGL-00001,2026-08-11T14:00:00+00:00,0.0,JAXA GSMaP V8 operational / Google Earth Engine,0,2026-09-01T07:43:18.880795+00:00
PKGL-00001,2026-08-11T15:00:00+00:00,0.0,JAXA GSMaP V8 operational / Google Earth Engine,0,2026-09-01T07:43:18.880795+00:00
PKGL-00001,2026-08-11T16:00:00+00:00,0.0,JAXA GSMaP V8 operational / Google Earth Engine,0,2026-09-01T07:43:18.880795+00:00
PKGL-00001,2026-08-11T17:00:00+00:00,0.0,JAXA GSMaP V8 operational / Google Earth Engine,0,2026-09-01T07:43:18.880795+00:00
PKGL-00001,2026-08-11T18:00:00+00:00,0.0,JAXA GSMaP V8 operational / Google Earth Engine,0,2026-09-01T07:43:18.880795+00:00
PKGL-00001,2026-08-11T19:00:00+00:00,0.0,JAXA GSMaP V8 operational / Google Earth Engine,0,2026-09-01T07:43:18.880795+00:00
PKGL-00001,2026-08-11T20:00:00+00:00,0.0,JAXA GSMaP V8 operational / Google Earth Engine,0,2026-09-01T07:43:18.880795+00:00
PKGL-00001,2026-08-11T21:00:00+00:00,0.0,JAXA GSMaP V8 operational / Google Earth Engine,0,2026-09-01T07:43:18.880795+00:00
PKGL-00001,2026-08-11T22:00:00+00:00,0.0,JAXA GSMaP V8 operational / Google Earth Engine,0,2026-09-01T07:43:18.880795+00:00
PKGL-00001,2026-08-11T23:00:00+00:00,0.0,JAXA GSMaP V8 operational / Google Earth Engine,0,2026-09-01T07:43:18.880795+00:00
PKGL-00001,2026-08-12T00:00:00+00:00,0.0,JAXA GSMaP V8 operational / Google Earth Engine,0,2026-09-01T07:43:18.880795+00:00
PKGL-00001,2026-08-12T01:00:00+00:00,0.0,JAXA GSMaP V8 operational / Google Earth Engine,0,2026-09-01T07:43:18.880795+00:00
PKGL-00001,2026-08-12T02:00:00+00:00,0.0,JAXA GSMaP V8 operational / Google Earth Engine,0,2026-09-01T07:43:18.880795+00:00
PKGL-00001,2026-08-12T03:00:00+00:00,0.0,JAXA GSMaP V8 operational / Google Earth Engine,0,2026-09-01T07:43:18.880795+00:00
PKGL-00001,2026-08-12T04:00:00+00:00,0.0,JAXA GSMaP V8 operational / Google Earth Engine,0,2026-09-01T07:43:18.880795+00:00
PKGL-00001,2026-08-12T05:00:00+00:00,0.0,JAXA GSMaP V8 operational / Google Earth Engine,0,2026-09-01T07:43:18.880795+00:00
PKGL-00001,2026-08-12T06:00:00+00:00,0.0,JAXA GSMaP V8 operational / Google Earth Engine,0,2026-09-01T07:43:18.880795+00:00
PKGL-00001,2026-08-12T07:00:00+00:00,0.0,JAXA GSMaP V8 operational / Google Earth Engine,0,2026-09-01T07:43:18.880795+00:00
PKGL-00001,2026-08-12T08:00:00+00:00,0.0,JAXA GSMaP V8 operational / Google Earth Engine,0,2026-09-01T07:43:18.880795+00:00
PKGL-00001,2026-08-12T09:00:00+00:00,0.0,JAXA GSMaP V8 operational / Google Earth Engine,0,2026-09-01T07:43:18.880795+00:00
PKGL-00001,2026-08-12T10:00:00+00:00,0.0,JAXA GSMaP V8 operational / Google Earth Engine,0,2026-09-01T07:43:18.880795+00:00
PKGL-00001,2026-08-12T11:00:00+00:00,0.0,JAXA GSMaP V8 operational / Google Earth Engine,0,2026-09-01T07:43:18.880795+00:00
PKGL-00001,2026-08-12T12:00:00+00:00,0.0,JAXA GSMaP V8 operational / Google Earth Engine,0,2026-09-01T07:43:18.880795+00:00
PKGL-00001,2026-08-12T13:00:00+00:00,0.0,JAXA GSMaP V8 operational / Google Earth Engine,0,2026-09-01T07:43:18.880795+00:00
PKGL-00001,2026-08-12T14:00:00+00:00,0.0,JAXA GSMaP V8 operational / Google Earth Engine,0,2026-09-01T07:43:18.880795+00:00
PKGL-00001,2026-08-12T15:00:00+00:00,0.0,JAXA GSMaP V8 operational / Google Earth Engine,0,2026-09-01T07:43:18.880795+00:00
PKGL-00001,2026-08-12T16:00:00+00:00,0.0,JAXA GSMaP V8 operational / Google Earth Engine,0,2026-09-01T07:43:18.880795+00:00
PKGL-00001,2026-08-12T17:00:00+00:00,0.1887505203485489,JAXA GSMaP V8 operational / Google Earth Engine,0,2026-09-01T07:43:18.880795+00:00
PKGL-00001,2026-08-12T18:00:00+00:00,0.3684810996055603,JAXA GSMaP V8 operational / Google Earth Engine,0,2026-09-01T07:43:18.880795+00:00
PKGL-00001,2026-08-12T19:00:00+00:00,0.35497939586639404,JAXA GSMaP V8 operational / Google Earth Engine,0,2026-09-01T07:43:18.880795+00:00
PKGL-00001,2026-08-12T20:00:00+00:00,0.4268827438354492,JAXA GSMaP V8 operational / Google Earth Engine,0,2026-09-01T07:43:18.880795+00:00
PKGL-00001,2026-08-12T21:00:00+00:00,0.23223282396793365,JAXA GSMaP V8 operational / Google Earth Engine,0,2026-09-01T07:43:18.880795+00:00
PKGL-00001,2026-08-12T22:00:00+00:00,0.0,JAXA GSMaP V8 operational / Google Earth Engine,0,2026-09-01T07:43:18.880795+00:00
PKGL-00001,2026-08-12T23:00:00+00:00,0.0,JAXA GSMaP V8 operational / Google Earth Engine,0,2026-09-01T07:43:18.880795+00:00
PKGL-00001,2026-08-13T00:00:00+00:00,0.0,JAXA GSMaP V8 operational / Google Earth Engine,0,2026-09-01T07:43:18.880795+00:00
PKGL-00001,2026-08-13T01:00:00+00:00,0.0,JAXA GSMaP V8 operational / Google Earth Engine,0,2026-09-01T07:43:18.880795+00:00
PKGL-00001,2026-08-13T02:00:00+00:00,0.0,JAXA GSMaP V8 operational / Google Earth Engine,0,2026-09-01T07:43:18.880795+00:00
PKGL-00001,2026-08-13T03:00:00+00:00,0.0,JAXA GSMaP V8 operational / Google Earth Engine,0,2026-09-01T07:43:18.880795+00:00
PKGL-00001,2026-08-13T04:00:00+00:00,0.0,JAXA GSMaP V8 operational / Google Earth Engine,0,2026-09-01T07:43:18.880795+00:00
PKGL-00001,2026-08-13T05:00:00+00:00,0.0,JAXA GSMaP V8 operational / Google Earth Engine,0,2026-09-01T07:43:18.880795+00:00
PKGL-00001,2026-08-13T06:00:00+00:00,0.0,JAXA GSMaP V8 operational / Google Earth Engine,0,2026-09-01T07:43:18.880795+00:00
PKGL-00001,2026-08-13T07:00:00+00:00,0.0,JAXA GSMaP V8 operational / Google Earth Engine,0,2026-09-01T07:43:18.880795+00:00
PKGL-00001,2026-08-13T08:00:00+00:00,0.0,JAXA GSMaP V8 operational / Google Earth Engine,0,2026-09-01T07:43:18.880795+00:00
PKGL-00001,2026-08-13T09:00:00+00:00,0.0,JAXA GSMaP V8 operational / Google Earth Engine,0,2026-09-01T07:43:18.880795+00:00
PKGL-00001,2026-08-13T10:00:00+00:00,0.0,JAXA GSMaP V8 operational / Google Earth Engine,0,2026-09-01T07:43:18.880795+00:00
PKGL-00001,2026-08-13T11:00:00+00:00,0.0,JAXA GSMaP V8 operational / Google Earth Engine,0,2026-09-01T07:43:18.880795+00:00
PKGL-00001,2026-08-13T12:00:00+00:00,0.0,JAXA GSMaP V8 operational / Google Earth Engine,0,2026-09-01T07:43:18.880795+00:00
PKGL-00001,2026-08-13T13:00:00+00:00,0.0,JAXA GSMaP V8 operational / Google Earth Engine,0,2026-09-01T07:43:18.880795+00:00
PKGL-00001,2026-08-13T14:00:00+00:00,0.0,JAXA GSMaP V8 operational / Google Earth Engine,0,2026-09-01T07:43:18.880795+00:00
PKGL-00001,2026-08-13T15:00:00+00:00,0.0,JAXA GSMaP V8 operational / Google Earth Engine,0,2026-09-01T07:43:18.880795+00:00
PKGL-00001,2026-08-13T16:00:00+00:00,0.0,JAXA GSMaP V8 operational / Google Earth Engine,0,2026-09-01T07:43:18.880795+00:00
PKGL-00001,2026-08-13T17:00:00+00:00,0.0,JAXA GSMaP V8 operational / Google Earth Engine,0,2026-09-01T07:43:18.880795+00:00
PKGL-00001,2026-08-13T18:00:00+00:00,0.0,JAXA GSMaP V8 operational / Google Earth Engine,0,2026-09-01T07:43:18.880795+00:00
PKGL-00001,2026-08-13T19:00:00+00:00,0.0,JAXA GSMaP V8 operational / Google Earth Engine,0,2026-09-01T07:43:18.880795+00:00
PKGL-00001,2026-08-13T20:00:00+00:00,0.0,JAXA GSMaP V8 operational / Google Earth Engine,0,2026-09-01T07:43:18.880795+00:00
PKGL-00001,2026-08-13T21:00:00+00:00,0.0,JAXA GSMaP V8 operational / Google Earth Engine,0,2026-09-01T07:43:18.880795+00:00
PKGL-00001,2026-08-13T22:00:00+00:00,0.0,JAXA GSMaP V8 operational / Google Earth Engine,0,2026-09-01T07:43:18.880795+00:00
PKGL-00001,2026-08-13T23:00:00+00:00,0.0,JAXA GSMaP V8 operational / Google Earth Engine,0,2026-09-01T07:43:18.880795+00:00
PKGL-00001,2026-08-14T00:00:00+00:00,0.0,JAXA GSMaP V8 operational / Google Earth Engine,0,2026-09-01T07:43:18.880795+00:00
PKGL-00001,2026-08-14T01:00:00+00:00,0.0,JAXA GSMaP V8 operational / Google Earth Engine,0,2026-09-01T07:43:18.880795+00:00
PKGL-00001,2026-08-14T02:00:00+00:00,0.0,JAXA GSMaP V8 operational / Google Earth Engine,0,2026-09-01T07:43:18.880795+00:00
PKGL-00001,2026-08-14T03:00:00+00:00,0.15390820801258087,JAXA GSMaP V8 operational / Google Earth Engine,0,2026-09-01T07:43:18.880795+00:00
PKGL-00001,2026-08-14T04:00:00+00:00,0.17340391874313354,JAXA GSMaP V8 operational / Google Earth Engine,0,2026-09-01T07:43:18.881795+00:00
PKGL-00001,2026-08-14T05:00:00+00:00,0.1353176087141037,JAXA GSMaP V8 operational / Google Earth Engine,0,2026-09-01T07:43:18.881795+00:00
PKGL-00001,2026-08-14T06:00:00+00:00,0.0,JAXA GSMaP V8 operational / Google Earth Engine,0,2026-09-01T07:43:18.881795+00:00
PKGL-00001,2026-08-14T07:00:00+00:00,0.10852038860321045,JAXA GSMaP V8 operational / Google Earth Engine,0,2026-09-01T07:43:18.881795+00:00
PKGL-00001,2026-08-14T08:00:00+00:00,0.14618448913097382,JAXA GSMaP V8 operational / Google Earth Engine,0,2026-09-01T07:43:18.881795+00:00
PKGL-00001,2026-08-14T09:00:00+00:00,0.16602329909801483,JAXA GSMaP V8 operational / Google Earth Engine,0,2026-09-01T07:43:18.881795+00:00
PKGL-00001,2026-08-14T10:00:00+00:00,0.1773960292339325,JAXA GSMaP V8 operational / Google Earth Engine,0,2026-09-01T07:43:18.881795+00:00
PKGL-00001,2026-08-14T11:00:00+00:00,0.21127471327781677,JAXA GSMaP V8 operational / Google Earth Engine,0,2026-09-01T07:43:18.881795+00:00
PKGL-00001,2026-08-14T12:00:00+00:00,0.23344886302947998,JAXA GSMaP V8 operational / Google Earth Engine,0,2026-09-01T07:43:18.881795+00:00
PKGL-00001,2026-08-14T13:00:00+00:00,0.2501339912414551,JAXA GSMaP V8 operational / Google Earth Engine,0,2026-09-01T07:43:18.881795+00:00
PKGL-00001,2026-08-14T14:00:00+00:00,0.26514583826065063,JAXA GSMaP V8 operational / Google Earth Engine,0,2026-09-01T07:43:18.881795+00:00
PKGL-00001,2026-08-14T15:00:00+00:00,0.282449871301651,JAXA GSMaP V8 operational / Google Earth Engine,0,2026-09-01T07:43:18.881795+00:00
PKGL-00001,2026-08-14T16:00:00+00:00,0.3147888481616974,JAXA GSMaP V8 operational / Google Earth Engine,0,2026-09-01T07:43:18.881795+00:00
PKGL-00001,2026-08-14T17:00:00+00:00,0.3208710849285126,JAXA GSMaP V8 operational / Google Earth Engine,0,2026-09-01T07:43:18.881795+00:00
PKGL-00001,2026-08-14T18:00:00+00:00,0.2884678542613983,JAXA GSMaP V8 operational / Google Earth Engine,0,2026-09-01T07:43:18.881795+00:00
PKGL-00001,2026-08-14T19:00:00+00:00,0.2658630907535553,JAXA GSMaP V8 operational / Google Earth Engine,0,2026-09-01T07:43:18.881795+00:00
PKGL-00001,2026-08-14T20:00:00+00:00,0.241993248462677,JAXA GSMaP V8 operational / Google Earth Engine,0,2026-09-01T07:43:18.881795+00:00
PKGL-00001,2026-08-14T21:00:00+00:00,0.22967654466629028,JAXA GSMaP V8 operational / Google Earth Engine,0,2026-09-01T07:43:18.881795+00:00
PKGL-00001,2026-08-14T22:00:00+00:00,0.22507622838020325,JAXA GSMaP V8 operational / Google Earth Engine,0,2026-09-01T07:43:18.881795+00:00
PKGL-00001,2026-08-14T23:00:00+00:00,0.2212987244129181,JAXA GSMaP V8 operational / Google Earth Engine,0,2026-09-01T07:43:18.881795+00:00
PKGL-00001,2026-08-15T00:00:00+00:00,0.2002067267894745,JAXA GSMaP V8 operational / Google Earth Engine,0,2026-09-01T07:43:18.881795+00:00
PKGL-00001,2026-08-15T01:00:00+00:00,0.20421433448791504,JAXA GSMaP V8 operational / Google Earth Engine,0,2026-09-01T07:43:18.881795+00:00
PKGL-00001,2026-08-15T02:00:00+00:00,0.21639740467071533,JAXA GSMaP V8 operational / Google Earth Engine,0,2026-09-01T07:43:18.881795+00:00
PKGL-00001,2026-08-15T03:00:00+00:00,0.2236657738685608,JAXA GSMaP V8 operational / Google Earth Engine,0,2026-09-01T07:43:18.881795+00:00
PKGL-00001,2026-08-15T04:00:00+00:00,0.2245577871799469,JAXA GSMaP V8 operational / Google Earth Engine,0,2026-09-01T07:43:18.881795+00:00
PKGL-00001,2026-08-15T05:00:00+00:00,0.22016358375549316,JAXA GSMaP V8 operational / Google Earth Engine,0,2026-09-01T07:43:18.881795+00:00
PKGL-00001,2026-08-15T06:00:00+00:00,0.0,JAXA GSMaP V8 operational / Google Earth Engine,0,2026-09-01T07:43:18.881795+00:00
PKGL-00001,2026-08-15T07:00:00+00:00,0.0,JAXA GSMaP V8 operational / Google Earth Engine,0,2026-09-01T07:43:18.881795+00:00
PKGL-00001,2026-08-15T08:00:00+00:00,0.0,JAXA GSMaP V8 operational / Google Earth Engine,0,2026-09-01T07:43:18.881795+00:00
PKGL-00001,2026-08-15T09:00:00+00:00,0.0,JAXA GSMaP V8 operational / Google Earth Engine,0,2026-09-01T07:43:18.881795+00:00
PKGL-00001,2026-08-15T10:00:00+00:00,0.0,JAXA GSMaP V8 operational / Google Earth Engine,0,2026-09-01T07:43:18.881795+00:00
PKGL-00001,2026-08-15T11:00:00+00:00,0.0,JAXA GSMaP V8 operational / Google Earth Engine,0,2026-09-01T07:43:18.881795+00:00
PKGL-00001,2026-08-15T12:00:00+00:00,0.0,JAXA GSMaP V8 operational / Google Earth Engine,0,2026-09-01T07:43:18.881795+00:00
PKGL-00001,2026-08-15T13:00:00+00:00,0.0,JAXA GSMaP V8 operational / Google Earth Engine,0,2026-09-01T07:43:18.881795+00:00
PKGL-00001,2026-08-15T14:00:00+00:00,0.0,JAXA GSMaP V8 operational / Google Earth Engine,0,2026-09-01T07:43:18.881795+00:00
PKGL-00001,2026-08-15T15:00:00+00:00,0.0,JAXA GSMaP V8 operational / Google Earth Engine,0,2026-09-01T07:43:18.881795+00:00
PKGL-00001,2026-08-15T16:00:00+00:00,0.0,JAXA GSMaP V8 operational / Google Earth Engine,0,2026-09-01T07:43:18.881795+00:00
PKGL-00001,2026-08-15T17:00:00+00:00,0.0,JAXA GSMaP V8 operational / Google Earth Engine,0,2026-09-01T07:43:18.881795+00:00
PKGL-00001,2026-08-15T18:00:00+00:00,0.0,JAXA GSMaP V8 operational / Google Earth Engine,0,2026-09-01T07:43:18.881795+00:00
PKGL-00001,2026-08-15T19:00:00+00:00,0.0,JAXA GSMaP V8 operational / Google Earth Engine,0,2026-09-01T07:43:18.881795+00:00
PKGL-00001,2026-08-15T20:00:00+00:00,0.0,JAXA GSMaP V8 operational / Google Earth Engine,0,2026-09-01T07:43:18.881795+00:00
PKGL-00001,2026-08-15T21:00:00+00:00,0.0,JAXA GSMaP V8 operational / Google Earth Engine,0,2026-09-01T07:43:18.881795+00:00
PKGL-00001,2026-08-15T22:00:00+00:00,0.0,JAXA GSMaP V8 operational / Google Earth Engine,0,2026-09-01T07:43:18.881795+00:00
PKGL-00001,2026-08-15T23:00:00+00:00,0.0,JAXA GSMaP V8 operational / Google Earth Engine,0,2026-09-01T07:43:18.881795+00:00
PKGL-00001,2026-08-16T00:00:00+00:00,0.0,JAXA GSMaP V8 operational / Google Earth Engine,0,2026-09-01T07:43:18.881795+00:00
PKGL-00001,2026-08-16T01:00:00+00:00,0.0,JAXA GSMaP V8 operational / Google Earth Engine,0,2026-09-01T07:43:18.881795+00:00
PKGL-00001,2026-08-16T02:00:00+00:00,0.0,JAXA GSMaP V8 operational / Google Earth Engine,0,2026-09-01T07:43:18.881795+00:00
PKGL-00001,2026-08-16T03:00:00+00:00,0.0,JAXA GSMaP V8 operational / Google Earth Engine,0,2026-09-01T07:43:18.881795+00:00
PKGL-00001,2026-08-16T04:00:00+00:00,0.0,JAXA GSMaP V8 operational / Google Earth Engine,0,2026-09-01T07:43:18.881795+00:00
PKGL-00001,2026-08-16T05:00:00+00:00,0.0,JAXA GSMaP V8 operational / Google Earth Engine,0,2026-09-01T07:43:18.881795+00:00
PKGL-00001,2026-08-16T06:00:00+00:00,0.0,JAXA GSMaP V8 operational / Google Earth Engine,0,2026-09-01T07:43:18.881795+00:00
PKGL-00001,2026-08-16T07:00:00+00:00,0.0,JAXA GSMaP V8 operational / Google Earth Engine,0,2026-09-01T07:43:18.881795+00:00
PKGL-00001,2026-08-16T08:00:00+00:00,0.0,JAXA GSMaP V8 operational / Google Earth Engine,0,2026-09-01T07:43:18.881795+00:00
PKGL-00001,2026-08-16T09:00:00+00:00,0.0,JAXA GSMaP V8 operational / Google Earth Engine,0,2026-09-01T07:43:18.881795+00:00
PKGL-00001,2026-08-16T10:00:00+00:00,0.0,JAXA GSMaP V8 operational / Google Earth Engine,0,2026-09-01T07:43:18.881795+00:00
PKGL-00001,2026-08-16T11:00:00+00:00,0.0,JAXA GSMaP V8 operational / Google Earth Engine,0,2026-09-01T07:43:18.881795+00:00
PKGL-00001,2026-08-16T12:00:00+00:00,0.0,JAXA GSMaP V8 operational / Google Earth Engine,0,2026-09-01T07:43:18.881795+00:00
PKGL-00001,2026-08-16T13:00:00+00:00,0.0,JAXA GSMaP V8 operational / Google Earth Engine,0,2026-09-01T07:43:18.881795+00:00
PKGL-00001,2026-08-16T14:00:00+00:00,0.0,JAXA GSMaP V8 operational / Google Earth Engine,0,2026-09-01T07:43:18.881795+00:00
PKGL-00001,2026-08-16T15:00:00+00:00,0.0,JAXA GSMaP V8 operational / Google Earth Engine,0,2026-09-01T07:43:18.881795+00:00
PKGL-00001,2026-08-16T16:00:00+00:00,0.0,JAXA GSMaP V8 operational / Google Earth Engine,0,2026-09-01T07:43:18.881795+00:00
PKGL-00001,2026-08-16T17:00:00+00:00,0.0,JAXA GSMaP V8 operational / Google Earth Engine,0,2026-09-01T07:43:18.881795+00:00
PKGL-00001,2026-08-16T18:00:00+00:00,0.0,JAXA GSMaP V8 operational / Google Earth Engine,0,2026-09-01T07:43:18.881795+00:00
PKGL-00001,2026-08-16T19:00:00+00:00,0.0,JAXA GSMaP V8 operational / Google Earth Engine,0,2026-09-01T07:43:18.881795+00:00
PKGL-00001,2026-08-16T20:00:00+00:00,0.0,JAXA GSMaP V8 operational / Google Earth Engine,0,2026-09-01T07:43:18.881795+00:00
PKGL-00001,2026-08-16T21:00:00+00:00,0.0,JAXA GSMaP V8 operational / Google Earth Engine,0,2026-09-01T07:43:18.881795+00:00
PKGL-00001,2026-08-16T22:00:00+00:00,0.0,JAXA GSMaP V8 operational / Google Earth Engine,0,2026-09-01T07:43:18.881795+00:00
PKGL-00001,2026-08-16T23:00:00+00:00,0.0,JAXA GSMaP V8 operational / Google Earth Engine,0,2026-09-01T07:43:18.881795+00:00
PKGL-00001,2026-08-17T00:00:00+00:00,0.0,JAXA GSMaP V8 operational / Google Earth Engine,0,2026-09-01T07:43:18.881795+00:00
PKGL-00001,2026-08-17T01:00:00+00:00,0.0,JAXA GSMaP V8 operational / Google Earth Engine,0,2026-09-01T07:43:18.881795+00:00
PKGL-00001,2026-08-17T02:00:00+00:00,0.0,JAXA GSMaP V8 operational / Google Earth Engine,0,2026-09-01T07:43:18.881795+00:00
PKGL-00001,2026-08-17T03:00:00+00:00,0.0,JAXA GSMaP V8 operational / Google Earth Engine,0,2026-09-01T07:43:18.881795+00:00
PKGL-00001,2026-08-17T04:00:00+00:00,0.0,JAXA GSMaP V8 operational / Google Earth Engine,0,2026-09-01T07:43:18.881795+00:00
PKGL-00001,2026-08-17T05:00:00+00:00,0.0,JAXA GSMaP V8 operational / Google Earth Engine,0,2026-09-01T07:43:18.881795+00:00
PKGL-00001,2026-08-17T06:00:00+00:00,0.0,JAXA GSMaP V8 operational / Google Earth Engine,0,2026-09-01T07:43:18.881795+00:00
PKGL-00001,2026-08-17T07:00:00+00:00,0.0,JAXA GSMaP V8 operational / Google Earth Engine,0,2026-09-01T07:43:18.881795+00:00
PKGL-00001,2026-08-17T08:00:00+00:00,0.0,JAXA GSMaP V8 operational / Google Earth Engine,0,2026-09-01T07:43:18.881795+00:00
PKGL-00001,2026-08-17T09:00:00+00:00,0.0,JAXA GSMaP V8 operational / Google Earth Engine,0,2026-09-01T07:43:18.881795+00:00
PKGL-00001,2026-08-17T10:00:00+00:00,0.0,JAXA GSMaP V8 operational / Google Earth Engine,0,2026-09-01T07:43:18.881795+00:00
PKGL-00001,2026-08-17T11:00:00+00:00,0.0,JAXA GSMaP V8 operational / Google Earth Engine,0,2026-09-01T07:43:18.881795+00:00
PKGL-00001,2026-08-17T12:00:00+00:00,0.0,JAXA GSMaP V8 operational / Google Earth Engine,0,2026-09-01T07:43:18.881795+00:00
PKGL-00001,2026-08-17T13:00:00+00:00,0.0,JAXA GSMaP V8 operational / Google Earth Engine,0,2026-09-01T07:43:18.881795+00:00
PKGL-00001,2026-08-17T14:00:00+00:00,0.0,JAXA GSMaP V8 operational / Google Earth Engine,0,2026-09-01T07:43:18.881795+00:00
PKGL-00001,2026-08-17T15:00:00+00:00,0.0,JAXA GSMaP V8 operational / Google Earth Engine,0,2026-09-01T07:43:18.881795+00:00
PKGL-00001,2026-08-17T16:00:00+00:00,0.0,JAXA GSMaP V8 operational / Google Earth Engine,0,2026-09-01T07:43:18.881795+00:00
PKGL-00001,2026-08-17T17:00:00+00:00,0.0,JAXA GSMaP V8 operational / Google Earth Engine,0,2026-09-01T07:43:18.881795+00:00
PKGL-00001,2026-08-17T18:00:00+00:00,0.0,JAXA GSMaP V8 operational / Google Earth Engine,0,2026-09-01T07:43:18.881795+00:00
PKGL-00001,2026-08-17T19:00:00+00:00,0.0,JAXA GSMaP V8 operational / Google Earth Engine,0,2026-09-01T07:43:18.881795+00:00
PKGL-00001,2026-08-17T20:00:00+00:00,0.0,JAXA GSMaP V8 operational / Google Earth Engine,0,2026-09-01T07:43:18.881795+00:00
PKGL-00001,2026-08-17T21:00:00+00:00,0.0,JAXA GSMaP V8 operational / Google Earth Engine,0,2026-09-01T07:43:18.881795+00:00
PKGL-00001,2026-08-17T22:00:00+00:00,0.0,JAXA GSMaP V8 operational / Google Earth Engine,0,2026-09-01T07:43:18.881795+00:00
PKGL-00001,2026-08-17T23:00:00+00:00,0.0,JAXA GSMaP V8 operational / Google Earth Engine,0,2026-09-01T07:43:18.881795+00:00
PKGL-00001,2026-08-18T00:00:00+00:00,0.0,JAXA GSMaP V8 operational / Google Earth Engine,0,2026-09-01T07:43:18.881795+00:00
PKGL-00001,2026-08-18T01:00:00+00:00,0.0,JAXA GSMaP V8 operational / Google Earth Engine,0,2026-09-01T07:43:18.881795+00:00
PKGL-00001,2026-08-18T02:00:00+00:00,0.0,JAXA GSMaP V8 operational / Google Earth Engine,0,2026-09-01T07:43:18.881795+00:00
PKGL-00001,2026-08-18T03:00:00+00:00,0.0,JAXA GSMaP V8 operational / Google Earth Engine,0,2026-09-01T07:43:18.881795+00:00
PKGL-00001,2026-08-18T04:00:00+00:00,0.0,JAXA GSMaP V8 operational / Google Earth Engine,0,2026-09-01T07:43:18.881795+00:00
PKGL-00001,2026-08-18T05:00:00+00:00,0.0,JAXA GSMaP V8 operational / Google Earth Engine,0,2026-09-01T07:43:18.881795+00:00
PKGL-00001,2026-08-18T06:00:00+00:00,0.0,JAXA GSMaP V8 operational / Google Earth Engine,0,2026-09-01T07:43:18.881795+00:00
PKGL-00001,2026-08-18T07:00:00+00:00,0.0,JAXA GSMaP V8 operational / Google Earth Engine,0,2026-09-01T07:43:18.881795+00:00
PKGL-00001,2026-08-18T08:00:00+00:00,0.0,JAXA GSMaP V8 operational / Google Earth Engine,0,2026-09-01T07:43:18.881795+00:00
PKGL-00001,2026-08-18T09:00:00+00:00,0.12041821330785751,JAXA GSMaP V8 operational / Google Earth Engine,0,2026-09-01T07:43:18.881795+00:00
PKGL-00001,2026-08-18T10:00:00+00:00,0.19877351820468903,JAXA GSMaP V8 operational / Google Earth Engine,0,2026-09-01T07:43:18.881795+00:00
PKGL-00001,2026-08-18T11:00:00+00:00,0.1482488512992859,JAXA GSMaP V8 operational / Google Earth Engine,0,2026-09-01T07:43:18.881795+00:00
PKGL-00001,2026-08-18T12:00:00+00:00,0.1060497835278511,JAXA GSMaP V8 operational / Google Earth Engine,0,2026-09-01T07:43:18.881795+00:00
PKGL-00001,2026-08-18T13:00:00+00:00,0.0,JAXA GSMaP V8 operational / Google Earth Engine,0,2026-09-01T07:43:18.881795+00:00
PKGL-00001,2026-08-18T14:00:00+00:00,0.0,JAXA GSMaP V8 operational / Google Earth Engine,0,2026-09-01T07:43:18.881795+00:00
PKGL-00001,2026-08-18T15:00:00+00:00,0.0,JAXA GSMaP V8 operational / Google Earth Engine,0,2026-09-01T07:43:18.881795+00:00
PKGL-00001,2026-08-18T16:00:00+00:00,0.0,JAXA GSMaP V8 operational / Google Earth Engine,0,2026-09-01T07:43:18.881795+00:00
PKGL-00001,2026-08-18T17:00:00+00:00,0.0,JAXA GSMaP V8 operational / Google Earth Engine,0,2026-09-01T07:43:18.881795+00:00
PKGL-00001,2026-08-18T18:00:00+00:00,0.0,JAXA GSMaP V8 operational / Google Earth Engine,0,2026-09-01T07:43:18.881795+00:00
PKGL-00001,2026-08-18T19:00:00+00:00,0.0,JAXA GSMaP V8 operational / Google Earth Engine,0,2026-09-01T07:43:18.881795+00:00
PKGL-00001,2026-08-18T20:00:00+00:00,0.0,JAXA GSMaP V8 operational / Google Earth Engine,0,2026-09-01T07:43:18.881795+00:00
PKGL-00001,2026-08-18T21:00:00+00:00,0.0,JAXA GSMaP V8 operational / Google Earth Engine,0,2026-09-01T07:43:18.881795+00:00
PKGL-00001,2026-08-18T22:00:00+00:00,0.0,JAXA GSMaP V8 operational / Google Earth Engine,0,2026-09-01T07:43:18.881795+00:00
PKGL-00001,2026-08-18T23:00:00+00:00,0.0,JAXA GSMaP V8 operational / Google Earth Engine,0,2026-09-01T07:43:18.881795+00:00
PKGL-00001,2026-08-19T00:00:00+00:00,0.0,JAXA GSMaP V8 operational / Google Earth Engine,0,2026-09-01T07:43:18.881795+00:00
PKGL-00001,2026-08-19T01:00:00+00:00,0.0,JAXA GSMaP V8 operational / Google Earth Engine,0,2026-09-01T07:43:18.881795+00:00
PKGL-00001,2026-08-19T02:00:00+00:00,0.0,JAXA GSMaP V8 operational / Google Earth Engine,0,2026-09-01T07:43:18.881795+00:00
PKGL-00001,2026-08-19T03:00:00+00:00,0.0,JAXA GSMaP V8 operational / Google Earth Engine,0,2026-09-01T07:43:18.881795+00:00
PKGL-00001,2026-08-19T04:00:00+00:00,0.0,JAXA GSMaP V8 operational / Google Earth Engine,0,2026-09-01T07:43:18.881795+00:00
PKGL-00001,2026-08-19T05:00:00+00:00,0.0,JAXA GSMaP V8 operational / Google Earth Engine,0,2026-09-01T07:43:18.881795+00:00
PKGL-00001,2026-08-19T06:00:00+00:00,0.12581561505794525,JAXA GSMaP V8 operational / Google Earth Engine,0,2026-09-01T07:43:18.881795+00:00
PKGL-00001,2026-08-19T07:00:00+00:00,0.22336728870868683,JAXA GSMaP V8 operational / Google Earth Engine,0,2026-09-01T07:43:18.881795+00:00
PKGL-00001,2026-08-19T08:00:00+00:00,0.2542782723903656,JAXA GSMaP V8 operational / Google Earth Engine,0,2026-09-01T07:43:18.881795+00:00
PKGL-00001,2026-08-19T09:00:00+00:00,0.31196144223213196,JAXA GSMaP V8 operational / Google Earth Engine,0,2026-09-01T07:43:18.881795+00:00
PKGL-00001,2026-08-19T10:00:00+00:00,0.3361995220184326,JAXA GSMaP V8 operational / Google Earth Engine,0,2026-09-01T07:43:18.881795+00:00
PKGL-00001,2026-08-19T11:00:00+00:00,0.34969085454940796,JAXA GSMaP V8 operational / Google Earth Engine,0,2026-09-01T07:43:18.881795+00:00
PKGL-00001,2026-08-19T12:00:00+00:00,0.35253188014030457,JAXA GSMaP V8 operational / Google Earth Engine,0,2026-09-01T07:43:18.881795+00:00
PKGL-00001,2026-08-19T13:00:00+00:00,0.34984448552131653,JAXA GSMaP V8 operational / Google Earth Engine,0,2026-09-01T07:43:18.881795+00:00
PKGL-00001,2026-08-19T14:00:00+00:00,0.34728381037712097,JAXA GSMaP V8 operational / Google Earth Engine,0,2026-09-01T07:43:18.881795+00:00
PKGL-00001,2026-08-19T15:00:00+00:00,0.34249845147132874,JAXA GSMaP V8 operational / Google Earth Engine,0,2026-09-01T07:43:18.881795+00:00
PKGL-00001,2026-08-19T16:00:00+00:00,0.3372357487678528,JAXA GSMaP V8 operational / Google Earth Engine,0,2026-09-01T07:43:18.881795+00:00
PKGL-00001,2026-08-19T17:00:00+00:00,0.33807089924812317,JAXA GSMaP V8 operational / Google Earth Engine,0,2026-09-01T07:43:18.881795+00:00
PKGL-00001,2026-08-19T18:00:00+00:00,0.34011638164520264,JAXA GSMaP V8 operational / Google Earth Engine,0,2026-09-01T07:43:18.881795+00:00
PKGL-00001,2026-08-19T19:00:00+00:00,0.3420775234699249,JAXA GSMaP V8 operational / Google Earth Engine,0,2026-09-01T07:43:18.881795+00:00
PKGL-00001,2026-08-19T20:00:00+00:00,0.3471197783946991,JAXA GSMaP V8 operational / Google Earth Engine,0,2026-09-01T07:43:18.881795+00:00
PKGL-00001,2026-08-19T21:00:00+00:00,0.35584089159965515,JAXA GSMaP V8 operational / Google Earth Engine,0,2026-09-01T07:43:18.881795+00:00
PKGL-00001,2026-08-19T22:00:00+00:00,0.37002670764923096,JAXA GSMaP V8 operational / Google Earth Engine,0,2026-09-01T07:43:18.881795+00:00
PKGL-00001,2026-08-19T23:00:00+00:00,0.39313820004463196,JAXA GSMaP V8 operational / Google Earth Engine,0,2026-09-01T07:43:18.881795+00:00
PKGL-00001,2026-08-20T00:00:00+00:00,0.3703537881374359,JAXA GSMaP V8 operational / Google Earth Engine,0,2026-09-01T07:43:18.881795+00:00
PKGL-00001,2026-08-20T01:00:00+00:00,0.35467031598091125,JAXA GSMaP V8 operational / Google Earth Engine,0,2026-09-01T07:43:18.881795+00:00
PKGL-00001,2026-08-20T02:00:00+00:00,0.34397801756858826,JAXA GSMaP V8 operational / Google Earth Engine,0,2026-09-01T07:43:18.881795+00:00
PKGL-00001,2026-08-20T03:00:00+00:00,0.3374801576137543,JAXA GSMaP V8 operational / Google Earth Engine,0,2026-09-01T07:43:18.881795+00:00
PKGL-00001,2026-08-20T04:00:00+00:00,0.3338668942451477,JAXA GSMaP V8 operational / Google Earth Engine,0,2026-09-01T07:43:18.881795+00:00
PKGL-00001,2026-08-20T05:00:00+00:00,0.3328562080860138,JAXA GSMaP V8 operational / Google Earth Engine,0,2026-09-01T07:43:18.881795+00:00
PKGL-00001,2026-08-20T06:00:00+00:00,0.0,JAXA GSMaP V8 operational / Google Earth Engine,0,2026-09-01T07:43:18.881795+00:00
PKGL-00001,2026-08-20T07:00:00+00:00,0.0,JAXA GSMaP V8 operational / Google Earth Engine,0,2026-09-01T07:43:18.881795+00:00
PKGL-00001,2026-08-20T08:00:00+00:00,0.16797247529029846,JAXA GSMaP V8 operational / Google Earth Engine,0,2026-09-01T07:43:18.881795+00:00
PKGL-00001,2026-08-20T09:00:00+00:00,0.22632092237472534,JAXA GSMaP V8 operational / Google Earth Engine,0,2026-09-01T07:43:18.881795+00:00
PKGL-00001,2026-08-20T10:00:00+00:00,0.2594364285469055,JAXA GSMaP V8 operational / Google Earth Engine,0,2026-09-01T07:43:18.881795+00:00
PKGL-00001,2026-08-20T11:00:00+00:00,0.23633870482444763,JAXA GSMaP V8 operational / Google Earth Engine,0,2026-09-01T07:43:18.881795+00:00
PKGL-00001,2026-08-20T12:00:00+00:00,0.2002648115158081,JAXA GSMaP V8 operational / Google Earth Engine,0,2026-09-01T07:43:18.881795+00:00
PKGL-00001,2026-08-20T13:00:00+00:00,0.16822832822799683,JAXA GSMaP V8 operational / Google Earth Engine,0,2026-09-01T07:43:18.881795+00:00
PKGL-00001,2026-08-20T14:00:00+00:00,0.13680841028690338,JAXA GSMaP V8 operational / Google Earth Engine,0,2026-09-01T07:43:18.881795+00:00
PKGL-00001,2026-08-20T15:00:00+00:00,0.0,JAXA GSMaP V8 operational / Google Earth Engine,0,2026-09-01T07:43:18.881795+00:00
PKGL-00001,2026-08-20T16:00:00+00:00,0.0,JAXA GSMaP V8 operational / Google Earth Engine,0,2026-09-01T07:43:18.881795+00:00
PKGL-00001,2026-08-20T17:00:00+00:00,0.0,JAXA GSMaP V8 operational / Google Earth Engine,0,2026-09-01T07:43:18.881795+00:00
PKGL-00001,2026-08-20T18:00:00+00:00,0.0,JAXA GSMaP V8 operational / Google Earth Engine,0,2026-09-01T07:43:18.881795+00:00
PKGL-00001,2026-08-20T19:00:00+00:00,0.0,JAXA GSMaP V8 operational / Google Earth Engine,0,2026-09-01T07:43:18.881795+00:00
PKGL-00001,2026-08-20T20:00:00+00:00,0.0,JAXA GSMaP V8 operational / Google Earth Engine,0,2026-09-01T07:43:18.881795+00:00
PKGL-00001,2026-08-20T21:00:00+00:00,0.0,JAXA GSMaP V8 operational / Google Earth Engine,0,2026-09-01T07:43:18.881795+00:00
PKGL-00001,2026-08-20T22:00:00+00:00,0.0,JAXA GSMaP V8 operational / Google Earth Engine,0,2026-09-01T07:43:18.881795+00:00
PKGL-00001,2026-08-20T23:00:00+00:00,0.0,JAXA GSMaP V8 operational / Google Earth Engine,0,2026-09-01T07:43:18.881795+00:00
PKGL-00001,2026-08-21T00:00:00+00:00,0.0,JAXA GSMaP V8 operational / Google Earth Engine,0,2026-09-01T07:43:18.881795+00:00
PKGL-00001,2026-08-21T01:00:00+00:00,0.0,JAXA GSMaP V8 operational / Google Earth Engine,0,2026-09-01T07:43:18.881795+00:00
PKGL-00001,2026-08-21T02:00:00+00:00,0.0,JAXA GSMaP V8 operational / Google Earth Engine,0,2026-09-01T07:43:18.881795+00:00
PKGL-00001,2026-08-21T03:00:00+00:00,0.0,JAXA GSMaP V8 operational / Google Earth Engine,0,2026-09-01T07:43:18.881795+00:00
PKGL-00001,2026-08-21T04:00:00+00:00,0.0,JAXA GSMaP V8 operational / Google Earth Engine,0,2026-09-01T07:43:18.881795+00:00
PKGL-00001,2026-08-21T05:00:00+00:00,0.0,JAXA GSMaP V8 operational / Google Earth Engine,0,2026-09-01T07:43:18.881795+00:00
PKGL-00001,2026-08-21T06:00:00+00:00,0.0,JAXA GSMaP V8 operational / Google Earth Engine,0,2026-09-01T07:43:18.881795+00:00
PKGL-00001,2026-08-21T07:00:00+00:00,0.0,JAXA GSMaP V8 operational / Google Earth Engine,0,2026-09-01T07:43:18.881795+00:00
PKGL-00001,2026-08-21T08:00:00+00:00,0.14013119041919708,JAXA GSMaP V8 operational / Google Earth Engine,0,2026-09-01T07:43:18.882795+00:00
PKGL-00001,2026-08-21T09:00:00+00:00,0.17216189205646515,JAXA GSMaP V8 operational / Google Earth Engine,0,2026-09-01T07:43:18.882795+00:00
PKGL-00001,2026-08-21T10:00:00+00:00,0.18171082437038422,JAXA GSMaP V8 operational / Google Earth Engine,0,2026-09-01T07:43:18.882795+00:00
PKGL-00001,2026-08-21T11:00:00+00:00,0.1778983175754547,JAXA GSMaP V8 operational / Google Earth Engine,0,2026-09-01T07:43:18.882795+00:00
PKGL-00001,2026-08-21T12:00:00+00:00,0.1904403120279312,JAXA GSMaP V8 operational / Google Earth Engine,0,2026-09-01T07:43:18.882795+00:00
PKGL-00001,2026-08-21T13:00:00+00:00,0.19618894159793854,JAXA GSMaP V8 operational / Google Earth Engine,0,2026-09-01T07:43:18.882795+00:00
PKGL-00001,2026-08-21T14:00:00+00:00,0.20354235172271729,JAXA GSMaP V8 operational / Google Earth Engine,0,2026-09-01T07:43:18.882795+00:00
PKGL-00001,2026-08-21T15:00:00+00:00,0.2143385261297226,JAXA GSMaP V8 operational / Google Earth Engine,0,2026-09-01T07:43:18.882795+00:00
PKGL-00001,2026-08-21T16:00:00+00:00,0.21460162103176117,JAXA GSMaP V8 operational / Google Earth Engine,0,2026-09-01T07:43:18.882795+00:00
PKGL-00001,2026-08-21T17:00:00+00:00,0.20841428637504578,JAXA GSMaP V8 operational / Google Earth Engine,0,2026-09-01T07:43:18.882795+00:00
PKGL-00001,2026-08-21T18:00:00+00:00,0.20515522360801697,JAXA GSMaP V8 operational / Google Earth Engine,0,2026-09-01T07:43:18.882795+00:00
PKGL-00001,2026-08-21T19:00:00+00:00,0.20134149491786957,JAXA GSMaP V8 operational / Google Earth Engine,0,2026-09-01T07:43:18.882795+00:00
PKGL-00001,2026-08-21T20:00:00+00:00,0.20559734106063843,JAXA GSMaP V8 operational / Google Earth Engine,0,2026-09-01T07:43:18.882795+00:00
PKGL-00001,2026-08-21T21:00:00+00:00,0.20930688083171844,JAXA GSMaP V8 operational / Google Earth Engine,0,2026-09-01T07:43:18.882795+00:00
PKGL-00001,2026-08-21T22:00:00+00:00,0.21714593470096588,JAXA GSMaP V8 operational / Google Earth Engine,0,2026-09-01T07:43:18.882795+00:00
PKGL-00001,2026-08-21T23:00:00+00:00,0.22531463205814362,JAXA GSMaP V8 operational / Google Earth Engine,0,2026-09-01T07:43:18.882795+00:00
PKGL-00001,2026-08-22T00:00:00+00:00,0.16984467208385468,JAXA GSMaP V8 operational / Google Earth Engine,0,2026-09-01T07:43:18.882795+00:00
PKGL-00001,2026-08-22T01:00:00+00:00,0.16551683843135834,JAXA GSMaP V8 operational / Google Earth Engine,0,2026-09-01T07:43:18.882795+00:00
PKGL-00001,2026-08-22T02:00:00+00:00,0.16590248048305511,JAXA GSMaP V8 operational / Google Earth Engine,0,2026-09-01T07:43:18.882795+00:00
PKGL-00001,2026-08-22T03:00:00+00:00,0.16958309710025787,JAXA GSMaP V8 operational / Google Earth Engine,0,2026-09-01T07:43:18.882795+00:00
PKGL-00001,2026-08-22T04:00:00+00:00,0.17829629778862,JAXA GSMaP V8 operational / Google Earth Engine,0,2026-09-01T07:43:18.882795+00:00
PKGL-00001,2026-08-22T05:00:00+00:00,0.1957690268754959,JAXA GSMaP V8 operational / Google Earth Engine,0,2026-09-01T07:43:18.882795+00:00
PKGL-00001,2026-08-22T06:00:00+00:00,0.0,JAXA GSMaP V8 operational / Google Earth Engine,0,2026-09-01T07:43:18.882795+00:00
PKGL-00001,2026-08-22T07:00:00+00:00,0.0,JAXA GSMaP V8 operational / Google Earth Engine,0,2026-09-01T07:43:18.882795+00:00
PKGL-00001,2026-08-22T08:00:00+00:00,0.16117040812969208,JAXA GSMaP V8 operational / Google Earth Engine,0,2026-09-01T07:43:18.882795+00:00
PKGL-00001,2026-08-22T09:00:00+00:00,0.0,JAXA GSMaP V8 operational / Google Earth Engine,0,2026-09-01T07:43:18.882795+00:00
PKGL-00001,2026-08-22T10:00:00+00:00,0.0,JAXA GSMaP V8 operational / Google Earth Engine,0,2026-09-01T07:43:18.882795+00:00
PKGL-00001,2026-08-22T11:00:00+00:00,0.0,JAXA GSMaP V8 operational / Google Earth Engine,0,2026-09-01T07:43:18.882795+00:00
PKGL-00001,2026-08-22T12:00:00+00:00,0.0,JAXA GSMaP V8 operational / Google Earth Engine,0,2026-09-01T07:43:18.882795+00:00
PKGL-00001,2026-08-22T13:00:00+00:00,0.0,JAXA GSMaP V8 operational / Google Earth Engine,0,2026-09-01T07:43:18.882795+00:00
PKGL-00001,2026-08-22T14:00:00+00:00,0.0,JAXA GSMaP V8 operational / Google Earth Engine,0,2026-09-01T07:43:18.882795+00:00
PKGL-00001,2026-08-22T15:00:00+00:00,0.0,JAXA GSMaP V8 operational / Google Earth Engine,0,2026-09-01T07:43:18.882795+00:00
PKGL-00001,2026-08-22T16:00:00+00:00,0.0,JAXA GSMaP V8 operational / Google Earth Engine,0,2026-09-01T07:43:18.882795+00:00
PKGL-00001,2026-08-22T17:00:00+00:00,0.0,JAXA GSMaP V8 operational / Google Earth Engine,0,2026-09-01T07:43:18.882795+00:00
PKGL-00001,2026-08-22T18:00:00+00:00,0.0,JAXA GSMaP V8 operational / Google Earth Engine,0,2026-09-01T07:43:18.882795+00:00
PKGL-00001,2026-08-22T19:00:00+00:00,0.1998528093099594,JAXA GSMaP V8 operational / Google Earth Engine,0,2026-09-01T07:43:18.882795+00:00
PKGL-00001,2026-08-22T20:00:00+00:00,0.4925871789455414,JAXA GSMaP V8 operational / Google Earth Engine,0,2026-09-01T07:43:18.882795+00:00
PKGL-00001,2026-08-22T21:00:00+00:00,0.9710738658905029,JAXA GSMaP V8 operational / Google Earth Engine,0,2026-09-01T07:43:18.882795+00:00
PKGL-00001,2026-08-22T22:00:00+00:00,1.2743804454803467,JAXA GSMaP V8 operational / Google Earth Engine,0,2026-09-01T07:43:18.882795+00:00
PKGL-00001,2026-08-22T23:00:00+00:00,1.2202882766723633,JAXA GSMaP V8 operational / Google Earth Engine,0,2026-09-01T07:43:18.882795+00:00
PKGL-00001,2026-08-23T00:00:00+00:00,1.074640154838562,JAXA GSMaP V8 operational / Google Earth Engine,0,2026-09-01T07:43:18.882795+00:00
PKGL-00001,2026-08-23T01:00:00+00:00,0.6634615659713745,JAXA GSMaP V8 operational / Google Earth Engine,0,2026-09-01T07:43:18.882795+00:00
PKGL-00001,2026-08-23T02:00:00+00:00,0.3248560428619385,JAXA GSMaP V8 operational / Google Earth Engine,0,2026-09-01T07:43:18.882795+00:00
PKGL-00001,2026-08-23T03:00:00+00:00,0.10444904118776321,JAXA GSMaP V8 operational / Google Earth Engine,0,2026-09-01T07:43:18.882795+00:00
PKGL-00001,2026-08-23T04:00:00+00:00,0.0,JAXA GSMaP V8 operational / Google Earth Engine,0,2026-09-01T07:43:18.882795+00:00
PKGL-00001,2026-08-23T05:00:00+00:00,0.0,JAXA GSMaP V8 operational / Google Earth Engine,0,2026-09-01T07:43:18.882795+00:00
PKGL-00001,2026-08-23T06:00:00+00:00,0.0,JAXA GSMaP V8 operational / Google Earth Engine,0,2026-09-01T07:43:18.882795+00:00
PKGL-00001,2026-08-23T07:00:00+00:00,0.0,JAXA GSMaP V8 operational / Google Earth Engine,0,2026-09-01T07:43:18.882795+00:00
PKGL-00001,2026-08-23T08:00:00+00:00,0.0,JAXA GSMaP V8 operational / Google Earth Engine,0,2026-09-01T07:43:18.882795+00:00
PKGL-00001,2026-08-23T09:00:00+00:00,0.0,JAXA GSMaP V8 operational / Google Earth Engine,0,2026-09-01T07:43:18.882795+00:00
PKGL-00001,2026-08-23T10:00:00+00:00,0.0,JAXA GSMaP V8 operational / Google Earth Engine,0,2026-09-01T07:43:18.882795+00:00
PKGL-00001,2026-08-23T11:00:00+00:00,0.0,JAXA GSMaP V8 operational / Google Earth Engine,0,2026-09-01T07:43:18.882795+00:00
PKGL-00001,2026-08-23T12:00:00+00:00,0.0,JAXA GSMaP V8 operational / Google Earth Engine,0,2026-09-01T07:43:18.882795+00:00
PKGL-00001,2026-08-23T13:00:00+00:00,0.0,JAXA GSMaP V8 operational / Google Earth Engine,0,2026-09-01T07:43:18.882795+00:00
PKGL-00001,2026-08-23T14:00:00+00:00,0.0,JAXA GSMaP V8 operational / Google Earth Engine,0,2026-09-01T07:43:18.882795+00:00
PKGL-00001,2026-08-23T15:00:00+00:00,0.0,JAXA GSMaP V8 operational / Google Earth Engine,0,2026-09-01T07:43:18.882795+00:00
PKGL-00001,2026-08-23T16:00:00+00:00,0.0,JAXA GSMaP V8 operational / Google Earth Engine,0,2026-09-01T07:43:18.882795+00:00
PKGL-00001,2026-08-23T17:00:00+00:00,0.0,JAXA GSMaP V8 operational / Google Earth Engine,0,2026-09-01T07:43:18.882795+00:00
PKGL-00001,2026-08-23T18:00:00+00:00,0.0,JAXA GSMaP V8 operational / Google Earth Engine,0,2026-09-01T07:43:18.882795+00:00
PKGL-00001,2026-08-23T19:00:00+00:00,0.0,JAXA GSMaP V8 operational / Google Earth Engine,0,2026-09-01T07:43:18.882795+00:00
PKGL-00001,2026-08-23T20:00:00+00:00,0.0,JAXA GSMaP V8 operational / Google Earth Engine,0,2026-09-01T07:43:18.882795+00:00
PKGL-00001,2026-08-23T21:00:00+00:00,0.0,JAXA GSMaP V8 operational / Google Earth Engine,0,2026-09-01T07:43:18.882795+00:00
PKGL-00001,2026-08-23T22:00:00+00:00,0.0,JAXA GSMaP V8 operational / Google Earth Engine,0,2026-09-01T07:43:18.882795+00:00
PKGL-00001,2026-08-23T23:00:00+00:00,0.0,JAXA GSMaP V8 operational / Google Earth Engine,0,2026-09-01T07:43:18.882795+00:00
PKGL-00001,2026-08-24T00:00:00+00:00,0.0,JAXA GSMaP V8 operational / Google Earth Engine,0,2026-09-01T07:43:18.882795+00:00
PKGL-00001,2026-08-24T01:00:00+00:00,0.0,JAXA GSMaP V8 operational / Google Earth Engine,0,2026-09-01T07:43:18.882795+00:00
PKGL-00001,2026-08-24T02:00:00+00:00,0.0,JAXA GSMaP V8 operational / Google Earth Engine,0,2026-09-01T07:43:18.882795+00:00
PKGL-00001,2026-08-24T03:00:00+00:00,0.0,JAXA GSMaP V8 operational / Google Earth Engine,0,2026-09-01T07:43:18.882795+00:00
PKGL-00001,2026-08-24T04:00:00+00:00,0.0,JAXA GSMaP V8 operational / Google Earth Engine,0,2026-09-01T07:43:18.882795+00:00
PKGL-00001,2026-08-24T05:00:00+00:00,0.0,JAXA GSMaP V8 operational / Google Earth Engine,0,2026-09-01T07:43:18.882795+00:00
PKGL-00001,2026-08-24T06:00:00+00:00,0.0,JAXA GSMaP V8 operational / Google Earth Engine,0,2026-09-01T07:43:18.882795+00:00
PKGL-00001,2026-08-24T07:00:00+00:00,0.0,JAXA GSMaP V8 operational / Google Earth Engine,0,2026-09-01T07:43:18.882795+00:00
PKGL-00001,2026-08-24T08:00:00+00:00,0.0,JAXA GSMaP V8 operational / Google Earth Engine,0,2026-09-01T07:43:18.882795+00:00
PKGL-00001,2026-08-24T09:00:00+00:00,0.0,JAXA GSMaP V8 operational / Google Earth Engine,0,2026-09-01T07:43:18.882795+00:00
PKGL-00001,2026-08-24T10:00:00+00:00,0.0,JAXA GSMaP V8 operational / Google Earth Engine,0,2026-09-01T07:43:18.882795+00:00
PKGL-00001,2026-08-24T11:00:00+00:00,0.0,JAXA GSMaP V8 operational / Google Earth Engine,0,2026-09-01T07:43:18.882795+00:00
PKGL-00001,2026-08-24T12:00:00+00:00,0.0,JAXA GSMaP V8 operational / Google Earth Engine,0,2026-09-01T07:43:18.882795+00:00
PKGL-00001,2026-08-24T13:00:00+00:00,0.0,JAXA GSMaP V8 operational / Google Earth Engine,0,2026-09-01T07:43:18.882795+00:00
PKGL-00001,2026-08-24T14:00:00+00:00,0.0,JAXA GSMaP V8 operational / Google Earth Engine,0,2026-09-01T07:43:18.882795+00:00
PKGL-00001,2026-08-24T15:00:00+00:00,0.0,JAXA GSMaP V8 operational / Google Earth Engine,0,2026-09-01T07:43:18.882795+00:00
PKGL-00001,2026-08-24T16:00:00+00:00,0.0,JAXA GSMaP V8 operational / Google Earth Engine,0,2026-09-01T07:43:18.882795+00:00
PKGL-00001,2026-08-24T17:00:00+00:00,0.0,JAXA GSMaP V8 operational / Google Earth Engine,0,2026-09-01T07:43:18.882795+00:00
PKGL-00001,2026-08-24T18:00:00+00:00,0.0,JAXA GSMaP V8 operational / Google Earth Engine,0,2026-09-01T07:43:18.882795+00:00
PKGL-00001,2026-08-24T19:00:00+00:00,0.0,JAXA GSMaP V8 operational / Google Earth Engine,0,2026-09-01T07:43:18.882795+00:00
PKGL-00001,2026-08-24T20:00:00+00:00,0.0,JAXA GSMaP V8 operational / Google Earth Engine,0,2026-09-01T07:43:18.882795+00:00
PKGL-00001,2026-08-24T21:00:00+00:00,0.0,JAXA GSMaP V8 operational / Google Earth Engine,0,2026-09-01T07:43:18.882795+00:00
PKGL-00001,2026-08-24T22:00:00+00:00,0.0,JAXA GSMaP V8 operational / Google Earth Engine,0,2026-09-01T07:43:18.882795+00:00
PKGL-00001,2026-08-24T23:00:00+00:00,0.0,JAXA GSMaP V8 operational / Google Earth Engine,0,2026-09-01T07:43:18.882795+00:00
PKGL-00001,2026-08-25T00:00:00+00:00,0.0,JAXA GSMaP V8 operational / Google Earth Engine,0,2026-09-01T07:43:18.882795+00:00
PKGL-00001,2026-08-25T01:00:00+00:00,0.0,JAXA GSMaP V8 operational / Google Earth Engine,0,2026-09-01T07:43:18.882795+00:00
PKGL-00001,2026-08-25T02:00:00+00:00,0.0,JAXA GSMaP V8 operational / Google Earth Engine,0,2026-09-01T07:43:18.882795+00:00
PKGL-00001,2026-08-25T03:00:00+00:00,0.0,JAXA GSMaP V8 operational / Google Earth Engine,0,2026-09-01T07:43:18.882795+00:00
PKGL-00001,2026-08-25T04:00:00+00:00,0.0,JAXA GSMaP V8 operational / Google Earth Engine,0,2026-09-01T07:43:18.882795+00:00
PKGL-00001,2026-08-25T05:00:00+00:00,0.0,JAXA GSMaP V8 operational / Google Earth Engine,0,2026-09-01T07:43:18.882795+00:00
PKGL-00001,2026-08-25T06:00:00+00:00,0.0,JAXA GSMaP V8 operational / Google Earth Engine,0,2026-09-01T07:43:18.882795+00:00
PKGL-00001,2026-08-25T07:00:00+00:00,0.0,JAXA GSMaP V8 operational / Google Earth Engine,0,2026-09-01T07:43:18.882795+00:00
PKGL-00001,2026-08-25T08:00:00+00:00,0.0,JAXA GSMaP V8 operational / Google Earth Engine,0,2026-09-01T07:43:18.882795+00:00
PKGL-00001,2026-08-25T09:00:00+00:00,0.0,JAXA GSMaP V8 operational / Google Earth Engine,0,2026-09-01T07:43:18.882795+00:00
PKGL-00001,2026-08-25T10:00:00+00:00,0.0,JAXA GSMaP V8 operational / Google Earth Engine,0,2026-09-01T07:43:18.882795+00:00
PKGL-00001,2026-08-25T11:00:00+00:00,0.0,JAXA GSMaP V8 operational / Google Earth Engine,0,2026-09-01T07:43:18.882795+00:00
PKGL-00001,2026-08-25T12:00:00+00:00,0.0,JAXA GSMaP V8 operational / Google Earth Engine,0,2026-09-01T07:43:18.882795+00:00
PKGL-00001,2026-08-25T13:00:00+00:00,0.0,JAXA GSMaP V8 operational / Google Earth Engine,0,2026-09-01T07:43:18.882795+00:00
PKGL-00001,2026-08-25T14:00:00+00:00,0.0,JAXA GSMaP V8 operational / Google Earth Engine,0,2026-09-01T07:43:18.882795+00:00
PKGL-00001,2026-08-25T15:00:00+00:00,0.0,JAXA GSMaP V8 operational / Google Earth Engine,0,2026-09-01T07:43:18.882795+00:00
PKGL-00001,2026-08-25T16:00:00+00:00,0.0,JAXA GSMaP V8 operational / Google Earth Engine,0,2026-09-01T07:43:18.882795+00:00
PKGL-00001,2026-08-25T17:00:00+00:00,0.0,JAXA GSMaP V8 operational / Google Earth Engine,0,2026-09-01T07:43:18.882795+00:00
PKGL-00001,2026-08-25T18:00:00+00:00,0.0,JAXA GSMaP V8 operational / Google Earth Engine,0,2026-09-01T07:43:18.882795+00:00
PKGL-00001,2026-08-25T19:00:00+00:00,0.0,JAXA GSMaP V8 operational / Google Earth Engine,0,2026-09-01T07:43:18.882795+00:00
PKGL-00001,2026-08-25T20:00:00+00:00,0.0,JAXA GSMaP V8 operational / Google Earth Engine,0,2026-09-01T07:43:18.882795+00:00
PKGL-00001,2026-08-25T21:00:00+00:00,0.0,JAXA GSMaP V8 operational / Google Earth Engine,0,2026-09-01T07:43:18.882795+00:00
PKGL-00001,2026-08-25T22:00:00+00:00,0.0,JAXA GSMaP V8 operational / Google Earth Engine,0,2026-09-01T07:43:18.882795+00:00
PKGL-00001,2026-08-25T23:00:00+00:00,0.0,JAXA GSMaP V8 operational / Google Earth Engine,0,2026-09-01T07:43:18.882795+00:00
PKGL-00001,2026-08-26T00:00:00+00:00,0.0,JAXA GSMaP V8 operational / Google Earth Engine,0,2026-09-01T07:43:18.882795+00:00
PKGL-00001,2026-08-26T01:00:00+00:00,0.0,JAXA GSMaP V8 operational / Google Earth Engine,0,2026-09-01T07:43:18.882795+00:00
PKGL-00001,2026-08-26T02:00:00+00:00,0.0,JAXA GSMaP V8 operational / Google Earth Engine,0,2026-09-01T07:43:18.882795+00:00
PKGL-00001,2026-08-26T03:00:00+00:00,0.0,JAXA GSMaP V8 operational / Google Earth Engine,0,2026-09-01T07:43:18.882795+00:00
PKGL-00001,2026-08-26T04:00:00+00:00,0.0,JAXA GSMaP V8 operational / Google Earth Engine,0,2026-09-01T07:43:18.882795+00:00
PKGL-00001,2026-08-26T05:00:00+00:00,0.0,JAXA GSMaP V8 operational / Google Earth Engine,0,2026-09-01T07:43:18.882795+00:00
PKGL-00001,2026-08-26T06:00:00+00:00,0.0,JAXA GSMaP V8 operational / Google Earth Engine,0,2026-09-01T07:43:18.882795+00:00
PKGL-00001,2026-08-26T07:00:00+00:00,0.0,JAXA GSMaP V8 operational / Google Earth Engine,0,2026-09-01T07:43:18.882795+00:00
PKGL-00001,2026-08-26T08:00:00+00:00,0.0,JAXA GSMaP V8 operational / Google Earth Engine,0,2026-09-01T07:43:18.882795+00:00
PKGL-00001,2026-08-26T09:00:00+00:00,0.0,JAXA GSMaP V8 operational / Google Earth Engine,0,2026-09-01T07:43:18.882795+00:00
PKGL-00001,2026-08-26T10:00:00+00:00,0.0,JAXA GSMaP V8 operational / Google Earth Engine,0,2026-09-01T07:43:18.882795+00:00
PKGL-00001,2026-08-26T11:00:00+00:00,0.0,JAXA GSMaP V8 operational / Google Earth Engine,0,2026-09-01T07:43:18.882795+00:00
PKGL-00001,2026-08-26T12:00:00+00:00,0.0,JAXA GSMaP V8 operational / Google Earth Engine,0,2026-09-01T07:43:18.882795+00:00
PKGL-00001,2026-08-26T13:00:00+00:00,0.0,JAXA GSMaP V8 operational / Google Earth Engine,0,2026-09-01T07:43:18.882795+00:00
PKGL-00001,2026-08-26T14:00:00+00:00,0.0,JAXA GSMaP V8 operational / Google Earth Engine,0,2026-09-01T07:43:18.882795+00:00
PKGL-00001,2026-08-26T15:00:00+00:00,0.0,JAXA GSMaP V8 operational / Google Earth Engine,0,2026-09-01T07:43:18.882795+00:00
PKGL-00001,2026-08-26T16:00:00+00:00,0.0,JAXA GSMaP V8 operational / Google Earth Engine,0,2026-09-01T07:43:18.882795+00:00
PKGL-00001,2026-08-26T17:00:00+00:00,0.0,JAXA GSMaP V8 operational / Google Earth Engine,0,2026-09-01T07:43:18.882795+00:00
PKGL-00001,2026-08-26T18:00:00+00:00,0.0,JAXA GSMaP V8 operational / Google Earth Engine,0,2026-09-01T07:43:18.882795+00:00
PKGL-00001,2026-08-26T19:00:00+00:00,0.0,JAXA GSMaP V8 operational / Google Earth Engine,0,2026-09-01T07:43:18.882795+00:00
PKGL-00001,2026-08-26T20:00:00+00:00,0.0,JAXA GSMaP V8 operational / Google Earth Engine,0,2026-09-01T07:43:18.882795+00:00
PKGL-00001,2026-08-26T21:00:00+00:00,0.0,JAXA GSMaP V8 operational / Google Earth Engine,0,2026-09-01T07:43:18.882795+00:00
PKGL-00001,2026-08-26T22:00:00+00:00,0.0,JAXA GSMaP V8 operational / Google Earth Engine,0,2026-09-01T07:43:18.882795+00:00
PKGL-00001,2026-08-26T23:00:00+00:00,0.0,JAXA GSMaP V8 operational / Google Earth Engine,0,2026-09-01T07:43:18.882795+00:00
PKGL-00001,2026-08-27T00:00:00+00:00,0.0,JAXA GSMaP V8 operational / Google Earth Engine,0,2026-09-01T07:43:18.882795+00:00
PKGL-00001,2026-08-27T01:00:00+00:00,0.0,JAXA GSMaP V8 operational / Google Earth Engine,0,2026-09-01T07:43:18.882795+00:00
PKGL-00001,2026-08-27T02:00:00+00:00,0.0,JAXA GSMaP V8 operational / Google Earth Engine,0,2026-09-01T07:43:18.882795+00:00
PKGL-00001,2026-08-27T03:00:00+00:00,0.0,JAXA GSMaP V8 operational / Google Earth Engine,0,2026-09-01T07:43:18.882795+00:00
PKGL-00001,2026-08-27T04:00:00+00:00,0.0,JAXA GSMaP V8 operational / Google Earth Engine,0,2026-09-01T07:43:18.882795+00:00
PKGL-00001,2026-08-27T05:00:00+00:00,0.0,JAXA GSMaP V8 operational / Google Earth Engine,0,2026-09-01T07:43:18.882795+00:00
PKGL-00001,2026-08-27T06:00:00+00:00,0.0,JAXA GSMaP V8 operational / Google Earth Engine,0,2026-09-01T07:43:18.882795+00:00
PKGL-00001,2026-08-27T07:00:00+00:00,0.0,JAXA GSMaP V8 operational / Google Earth Engine,0,2026-09-01T07:43:18.882795+00:00
PKGL-00001,2026-08-27T08:00:00+00:00,0.0,JAXA GSMaP V8 operational / Google Earth Engine,0,2026-09-01T07:43:18.882795+00:00
PKGL-00001,2026-08-27T09:00:00+00:00,0.0,JAXA GSMaP V8 operational / Google Earth Engine,0,2026-09-01T07:43:18.882795+00:00
PKGL-00001,2026-08-27T10:00:00+00:00,0.0,JAXA GSMaP V8 operational / Google Earth Engine,0,2026-09-01T07:43:18.882795+00:00
PKGL-00001,2026-08-27T11:00:00+00:00,0.0,JAXA GSMaP V8 operational / Google Earth Engine,0,2026-09-01T07:43:18.882795+00:00
PKGL-00001,2026-08-27T12:00:00+00:00,0.0,JAXA GSMaP V8 operational / Google Earth Engine,0,2026-09-01T07:43:18.882795+00:00
PKGL-00001,2026-08-27T13:00:00+00:00,0.0,JAXA GSMaP V8 operational / Google Earth Engine,0,2026-09-01T07:43:18.882795+00:00
PKGL-00001,2026-08-27T14:00:00+00:00,0.0,JAXA GSMaP V8 operational / Google Earth Engine,0,2026-09-01T07:43:18.882795+00:00
PKGL-00001,2026-08-27T15:00:00+00:00,0.0,JAXA GSMaP V8 operational / Google Earth Engine,0,2026-09-01T07:43:18.882795+00:00
PKGL-00001,2026-08-27T16:00:00+00:00,0.0,JAXA GSMaP V8 operational / Google Earth Engine,0,2026-09-01T07:43:18.882795+00:00
PKGL-00001,2026-08-27T17:00:00+00:00,0.0,JAXA GSMaP V8 operational / Google Earth Engine,0,2026-09-01T07:43:18.882795+00:00
PKGL-00001,2026-08-27T18:00:00+00:00,0.0,JAXA GSMaP V8 operational / Google Earth Engine,0,2026-09-01T07:43:18.882795+00:00
PKGL-00001,2026-08-27T19:00:00+00:00,0.0,JAXA GSMaP V8 operational / Google Earth Engine,0,2026-09-01T07:43:18.882795+00:00
PKGL-00001,2026-08-27T20:00:00+00:00,0.0,JAXA GSMaP V8 operational / Google Earth Engine,0,2026-09-01T07:43:18.882795+00:00
PKGL-00001,2026-08-27T21:00:00+00:00,0.0,JAXA GSMaP V8 operational / Google Earth Engine,0,2026-09-01T07:43:18.882795+00:00
PKGL-00001,2026-08-27T22:00:00+00:00,0.0,JAXA GSMaP V8 operational / Google Earth Engine,0,2026-09-01T07:43:18.882795+00:00
PKGL-00001,2026-08-27T23:00:00+00:00,0.0,JAXA GSMaP V8 operational / Google Earth Engine,0,2026-09-01T07:43:18.882795+00:00
PKGL-00001,2026-08-28T00:00:00+00:00,0.0,JAXA GSMaP V8 operational / Google Earth Engine,0,2026-09-01T07:43:18.882795+00:00
PKGL-00001,2026-08-28T01:00:00+00:00,0.0,JAXA GSMaP V8 operational / Google Earth Engine,0,2026-09-01T07:43:18.882795+00:00
PKGL-00001,2026-08-28T02:00:00+00:00,0.0,JAXA GSMaP V8 operational / Google Earth Engine,0,2026-09-01T07:43:18.882795+00:00
PKGL-00001,2026-08-28T03:00:00+00:00,0.0,JAXA GSMaP V8 operational / Google Earth Engine,0,2026-09-01T07:43:18.883795+00:00
PKGL-00001,2026-08-28T04:00:00+00:00,0.0,JAXA GSMaP V8 operational / Google Earth Engine,0,2026-09-01T07:43:18.883795+00:00
PKGL-00001,2026-08-28T05:00:00+00:00,0.0,JAXA GSMaP V8 operational / Google Earth Engine,0,2026-09-01T07:43:18.883795+00:00
PKGL-00001,2026-08-28T06:00:00+00:00,0.0,JAXA GSMaP V8 operational / Google Earth Engine,0,2026-09-01T07:43:18.883795+00:00
PKGL-00001,2026-08-28T07:00:00+00:00,0.0,JAXA GSMaP V8 operational / Google Earth Engine,0,2026-09-01T07:43:18.883795+00:00
PKGL-00001,2026-08-28T08:00:00+00:00,0.0,JAXA GSMaP V8 operational / Google Earth Engine,0,2026-09-01T07:43:18.883795+00:00
PKGL-00001,2026-08-28T09:00:00+00:00,0.0,JAXA GSMaP V8 operational / Google Earth Engine,0,2026-09-01T07:43:18.883795+00:00
PKGL-00001,2026-08-28T10:00:00+00:00,0.0,JAXA GSMaP V8 operational / Google Earth Engine,0,2026-09-01T07:43:18.883795+00:00
PKGL-00001,2026-08-28T11:00:00+00:00,0.0,JAXA GSMaP V8 operational / Google Earth Engine,0,2026-09-01T07:43:18.883795+00:00
PKGL-00001,2026-08-28T12:00:00+00:00,0.0,JAXA GSMaP V8 operational / Google Earth Engine,0,2026-09-01T07:43:18.883795+00:00
PKGL-00001,2026-08-28T13:00:00+00:00,0.0,JAXA GSMaP V8 operational / Google Earth Engine,0,2026-09-01T07:43:18.883795+00:00
PKGL-00001,2026-08-28T14:00:00+00:00,0.0,JAXA GSMaP V8 operational / Google Earth Engine,0,2026-09-01T07:43:18.883795+00:00
PKGL-00001,2026-08-28T15:00:00+00:00,0.0,JAXA GSMaP V8 operational / Google Earth Engine,0,2026-09-01T07:43:18.883795+00:00
PKGL-00001,2026-08-28T16:00:00+00:00,0.0,JAXA GSMaP V8 operational / Google Earth Engine,0,2026-09-01T07:43:18.883795+00:00
PKGL-00001,2026-08-28T17:00:00+00:00,0.0,JAXA GSMaP V8 operational / Google Earth Engine,0,2026-09-01T07:43:18.883795+00:00
PKGL-00001,2026-08-28T18:00:00+00:00,0.0,JAXA GSMaP V8 operational / Google Earth Engine,0,2026-09-01T07:43:18.883795+00:00
PKGL-00001,2026-08-28T19:00:00+00:00,0.0,JAXA GSMaP V8 operational / Google Earth Engine,0,2026-09-01T07:43:18.883795+00:00
PKGL-00001,2026-08-28T20:00:00+00:00,0.0,JAXA GSMaP V8 operational / Google Earth Engine,0,2026-09-01T07:43:18.883795+00:00
PKGL-00001,2026-08-28T21:00:00+00:00,0.0,JAXA GSMaP V8 operational / Google Earth Engine,0,2026-09-01T07:43:18.883795+00:00
PKGL-00001,2026-08-28T22:00:00+00:00,0.0,JAXA GSMaP V8 operational / Google Earth Engine,0,2026-09-01T07:43:18.883795+00:00
PKGL-00001,2026-08-28T23:00:00+00:00,0.0,JAXA GSMaP V8 operational / Google Earth Engine,0,2026-09-01T07:43:18.883795+00:00
PKGL-00001,2026-08-29T00:00:00+00:00,0.0,JAXA GSMaP V8 operational / Google Earth Engine,0,2026-09-01T07:43:18.883795+00:00
PKGL-00001,2026-08-29T01:00:00+00:00,0.0,JAXA GSMaP V8 operational / Google Earth Engine,0,2026-09-01T07:43:18.883795+00:00
PKGL-00001,2026-08-29T02:00:00+00:00,0.0,JAXA GSMaP V8 operational / Google Earth Engine,0,2026-09-01T07:43:18.883795+00:00
PKGL-00001,2026-08-29T03:00:00+00:00,0.0,JAXA GSMaP V8 operational / Google Earth Engine,0,2026-09-01T07:43:18.883795+00:00
PKGL-00001,2026-08-29T04:00:00+00:00,0.0,JAXA GSMaP V8 operational / Google Earth Engine,0,2026-09-01T07:43:18.883795+00:00
PKGL-00001,2026-08-29T05:00:00+00:00,0.0,JAXA GSMaP V8 operational / Google Earth Engine,0,2026-09-01T07:43:18.883795+00:00
PKGL-00001,2026-08-29T06:00:00+00:00,0.0,JAXA GSMaP V8 operational / Google Earth Engine,0,2026-09-01T07:43:18.883795+00:00
PKGL-00001,2026-08-29T07:00:00+00:00,0.0,JAXA GSMaP V8 operational / Google Earth Engine,0,2026-09-01T07:43:18.883795+00:00
PKGL-00001,2026-08-29T08:00:00+00:00,0.0,JAXA GSMaP V8 operational / Google Earth Engine,0,2026-09-01T07:43:18.883795+00:00
PKGL-00001,2026-08-29T09:00:00+00:00,0.0,JAXA GSMaP V8 operational / Google Earth Engine,0,2026-09-01T07:43:18.883795+00:00
PKGL-00001,2026-08-29T10:00:00+00:00,0.0,JAXA GSMaP V8 operational / Google Earth Engine,0,2026-09-01T07:43:18.883795+00:00
PKGL-00001,2026-08-29T11:00:00+00:00,0.0,JAXA GSMaP V8 operational / Google Earth Engine,0,2026-09-01T07:43:18.883795+00:00
PKGL-00001,2026-08-29T12:00:00+00:00,0.0,JAXA GSMaP V8 operational / Google Earth Engine,0,2026-09-01T07:43:18.883795+00:00
PKGL-00001,2026-08-29T13:00:00+00:00,0.0,JAXA GSMaP V8 operational / Google Earth Engine,0,2026-09-01T07:43:18.883795+00:00
PKGL-00001,2026-08-29T14:00:00+00:00,0.0,JAXA GSMaP V8 operational / Google Earth Engine,0,2026-09-01T07:43:18.883795+00:00
PKGL-00001,2026-08-29T15:00:00+00:00,0.0,JAXA GSMaP V8 operational / Google Earth Engine,0,2026-09-01T07:43:18.883795+00:00
PKGL-00001,2026-08-29T16:00:00+00:00,0.0,JAXA GSMaP V8 operational / Google Earth Engine,0,2026-09-01T07:43:18.883795+00:00
PKGL-00001,2026-08-29T17:00:00+00:00,0.0,JAXA GSMaP V8 operational / Google Earth Engine,0,2026-09-01T07:43:18.883795+00:00
PKGL-00001,2026-08-29T18:00:00+00:00,0.0,JAXA GSMaP V8 operational / Google Earth Engine,0,2026-09-01T07:43:18.883795+00:00
PKGL-00001,2026-08-29T19:00:00+00:00,0.0,JAXA GSMaP V8 operational / Google Earth Engine,0,2026-09-01T07:43:18.883795+00:00
PKGL-00001,2026-08-29T20:00:00+00:00,0.0,JAXA GSMaP V8 operational / Google Earth Engine,0,2026-09-01T07:43:18.883795+00:00
PKGL-00001,2026-08-29T21:00:00+00:00,0.0,JAXA GSMaP V8 operational / Google Earth Engine,0,2026-09-01T07:43:18.883795+00:00
PKGL-00001,2026-08-29T22:00:00+00:00,0.0,JAXA GSMaP V8 operational / Google Earth Engine,0,2026-09-01T07:43:18.883795+00:00
PKGL-00001,2026-08-29T23:00:00+00:00,0.0,JAXA GSMaP V8 operational / Google Earth Engine,0,2026-09-01T07:43:18.883795+00:00
PKGL-00001,2026-08-30T00:00:00+00:00,0.0,JAXA GSMaP V8 operational / Google Earth Engine,0,2026-09-01T07:43:18.883795+00:00
PKGL-00001,2026-08-30T01:00:00+00:00,0.0,JAXA GSMaP V8 operational / Google Earth Engine,0,2026-09-01T07:43:18.883795+00:00
PKGL-00001,2026-08-30T02:00:00+00:00,0.0,JAXA GSMaP V8 operational / Google Earth Engine,0,2026-09-01T07:43:18.883795+00:00
PKGL-00001,2026-08-30T03:00:00+00:00,0.0,JAXA GSMaP V8 operational / Google Earth Engine,0,2026-09-01T07:43:18.883795+00:00
PKGL-00001,2026-08-30T04:00:00+00:00,0.0,JAXA GSMaP V8 operational / Google Earth Engine,0,2026-09-01T07:43:18.883795+00:00
PKGL-00001,2026-08-30T05:00:00+00:00,0.0,JAXA GSMaP V8 operational / Google Earth Engine,0,2026-09-01T07:43:18.883795+00:00
PKGL-00001,2026-08-30T06:00:00+00:00,0.0,JAXA GSMaP V8 operational / Google Earth Engine,0,2026-09-01T07:43:18.883795+00:00
PKGL-00001,2026-08-30T07:00:00+00:00,0.0,JAXA GSMaP V8 operational / Google Earth Engine,0,2026-09-01T07:43:18.883795+00:00
PKGL-00001,2026-08-30T08:00:00+00:00,0.0,JAXA GSMaP V8 operational / Google Earth Engine,0,2026-09-01T07:43:18.883795+00:00
PKGL-00001,2026-08-30T09:00:00+00:00,0.0,JAXA GSMaP V8 operational / Google Earth Engine,0,2026-09-01T07:43:18.883795+00:00
PKGL-00001,2026-08-30T10:00:00+00:00,0.0,JAXA GSMaP V8 operational / Google Earth Engine,0,2026-09-01T07:43:18.883795+00:00
PKGL-00001,2026-08-30T11:00:00+00:00,0.0,JAXA GSMaP V8 operational / Google Earth Engine,0,2026-09-01T07:43:18.883795+00:00
PKGL-00001,2026-08-30T12:00:00+00:00,0.0,JAXA GSMaP V8 operational / Google Earth Engine,0,2026-09-01T07:43:18.883795+00:00
PKGL-00001,2026-08-30T13:00:00+00:00,0.0,JAXA GSMaP V8 operational / Google Earth Engine,0,2026-09-01T07:43:18.883795+00:00
PKGL-00001,2026-08-30T14:00:00+00:00,0.0,JAXA GSMaP V8 operational / Google Earth Engine,0,2026-09-01T07:43:18.883795+00:00
PKGL-00001,2026-08-30T15:00:00+00:00,0.22721053659915924,JAXA GSMaP V8 operational / Google Earth Engine,0,2026-09-01T07:43:18.883795+00:00
PKGL-00001,2026-08-30T16:00:00+00:00,0.0,JAXA GSMaP V8 operational / Google Earth Engine,0,2026-09-01T07:43:18.883795+00:00
PKGL-00001,2026-08-30T17:00:00+00:00,0.0,JAXA GSMaP V8 operational / Google Earth Engine,0,2026-09-01T07:43:18.883795+00:00
PKGL-00001,2026-08-30T18:00:00+00:00,0.0,JAXA GSMaP V8 operational / Google Earth Engine,0,2026-09-01T07:43:18.883795+00:00
PKGL-00001,2026-08-30T19:00:00+00:00,0.0,JAXA GSMaP V8 operational / Google Earth Engine,0,2026-09-01T07:43:18.883795+00:00
PKGL-00001,2026-08-30T20:00:00+00:00,0.0,JAXA GSMaP V8 operational / Google Earth Engine,0,2026-09-01T07:43:18.883795+00:00
PKGL-00001,2026-08-30T21:00:00+00:00,0.0,JAXA GSMaP V8 operational / Google Earth Engine,0,2026-09-01T07:43:18.883795+00:00
PKGL-00001,2026-08-30T22:00:00+00:00,0.0,JAXA GSMaP V8 operational / Google Earth Engine,0,2026-09-01T07:43:18.883795+00:00
PKGL-00001,2026-08-30T23:00:00+00:00,0.0,JAXA GSMaP V8 operational / Google Earth Engine,0,2026-09-01T07:43:18.883795+00:00
PKGL-00001,2026-08-31T00:00:00+00:00,0.0,JAXA GSMaP V8 operational / Google Earth Engine,0,2026-09-01T07:43:18.883795+00:00
PKGL-00001,2026-08-31T01:00:00+00:00,0.0,JAXA GSMaP V8 operational / Google Earth Engine,0,2026-09-01T07:43:18.883795+00:00
PKGL-00001,2026-08-31T02:00:00+00:00,0.0,JAXA GSMaP V8 operational / Google Earth Engine,0,2026-09-01T07:43:18.883795+00:00
PKGL-00001,2026-08-31T03:00:00+00:00,0.0,JAXA GSMaP V8 operational / Google Earth Engine,0,2026-09-01T07:43:18.883795+00:00
PKGL-00001,2026-08-31T04:00:00+00:00,0.0,JAXA GSMaP V8 operational / Google Earth Engine,0,2026-09-01T07:43:18.883795+00:00
PKGL-00001,2026-08-31T05:00:00+00:00,0.0,JAXA GSMaP V8 operational / Google Earth Engine,0,2026-09-01T07:43:18.883795+00:00
PKGL-00001,2026-08-31T06:00:00+00:00,0.0,JAXA GSMaP V8 operational / Google Earth Engine,0,2026-09-01T07:43:18.883795+00:00
PKGL-00001,2026-08-31T07:00:00+00:00,0.0,JAXA GSMaP V8 operational / Google Earth Engine,0,2026-09-01T07:43:18.883795+00:00
PKGL-00001,2026-08-31T08:00:00+00:00,0.0,JAXA GSMaP V8 operational / Google Earth Engine,0,2026-09-01T07:43:18.883795+00:00
PKGL-00001,2026-08-31T09:00:00+00:00,0.0,JAXA GSMaP V8 operational / Google Earth Engine,0,2026-09-01T07:43:18.883795+00:00
PKGL-00001,2026-08-31T10:00:00+00:00,0.0,JAXA GSMaP V8 operational / Google Earth Engine,0,2026-09-01T07:43:18.883795+00:00
PKGL-00001,2026-08-31T11:00:00+00:00,0.0,JAXA GSMaP V8 operational / Google Earth Engine,0,2026-09-01T07:43:18.883795+00:00
PKGL-00001,2026-08-31T12:00:00+00:00,0.0,JAXA GSMaP V8 operational / Google Earth Engine,0,2026-09-01T07:43:18.883795+00:00
PKGL-00001,2026-08-31T13:00:00+00:00,0.0,JAXA GSMaP V8 operational / Google Earth Engine,0,2026-09-01T07:43:18.883795+00:00
PKGL-00001,2026-08-31T14:00:00+00:00,0.0,JAXA GSMaP V8 operational / Google Earth Engine,0,2026-09-01T07:43:18.883795+00:00
PKGL-00995,2026-08-09T19:00:00+00:00,0.0,JAXA GSMaP V8 operational / Google Earth Engine,0,2026-09-08T18:58:37.712156+00:00
PKGL-00995,2026-08-09T20:00:00+00:00,0.0,JAXA GSMaP V8 operational / Google Earth Engine,0,2026-09-08T18:58:37.712156+00:00
PKGL-00995,2026-08-09T21:00:00+00:00,0.0,JAXA GSMaP V8 operational / Google Earth Engine,0,2026-09-08T18:58:37.712156+00:00
PKGL-00995,2026-08-09T22:00:00+00:00,0.0,JAXA GSMaP V8 operational / Google Earth Engine,0,2026-09-08T18:58:37.712156+00:00
PKGL-00995,2026-08-09T23:00:00+00:00,0.0,JAXA GSMaP V8 operational / Google Earth Engine,0,2026-09-08T18:58:37.712156+00:00
PKGL-00995,2026-08-10T00:00:00+00:00,0.0,JAXA GSMaP V8 operational / Google Earth Engine,0,2026-09-08T18:58:37.712156+00:00
PKGL-00995,2026-08-10T01:00:00+00:00,0.0,JAXA GSMaP V8 operational / Google Earth Engine,0,2026-09-08T18:58:37.712156+00:00
PKGL-00995,2026-08-10T02:00:00+00:00,0.0,JAXA GSMaP V8 operational / Google Earth Engine,0,2026-09-08T18:58:37.712156+00:00
PKGL-00995,2026-08-10T03:00:00+00:00,0.0,JAXA GSMaP V8 operational / Google Earth Engine,0,2026-09-08T18:58:37.712156+00:00
PKGL-00995,2026-08-10T04:00:00+00:00,0.0,JAXA GSMaP V8 operational / Google Earth Engine,0,2026-09-08T18:58:37.712156+00:00
PKGL-00995,2026-08-10T05:00:00+00:00,0.0,JAXA GSMaP V8 operational / Google Earth Engine,0,2026-09-08T18:58:37.712156+00:00
PKGL-00995,2026-08-10T06:00:00+00:00,0.0,JAXA GSMaP V8 operational / Google Earth Engine,0,2026-09-08T18:58:37.712156+00:00
PKGL-00995,2026-08-10T07:00:00+00:00,0.0,JAXA GSMaP V8 operational / Google Earth Engine,0,2026-09-08T18:58:37.712156+00:00
PKGL-00995,2026-08-10T08:00:00+00:00,0.0,JAXA GSMaP V8 operational / Google Earth Engine,0,2026-09-08T18:58:37.712156+00:00
PKGL-00995,2026-08-10T09:00:00+00:00,0.0,JAXA GSMaP V8 operational / Google Earth Engine,0,2026-09-08T18:58:37.712156+00:00
PKGL-00995,2026-08-10T10:00:00+00:00,0.0,JAXA GSMaP V8 operational / Google Earth Engine,0,2026-09-08T18:58:37.712156+00:00
PKGL-00995,2026-08-10T11:00:00+00:00,0.0,JAXA GSMaP V8 operational / Google Earth Engine,0,2026-09-08T18:58:37.712156+00:00
PKGL-00995,2026-08-10T12:00:00+00:00,0.0,JAXA GSMaP V8 operational / Google Earth Engine,0,2026-09-08T18:58:37.712156+00:00
PKGL-00995,2026-08-10T13:00:00+00:00,0.0,JAXA GSMaP V8 operational / Google Earth Engine,0,2026-09-08T18:58:37.712156+00:00
PKGL-00995,2026-08-10T14:00:00+00:00,0.0,JAXA GSMaP V8 operational / Google Earth Engine,0,2026-09-08T18:58:37.712156+00:00
PKGL-00995,2026-08-10T15:00:00+00:00,0.0,JAXA GSMaP V8 operational / Google Earth Engine,0,2026-09-08T18:58:37.712156+00:00
PKGL-00995,2026-08-10T16:00:00+00:00,0.0,JAXA GSMaP V8 operational / Google Earth Engine,0,2026-09-08T18:58:37.712156+00:00
PKGL-00995,2026-08-10T17:00:00+00:00,0.0,JAXA GSMaP V8 operational / Google Earth Engine,0,2026-09-08T18:58:37.712156+00:00
PKGL-00995,2026-08-10T18:00:00+00:00,0.0,JAXA GSMaP V8 operational / Google Earth Engine,0,2026-09-08T18:58:37.712156+00:00
PKGL-00995,2026-08-10T19:00:00+00:00,0.0,JAXA GSMaP V8 operational / Google Earth Engine,0,2026-09-08T18:58:37.712156+00:00
PKGL-00995,2026-08-10T20:00:00+00:00,0.0,JAXA GSMaP V8 operational / Google Earth Engine,0,2026-09-08T18:58:37.712156+00:00
PKGL-00995,2026-08-10T21:00:00+00:00,0.0,JAXA GSMaP V8 operational / Google Earth Engine,0,2026-09-08T18:58:37.712156+00:00
PKGL-00995,2026-08-10T22:00:00+00:00,0.0,JAXA GSMaP V8 operational / Google Earth Engine,0,2026-09-08T18:58:37.712156+00:00
PKGL-00995,2026-08-10T23:00:00+00:00,0.0,JAXA GSMaP V8 operational / Google Earth Engine,0,2026-09-08T18:58:37.712156+00:00
PKGL-00995,2026-08-11T00:00:00+00:00,0.0,JAXA GSMaP V8 operational / Google Earth Engine,0,2026-09-08T18:58:37.712156+00:00
PKGL-00995,2026-08-11T01:00:00+00:00,0.0,JAXA GSMaP V8 operational / Google Earth Engine,0,2026-09-08T18:58:37.712156+00:00
PKGL-00995,2026-08-11T02:00:00+00:00,0.0,JAXA GSMaP V8 operational / Google Earth Engine,0,2026-09-08T18:58:37.712156+00:00
PKGL-00995,2026-08-11T03:00:00+00:00,0.0,JAXA GSMaP V8 operational / Google Earth Engine,0,2026-09-08T18:58:37.712156+00:00
PKGL-00995,2026-08-11T04:00:00+00:00,0.0,JAXA GSMaP V8 operational / Google Earth Engine,0,2026-09-08T18:58:37.712156+00:00
PKGL-00995,2026-08-11T05:00:00+00:00,0.0,JAXA GSMaP V8 operational / Google Earth Engine,0,2026-09-08T18:58:37.712156+00:00
PKGL-00995,2026-08-11T06:00:00+00:00,0.0,JAXA GSMaP V8 operational / Google Earth Engine,0,2026-09-08T18:58:37.712156+00:00
PKGL-00995,2026-08-11T07:00:00+00:00,0.0,JAXA GSMaP V8 operational / Google Earth Engine,0,2026-09-08T18:58:37.712156+00:00
PKGL-00995,2026-08-11T08:00:00+00:00,0.0,JAXA GSMaP V8 operational / Google Earth Engine,0,2026-09-08T18:58:37.712156+00:00
PKGL-00995,2026-08-11T09:00:00+00:00,0.0,JAXA GSMaP V8 operational / Google Earth Engine,0,2026-09-08T18:58:37.712156+00:00
PKGL-00995,2026-08-11T10:00:00+00:00,0.0,JAXA GSMaP V8 operational / Google Earth Engine,0,2026-09-08T18:58:37.712156+00:00
PKGL-00995,2026-08-11T11:00:00+00:00,0.0,JAXA GSMaP V8 operational / Google Earth Engine,0,2026-09-08T18:58:37.712156+00:00
PKGL-00995,2026-08-11T12:00:00+00:00,0.0,JAXA GSMaP V8 operational / Google Earth Engine,0,2026-09-08T18:58:37.712156+00:00
PKGL-00995,2026-08-11T13:00:00+00:00,0.0,JAXA GSMaP V8 operational / Google Earth Engine,0,2026-09-08T18:58:37.712156+00:00
PKGL-00995,2026-08-11T14:00:00+00:00,0.0,JAXA GSMaP V8 operational / Google Earth Engine,0,2026-09-08T18:58:37.712156+00:00
PKGL-00995,2026-08-11T15:00:00+00:00,0.0,JAXA GSMaP V8 operational / Google Earth Engine,0,2026-09-08T18:58:37.712156+00:00
PKGL-00995,2026-08-11T16:00:00+00:00,0.0,JAXA GSMaP V8 operational / Google Earth Engine,0,2026-09-08T18:58:37.712156+00:00
PKGL-00995,2026-08-11T17:00:00+00:00,0.0,JAXA GSMaP V8 operational / Google Earth Engine,0,2026-09-08T18:58:37.712156+00:00
PKGL-00995,2026-08-11T18:00:00+00:00,0.0,JAXA GSMaP V8 operational / Google Earth Engine,0,2026-09-08T18:58:37.712156+00:00
PKGL-00995,2026-08-11T19:00:00+00:00,0.0,JAXA GSMaP V8 operational / Google Earth Engine,0,2026-09-08T18:58:37.712156+00:00
PKGL-00995,2026-08-11T20:00:00+00:00,0.0,JAXA GSMaP V8 operational / Google Earth Engine,0,2026-09-08T18:58:37.712156+00:00
PKGL-00995,2026-08-11T21:00:00+00:00,0.0,JAXA GSMaP V8 operational / Google Earth Engine,0,2026-09-08T18:58:37.712156+00:00
PKGL-00995,2026-08-11T22:00:00+00:00,0.0,JAXA GSMaP V8 operational / Google Earth Engine,0,2026-09-08T18:58:37.712156+00:00
PKGL-00995,2026-08-11T23:00:00+00:00,0.0,JAXA GSMaP V8 operational / Google Earth Engine,0,2026-09-08T18:58:37.712156+00:00
PKGL-00995,2026-08-12T00:00:00+00:00,0.0,JAXA GSMaP V8 operational / Google Earth Engine,0,2026-09-08T18:58:37.712156+00:00
PKGL-00995,2026-08-12T01:00:00+00:00,0.0,JAXA GSMaP V8 operational / Google Earth Engine,0,2026-09-08T18:58:37.712156+00:00
PKGL-00995,2026-08-12T02:00:00+00:00,0.0,JAXA GSMaP V8 operational / Google Earth Engine,0,2026-09-08T18:58:37.712156+00:00
PKGL-00995,2026-08-12T03:00:00+00:00,0.0,JAXA GSMaP V8 operational / Google Earth Engine,0,2026-09-08T18:58:37.712156+00:00
PKGL-00995,2026-08-12T04:00:00+00:00,0.0,JAXA GSMaP V8 operational / Google Earth Engine,0,2026-09-08T18:58:37.712156+00:00
PKGL-00995,2026-08-12T05:00:00+00:00,0.0,JAXA GSMaP V8 operational / Google Earth Engine,0,2026-09-08T18:58:37.712156+00:00
PKGL-00995,2026-08-12T06:00:00+00:00,0.0,JAXA GSMaP V8 operational / Google Earth Engine,0,2026-09-08T18:58:37.712156+00:00
PKGL-00995,2026-08-12T07:00:00+00:00,0.0,JAXA GSMaP V8 operational / Google Earth Engine,0,2026-09-08T18:58:37.712156+00:00
PKGL-00995,2026-08-12T08:00:00+00:00,0.0,JAXA GSMaP V8 operational / Google Earth Engine,0,2026-09-08T18:58:37.712156+00:00
PKGL-00995,2026-08-12T09:00:00+00:00,0.0,JAXA GSMaP V8 operational / Google Earth Engine,0,2026-09-08T18:58:37.712156+00:00
PKGL-00995,2026-08-12T10:00:00+00:00,0.0,JAXA GSMaP V8 operational / Google Earth Engine,0,2026-09-08T18:58:37.712156+00:00
PKGL-00995,2026-08-12T11:00:00+00:00,0.0,JAXA GSMaP V8 operational / Google Earth Engine,0,2026-09-08T18:58:37.712156+00:00
PKGL-00995,2026-08-12T12:00:00+00:00,0.0,JAXA GSMaP V8 operational / Google Earth Engine,0,2026-09-08T18:58:37.712156+00:00
PKGL-00995,2026-08-12T13:00:00+00:00,0.0,JAXA GSMaP V8 operational / Google Earth Engine,0,2026-09-08T18:58:37.712156+00:00
PKGL-00995,2026-08-12T14:00:00+00:00,0.0,JAXA GSMaP V8 operational / Google Earth Engine,0,2026-09-08T18:58:37.712156+00:00
PKGL-00995,2026-08-12T15:00:00+00:00,0.0,JAXA GSMaP V8 operational / Google Earth Engine,0,2026-09-08T18:58:37.712156+00:00
PKGL-00995,2026-08-12T16:00:00+00:00,0.0,JAXA GSMaP V8 operational / Google Earth Engine,0,2026-09-08T18:58:37.712156+00:00
PKGL-00995,2026-08-12T17:00:00+00:00,0.0,JAXA GSMaP V8 operational / Google Earth Engine,0,2026-09-08T18:58:37.712156+00:00
PKGL-00995,2026-08-12T18:00:00+00:00,0.0,JAXA GSMaP V8 operational / Google Earth Engine,0,2026-09-08T18:58:37.712156+00:00
PKGL-00995,2026-08-12T19:00:00+00:00,0.0,JAXA GSMaP V8 operational / Google Earth Engine,0,2026-09-08T18:58:37.712156+00:00
PKGL-00995,2026-08-12T20:00:00+00:00,0.0,JAXA GSMaP V8 operational / Google Earth Engine,0,2026-09-08T18:58:37.712156+00:00
PKGL-00995,2026-08-12T21:00:00+00:00,0.0,JAXA GSMaP V8 operational / Google Earth Engine,0,2026-09-08T18:58:37.712156+00:00
PKGL-00995,2026-08-12T22:00:00+00:00,0.0,JAXA GSMaP V8 operational / Google Earth Engine,0,2026-09-08T18:58:37.712156+00:00
PKGL-00995,2026-08-12T23:00:00+00:00,0.0,JAXA GSMaP V8 operational / Google Earth Engine,0,2026-09-08T18:58:37.712156+00:00
PKGL-00995,2026-08-13T00:00:00+00:00,0.0,JAXA GSMaP V8 operational / Google Earth Engine,0,2026-09-08T18:58:37.712156+00:00
PKGL-00995,2026-08-13T01:00:00+00:00,0.0,JAXA GSMaP V8 operational / Google Earth Engine,0,2026-09-08T18:58:37.712156+00:00
PKGL-00995,2026-08-13T02:00:00+00:00,0.0,JAXA GSMaP V8 operational / Google Earth Engine,0,2026-09-08T18:58:37.712156+00:00
PKGL-00995,2026-08-13T03:00:00+00:00,0.0,JAXA GSMaP V8 operational / Google Earth Engine,0,2026-09-08T18:58:37.712156+00:00
PKGL-00995,2026-08-13T04:00:00+00:00,0.0,JAXA GSMaP V8 operational / Google Earth Engine,0,2026-09-08T18:58:37.713149+00:00
PKGL-00995,2026-08-13T05:00:00+00:00,0.0,JAXA GSMaP V8 operational / Google Earth Engine,0,2026-09-08T18:58:37.713149+00:00
PKGL-00995,2026-08-13T06:00:00+00:00,0.0,JAXA GSMaP V8 operational / Google Earth Engine,0,2026-09-08T18:58:37.713149+00:00
PKGL-00995,2026-08-13T07:00:00+00:00,0.0,JAXA GSMaP V8 operational / Google Earth Engine,0,2026-09-08T18:58:37.713149+00:00
PKGL-00995,2026-08-13T08:00:00+00:00,0.0,JAXA GSMaP V8 operational / Google Earth Engine,0,2026-09-08T18:58:37.713149+00:00
PKGL-00995,2026-08-13T09:00:00+00:00,0.0,JAXA GSMaP V8 operational / Google Earth Engine,0,2026-09-08T18:58:37.713149+00:00
PKGL-00995,2026-08-13T10:00:00+00:00,0.0,JAXA GSMaP V8 operational / Google Earth Engine,0,2026-09-08T18:58:37.713149+00:00
PKGL-00995,2026-08-13T11:00:00+00:00,0.0,JAXA GSMaP V8 operational / Google Earth Engine,0,2026-09-08T18:58:37.713149+00:00
PKGL-00995,2026-08-13T12:00:00+00:00,0.0,JAXA GSMaP V8 operational / Google Earth Engine,0,2026-09-08T18:58:37.713149+00:00
PKGL-00995,2026-08-13T13:00:00+00:00,0.0,JAXA GSMaP V8 operational / Google Earth Engine,0,2026-09-08T18:58:37.713149+00:00
PKGL-00995,2026-08-13T14:00:00+00:00,0.0,JAXA GSMaP V8 operational / Google Earth Engine,0,2026-09-08T18:58:37.713149+00:00
PKGL-00995,2026-08-13T15:00:00+00:00,0.0,JAXA GSMaP V8 operational / Google Earth Engine,0,2026-09-08T18:58:37.713149+00:00
PKGL-00995,2026-08-13T16:00:00+00:00,0.0,JAXA GSMaP V8 operational / Google Earth Engine,0,2026-09-08T18:58:37.713149+00:00
PKGL-00995,2026-08-13T17:00:00+00:00,0.0,JAXA GSMaP V8 operational / Google Earth Engine,0,2026-09-08T18:58:37.713149+00:00
PKGL-00995,2026-08-13T18:00:00+00:00,0.0,JAXA GSMaP V8 operational / Google Earth Engine,0,2026-09-08T18:58:37.713149+00:00
PKGL-00995,2026-08-13T19:00:00+00:00,0.0,JAXA GSMaP V8 operational / Google Earth Engine,0,2026-09-08T18:58:37.713149+00:00
PKGL-00995,2026-08-13T20:00:00+00:00,0.0,JAXA GSMaP V8 operational / Google Earth Engine,0,2026-09-08T18:58:37.713149+00:00
PKGL-00995,2026-08-13T21:00:00+00:00,0.0,JAXA GSMaP V8 operational / Google Earth Engine,0,2026-09-08T18:58:37.713149+00:00
PKGL-00995,2026-08-13T22:00:00+00:00,0.0,JAXA GSMaP V8 operational / Google Earth Engine,0,2026-09-08T18:58:37.713149+00:00
PKGL-00995,2026-08-13T23:00:00+00:00,0.0,JAXA GSMaP V8 operational / Google Earth Engine,0,2026-09-08T18:58:37.713149+00:00
PKGL-00995,2026-08-14T00:00:00+00:00,0.0,JAXA GSMaP V8 operational / Google Earth Engine,0,2026-09-08T18:58:37.713149+00:00
PKGL-00995,2026-08-14T01:00:00+00:00,0.0,JAXA GSMaP V8 operational / Google Earth Engine,0,2026-09-08T18:58:37.713149+00:00
PKGL-00995,2026-08-14T02:00:00+00:00,0.0,JAXA GSMaP V8 operational / Google Earth Engine,0,2026-09-08T18:58:37.713149+00:00
PKGL-00995,2026-08-14T03:00:00+00:00,0.0,JAXA GSMaP V8 operational / Google Earth Engine,0,2026-09-08T18:58:37.713149+00:00
PKGL-00995,2026-08-14T04:00:00+00:00,0.0,JAXA GSMaP V8 operational / Google Earth Engine,0,2026-09-08T18:58:37.713149+00:00
PKGL-00995,2026-08-14T05:00:00+00:00,0.0,JAXA GSMaP V8 operational / Google Earth Engine,0,2026-09-08T18:58:37.713149+00:00
PKGL-00995,2026-08-14T06:00:00+00:00,0.0,JAXA GSMaP V8 operational / Google Earth Engine,0,2026-09-08T18:58:37.713149+00:00
PKGL-00995,2026-08-14T07:00:00+00:00,0.0,JAXA GSMaP V8 operational / Google Earth Engine,0,2026-09-08T18:58:37.713149+00:00
PKGL-00995,2026-08-14T08:00:00+00:00,0.0,JAXA GSMaP V8 operational / Google Earth Engine,0,2026-09-08T18:58:37.713149+00:00
PKGL-00995,2026-08-14T09:00:00+00:00,0.0,JAXA GSMaP V8 operational / Google Earth Engine,0,2026-09-08T18:58:37.713149+00:00
PKGL-00995,2026-08-14T10:00:00+00:00,0.0,JAXA GSMaP V8 operational / Google Earth Engine,0,2026-09-08T18:58:37.713149+00:00
PKGL-00995,2026-08-14T11:00:00+00:00,0.0,JAXA GSMaP V8 operational / Google Earth Engine,0,2026-09-08T18:58:37.713149+00:00
PKGL-00995,2026-08-14T12:00:00+00:00,0.1320091187953949,JAXA GSMaP V8 operational / Google Earth Engine,0,2026-09-08T18:58:37.713149+00:00
PKGL-00995,2026-08-14T13:00:00+00:00,0.1798420399427414,JAXA GSMaP V8 operational / Google Earth Engine,0,2026-09-08T18:58:37.713149+00:00
PKGL-00995,2026-08-14T14:00:00+00:00,0.16814853250980377,JAXA GSMaP V8 operational / Google Earth Engine,0,2026-09-08T18:58:37.713149+00:00
PKGL-00995,2026-08-14T15:00:00+00:00,0.0,JAXA GSMaP V8 operational / Google Earth Engine,0,2026-09-08T18:58:37.713149+00:00
PKGL-00995,2026-08-14T16:00:00+00:00,0.0,JAXA GSMaP V8 operational / Google Earth Engine,0,2026-09-08T18:58:37.713149+00:00
PKGL-00995,2026-08-14T17:00:00+00:00,0.0,JAXA GSMaP V8 operational / Google Earth Engine,0,2026-09-08T18:58:37.713149+00:00
PKGL-00995,2026-08-14T18:00:00+00:00,0.0,JAXA GSMaP V8 operational / Google Earth Engine,0,2026-09-08T18:58:37.713149+00:00
PKGL-00995,2026-08-14T19:00:00+00:00,0.0,JAXA GSMaP V8 operational / Google Earth Engine,0,2026-09-08T18:58:37.713149+00:00
PKGL-00995,2026-08-14T20:00:00+00:00,0.0,JAXA GSMaP V8 operational / Google Earth Engine,0,2026-09-08T18:58:37.713149+00:00
PKGL-00995,2026-08-14T21:00:00+00:00,0.0,JAXA GSMaP V8 operational / Google Earth Engine,0,2026-09-08T18:58:37.713149+00:00
PKGL-00995,2026-08-14T22:00:00+00:00,0.0,JAXA GSMaP V8 operational / Google Earth Engine,0,2026-09-08T18:58:37.713149+00:00
PKGL-00995,2026-08-14T23:00:00+00:00,0.0,JAXA GSMaP V8 operational / Google Earth Engine,0,2026-09-08T18:58:37.713149+00:00
PKGL-00995,2026-08-15T00:00:00+00:00,0.0,JAXA GSMaP V8 operational / Google Earth Engine,0,2026-09-08T18:58:37.713149+00:00
PKGL-00995,2026-08-15T01:00:00+00:00,0.0,JAXA GSMaP V8 operational / Google Earth Engine,0,2026-09-08T18:58:37.713149+00:00
PKGL-00995,2026-08-15T02:00:00+00:00,0.0,JAXA GSMaP V8 operational / Google Earth Engine,0,2026-09-08T18:58:37.713149+00:00
PKGL-00995,2026-08-15T03:00:00+00:00,0.0,JAXA GSMaP V8 operational / Google Earth Engine,0,2026-09-08T18:58:37.713149+00:00
PKGL-00995,2026-08-15T04:00:00+00:00,0.0,JAXA GSMaP V8 operational / Google Earth Engine,0,2026-09-08T18:58:37.713149+00:00
PKGL-00995,2026-08-15T05:00:00+00:00,0.0,JAXA GSMaP V8 operational / Google Earth Engine,0,2026-09-08T18:58:37.713149+00:00
PKGL-00995,2026-08-15T06:00:00+00:00,0.0,JAXA GSMaP V8 operational / Google Earth Engine,0,2026-09-08T18:58:37.713149+00:00
PKGL-00995,2026-08-15T07:00:00+00:00,0.0,JAXA GSMaP V8 operational / Google Earth Engine,0,2026-09-08T18:58:37.713149+00:00
PKGL-00995,2026-08-15T08:00:00+00:00,0.0,JAXA GSMaP V8 operational / Google Earth Engine,0,2026-09-08T18:58:37.713149+00:00
PKGL-00995,2026-08-15T09:00:00+00:00,0.0,JAXA GSMaP V8 operational / Google Earth Engine,0,2026-09-08T18:58:37.713149+00:00
PKGL-00995,2026-08-15T10:00:00+00:00,0.0,JAXA GSMaP V8 operational / Google Earth Engine,0,2026-09-08T18:58:37.713149+00:00
PKGL-00995,2026-08-15T11:00:00+00:00,0.0,JAXA GSMaP V8 operational / Google Earth Engine,0,2026-09-08T18:58:37.713149+00:00
PKGL-00995,2026-08-15T12:00:00+00:00,0.0,JAXA GSMaP V8 operational / Google Earth Engine,0,2026-09-08T18:58:37.713149+00:00
PKGL-00995,2026-08-15T13:00:00+00:00,0.0,JAXA GSMaP V8 operational / Google Earth Engine,0,2026-09-08T18:58:37.713149+00:00
PKGL-00995,2026-08-15T14:00:00+00:00,0.0,JAXA GSMaP V8 operational / Google Earth Engine,0,2026-09-08T18:58:37.713149+00:00
PKGL-00995,2026-08-15T15:00:00+00:00,0.0,JAXA GSMaP V8 operational / Google Earth Engine,0,2026-09-08T18:58:37.713149+00:00
PKGL-00995,2026-08-15T16:00:00+00:00,0.0,JAXA GSMaP V8 operational / Google Earth Engine,0,2026-09-08T18:58:37.713149+00:00
PKGL-00995,2026-08-15T17:00:00+00:00,0.0,JAXA GSMaP V8 operational / Google Earth Engine,0,2026-09-08T18:58:37.713149+00:00
PKGL-00995,2026-08-15T18:00:00+00:00,0.0,JAXA GSMaP V8 operational / Google Earth Engine,0,2026-09-08T18:58:37.713149+00:00
PKGL-00995,2026-08-15T19:00:00+00:00,0.0,JAXA GSMaP V8 operational / Google Earth Engine,0,2026-09-08T18:58:37.713149+00:00
PKGL-00995,2026-08-15T20:00:00+00:00,0.0,JAXA GSMaP V8 operational / Google Earth Engine,0,2026-09-08T18:58:37.713149+00:00
PKGL-00995,2026-08-15T21:00:00+00:00,0.0,JAXA GSMaP V8 operational / Google Earth Engine,0,2026-09-08T18:58:37.713149+00:00
PKGL-00995,2026-08-15T22:00:00+00:00,0.0,JAXA GSMaP V8 operational / Google Earth Engine,0,2026-09-08T18:58:37.713149+00:00
PKGL-00995,2026-08-15T23:00:00+00:00,0.0,JAXA GSMaP V8 operational / Google Earth Engine,0,2026-09-08T18:58:37.713149+00:00
PKGL-00995,2026-08-16T00:00:00+00:00,0.0,JAXA GSMaP V8 operational / Google Earth Engine,0,2026-09-08T18:58:37.713149+00:00
PKGL-00995,2026-08-16T01:00:00+00:00,0.0,JAXA GSMaP V8 operational / Google Earth Engine,0,2026-09-08T18:58:37.713149+00:00
PKGL-00995,2026-08-16T02:00:00+00:00,0.0,JAXA GSMaP V8 operational / Google Earth Engine,0,2026-09-08T18:58:37.713149+00:00
PKGL-00995,2026-08-16T03:00:00+00:00,0.0,JAXA GSMaP V8 operational / Google Earth Engine,0,2026-09-08T18:58:37.713149+00:00
PKGL-00995,2026-08-16T04:00:00+00:00,0.0,JAXA GSMaP V8 operational / Google Earth Engine,0,2026-09-08T18:58:37.713149+00:00
PKGL-00995,2026-08-16T05:00:00+00:00,0.0,JAXA GSMaP V8 operational / Google Earth Engine,0,2026-09-08T18:58:37.713149+00:00
PKGL-00995,2026-08-16T06:00:00+00:00,0.0,JAXA GSMaP V8 operational / Google Earth Engine,0,2026-09-08T18:58:37.713149+00:00
PKGL-00995,2026-08-16T07:00:00+00:00,0.0,JAXA GSMaP V8 operational / Google Earth Engine,0,2026-09-08T18:58:37.713149+00:00
PKGL-00995,2026-08-16T08:00:00+00:00,0.0,JAXA GSMaP V8 operational / Google Earth Engine,0,2026-09-08T18:58:37.713149+00:00
PKGL-00995,2026-08-16T09:00:00+00:00,0.0,JAXA GSMaP V8 operational / Google Earth Engine,0,2026-09-08T18:58:37.713149+00:00
PKGL-00995,2026-08-16T10:00:00+00:00,0.0,JAXA GSMaP V8 operational / Google Earth Engine,0,2026-09-08T18:58:37.713149+00:00
PKGL-00995,2026-08-16T11:00:00+00:00,0.0,JAXA GSMaP V8 operational / Google Earth Engine,0,2026-09-08T18:58:37.713149+00:00
PKGL-00995,2026-08-16T12:00:00+00:00,0.0,JAXA GSMaP V8 operational / Google Earth Engine,0,2026-09-08T18:58:37.713149+00:00
PKGL-00995,2026-08-16T13:00:00+00:00,0.0,JAXA GSMaP V8 operational / Google Earth Engine,0,2026-09-08T18:58:37.713149+00:00
PKGL-00995,2026-08-16T14:00:00+00:00,0.0,JAXA GSMaP V8 operational / Google Earth Engine,0,2026-09-08T18:58:37.713149+00:00
PKGL-00995,2026-08-16T15:00:00+00:00,0.0,JAXA GSMaP V8 operational / Google Earth Engine,0,2026-09-08T18:58:37.713149+00:00
PKGL-00995,2026-08-16T16:00:00+00:00,0.0,JAXA GSMaP V8 operational / Google Earth Engine,0,2026-09-08T18:58:37.713149+00:00
PKGL-00995,2026-08-16T17:00:00+00:00,0.0,JAXA GSMaP V8 operational / Google Earth Engine,0,2026-09-08T18:58:37.713149+00:00
PKGL-00995,2026-08-16T18:00:00+00:00,0.0,JAXA GSMaP V8 operational / Google Earth Engine,0,2026-09-08T18:58:37.713149+00:00
PKGL-00995,2026-08-16T19:00:00+00:00,0.0,JAXA GSMaP V8 operational / Google Earth Engine,0,2026-09-08T18:58:37.713149+00:00
PKGL-00995,2026-08-16T20:00:00+00:00,0.0,JAXA GSMaP V8 operational / Google Earth Engine,0,2026-09-08T18:58:37.713149+00:00
PKGL-00995,2026-08-16T21:00:00+00:00,0.0,JAXA GSMaP V8 operational / Google Earth Engine,0,2026-09-08T18:58:37.713149+00:00
PKGL-00995,2026-08-16T22:00:00+00:00,0.0,JAXA GSMaP V8 operational / Google Earth Engine,0,2026-09-08T18:58:37.713149+00:00
PKGL-00995,2026-08-16T23:00:00+00:00,0.0,JAXA GSMaP V8 operational / Google Earth Engine,0,2026-09-08T18:58:37.713149+00:00
PKGL-00995,2026-08-17T00:00:00+00:00,0.0,JAXA GSMaP V8 operational / Google Earth Engine,0,2026-09-08T18:58:37.713149+00:00
PKGL-00995,2026-08-17T01:00:00+00:00,0.0,JAXA GSMaP V8 operational / Google Earth Engine,0,2026-09-08T18:58:37.713149+00:00
PKGL-00995,2026-08-17T02:00:00+00:00,0.0,JAXA GSMaP V8 operational / Google Earth Engine,0,2026-09-08T18:58:37.713149+00:00
PKGL-00995,2026-08-17T03:00:00+00:00,0.0,JAXA GSMaP V8 operational / Google Earth Engine,0,2026-09-08T18:58:37.713149+00:00
PKGL-00995,2026-08-17T04:00:00+00:00,0.0,JAXA GSMaP V8 operational / Google Earth Engine,0,2026-09-08T18:58:37.713149+00:00
PKGL-00995,2026-08-17T05:00:00+00:00,0.0,JAXA GSMaP V8 operational / Google Earth Engine,0,2026-09-08T18:58:37.713149+00:00
PKGL-00995,2026-08-17T06:00:00+00:00,0.0,JAXA GSMaP V8 operational / Google Earth Engine,0,2026-09-08T18:58:37.713149+00:00
PKGL-00995,2026-08-17T07:00:00+00:00,0.0,JAXA GSMaP V8 operational / Google Earth Engine,0,2026-09-08T18:58:37.713149+00:00
PKGL-00995,2026-08-17T08:00:00+00:00,0.0,JAXA GSMaP V8 operational / Google Earth Engine,0,2026-09-08T18:58:37.713149+00:00
PKGL-00995,2026-08-17T09:00:00+00:00,0.0,JAXA GSMaP V8 operational / Google Earth Engine,0,2026-09-08T18:58:37.713149+00:00
PKGL-00995,2026-08-17T10:00:00+00:00,0.0,JAXA GSMaP V8 operational / Google Earth Engine,0,2026-09-08T18:58:37.713149+00:00
PKGL-00995,2026-08-17T11:00:00+00:00,0.0,JAXA GSMaP V8 operational / Google Earth Engine,0,2026-09-08T18:58:37.713149+00:00
PKGL-00995,2026-08-17T12:00:00+00:00,0.0,JAXA GSMaP V8 operational / Google Earth Engine,0,2026-09-08T18:58:37.713149+00:00
PKGL-00995,2026-08-17T13:00:00+00:00,0.0,JAXA GSMaP V8 operational / Google Earth Engine,0,2026-09-08T18:58:37.713149+00:00
PKGL-00995,2026-08-17T14:00:00+00:00,0.0,JAXA GSMaP V8 operational / Google Earth Engine,0,2026-09-08T18:58:37.713149+00:00
PKGL-00995,2026-08-17T15:00:00+00:00,0.0,JAXA GSMaP V8 operational / Google Earth Engine,0,2026-09-08T18:58:37.713149+00:00
PKGL-00995,2026-08-17T16:00:00+00:00,0.0,JAXA GSMaP V8 operational / Google Earth Engine,0,2026-09-08T18:58:37.713149+00:00
PKGL-00995,2026-08-17T17:00:00+00:00,0.0,JAXA GSMaP V8 operational / Google Earth Engine,0,2026-09-08T18:58:37.713149+00:00
PKGL-00995,2026-08-17T18:00:00+00:00,0.0,JAXA GSMaP V8 operational / Google Earth Engine,0,2026-09-08T18:58:37.713149+00:00
PKGL-00995,2026-08-17T19:00:00+00:00,0.0,JAXA GSMaP V8 operational / Google Earth Engine,0,2026-09-08T18:58:37.713149+00:00
PKGL-00995,2026-08-17T20:00:00+00:00,0.0,JAXA GSMaP V8 operational / Google Earth Engine,0,2026-09-08T18:58:37.713149+00:00
PKGL-00995,2026-08-17T21:00:00+00:00,0.0,JAXA GSMaP V8 operational / Google Earth Engine,0,2026-09-08T18:58:37.713149+00:00
PKGL-00995,2026-08-17T22:00:00+00:00,0.0,JAXA GSMaP V8 operational / Google Earth Engine,0,2026-09-08T18:58:37.713149+00:00
PKGL-00995,2026-08-17T23:00:00+00:00,0.0,JAXA GSMaP V8 operational / Google Earth Engine,0,2026-09-08T18:58:37.713149+00:00
PKGL-00995,2026-08-18T00:00:00+00:00,0.0,JAXA GSMaP V8 operational / Google Earth Engine,0,2026-09-08T18:58:37.713149+00:00
PKGL-00995,2026-08-18T01:00:00+00:00,0.0,JAXA GSMaP V8 operational / Google Earth Engine,0,2026-09-08T18:58:37.713149+00:00
PKGL-00995,2026-08-18T02:00:00+00:00,0.0,JAXA GSMaP V8 operational / Google Earth Engine,0,2026-09-08T18:58:37.713149+00:00
PKGL-00995,2026-08-18T03:00:00+00:00,0.0,JAXA GSMaP V8 operational / Google Earth Engine,0,2026-09-08T18:58:37.713149+00:00
PKGL-00995,2026-08-18T04:00:00+00:00,0.0,JAXA GSMaP V8 operational / Google Earth Engine,0,2026-09-08T18:58:37.714132+00:00
PKGL-00995,2026-08-18T05:00:00+00:00,0.0,JAXA GSMaP V8 operational / Google Earth Engine,0,2026-09-08T18:58:37.714132+00:00
PKGL-00995,2026-08-18T06:00:00+00:00,0.0,JAXA GSMaP V8 operational / Google Earth Engine,0,2026-09-08T18:58:37.714132+00:00
PKGL-00995,2026-08-18T07:00:00+00:00,0.0,JAXA GSMaP V8 operational / Google Earth Engine,0,2026-09-08T18:58:37.714132+00:00
PKGL-00995,2026-08-18T08:00:00+00:00,0.0,JAXA GSMaP V8 operational / Google Earth Engine,0,2026-09-08T18:58:37.714132+00:00
PKGL-00995,2026-08-18T09:00:00+00:00,0.0,JAXA GSMaP V8 operational / Google Earth Engine,0,2026-09-08T18:58:37.714132+00:00
PKGL-00995,2026-08-18T10:00:00+00:00,0.0,JAXA GSMaP V8 operational / Google Earth Engine,0,2026-09-08T18:58:37.714132+00:00
PKGL-00995,2026-08-18T11:00:00+00:00,0.0,JAXA GSMaP V8 operational / Google Earth Engine,0,2026-09-08T18:58:37.714132+00:00
PKGL-00995,2026-08-18T12:00:00+00:00,0.0,JAXA GSMaP V8 operational / Google Earth Engine,0,2026-09-08T18:58:37.714132+00:00
PKGL-00995,2026-08-18T13:00:00+00:00,0.0,JAXA GSMaP V8 operational / Google Earth Engine,0,2026-09-08T18:58:37.714132+00:00
PKGL-00995,2026-08-18T14:00:00+00:00,0.0,JAXA GSMaP V8 operational / Google Earth Engine,0,2026-09-08T18:58:37.714132+00:00
PKGL-00995,2026-08-18T15:00:00+00:00,0.0,JAXA GSMaP V8 operational / Google Earth Engine,0,2026-09-08T18:58:37.714132+00:00
PKGL-00995,2026-08-18T16:00:00+00:00,0.0,JAXA GSMaP V8 operational / Google Earth Engine,0,2026-09-08T18:58:37.714132+00:00
PKGL-00995,2026-08-18T17:00:00+00:00,0.0,JAXA GSMaP V8 operational / Google Earth Engine,0,2026-09-08T18:58:37.714132+00:00
PKGL-00995,2026-08-18T18:00:00+00:00,0.0,JAXA GSMaP V8 operational / Google Earth Engine,0,2026-09-08T18:58:37.714132+00:00
PKGL-00995,2026-08-18T19:00:00+00:00,0.0,JAXA GSMaP V8 operational / Google Earth Engine,0,2026-09-08T18:58:37.714132+00:00
PKGL-00995,2026-08-18T20:00:00+00:00,0.0,JAXA GSMaP V8 operational / Google Earth Engine,0,2026-09-08T18:58:37.714132+00:00
PKGL-00995,2026-08-18T21:00:00+00:00,0.0,JAXA GSMaP V8 operational / Google Earth Engine,0,2026-09-08T18:58:37.714132+00:00
PKGL-00995,2026-08-18T22:00:00+00:00,0.0,JAXA GSMaP V8 operational / Google Earth Engine,0,2026-09-08T18:58:37.714132+00:00
PKGL-00995,2026-08-18T23:00:00+00:00,0.0,JAXA GSMaP V8 operational / Google Earth Engine,0,2026-09-08T18:58:37.714132+00:00
PKGL-00995,2026-08-19T00:00:00+00:00,0.0,JAXA GSMaP V8 operational / Google Earth Engine,0,2026-09-08T18:58:37.714132+00:00
PKGL-00995,2026-08-19T01:00:00+00:00,0.0,JAXA GSMaP V8 operational / Google Earth Engine,0,2026-09-08T18:58:37.714132+00:00
PKGL-00995,2026-08-19T02:00:00+00:00,0.0,JAXA GSMaP V8 operational / Google Earth Engine,0,2026-09-08T18:58:37.714132+00:00
PKGL-00995,2026-08-19T03:00:00+00:00,0.0,JAXA GSMaP V8 operational / Google Earth Engine,0,2026-09-08T18:58:37.714132+00:00
PKGL-00995,2026-08-19T04:00:00+00:00,0.0,JAXA GSMaP V8 operational / Google Earth Engine,0,2026-09-08T18:58:37.714132+00:00
PKGL-00995,2026-08-19T05:00:00+00:00,0.0,JAXA GSMaP V8 operational / Google Earth Engine,0,2026-09-08T18:58:37.714132+00:00
PKGL-00995,2026-08-19T06:00:00+00:00,0.0,JAXA GSMaP V8 operational / Google Earth Engine,0,2026-09-08T18:58:37.714132+00:00
PKGL-00995,2026-08-19T07:00:00+00:00,0.0,JAXA GSMaP V8 operational / Google Earth Engine,0,2026-09-08T18:58:37.714132+00:00
PKGL-00995,2026-08-19T08:00:00+00:00,0.0,JAXA GSMaP V8 operational / Google Earth Engine,0,2026-09-08T18:58:37.714132+00:00
PKGL-00995,2026-08-19T09:00:00+00:00,0.0,JAXA GSMaP V8 operational / Google Earth Engine,0,2026-09-08T18:58:37.714132+00:00
PKGL-00995,2026-08-19T10:00:00+00:00,0.0,JAXA GSMaP V8 operational / Google Earth Engine,0,2026-09-08T18:58:37.714132+00:00
PKGL-00995,2026-08-19T11:00:00+00:00,0.0,JAXA GSMaP V8 operational / Google Earth Engine,0,2026-09-08T18:58:37.714132+00:00
PKGL-00995,2026-08-19T12:00:00+00:00,0.0,JAXA GSMaP V8 operational / Google Earth Engine,0,2026-09-08T18:58:37.714132+00:00
PKGL-00995,2026-08-19T13:00:00+00:00,0.0,JAXA GSMaP V8 operational / Google Earth Engine,0,2026-09-08T18:58:37.714132+00:00
PKGL-00995,2026-08-19T14:00:00+00:00,0.0,JAXA GSMaP V8 operational / Google Earth Engine,0,2026-09-08T18:58:37.714132+00:00
PKGL-00995,2026-08-19T15:00:00+00:00,0.0,JAXA GSMaP V8 operational / Google Earth Engine,0,2026-09-08T18:58:37.714132+00:00
PKGL-00995,2026-08-19T16:00:00+00:00,0.0,JAXA GSMaP V8 operational / Google Earth Engine,0,2026-09-08T18:58:37.714132+00:00
PKGL-00995,2026-08-19T17:00:00+00:00,0.0,JAXA GSMaP V8 operational / Google Earth Engine,0,2026-09-08T18:58:37.714132+00:00
PKGL-00995,2026-08-19T18:00:00+00:00,0.0,JAXA GSMaP V8 operational / Google Earth Engine,0,2026-09-08T18:58:37.714132+00:00
PKGL-00995,2026-08-19T19:00:00+00:00,0.0,JAXA GSMaP V8 operational / Google Earth Engine,0,2026-09-08T18:58:37.714132+00:00
PKGL-00995,2026-08-19T20:00:00+00:00,0.0,JAXA GSMaP V8 operational / Google Earth Engine,0,2026-09-08T18:58:37.714132+00:00
PKGL-00995,2026-08-19T21:00:00+00:00,0.0,JAXA GSMaP V8 operational / Google Earth Engine,0,2026-09-08T18:58:37.714132+00:00
PKGL-00995,2026-08-19T22:00:00+00:00,0.0,JAXA GSMaP V8 operational / Google Earth Engine,0,2026-09-08T18:58:37.714132+00:00
PKGL-00995,2026-08-19T23:00:00+00:00,0.0,JAXA GSMaP V8 operational / Google Earth Engine,0,2026-09-08T18:58:37.714132+00:00
PKGL-00995,2026-08-20T00:00:00+00:00,0.0,JAXA GSMaP V8 operational / Google Earth Engine,0,2026-09-08T18:58:37.714132+00:00
PKGL-00995,2026-08-20T01:00:00+00:00,0.0,JAXA GSMaP V8 operational / Google Earth Engine,0,2026-09-08T18:58:37.714132+00:00
PKGL-00995,2026-08-20T02:00:00+00:00,0.0,JAXA GSMaP V8 operational / Google Earth Engine,0,2026-09-08T18:58:37.714132+00:00
PKGL-00995,2026-08-20T03:00:00+00:00,0.0,JAXA GSMaP V8 operational / Google Earth Engine,0,2026-09-08T18:58:37.714132+00:00
PKGL-00995,2026-08-20T04:00:00+00:00,0.0,JAXA GSMaP V8 operational / Google Earth Engine,0,2026-09-08T18:58:37.714132+00:00
PKGL-00995,2026-08-20T05:00:00+00:00,0.0,JAXA GSMaP V8 operational / Google Earth Engine,0,2026-09-08T18:58:37.714132+00:00
PKGL-00995,2026-08-20T06:00:00+00:00,0.0,JAXA GSMaP V8 operational / Google Earth Engine,0,2026-09-08T18:58:37.714132+00:00
PKGL-00995,2026-08-20T07:00:00+00:00,0.0,JAXA GSMaP V8 operational / Google Earth Engine,0,2026-09-08T18:58:37.714132+00:00
PKGL-00995,2026-08-20T08:00:00+00:00,0.0,JAXA GSMaP V8 operational / Google Earth Engine,0,2026-09-08T18:58:37.714132+00:00
PKGL-00995,2026-08-20T09:00:00+00:00,0.0,JAXA GSMaP V8 operational / Google Earth Engine,0,2026-09-08T18:58:37.714132+00:00
PKGL-00995,2026-08-20T10:00:00+00:00,0.0,JAXA GSMaP V8 operational / Google Earth Engine,0,2026-09-08T18:58:37.714132+00:00
PKGL-00995,2026-08-20T11:00:00+00:00,0.0,JAXA GSMaP V8 operational / Google Earth Engine,0,2026-09-08T18:58:37.714132+00:00
PKGL-00995,2026-08-20T12:00:00+00:00,0.0,JAXA GSMaP V8 operational / Google Earth Engine,0,2026-09-08T18:58:37.714132+00:00
PKGL-00995,2026-08-20T13:00:00+00:00,0.0,JAXA GSMaP V8 operational / Google Earth Engine,0,2026-09-08T18:58:37.714132+00:00
PKGL-00995,2026-08-20T14:00:00+00:00,0.0,JAXA GSMaP V8 operational / Google Earth Engine,0,2026-09-08T18:58:37.714132+00:00
PKGL-00995,2026-08-20T15:00:00+00:00,0.0,JAXA GSMaP V8 operational / Google Earth Engine,0,2026-09-08T18:58:37.714132+00:00
PKGL-00995,2026-08-20T16:00:00+00:00,0.0,JAXA GSMaP V8 operational / Google Earth Engine,0,2026-09-08T18:58:37.714132+00:00
PKGL-00995,2026-08-20T17:00:00+00:00,0.0,JAXA GSMaP V8 operational / Google Earth Engine,0,2026-09-08T18:58:37.714132+00:00
PKGL-00995,2026-08-20T18:00:00+00:00,0.0,JAXA GSMaP V8 operational / Google Earth Engine,0,2026-09-08T18:58:37.714132+00:00
PKGL-00995,2026-08-20T19:00:00+00:00,0.0,JAXA GSMaP V8 operational / Google Earth Engine,0,2026-09-08T18:58:37.714132+00:00
PKGL-00995,2026-08-20T20:00:00+00:00,0.0,JAXA GSMaP V8 operational / Google Earth Engine,0,2026-09-08T18:58:37.714132+00:00
PKGL-00995,2026-08-20T21:00:00+00:00,0.0,JAXA GSMaP V8 operational / Google Earth Engine,0,2026-09-08T18:58:37.714132+00:00
PKGL-00995,2026-08-20T22:00:00+00:00,0.0,JAXA GSMaP V8 operational / Google Earth Engine,0,2026-09-08T18:58:37.714132+00:00
PKGL-00995,2026-08-20T23:00:00+00:00,0.0,JAXA GSMaP V8 operational / Google Earth Engine,0,2026-09-08T18:58:37.714132+00:00
PKGL-00995,2026-08-21T00:00:00+00:00,0.0,JAXA GSMaP V8 operational / Google Earth Engine,0,2026-09-08T18:58:37.714132+00:00
PKGL-00995,2026-08-21T01:00:00+00:00,0.0,JAXA GSMaP V8 operational / Google Earth Engine,0,2026-09-08T18:58:37.714132+00:00
PKGL-00995,2026-08-21T02:00:00+00:00,0.0,JAXA GSMaP V8 operational / Google Earth Engine,0,2026-09-08T18:58:37.714132+00:00
PKGL-00995,2026-08-21T03:00:00+00:00,0.0,JAXA GSMaP V8 operational / Google Earth Engine,0,2026-09-08T18:58:37.714132+00:00
PKGL-00995,2026-08-21T04:00:00+00:00,0.0,JAXA GSMaP V8 operational / Google Earth Engine,0,2026-09-08T18:58:37.714132+00:00
PKGL-00995,2026-08-21T05:00:00+00:00,0.0,JAXA GSMaP V8 operational / Google Earth Engine,0,2026-09-08T18:58:37.714132+00:00
PKGL-00995,2026-08-21T06:00:00+00:00,0.0,JAXA GSMaP V8 operational / Google Earth Engine,0,2026-09-08T18:58:37.714132+00:00
PKGL-00995,2026-08-21T07:00:00+00:00,0.0,JAXA GSMaP V8 operational / Google Earth Engine,0,2026-09-08T18:58:37.714132+00:00
PKGL-00995,2026-08-21T08:00:00+00:00,0.0,JAXA GSMaP V8 operational / Google Earth Engine,0,2026-09-08T18:58:37.714132+00:00
PKGL-00995,2026-08-21T09:00:00+00:00,0.0,JAXA GSMaP V8 operational / Google Earth Engine,0,2026-09-08T18:58:37.714132+00:00
PKGL-00995,2026-08-21T10:00:00+00:00,0.0,JAXA GSMaP V8 operational / Google Earth Engine,0,2026-09-08T18:58:37.714132+00:00
PKGL-00995,2026-08-21T11:00:00+00:00,0.0,JAXA GSMaP V8 operational / Google Earth Engine,0,2026-09-08T18:58:37.714132+00:00
PKGL-00995,2026-08-21T12:00:00+00:00,0.0,JAXA GSMaP V8 operational / Google Earth Engine,0,2026-09-08T18:58:37.714132+00:00
PKGL-00995,2026-08-21T13:00:00+00:00,0.0,JAXA GSMaP V8 operational / Google Earth Engine,0,2026-09-08T18:58:37.714132+00:00
PKGL-00995,2026-08-21T14:00:00+00:00,0.0,JAXA GSMaP V8 operational / Google Earth Engine,0,2026-09-08T18:58:37.714132+00:00
PKGL-00995,2026-08-21T15:00:00+00:00,0.0,JAXA GSMaP V8 operational / Google Earth Engine,0,2026-09-08T18:58:37.714132+00:00
PKGL-00995,2026-08-21T16:00:00+00:00,0.0,JAXA GSMaP V8 operational / Google Earth Engine,0,2026-09-08T18:58:37.714132+00:00
PKGL-00995,2026-08-21T17:00:00+00:00,0.0,JAXA GSMaP V8 operational / Google Earth Engine,0,2026-09-08T18:58:37.714132+00:00
PKGL-00995,2026-08-21T18:00:00+00:00,0.0,JAXA GSMaP V8 operational / Google Earth Engine,0,2026-09-08T18:58:37.714132+00:00
PKGL-00995,2026-08-21T19:00:00+00:00,0.0,JAXA GSMaP V8 operational / Google Earth Engine,0,2026-09-08T18:58:37.714132+00:00
PKGL-00995,2026-08-21T20:00:00+00:00,0.0,JAXA GSMaP V8 operational / Google Earth Engine,0,2026-09-08T18:58:37.714132+00:00
PKGL-00995,2026-08-21T21:00:00+00:00,0.0,JAXA GSMaP V8 operational / Google Earth Engine,0,2026-09-08T18:58:37.714132+00:00
PKGL-00995,2026-08-21T22:00:00+00:00,0.0,JAXA GSMaP V8 operational / Google Earth Engine,0,2026-09-08T18:58:37.714132+00:00
PKGL-00995,2026-08-21T23:00:00+00:00,0.0,JAXA GSMaP V8 operational / Google Earth Engine,0,2026-09-08T18:58:37.714132+00:00
PKGL-00995,2026-08-22T00:00:00+00:00,0.0,JAXA GSMaP V8 operational / Google Earth Engine,0,2026-09-08T18:58:37.714132+00:00
PKGL-00995,2026-08-22T01:00:00+00:00,0.0,JAXA GSMaP V8 operational / Google Earth Engine,0,2026-09-08T18:58:37.714132+00:00
PKGL-00995,2026-08-22T02:00:00+00:00,0.0,JAXA GSMaP V8 operational / Google Earth Engine,0,2026-09-08T18:58:37.714132+00:00
PKGL-00995,2026-08-22T03:00:00+00:00,0.0,JAXA GSMaP V8 operational / Google Earth Engine,0,2026-09-08T18:58:37.714132+00:00
PKGL-00995,2026-08-22T04:00:00+00:00,0.0,JAXA GSMaP V8 operational / Google Earth Engine,0,2026-09-08T18:58:37.714132+00:00
PKGL-00995,2026-08-22T05:00:00+00:00,0.1330699920654297,JAXA GSMaP V8 operational / Google Earth Engine,0,2026-09-08T18:58:37.714132+00:00
PKGL-00995,2026-08-22T06:00:00+00:00,0.0,JAXA GSMaP V8 operational / Google Earth Engine,0,2026-09-08T18:58:37.714132+00:00
PKGL-00995,2026-08-22T07:00:00+00:00,0.0,JAXA GSMaP V8 operational / Google Earth Engine,0,2026-09-08T18:58:37.714132+00:00
PKGL-00995,2026-08-22T08:00:00+00:00,0.1444411277770996,JAXA GSMaP V8 operational / Google Earth Engine,0,2026-09-08T18:58:37.714132+00:00
PKGL-00995,2026-08-22T09:00:00+00:00,0.0,JAXA GSMaP V8 operational / Google Earth Engine,0,2026-09-08T18:58:37.714132+00:00
PKGL-00995,2026-08-22T10:00:00+00:00,0.0,JAXA GSMaP V8 operational / Google Earth Engine,0,2026-09-08T18:58:37.714132+00:00
PKGL-00995,2026-08-22T11:00:00+00:00,0.16622887551784515,JAXA GSMaP V8 operational / Google Earth Engine,0,2026-09-08T18:58:37.714132+00:00
PKGL-00995,2026-08-22T12:00:00+00:00,0.20617882907390594,JAXA GSMaP V8 operational / Google Earth Engine,0,2026-09-08T18:58:37.714132+00:00
PKGL-00995,2026-08-22T13:00:00+00:00,0.32825782895088196,JAXA GSMaP V8 operational / Google Earth Engine,0,2026-09-08T18:58:37.714132+00:00
PKGL-00995,2026-08-22T14:00:00+00:00,0.17161020636558533,JAXA GSMaP V8 operational / Google Earth Engine,0,2026-09-08T18:58:37.714132+00:00
PKGL-00995,2026-08-22T15:00:00+00:00,0.0,JAXA GSMaP V8 operational / Google Earth Engine,0,2026-09-08T18:58:37.714132+00:00
PKGL-00995,2026-08-22T16:00:00+00:00,0.0,JAXA GSMaP V8 operational / Google Earth Engine,0,2026-09-08T18:58:37.714132+00:00
PKGL-00995,2026-08-22T17:00:00+00:00,0.0,JAXA GSMaP V8 operational / Google Earth Engine,0,2026-09-08T18:58:37.714132+00:00
PKGL-00995,2026-08-22T18:00:00+00:00,0.0,JAXA GSMaP V8 operational / Google Earth Engine,0,2026-09-08T18:58:37.714132+00:00
PKGL-00995,2026-08-22T19:00:00+00:00,0.0,JAXA GSMaP V8 operational / Google Earth Engine,0,2026-09-08T18:58:37.714132+00:00
PKGL-00995,2026-08-22T20:00:00+00:00,0.25310325622558594,JAXA GSMaP V8 operational / Google Earth Engine,0,2026-09-08T18:58:37.714132+00:00
PKGL-00995,2026-08-22T21:00:00+00:00,0.5147725939750671,JAXA GSMaP V8 operational / Google Earth Engine,0,2026-09-08T18:58:37.714132+00:00
PKGL-00995,2026-08-22T22:00:00+00:00,0.3387256860733032,JAXA GSMaP V8 operational / Google Earth Engine,0,2026-09-08T18:58:37.714132+00:00
PKGL-00995,2026-08-22T23:00:00+00:00,0.0,JAXA GSMaP V8 operational / Google Earth Engine,0,2026-09-08T18:58:37.714132+00:00
PKGL-00995,2026-08-23T00:00:00+00:00,0.0,JAXA GSMaP V8 operational / Google Earth Engine,0,2026-09-08T18:58:37.714132+00:00
PKGL-00995,2026-08-23T01:00:00+00:00,0.0,JAXA GSMaP V8 operational / Google Earth Engine,0,2026-09-08T18:58:37.714132+00:00
PKGL-00995,2026-08-23T02:00:00+00:00,0.0,JAXA GSMaP V8 operational / Google Earth Engine,0,2026-09-08T18:58:37.714132+00:00
PKGL-00995,2026-08-23T03:00:00+00:00,0.0,JAXA GSMaP V8 operational / Google Earth Engine,0,2026-09-08T18:58:37.714132+00:00
PKGL-00995,2026-08-23T04:00:00+00:00,0.0,JAXA GSMaP V8 operational / Google Earth Engine,0,2026-09-08T18:58:37.714132+00:00
PKGL-00995,2026-08-23T05:00:00+00:00,0.0,JAXA GSMaP V8 operational / Google Earth Engine,0,2026-09-08T18:58:37.714132+00:00
PKGL-00995,2026-08-23T06:00:00+00:00,0.0,JAXA GSMaP V8 operational / Google Earth Engine,0,2026-09-08T18:58:37.714132+00:00
PKGL-00995,2026-08-23T07:00:00+00:00,0.135221466422081,JAXA GSMaP V8 operational / Google Earth Engine,0,2026-09-08T18:58:37.714132+00:00
PKGL-00995,2026-08-23T08:00:00+00:00,0.19717420637607574,JAXA GSMaP V8 operational / Google Earth Engine,0,2026-09-08T18:58:37.714132+00:00
PKGL-00995,2026-08-23T09:00:00+00:00,0.15917490422725677,JAXA GSMaP V8 operational / Google Earth Engine,0,2026-09-08T18:58:37.714132+00:00
PKGL-00995,2026-08-23T10:00:00+00:00,0.12207044661045074,JAXA GSMaP V8 operational / Google Earth Engine,0,2026-09-08T18:58:37.714132+00:00
PKGL-00995,2026-08-23T11:00:00+00:00,0.0,JAXA GSMaP V8 operational / Google Earth Engine,0,2026-09-08T18:58:37.714132+00:00
PKGL-00995,2026-08-23T12:00:00+00:00,0.0,JAXA GSMaP V8 operational / Google Earth Engine,0,2026-09-08T18:58:37.714132+00:00
PKGL-00995,2026-08-23T13:00:00+00:00,0.0,JAXA GSMaP V8 operational / Google Earth Engine,0,2026-09-08T18:58:37.714132+00:00
PKGL-00995,2026-08-23T14:00:00+00:00,0.0,JAXA GSMaP V8 operational / Google Earth Engine,0,2026-09-08T18:58:37.714132+00:00
PKGL-00995,2026-08-23T15:00:00+00:00,0.0,JAXA GSMaP V8 operational / Google Earth Engine,0,2026-09-08T18:58:37.714132+00:00
PKGL-00995,2026-08-23T16:00:00+00:00,0.0,JAXA GSMaP V8 operational / Google Earth Engine,0,2026-09-08T18:58:37.714132+00:00
PKGL-00995,2026-08-23T17:00:00+00:00,0.0,JAXA GSMaP V8 operational / Google Earth Engine,0,2026-09-08T18:58:37.714132+00:00
PKGL-00995,2026-08-23T18:00:00+00:00,0.0,JAXA GSMaP V8 operational / Google Earth Engine,0,2026-09-08T18:58:37.714132+00:00
PKGL-00995,2026-08-23T19:00:00+00:00,0.0,JAXA GSMaP V8 operational / Google Earth Engine,0,2026-09-08T18:58:37.714132+00:00
PKGL-00995,2026-08-23T20:00:00+00:00,0.0,JAXA GSMaP V8 operational / Google Earth Engine,0,2026-09-08T18:58:37.714132+00:00
PKGL-00995,2026-08-23T21:00:00+00:00,0.0,JAXA GSMaP V8 operational / Google Earth Engine,0,2026-09-08T18:58:37.714132+00:00
PKGL-00995,2026-08-23T22:00:00+00:00,0.0,JAXA GSMaP V8 operational / Google Earth Engine,0,2026-09-08T18:58:37.714132+00:00
PKGL-00995,2026-08-23T23:00:00+00:00,0.0,JAXA GSMaP V8 operational / Google Earth Engine,0,2026-09-08T18:58:37.714132+00:00
PKGL-00995,2026-08-24T00:00:00+00:00,0.0,JAXA GSMaP V8 operational / Google Earth Engine,0,2026-09-08T18:58:37.714132+00:00
PKGL-00995,2026-08-24T01:00:00+00:00,0.0,JAXA GSMaP V8 operational / Google Earth Engine,0,2026-09-08T18:58:37.714132+00:00
PKGL-00995,2026-08-24T02:00:00+00:00,0.0,JAXA GSMaP V8 operational / Google Earth Engine,0,2026-09-08T18:58:37.714132+00:00
PKGL-00995,2026-08-24T03:00:00+00:00,0.0,JAXA GSMaP V8 operational / Google Earth Engine,0,2026-09-08T18:58:37.714132+00:00
PKGL-00995,2026-08-24T04:00:00+00:00,0.0,JAXA GSMaP V8 operational / Google Earth Engine,0,2026-09-08T18:58:37.714132+00:00
PKGL-00995,2026-08-24T05:00:00+00:00,0.0,JAXA GSMaP V8 operational / Google Earth Engine,0,2026-09-08T18:58:37.714132+00:00
PKGL-00995,2026-08-24T06:00:00+00:00,0.0,JAXA GSMaP V8 operational / Google Earth Engine,0,2026-09-08T18:58:37.714132+00:00
PKGL-00995,2026-08-24T07:00:00+00:00,0.0,JAXA GSMaP V8 operational / Google Earth Engine,0,2026-09-08T18:58:37.714132+00:00
PKGL-00995,2026-08-24T08:00:00+00:00,0.0,JAXA GSMaP V8 operational / Google Earth Engine,0,2026-09-08T18:58:37.714132+00:00
PKGL-00995,2026-08-24T09:00:00+00:00,0.0,JAXA GSMaP V8 operational / Google Earth Engine,0,2026-09-08T18:58:37.714132+00:00
PKGL-00995,2026-08-24T10:00:00+00:00,0.0,JAXA GSMaP V8 operational / Google Earth Engine,0,2026-09-08T18:58:37.714132+00:00
PKGL-00995,2026-08-24T11:00:00+00:00,0.0,JAXA GSMaP V8 operational / Google Earth Engine,0,2026-09-08T18:58:37.714132+00:00
PKGL-00995,2026-08-24T12:00:00+00:00,0.0,JAXA GSMaP V8 operational / Google Earth Engine,0,2026-09-08T18:58:37.714132+00:00
PKGL-00995,2026-08-24T13:00:00+00:00,0.0,JAXA GSMaP V8 operational / Google Earth Engine,0,2026-09-08T18:58:37.714132+00:00
PKGL-00995,2026-08-24T14:00:00+00:00,0.0,JAXA GSMaP V8 operational / Google Earth Engine,0,2026-09-08T18:58:37.715124+00:00
PKGL-00995,2026-08-24T15:00:00+00:00,0.0,JAXA GSMaP V8 operational / Google Earth Engine,0,2026-09-08T18:58:37.715124+00:00
PKGL-00995,2026-08-24T16:00:00+00:00,0.0,JAXA GSMaP V8 operational / Google Earth Engine,0,2026-09-08T18:58:37.715124+00:00
PKGL-00995,2026-08-24T17:00:00+00:00,0.0,JAXA GSMaP V8 operational / Google Earth Engine,0,2026-09-08T18:58:37.715124+00:00
PKGL-00995,2026-08-24T18:00:00+00:00,0.0,JAXA GSMaP V8 operational / Google Earth Engine,0,2026-09-08T18:58:37.715124+00:00
PKGL-00995,2026-08-24T19:00:00+00:00,0.0,JAXA GSMaP V8 operational / Google Earth Engine,0,2026-09-08T18:58:37.715124+00:00
PKGL-00995,2026-08-24T20:00:00+00:00,0.0,JAXA GSMaP V8 operational / Google Earth Engine,0,2026-09-08T18:58:37.715124+00:00
PKGL-00995,2026-08-24T21:00:00+00:00,0.0,JAXA GSMaP V8 operational / Google Earth Engine,0,2026-09-08T18:58:37.715124+00:00
PKGL-00995,2026-08-24T22:00:00+00:00,0.0,JAXA GSMaP V8 operational / Google Earth Engine,0,2026-09-08T18:58:37.715124+00:00
PKGL-00995,2026-08-24T23:00:00+00:00,0.0,JAXA GSMaP V8 operational / Google Earth Engine,0,2026-09-08T18:58:37.715124+00:00
PKGL-00995,2026-08-25T00:00:00+00:00,0.0,JAXA GSMaP V8 operational / Google Earth Engine,0,2026-09-08T18:58:37.715124+00:00
PKGL-00995,2026-08-25T01:00:00+00:00,0.0,JAXA GSMaP V8 operational / Google Earth Engine,0,2026-09-08T18:58:37.715124+00:00
PKGL-00995,2026-08-25T02:00:00+00:00,0.0,JAXA GSMaP V8 operational / Google Earth Engine,0,2026-09-08T18:58:37.715124+00:00
PKGL-00995,2026-08-25T03:00:00+00:00,0.0,JAXA GSMaP V8 operational / Google Earth Engine,0,2026-09-08T18:58:37.715124+00:00
PKGL-00995,2026-08-25T04:00:00+00:00,0.0,JAXA GSMaP V8 operational / Google Earth Engine,0,2026-09-08T18:58:37.715124+00:00
PKGL-00995,2026-08-25T05:00:00+00:00,0.0,JAXA GSMaP V8 operational / Google Earth Engine,0,2026-09-08T18:58:37.715124+00:00
PKGL-00995,2026-08-25T06:00:00+00:00,0.0,JAXA GSMaP V8 operational / Google Earth Engine,0,2026-09-08T18:58:37.715124+00:00
PKGL-00995,2026-08-25T07:00:00+00:00,0.0,JAXA GSMaP V8 operational / Google Earth Engine,0,2026-09-08T18:58:37.715124+00:00
PKGL-00995,2026-08-25T08:00:00+00:00,0.0,JAXA GSMaP V8 operational / Google Earth Engine,0,2026-09-08T18:58:37.715124+00:00
PKGL-00995,2026-08-25T09:00:00+00:00,0.0,JAXA GSMaP V8 operational / Google Earth Engine,0,2026-09-08T18:58:37.715124+00:00
PKGL-00995,2026-08-25T10:00:00+00:00,0.0,JAXA GSMaP V8 operational / Google Earth Engine,0,2026-09-08T18:58:37.715124+00:00
PKGL-00995,2026-08-25T11:00:00+00:00,0.0,JAXA GSMaP V8 operational / Google Earth Engine,0,2026-09-08T18:58:37.715124+00:00
PKGL-00995,2026-08-25T12:00:00+00:00,0.0,JAXA GSMaP V8 operational / Google Earth Engine,0,2026-09-08T18:58:37.715124+00:00
PKGL-00995,2026-08-25T13:00:00+00:00,0.0,JAXA GSMaP V8 operational / Google Earth Engine,0,2026-09-08T18:58:37.715124+00:00
PKGL-00995,2026-08-25T14:00:00+00:00,0.0,JAXA GSMaP V8 operational / Google Earth Engine,0,2026-09-08T18:58:37.715124+00:00
PKGL-00995,2026-08-25T15:00:00+00:00,0.0,JAXA GSMaP V8 operational / Google Earth Engine,0,2026-09-08T18:58:37.715124+00:00
PKGL-00995,2026-08-25T16:00:00+00:00,0.0,JAXA GSMaP V8 operational / Google Earth Engine,0,2026-09-08T18:58:37.715124+00:00
PKGL-00995,2026-08-25T17:00:00+00:00,0.0,JAXA GSMaP V8 operational / Google Earth Engine,0,2026-09-08T18:58:37.715124+00:00
PKGL-00995,2026-08-25T18:00:00+00:00,0.0,JAXA GSMaP V8 operational / Google Earth Engine,0,2026-09-08T18:58:37.715124+00:00
PKGL-00995,2026-08-25T19:00:00+00:00,0.0,JAXA GSMaP V8 operational / Google Earth Engine,0,2026-09-08T18:58:37.715124+00:00
PKGL-00995,2026-08-25T20:00:00+00:00,0.0,JAXA GSMaP V8 operational / Google Earth Engine,0,2026-09-08T18:58:37.715124+00:00
PKGL-00995,2026-08-25T21:00:00+00:00,0.0,JAXA GSMaP V8 operational / Google Earth Engine,0,2026-09-08T18:58:37.715124+00:00
PKGL-00995,2026-08-25T22:00:00+00:00,0.0,JAXA GSMaP V8 operational / Google Earth Engine,0,2026-09-08T18:58:37.715124+00:00
PKGL-00995,2026-08-25T23:00:00+00:00,0.0,JAXA GSMaP V8 operational / Google Earth Engine,0,2026-09-08T18:58:37.715124+00:00
PKGL-00995,2026-08-26T00:00:00+00:00,0.0,JAXA GSMaP V8 operational / Google Earth Engine,0,2026-09-08T18:58:37.715124+00:00
PKGL-00995,2026-08-26T01:00:00+00:00,0.0,JAXA GSMaP V8 operational / Google Earth Engine,0,2026-09-08T18:58:37.715124+00:00
PKGL-00995,2026-08-26T02:00:00+00:00,0.0,JAXA GSMaP V8 operational / Google Earth Engine,0,2026-09-08T18:58:37.715124+00:00
PKGL-00995,2026-08-26T03:00:00+00:00,0.0,JAXA GSMaP V8 operational / Google Earth Engine,0,2026-09-08T18:58:37.715124+00:00
PKGL-00995,2026-08-26T04:00:00+00:00,0.0,JAXA GSMaP V8 operational / Google Earth Engine,0,2026-09-08T18:58:37.715124+00:00
PKGL-00995,2026-08-26T05:00:00+00:00,0.0,JAXA GSMaP V8 operational / Google Earth Engine,0,2026-09-08T18:58:37.715124+00:00
PKGL-00995,2026-08-26T06:00:00+00:00,0.0,JAXA GSMaP V8 operational / Google Earth Engine,0,2026-09-08T18:58:37.715124+00:00
PKGL-00995,2026-08-26T07:00:00+00:00,0.0,JAXA GSMaP V8 operational / Google Earth Engine,0,2026-09-08T18:58:37.715124+00:00
PKGL-00995,2026-08-26T08:00:00+00:00,0.0,JAXA GSMaP V8 operational / Google Earth Engine,0,2026-09-08T18:58:37.715124+00:00
PKGL-00995,2026-08-26T09:00:00+00:00,0.0,JAXA GSMaP V8 operational / Google Earth Engine,0,2026-09-08T18:58:37.715124+00:00
PKGL-00995,2026-08-26T10:00:00+00:00,0.0,JAXA GSMaP V8 operational / Google Earth Engine,0,2026-09-08T18:58:37.715124+00:00
PKGL-00995,2026-08-26T11:00:00+00:00,0.0,JAXA GSMaP V8 operational / Google Earth Engine,0,2026-09-08T18:58:37.715124+00:00
PKGL-00995,2026-08-26T12:00:00+00:00,0.0,JAXA GSMaP V8 operational / Google Earth Engine,0,2026-09-08T18:58:37.715124+00:00
PKGL-00995,2026-08-26T13:00:00+00:00,0.0,JAXA GSMaP V8 operational / Google Earth Engine,0,2026-09-08T18:58:37.715124+00:00
PKGL-00995,2026-08-26T14:00:00+00:00,0.0,JAXA GSMaP V8 operational / Google Earth Engine,0,2026-09-08T18:58:37.715124+00:00
PKGL-00995,2026-08-26T15:00:00+00:00,0.0,JAXA GSMaP V8 operational / Google Earth Engine,0,2026-09-08T18:58:37.715124+00:00
PKGL-00995,2026-08-26T16:00:00+00:00,0.0,JAXA GSMaP V8 operational / Google Earth Engine,0,2026-09-08T18:58:37.715124+00:00
PKGL-00995,2026-08-26T17:00:00+00:00,0.0,JAXA GSMaP V8 operational / Google Earth Engine,0,2026-09-08T18:58:37.715124+00:00
PKGL-00995,2026-08-26T18:00:00+00:00,0.0,JAXA GSMaP V8 operational / Google Earth Engine,0,2026-09-08T18:58:37.715124+00:00
PKGL-00995,2026-08-26T19:00:00+00:00,0.0,JAXA GSMaP V8 operational / Google Earth Engine,0,2026-09-08T18:58:37.715124+00:00
PKGL-00995,2026-08-26T20:00:00+00:00,0.0,JAXA GSMaP V8 operational / Google Earth Engine,0,2026-09-08T18:58:37.715124+00:00
PKGL-00995,2026-08-26T21:00:00+00:00,0.0,JAXA GSMaP V8 operational / Google Earth Engine,0,2026-09-08T18:58:37.715124+00:00
PKGL-00995,2026-08-26T22:00:00+00:00,0.0,JAXA GSMaP V8 operational / Google Earth Engine,0,2026-09-08T18:58:37.715124+00:00
PKGL-00995,2026-08-26T23:00:00+00:00,0.0,JAXA GSMaP V8 operational / Google Earth Engine,0,2026-09-08T18:58:37.715124+00:00
PKGL-00995,2026-08-27T00:00:00+00:00,0.0,JAXA GSMaP V8 operational / Google Earth Engine,0,2026-09-08T18:58:37.715124+00:00
PKGL-00995,2026-08-27T01:00:00+00:00,0.0,JAXA GSMaP V8 operational / Google Earth Engine,0,2026-09-08T18:58:37.715124+00:00
PKGL-00995,2026-08-27T02:00:00+00:00,0.0,JAXA GSMaP V8 operational / Google Earth Engine,0,2026-09-08T18:58:37.715124+00:00
PKGL-00995,2026-08-27T03:00:00+00:00,0.0,JAXA GSMaP V8 operational / Google Earth Engine,0,2026-09-08T18:58:37.715124+00:00
PKGL-00995,2026-08-27T04:00:00+00:00,0.0,JAXA GSMaP V8 operational / Google Earth Engine,0,2026-09-08T18:58:37.715124+00:00
PKGL-00995,2026-08-27T05:00:00+00:00,0.0,JAXA GSMaP V8 operational / Google Earth Engine,0,2026-09-08T18:58:37.715124+00:00
PKGL-00995,2026-08-27T06:00:00+00:00,0.0,JAXA GSMaP V8 operational / Google Earth Engine,0,2026-09-08T18:58:37.715124+00:00
PKGL-00995,2026-08-27T07:00:00+00:00,0.0,JAXA GSMaP V8 operational / Google Earth Engine,0,2026-09-08T18:58:37.715124+00:00
PKGL-00995,2026-08-27T08:00:00+00:00,0.0,JAXA GSMaP V8 operational / Google Earth Engine,0,2026-09-08T18:58:37.715124+00:00
PKGL-00995,2026-08-27T09:00:00+00:00,0.0,JAXA GSMaP V8 operational / Google Earth Engine,0,2026-09-08T18:58:37.715124+00:00
PKGL-00995,2026-08-27T10:00:00+00:00,0.0,JAXA GSMaP V8 operational / Google Earth Engine,0,2026-09-08T18:58:37.715124+00:00
PKGL-00995,2026-08-27T11:00:00+00:00,0.0,JAXA GSMaP V8 operational / Google Earth Engine,0,2026-09-08T18:58:37.715124+00:00
PKGL-00995,2026-08-27T12:00:00+00:00,0.0,JAXA GSMaP V8 operational / Google Earth Engine,0,2026-09-08T18:58:37.715124+00:00
PKGL-00995,2026-08-27T13:00:00+00:00,0.0,JAXA GSMaP V8 operational / Google Earth Engine,0,2026-09-08T18:58:37.715124+00:00
PKGL-00995,2026-08-27T14:00:00+00:00,0.0,JAXA GSMaP V8 operational / Google Earth Engine,0,2026-09-08T18:58:37.715124+00:00
PKGL-00995,2026-08-27T15:00:00+00:00,0.0,JAXA GSMaP V8 operational / Google Earth Engine,0,2026-09-08T18:58:37.715124+00:00
PKGL-00995,2026-08-27T16:00:00+00:00,0.0,JAXA GSMaP V8 operational / Google Earth Engine,0,2026-09-08T18:58:37.715124+00:00
PKGL-00995,2026-08-27T17:00:00+00:00,0.0,JAXA GSMaP V8 operational / Google Earth Engine,0,2026-09-08T18:58:37.715124+00:00
PKGL-00995,2026-08-27T18:00:00+00:00,0.0,JAXA GSMaP V8 operational / Google Earth Engine,0,2026-09-08T18:58:37.715124+00:00
PKGL-00995,2026-08-27T19:00:00+00:00,0.0,JAXA GSMaP V8 operational / Google Earth Engine,0,2026-09-08T18:58:37.715124+00:00
PKGL-00995,2026-08-27T20:00:00+00:00,0.0,JAXA GSMaP V8 operational / Google Earth Engine,0,2026-09-08T18:58:37.715124+00:00
PKGL-00995,2026-08-27T21:00:00+00:00,0.0,JAXA GSMaP V8 operational / Google Earth Engine,0,2026-09-08T18:58:37.715124+00:00
PKGL-00995,2026-08-27T22:00:00+00:00,0.0,JAXA GSMaP V8 operational / Google Earth Engine,0,2026-09-08T18:58:37.715124+00:00
PKGL-00995,2026-08-27T23:00:00+00:00,0.0,JAXA GSMaP V8 operational / Google Earth Engine,0,2026-09-08T18:58:37.715124+00:00
PKGL-00995,2026-08-28T00:00:00+00:00,0.0,JAXA GSMaP V8 operational / Google Earth Engine,0,2026-09-08T18:58:37.715124+00:00
PKGL-00995,2026-08-28T01:00:00+00:00,0.0,JAXA GSMaP V8 operational / Google Earth Engine,0,2026-09-08T18:58:37.715124+00:00
PKGL-00995,2026-08-28T02:00:00+00:00,0.0,JAXA GSMaP V8 operational / Google Earth Engine,0,2026-09-08T18:58:37.715124+00:00
PKGL-00995,2026-08-28T03:00:00+00:00,0.0,JAXA GSMaP V8 operational / Google Earth Engine,0,2026-09-08T18:58:37.715124+00:00
PKGL-00995,2026-08-28T04:00:00+00:00,0.0,JAXA GSMaP V8 operational / Google Earth Engine,0,2026-09-08T18:58:37.715124+00:00
PKGL-00995,2026-08-28T05:00:00+00:00,0.0,JAXA GSMaP V8 operational / Google Earth Engine,0,2026-09-08T18:58:37.715124+00:00
PKGL-00995,2026-08-28T06:00:00+00:00,0.0,JAXA GSMaP V8 operational / Google Earth Engine,0,2026-09-08T18:58:37.715124+00:00
PKGL-00995,2026-08-28T07:00:00+00:00,0.0,JAXA GSMaP V8 operational / Google Earth Engine,0,2026-09-08T18:58:37.715124+00:00
PKGL-00995,2026-08-28T08:00:00+00:00,0.0,JAXA GSMaP V8 operational / Google Earth Engine,0,2026-09-08T18:58:37.715124+00:00
PKGL-00995,2026-08-28T09:00:00+00:00,0.0,JAXA GSMaP V8 operational / Google Earth Engine,0,2026-09-08T18:58:37.715124+00:00
PKGL-00995,2026-08-28T10:00:00+00:00,0.0,JAXA GSMaP V8 operational / Google Earth Engine,0,2026-09-08T18:58:37.715124+00:00
PKGL-00995,2026-08-28T11:00:00+00:00,0.0,JAXA GSMaP V8 operational / Google Earth Engine,0,2026-09-08T18:58:37.715124+00:00
PKGL-00995,2026-08-28T12:00:00+00:00,0.0,JAXA GSMaP V8 operational / Google Earth Engine,0,2026-09-08T18:58:37.715124+00:00
PKGL-00995,2026-08-28T13:00:00+00:00,0.0,JAXA GSMaP V8 operational / Google Earth Engine,0,2026-09-08T18:58:37.715124+00:00
PKGL-00995,2026-08-28T14:00:00+00:00,0.0,JAXA GSMaP V8 operational / Google Earth Engine,0,2026-09-08T18:58:37.715124+00:00
PKGL-00995,2026-08-28T15:00:00+00:00,0.0,JAXA GSMaP V8 operational / Google Earth Engine,0,2026-09-08T18:58:37.715124+00:00
PKGL-00995,2026-08-28T16:00:00+00:00,0.0,JAXA GSMaP V8 operational / Google Earth Engine,0,2026-09-08T18:58:37.715124+00:00
PKGL-00995,2026-08-28T17:00:00+00:00,0.0,JAXA GSMaP V8 operational / Google Earth Engine,0,2026-09-08T18:58:37.715124+00:00
PKGL-00995,2026-08-28T18:00:00+00:00,0.0,JAXA GSMaP V8 operational / Google Earth Engine,0,2026-09-08T18:58:37.715124+00:00
PKGL-00995,2026-08-28T19:00:00+00:00,0.0,JAXA GSMaP V8 operational / Google Earth Engine,0,2026-09-08T18:58:37.715124+00:00
PKGL-00995,2026-08-28T20:00:00+00:00,0.0,JAXA GSMaP V8 operational / Google Earth Engine,0,2026-09-08T18:58:37.715124+00:00
PKGL-00995,2026-08-28T21:00:00+00:00,0.0,JAXA GSMaP V8 operational / Google Earth Engine,0,2026-09-08T18:58:37.715124+00:00
PKGL-00995,2026-08-28T22:00:00+00:00,0.0,JAXA GSMaP V8 operational / Google Earth Engine,0,2026-09-08T18:58:37.715124+00:00
PKGL-00995,2026-08-28T23:00:00+00:00,0.0,JAXA GSMaP V8 operational / Google Earth Engine,0,2026-09-08T18:58:37.715124+00:00
PKGL-00995,2026-08-29T00:00:00+00:00,0.0,JAXA GSMaP V8 operational / Google Earth Engine,0,2026-09-08T18:58:37.715124+00:00
PKGL-00995,2026-08-29T01:00:00+00:00,0.0,JAXA GSMaP V8 operational / Google Earth Engine,0,2026-09-08T18:58:37.715124+00:00
PKGL-00995,2026-08-29T02:00:00+00:00,0.0,JAXA GSMaP V8 operational / Google Earth Engine,0,2026-09-08T18:58:37.715124+00:00
PKGL-00995,2026-08-29T03:00:00+00:00,0.0,JAXA GSMaP V8 operational / Google Earth Engine,0,2026-09-08T18:58:37.715124+00:00
PKGL-00995,2026-08-29T04:00:00+00:00,0.0,JAXA GSMaP V8 operational / Google Earth Engine,0,2026-09-08T18:58:37.715124+00:00
PKGL-00995,2026-08-29T05:00:00+00:00,0.0,JAXA GSMaP V8 operational / Google Earth Engine,0,2026-09-08T18:58:37.715124+00:00
PKGL-00995,2026-08-29T06:00:00+00:00,0.0,JAXA GSMaP V8 operational / Google Earth Engine,0,2026-09-08T18:58:37.715124+00:00
PKGL-00995,2026-08-29T07:00:00+00:00,0.0,JAXA GSMaP V8 operational / Google Earth Engine,0,2026-09-08T18:58:37.715124+00:00
PKGL-00995,2026-08-29T08:00:00+00:00,0.0,JAXA GSMaP V8 operational / Google Earth Engine,0,2026-09-08T18:58:37.715124+00:00
PKGL-00995,2026-08-29T09:00:00+00:00,0.0,JAXA GSMaP V8 operational / Google Earth Engine,0,2026-09-08T18:58:37.715124+00:00
PKGL-00995,2026-08-29T10:00:00+00:00,0.0,JAXA GSMaP V8 operational / Google Earth Engine,0,2026-09-08T18:58:37.715124+00:00
PKGL-00995,2026-08-29T11:00:00+00:00,0.0,JAXA GSMaP V8 operational / Google Earth Engine,0,2026-09-08T18:58:37.715124+00:00
PKGL-00995,2026-08-29T12:00:00+00:00,0.0,JAXA GSMaP V8 operational / Google Earth Engine,0,2026-09-08T18:58:37.715124+00:00
PKGL-00995,2026-08-29T13:00:00+00:00,0.0,JAXA GSMaP V8 operational / Google Earth Engine,0,2026-09-08T18:58:37.715124+00:00
PKGL-00995,2026-08-29T14:00:00+00:00,0.0,JAXA GSMaP V8 operational / Google Earth Engine,0,2026-09-08T18:58:37.715124+00:00
PKGL-00995,2026-08-29T15:00:00+00:00,0.0,JAXA GSMaP V8 operational / Google Earth Engine,0,2026-09-08T18:58:37.715124+00:00
PKGL-00995,2026-08-29T16:00:00+00:00,0.0,JAXA GSMaP V8 operational / Google Earth Engine,0,2026-09-08T18:58:37.715124+00:00
PKGL-00995,2026-08-29T17:00:00+00:00,0.0,JAXA GSMaP V8 operational / Google Earth Engine,0,2026-09-08T18:58:37.715124+00:00
PKGL-00995,2026-08-29T18:00:00+00:00,0.0,JAXA GSMaP V8 operational / Google Earth Engine,0,2026-09-08T18:58:37.715124+00:00
PKGL-00995,2026-08-29T19:00:00+00:00,0.0,JAXA GSMaP V8 operational / Google Earth Engine,0,2026-09-08T18:58:37.716140+00:00
PKGL-00995,2026-08-29T20:00:00+00:00,0.0,JAXA GSMaP V8 operational / Google Earth Engine,0,2026-09-08T18:58:37.716140+00:00
PKGL-00995,2026-08-29T21:00:00+00:00,0.0,JAXA GSMaP V8 operational / Google Earth Engine,0,2026-09-08T18:58:37.716140+00:00
PKGL-00995,2026-08-29T22:00:00+00:00,0.0,JAXA GSMaP V8 operational / Google Earth Engine,0,2026-09-08T18:58:37.716140+00:00
PKGL-00995,2026-08-29T23:00:00+00:00,0.0,JAXA GSMaP V8 operational / Google Earth Engine,0,2026-09-08T18:58:37.716140+00:00
PKGL-00995,2026-08-30T00:00:00+00:00,0.0,JAXA GSMaP V8 operational / Google Earth Engine,0,2026-09-08T18:58:37.716140+00:00
PKGL-00995,2026-08-30T01:00:00+00:00,0.0,JAXA GSMaP V8 operational / Google Earth Engine,0,2026-09-08T18:58:37.716140+00:00
PKGL-00995,2026-08-30T02:00:00+00:00,0.0,JAXA GSMaP V8 operational / Google Earth Engine,0,2026-09-08T18:58:37.716140+00:00
PKGL-00995,2026-08-30T03:00:00+00:00,0.0,JAXA GSMaP V8 operational / Google Earth Engine,0,2026-09-08T18:58:37.716140+00:00
PKGL-00995,2026-08-30T04:00:00+00:00,0.0,JAXA GSMaP V8 operational / Google Earth Engine,0,2026-09-08T18:58:37.716140+00:00
PKGL-00995,2026-08-30T05:00:00+00:00,0.0,JAXA GSMaP V8 operational / Google Earth Engine,0,2026-09-08T18:58:37.716140+00:00
PKGL-00995,2026-08-30T06:00:00+00:00,0.0,JAXA GSMaP V8 operational / Google Earth Engine,0,2026-09-08T18:58:37.716140+00:00
PKGL-00995,2026-08-30T07:00:00+00:00,0.0,JAXA GSMaP V8 operational / Google Earth Engine,0,2026-09-08T18:58:37.716140+00:00
PKGL-00995,2026-08-30T08:00:00+00:00,0.0,JAXA GSMaP V8 operational / Google Earth Engine,0,2026-09-08T18:58:37.716140+00:00
PKGL-00995,2026-08-30T09:00:00+00:00,0.0,JAXA GSMaP V8 operational / Google Earth Engine,0,2026-09-08T18:58:37.716140+00:00
PKGL-00995,2026-08-30T10:00:00+00:00,0.0,JAXA GSMaP V8 operational / Google Earth Engine,0,2026-09-08T18:58:37.716140+00:00
PKGL-00995,2026-08-30T11:00:00+00:00,0.0,JAXA GSMaP V8 operational / Google Earth Engine,0,2026-09-08T18:58:37.716140+00:00
PKGL-00995,2026-08-30T12:00:00+00:00,0.0,JAXA GSMaP V8 operational / Google Earth Engine,0,2026-09-08T18:58:37.716140+00:00
PKGL-00995,2026-08-30T13:00:00+00:00,0.0,JAXA GSMaP V8 operational / Google Earth Engine,0,2026-09-08T18:58:37.716140+00:00
PKGL-00995,2026-08-30T14:00:00+00:00,0.0,JAXA GSMaP V8 operational / Google Earth Engine,0,2026-09-08T18:58:37.716140+00:00
PKGL-00995,2026-08-30T15:00:00+00:00,0.0,JAXA GSMaP V8 operational / Google Earth Engine,0,2026-09-08T18:58:37.716140+00:00
PKGL-00995,2026-08-30T16:00:00+00:00,0.0,JAXA GSMaP V8 operational / Google Earth Engine,0,2026-09-08T18:58:37.716140+00:00
PKGL-00995,2026-08-30T17:00:00+00:00,0.10798658430576324,JAXA GSMaP V8 operational / Google Earth Engine,0,2026-09-08T18:58:37.716140+00:00
PKGL-00995,2026-08-30T18:00:00+00:00,0.0,JAXA GSMaP V8 operational / Google Earth Engine,0,2026-09-08T18:58:37.716140+00:00
PKGL-00995,2026-08-30T19:00:00+00:00,0.0,JAXA GSMaP V8 operational / Google Earth Engine,0,2026-09-08T18:58:37.716140+00:00
PKGL-00995,2026-08-30T20:00:00+00:00,0.0,JAXA GSMaP V8 operational / Google Earth Engine,0,2026-09-08T18:58:37.716140+00:00
PKGL-00995,2026-08-30T21:00:00+00:00,0.0,JAXA GSMaP V8 operational / Google Earth Engine,0,2026-09-08T18:58:37.716140+00:00
PKGL-00995,2026-08-30T22:00:00+00:00,0.0,JAXA GSMaP V8 operational / Google Earth Engine,0,2026-09-08T18:58:37.716140+00:00
PKGL-00995,2026-08-30T23:00:00+00:00,0.0,JAXA GSMaP V8 operational / Google Earth Engine,0,2026-09-08T18:58:37.716140+00:00
PKGL-00995,2026-08-31T00:00:00+00:00,0.0,JAXA GSMaP V8 operational / Google Earth Engine,0,2026-09-08T18:58:37.716140+00:00
PKGL-00995,2026-08-31T01:00:00+00:00,0.0,JAXA GSMaP V8 operational / Google Earth Engine,0,2026-09-08T18:58:37.716140+00:00
PKGL-00995,2026-08-31T02:00:00+00:00,0.0,JAXA GSMaP V8 operational / Google Earth Engine,0,2026-09-08T18:58:37.716140+00:00
PKGL-00995,2026-08-31T03:00:00+00:00,0.0,JAXA GSMaP V8 operational / Google Earth Engine,0,2026-09-08T18:58:37.716140+00:00
PKGL-00995,2026-08-31T04:00:00+00:00,0.0,JAXA GSMaP V8 operational / Google Earth Engine,0,2026-09-08T18:58:37.716140+00:00
PKGL-00995,2026-08-31T05:00:00+00:00,0.0,JAXA GSMaP V8 operational / Google Earth Engine,0,2026-09-08T18:58:37.716140+00:00
PKGL-00995,2026-08-31T06:00:00+00:00,0.0,JAXA GSMaP V8 operational / Google Earth Engine,0,2026-09-08T18:58:37.716140+00:00
PKGL-00995,2026-08-31T07:00:00+00:00,0.0,JAXA GSMaP V8 operational / Google Earth Engine,0,2026-09-08T18:58:37.716140+00:00
PKGL-00995,2026-08-31T08:00:00+00:00,0.14710913598537445,JAXA GSMaP V8 operational / Google Earth Engine,0,2026-09-08T18:58:37.716140+00:00
PKGL-00995,2026-08-31T09:00:00+00:00,0.26402199268341064,JAXA GSMaP V8 operational / Google Earth Engine,0,2026-09-08T18:58:37.716140+00:00
PKGL-00995,2026-08-31T10:00:00+00:00,0.4667796790599823,JAXA GSMaP V8 operational / Google Earth Engine,0,2026-09-08T18:58:37.716140+00:00
PKGL-00995,2026-08-31T11:00:00+00:00,0.4625086784362793,JAXA GSMaP V8 operational / Google Earth Engine,0,2026-09-08T18:58:37.716140+00:00
PKGL-00995,2026-08-31T12:00:00+00:00,0.3422762453556061,JAXA GSMaP V8 operational / Google Earth Engine,0,2026-09-08T18:58:37.716140+00:00
PKGL-00995,2026-08-31T13:00:00+00:00,0.21366997063159943,JAXA GSMaP V8 operational / Google Earth Engine,0,2026-09-08T18:58:37.716140+00:00
PKGL-00995,2026-08-31T14:00:00+00:00,0.1268680989742279,JAXA GSMaP V8 operational / Google Earth Engine,0,2026-09-08T18:58:37.716140+00:00
PKGL-00995,2026-08-31T15:00:00+00:00,0.0,JAXA GSMaP V8 operational / Google Earth Engine,0,2026-09-08T18:58:37.716140+00:00
PKGL-00995,2026-08-31T16:00:00+00:00,0.0,JAXA GSMaP V8 operational / Google Earth Engine,0,2026-09-08T18:58:37.716140+00:00
PKGL-00995,2026-08-31T17:00:00+00:00,0.0,JAXA GSMaP V8 operational / Google Earth Engine,0,2026-09-08T18:58:37.716140+00:00
PKGL-00995,2026-08-31T18:00:00+00:00,0.0,JAXA GSMaP V8 operational / Google Earth Engine,0,2026-09-08T18:58:37.716140+00:00
PKGL-00995,2026-08-31T19:00:00+00:00,0.0,JAXA GSMaP V8 operational / Google Earth Engine,0,2026-09-08T18:58:37.716140+00:00
PKGL-00995,2026-08-31T20:00:00+00:00,0.0,JAXA GSMaP V8 operational / Google Earth Engine,0,2026-09-08T18:58:37.716140+00:00
PKGL-00995,2026-08-31T21:00:00+00:00,0.0,JAXA GSMaP V8 operational / Google Earth Engine,0,2026-09-08T18:58:37.716140+00:00
PKGL-00995,2026-08-31T22:00:00+00:00,0.0,JAXA GSMaP V8 operational / Google Earth Engine,0,2026-09-08T18:58:37.716140+00:00
PKGL-00995,2026-08-31T23:00:00+00:00,0.0,JAXA GSMaP V8 operational / Google Earth Engine,0,2026-09-08T18:58:37.716140+00:00
PKGL-00995,2026-09-01T00:00:00+00:00,0.0,JAXA GSMaP V8 operational / Google Earth Engine,0,2026-09-08T18:58:37.716140+00:00
PKGL-00995,2026-09-01T01:00:00+00:00,0.0,JAXA GSMaP V8 operational / Google Earth Engine,0,2026-09-08T18:58:37.716140+00:00
PKGL-00995,2026-09-01T02:00:00+00:00,0.0,JAXA GSMaP V8 operational / Google Earth Engine,0,2026-09-08T18:58:37.716140+00:00
PKGL-00995,2026-09-01T03:00:00+00:00,0.0,JAXA GSMaP V8 operational / Google Earth Engine,0,2026-09-08T18:58:37.716140+00:00
PKGL-00995,2026-09-01T04:00:00+00:00,0.0,JAXA GSMaP V8 operational / Google Earth Engine,0,2026-09-08T18:58:37.716140+00:00
PKGL-00995,2026-09-01T05:00:00+00:00,0.11225295066833496,JAXA GSMaP V8 operational / Google Earth Engine,0,2026-09-08T18:58:37.716140+00:00
PKGL-00995,2026-09-01T06:00:00+00:00,0.21300522983074188,JAXA GSMaP V8 operational / Google Earth Engine,0,2026-09-08T18:58:37.716140+00:00
PKGL-00995,2026-09-01T07:00:00+00:00,0.36231881380081177,JAXA GSMaP V8 operational / Google Earth Engine,0,2026-09-08T18:58:37.716140+00:00
PKGL-00995,2026-09-01T08:00:00+00:00,0.5473332405090332,JAXA GSMaP V8 operational / Google Earth Engine,0,2026-09-08T18:58:37.716140+00:00
PKGL-00995,2026-09-01T09:00:00+00:00,0.38248100876808167,JAXA GSMaP V8 operational / Google Earth Engine,0,2026-09-08T18:58:37.716140+00:00
PKGL-00995,2026-09-01T10:00:00+00:00,0.2522992491722107,JAXA GSMaP V8 operational / Google Earth Engine,0,2026-09-08T18:58:37.716140+00:00
PKGL-00995,2026-09-01T11:00:00+00:00,0.17243601381778717,JAXA GSMaP V8 operational / Google Earth Engine,0,2026-09-08T18:58:37.716140+00:00
PKGL-00995,2026-09-01T12:00:00+00:00,0.10582080483436584,JAXA GSMaP V8 operational / Google Earth Engine,0,2026-09-08T18:58:37.716140+00:00
PKGL-00995,2026-09-01T13:00:00+00:00,0.0,JAXA GSMaP V8 operational / Google Earth Engine,0,2026-09-08T18:58:37.716140+00:00
PKGL-00995,2026-09-01T14:00:00+00:00,0.0,JAXA GSMaP V8 operational / Google Earth Engine,0,2026-09-08T18:58:37.716140+00:00
PKGL-00995,2026-09-01T15:00:00+00:00,0.0,JAXA GSMaP V8 operational / Google Earth Engine,0,2026-09-08T18:58:37.716140+00:00
PKGL-00995,2026-09-01T16:00:00+00:00,0.0,JAXA GSMaP V8 operational / Google Earth Engine,0,2026-09-08T18:58:37.716140+00:00
PKGL-00995,2026-09-01T17:00:00+00:00,0.10603539645671844,JAXA GSMaP V8 operational / Google Earth Engine,0,2026-09-08T18:58:37.716140+00:00
PKGL-00995,2026-09-01T18:00:00+00:00,0.15589852631092072,JAXA GSMaP V8 operational / Google Earth Engine,0,2026-09-08T18:58:37.716140+00:00
PKGL-00995,2026-09-01T19:00:00+00:00,0.16937720775604248,JAXA GSMaP V8 operational / Google Earth Engine,0,2026-09-08T18:58:37.716140+00:00
PKGL-00995,2026-09-01T20:00:00+00:00,0.16709046065807343,JAXA GSMaP V8 operational / Google Earth Engine,0,2026-09-08T18:58:37.716140+00:00
PKGL-00995,2026-09-01T21:00:00+00:00,0.10952749103307724,JAXA GSMaP V8 operational / Google Earth Engine,0,2026-09-08T18:58:37.716140+00:00
PKGL-00995,2026-09-01T22:00:00+00:00,0.0,JAXA GSMaP V8 operational / Google Earth Engine,0,2026-09-08T18:58:37.716140+00:00
PKGL-00995,2026-09-01T23:00:00+00:00,0.0,JAXA GSMaP V8 operational / Google Earth Engine,0,2026-09-08T18:58:37.716140+00:00
PKGL-00995,2026-09-02T00:00:00+00:00,0.0,JAXA GSMaP V8 operational / Google Earth Engine,0,2026-09-08T18:58:37.716140+00:00
PKGL-00995,2026-09-02T01:00:00+00:00,0.0,JAXA GSMaP V8 operational / Google Earth Engine,0,2026-09-08T18:58:37.716140+00:00
PKGL-00995,2026-09-02T02:00:00+00:00,0.0,JAXA GSMaP V8 operational / Google Earth Engine,0,2026-09-08T18:58:37.716140+00:00
PKGL-00995,2026-09-02T03:00:00+00:00,0.0,JAXA GSMaP V8 operational / Google Earth Engine,0,2026-09-08T18:58:37.716140+00:00
PKGL-00995,2026-09-02T04:00:00+00:00,0.0,JAXA GSMaP V8 operational / Google Earth Engine,0,2026-09-08T18:58:37.716140+00:00
PKGL-00995,2026-09-02T05:00:00+00:00,0.0,JAXA GSMaP V8 operational / Google Earth Engine,0,2026-09-08T18:58:37.716140+00:00
PKGL-00995,2026-09-02T06:00:00+00:00,0.0,JAXA GSMaP V8 operational / Google Earth Engine,0,2026-09-08T18:58:37.716140+00:00
PKGL-00995,2026-09-02T07:00:00+00:00,0.0,JAXA GSMaP V8 operational / Google Earth Engine,0,2026-09-08T18:58:37.716140+00:00
PKGL-00995,2026-09-02T08:00:00+00:00,0.0,JAXA GSMaP V8 operational / Google Earth Engine,0,2026-09-08T18:58:37.716140+00:00
PKGL-00995,2026-09-02T09:00:00+00:00,0.0,JAXA GSMaP V8 operational / Google Earth Engine,0,2026-09-08T18:58:37.716140+00:00
PKGL-00995,2026-09-02T10:00:00+00:00,0.0,JAXA GSMaP V8 operational / Google Earth Engine,0,2026-09-08T18:58:37.716140+00:00
PKGL-00995,2026-09-02T11:00:00+00:00,0.0,JAXA GSMaP V8 operational / Google Earth Engine,0,2026-09-08T18:58:37.716140+00:00
PKGL-00995,2026-09-02T12:00:00+00:00,0.0,JAXA GSMaP V8 operational / Google Earth Engine,0,2026-09-08T18:58:37.716140+00:00
PKGL-00995,2026-09-02T13:00:00+00:00,0.0,JAXA GSMaP V8 operational / Google Earth Engine,0,2026-09-08T18:58:37.716140+00:00
PKGL-00995,2026-09-02T14:00:00+00:00,0.0,JAXA GSMaP V8 operational / Google Earth Engine,0,2026-09-08T18:58:37.716140+00:00
PKGL-00995,2026-09-02T15:00:00+00:00,0.0,JAXA GSMaP V8 operational / Google Earth Engine,0,2026-09-08T18:58:37.716140+00:00
PKGL-00995,2026-09-02T16:00:00+00:00,0.0,JAXA GSMaP V8 operational / Google Earth Engine,0,2026-09-08T18:58:37.716140+00:00
PKGL-00995,2026-09-02T17:00:00+00:00,0.0,JAXA GSMaP V8 operational / Google Earth Engine,0,2026-09-08T18:58:37.716140+00:00
PKGL-00995,2026-09-02T18:00:00+00:00,0.0,JAXA GSMaP V8 operational / Google Earth Engine,0,2026-09-08T18:58:37.716140+00:00
PKGL-00995,2026-09-02T19:00:00+00:00,0.0,JAXA GSMaP V8 operational / Google Earth Engine,0,2026-09-08T18:58:37.716140+00:00
PKGL-00995,2026-09-02T20:00:00+00:00,0.0,JAXA GSMaP V8 operational / Google Earth Engine,0,2026-09-08T18:58:37.716140+00:00
PKGL-00995,2026-09-02T21:00:00+00:00,0.0,JAXA GSMaP V8 operational / Google Earth Engine,0,2026-09-08T18:58:37.716140+00:00
PKGL-00995,2026-09-02T22:00:00+00:00,0.0,JAXA GSMaP V8 operational / Google Earth Engine,0,2026-09-08T18:58:37.716140+00:00
PKGL-00995,2026-09-02T23:00:00+00:00,0.0,JAXA GSMaP V8 operational / Google Earth Engine,0,2026-09-08T18:58:37.716140+00:00
PKGL-00995,2026-09-03T00:00:00+00:00,0.0,JAXA GSMaP V8 operational / Google Earth Engine,0,2026-09-08T18:58:37.717044+00:00
PKGL-00995,2026-09-03T01:00:00+00:00,0.0,JAXA GSMaP V8 operational / Google Earth Engine,0,2026-09-08T18:58:37.717044+00:00
PKGL-00995,2026-09-03T02:00:00+00:00,0.0,JAXA GSMaP V8 operational / Google Earth Engine,0,2026-09-08T18:58:37.717044+00:00
PKGL-00995,2026-09-03T03:00:00+00:00,0.0,JAXA GSMaP V8 operational / Google Earth Engine,0,2026-09-08T18:58:37.717044+00:00
PKGL-00995,2026-09-03T04:00:00+00:00,0.0,JAXA GSMaP V8 operational / Google Earth Engine,0,2026-09-08T18:58:37.717044+00:00
PKGL-00995,2026-09-03T05:00:00+00:00,0.0,JAXA GSMaP V8 operational / Google Earth Engine,0,2026-09-08T18:58:37.717044+00:00
PKGL-00995,2026-09-03T06:00:00+00:00,0.0,JAXA GSMaP V8 operational / Google Earth Engine,0,2026-09-08T18:58:37.717044+00:00
PKGL-00995,2026-09-03T07:00:00+00:00,0.0,JAXA GSMaP V8 operational / Google Earth Engine,0,2026-09-08T18:58:37.717044+00:00
PKGL-00995,2026-09-03T08:00:00+00:00,0.0,JAXA GSMaP V8 operational / Google Earth Engine,0,2026-09-08T18:58:37.717044+00:00
PKGL-00995,2026-09-03T09:00:00+00:00,0.0,JAXA GSMaP V8 operational / Google Earth Engine,0,2026-09-08T18:58:37.717044+00:00
PKGL-00995,2026-09-03T10:00:00+00:00,0.0,JAXA GSMaP V8 operational / Google Earth Engine,0,2026-09-08T18:58:37.717044+00:00
PKGL-00995,2026-09-03T11:00:00+00:00,0.0,JAXA GSMaP V8 operational / Google Earth Engine,0,2026-09-08T18:58:37.717044+00:00
PKGL-00995,2026-09-03T12:00:00+00:00,0.0,JAXA GSMaP V8 operational / Google Earth Engine,0,2026-09-08T18:58:37.717044+00:00
PKGL-00995,2026-09-03T13:00:00+00:00,0.0,JAXA GSMaP V8 operational / Google Earth Engine,0,2026-09-08T18:58:37.717044+00:00
PKGL-00995,2026-09-03T14:00:00+00:00,0.0,JAXA GSMaP V8 operational / Google Earth Engine,0,2026-09-08T18:58:37.717044+00:00
PKGL-00995,2026-09-03T15:00:00+00:00,0.0,JAXA GSMaP V8 operational / Google Earth Engine,0,2026-09-08T18:58:37.717044+00:00
PKGL-00995,2026-09-03T16:00:00+00:00,0.20857688784599304,JAXA GSMaP V8 operational / Google Earth Engine,0,2026-09-08T18:58:37.717044+00:00
PKGL-00995,2026-09-03T17:00:00+00:00,0.42332544922828674,JAXA GSMaP V8 operational / Google Earth Engine,0,2026-09-08T18:58:37.717044+00:00
PKGL-00995,2026-09-03T18:00:00+00:00,0.6867205500602722,JAXA GSMaP V8 operational / Google Earth Engine,0,2026-09-08T18:58:37.717044+00:00
PKGL-00995,2026-09-03T19:00:00+00:00,0.6944595575332642,JAXA GSMaP V8 operational / Google Earth Engine,0,2026-09-08T18:58:37.717044+00:00
PKGL-00995,2026-09-03T20:00:00+00:00,0.4089885950088501,JAXA GSMaP V8 operational / Google Earth Engine,0,2026-09-08T18:58:37.717044+00:00
PKGL-00995,2026-09-03T21:00:00+00:00,0.14826342463493347,JAXA GSMaP V8 operational / Google Earth Engine,0,2026-09-08T18:58:37.717044+00:00
PKGL-00995,2026-09-03T22:00:00+00:00,0.0,JAXA GSMaP V8 operational / Google Earth Engine,0,2026-09-08T18:58:37.717044+00:00
PKGL-00995,2026-09-03T23:00:00+00:00,0.0,JAXA GSMaP V8 operational / Google Earth Engine,0,2026-09-08T18:58:37.717044+00:00
PKGL-00995,2026-09-04T00:00:00+00:00,0.0,JAXA GSMaP V8 operational / Google Earth Engine,0,2026-09-08T18:58:37.717044+00:00
PKGL-00995,2026-09-04T01:00:00+00:00,0.0,JAXA GSMaP V8 operational / Google Earth Engine,0,2026-09-08T18:58:37.717044+00:00
PKGL-00995,2026-09-04T02:00:00+00:00,0.0,JAXA GSMaP V8 operational / Google Earth Engine,0,2026-09-08T18:58:37.717044+00:00
PKGL-00995,2026-09-04T03:00:00+00:00,0.0,JAXA GSMaP V8 operational / Google Earth Engine,0,2026-09-08T18:58:37.717044+00:00
PKGL-00995,2026-09-04T04:00:00+00:00,0.0,JAXA GSMaP V8 operational / Google Earth Engine,0,2026-09-08T18:58:37.717044+00:00
PKGL-00995,2026-09-04T05:00:00+00:00,0.0,JAXA GSMaP V8 operational / Google Earth Engine,0,2026-09-08T18:58:37.717044+00:00
PKGL-00995,2026-09-04T06:00:00+00:00,0.0,JAXA GSMaP V8 operational / Google Earth Engine,0,2026-09-08T18:58:37.717044+00:00
PKGL-00995,2026-09-04T07:00:00+00:00,0.0,JAXA GSMaP V8 operational / Google Earth Engine,0,2026-09-08T18:58:37.717044+00:00
PKGL-00995,2026-09-04T08:00:00+00:00,0.0,JAXA GSMaP V8 operational / Google Earth Engine,0,2026-09-08T18:58:37.717044+00:00
PKGL-00995,2026-09-04T09:00:00+00:00,0.0,JAXA GSMaP V8 operational / Google Earth Engine,0,2026-09-08T18:58:37.717044+00:00
PKGL-00995,2026-09-04T10:00:00+00:00,0.0,JAXA GSMaP V8 operational / Google Earth Engine,0,2026-09-08T18:58:37.717044+00:00
PKGL-00995,2026-09-04T11:00:00+00:00,0.0,JAXA GSMaP V8 operational / Google Earth Engine,0,2026-09-08T18:58:37.717044+00:00
PKGL-00995,2026-09-04T12:00:00+00:00,0.0,JAXA GSMaP V8 operational / Google Earth Engine,0,2026-09-08T18:58:37.717044+00:00
PKGL-00995,2026-09-04T13:00:00+00:00,0.0,JAXA GSMaP V8 operational / Google Earth Engine,0,2026-09-08T18:58:37.717044+00:00
PKGL-00995,2026-09-04T14:00:00+00:00,0.0,JAXA GSMaP V8 operational / Google Earth Engine,0,2026-09-08T18:58:37.717044+00:00
PKGL-00995,2026-09-04T15:00:00+00:00,0.0,JAXA GSMaP V8 operational / Google Earth Engine,0,2026-09-08T18:58:37.717044+00:00
PKGL-00995,2026-09-04T16:00:00+00:00,0.11756377667188644,JAXA GSMaP V8 operational / Google Earth Engine,0,2026-09-08T18:58:37.717044+00:00
PKGL-00995,2026-09-04T17:00:00+00:00,0.17171159386634827,JAXA GSMaP V8 operational / Google Earth Engine,0,2026-09-08T18:58:37.717044+00:00
PKGL-00995,2026-09-04T18:00:00+00:00,0.1888139843940735,JAXA GSMaP V8 operational / Google Earth Engine,0,2026-09-08T18:58:37.717044+00:00
PKGL-00995,2026-09-04T19:00:00+00:00,0.1349286437034607,JAXA GSMaP V8 operational / Google Earth Engine,0,2026-09-08T18:58:37.717044+00:00
PKGL-00995,2026-09-04T20:00:00+00:00,0.0,JAXA GSMaP V8 operational / Google Earth Engine,0,2026-09-08T18:58:37.717044+00:00
PKGL-00995,2026-09-04T21:00:00+00:00,0.0,JAXA GSMaP V8 operational / Google Earth Engine,0,2026-09-08T18:58:37.717044+00:00
PKGL-00995,2026-09-04T22:00:00+00:00,0.0,JAXA GSMaP V8 operational / Google Earth Engine,0,2026-09-08T18:58:37.717044+00:00
PKGL-00995,2026-09-04T23:00:00+00:00,0.0,JAXA GSMaP V8 operational / Google Earth Engine,0,2026-09-08T18:58:37.717044+00:00
PKGL-00995,2026-09-05T00:00:00+00:00,0.0,JAXA GSMaP V8 operational / Google Earth Engine,0,2026-09-08T18:58:37.717044+00:00
PKGL-00995,2026-09-05T01:00:00+00:00,0.0,JAXA GSMaP V8 operational / Google Earth Engine,0,2026-09-08T18:58:37.717044+00:00
PKGL-00995,2026-09-05T02:00:00+00:00,0.0,JAXA GSMaP V8 operational / Google Earth Engine,0,2026-09-08T18:58:37.717044+00:00
PKGL-00995,2026-09-05T03:00:00+00:00,0.0,JAXA GSMaP V8 operational / Google Earth Engine,0,2026-09-08T18:58:37.717044+00:00
PKGL-00995,2026-09-05T04:00:00+00:00,0.0,JAXA GSMaP V8 operational / Google Earth Engine,0,2026-09-08T18:58:37.717044+00:00
PKGL-00995,2026-09-05T05:00:00+00:00,0.0,JAXA GSMaP V8 operational / Google Earth Engine,0,2026-09-08T18:58:37.717044+00:00
PKGL-00995,2026-09-05T06:00:00+00:00,0.0,JAXA GSMaP V8 operational / Google Earth Engine,0,2026-09-08T18:58:37.717044+00:00
PKGL-00995,2026-09-05T07:00:00+00:00,0.0,JAXA GSMaP V8 operational / Google Earth Engine,0,2026-09-08T18:58:37.717044+00:00
PKGL-00995,2026-09-05T08:00:00+00:00,0.0,JAXA GSMaP V8 operational / Google Earth Engine,0,2026-09-08T18:58:37.717044+00:00
PKGL-00995,2026-09-05T09:00:00+00:00,0.0,JAXA GSMaP V8 operational / Google Earth Engine,0,2026-09-08T18:58:37.717044+00:00
PKGL-00995,2026-09-05T10:00:00+00:00,0.0,JAXA GSMaP V8 operational / Google Earth Engine,0,2026-09-08T18:58:37.717044+00:00
PKGL-00995,2026-09-05T11:00:00+00:00,0.0,JAXA GSMaP V8 operational / Google Earth Engine,0,2026-09-08T18:58:37.717044+00:00
PKGL-00995,2026-09-05T12:00:00+00:00,0.0,JAXA GSMaP V8 operational / Google Earth Engine,0,2026-09-08T18:58:37.717044+00:00
PKGL-00995,2026-09-05T13:00:00+00:00,0.0,JAXA GSMaP V8 operational / Google Earth Engine,0,2026-09-08T18:58:37.717044+00:00
PKGL-00995,2026-09-05T14:00:00+00:00,0.0,JAXA GSMaP V8 operational / Google Earth Engine,0,2026-09-08T18:58:37.717044+00:00
PKGL-00995,2026-09-05T15:00:00+00:00,0.0,JAXA GSMaP V8 operational / Google Earth Engine,0,2026-09-08T18:58:37.717044+00:00
PKGL-00995,2026-09-05T16:00:00+00:00,0.0,JAXA GSMaP V8 operational / Google Earth Engine,0,2026-09-08T18:58:37.717044+00:00
PKGL-00995,2026-09-05T17:00:00+00:00,0.0,JAXA GSMaP V8 operational / Google Earth Engine,0,2026-09-08T18:58:37.717044+00:00
PKGL-00995,2026-09-05T18:00:00+00:00,0.0,JAXA GSMaP V8 operational / Google Earth Engine,0,2026-09-08T18:58:37.717044+00:00
PKGL-00995,2026-09-05T19:00:00+00:00,0.0,JAXA GSMaP V8 operational / Google Earth Engine,0,2026-09-08T18:58:37.717044+00:00
PKGL-00995,2026-09-05T20:00:00+00:00,0.0,JAXA GSMaP V8 operational / Google Earth Engine,0,2026-09-08T18:58:37.717044+00:00
PKGL-00995,2026-09-05T21:00:00+00:00,0.0,JAXA GSMaP V8 operational / Google Earth Engine,0,2026-09-08T18:58:37.717044+00:00
PKGL-00995,2026-09-05T22:00:00+00:00,0.0,JAXA GSMaP V8 operational / Google Earth Engine,0,2026-09-08T18:58:37.717044+00:00
PKGL-00995,2026-09-05T23:00:00+00:00,0.0,JAXA GSMaP V8 operational / Google Earth Engine,0,2026-09-08T18:58:37.717044+00:00
PKGL-00995,2026-09-06T00:00:00+00:00,0.0,JAXA GSMaP V8 operational / Google Earth Engine,0,2026-09-08T18:58:37.717044+00:00
PKGL-00995,2026-09-06T01:00:00+00:00,0.0,JAXA GSMaP V8 operational / Google Earth Engine,0,2026-09-08T18:58:37.717044+00:00
PKGL-00995,2026-09-06T02:00:00+00:00,0.0,JAXA GSMaP V8 operational / Google Earth Engine,0,2026-09-08T18:58:37.717044+00:00
PKGL-00995,2026-09-06T03:00:00+00:00,0.0,JAXA GSMaP V8 operational / Google Earth Engine,0,2026-09-08T18:58:37.717044+00:00
PKGL-00995,2026-09-06T04:00:00+00:00,0.0,JAXA GSMaP V8 operational / Google Earth Engine,0,2026-09-08T18:58:37.717044+00:00
PKGL-00995,2026-09-06T05:00:00+00:00,0.0,JAXA GSMaP V8 operational / Google Earth Engine,0,2026-09-08T18:58:37.717044+00:00
PKGL-00995,2026-09-06T06:00:00+00:00,0.0,JAXA GSMaP V8 operational / Google Earth Engine,0,2026-09-08T18:58:37.717044+00:00
PKGL-00995,2026-09-06T07:00:00+00:00,0.0,JAXA GSMaP V8 operational / Google Earth Engine,0,2026-09-08T18:58:37.717044+00:00
PKGL-00995,2026-09-06T08:00:00+00:00,0.0,JAXA GSMaP V8 operational / Google Earth Engine,0,2026-09-08T18:58:37.717044+00:00
PKGL-00995,2026-09-06T09:00:00+00:00,0.0,JAXA GSMaP V8 operational / Google Earth Engine,0,2026-09-08T18:58:37.717044+00:00
PKGL-00995,2026-09-06T10:00:00+00:00,0.0,JAXA GSMaP V8 operational / Google Earth Engine,0,2026-09-08T18:58:37.717044+00:00
PKGL-00995,2026-09-06T11:00:00+00:00,0.0,JAXA GSMaP V8 operational / Google Earth Engine,0,2026-09-08T18:58:37.717044+00:00
PKGL-00995,2026-09-06T12:00:00+00:00,0.0,JAXA GSMaP V8 operational / Google Earth Engine,0,2026-09-08T18:58:37.717044+00:00
PKGL-00995,2026-09-06T13:00:00+00:00,0.0,JAXA GSMaP V8 operational / Google Earth Engine,0,2026-09-08T18:58:37.717044+00:00
PKGL-00995,2026-09-06T14:00:00+00:00,0.0,JAXA GSMaP V8 operational / Google Earth Engine,0,2026-09-08T18:58:37.717044+00:00
PKGL-00995,2026-09-06T15:00:00+00:00,0.0,JAXA GSMaP V8 operational / Google Earth Engine,0,2026-09-08T18:58:37.717044+00:00
PKGL-00995,2026-09-06T16:00:00+00:00,0.0,JAXA GSMaP V8 operational / Google Earth Engine,0,2026-09-08T18:58:37.717044+00:00
PKGL-00995,2026-09-06T17:00:00+00:00,0.0,JAXA GSMaP V8 operational / Google Earth Engine,0,2026-09-08T18:58:37.717044+00:00
PKGL-00995,2026-09-06T18:00:00+00:00,0.0,JAXA GSMaP V8 operational / Google Earth Engine,0,2026-09-08T18:58:37.717044+00:00
PKGL-00995,2026-09-06T19:00:00+00:00,0.0,JAXA GSMaP V8 operational / Google Earth Engine,0,2026-09-08T18:58:37.717044+00:00
PKGL-00995,2026-09-06T20:00:00+00:00,0.0,JAXA GSMaP V8 operational / Google Earth Engine,0,2026-09-08T18:58:37.717044+00:00
PKGL-00995,2026-09-06T21:00:00+00:00,0.0,JAXA GSMaP V8 operational / Google Earth Engine,0,2026-09-08T18:58:37.717044+00:00
PKGL-00995,2026-09-06T22:00:00+00:00,0.0,JAXA GSMaP V8 operational / Google Earth Engine,0,2026-09-08T18:58:37.717044+00:00
PKGL-00995,2026-09-06T23:00:00+00:00,0.0,JAXA GSMaP V8 operational / Google Earth Engine,0,2026-09-08T18:58:37.717044+00:00
PKGL-00995,2026-09-07T00:00:00+00:00,0.0,JAXA GSMaP V8 operational / Google Earth Engine,0,2026-09-08T18:58:37.717044+00:00
PKGL-00995,2026-09-07T01:00:00+00:00,0.0,JAXA GSMaP V8 operational / Google Earth Engine,0,2026-09-08T18:58:37.717044+00:00
PKGL-00995,2026-09-07T02:00:00+00:00,0.0,JAXA GSMaP V8 operational / Google Earth Engine,0,2026-09-08T18:58:37.717044+00:00
PKGL-00995,2026-09-07T03:00:00+00:00,0.0,JAXA GSMaP V8 operational / Google Earth Engine,0,2026-09-08T18:58:37.717044+00:00
PKGL-00995,2026-09-07T04:00:00+00:00,0.0,JAXA GSMaP V8 operational / Google Earth Engine,0,2026-09-08T18:58:37.717044+00:00
PKGL-00995,2026-09-07T05:00:00+00:00,0.0,JAXA GSMaP V8 operational / Google Earth Engine,0,2026-09-08T18:58:37.717044+00:00
PKGL-00995,2026-09-07T06:00:00+00:00,0.0,JAXA GSMaP V8 operational / Google Earth Engine,0,2026-09-08T18:58:37.717044+00:00
PKGL-00995,2026-09-07T07:00:00+00:00,0.0,JAXA GSMaP V8 operational / Google Earth Engine,0,2026-09-08T18:58:37.717044+00:00
PKGL-00995,2026-09-07T08:00:00+00:00,0.0,JAXA GSMaP V8 operational / Google Earth Engine,0,2026-09-08T18:58:37.717044+00:00
PKGL-00995,2026-09-07T09:00:00+00:00,0.0,JAXA GSMaP V8 operational / Google Earth Engine,0,2026-09-08T18:58:37.717044+00:00
PKGL-00995,2026-09-07T10:00:00+00:00,0.0,JAXA GSMaP V8 operational / Google Earth Engine,0,2026-09-08T18:58:37.717044+00:00
PKGL-00995,2026-09-07T11:00:00+00:00,0.0,JAXA GSMaP V8 operational / Google Earth Engine,0,2026-09-08T18:58:37.717044+00:00
PKGL-00995,2026-09-07T12:00:00+00:00,0.0,JAXA GSMaP V8 operational / Google Earth Engine,0,2026-09-08T18:58:37.717044+00:00
PKGL-00995,2026-09-07T13:00:00+00:00,0.0,JAXA GSMaP V8 operational / Google Earth Engine,0,2026-09-19T06:28:49.603871+00:00
PKGL-00995,2026-09-07T14:00:00+00:00,0.0,JAXA GSMaP V8 operational / Google Earth Engine,0,2026-09-19T06:28:49.603871+00:00
PKGL-00995,2026-09-07T15:00:00+00:00,0.0,JAXA GSMaP V8 operational / Google Earth Engine,0,2026-09-19T06:28:49.603871+00:00
PKGL-00995,2026-09-07T16:00:00+00:00,0.0,JAXA GSMaP V8 operational / Google Earth Engine,0,2026-09-19T06:28:49.603871+00:00
PKGL-00995,2026-09-07T17:00:00+00:00,0.0,JAXA GSMaP V8 operational / Google Earth Engine,0,2026-09-19T06:28:49.603871+00:00
PKGL-00995,2026-09-07T18:00:00+00:00,0.0,JAXA GSMaP V8 operational / Google Earth Engine,0,2026-09-19T06:28:49.603871+00:00
PKGL-00995,2026-09-07T19:00:00+00:00,0.0,JAXA GSMaP V8 operational / Google Earth Engine,0,2026-09-19T06:28:49.603871+00:00
PKGL-00995,2026-09-07T20:00:00+00:00,0.0,JAXA GSMaP V8 operational / Google Earth Engine,0,2026-09-19T06:28:49.603871+00:00
PKGL-00995,2026-09-07T21:00:00+00:00,0.0,JAXA GSMaP V8 operational / Google Earth Engine,0,2026-09-19T06:28:49.603871+00:00
PKGL-00995,2026-09-07T22:00:00+00:00,0.0,JAXA GSMaP V8 operational / Google Earth Engine,0,2026-09-19T06:28:49.603871+00:00
PKGL-00995,2026-09-07T23:00:00+00:00,0.0,JAXA GSMaP V8 operational / Google Earth Engine,0,2026-09-19T06:28:49.603871+00:00
PKGL-00995,2026-09-08T00:00:00+00:00,0.0,JAXA GSMaP V8 operational / Google Earth Engine,0,2026-09-19T06:28:49.603871+00:00
PKGL-00995,2026-09-08T01:00:00+00:00,0.0,JAXA GSMaP V8 operational / Google Earth Engine,0,2026-09-19T06:28:49.603871+00:00
PKGL-00995,2026-09-08T02:00:00+00:00,0.0,JAXA GSMaP V8 operational / Google Earth Engine,0,2026-09-19T06:28:49.603871+00:00
PKGL-00995,2026-09-08T03:00:00+00:00,0.0,JAXA GSMaP V8 operational / Google Earth Engine,0,2026-09-19T06:28:49.603871+00:00
PKGL-00995,2026-09-08T04:00:00+00:00,0.0,JAXA GSMaP V8 operational / Google Earth Engine,0,2026-09-19T06:28:49.603871+00:00
PKGL-00995,2026-09-08T05:00:00+00:00,0.0,JAXA GSMaP V8 operational / Google Earth Engine,0,2026-09-19T06:28:49.603871+00:00
PKGL-00995,2026-09-08T06:00:00+00:00,0.0,JAXA GSMaP V8 operational / Google Earth Engine,0,2026-09-19T06:28:49.603871+00:00
PKGL-00995,2026-09-08T07:00:00+00:00,0.0,JAXA GSMaP V8 operational / Google Earth Engine,0,2026-09-19T06:28:49.603871+00:00
PKGL-00995,2026-09-08T08:00:00+00:00,0.0,JAXA GSMaP V8 operational / Google Earth Engine,0,2026-09-19T06:28:49.603871+00:00
PKGL-00995,2026-09-08T09:00:00+00:00,0.0,JAXA GSMaP V8 operational / Google Earth Engine,0,2026-09-19T06:28:49.603871+00:00
PKGL-00995,2026-09-08T10:00:00+00:00,0.0,JAXA GSMaP V8 operational / Google Earth Engine,0,2026-09-19T06:28:49.603871+00:00
PKGL-00995,2026-09-08T11:00:00+00:00,0.0,JAXA GSMaP V8 operational / Google Earth Engine,0,2026-09-19T06:28:49.603871+00:00
PKGL-00995,2026-09-08T12:00:00+00:00,0.0,JAXA GSMaP V8 operational / Google Earth Engine,0,2026-09-19T06:28:49.603871+00:00
PKGL-00995,2026-09-08T13:00:00+00:00,0.0,JAXA GSMaP V8 operational / Google Earth Engine,0,2026-09-19T06:28:49.603871+00:00
PKGL-00995,2026-09-08T14:00:00+00:00,0.0,JAXA GSMaP V8 operational / Google Earth Engine,0,2026-09-19T06:28:49.603871+00:00
PKGL-00995,2026-09-08T15:00:00+00:00,0.0,JAXA GSMaP V8 operational / Google Earth Engine,0,2026-09-19T06:28:49.603871+00:00
PKGL-00995,2026-09-08T16:00:00+00:00,0.0,JAXA GSMaP V8 operational / Google Earth Engine,0,2026-09-19T06:28:49.603871+00:00
PKGL-00995,2026-09-08T17:00:00+00:00,0.0,JAXA GSMaP V8 operational / Google Earth Engine,0,2026-09-19T06:28:49.603871+00:00
PKGL-00995,2026-09-08T18:00:00+00:00,0.0,JAXA GSMaP V8 operational / Google Earth Engine,0,2026-09-19T06:28:49.603871+00:00
PKGL-00995,2026-09-08T19:00:00+00:00,0.0,JAXA GSMaP V8 operational / Google Earth Engine,0,2026-09-19T06:28:49.603871+00:00
PKGL-00995,2026-09-08T20:00:00+00:00,0.0,JAXA GSMaP V8 operational / Google Earth Engine,0,2026-09-19T06:28:49.603871+00:00
PKGL-00995,2026-09-08T21:00:00+00:00,0.0,JAXA GSMaP V8 operational / Google Earth Engine,0,2026-09-19T06:28:49.603871+00:00
PKGL-00995,2026-09-08T22:00:00+00:00,0.0,JAXA GSMaP V8 operational / Google Earth Engine,0,2026-09-19T06:28:49.603871+00:00
PKGL-00995,2026-09-08T23:00:00+00:00,0.0,JAXA GSMaP V8 operational / Google Earth Engine,0,2026-09-19T06:28:49.603871+00:00
PKGL-00995,2026-09-09T00:00:00+00:00,0.0,JAXA GSMaP V8 operational / Google Earth Engine,0,2026-09-19T06:28:49.603871+00:00
PKGL-00995,2026-09-09T01:00:00+00:00,0.0,JAXA GSMaP V8 operational / Google Earth Engine,0,2026-09-19T06:28:49.603871+00:00
PKGL-00995,2026-09-09T02:00:00+00:00,0.0,JAXA GSMaP V8 operational / Google Earth Engine,0,2026-09-19T06:28:49.603871+00:00
PKGL-00995,2026-09-09T03:00:00+00:00,0.0,JAXA GSMaP V8 operational / Google Earth Engine,0,2026-09-19T06:28:49.603871+00:00
PKGL-00995,2026-09-09T04:00:00+00:00,0.0,JAXA GSMaP V8 operational / Google Earth Engine,0,2026-09-19T06:28:49.603871+00:00
PKGL-00995,2026-09-09T05:00:00+00:00,0.0,JAXA GSMaP V8 operational / Google Earth Engine,0,2026-09-19T06:28:49.603871+00:00
PKGL-00995,2026-09-09T06:00:00+00:00,0.0,JAXA GSMaP V8 operational / Google Earth Engine,0,2026-09-19T06:28:49.603871+00:00
PKGL-00995,2026-09-09T07:00:00+00:00,0.0,JAXA GSMaP V8 operational / Google Earth Engine,0,2026-09-19T06:28:49.603871+00:00
PKGL-00995,2026-09-09T08:00:00+00:00,0.0,JAXA GSMaP V8 operational / Google Earth Engine,0,2026-09-19T06:28:49.603871+00:00
PKGL-00995,2026-09-09T09:00:00+00:00,0.0,JAXA GSMaP V8 operational / Google Earth Engine,0,2026-09-19T06:28:49.603871+00:00
PKGL-00995,2026-09-09T10:00:00+00:00,0.0,JAXA GSMaP V8 operational / Google Earth Engine,0,2026-09-19T06:28:49.603871+00:00
PKGL-00995,2026-09-09T11:00:00+00:00,0.0,JAXA GSMaP V8 operational / Google Earth Engine,0,2026-09-19T06:28:49.603871+00:00
PKGL-00995,2026-09-09T12:00:00+00:00,0.0,JAXA GSMaP V8 operational / Google Earth Engine,0,2026-09-19T06:28:49.603871+00:00
PKGL-00995,2026-09-09T13:00:00+00:00,0.0,JAXA GSMaP V8 operational / Google Earth Engine,0,2026-09-19T06:28:49.603871+00:00
PKGL-00995,2026-09-09T14:00:00+00:00,0.0,JAXA GSMaP V8 operational / Google Earth Engine,0,2026-09-19T06:28:49.603871+00:00
PKGL-00995,2026-09-09T15:00:00+00:00,0.0,JAXA GSMaP V8 operational / Google Earth Engine,0,2026-09-19T06:28:49.603871+00:00
PKGL-00995,2026-09-09T16:00:00+00:00,0.0,JAXA GSMaP V8 operational / Google Earth Engine,0,2026-09-19T06:28:49.603871+00:00
PKGL-00995,2026-09-09T17:00:00+00:00,0.0,JAXA GSMaP V8 operational / Google Earth Engine,0,2026-09-19T06:28:49.603871+00:00
PKGL-00995,2026-09-09T18:00:00+00:00,0.0,JAXA GSMaP V8 operational / Google Earth Engine,0,2026-09-19T06:28:49.603871+00:00
PKGL-00995,2026-09-09T19:00:00+00:00,0.0,JAXA GSMaP V8 operational / Google Earth Engine,0,2026-09-19T06:28:49.603871+00:00
PKGL-00995,2026-09-09T20:00:00+00:00,0.0,JAXA GSMaP V8 operational / Google Earth Engine,0,2026-09-19T06:28:49.603871+00:00
PKGL-00995,2026-09-09T21:00:00+00:00,0.0,JAXA GSMaP V8 operational / Google Earth Engine,0,2026-09-19T06:28:49.603871+00:00
PKGL-00995,2026-09-09T22:00:00+00:00,0.0,JAXA GSMaP V8 operational / Google Earth Engine,0,2026-09-19T06:28:49.603871+00:00
PKGL-00995,2026-09-09T23:00:00+00:00,0.0,JAXA GSMaP V8 operational / Google Earth Engine,0,2026-09-19T06:28:49.603871+00:00
PKGL-00995,2026-09-10T00:00:00+00:00,0.0,JAXA GSMaP V8 operational / Google Earth Engine,0,2026-09-19T06:28:49.603871+00:00
PKGL-00995,2026-09-10T01:00:00+00:00,0.0,JAXA GSMaP V8 operational / Google Earth Engine,0,2026-09-19T06:28:49.603871+00:00
PKGL-00995,2026-09-10T02:00:00+00:00,0.0,JAXA GSMaP V8 operational / Google Earth Engine,0,2026-09-19T06:28:49.603871+00:00
PKGL-00995,2026-09-10T03:00:00+00:00,0.0,JAXA GSMaP V8 operational / Google Earth Engine,0,2026-09-19T06:28:49.603871+00:00
PKGL-00995,2026-09-10T04:00:00+00:00,0.0,JAXA GSMaP V8 operational / Google Earth Engine,0,2026-09-19T06:28:49.603871+00:00
PKGL-00995,2026-09-10T05:00:00+00:00,0.0,JAXA GSMaP V8 operational / Google Earth Engine,0,2026-09-19T06:28:49.603871+00:00
PKGL-00995,2026-09-10T06:00:00+00:00,0.0,JAXA GSMaP V8 operational / Google Earth Engine,0,2026-09-19T06:28:49.603871+00:00
PKGL-00995,2026-09-10T07:00:00+00:00,0.0,JAXA GSMaP V8 operational / Google Earth Engine,0,2026-09-19T06:28:49.603871+00:00
PKGL-00995,2026-09-10T08:00:00+00:00,0.0,JAXA GSMaP V8 operational / Google Earth Engine,0,2026-09-19T06:28:49.603871+00:00
PKGL-00995,2026-09-10T09:00:00+00:00,0.0,JAXA GSMaP V8 operational / Google Earth Engine,0,2026-09-19T06:28:49.603871+00:00
PKGL-00995,2026-09-10T10:00:00+00:00,0.0,JAXA GSMaP V8 operational / Google Earth Engine,0,2026-09-19T06:28:49.603871+00:00
PKGL-00995,2026-09-10T11:00:00+00:00,0.0,JAXA GSMaP V8 operational / Google Earth Engine,0,2026-09-19T06:28:49.603871+00:00
PKGL-00995,2026-09-10T12:00:00+00:00,0.0,JAXA GSMaP V8 operational / Google Earth Engine,0,2026-09-19T06:28:49.603871+00:00
PKGL-00995,2026-09-10T13:00:00+00:00,0.0,JAXA GSMaP V8 operational / Google Earth Engine,0,2026-09-19T06:28:49.603871+00:00
PKGL-00995,2026-09-10T14:00:00+00:00,0.0,JAXA GSMaP V8 operational / Google Earth Engine,0,2026-09-19T06:28:49.603871+00:00
PKGL-00995,2026-09-10T15:00:00+00:00,0.0,JAXA GSMaP V8 operational / Google Earth Engine,0,2026-09-19T06:28:49.603871+00:00
PKGL-00995,2026-09-10T16:00:00+00:00,0.0,JAXA GSMaP V8 operational / Google Earth Engine,0,2026-09-19T06:28:49.603871+00:00
PKGL-00995,2026-09-10T17:00:00+00:00,0.0,JAXA GSMaP V8 operational / Google Earth Engine,0,2026-09-19T06:28:49.603871+00:00
PKGL-00995,2026-09-10T18:00:00+00:00,0.0,JAXA GSMaP V8 operational / Google Earth Engine,0,2026-09-19T06:28:49.603871+00:00
PKGL-00995,2026-09-10T19:00:00+00:00,0.0,JAXA GSMaP V8 operational / Google Earth Engine,0,2026-09-19T06:28:49.603871+00:00
PKGL-00995,2026-09-10T20:00:00+00:00,0.0,JAXA GSMaP V8 operational / Google Earth Engine,0,2026-09-19T06:28:49.603871+00:00
PKGL-00995,2026-09-10T21:00:00+00:00,0.0,JAXA GSMaP V8 operational / Google Earth Engine,0,2026-09-19T06:28:49.603871+00:00
PKGL-00995,2026-09-10T22:00:00+00:00,0.0,JAXA GSMaP V8 operational / Google Earth Engine,0,2026-09-19T06:28:49.603871+00:00
PKGL-00995,2026-09-10T23:00:00+00:00,0.0,JAXA GSMaP V8 operational / Google Earth Engine,0,2026-09-19T06:28:49.603871+00:00
PKGL-00995,2026-09-11T00:00:00+00:00,0.0,JAXA GSMaP V8 operational / Google Earth Engine,0,2026-09-19T06:28:49.603871+00:00
PKGL-00995,2026-09-11T01:00:00+00:00,0.0,JAXA GSMaP V8 operational / Google Earth Engine,0,2026-09-19T06:28:49.603871+00:00
PKGL-00995,2026-09-11T02:00:00+00:00,0.0,JAXA GSMaP V8 operational / Google Earth Engine,0,2026-09-19T06:28:49.603871+00:00
PKGL-00995,2026-09-11T03:00:00+00:00,0.0,JAXA GSMaP V8 operational / Google Earth Engine,0,2026-09-19T06:28:49.603871+00:00
PKGL-00995,2026-09-11T04:00:00+00:00,0.0,JAXA GSMaP V8 operational / Google Earth Engine,0,2026-09-19T06:28:49.603871+00:00
PKGL-00995,2026-09-11T05:00:00+00:00,0.0,JAXA GSMaP V8 operational / Google Earth Engine,0,2026-09-19T06:28:49.603871+00:00
PKGL-00995,2026-09-11T06:00:00+00:00,0.0,JAXA GSMaP V8 operational / Google Earth Engine,0,2026-09-19T06:28:49.603871+00:00
PKGL-00995,2026-09-11T07:00:00+00:00,0.0,JAXA GSMaP V8 operational / Google Earth Engine,0,2026-09-19T06:28:49.603871+00:00
PKGL-00995,2026-09-11T08:00:00+00:00,0.0,JAXA GSMaP V8 operational / Google Earth Engine,0,2026-09-19T06:28:49.603871+00:00
PKGL-00995,2026-09-11T09:00:00+00:00,0.0,JAXA GSMaP V8 operational / Google Earth Engine,0,2026-09-19T06:28:49.603871+00:00
PKGL-00995,2026-09-11T10:00:00+00:00,0.0,JAXA GSMaP V8 operational / Google Earth Engine,0,2026-09-19T06:28:49.603871+00:00
PKGL-00995,2026-09-11T11:00:00+00:00,0.0,JAXA GSMaP V8 operational / Google Earth Engine,0,2026-09-19T06:28:49.603871+00:00
PKGL-00995,2026-09-11T12:00:00+00:00,0.15810586512088776,JAXA GSMaP V8 operational / Google Earth Engine,0,2026-09-19T06:28:49.603871+00:00
PKGL-00995,2026-09-11T13:00:00+00:00,0.3194291889667511,JAXA GSMaP V8 operational / Google Earth Engine,0,2026-09-19T06:28:49.603871+00:00
PKGL-00995,2026-09-11T14:00:00+00:00,0.44542059302330017,JAXA GSMaP V8 operational / Google Earth Engine,0,2026-09-19T06:28:49.603871+00:00
PKGL-00995,2026-09-11T15:00:00+00:00,0.42781758308410645,JAXA GSMaP V8 operational / Google Earth Engine,0,2026-09-19T06:28:49.603871+00:00
PKGL-00995,2026-09-11T16:00:00+00:00,0.39001551270484924,JAXA GSMaP V8 operational / Google Earth Engine,0,2026-09-19T06:28:49.603871+00:00
PKGL-00995,2026-09-11T17:00:00+00:00,0.2954244613647461,JAXA GSMaP V8 operational / Google Earth Engine,0,2026-09-19T06:28:49.603871+00:00
PKGL-00995,2026-09-11T18:00:00+00:00,0.1746097356081009,JAXA GSMaP V8 operational / Google Earth Engine,0,2026-09-19T06:28:49.603871+00:00
PKGL-00995,2026-09-11T19:00:00+00:00,0.0,JAXA GSMaP V8 operational / Google Earth Engine,0,2026-09-19T06:28:49.603871+00:00
PKGL-00995,2026-09-11T20:00:00+00:00,0.0,JAXA GSMaP V8 operational / Google Earth Engine,0,2026-09-19T06:28:49.603871+00:00
PKGL-00995,2026-09-11T21:00:00+00:00,0.0,JAXA GSMaP V8 operational / Google Earth Engine,0,2026-09-19T06:28:49.603871+00:00
PKGL-00995,2026-09-11T22:00:00+00:00,0.0,JAXA GSMaP V8 operational / Google Earth Engine,0,2026-09-19T06:28:49.603871+00:00
PKGL-00995,2026-09-11T23:00:00+00:00,0.0,JAXA GSMaP V8 operational / Google Earth Engine,0,2026-09-19T06:28:49.603871+00:00
PKGL-00995,2026-09-12T00:00:00+00:00,0.0,JAXA GSMaP V8 operational / Google Earth Engine,0,2026-09-19T06:28:49.603871+00:00
PKGL-00995,2026-09-12T01:00:00+00:00,0.0,JAXA GSMaP V8 operational / Google Earth Engine,0,2026-09-19T06:28:49.603871+00:00
PKGL-00995,2026-09-12T02:00:00+00:00,0.0,JAXA GSMaP V8 operational / Google Earth Engine,0,2026-09-19T06:28:49.603871+00:00
PKGL-00995,2026-09-12T03:00:00+00:00,0.0,JAXA GSMaP V8 operational / Google Earth Engine,0,2026-09-19T06:28:49.603871+00:00
PKGL-00995,2026-09-12T04:00:00+00:00,0.0,JAXA GSMaP V8 operational / Google Earth Engine,0,2026-09-19T06:28:49.603871+00:00
PKGL-00995,2026-09-12T05:00:00+00:00,0.0,JAXA GSMaP V8 operational / Google Earth Engine,0,2026-09-19T06:28:49.603871+00:00
PKGL-00995,2026-09-12T06:00:00+00:00,0.0,JAXA GSMaP V8 operational / Google Earth Engine,0,2026-09-19T06:28:49.603871+00:00
PKGL-00995,2026-09-12T07:00:00+00:00,0.0,JAXA GSMaP V8 operational / Google Earth Engine,0,2026-09-19T06:28:49.603871+00:00
PKGL-00995,2026-09-12T08:00:00+00:00,0.0,JAXA GSMaP V8 operational / Google Earth Engine,0,2026-09-19T06:28:49.603871+00:00
PKGL-00995,2026-09-12T09:00:00+00:00,0.0,JAXA GSMaP V8 operational / Google Earth Engine,0,2026-09-19T06:28:49.603871+00:00
PKGL-00995,2026-09-12T10:00:00+00:00,0.0,JAXA GSMaP V8 operational / Google Earth Engine,0,2026-09-19T06:28:49.603871+00:00
PKGL-00995,2026-09-12T11:00:00+00:00,0.0,JAXA GSMaP V8 operational / Google Earth Engine,0,2026-09-19T06:28:49.603871+00:00
PKGL-00995,2026-09-12T12:00:00+00:00,0.0,JAXA GSMaP V8 operational / Google Earth Engine,0,2026-09-19T06:28:49.603871+00:00
PKGL-00995,2026-09-12T13:00:00+00:00,0.0,JAXA GSMaP V8 operational / Google Earth Engine,0,2026-09-19T06:28:49.603871+00:00
PKGL-00995,2026-09-12T14:00:00+00:00,0.0,JAXA GSMaP V8 operational / Google Earth Engine,0,2026-09-19T06:28:49.603871+00:00
PKGL-00995,2026-09-12T15:00:00+00:00,0.0,JAXA GSMaP V8 operational / Google Earth Engine,0,2026-09-19T06:28:49.603871+00:00
PKGL-00995,2026-09-12T16:00:00+00:00,0.0,JAXA GSMaP V8 operational / Google Earth Engine,0,2026-09-19T06:28:49.603871+00:00
PKGL-00995,2026-09-12T17:00:00+00:00,0.0,JAXA GSMaP V8 operational / Google Earth Engine,0,2026-09-19T06:28:49.603871+00:00
PKGL-00995,2026-09-12T18:00:00+00:00,0.0,JAXA GSMaP V8 operational / Google Earth Engine,0,2026-09-19T06:28:49.603871+00:00
PKGL-00995,2026-09-12T19:00:00+00:00,0.0,JAXA GSMaP V8 operational / Google Earth Engine,0,2026-09-19T06:28:49.603871+00:00
PKGL-00995,2026-09-12T20:00:00+00:00,0.0,JAXA GSMaP V8 operational / Google Earth Engine,0,2026-09-19T06:28:49.603871+00:00
PKGL-00995,2026-09-12T21:00:00+00:00,0.0,JAXA GSMaP V8 operational / Google Earth Engine,0,2026-09-19T06:28:49.603871+00:00
PKGL-00995,2026-09-12T22:00:00+00:00,0.0,JAXA GSMaP V8 operational / Google Earth Engine,0,2026-09-19T06:28:49.603871+00:00
PKGL-00995,2026-09-12T23:00:00+00:00,0.0,JAXA GSMaP V8 operational / Google Earth Engine,0,2026-09-19T06:28:49.603871+00:00
PKGL-00995,2026-09-13T00:00:00+00:00,0.0,JAXA GSMaP V8 operational / Google Earth Engine,0,2026-09-19T06:28:49.603871+00:00
PKGL-00995,2026-09-13T01:00:00+00:00,0.0,JAXA GSMaP V8 operational / Google Earth Engine,0,2026-09-19T06:28:49.603871+00:00
PKGL-00995,2026-09-13T02:00:00+00:00,0.0,JAXA GSMaP V8 operational / Google Earth Engine,0,2026-09-19T06:28:49.603871+00:00
PKGL-00995,2026-09-13T03:00:00+00:00,0.0,JAXA GSMaP V8 operational / Google Earth Engine,0,2026-09-19T06:28:49.603871+00:00
PKGL-00995,2026-09-13T04:00:00+00:00,0.0,JAXA GSMaP V8 operational / Google Earth Engine,0,2026-09-19T06:28:49.603871+00:00
PKGL-00995,2026-09-13T05:00:00+00:00,0.0,JAXA GSMaP V8 operational / Google Earth Engine,0,2026-09-19T06:28:49.603871+00:00
PKGL-00995,2026-09-13T06:00:00+00:00,0.0,JAXA GSMaP V8 operational / Google Earth Engine,0,2026-09-19T06:28:49.603871+00:00
PKGL-00995,2026-09-13T07:00:00+00:00,0.0,JAXA GSMaP V8 operational / Google Earth Engine,0,2026-09-19T06:28:49.603871+00:00
PKGL-00995,2026-09-13T08:00:00+00:00,0.0,JAXA GSMaP V8 operational / Google Earth Engine,0,2026-09-19T06:28:49.603871+00:00
PKGL-00995,2026-09-13T09:00:00+00:00,0.0,JAXA GSMaP V8 operational / Google Earth Engine,0,2026-09-19T06:28:49.603871+00:00
PKGL-00995,2026-09-13T10:00:00+00:00,0.0,JAXA GSMaP V8 operational / Google Earth Engine,0,2026-09-19T06:28:49.603871+00:00
PKGL-00995,2026-09-13T11:00:00+00:00,0.0,JAXA GSMaP V8 operational / Google Earth Engine,0,2026-09-19T06:28:49.603871+00:00
PKGL-00995,2026-09-13T12:00:00+00:00,0.0,JAXA GSMaP V8 operational / Google Earth Engine,0,2026-09-19T06:28:49.603871+00:00
PKGL-00995,2026-09-13T13:00:00+00:00,0.0,JAXA GSMaP V8 operational / Google Earth Engine,0,2026-09-19T06:28:49.603871+00:00
PKGL-00995,2026-09-13T14:00:00+00:00,0.0,JAXA GSMaP V8 operational / Google Earth Engine,0,2026-09-19T06:28:49.603871+00:00
PKGL-00995,2026-09-13T15:00:00+00:00,0.0,JAXA GSMaP V8 operational / Google Earth Engine,0,2026-09-19T06:28:49.603871+00:00
PKGL-00995,2026-09-13T16:00:00+00:00,0.0,JAXA GSMaP V8 operational / Google Earth Engine,0,2026-09-19T06:28:49.603871+00:00
PKGL-00995,2026-09-13T17:00:00+00:00,0.0,JAXA GSMaP V8 operational / Google Earth Engine,0,2026-09-19T06:28:49.603871+00:00
PKGL-00995,2026-09-13T18:00:00+00:00,0.0,JAXA GSMaP V8 operational / Google Earth Engine,0,2026-09-19T06:28:49.603871+00:00
PKGL-00995,2026-09-13T19:00:00+00:00,0.0,JAXA GSMaP V8 operational / Google Earth Engine,0,2026-09-19T06:28:49.603871+00:00
PKGL-00995,2026-09-13T20:00:00+00:00,0.0,JAXA GSMaP V8 operational / Google Earth Engine,0,2026-09-19T06:28:49.603871+00:00
PKGL-00995,2026-09-13T21:00:00+00:00,0.0,JAXA GSMaP V8 operational / Google Earth Engine,0,2026-09-19T06:28:49.603871+00:00
PKGL-00995,2026-09-13T22:00:00+00:00,0.0,JAXA GSMaP V8 operational / Google Earth Engine,0,2026-09-19T06:28:49.603871+00:00
PKGL-00995,2026-09-13T23:00:00+00:00,0.0,JAXA GSMaP V8 operational / Google Earth Engine,0,2026-09-19T06:28:49.603871+00:00
PKGL-00995,2026-09-14T00:00:00+00:00,0.0,JAXA GSMaP V8 operational / Google Earth Engine,0,2026-09-19T06:28:49.603871+00:00
PKGL-00995,2026-09-14T01:00:00+00:00,0.0,JAXA GSMaP V8 operational / Google Earth Engine,0,2026-09-19T06:28:49.603871+00:00
PKGL-00995,2026-09-14T02:00:00+00:00,0.0,JAXA GSMaP V8 operational / Google Earth Engine,0,2026-09-19T06:28:49.603871+00:00
PKGL-00995,2026-09-14T03:00:00+00:00,0.0,JAXA GSMaP V8 operational / Google Earth Engine,0,2026-09-19T06:28:49.603871+00:00
PKGL-00995,2026-09-14T04:00:00+00:00,0.0,JAXA GSMaP V8 operational / Google Earth Engine,0,2026-09-19T06:28:49.603871+00:00
PKGL-00995,2026-09-14T05:00:00+00:00,0.0,JAXA GSMaP V8 operational / Google Earth Engine,0,2026-09-19T06:28:49.603871+00:00
PKGL-00995,2026-09-14T06:00:00+00:00,0.0,JAXA GSMaP V8 operational / Google Earth Engine,0,2026-09-19T06:28:49.603871+00:00
PKGL-00995,2026-09-14T07:00:00+00:00,0.0,JAXA GSMaP V8 operational / Google Earth Engine,0,2026-09-19T06:28:49.603871+00:00
PKGL-00995,2026-09-14T08:00:00+00:00,0.0,JAXA GSMaP V8 operational / Google Earth Engine,0,2026-09-19T06:28:49.603871+00:00
PKGL-00995,2026-09-14T09:00:00+00:00,0.0,JAXA GSMaP V8 operational / Google Earth Engine,0,2026-09-19T06:28:49.603871+00:00
PKGL-00995,2026-09-14T10:00:00+00:00,0.0,JAXA GSMaP V8 operational / Google Earth Engine,0,2026-09-19T06:28:49.603871+00:00
PKGL-00995,2026-09-14T11:00:00+00:00,0.0,JAXA GSMaP V8 operational / Google Earth Engine,0,2026-09-19T06:28:49.603871+00:00
PKGL-00995,2026-09-14T12:00:00+00:00,0.0,JAXA GSMaP V8 operational / Google Earth Engine,0,2026-09-19T06:28:49.603871+00:00
PKGL-00995,2026-09-14T13:00:00+00:00,0.0,JAXA GSMaP V8 operational / Google Earth Engine,0,2026-09-19T06:28:49.603871+00:00
PKGL-00995,2026-09-14T14:00:00+00:00,0.0,JAXA GSMaP V8 operational / Google Earth Engine,0,2026-09-19T06:28:49.603871+00:00
PKGL-00995,2026-09-14T15:00:00+00:00,0.0,JAXA GSMaP V8 operational / Google Earth Engine,0,2026-09-19T06:28:49.603871+00:00
PKGL-00995,2026-09-14T16:00:00+00:00,0.0,JAXA GSMaP V8 operational / Google Earth Engine,0,2026-09-19T06:28:49.603871+00:00
PKGL-00995,2026-09-14T17:00:00+00:00,0.0,JAXA GSMaP V8 operational / Google Earth Engine,0,2026-09-19T06:28:49.603871+00:00
PKGL-00995,2026-09-14T18:00:00+00:00,0.0,JAXA GSMaP V8 operational / Google Earth Engine,0,2026-09-19T06:28:49.603871+00:00
PKGL-00995,2026-09-14T19:00:00+00:00,0.0,JAXA GSMaP V8 operational / Google Earth Engine,0,2026-09-19T06:28:49.603871+00:00
PKGL-00995,2026-09-14T20:00:00+00:00,0.0,JAXA GSMaP V8 operational / Google Earth Engine,0,2026-09-19T06:28:49.603871+00:00
PKGL-00995,2026-09-14T21:00:00+00:00,0.0,JAXA GSMaP V8 operational / Google Earth Engine,0,2026-09-19T06:28:49.603871+00:00
PKGL-00995,2026-09-14T22:00:00+00:00,0.0,JAXA GSMaP V8 operational / Google Earth Engine,0,2026-09-19T06:28:49.603871+00:00
PKGL-00995,2026-09-14T23:00:00+00:00,0.0,JAXA GSMaP V8 operational / Google Earth Engine,0,2026-09-19T06:28:49.603871+00:00
PKGL-00995,2026-09-15T00:00:00+00:00,0.0,JAXA GSMaP V8 operational / Google Earth Engine,0,2026-09-19T06:28:49.603871+00:00
PKGL-00995,2026-09-15T01:00:00+00:00,0.0,JAXA GSMaP V8 operational / Google Earth Engine,0,2026-09-19T06:28:49.603871+00:00
PKGL-00995,2026-09-15T02:00:00+00:00,0.0,JAXA GSMaP V8 operational / Google Earth Engine,0,2026-09-19T06:28:49.603871+00:00
PKGL-00995,2026-09-15T03:00:00+00:00,0.0,JAXA GSMaP V8 operational / Google Earth Engine,0,2026-09-19T06:28:49.603871+00:00
PKGL-00995,2026-09-15T04:00:00+00:00,0.0,JAXA GSMaP V8 operational / Google Earth Engine,0,2026-09-19T06:28:49.603871+00:00
PKGL-00995,2026-09-15T05:00:00+00:00,0.0,JAXA GSMaP V8 operational / Google Earth Engine,0,2026-09-19T06:28:49.603871+00:00
PKGL-00995,2026-09-15T06:00:00+00:00,0.0,JAXA GSMaP V8 operational / Google Earth Engine,0,2026-09-19T06:28:49.603871+00:00
PKGL-00995,2026-09-15T07:00:00+00:00,0.0,JAXA GSMaP V8 operational / Google Earth Engine,0,2026-09-19T06:28:49.603871+00:00
PKGL-00995,2026-09-15T08:00:00+00:00,0.0,JAXA GSMaP V8 operational / Google Earth Engine,0,2026-09-19T06:28:49.603871+00:00
PKGL-00995,2026-09-15T09:00:00+00:00,0.2650027871131897,JAXA GSMaP V8 operational / Google Earth Engine,0,2026-09-19T06:28:49.603871+00:00
PKGL-00995,2026-09-15T10:00:00+00:00,0.0,JAXA GSMaP V8 operational / Google Earth Engine,0,2026-09-19T06:28:49.603871+00:00
PKGL-00995,2026-09-15T11:00:00+00:00,0.0,JAXA GSMaP V8 operational / Google Earth Engine,0,2026-09-19T06:28:49.603871+00:00
PKGL-00995,2026-09-15T12:00:00+00:00,0.0,JAXA GSMaP V8 operational / Google Earth Engine,0,2026-09-19T06:28:49.603871+00:00
PKGL-00995,2026-09-15T13:00:00+00:00,0.0,JAXA GSMaP V8 operational / Google Earth Engine,0,2026-09-19T06:28:49.603871+00:00
PKGL-00995,2026-09-15T14:00:00+00:00,0.0,JAXA GSMaP V8 operational / Google Earth Engine,0,2026-09-19T06:28:49.603871+00:00
PKGL-00995,2026-09-15T15:00:00+00:00,0.0,JAXA GSMaP V8 operational / Google Earth Engine,0,2026-09-19T06:28:49.603871+00:00
PKGL-00995,2026-09-15T16:00:00+00:00,0.0,JAXA GSMaP V8 operational / Google Earth Engine,0,2026-09-19T06:28:49.603871+00:00
PKGL-00995,2026-09-15T17:00:00+00:00,0.0,JAXA GSMaP V8 operational / Google Earth Engine,0,2026-09-19T06:28:49.603871+00:00
PKGL-00995,2026-09-15T18:00:00+00:00,0.0,JAXA GSMaP V8 operational / Google Earth Engine,0,2026-09-19T06:28:49.603871+00:00
PKGL-00995,2026-09-15T19:00:00+00:00,0.0,JAXA GSMaP V8 operational / Google Earth Engine,0,2026-09-19T06:28:49.603871+00:00
PKGL-00995,2026-09-15T20:00:00+00:00,0.0,JAXA GSMaP V8 operational / Google Earth Engine,0,2026-09-19T06:28:49.603871+00:00
PKGL-00995,2026-09-15T21:00:00+00:00,0.0,JAXA GSMaP V8 operational / Google Earth Engine,0,2026-09-19T06:28:49.603871+00:00
PKGL-00995,2026-09-15T22:00:00+00:00,0.0,JAXA GSMaP V8 operational / Google Earth Engine,0,2026-09-19T06:28:49.603871+00:00
PKGL-00995,2026-09-15T23:00:00+00:00,0.0,JAXA GSMaP V8 operational / Google Earth Engine,0,2026-09-19T06:28:49.603871+00:00
PKGL-00995,2026-09-16T00:00:00+00:00,0.0,JAXA GSMaP V8 operational / Google Earth Engine,0,2026-09-19T06:28:49.603871+00:00
PKGL-00995,2026-09-16T01:00:00+00:00,0.0,JAXA GSMaP V8 operational / Google Earth Engine,0,2026-09-19T06:28:49.603871+00:00
PKGL-00995,2026-09-16T02:00:00+00:00,0.0,JAXA GSMaP V8 operational / Google Earth Engine,0,2026-09-19T06:28:49.603871+00:00
PKGL-00995,2026-09-16T03:00:00+00:00,0.0,JAXA GSMaP V8 operational / Google Earth Engine,0,2026-09-19T06:28:49.603871+00:00
PKGL-00995,2026-09-16T04:00:00+00:00,0.0,JAXA GSMaP V8 operational / Google Earth Engine,0,2026-09-19T06:28:49.603871+00:00
PKGL-00995,2026-09-16T05:00:00+00:00,0.0,JAXA GSMaP V8 operational / Google Earth Engine,0,2026-09-19T06:28:49.603871+00:00
PKGL-00995,2026-09-16T06:00:00+00:00,0.0,JAXA GSMaP V8 operational / Google Earth Engine,0,2026-09-19T06:28:49.603871+00:00
PKGL-00995,2026-09-16T07:00:00+00:00,0.0,JAXA GSMaP V8 operational / Google Earth Engine,0,2026-09-19T06:28:49.603871+00:00
PKGL-00995,2026-09-16T08:00:00+00:00,0.13455964624881744,JAXA GSMaP V8 operational / Google Earth Engine,0,2026-09-19T06:28:49.603871+00:00
PKGL-00995,2026-09-16T09:00:00+00:00,0.40755224227905273,JAXA GSMaP V8 operational / Google Earth Engine,0,2026-09-19T06:28:49.603871+00:00
PKGL-00995,2026-09-16T10:00:00+00:00,0.0,JAXA GSMaP V8 operational / Google Earth Engine,0,2026-09-19T06:28:49.603871+00:00
PKGL-00995,2026-09-16T11:00:00+00:00,0.0,JAXA GSMaP V8 operational / Google Earth Engine,0,2026-09-19T06:28:49.603871+00:00
PKGL-00995,2026-09-16T12:00:00+00:00,0.0,JAXA GSMaP V8 operational / Google Earth Engine,0,2026-09-19T06:28:49.603871+00:00
PKGL-00995,2026-09-16T13:00:00+00:00,0.8094368577003479,JAXA GSMaP V8 operational / Google Earth Engine,0,2026-09-19T06:28:49.603871+00:00
PKGL-00995,2026-09-16T14:00:00+00:00,1.4578477144241333,JAXA GSMaP V8 operational / Google Earth Engine,0,2026-09-19T06:28:49.603871+00:00
PKGL-00995,2026-09-16T15:00:00+00:00,0.3761332035064697,JAXA GSMaP V8 operational / Google Earth Engine,0,2026-09-19T06:28:49.603871+00:00
PKGL-00995,2026-09-16T16:00:00+00:00,0.559974730014801,JAXA GSMaP V8 operational / Google Earth Engine,0,2026-09-19T06:28:49.603871+00:00
PKGL-00995,2026-09-16T17:00:00+00:00,0.5418674349784851,JAXA GSMaP V8 operational / Google Earth Engine,0,2026-09-19T06:28:49.603871+00:00
PKGL-00995,2026-09-16T18:00:00+00:00,0.658336341381073,JAXA GSMaP V8 operational / Google Earth Engine,0,2026-09-19T06:28:49.603871+00:00
PKGL-00995,2026-09-16T19:00:00+00:00,0.708827555179596,JAXA GSMaP V8 operational / Google Earth Engine,0,2026-09-19T06:28:49.603871+00:00
PKGL-00995,2026-09-16T20:00:00+00:00,0.5992580056190491,JAXA GSMaP V8 operational / Google Earth Engine,0,2026-09-19T06:28:49.603871+00:00
PKGL-00995,2026-09-16T21:00:00+00:00,0.0,JAXA GSMaP V8 operational / Google Earth Engine,0,2026-09-19T06:28:49.603871+00:00
PKGL-00995,2026-09-16T22:00:00+00:00,0.0,JAXA GSMaP V8 operational / Google Earth Engine,0,2026-09-19T06:28:49.603871+00:00
PKGL-00995,2026-09-16T23:00:00+00:00,0.0,JAXA GSMaP V8 operational / Google Earth Engine,0,2026-09-19T06:28:49.603871+00:00
PKGL-00995,2026-09-17T00:00:00+00:00,0.0,JAXA GSMaP V8 operational / Google Earth Engine,0,2026-09-19T06:28:49.603871+00:00
PKGL-00995,2026-09-17T01:00:00+00:00,0.0,JAXA GSMaP V8 operational / Google Earth Engine,0,2026-09-19T06:28:49.603871+00:00
PKGL-00995,2026-09-17T02:00:00+00:00,0.0,JAXA GSMaP V8 operational / Google Earth Engine,0,2026-09-19T06:28:49.603871+00:00
PKGL-00995,2026-09-17T03:00:00+00:00,0.23672842979431152,JAXA GSMaP V8 operational / Google Earth Engine,0,2026-09-19T06:28:49.603871+00:00
PKGL-00995,2026-09-17T04:00:00+00:00,0.0,JAXA GSMaP V8 operational / Google Earth Engine,0,2026-09-19T06:28:49.603871+00:00
PKGL-00995,2026-09-17T05:00:00+00:00,0.0,JAXA GSMaP V8 operational / Google Earth Engine,0,2026-09-19T06:28:49.603871+00:00
PKGL-00995,2026-09-17T06:00:00+00:00,0.0,JAXA GSMaP V8 operational / Google Earth Engine,0,2026-09-19T06:28:49.603871+00:00
PKGL-00995,2026-09-17T07:00:00+00:00,0.0,JAXA GSMaP V8 operational / Google Earth Engine,0,2026-09-19T06:28:49.603871+00:00
PKGL-00995,2026-09-17T08:00:00+00:00,0.0,JAXA GSMaP V8 operational / Google Earth Engine,0,2026-09-19T06:28:49.603871+00:00
PKGL-00995,2026-09-17T09:00:00+00:00,0.0,JAXA GSMaP V8 operational / Google Earth Engine,0,2026-09-19T06:28:49.603871+00:00
PKGL-00995,2026-09-17T10:00:00+00:00,0.0,JAXA GSMaP V8 operational / Google Earth Engine,0,2026-09-19T06:28:49.603871+00:00
PKGL-00995,2026-09-17T11:00:00+00:00,0.0,JAXA GSMaP V8 operational / Google Earth Engine,0,2026-09-19T06:28:49.603871+00:00
PKGL-00995,2026-09-17T12:00:00+00:00,0.0,JAXA GSMaP V8 operational / Google Earth Engine,0,2026-09-19T06:28:49.603871+00:00
PKGL-00995,2026-09-17T13:00:00+00:00,0.0,JAXA GSMaP V8 operational / Google Earth Engine,0,2026-09-19T06:28:49.603871+00:00
PKGL-00995,2026-09-17T14:00:00+00:00,0.0,JAXA GSMaP V8 operational / Google Earth Engine,0,2026-09-19T06:28:49.603871+00:00
PKGL-00001,2026-08-31T15:00:00+00:00,0.0,JAXA GSMaP V8 operational / Google Earth Engine,0,2026-09-19T07:02:36.838687+00:00
PKGL-00001,2026-08-31T16:00:00+00:00,0.0,JAXA GSMaP V8 operational / Google Earth Engine,0,2026-09-19T07:02:36.838687+00:00
PKGL-00001,2026-08-31T17:00:00+00:00,0.0,JAXA GSMaP V8 operational / Google Earth Engine,0,2026-09-19T07:02:36.838687+00:00
PKGL-00001,2026-08-31T18:00:00+00:00,0.0,JAXA GSMaP V8 operational / Google Earth Engine,0,2026-09-19T07:02:36.838687+00:00
PKGL-00001,2026-08-31T19:00:00+00:00,0.0,JAXA GSMaP V8 operational / Google Earth Engine,0,2026-09-19T07:02:36.838687+00:00
PKGL-00001,2026-08-31T20:00:00+00:00,0.0,JAXA GSMaP V8 operational / Google Earth Engine,0,2026-09-19T07:02:36.838687+00:00
PKGL-00001,2026-08-31T21:00:00+00:00,0.0,JAXA GSMaP V8 operational / Google Earth Engine,0,2026-09-19T07:02:36.838687+00:00
PKGL-00001,2026-08-31T22:00:00+00:00,0.13514716923236847,JAXA GSMaP V8 operational / Google Earth Engine,0,2026-09-19T07:02:36.838687+00:00
PKGL-00001,2026-08-31T23:00:00+00:00,0.3402901291847229,JAXA GSMaP V8 operational / Google Earth Engine,0,2026-09-19T07:02:36.838687+00:00
PKGL-00001,2026-09-01T00:00:00+00:00,0.9183972477912903,JAXA GSMaP V8 operational / Google Earth Engine,0,2026-09-19T07:02:36.838687+00:00
PKGL-00001,2026-09-01T01:00:00+00:00,1.2236155271530151,JAXA GSMaP V8 operational / Google Earth Engine,0,2026-09-19T07:02:36.838687+00:00
PKGL-00001,2026-09-01T02:00:00+00:00,1.2098966836929321,JAXA GSMaP V8 operational / Google Earth Engine,0,2026-09-19T07:02:36.838687+00:00
PKGL-00001,2026-09-01T03:00:00+00:00,1.0897384881973267,JAXA GSMaP V8 operational / Google Earth Engine,0,2026-09-19T07:02:36.838687+00:00
PKGL-00001,2026-09-01T04:00:00+00:00,0.9208933115005493,JAXA GSMaP V8 operational / Google Earth Engine,0,2026-09-19T07:02:36.838687+00:00
PKGL-00001,2026-09-01T05:00:00+00:00,0.8080659508705139,JAXA GSMaP V8 operational / Google Earth Engine,0,2026-09-19T07:02:36.838687+00:00
PKGL-00001,2026-09-01T06:00:00+00:00,0.11938700079917908,JAXA GSMaP V8 operational / Google Earth Engine,0,2026-09-19T07:02:36.838687+00:00
PKGL-00001,2026-09-01T07:00:00+00:00,0.17065347731113434,JAXA GSMaP V8 operational / Google Earth Engine,0,2026-09-19T07:02:36.838687+00:00
PKGL-00001,2026-09-01T08:00:00+00:00,0.22787562012672424,JAXA GSMaP V8 operational / Google Earth Engine,0,2026-09-19T07:02:36.838687+00:00
PKGL-00001,2026-09-01T09:00:00+00:00,0.2168767750263214,JAXA GSMaP V8 operational / Google Earth Engine,0,2026-09-19T07:02:36.838687+00:00
PKGL-00001,2026-09-01T10:00:00+00:00,0.19371022284030914,JAXA GSMaP V8 operational / Google Earth Engine,0,2026-09-19T07:02:36.838687+00:00
PKGL-00001,2026-09-01T11:00:00+00:00,0.18471361696720123,JAXA GSMaP V8 operational / Google Earth Engine,0,2026-09-19T07:02:36.838687+00:00
PKGL-00001,2026-09-01T12:00:00+00:00,0.1777924746274948,JAXA GSMaP V8 operational / Google Earth Engine,0,2026-09-19T07:02:36.838687+00:00
PKGL-00001,2026-09-01T13:00:00+00:00,0.16986313462257385,JAXA GSMaP V8 operational / Google Earth Engine,0,2026-09-19T07:02:36.838687+00:00
PKGL-00001,2026-09-01T14:00:00+00:00,0.1642199009656906,JAXA GSMaP V8 operational / Google Earth Engine,0,2026-09-19T07:02:36.838687+00:00
PKGL-00001,2026-09-01T15:00:00+00:00,0.1604776680469513,JAXA GSMaP V8 operational / Google Earth Engine,0,2026-09-19T07:02:36.838687+00:00
PKGL-00001,2026-09-01T16:00:00+00:00,0.15797869861125946,JAXA GSMaP V8 operational / Google Earth Engine,0,2026-09-19T07:02:36.838687+00:00
PKGL-00001,2026-09-01T17:00:00+00:00,0.15787197649478912,JAXA GSMaP V8 operational / Google Earth Engine,0,2026-09-19T07:02:36.838687+00:00
PKGL-00001,2026-09-01T18:00:00+00:00,0.15988419950008392,JAXA GSMaP V8 operational / Google Earth Engine,0,2026-09-19T07:02:36.838687+00:00
PKGL-00001,2026-09-01T19:00:00+00:00,0.1554352194070816,JAXA GSMaP V8 operational / Google Earth Engine,0,2026-09-19T07:02:36.838687+00:00
PKGL-00001,2026-09-01T20:00:00+00:00,0.15375883877277374,JAXA GSMaP V8 operational / Google Earth Engine,0,2026-09-19T07:02:36.838687+00:00
PKGL-00001,2026-09-01T21:00:00+00:00,0.15362322330474854,JAXA GSMaP V8 operational / Google Earth Engine,0,2026-09-19T07:02:36.838687+00:00
PKGL-00001,2026-09-01T22:00:00+00:00,0.15378618240356445,JAXA GSMaP V8 operational / Google Earth Engine,0,2026-09-19T07:02:36.838687+00:00
PKGL-00001,2026-09-01T23:00:00+00:00,0.1542550027370453,JAXA GSMaP V8 operational / Google Earth Engine,0,2026-09-19T07:02:36.838687+00:00
PKGL-00001,2026-09-02T00:00:00+00:00,0.23311077058315277,JAXA GSMaP V8 operational / Google Earth Engine,0,2026-09-19T07:02:36.838687+00:00
PKGL-00001,2026-09-02T01:00:00+00:00,0.23683276772499084,JAXA GSMaP V8 operational / Google Earth Engine,0,2026-09-19T07:02:36.838687+00:00
PKGL-00001,2026-09-02T02:00:00+00:00,0.24591870605945587,JAXA GSMaP V8 operational / Google Earth Engine,0,2026-09-19T07:02:36.838687+00:00
PKGL-00001,2026-09-02T03:00:00+00:00,0.24897898733615875,JAXA GSMaP V8 operational / Google Earth Engine,0,2026-09-19T07:02:36.838687+00:00
PKGL-00001,2026-09-02T04:00:00+00:00,0.25044670701026917,JAXA GSMaP V8 operational / Google Earth Engine,0,2026-09-19T07:02:36.838687+00:00
PKGL-00001,2026-09-02T05:00:00+00:00,0.25162461400032043,JAXA GSMaP V8 operational / Google Earth Engine,0,2026-09-19T07:02:36.838687+00:00
PKGL-00001,2026-09-02T06:00:00+00:00,0.0,JAXA GSMaP V8 operational / Google Earth Engine,0,2026-09-19T07:02:36.838687+00:00
PKGL-00001,2026-09-02T07:00:00+00:00,0.10160774737596512,JAXA GSMaP V8 operational / Google Earth Engine,0,2026-09-19T07:02:36.838687+00:00
PKGL-00001,2026-09-02T08:00:00+00:00,0.14795434474945068,JAXA GSMaP V8 operational / Google Earth Engine,0,2026-09-19T07:02:36.838687+00:00
PKGL-00001,2026-09-02T09:00:00+00:00,0.1915164291858673,JAXA GSMaP V8 operational / Google Earth Engine,0,2026-09-19T07:02:36.838687+00:00
PKGL-00001,2026-09-02T10:00:00+00:00,0.19811251759529114,JAXA GSMaP V8 operational / Google Earth Engine,0,2026-09-19T07:02:36.838687+00:00
PKGL-00001,2026-09-02T11:00:00+00:00,0.20888908207416534,JAXA GSMaP V8 operational / Google Earth Engine,0,2026-09-19T07:02:36.838687+00:00
PKGL-00001,2026-09-02T12:00:00+00:00,0.20497702062129974,JAXA GSMaP V8 operational / Google Earth Engine,0,2026-09-19T07:02:36.838687+00:00
PKGL-00001,2026-09-02T13:00:00+00:00,0.20357972383499146,JAXA GSMaP V8 operational / Google Earth Engine,0,2026-09-19T07:02:36.838687+00:00
PKGL-00001,2026-09-02T14:00:00+00:00,0.19981856644153595,JAXA GSMaP V8 operational / Google Earth Engine,0,2026-09-19T07:02:36.838687+00:00
PKGL-00001,2026-09-02T15:00:00+00:00,0.1997295320034027,JAXA GSMaP V8 operational / Google Earth Engine,0,2026-09-19T07:02:36.838687+00:00
PKGL-00001,2026-09-02T16:00:00+00:00,0.20394070446491241,JAXA GSMaP V8 operational / Google Earth Engine,0,2026-09-19T07:02:36.838687+00:00
PKGL-00001,2026-09-02T17:00:00+00:00,0.20027342438697815,JAXA GSMaP V8 operational / Google Earth Engine,0,2026-09-19T07:02:36.838687+00:00
PKGL-00001,2026-09-02T18:00:00+00:00,0.20015911757946014,JAXA GSMaP V8 operational / Google Earth Engine,0,2026-09-19T07:02:36.838687+00:00
PKGL-00001,2026-09-02T19:00:00+00:00,0.18942135572433472,JAXA GSMaP V8 operational / Google Earth Engine,0,2026-09-19T07:02:36.838687+00:00
PKGL-00001,2026-09-02T20:00:00+00:00,0.18326076865196228,JAXA GSMaP V8 operational / Google Earth Engine,0,2026-09-19T07:02:36.838687+00:00
PKGL-00001,2026-09-02T21:00:00+00:00,0.18407225608825684,JAXA GSMaP V8 operational / Google Earth Engine,0,2026-09-19T07:02:36.838687+00:00
PKGL-00001,2026-09-02T22:00:00+00:00,0.18363207578659058,JAXA GSMaP V8 operational / Google Earth Engine,0,2026-09-19T07:02:36.838687+00:00
PKGL-00001,2026-09-02T23:00:00+00:00,0.1877497285604477,JAXA GSMaP V8 operational / Google Earth Engine,0,2026-09-19T07:02:36.838687+00:00
PKGL-00001,2026-09-03T00:00:00+00:00,0.18496793508529663,JAXA GSMaP V8 operational / Google Earth Engine,0,2026-09-19T07:02:36.838687+00:00
PKGL-00001,2026-09-03T01:00:00+00:00,0.18147578835487366,JAXA GSMaP V8 operational / Google Earth Engine,0,2026-09-19T07:02:36.838687+00:00
PKGL-00001,2026-09-03T02:00:00+00:00,0.19412696361541748,JAXA GSMaP V8 operational / Google Earth Engine,0,2026-09-19T07:02:36.838687+00:00
PKGL-00001,2026-09-03T03:00:00+00:00,0.214396670460701,JAXA GSMaP V8 operational / Google Earth Engine,0,2026-09-19T07:02:36.838687+00:00
PKGL-00001,2026-09-03T04:00:00+00:00,0.20762111246585846,JAXA GSMaP V8 operational / Google Earth Engine,0,2026-09-19T07:02:36.838687+00:00
PKGL-00001,2026-09-03T05:00:00+00:00,0.21183077991008759,JAXA GSMaP V8 operational / Google Earth Engine,0,2026-09-19T07:02:36.838687+00:00
PKGL-00001,2026-09-03T06:00:00+00:00,0.0,JAXA GSMaP V8 operational / Google Earth Engine,0,2026-09-19T07:02:36.838687+00:00
PKGL-00001,2026-09-03T07:00:00+00:00,0.0,JAXA GSMaP V8 operational / Google Earth Engine,0,2026-09-19T07:02:36.838687+00:00
PKGL-00001,2026-09-03T08:00:00+00:00,0.0,JAXA GSMaP V8 operational / Google Earth Engine,0,2026-09-19T07:02:36.838687+00:00
PKGL-00001,2026-09-03T09:00:00+00:00,0.0,JAXA GSMaP V8 operational / Google Earth Engine,0,2026-09-19T07:02:36.838687+00:00
PKGL-00001,2026-09-03T10:00:00+00:00,0.0,JAXA GSMaP V8 operational / Google Earth Engine,0,2026-09-19T07:02:36.838687+00:00
PKGL-00001,2026-09-03T11:00:00+00:00,0.0,JAXA GSMaP V8 operational / Google Earth Engine,0,2026-09-19T07:02:36.838687+00:00
PKGL-00001,2026-09-03T12:00:00+00:00,0.0,JAXA GSMaP V8 operational / Google Earth Engine,0,2026-09-19T07:02:36.838687+00:00
PKGL-00001,2026-09-03T13:00:00+00:00,0.11024166643619537,JAXA GSMaP V8 operational / Google Earth Engine,0,2026-09-19T07:02:36.838687+00:00
PKGL-00001,2026-09-03T14:00:00+00:00,0.1276177018880844,JAXA GSMaP V8 operational / Google Earth Engine,0,2026-09-19T07:02:36.838687+00:00
PKGL-00001,2026-09-03T15:00:00+00:00,0.1858479380607605,JAXA GSMaP V8 operational / Google Earth Engine,0,2026-09-19T07:02:36.838687+00:00
PKGL-00001,2026-09-03T16:00:00+00:00,0.25308746099472046,JAXA GSMaP V8 operational / Google Earth Engine,0,2026-09-19T07:02:36.838687+00:00
PKGL-00001,2026-09-03T17:00:00+00:00,0.3604917824268341,JAXA GSMaP V8 operational / Google Earth Engine,0,2026-09-19T07:02:36.838687+00:00
PKGL-00001,2026-09-03T18:00:00+00:00,0.5479363799095154,JAXA GSMaP V8 operational / Google Earth Engine,0,2026-09-19T07:02:36.838687+00:00
PKGL-00001,2026-09-03T19:00:00+00:00,0.8571422100067139,JAXA GSMaP V8 operational / Google Earth Engine,0,2026-09-19T07:02:36.838687+00:00
PKGL-00001,2026-09-03T20:00:00+00:00,0.7282049655914307,JAXA GSMaP V8 operational / Google Earth Engine,0,2026-09-19T07:02:36.838687+00:00
PKGL-00001,2026-09-03T21:00:00+00:00,0.5247649550437927,JAXA GSMaP V8 operational / Google Earth Engine,0,2026-09-19T07:02:36.838687+00:00
PKGL-00001,2026-09-03T22:00:00+00:00,0.42216041684150696,JAXA GSMaP V8 operational / Google Earth Engine,0,2026-09-19T07:02:36.838687+00:00
PKGL-00001,2026-09-03T23:00:00+00:00,0.31955310702323914,JAXA GSMaP V8 operational / Google Earth Engine,0,2026-09-19T07:02:36.838687+00:00
PKGL-00001,2026-09-04T00:00:00+00:00,0.2651313841342926,JAXA GSMaP V8 operational / Google Earth Engine,0,2026-09-19T07:02:36.838687+00:00
PKGL-00001,2026-09-04T01:00:00+00:00,0.2675767242908478,JAXA GSMaP V8 operational / Google Earth Engine,0,2026-09-19T07:02:36.838687+00:00
PKGL-00001,2026-09-04T02:00:00+00:00,0.329393208026886,JAXA GSMaP V8 operational / Google Earth Engine,0,2026-09-19T07:02:36.838687+00:00
PKGL-00001,2026-09-04T03:00:00+00:00,0.44410043954849243,JAXA GSMaP V8 operational / Google Earth Engine,0,2026-09-19T07:02:36.838687+00:00
PKGL-00001,2026-09-04T04:00:00+00:00,0.6427876949310303,JAXA GSMaP V8 operational / Google Earth Engine,0,2026-09-19T07:02:36.838687+00:00
PKGL-00001,2026-09-04T05:00:00+00:00,0.6605539917945862,JAXA GSMaP V8 operational / Google Earth Engine,0,2026-09-19T07:02:36.838687+00:00
PKGL-00001,2026-09-04T06:00:00+00:00,0.25811561942100525,JAXA GSMaP V8 operational / Google Earth Engine,0,2026-09-19T07:02:36.838687+00:00
PKGL-00001,2026-09-04T07:00:00+00:00,0.26244187355041504,JAXA GSMaP V8 operational / Google Earth Engine,0,2026-09-19T07:02:36.838687+00:00
PKGL-00001,2026-09-04T08:00:00+00:00,0.2434849590063095,JAXA GSMaP V8 operational / Google Earth Engine,0,2026-09-19T07:02:36.838687+00:00
PKGL-00001,2026-09-04T09:00:00+00:00,0.0,JAXA GSMaP V8 operational / Google Earth Engine,0,2026-09-19T07:02:36.838687+00:00
PKGL-00001,2026-09-04T10:00:00+00:00,0.0,JAXA GSMaP V8 operational / Google Earth Engine,0,2026-09-19T07:02:36.838687+00:00
PKGL-00001,2026-09-04T11:00:00+00:00,0.0,JAXA GSMaP V8 operational / Google Earth Engine,0,2026-09-19T07:02:36.838687+00:00
PKGL-00001,2026-09-04T12:00:00+00:00,0.0,JAXA GSMaP V8 operational / Google Earth Engine,0,2026-09-19T07:02:36.838687+00:00
PKGL-00001,2026-09-04T13:00:00+00:00,0.0,JAXA GSMaP V8 operational / Google Earth Engine,0,2026-09-19T07:02:36.838687+00:00
PKGL-00001,2026-09-04T14:00:00+00:00,0.0,JAXA GSMaP V8 operational / Google Earth Engine,0,2026-09-19T07:02:36.838687+00:00
PKGL-00001,2026-09-04T15:00:00+00:00,0.0,JAXA GSMaP V8 operational / Google Earth Engine,0,2026-09-19T07:02:36.838687+00:00
PKGL-00001,2026-09-04T16:00:00+00:00,0.0,JAXA GSMaP V8 operational / Google Earth Engine,0,2026-09-19T07:02:36.838687+00:00
PKGL-00001,2026-09-04T17:00:00+00:00,0.0,JAXA GSMaP V8 operational / Google Earth Engine,0,2026-09-19T07:02:36.838687+00:00
PKGL-00001,2026-09-04T18:00:00+00:00,0.0,JAXA GSMaP V8 operational / Google Earth Engine,0,2026-09-19T07:02:36.838687+00:00
PKGL-00001,2026-09-04T19:00:00+00:00,0.0,JAXA GSMaP V8 operational / Google Earth Engine,0,2026-09-19T07:02:36.838687+00:00
PKGL-00001,2026-09-04T20:00:00+00:00,0.0,JAXA GSMaP V8 operational / Google Earth Engine,0,2026-09-19T07:02:36.838687+00:00
PKGL-00001,2026-09-04T21:00:00+00:00,0.0,JAXA GSMaP V8 operational / Google Earth Engine,0,2026-09-19T07:02:36.838687+00:00
PKGL-00001,2026-09-04T22:00:00+00:00,0.0,JAXA GSMaP V8 operational / Google Earth Engine,0,2026-09-19T07:02:36.838687+00:00
PKGL-00001,2026-09-04T23:00:00+00:00,0.0,JAXA GSMaP V8 operational / Google Earth Engine,0,2026-09-19T07:02:36.838687+00:00
PKGL-00001,2026-09-05T00:00:00+00:00,0.0,JAXA GSMaP V8 operational / Google Earth Engine,0,2026-09-19T07:02:36.838687+00:00
PKGL-00001,2026-09-05T01:00:00+00:00,0.0,JAXA GSMaP V8 operational / Google Earth Engine,0,2026-09-19T07:02:36.838687+00:00
PKGL-00001,2026-09-05T02:00:00+00:00,0.0,JAXA GSMaP V8 operational / Google Earth Engine,0,2026-09-19T07:02:36.838687+00:00
PKGL-00001,2026-09-05T03:00:00+00:00,0.0,JAXA GSMaP V8 operational / Google Earth Engine,0,2026-09-19T07:02:36.838687+00:00
PKGL-00001,2026-09-05T04:00:00+00:00,0.0,JAXA GSMaP V8 operational / Google Earth Engine,0,2026-09-19T07:02:36.838687+00:00
PKGL-00001,2026-09-05T05:00:00+00:00,0.11713603883981705,JAXA GSMaP V8 operational / Google Earth Engine,0,2026-09-19T07:02:36.838687+00:00
PKGL-00001,2026-09-05T06:00:00+00:00,0.28881147503852844,JAXA GSMaP V8 operational / Google Earth Engine,0,2026-09-19T07:02:36.838687+00:00
PKGL-00001,2026-09-05T07:00:00+00:00,0.29327940940856934,JAXA GSMaP V8 operational / Google Earth Engine,0,2026-09-19T07:02:36.838687+00:00
PKGL-00001,2026-09-05T08:00:00+00:00,0.17503881454467773,JAXA GSMaP V8 operational / Google Earth Engine,0,2026-09-19T07:02:36.838687+00:00
PKGL-00001,2026-09-05T09:00:00+00:00,0.11053591221570969,JAXA GSMaP V8 operational / Google Earth Engine,0,2026-09-19T07:02:36.838687+00:00
PKGL-00001,2026-09-05T10:00:00+00:00,0.12066592276096344,JAXA GSMaP V8 operational / Google Earth Engine,0,2026-09-19T07:02:36.838687+00:00
PKGL-00001,2026-09-05T11:00:00+00:00,0.14653468132019043,JAXA GSMaP V8 operational / Google Earth Engine,0,2026-09-19T07:02:36.838687+00:00
PKGL-00001,2026-09-05T12:00:00+00:00,0.20249472558498383,JAXA GSMaP V8 operational / Google Earth Engine,0,2026-09-19T07:02:36.838687+00:00
PKGL-00001,2026-09-05T13:00:00+00:00,0.3118981122970581,JAXA GSMaP V8 operational / Google Earth Engine,0,2026-09-19T07:02:36.838687+00:00
PKGL-00001,2026-09-05T14:00:00+00:00,0.39622068405151367,JAXA GSMaP V8 operational / Google Earth Engine,0,2026-09-19T07:02:36.838687+00:00
PKGL-00001,2026-09-05T15:00:00+00:00,0.3545703589916229,JAXA GSMaP V8 operational / Google Earth Engine,0,2026-09-19T07:02:36.838687+00:00
PKGL-00001,2026-09-05T16:00:00+00:00,0.27343422174453735,JAXA GSMaP V8 operational / Google Earth Engine,0,2026-09-19T07:02:36.838687+00:00
PKGL-00001,2026-09-05T17:00:00+00:00,0.15861646831035614,JAXA GSMaP V8 operational / Google Earth Engine,0,2026-09-19T07:02:36.838687+00:00
PKGL-00001,2026-09-05T18:00:00+00:00,0.0,JAXA GSMaP V8 operational / Google Earth Engine,0,2026-09-19T07:02:36.838687+00:00
PKGL-00001,2026-09-05T19:00:00+00:00,0.0,JAXA GSMaP V8 operational / Google Earth Engine,0,2026-09-19T07:02:36.838687+00:00
PKGL-00001,2026-09-05T20:00:00+00:00,0.0,JAXA GSMaP V8 operational / Google Earth Engine,0,2026-09-19T07:02:36.838687+00:00
PKGL-00001,2026-09-05T21:00:00+00:00,0.0,JAXA GSMaP V8 operational / Google Earth Engine,0,2026-09-19T07:02:36.838687+00:00
PKGL-00001,2026-09-05T22:00:00+00:00,0.0,JAXA GSMaP V8 operational / Google Earth Engine,0,2026-09-19T07:02:36.838687+00:00
PKGL-00001,2026-09-05T23:00:00+00:00,0.0,JAXA GSMaP V8 operational / Google Earth Engine,0,2026-09-19T07:02:36.838687+00:00
PKGL-00001,2026-09-06T00:00:00+00:00,0.0,JAXA GSMaP V8 operational / Google Earth Engine,0,2026-09-19T07:02:36.838687+00:00
PKGL-00001,2026-09-06T01:00:00+00:00,0.0,JAXA GSMaP V8 operational / Google Earth Engine,0,2026-09-19T07:02:36.838687+00:00
PKGL-00001,2026-09-06T02:00:00+00:00,0.0,JAXA GSMaP V8 operational / Google Earth Engine,0,2026-09-19T07:02:36.838687+00:00
PKGL-00001,2026-09-06T03:00:00+00:00,0.0,JAXA GSMaP V8 operational / Google Earth Engine,0,2026-09-19T07:02:36.838687+00:00
PKGL-00001,2026-09-06T04:00:00+00:00,0.0,JAXA GSMaP V8 operational / Google Earth Engine,0,2026-09-19T07:02:36.838687+00:00
PKGL-00001,2026-09-06T05:00:00+00:00,0.0,JAXA GSMaP V8 operational / Google Earth Engine,0,2026-09-19T07:02:36.838687+00:00
PKGL-00001,2026-09-06T06:00:00+00:00,0.0,JAXA GSMaP V8 operational / Google Earth Engine,0,2026-09-19T07:02:36.838687+00:00
PKGL-00001,2026-09-06T07:00:00+00:00,0.0,JAXA GSMaP V8 operational / Google Earth Engine,0,2026-09-19T07:02:36.838687+00:00
PKGL-00001,2026-09-06T08:00:00+00:00,0.0,JAXA GSMaP V8 operational / Google Earth Engine,0,2026-09-19T07:02:36.838687+00:00
PKGL-00001,2026-09-06T09:00:00+00:00,0.0,JAXA GSMaP V8 operational / Google Earth Engine,0,2026-09-19T07:02:36.838687+00:00
PKGL-00001,2026-09-06T10:00:00+00:00,0.0,JAXA GSMaP V8 operational / Google Earth Engine,0,2026-09-19T07:02:36.838687+00:00
PKGL-00001,2026-09-06T11:00:00+00:00,0.0,JAXA GSMaP V8 operational / Google Earth Engine,0,2026-09-19T07:02:36.838687+00:00
PKGL-00001,2026-09-06T12:00:00+00:00,0.0,JAXA GSMaP V8 operational / Google Earth Engine,0,2026-09-19T07:02:36.838687+00:00
PKGL-00001,2026-09-06T13:00:00+00:00,0.0,JAXA GSMaP V8 operational / Google Earth Engine,0,2026-09-19T07:02:36.838687+00:00
PKGL-00001,2026-09-06T14:00:00+00:00,0.0,JAXA GSMaP V8 operational / Google Earth Engine,0,2026-09-19T07:02:36.838687+00:00
PKGL-00001,2026-09-06T15:00:00+00:00,0.0,JAXA GSMaP V8 operational / Google Earth Engine,0,2026-09-19T07:02:36.838687+00:00
PKGL-00001,2026-09-06T16:00:00+00:00,0.0,JAXA GSMaP V8 operational / Google Earth Engine,0,2026-09-19T07:02:36.838687+00:00
PKGL-00001,2026-09-06T17:00:00+00:00,0.0,JAXA GSMaP V8 operational / Google Earth Engine,0,2026-09-19T07:02:36.838687+00:00
PKGL-00001,2026-09-06T18:00:00+00:00,0.0,JAXA GSMaP V8 operational / Google Earth Engine,0,2026-09-19T07:02:36.838687+00:00
PKGL-00001,2026-09-06T19:00:00+00:00,0.0,JAXA GSMaP V8 operational / Google Earth Engine,0,2026-09-19T07:02:36.838687+00:00
PKGL-00001,2026-09-06T20:00:00+00:00,0.0,JAXA GSMaP V8 operational / Google Earth Engine,0,2026-09-19T07:02:36.838687+00:00
PKGL-00001,2026-09-06T21:00:00+00:00,0.0,JAXA GSMaP V8 operational / Google Earth Engine,0,2026-09-19T07:02:36.838687+00:00
PKGL-00001,2026-09-06T22:00:00+00:00,0.0,JAXA GSMaP V8 operational / Google Earth Engine,0,2026-09-19T07:02:36.838687+00:00
PKGL-00001,2026-09-06T23:00:00+00:00,0.0,JAXA GSMaP V8 operational / Google Earth Engine,0,2026-09-19T07:02:36.838687+00:00
PKGL-00001,2026-09-07T00:00:00+00:00,0.0,JAXA GSMaP V8 operational / Google Earth Engine,0,2026-09-19T07:02:36.838687+00:00
PKGL-00001,2026-09-07T01:00:00+00:00,0.0,JAXA GSMaP V8 operational / Google Earth Engine,0,2026-09-19T07:02:36.838687+00:00
PKGL-00001,2026-09-07T02:00:00+00:00,0.0,JAXA GSMaP V8 operational / Google Earth Engine,0,2026-09-19T07:02:36.838687+00:00
PKGL-00001,2026-09-07T03:00:00+00:00,0.0,JAXA GSMaP V8 operational / Google Earth Engine,0,2026-09-19T07:02:36.838687+00:00
PKGL-00001,2026-09-07T04:00:00+00:00,0.0,JAXA GSMaP V8 operational / Google Earth Engine,0,2026-09-19T07:02:36.838687+00:00
PKGL-00001,2026-09-07T05:00:00+00:00,0.0,JAXA GSMaP V8 operational / Google Earth Engine,0,2026-09-19T07:02:36.838687+00:00
PKGL-00001,2026-09-07T06:00:00+00:00,0.0,JAXA GSMaP V8 operational / Google Earth Engine,0,2026-09-19T07:02:36.838687+00:00
PKGL-00001,2026-09-07T07:00:00+00:00,0.0,JAXA GSMaP V8 operational / Google Earth Engine,0,2026-09-19T07:02:36.838687+00:00
PKGL-00001,2026-09-07T08:00:00+00:00,0.0,JAXA GSMaP V8 operational / Google Earth Engine,0,2026-09-19T07:02:36.838687+00:00
PKGL-00001,2026-09-07T09:00:00+00:00,0.0,JAXA GSMaP V8 operational / Google Earth Engine,0,2026-09-19T07:02:36.838687+00:00
PKGL-00001,2026-09-07T10:00:00+00:00,0.0,JAXA GSMaP V8 operational / Google Earth Engine,0,2026-09-19T07:02:36.838687+00:00
PKGL-00001,2026-09-07T11:00:00+00:00,0.0,JAXA GSMaP V8 operational / Google Earth Engine,0,2026-09-19T07:02:36.838687+00:00
PKGL-00001,2026-09-07T12:00:00+00:00,0.0,JAXA GSMaP V8 operational / Google Earth Engine,0,2026-09-19T07:02:36.838687+00:00
PKGL-00001,2026-09-07T13:00:00+00:00,0.0,JAXA GSMaP V8 operational / Google Earth Engine,0,2026-09-19T07:02:36.838687+00:00
PKGL-00001,2026-09-07T14:00:00+00:00,0.0,JAXA GSMaP V8 operational / Google Earth Engine,0,2026-09-19T07:02:36.838687+00:00
PKGL-00001,2026-09-07T15:00:00+00:00,0.0,JAXA GSMaP V8 operational / Google Earth Engine,0,2026-09-19T07:02:36.838687+00:00
PKGL-00001,2026-09-07T16:00:00+00:00,0.0,JAXA GSMaP V8 operational / Google Earth Engine,0,2026-09-19T07:02:36.838687+00:00
PKGL-00001,2026-09-07T17:00:00+00:00,0.0,JAXA GSMaP V8 operational / Google Earth Engine,0,2026-09-19T07:02:36.838687+00:00
PKGL-00001,2026-09-07T18:00:00+00:00,0.0,JAXA GSMaP V8 operational / Google Earth Engine,0,2026-09-19T07:02:36.838687+00:00
PKGL-00001,2026-09-07T19:00:00+00:00,0.0,JAXA GSMaP V8 operational / Google Earth Engine,0,2026-09-19T07:02:36.838687+00:00
PKGL-00001,2026-09-07T20:00:00+00:00,0.0,JAXA GSMaP V8 operational / Google Earth Engine,0,2026-09-19T07:02:36.838687+00:00
PKGL-00001,2026-09-07T21:00:00+00:00,0.0,JAXA GSMaP V8 operational / Google Earth Engine,0,2026-09-19T07:02:36.838687+00:00
PKGL-00001,2026-09-07T22:00:00+00:00,0.0,JAXA GSMaP V8 operational / Google Earth Engine,0,2026-09-19T07:02:36.838687+00:00
PKGL-00001,2026-09-07T23:00:00+00:00,0.0,JAXA GSMaP V8 operational / Google Earth Engine,0,2026-09-19T07:02:36.838687+00:00
PKGL-00001,2026-09-08T00:00:00+00:00,0.0,JAXA GSMaP V8 operational / Google Earth Engine,0,2026-09-19T07:02:36.838687+00:00
PKGL-00001,2026-09-08T01:00:00+00:00,0.0,JAXA GSMaP V8 operational / Google Earth Engine,0,2026-09-19T07:02:36.838687+00:00
PKGL-00001,2026-09-08T02:00:00+00:00,0.0,JAXA GSMaP V8 operational / Google Earth Engine,0,2026-09-19T07:02:36.838687+00:00
PKGL-00001,2026-09-08T03:00:00+00:00,0.0,JAXA GSMaP V8 operational / Google Earth Engine,0,2026-09-19T07:02:36.838687+00:00
PKGL-00001,2026-09-08T04:00:00+00:00,0.0,JAXA GSMaP V8 operational / Google Earth Engine,0,2026-09-19T07:02:36.838687+00:00
PKGL-00001,2026-09-08T05:00:00+00:00,0.0,JAXA GSMaP V8 operational / Google Earth Engine,0,2026-09-19T07:02:36.838687+00:00
PKGL-00001,2026-09-08T06:00:00+00:00,0.0,JAXA GSMaP V8 operational / Google Earth Engine,0,2026-09-19T07:02:36.838687+00:00
PKGL-00001,2026-09-08T07:00:00+00:00,0.0,JAXA GSMaP V8 operational / Google Earth Engine,0,2026-09-19T07:02:36.838687+00:00
PKGL-00001,2026-09-08T08:00:00+00:00,0.0,JAXA GSMaP V8 operational / Google Earth Engine,0,2026-09-19T07:02:36.838687+00:00
PKGL-00001,2026-09-08T09:00:00+00:00,0.0,JAXA GSMaP V8 operational / Google Earth Engine,0,2026-09-19T07:02:36.838687+00:00
PKGL-00001,2026-09-08T10:00:00+00:00,0.0,JAXA GSMaP V8 operational / Google Earth Engine,0,2026-09-19T07:02:36.838687+00:00
PKGL-00001,2026-09-08T11:00:00+00:00,0.0,JAXA GSMaP V8 operational / Google Earth Engine,0,2026-09-19T07:02:36.838687+00:00
PKGL-00001,2026-09-08T12:00:00+00:00,0.0,JAXA GSMaP V8 operational / Google Earth Engine,0,2026-09-19T07:02:36.838687+00:00
PKGL-00001,2026-09-08T13:00:00+00:00,0.0,JAXA GSMaP V8 operational / Google Earth Engine,0,2026-09-19T07:02:36.838687+00:00
PKGL-00001,2026-09-08T14:00:00+00:00,0.0,JAXA GSMaP V8 operational / Google Earth Engine,0,2026-09-19T07:02:36.838687+00:00
PKGL-00001,2026-09-08T15:00:00+00:00,0.0,JAXA GSMaP V8 operational / Google Earth Engine,0,2026-09-19T07:02:36.838687+00:00
PKGL-00001,2026-09-08T16:00:00+00:00,0.0,JAXA GSMaP V8 operational / Google Earth Engine,0,2026-09-19T07:02:36.838687+00:00
PKGL-00001,2026-09-08T17:00:00+00:00,0.0,JAXA GSMaP V8 operational / Google Earth Engine,0,2026-09-19T07:02:36.838687+00:00
PKGL-00001,2026-09-08T18:00:00+00:00,0.0,JAXA GSMaP V8 operational / Google Earth Engine,0,2026-09-19T07:02:36.838687+00:00
PKGL-00001,2026-09-08T19:00:00+00:00,0.0,JAXA GSMaP V8 operational / Google Earth Engine,0,2026-09-19T07:02:36.838687+00:00
PKGL-00001,2026-09-08T20:00:00+00:00,0.0,JAXA GSMaP V8 operational / Google Earth Engine,0,2026-09-19T07:02:36.838687+00:00
PKGL-00001,2026-09-08T21:00:00+00:00,0.0,JAXA GSMaP V8 operational / Google Earth Engine,0,2026-09-19T07:02:36.838687+00:00
PKGL-00001,2026-09-08T22:00:00+00:00,0.0,JAXA GSMaP V8 operational / Google Earth Engine,0,2026-09-19T07:02:36.838687+00:00
PKGL-00001,2026-09-08T23:00:00+00:00,0.0,JAXA GSMaP V8 operational / Google Earth Engine,0,2026-09-19T07:02:36.838687+00:00
PKGL-00001,2026-09-09T00:00:00+00:00,0.0,JAXA GSMaP V8 operational / Google Earth Engine,0,2026-09-19T07:02:36.838687+00:00
PKGL-00001,2026-09-09T01:00:00+00:00,0.0,JAXA GSMaP V8 operational / Google Earth Engine,0,2026-09-19T07:02:36.838687+00:00
PKGL-00001,2026-09-09T02:00:00+00:00,0.0,JAXA GSMaP V8 operational / Google Earth Engine,0,2026-09-19T07:02:36.838687+00:00
PKGL-00001,2026-09-09T03:00:00+00:00,0.0,JAXA GSMaP V8 operational / Google Earth Engine,0,2026-09-19T07:02:36.838687+00:00
PKGL-00001,2026-09-09T04:00:00+00:00,0.0,JAXA GSMaP V8 operational / Google Earth Engine,0,2026-09-19T07:02:36.838687+00:00
PKGL-00001,2026-09-09T05:00:00+00:00,0.0,JAXA GSMaP V8 operational / Google Earth Engine,0,2026-09-19T07:02:36.838687+00:00
PKGL-00001,2026-09-09T06:00:00+00:00,0.0,JAXA GSMaP V8 operational / Google Earth Engine,0,2026-09-19T07:02:36.838687+00:00
PKGL-00001,2026-09-09T07:00:00+00:00,0.0,JAXA GSMaP V8 operational / Google Earth Engine,0,2026-09-19T07:02:36.838687+00:00
PKGL-00001,2026-09-09T08:00:00+00:00,0.0,JAXA GSMaP V8 operational / Google Earth Engine,0,2026-09-19T07:02:36.838687+00:00
PKGL-00001,2026-09-09T09:00:00+00:00,0.0,JAXA GSMaP V8 operational / Google Earth Engine,0,2026-09-19T07:02:36.838687+00:00
PKGL-00001,2026-09-09T10:00:00+00:00,0.0,JAXA GSMaP V8 operational / Google Earth Engine,0,2026-09-19T07:02:36.838687+00:00
PKGL-00001,2026-09-09T11:00:00+00:00,0.0,JAXA GSMaP V8 operational / Google Earth Engine,0,2026-09-19T07:02:36.838687+00:00
PKGL-00001,2026-09-09T12:00:00+00:00,0.0,JAXA GSMaP V8 operational / Google Earth Engine,0,2026-09-19T07:02:36.838687+00:00
PKGL-00001,2026-09-09T13:00:00+00:00,0.0,JAXA GSMaP V8 operational / Google Earth Engine,0,2026-09-19T07:02:36.838687+00:00
PKGL-00001,2026-09-09T14:00:00+00:00,0.0,JAXA GSMaP V8 operational / Google Earth Engine,0,2026-09-19T07:02:36.838687+00:00
PKGL-00001,2026-09-09T15:00:00+00:00,0.0,JAXA GSMaP V8 operational / Google Earth Engine,0,2026-09-19T07:02:36.838687+00:00
PKGL-00001,2026-09-09T16:00:00+00:00,0.0,JAXA GSMaP V8 operational / Google Earth Engine,0,2026-09-19T07:02:36.838687+00:00
PKGL-00001,2026-09-09T17:00:00+00:00,0.0,JAXA GSMaP V8 operational / Google Earth Engine,0,2026-09-19T07:02:36.838687+00:00
PKGL-00001,2026-09-09T18:00:00+00:00,0.0,JAXA GSMaP V8 operational / Google Earth Engine,0,2026-09-19T07:02:36.838687+00:00
PKGL-00001,2026-09-09T19:00:00+00:00,0.0,JAXA GSMaP V8 operational / Google Earth Engine,0,2026-09-19T07:02:36.838687+00:00
PKGL-00001,2026-09-09T20:00:00+00:00,0.0,JAXA GSMaP V8 operational / Google Earth Engine,0,2026-09-19T07:02:36.838687+00:00
PKGL-00001,2026-09-09T21:00:00+00:00,0.0,JAXA GSMaP V8 operational / Google Earth Engine,0,2026-09-19T07:02:36.838687+00:00
PKGL-00001,2026-09-09T22:00:00+00:00,0.0,JAXA GSMaP V8 operational / Google Earth Engine,0,2026-09-19T07:02:36.838687+00:00
PKGL-00001,2026-09-09T23:00:00+00:00,0.0,JAXA GSMaP V8 operational / Google Earth Engine,0,2026-09-19T07:02:36.838687+00:00
PKGL-00001,2026-09-10T00:00:00+00:00,0.0,JAXA GSMaP V8 operational / Google Earth Engine,0,2026-09-19T07:02:36.838687+00:00
PKGL-00001,2026-09-10T01:00:00+00:00,0.0,JAXA GSMaP V8 operational / Google Earth Engine,0,2026-09-19T07:02:36.838687+00:00
PKGL-00001,2026-09-10T02:00:00+00:00,0.0,JAXA GSMaP V8 operational / Google Earth Engine,0,2026-09-19T07:02:36.838687+00:00
PKGL-00001,2026-09-10T03:00:00+00:00,0.0,JAXA GSMaP V8 operational / Google Earth Engine,0,2026-09-19T07:02:36.838687+00:00
PKGL-00001,2026-09-10T04:00:00+00:00,0.0,JAXA GSMaP V8 operational / Google Earth Engine,0,2026-09-19T07:02:36.838687+00:00
PKGL-00001,2026-09-10T05:00:00+00:00,0.0,JAXA GSMaP V8 operational / Google Earth Engine,0,2026-09-19T07:02:36.838687+00:00
PKGL-00001,2026-09-10T06:00:00+00:00,0.0,JAXA GSMaP V8 operational / Google Earth Engine,0,2026-09-19T07:02:36.838687+00:00
PKGL-00001,2026-09-10T07:00:00+00:00,0.0,JAXA GSMaP V8 operational / Google Earth Engine,0,2026-09-19T07:02:36.838687+00:00
PKGL-00001,2026-09-10T08:00:00+00:00,0.0,JAXA GSMaP V8 operational / Google Earth Engine,0,2026-09-19T07:02:36.838687+00:00
PKGL-00001,2026-09-10T09:00:00+00:00,0.0,JAXA GSMaP V8 operational / Google Earth Engine,0,2026-09-19T07:02:36.838687+00:00
PKGL-00001,2026-09-10T10:00:00+00:00,0.0,JAXA GSMaP V8 operational / Google Earth Engine,0,2026-09-19T07:02:36.838687+00:00
PKGL-00001,2026-09-10T11:00:00+00:00,0.0,JAXA GSMaP V8 operational / Google Earth Engine,0,2026-09-19T07:02:36.838687+00:00
PKGL-00001,2026-09-10T12:00:00+00:00,0.0,JAXA GSMaP V8 operational / Google Earth Engine,0,2026-09-19T07:02:36.838687+00:00
PKGL-00001,2026-09-10T13:00:00+00:00,0.0,JAXA GSMaP V8 operational / Google Earth Engine,0,2026-09-19T07:02:36.838687+00:00
PKGL-00001,2026-09-10T14:00:00+00:00,0.0,JAXA GSMaP V8 operational / Google Earth Engine,0,2026-09-19T07:02:36.838687+00:00
PKGL-00001,2026-09-10T15:00:00+00:00,0.0,JAXA GSMaP V8 operational / Google Earth Engine,0,2026-09-19T07:02:36.838687+00:00
PKGL-00001,2026-09-10T16:00:00+00:00,0.0,JAXA GSMaP V8 operational / Google Earth Engine,0,2026-09-19T07:02:36.838687+00:00
PKGL-00001,2026-09-10T17:00:00+00:00,0.0,JAXA GSMaP V8 operational / Google Earth Engine,0,2026-09-19T07:02:36.838687+00:00
PKGL-00001,2026-09-10T18:00:00+00:00,0.0,JAXA GSMaP V8 operational / Google Earth Engine,0,2026-09-19T07:02:36.838687+00:00
PKGL-00001,2026-09-10T19:00:00+00:00,0.0,JAXA GSMaP V8 operational / Google Earth Engine,0,2026-09-19T07:02:36.838687+00:00
PKGL-00001,2026-09-10T20:00:00+00:00,0.0,JAXA GSMaP V8 operational / Google Earth Engine,0,2026-09-19T07:02:36.838687+00:00
PKGL-00001,2026-09-10T21:00:00+00:00,0.0,JAXA GSMaP V8 operational / Google Earth Engine,0,2026-09-19T07:02:36.838687+00:00
PKGL-00001,2026-09-10T22:00:00+00:00,0.0,JAXA GSMaP V8 operational / Google Earth Engine,0,2026-09-19T07:02:36.838687+00:00
PKGL-00001,2026-09-10T23:00:00+00:00,0.0,JAXA GSMaP V8 operational / Google Earth Engine,0,2026-09-19T07:02:36.838687+00:00
PKGL-00001,2026-09-11T00:00:00+00:00,0.0,JAXA GSMaP V8 operational / Google Earth Engine,0,2026-09-19T07:02:36.838687+00:00
PKGL-00001,2026-09-11T01:00:00+00:00,0.0,JAXA GSMaP V8 operational / Google Earth Engine,0,2026-09-19T07:02:36.838687+00:00
PKGL-00001,2026-09-11T02:00:00+00:00,0.0,JAXA GSMaP V8 operational / Google Earth Engine,0,2026-09-19T07:02:36.838687+00:00
PKGL-00001,2026-09-11T03:00:00+00:00,0.0,JAXA GSMaP V8 operational / Google Earth Engine,0,2026-09-19T07:02:36.838687+00:00
PKGL-00001,2026-09-11T04:00:00+00:00,0.0,JAXA GSMaP V8 operational / Google Earth Engine,0,2026-09-19T07:02:36.838687+00:00
PKGL-00001,2026-09-11T05:00:00+00:00,0.0,JAXA GSMaP V8 operational / Google Earth Engine,0,2026-09-19T07:02:36.838687+00:00
PKGL-00001,2026-09-11T06:00:00+00:00,0.0,JAXA GSMaP V8 operational / Google Earth Engine,0,2026-09-19T07:02:36.838687+00:00
PKGL-00001,2026-09-11T07:00:00+00:00,0.0,JAXA GSMaP V8 operational / Google Earth Engine,0,2026-09-19T07:02:36.838687+00:00
PKGL-00001,2026-09-11T08:00:00+00:00,0.0,JAXA GSMaP V8 operational / Google Earth Engine,0,2026-09-19T07:02:36.838687+00:00
PKGL-00001,2026-09-11T09:00:00+00:00,0.0,JAXA GSMaP V8 operational / Google Earth Engine,0,2026-09-19T07:02:36.838687+00:00
PKGL-00001,2026-09-11T10:00:00+00:00,0.0,JAXA GSMaP V8 operational / Google Earth Engine,0,2026-09-19T07:02:36.838687+00:00
PKGL-00001,2026-09-11T11:00:00+00:00,0.0,JAXA GSMaP V8 operational / Google Earth Engine,0,2026-09-19T07:02:36.838687+00:00
PKGL-00001,2026-09-11T12:00:00+00:00,0.0,JAXA GSMaP V8 operational / Google Earth Engine,0,2026-09-19T07:02:36.838687+00:00
PKGL-00001,2026-09-11T13:00:00+00:00,0.0,JAXA GSMaP V8 operational / Google Earth Engine,0,2026-09-19T07:02:36.838687+00:00
PKGL-00001,2026-09-11T14:00:00+00:00,0.27383479475975037,JAXA GSMaP V8 operational / Google Earth Engine,0,2026-09-19T07:02:36.838687+00:00
PKGL-00001,2026-09-11T15:00:00+00:00,0.6020940542221069,JAXA GSMaP V8 operational / Google Earth Engine,0,2026-09-19T07:02:36.838687+00:00
PKGL-00001,2026-09-11T16:00:00+00:00,1.088977336883545,JAXA GSMaP V8 operational / Google Earth Engine,0,2026-09-19T07:02:36.838687+00:00
PKGL-00001,2026-09-11T17:00:00+00:00,1.54452383518219,JAXA GSMaP V8 operational / Google Earth Engine,0,2026-09-19T07:02:36.838687+00:00
PKGL-00001,2026-09-11T18:00:00+00:00,1.1914937496185303,JAXA GSMaP V8 operational / Google Earth Engine,0,2026-09-19T07:02:36.838687+00:00
PKGL-00001,2026-09-11T19:00:00+00:00,0.7690847516059875,JAXA GSMaP V8 operational / Google Earth Engine,0,2026-09-19T07:02:36.838687+00:00
PKGL-00001,2026-09-11T20:00:00+00:00,0.43972378969192505,JAXA GSMaP V8 operational / Google Earth Engine,0,2026-09-19T07:02:36.838687+00:00
PKGL-00001,2026-09-11T21:00:00+00:00,0.146147221326828,JAXA GSMaP V8 operational / Google Earth Engine,0,2026-09-19T07:02:36.838687+00:00
PKGL-00001,2026-09-11T22:00:00+00:00,0.0,JAXA GSMaP V8 operational / Google Earth Engine,0,2026-09-19T07:02:36.838687+00:00
PKGL-00001,2026-09-11T23:00:00+00:00,0.0,JAXA GSMaP V8 operational / Google Earth Engine,0,2026-09-19T07:02:36.838687+00:00
PKGL-00001,2026-09-12T00:00:00+00:00,0.0,JAXA GSMaP V8 operational / Google Earth Engine,0,2026-09-19T07:02:36.838687+00:00
PKGL-00001,2026-09-12T01:00:00+00:00,0.0,JAXA GSMaP V8 operational / Google Earth Engine,0,2026-09-19T07:02:36.838687+00:00
PKGL-00001,2026-09-12T02:00:00+00:00,0.0,JAXA GSMaP V8 operational / Google Earth Engine,0,2026-09-19T07:02:36.838687+00:00
PKGL-00001,2026-09-12T03:00:00+00:00,0.0,JAXA GSMaP V8 operational / Google Earth Engine,0,2026-09-19T07:02:36.838687+00:00
PKGL-00001,2026-09-12T04:00:00+00:00,0.0,JAXA GSMaP V8 operational / Google Earth Engine,0,2026-09-19T07:02:36.838687+00:00
PKGL-00001,2026-09-12T05:00:00+00:00,0.0,JAXA GSMaP V8 operational / Google Earth Engine,0,2026-09-19T07:02:36.838687+00:00
PKGL-00001,2026-09-12T06:00:00+00:00,0.0,JAXA GSMaP V8 operational / Google Earth Engine,0,2026-09-19T07:02:36.838687+00:00
PKGL-00001,2026-09-12T07:00:00+00:00,0.0,JAXA GSMaP V8 operational / Google Earth Engine,0,2026-09-19T07:02:36.838687+00:00
PKGL-00001,2026-09-12T08:00:00+00:00,0.0,JAXA GSMaP V8 operational / Google Earth Engine,0,2026-09-19T07:02:36.838687+00:00
PKGL-00001,2026-09-12T09:00:00+00:00,0.0,JAXA GSMaP V8 operational / Google Earth Engine,0,2026-09-19T07:02:36.838687+00:00
PKGL-00001,2026-09-12T10:00:00+00:00,0.0,JAXA GSMaP V8 operational / Google Earth Engine,0,2026-09-19T07:02:36.838687+00:00
PKGL-00001,2026-09-12T11:00:00+00:00,0.0,JAXA GSMaP V8 operational / Google Earth Engine,0,2026-09-19T07:02:36.838687+00:00
PKGL-00001,2026-09-12T12:00:00+00:00,0.0,JAXA GSMaP V8 operational / Google Earth Engine,0,2026-09-19T07:02:36.838687+00:00
PKGL-00001,2026-09-12T13:00:00+00:00,0.0,JAXA GSMaP V8 operational / Google Earth Engine,0,2026-09-19T07:02:36.838687+00:00
PKGL-00001,2026-09-12T14:00:00+00:00,0.0,JAXA GSMaP V8 operational / Google Earth Engine,0,2026-09-19T07:02:36.838687+00:00
PKGL-00001,2026-09-12T15:00:00+00:00,0.0,JAXA GSMaP V8 operational / Google Earth Engine,0,2026-09-19T07:02:36.838687+00:00
PKGL-00001,2026-09-12T16:00:00+00:00,0.0,JAXA GSMaP V8 operational / Google Earth Engine,0,2026-09-19T07:02:36.838687+00:00
PKGL-00001,2026-09-12T17:00:00+00:00,0.0,JAXA GSMaP V8 operational / Google Earth Engine,0,2026-09-19T07:02:36.838687+00:00
PKGL-00001,2026-09-12T18:00:00+00:00,0.0,JAXA GSMaP V8 operational / Google Earth Engine,0,2026-09-19T07:02:36.838687+00:00
PKGL-00001,2026-09-12T19:00:00+00:00,0.0,JAXA GSMaP V8 operational / Google Earth Engine,0,2026-09-19T07:02:36.838687+00:00
PKGL-00001,2026-09-12T20:00:00+00:00,0.0,JAXA GSMaP V8 operational / Google Earth Engine,0,2026-09-19T07:02:36.838687+00:00
PKGL-00001,2026-09-12T21:00:00+00:00,0.0,JAXA GSMaP V8 operational / Google Earth Engine,0,2026-09-19T07:02:36.838687+00:00
PKGL-00001,2026-09-12T22:00:00+00:00,0.0,JAXA GSMaP V8 operational / Google Earth Engine,0,2026-09-19T07:02:36.838687+00:00
PKGL-00001,2026-09-12T23:00:00+00:00,0.0,JAXA GSMaP V8 operational / Google Earth Engine,0,2026-09-19T07:02:36.838687+00:00
PKGL-00001,2026-09-13T00:00:00+00:00,0.0,JAXA GSMaP V8 operational / Google Earth Engine,0,2026-09-19T07:02:36.838687+00:00
PKGL-00001,2026-09-13T01:00:00+00:00,0.0,JAXA GSMaP V8 operational / Google Earth Engine,0,2026-09-19T07:02:36.838687+00:00
PKGL-00001,2026-09-13T02:00:00+00:00,0.0,JAXA GSMaP V8 operational / Google Earth Engine,0,2026-09-19T07:02:36.838687+00:00
PKGL-00001,2026-09-13T03:00:00+00:00,0.0,JAXA GSMaP V8 operational / Google Earth Engine,0,2026-09-19T07:02:36.838687+00:00
PKGL-00001,2026-09-13T04:00:00+00:00,0.0,JAXA GSMaP V8 operational / Google Earth Engine,0,2026-09-19T07:02:36.838687+00:00
PKGL-00001,2026-09-13T05:00:00+00:00,0.0,JAXA GSMaP V8 operational / Google Earth Engine,0,2026-09-19T07:02:36.838687+00:00
PKGL-00001,2026-09-13T06:00:00+00:00,0.0,JAXA GSMaP V8 operational / Google Earth Engine,0,2026-09-19T07:02:36.838687+00:00
PKGL-00001,2026-09-13T07:00:00+00:00,0.4121759235858917,JAXA GSMaP V8 operational / Google Earth Engine,0,2026-09-19T07:02:36.838687+00:00
PKGL-00001,2026-09-13T08:00:00+00:00,0.3554075360298157,JAXA GSMaP V8 operational / Google Earth Engine,0,2026-09-19T07:02:36.838687+00:00
PKGL-00001,2026-09-13T09:00:00+00:00,0.13193155825138092,JAXA GSMaP V8 operational / Google Earth Engine,0,2026-09-19T07:02:36.838687+00:00
PKGL-00001,2026-09-13T10:00:00+00:00,0.0,JAXA GSMaP V8 operational / Google Earth Engine,0,2026-09-19T07:02:36.838687+00:00
PKGL-00001,2026-09-13T11:00:00+00:00,0.0,JAXA GSMaP V8 operational / Google Earth Engine,0,2026-09-19T07:02:36.838687+00:00
PKGL-00001,2026-09-13T12:00:00+00:00,0.0,JAXA GSMaP V8 operational / Google Earth Engine,0,2026-09-19T07:02:36.838687+00:00
PKGL-00001,2026-09-13T13:00:00+00:00,0.0,JAXA GSMaP V8 operational / Google Earth Engine,0,2026-09-19T07:02:36.838687+00:00
PKGL-00001,2026-09-13T14:00:00+00:00,0.0,JAXA GSMaP V8 operational / Google Earth Engine,0,2026-09-19T07:02:36.838687+00:00
PKGL-00001,2026-09-13T15:00:00+00:00,0.0,JAXA GSMaP V8 operational / Google Earth Engine,0,2026-09-19T07:02:36.838687+00:00
PKGL-00001,2026-09-13T16:00:00+00:00,0.0,JAXA GSMaP V8 operational / Google Earth Engine,0,2026-09-19T07:02:36.838687+00:00
PKGL-00001,2026-09-13T17:00:00+00:00,0.0,JAXA GSMaP V8 operational / Google Earth Engine,0,2026-09-19T07:02:36.838687+00:00
PKGL-00001,2026-09-13T18:00:00+00:00,0.0,JAXA GSMaP V8 operational / Google Earth Engine,0,2026-09-19T07:02:36.838687+00:00
PKGL-00001,2026-09-13T19:00:00+00:00,0.0,JAXA GSMaP V8 operational / Google Earth Engine,0,2026-09-19T07:02:36.838687+00:00
PKGL-00001,2026-09-13T20:00:00+00:00,0.0,JAXA GSMaP V8 operational / Google Earth Engine,0,2026-09-19T07:02:36.838687+00:00
PKGL-00001,2026-09-13T21:00:00+00:00,0.0,JAXA GSMaP V8 operational / Google Earth Engine,0,2026-09-19T07:02:36.838687+00:00
PKGL-00001,2026-09-13T22:00:00+00:00,0.0,JAXA GSMaP V8 operational / Google Earth Engine,0,2026-09-19T07:02:36.838687+00:00
PKGL-00001,2026-09-13T23:00:00+00:00,0.0,JAXA GSMaP V8 operational / Google Earth Engine,0,2026-09-19T07:02:36.838687+00:00
PKGL-00001,2026-09-14T00:00:00+00:00,0.0,JAXA GSMaP V8 operational / Google Earth Engine,0,2026-09-19T07:02:36.838687+00:00
PKGL-00001,2026-09-14T01:00:00+00:00,0.0,JAXA GSMaP V8 operational / Google Earth Engine,0,2026-09-19T07:02:36.838687+00:00
PKGL-00001,2026-09-14T02:00:00+00:00,0.0,JAXA GSMaP V8 operational / Google Earth Engine,0,2026-09-19T07:02:36.838687+00:00
PKGL-00001,2026-09-14T03:00:00+00:00,0.0,JAXA GSMaP V8 operational / Google Earth Engine,0,2026-09-19T07:02:36.838687+00:00
PKGL-00001,2026-09-14T04:00:00+00:00,0.0,JAXA GSMaP V8 operational / Google Earth Engine,0,2026-09-19T07:02:36.838687+00:00
PKGL-00001,2026-09-14T05:00:00+00:00,0.0,JAXA GSMaP V8 operational / Google Earth Engine,0,2026-09-19T07:02:36.838687+00:00
PKGL-00001,2026-09-14T06:00:00+00:00,0.0,JAXA GSMaP V8 operational / Google Earth Engine,0,2026-09-19T07:02:36.838687+00:00
PKGL-00001,2026-09-14T07:00:00+00:00,0.0,JAXA GSMaP V8 operational / Google Earth Engine,0,2026-09-19T07:02:36.838687+00:00
PKGL-00001,2026-09-14T08:00:00+00:00,0.0,JAXA GSMaP V8 operational / Google Earth Engine,0,2026-09-19T07:02:36.838687+00:00
PKGL-00001,2026-09-14T09:00:00+00:00,0.0,JAXA GSMaP V8 operational / Google Earth Engine,0,2026-09-19T07:02:36.838687+00:00
PKGL-00001,2026-09-14T10:00:00+00:00,0.0,JAXA GSMaP V8 operational / Google Earth Engine,0,2026-09-19T07:02:36.838687+00:00
PKGL-00001,2026-09-14T11:00:00+00:00,0.0,JAXA GSMaP V8 operational / Google Earth Engine,0,2026-09-19T07:02:36.838687+00:00
PKGL-00001,2026-09-14T12:00:00+00:00,0.0,JAXA GSMaP V8 operational / Google Earth Engine,0,2026-09-19T07:02:36.838687+00:00
PKGL-00001,2026-09-14T13:00:00+00:00,0.10798721015453339,JAXA GSMaP V8 operational / Google Earth Engine,0,2026-09-19T07:02:36.838687+00:00
PKGL-00001,2026-09-14T14:00:00+00:00,0.1851215660572052,JAXA GSMaP V8 operational / Google Earth Engine,0,2026-09-19T07:02:36.838687+00:00
PKGL-00001,2026-09-14T15:00:00+00:00,0.2113121598958969,JAXA GSMaP V8 operational / Google Earth Engine,0,2026-09-19T07:02:36.838687+00:00
PKGL-00001,2026-09-14T16:00:00+00:00,0.24203719198703766,JAXA GSMaP V8 operational / Google Earth Engine,0,2026-09-19T07:02:36.838687+00:00
PKGL-00001,2026-09-14T17:00:00+00:00,0.1354810893535614,JAXA GSMaP V8 operational / Google Earth Engine,0,2026-09-19T07:02:36.838687+00:00
PKGL-00001,2026-09-14T18:00:00+00:00,0.0,JAXA GSMaP V8 operational / Google Earth Engine,0,2026-09-19T07:02:36.838687+00:00
PKGL-00001,2026-09-14T19:00:00+00:00,0.0,JAXA GSMaP V8 operational / Google Earth Engine,0,2026-09-19T07:02:36.838687+00:00
PKGL-00001,2026-09-14T20:00:00+00:00,0.0,JAXA GSMaP V8 operational / Google Earth Engine,0,2026-09-19T07:02:36.838687+00:00
PKGL-00001,2026-09-14T21:00:00+00:00,0.0,JAXA GSMaP V8 operational / Google Earth Engine,0,2026-09-19T07:02:36.838687+00:00
PKGL-00001,2026-09-14T22:00:00+00:00,0.0,JAXA GSMaP V8 operational / Google Earth Engine,0,2026-09-19T07:02:36.838687+00:00
PKGL-00001,2026-09-14T23:00:00+00:00,0.0,JAXA GSMaP V8 operational / Google Earth Engine,0,2026-09-19T07:02:36.838687+00:00
PKGL-00001,2026-09-15T00:00:00+00:00,0.0,JAXA GSMaP V8 operational / Google Earth Engine,0,2026-09-19T07:02:36.838687+00:00
PKGL-00001,2026-09-15T01:00:00+00:00,0.0,JAXA GSMaP V8 operational / Google Earth Engine,0,2026-09-19T07:02:36.838687+00:00
PKGL-00001,2026-09-15T02:00:00+00:00,0.0,JAXA GSMaP V8 operational / Google Earth Engine,0,2026-09-19T07:02:36.838687+00:00
PKGL-00001,2026-09-15T03:00:00+00:00,0.0,JAXA GSMaP V8 operational / Google Earth Engine,0,2026-09-19T07:02:36.838687+00:00
PKGL-00001,2026-09-15T04:00:00+00:00,0.0,JAXA GSMaP V8 operational / Google Earth Engine,0,2026-09-19T07:02:36.838687+00:00
PKGL-00001,2026-09-15T05:00:00+00:00,0.0,JAXA GSMaP V8 operational / Google Earth Engine,0,2026-09-19T07:02:36.838687+00:00
PKGL-00001,2026-09-15T06:00:00+00:00,0.0,JAXA GSMaP V8 operational / Google Earth Engine,0,2026-09-19T07:02:36.838687+00:00
PKGL-00001,2026-09-15T07:00:00+00:00,0.27849459648132324,JAXA GSMaP V8 operational / Google Earth Engine,0,2026-09-19T07:02:36.838687+00:00
PKGL-00001,2026-09-15T08:00:00+00:00,0.3613058626651764,JAXA GSMaP V8 operational / Google Earth Engine,0,2026-09-19T07:02:36.838687+00:00
PKGL-00001,2026-09-15T09:00:00+00:00,0.0,JAXA GSMaP V8 operational / Google Earth Engine,0,2026-09-19T07:02:36.838687+00:00
PKGL-00001,2026-09-15T10:00:00+00:00,0.0,JAXA GSMaP V8 operational / Google Earth Engine,0,2026-09-19T07:02:36.838687+00:00
PKGL-00001,2026-09-15T11:00:00+00:00,0.0,JAXA GSMaP V8 operational / Google Earth Engine,0,2026-09-19T07:02:36.838687+00:00
PKGL-00001,2026-09-15T12:00:00+00:00,0.0,JAXA GSMaP V8 operational / Google Earth Engine,0,2026-09-19T07:02:36.838687+00:00
PKGL-00001,2026-09-15T13:00:00+00:00,0.0,JAXA GSMaP V8 operational / Google Earth Engine,0,2026-09-19T07:02:36.838687+00:00
PKGL-00001,2026-09-15T14:00:00+00:00,0.0,JAXA GSMaP V8 operational / Google Earth Engine,0,2026-09-19T07:02:36.838687+00:00
PKGL-00001,2026-09-15T15:00:00+00:00,0.1191328763961792,JAXA GSMaP V8 operational / Google Earth Engine,0,2026-09-19T07:02:36.838687+00:00
PKGL-00001,2026-09-15T16:00:00+00:00,0.12284345179796219,JAXA GSMaP V8 operational / Google Earth Engine,0,2026-09-19T07:02:36.838687+00:00
PKGL-00001,2026-09-15T17:00:00+00:00,0.0,JAXA GSMaP V8 operational / Google Earth Engine,0,2026-09-19T07:02:36.838687+00:00
PKGL-00001,2026-09-15T18:00:00+00:00,0.0,JAXA GSMaP V8 operational / Google Earth Engine,0,2026-09-19T07:02:36.838687+00:00
PKGL-00001,2026-09-15T19:00:00+00:00,0.0,JAXA GSMaP V8 operational / Google Earth Engine,0,2026-09-19T07:02:36.838687+00:00
PKGL-00001,2026-09-15T20:00:00+00:00,0.0,JAXA GSMaP V8 operational / Google Earth Engine,0,2026-09-19T07:02:36.838687+00:00
PKGL-00001,2026-09-15T21:00:00+00:00,0.0,JAXA GSMaP V8 operational / Google Earth Engine,0,2026-09-19T07:02:36.838687+00:00
PKGL-00001,2026-09-15T22:00:00+00:00,0.0,JAXA GSMaP V8 operational / Google Earth Engine,0,2026-09-19T07:02:36.838687+00:00
PKGL-00001,2026-09-15T23:00:00+00:00,0.0,JAXA GSMaP V8 operational / Google Earth Engine,0,2026-09-19T07:02:36.838687+00:00
PKGL-00001,2026-09-16T00:00:00+00:00,0.0,JAXA GSMaP V8 operational / Google Earth Engine,0,2026-09-19T07:02:36.838687+00:00
PKGL-00001,2026-09-16T01:00:00+00:00,0.0,JAXA GSMaP V8 operational / Google Earth Engine,0,2026-09-19T07:02:36.838687+00:00
PKGL-00001,2026-09-16T02:00:00+00:00,0.0,JAXA GSMaP V8 operational / Google Earth Engine,0,2026-09-19T07:02:36.838687+00:00
PKGL-00001,2026-09-16T03:00:00+00:00,0.0,JAXA GSMaP V8 operational / Google Earth Engine,0,2026-09-19T07:02:36.838687+00:00
PKGL-00001,2026-09-16T04:00:00+00:00,0.0,JAXA GSMaP V8 operational / Google Earth Engine,0,2026-09-19T07:02:36.838687+00:00
PKGL-00001,2026-09-16T05:00:00+00:00,0.0,JAXA GSMaP V8 operational / Google Earth Engine,0,2026-09-19T07:02:36.838687+00:00
PKGL-00001,2026-09-16T06:00:00+00:00,0.0,JAXA GSMaP V8 operational / Google Earth Engine,0,2026-09-19T07:02:36.838687+00:00
PKGL-00001,2026-09-16T07:00:00+00:00,0.0,JAXA GSMaP V8 operational / Google Earth Engine,0,2026-09-19T07:02:36.838687+00:00
PKGL-00001,2026-09-16T08:00:00+00:00,0.0,JAXA GSMaP V8 operational / Google Earth Engine,0,2026-09-19T07:02:36.838687+00:00
PKGL-00001,2026-09-16T09:00:00+00:00,0.0,JAXA GSMaP V8 operational / Google Earth Engine,0,2026-09-19T07:02:36.838687+00:00
PKGL-00001,2026-09-16T10:00:00+00:00,0.0,JAXA GSMaP V8 operational / Google Earth Engine,0,2026-09-19T07:02:36.838687+00:00
PKGL-00001,2026-09-16T11:00:00+00:00,0.0,JAXA GSMaP V8 operational / Google Earth Engine,0,2026-09-19T07:02:36.838687+00:00
PKGL-00001,2026-09-16T12:00:00+00:00,0.0,JAXA GSMaP V8 operational / Google Earth Engine,0,2026-09-19T07:02:36.838687+00:00
PKGL-00001,2026-09-16T13:00:00+00:00,0.0,JAXA GSMaP V8 operational / Google Earth Engine,0,2026-09-19T07:02:36.838687+00:00
PKGL-00001,2026-09-16T14:00:00+00:00,0.0,JAXA GSMaP V8 operational / Google Earth Engine,0,2026-09-19T07:02:36.838687+00:00
PKGL-00001,2026-09-16T15:00:00+00:00,0.5448166131973267,JAXA GSMaP V8 operational / Google Earth Engine,0,2026-09-19T07:02:36.838687+00:00
PKGL-00001,2026-09-16T16:00:00+00:00,1.5315849781036377,JAXA GSMaP V8 operational / Google Earth Engine,0,2026-09-19T07:02:36.838687+00:00
PKGL-00001,2026-09-16T17:00:00+00:00,1.7781789302825928,JAXA GSMaP V8 operational / Google Earth Engine,0,2026-09-19T07:02:36.838687+00:00
PKGL-00001,2026-09-16T18:00:00+00:00,2.631408929824829,JAXA GSMaP V8 operational / Google Earth Engine,0,2026-09-19T07:02:36.838687+00:00
PKGL-00001,2026-09-16T19:00:00+00:00,1.055478811264038,JAXA GSMaP V8 operational / Google Earth Engine,0,2026-09-19T07:02:36.838687+00:00
PKGL-00001,2026-09-16T20:00:00+00:00,0.0,JAXA GSMaP V8 operational / Google Earth Engine,0,2026-09-19T07:02:36.838687+00:00
PKGL-00001,2026-09-16T21:00:00+00:00,0.0,JAXA GSMaP V8 operational / Google Earth Engine,0,2026-09-19T07:02:36.838687+00:00
PKGL-00001,2026-09-16T22:00:00+00:00,0.0,JAXA GSMaP V8 operational / Google Earth Engine,0,2026-09-19T07:02:36.838687+00:00
PKGL-00001,2026-09-16T23:00:00+00:00,0.0,JAXA GSMaP V8 operational / Google Earth Engine,0,2026-09-19T07:02:36.838687+00:00
PKGL-00001,2026-09-17T00:00:00+00:00,0.0,JAXA GSMaP V8 operational / Google Earth Engine,0,2026-09-19T07:02:36.838687+00:00
PKGL-00001,2026-09-17T01:00:00+00:00,0.0,JAXA GSMaP V8 operational / Google Earth Engine,0,2026-09-19T07:02:36.838687+00:00
PKGL-00001,2026-09-17T02:00:00+00:00,0.0,JAXA GSMaP V8 operational / Google Earth Engine,0,2026-09-19T07:02:36.838687+00:00
PKGL-00001,2026-09-17T03:00:00+00:00,0.0,JAXA GSMaP V8 operational / Google Earth Engine,0,2026-09-19T07:02:36.838687+00:00
PKGL-00001,2026-09-17T04:00:00+00:00,0.0,JAXA GSMaP V8 operational / Google Earth Engine,0,2026-09-19T07:02:36.838687+00:00
PKGL-00001,2026-09-17T05:00:00+00:00,0.0,JAXA GSMaP V8 operational / Google Earth Engine,0,2026-09-19T07:02:36.838687+00:00
PKGL-00001,2026-09-17T06:00:00+00:00,0.0,JAXA GSMaP V8 operational / Google Earth Engine,0,2026-09-19T07:02:36.838687+00:00
PKGL-00001,2026-09-17T07:00:00+00:00,0.0,JAXA GSMaP V8 operational / Google Earth Engine,0,2026-09-19T07:02:36.838687+00:00
PKGL-00001,2026-09-17T08:00:00+00:00,0.0,JAXA GSMaP V8 operational / Google Earth Engine,0,2026-09-19T07:02:36.838687+00:00
PKGL-00001,2026-09-17T09:00:00+00:00,0.0,JAXA GSMaP V8 operational / Google Earth Engine,0,2026-09-19T07:02:36.838687+00:00
PKGL-00001,2026-09-17T10:00:00+00:00,0.0,JAXA GSMaP V8 operational / Google Earth Engine,0,2026-09-19T07:02:36.838687+00:00
PKGL-00001,2026-09-17T11:00:00+00:00,0.0,JAXA GSMaP V8 operational / Google Earth Engine,0,2026-09-19T07:02:36.838687+00:00
PKGL-00001,2026-09-17T12:00:00+00:00,0.0,JAXA GSMaP V8 operational / Google Earth Engine,0,2026-09-19T07:02:36.838687+00:00
PKGL-00001,2026-09-17T13:00:00+00:00,0.0,JAXA GSMaP V8 operational / Google Earth Engine,0,2026-09-19T07:02:36.838687+00:00
PKGL-00001,2026-09-17T14:00:00+00:00,0.0,JAXA GSMaP V8 operational / Google Earth Engine,0,2026-09-19T07:02:36.838687+00:00
PKGL-00002,2026-08-20T08:00:00+00:00,0.16797247529029846,JAXA GSMaP V8 operational / Google Earth Engine,0,2026-09-19T07:02:49.407474+00:00
PKGL-00002,2026-08-20T09:00:00+00:00,0.22632092237472534,JAXA GSMaP V8 operational / Google Earth Engine,0,2026-09-19T07:02:49.407474+00:00
PKGL-00002,2026-08-20T10:00:00+00:00,0.2594364285469055,JAXA GSMaP V8 operational / Google Earth Engine,0,2026-09-19T07:02:49.407474+00:00
PKGL-00002,2026-08-20T11:00:00+00:00,0.23633870482444763,JAXA GSMaP V8 operational / Google Earth Engine,0,2026-09-19T07:02:49.407474+00:00
PKGL-00002,2026-08-20T12:00:00+00:00,0.2002648115158081,JAXA GSMaP V8 operational / Google Earth Engine,0,2026-09-19T07:02:49.407474+00:00
PKGL-00002,2026-08-20T13:00:00+00:00,0.16822832822799683,JAXA GSMaP V8 operational / Google Earth Engine,0,2026-09-19T07:02:49.407474+00:00
PKGL-00002,2026-08-20T14:00:00+00:00,0.13680841028690338,JAXA GSMaP V8 operational / Google Earth Engine,0,2026-09-19T07:02:49.407474+00:00
PKGL-00002,2026-08-20T15:00:00+00:00,0.0,JAXA GSMaP V8 operational / Google Earth Engine,0,2026-09-19T07:02:49.407474+00:00
PKGL-00002,2026-08-20T16:00:00+00:00,0.0,JAXA GSMaP V8 operational / Google Earth Engine,0,2026-09-19T07:02:49.407474+00:00
PKGL-00002,2026-08-20T17:00:00+00:00,0.0,JAXA GSMaP V8 operational / Google Earth Engine,0,2026-09-19T07:02:49.407474+00:00
PKGL-00002,2026-08-20T18:00:00+00:00,0.0,JAXA GSMaP V8 operational / Google Earth Engine,0,2026-09-19T07:02:49.407474+00:00
PKGL-00002,2026-08-20T19:00:00+00:00,0.0,JAXA GSMaP V8 operational / Google Earth Engine,0,2026-09-19T07:02:49.407474+00:00
PKGL-00002,2026-08-20T20:00:00+00:00,0.0,JAXA GSMaP V8 operational / Google Earth Engine,0,2026-09-19T07:02:49.407474+00:00
PKGL-00002,2026-08-20T21:00:00+00:00,0.0,JAXA GSMaP V8 operational / Google Earth Engine,0,2026-09-19T07:02:49.407474+00:00
PKGL-00002,2026-08-20T22:00:00+00:00,0.0,JAXA GSMaP V8 operational / Google Earth Engine,0,2026-09-19T07:02:49.407474+00:00
PKGL-00002,2026-08-20T23:00:00+00:00,0.0,JAXA GSMaP V8 operational / Google Earth Engine,0,2026-09-19T07:02:49.407474+00:00
PKGL-00002,2026-08-21T00:00:00+00:00,0.0,JAXA GSMaP V8 operational / Google Earth Engine,0,2026-09-19T07:02:49.407474+00:00
PKGL-00002,2026-08-21T01:00:00+00:00,0.0,JAXA GSMaP V8 operational / Google Earth Engine,0,2026-09-19T07:02:49.407474+00:00
PKGL-00002,2026-08-21T02:00:00+00:00,0.0,JAXA GSMaP V8 operational / Google Earth Engine,0,2026-09-19T07:02:49.407474+00:00
PKGL-00002,2026-08-21T03:00:00+00:00,0.0,JAXA GSMaP V8 operational / Google Earth Engine,0,2026-09-19T07:02:49.407474+00:00
PKGL-00002,2026-08-21T04:00:00+00:00,0.0,JAXA GSMaP V8 operational / Google Earth Engine,0,2026-09-19T07:02:49.407474+00:00
PKGL-00002,2026-08-21T05:00:00+00:00,0.0,JAXA GSMaP V8 operational / Google Earth Engine,0,2026-09-19T07:02:49.407474+00:00
PKGL-00002,2026-08-21T06:00:00+00:00,0.0,JAXA GSMaP V8 operational / Google Earth Engine,0,2026-09-19T07:02:49.407474+00:00
PKGL-00002,2026-08-21T07:00:00+00:00,0.0,JAXA GSMaP V8 operational / Google Earth Engine,0,2026-09-19T07:02:49.407474+00:00
PKGL-00002,2026-08-21T08:00:00+00:00,0.14013119041919708,JAXA GSMaP V8 operational / Google Earth Engine,0,2026-09-19T07:02:49.407474+00:00
PKGL-00002,2026-08-21T09:00:00+00:00,0.17216189205646515,JAXA GSMaP V8 operational / Google Earth Engine,0,2026-09-19T07:02:49.407474+00:00
PKGL-00002,2026-08-21T10:00:00+00:00,0.18171082437038422,JAXA GSMaP V8 operational / Google Earth Engine,0,2026-09-19T07:02:49.407474+00:00
PKGL-00002,2026-08-21T11:00:00+00:00,0.1778983175754547,JAXA GSMaP V8 operational / Google Earth Engine,0,2026-09-19T07:02:49.407474+00:00
PKGL-00002,2026-08-21T12:00:00+00:00,0.1904403120279312,JAXA GSMaP V8 operational / Google Earth Engine,0,2026-09-19T07:02:49.407474+00:00
PKGL-00002,2026-08-21T13:00:00+00:00,0.19618894159793854,JAXA GSMaP V8 operational / Google Earth Engine,0,2026-09-19T07:02:49.407474+00:00
PKGL-00002,2026-08-21T14:00:00+00:00,0.20354235172271729,JAXA GSMaP V8 operational / Google Earth Engine,0,2026-09-19T07:02:49.407474+00:00
PKGL-00002,2026-08-21T15:00:00+00:00,0.2143385261297226,JAXA GSMaP V8 operational / Google Earth Engine,0,2026-09-19T07:02:49.407474+00:00
PKGL-00002,2026-08-21T16:00:00+00:00,0.21460162103176117,JAXA GSMaP V8 operational / Google Earth Engine,0,2026-09-19T07:02:49.407474+00:00
PKGL-00002,2026-08-21T17:00:00+00:00,0.20841428637504578,JAXA GSMaP V8 operational / Google Earth Engine,0,2026-09-19T07:02:49.407474+00:00
PKGL-00002,2026-08-21T18:00:00+00:00,0.20515522360801697,JAXA GSMaP V8 operational / Google Earth Engine,0,2026-09-19T07:02:49.407474+00:00
PKGL-00002,2026-08-21T19:00:00+00:00,0.20134149491786957,JAXA GSMaP V8 operational / Google Earth Engine,0,2026-09-19T07:02:49.407474+00:00
PKGL-00002,2026-08-21T20:00:00+00:00,0.20559734106063843,JAXA GSMaP V8 operational / Google Earth Engine,0,2026-09-19T07:02:49.407474+00:00
PKGL-00002,2026-08-21T21:00:00+00:00,0.20930688083171844,JAXA GSMaP V8 operational / Google Earth Engine,0,2026-09-19T07:02:49.407474+00:00
PKGL-00002,2026-08-21T22:00:00+00:00,0.21714593470096588,JAXA GSMaP V8 operational / Google Earth Engine,0,2026-09-19T07:02:49.407474+00:00
PKGL-00002,2026-08-21T23:00:00+00:00,0.22531463205814362,JAXA GSMaP V8 operational / Google Earth Engine,0,2026-09-19T07:02:49.407474+00:00
PKGL-00002,2026-08-22T00:00:00+00:00,0.16984467208385468,JAXA GSMaP V8 operational / Google Earth Engine,0,2026-09-19T07:02:49.407474+00:00
PKGL-00002,2026-08-22T01:00:00+00:00,0.16551683843135834,JAXA GSMaP V8 operational / Google Earth Engine,0,2026-09-19T07:02:49.407474+00:00
PKGL-00002,2026-08-22T02:00:00+00:00,0.16590248048305511,JAXA GSMaP V8 operational / Google Earth Engine,0,2026-09-19T07:02:49.407474+00:00
PKGL-00002,2026-08-22T03:00:00+00:00,0.16958309710025787,JAXA GSMaP V8 operational / Google Earth Engine,0,2026-09-19T07:02:49.407474+00:00
PKGL-00002,2026-08-22T04:00:00+00:00,0.17829629778862,JAXA GSMaP V8 operational / Google Earth Engine,0,2026-09-19T07:02:49.407474+00:00
PKGL-00002,2026-08-22T05:00:00+00:00,0.1957690268754959,JAXA GSMaP V8 operational / Google Earth Engine,0,2026-09-19T07:02:49.407474+00:00
PKGL-00002,2026-08-22T06:00:00+00:00,0.0,JAXA GSMaP V8 operational / Google Earth Engine,0,2026-09-19T07:02:49.407474+00:00
PKGL-00002,2026-08-22T07:00:00+00:00,0.0,JAXA GSMaP V8 operational / Google Earth Engine,0,2026-09-19T07:02:49.407474+00:00
PKGL-00002,2026-08-22T08:00:00+00:00,0.16117040812969208,JAXA GSMaP V8 operational / Google Earth Engine,0,2026-09-19T07:02:49.407474+00:00
PKGL-00002,2026-08-22T09:00:00+00:00,0.0,JAXA GSMaP V8 operational / Google Earth Engine,0,2026-09-19T07:02:49.407474+00:00
PKGL-00002,2026-08-22T10:00:00+00:00,0.0,JAXA GSMaP V8 operational / Google Earth Engine,0,2026-09-19T07:02:49.407474+00:00
PKGL-00002,2026-08-22T11:00:00+00:00,0.0,JAXA GSMaP V8 operational / Google Earth Engine,0,2026-09-19T07:02:49.407474+00:00
PKGL-00002,2026-08-22T12:00:00+00:00,0.0,JAXA GSMaP V8 operational / Google Earth Engine,0,2026-09-19T07:02:49.407474+00:00
PKGL-00002,2026-08-22T13:00:00+00:00,0.0,JAXA GSMaP V8 operational / Google Earth Engine,0,2026-09-19T07:02:49.407474+00:00
PKGL-00002,2026-08-22T14:00:00+00:00,0.0,JAXA GSMaP V8 operational / Google Earth Engine,0,2026-09-19T07:02:49.407474+00:00
PKGL-00002,2026-08-22T15:00:00+00:00,0.0,JAXA GSMaP V8 operational / Google Earth Engine,0,2026-09-19T07:02:49.407474+00:00
PKGL-00002,2026-08-22T16:00:00+00:00,0.0,JAXA GSMaP V8 operational / Google Earth Engine,0,2026-09-19T07:02:49.407474+00:00
PKGL-00002,2026-08-22T17:00:00+00:00,0.0,JAXA GSMaP V8 operational / Google Earth Engine,0,2026-09-19T07:02:49.407474+00:00
PKGL-00002,2026-08-22T18:00:00+00:00,0.0,JAXA GSMaP V8 operational / Google Earth Engine,0,2026-09-19T07:02:49.407474+00:00
PKGL-00002,2026-08-22T19:00:00+00:00,0.1998528093099594,JAXA GSMaP V8 operational / Google Earth Engine,0,2026-09-19T07:02:49.407474+00:00
PKGL-00002,2026-08-22T20:00:00+00:00,0.4925871789455414,JAXA GSMaP V8 operational / Google Earth Engine,0,2026-09-19T07:02:49.407474+00:00
PKGL-00002,2026-08-22T21:00:00+00:00,0.9710738658905029,JAXA GSMaP V8 operational / Google Earth Engine,0,2026-09-19T07:02:49.407474+00:00
PKGL-00002,2026-08-22T22:00:00+00:00,1.2743804454803467,JAXA GSMaP V8 operational / Google Earth Engine,0,2026-09-19T07:02:49.407474+00:00
PKGL-00002,2026-08-22T23:00:00+00:00,1.2202882766723633,JAXA GSMaP V8 operational / Google Earth Engine,0,2026-09-19T07:02:49.407474+00:00
PKGL-00002,2026-08-23T00:00:00+00:00,1.074640154838562,JAXA GSMaP V8 operational / Google Earth Engine,0,2026-09-19T07:02:49.407474+00:00
PKGL-00002,2026-08-23T01:00:00+00:00,0.6634615659713745,JAXA GSMaP V8 operational / Google Earth Engine,0,2026-09-19T07:02:49.407474+00:00
PKGL-00002,2026-08-23T02:00:00+00:00,0.3248560428619385,JAXA GSMaP V8 operational / Google Earth Engine,0,2026-09-19T07:02:49.407474+00:00
PKGL-00002,2026-08-23T03:00:00+00:00,0.10444904118776321,JAXA GSMaP V8 operational / Google Earth Engine,0,2026-09-19T07:02:49.407474+00:00
PKGL-00002,2026-08-23T04:00:00+00:00,0.0,JAXA GSMaP V8 operational / Google Earth Engine,0,2026-09-19T07:02:49.407474+00:00
PKGL-00002,2026-08-23T05:00:00+00:00,0.0,JAXA GSMaP V8 operational / Google Earth Engine,0,2026-09-19T07:02:49.407474+00:00
PKGL-00002,2026-08-23T06:00:00+00:00,0.0,JAXA GSMaP V8 operational / Google Earth Engine,0,2026-09-19T07:02:49.407474+00:00
PKGL-00002,2026-08-23T07:00:00+00:00,0.0,JAXA GSMaP V8 operational / Google Earth Engine,0,2026-09-19T07:02:49.407474+00:00
PKGL-00002,2026-08-23T08:00:00+00:00,0.0,JAXA GSMaP V8 operational / Google Earth Engine,0,2026-09-19T07:02:49.407474+00:00
PKGL-00002,2026-08-23T09:00:00+00:00,0.0,JAXA GSMaP V8 operational / Google Earth Engine,0,2026-09-19T07:02:49.407474+00:00
PKGL-00002,2026-08-23T10:00:00+00:00,0.0,JAXA GSMaP V8 operational / Google Earth Engine,0,2026-09-19T07:02:49.407474+00:00
PKGL-00002,2026-08-23T11:00:00+00:00,0.0,JAXA GSMaP V8 operational / Google Earth Engine,0,2026-09-19T07:02:49.407474+00:00
PKGL-00002,2026-08-23T12:00:00+00:00,0.0,JAXA GSMaP V8 operational / Google Earth Engine,0,2026-09-19T07:02:49.407474+00:00
PKGL-00002,2026-08-23T13:00:00+00:00,0.0,JAXA GSMaP V8 operational / Google Earth Engine,0,2026-09-19T07:02:49.407474+00:00
PKGL-00002,2026-08-23T14:00:00+00:00,0.0,JAXA GSMaP V8 operational / Google Earth Engine,0,2026-09-19T07:02:49.407474+00:00
PKGL-00002,2026-08-23T15:00:00+00:00,0.0,JAXA GSMaP V8 operational / Google Earth Engine,0,2026-09-19T07:02:49.407474+00:00
PKGL-00002,2026-08-23T16:00:00+00:00,0.0,JAXA GSMaP V8 operational / Google Earth Engine,0,2026-09-19T07:02:49.407474+00:00
PKGL-00002,2026-08-23T17:00:00+00:00,0.0,JAXA GSMaP V8 operational / Google Earth Engine,0,2026-09-19T07:02:49.407474+00:00
PKGL-00002,2026-08-23T18:00:00+00:00,0.0,JAXA GSMaP V8 operational / Google Earth Engine,0,2026-09-19T07:02:49.407474+00:00
PKGL-00002,2026-08-23T19:00:00+00:00,0.0,JAXA GSMaP V8 operational / Google Earth Engine,0,2026-09-19T07:02:49.407474+00:00
PKGL-00002,2026-08-23T20:00:00+00:00,0.0,JAXA GSMaP V8 operational / Google Earth Engine,0,2026-09-19T07:02:49.407474+00:00
PKGL-00002,2026-08-23T21:00:00+00:00,0.0,JAXA GSMaP V8 operational / Google Earth Engine,0,2026-09-19T07:02:49.407474+00:00
PKGL-00002,2026-08-23T22:00:00+00:00,0.0,JAXA GSMaP V8 operational / Google Earth Engine,0,2026-09-19T07:02:49.407474+00:00
PKGL-00002,2026-08-23T23:00:00+00:00,0.0,JAXA GSMaP V8 operational / Google Earth Engine,0,2026-09-19T07:02:49.407474+00:00
PKGL-00002,2026-08-24T00:00:00+00:00,0.0,JAXA GSMaP V8 operational / Google Earth Engine,0,2026-09-19T07:02:49.407474+00:00
PKGL-00002,2026-08-24T01:00:00+00:00,0.0,JAXA GSMaP V8 operational / Google Earth Engine,0,2026-09-19T07:02:49.407474+00:00
PKGL-00002,2026-08-24T02:00:00+00:00,0.0,JAXA GSMaP V8 operational / Google Earth Engine,0,2026-09-19T07:02:49.407474+00:00
PKGL-00002,2026-08-24T03:00:00+00:00,0.0,JAXA GSMaP V8 operational / Google Earth Engine,0,2026-09-19T07:02:49.407474+00:00
PKGL-00002,2026-08-24T04:00:00+00:00,0.0,JAXA GSMaP V8 operational / Google Earth Engine,0,2026-09-19T07:02:49.407474+00:00
PKGL-00002,2026-08-24T05:00:00+00:00,0.0,JAXA GSMaP V8 operational / Google Earth Engine,0,2026-09-19T07:02:49.407474+00:00
PKGL-00002,2026-08-24T06:00:00+00:00,0.0,JAXA GSMaP V8 operational / Google Earth Engine,0,2026-09-19T07:02:49.407474+00:00
PKGL-00002,2026-08-24T07:00:00+00:00,0.0,JAXA GSMaP V8 operational / Google Earth Engine,0,2026-09-19T07:02:49.407474+00:00
PKGL-00002,2026-08-24T08:00:00+00:00,0.0,JAXA GSMaP V8 operational / Google Earth Engine,0,2026-09-19T07:02:49.407474+00:00
PKGL-00002,2026-08-24T09:00:00+00:00,0.0,JAXA GSMaP V8 operational / Google Earth Engine,0,2026-09-19T07:02:49.407474+00:00
PKGL-00002,2026-08-24T10:00:00+00:00,0.0,JAXA GSMaP V8 operational / Google Earth Engine,0,2026-09-19T07:02:49.407474+00:00
PKGL-00002,2026-08-24T11:00:00+00:00,0.0,JAXA GSMaP V8 operational / Google Earth Engine,0,2026-09-19T07:02:49.407474+00:00
PKGL-00002,2026-08-24T12:00:00+00:00,0.0,JAXA GSMaP V8 operational / Google Earth Engine,0,2026-09-19T07:02:49.407474+00:00
PKGL-00002,2026-08-24T13:00:00+00:00,0.0,JAXA GSMaP V8 operational / Google Earth Engine,0,2026-09-19T07:02:49.407474+00:00
PKGL-00002,2026-08-24T14:00:00+00:00,0.0,JAXA GSMaP V8 operational / Google Earth Engine,0,2026-09-19T07:02:49.407474+00:00
PKGL-00002,2026-08-24T15:00:00+00:00,0.0,JAXA GSMaP V8 operational / Google Earth Engine,0,2026-09-19T07:02:49.407474+00:00
PKGL-00002,2026-08-24T16:00:00+00:00,0.0,JAXA GSMaP V8 operational / Google Earth Engine,0,2026-09-19T07:02:49.407474+00:00
PKGL-00002,2026-08-24T17:00:00+00:00,0.0,JAXA GSMaP V8 operational / Google Earth Engine,0,2026-09-19T07:02:49.407474+00:00
PKGL-00002,2026-08-24T18:00:00+00:00,0.0,JAXA GSMaP V8 operational / Google Earth Engine,0,2026-09-19T07:02:49.407474+00:00
PKGL-00002,2026-08-24T19:00:00+00:00,0.0,JAXA GSMaP V8 operational / Google Earth Engine,0,2026-09-19T07:02:49.407474+00:00
PKGL-00002,2026-08-24T20:00:00+00:00,0.0,JAXA GSMaP V8 operational / Google Earth Engine,0,2026-09-19T07:02:49.407474+00:00
PKGL-00002,2026-08-24T21:00:00+00:00,0.0,JAXA GSMaP V8 operational / Google Earth Engine,0,2026-09-19T07:02:49.407474+00:00
PKGL-00002,2026-08-24T22:00:00+00:00,0.0,JAXA GSMaP V8 operational / Google Earth Engine,0,2026-09-19T07:02:49.407474+00:00
PKGL-00002,2026-08-24T23:00:00+00:00,0.0,JAXA GSMaP V8 operational / Google Earth Engine,0,2026-09-19T07:02:49.407474+00:00
PKGL-00002,2026-08-25T00:00:00+00:00,0.0,JAXA GSMaP V8 operational / Google Earth Engine,0,2026-09-19T07:02:49.407474+00:00
PKGL-00002,2026-08-25T01:00:00+00:00,0.0,JAXA GSMaP V8 operational / Google Earth Engine,0,2026-09-19T07:02:49.407474+00:00
PKGL-00002,2026-08-25T02:00:00+00:00,0.0,JAXA GSMaP V8 operational / Google Earth Engine,0,2026-09-19T07:02:49.407474+00:00
PKGL-00002,2026-08-25T03:00:00+00:00,0.0,JAXA GSMaP V8 operational / Google Earth Engine,0,2026-09-19T07:02:49.407474+00:00
PKGL-00002,2026-08-25T04:00:00+00:00,0.0,JAXA GSMaP V8 operational / Google Earth Engine,0,2026-09-19T07:02:49.407474+00:00
PKGL-00002,2026-08-25T05:00:00+00:00,0.0,JAXA GSMaP V8 operational / Google Earth Engine,0,2026-09-19T07:02:49.407474+00:00
PKGL-00002,2026-08-25T06:00:00+00:00,0.0,JAXA GSMaP V8 operational / Google Earth Engine,0,2026-09-19T07:02:49.407474+00:00
PKGL-00002,2026-08-25T07:00:00+00:00,0.0,JAXA GSMaP V8 operational / Google Earth Engine,0,2026-09-19T07:02:49.407474+00:00
PKGL-00002,2026-08-25T08:00:00+00:00,0.0,JAXA GSMaP V8 operational / Google Earth Engine,0,2026-09-19T07:02:49.407474+00:00
PKGL-00002,2026-08-25T09:00:00+00:00,0.0,JAXA GSMaP V8 operational / Google Earth Engine,0,2026-09-19T07:02:49.407474+00:00
PKGL-00002,2026-08-25T10:00:00+00:00,0.0,JAXA GSMaP V8 operational / Google Earth Engine,0,2026-09-19T07:02:49.407474+00:00
PKGL-00002,2026-08-25T11:00:00+00:00,0.0,JAXA GSMaP V8 operational / Google Earth Engine,0,2026-09-19T07:02:49.407474+00:00
PKGL-00002,2026-08-25T12:00:00+00:00,0.0,JAXA GSMaP V8 operational / Google Earth Engine,0,2026-09-19T07:02:49.407474+00:00
PKGL-00002,2026-08-25T13:00:00+00:00,0.0,JAXA GSMaP V8 operational / Google Earth Engine,0,2026-09-19T07:02:49.407474+00:00
PKGL-00002,2026-08-25T14:00:00+00:00,0.0,JAXA GSMaP V8 operational / Google Earth Engine,0,2026-09-19T07:02:49.407474+00:00
PKGL-00002,2026-08-25T15:00:00+00:00,0.0,JAXA GSMaP V8 operational / Google Earth Engine,0,2026-09-19T07:02:49.407474+00:00
PKGL-00002,2026-08-25T16:00:00+00:00,0.0,JAXA GSMaP V8 operational / Google Earth Engine,0,2026-09-19T07:02:49.407474+00:00
PKGL-00002,2026-08-25T17:00:00+00:00,0.0,JAXA GSMaP V8 operational / Google Earth Engine,0,2026-09-19T07:02:49.407474+00:00
PKGL-00002,2026-08-25T18:00:00+00:00,0.0,JAXA GSMaP V8 operational / Google Earth Engine,0,2026-09-19T07:02:49.407474+00:00
PKGL-00002,2026-08-25T19:00:00+00:00,0.0,JAXA GSMaP V8 operational / Google Earth Engine,0,2026-09-19T07:02:49.407474+00:00
PKGL-00002,2026-08-25T20:00:00+00:00,0.0,JAXA GSMaP V8 operational / Google Earth Engine,0,2026-09-19T07:02:49.407474+00:00
PKGL-00002,2026-08-25T21:00:00+00:00,0.0,JAXA GSMaP V8 operational / Google Earth Engine,0,2026-09-19T07:02:49.407474+00:00
PKGL-00002,2026-08-25T22:00:00+00:00,0.0,JAXA GSMaP V8 operational / Google Earth Engine,0,2026-09-19T07:02:49.407474+00:00
PKGL-00002,2026-08-25T23:00:00+00:00,0.0,JAXA GSMaP V8 operational / Google Earth Engine,0,2026-09-19T07:02:49.407474+00:00
PKGL-00002,2026-08-26T00:00:00+00:00,0.0,JAXA GSMaP V8 operational / Google Earth Engine,0,2026-09-19T07:02:49.407474+00:00
PKGL-00002,2026-08-26T01:00:00+00:00,0.0,JAXA GSMaP V8 operational / Google Earth Engine,0,2026-09-19T07:02:49.407474+00:00
PKGL-00002,2026-08-26T02:00:00+00:00,0.0,JAXA GSMaP V8 operational / Google Earth Engine,0,2026-09-19T07:02:49.407474+00:00
PKGL-00002,2026-08-26T03:00:00+00:00,0.0,JAXA GSMaP V8 operational / Google Earth Engine,0,2026-09-19T07:02:49.407474+00:00
PKGL-00002,2026-08-26T04:00:00+00:00,0.0,JAXA GSMaP V8 operational / Google Earth Engine,0,2026-09-19T07:02:49.407474+00:00
PKGL-00002,2026-08-26T05:00:00+00:00,0.0,JAXA GSMaP V8 operational / Google Earth Engine,0,2026-09-19T07:02:49.407474+00:00
PKGL-00002,2026-08-26T06:00:00+00:00,0.0,JAXA GSMaP V8 operational / Google Earth Engine,0,2026-09-19T07:02:49.407474+00:00
PKGL-00002,2026-08-26T07:00:00+00:00,0.0,JAXA GSMaP V8 operational / Google Earth Engine,0,2026-09-19T07:02:49.407474+00:00
PKGL-00002,2026-08-26T08:00:00+00:00,0.0,JAXA GSMaP V8 operational / Google Earth Engine,0,2026-09-19T07:02:49.407474+00:00
PKGL-00002,2026-08-26T09:00:00+00:00,0.0,JAXA GSMaP V8 operational / Google Earth Engine,0,2026-09-19T07:02:49.407474+00:00
PKGL-00002,2026-08-26T10:00:00+00:00,0.0,JAXA GSMaP V8 operational / Google Earth Engine,0,2026-09-19T07:02:49.407474+00:00
PKGL-00002,2026-08-26T11:00:00+00:00,0.0,JAXA GSMaP V8 operational / Google Earth Engine,0,2026-09-19T07:02:49.407474+00:00
PKGL-00002,2026-08-26T12:00:00+00:00,0.0,JAXA GSMaP V8 operational / Google Earth Engine,0,2026-09-19T07:02:49.407474+00:00
PKGL-00002,2026-08-26T13:00:00+00:00,0.0,JAXA GSMaP V8 operational / Google Earth Engine,0,2026-09-19T07:02:49.407474+00:00
PKGL-00002,2026-08-26T14:00:00+00:00,0.0,JAXA GSMaP V8 operational / Google Earth Engine,0,2026-09-19T07:02:49.407474+00:00
PKGL-00002,2026-08-26T15:00:00+00:00,0.0,JAXA GSMaP V8 operational / Google Earth Engine,0,2026-09-19T07:02:49.407474+00:00
PKGL-00002,2026-08-26T16:00:00+00:00,0.0,JAXA GSMaP V8 operational / Google Earth Engine,0,2026-09-19T07:02:49.407474+00:00
PKGL-00002,2026-08-26T17:00:00+00:00,0.0,JAXA GSMaP V8 operational / Google Earth Engine,0,2026-09-19T07:02:49.407474+00:00
PKGL-00002,2026-08-26T18:00:00+00:00,0.0,JAXA GSMaP V8 operational / Google Earth Engine,0,2026-09-19T07:02:49.407474+00:00
PKGL-00002,2026-08-26T19:00:00+00:00,0.0,JAXA GSMaP V8 operational / Google Earth Engine,0,2026-09-19T07:02:49.407474+00:00
PKGL-00002,2026-08-26T20:00:00+00:00,0.0,JAXA GSMaP V8 operational / Google Earth Engine,0,2026-09-19T07:02:49.407474+00:00
PKGL-00002,2026-08-26T21:00:00+00:00,0.0,JAXA GSMaP V8 operational / Google Earth Engine,0,2026-09-19T07:02:49.407474+00:00
PKGL-00002,2026-08-26T22:00:00+00:00,0.0,JAXA GSMaP V8 operational / Google Earth Engine,0,2026-09-19T07:02:49.407474+00:00
PKGL-00002,2026-08-26T23:00:00+00:00,0.0,JAXA GSMaP V8 operational / Google Earth Engine,0,2026-09-19T07:02:49.407474+00:00
PKGL-00002,2026-08-27T00:00:00+00:00,0.0,JAXA GSMaP V8 operational / Google Earth Engine,0,2026-09-19T07:02:49.407474+00:00
PKGL-00002,2026-08-27T01:00:00+00:00,0.0,JAXA GSMaP V8 operational / Google Earth Engine,0,2026-09-19T07:02:49.407474+00:00
PKGL-00002,2026-08-27T02:00:00+00:00,0.0,JAXA GSMaP V8 operational / Google Earth Engine,0,2026-09-19T07:02:49.407474+00:00
PKGL-00002,2026-08-27T03:00:00+00:00,0.0,JAXA GSMaP V8 operational / Google Earth Engine,0,2026-09-19T07:02:49.407474+00:00
PKGL-00002,2026-08-27T04:00:00+00:00,0.0,JAXA GSMaP V8 operational / Google Earth Engine,0,2026-09-19T07:02:49.407474+00:00
PKGL-00002,2026-08-27T05:00:00+00:00,0.0,JAXA GSMaP V8 operational / Google Earth Engine,0,2026-09-19T07:02:49.407474+00:00
PKGL-00002,2026-08-27T06:00:00+00:00,0.0,JAXA GSMaP V8 operational / Google Earth Engine,0,2026-09-19T07:02:49.407474+00:00
PKGL-00002,2026-08-27T07:00:00+00:00,0.0,JAXA GSMaP V8 operational / Google Earth Engine,0,2026-09-19T07:02:49.407474+00:00
PKGL-00002,2026-08-27T08:00:00+00:00,0.0,JAXA GSMaP V8 operational / Google Earth Engine,0,2026-09-19T07:02:49.407474+00:00
PKGL-00002,2026-08-27T09:00:00+00:00,0.0,JAXA GSMaP V8 operational / Google Earth Engine,0,2026-09-19T07:02:49.407474+00:00
PKGL-00002,2026-08-27T10:00:00+00:00,0.0,JAXA GSMaP V8 operational / Google Earth Engine,0,2026-09-19T07:02:49.407474+00:00
PKGL-00002,2026-08-27T11:00:00+00:00,0.0,JAXA GSMaP V8 operational / Google Earth Engine,0,2026-09-19T07:02:49.407474+00:00
PKGL-00002,2026-08-27T12:00:00+00:00,0.0,JAXA GSMaP V8 operational / Google Earth Engine,0,2026-09-19T07:02:49.407474+00:00
PKGL-00002,2026-08-27T13:00:00+00:00,0.0,JAXA GSMaP V8 operational / Google Earth Engine,0,2026-09-19T07:02:49.407474+00:00
PKGL-00002,2026-08-27T14:00:00+00:00,0.0,JAXA GSMaP V8 operational / Google Earth Engine,0,2026-09-19T07:02:49.407474+00:00
PKGL-00002,2026-08-27T15:00:00+00:00,0.0,JAXA GSMaP V8 operational / Google Earth Engine,0,2026-09-19T07:02:49.407474+00:00
PKGL-00002,2026-08-27T16:00:00+00:00,0.0,JAXA GSMaP V8 operational / Google Earth Engine,0,2026-09-19T07:02:49.407474+00:00
PKGL-00002,2026-08-27T17:00:00+00:00,0.0,JAXA GSMaP V8 operational / Google Earth Engine,0,2026-09-19T07:02:49.407474+00:00
PKGL-00002,2026-08-27T18:00:00+00:00,0.0,JAXA GSMaP V8 operational / Google Earth Engine,0,2026-09-19T07:02:49.407474+00:00
PKGL-00002,2026-08-27T19:00:00+00:00,0.0,JAXA GSMaP V8 operational / Google Earth Engine,0,2026-09-19T07:02:49.407474+00:00
PKGL-00002,2026-08-27T20:00:00+00:00,0.0,JAXA GSMaP V8 operational / Google Earth Engine,0,2026-09-19T07:02:49.407474+00:00
PKGL-00002,2026-08-27T21:00:00+00:00,0.0,JAXA GSMaP V8 operational / Google Earth Engine,0,2026-09-19T07:02:49.407474+00:00
PKGL-00002,2026-08-27T22:00:00+00:00,0.0,JAXA GSMaP V8 operational / Google Earth Engine,0,2026-09-19T07:02:49.407474+00:00
PKGL-00002,2026-08-27T23:00:00+00:00,0.0,JAXA GSMaP V8 operational / Google Earth Engine,0,2026-09-19T07:02:49.407474+00:00
PKGL-00002,2026-08-28T00:00:00+00:00,0.0,JAXA GSMaP V8 operational / Google Earth Engine,0,2026-09-19T07:02:49.407474+00:00
PKGL-00002,2026-08-28T01:00:00+00:00,0.0,JAXA GSMaP V8 operational / Google Earth Engine,0,2026-09-19T07:02:49.407474+00:00
PKGL-00002,2026-08-28T02:00:00+00:00,0.0,JAXA GSMaP V8 operational / Google Earth Engine,0,2026-09-19T07:02:49.407474+00:00
PKGL-00002,2026-08-28T03:00:00+00:00,0.0,JAXA GSMaP V8 operational / Google Earth Engine,0,2026-09-19T07:02:49.407474+00:00
PKGL-00002,2026-08-28T04:00:00+00:00,0.0,JAXA GSMaP V8 operational / Google Earth Engine,0,2026-09-19T07:02:49.407474+00:00
PKGL-00002,2026-08-28T05:00:00+00:00,0.0,JAXA GSMaP V8 operational / Google Earth Engine,0,2026-09-19T07:02:49.407474+00:00
PKGL-00002,2026-08-28T06:00:00+00:00,0.0,JAXA GSMaP V8 operational / Google Earth Engine,0,2026-09-19T07:02:49.407474+00:00
PKGL-00002,2026-08-28T07:00:00+00:00,0.0,JAXA GSMaP V8 operational / Google Earth Engine,0,2026-09-19T07:02:49.407474+00:00
PKGL-00002,2026-08-28T08:00:00+00:00,0.0,JAXA GSMaP V8 operational / Google Earth Engine,0,2026-09-19T07:02:49.407474+00:00
PKGL-00002,2026-08-28T09:00:00+00:00,0.0,JAXA GSMaP V8 operational / Google Earth Engine,0,2026-09-19T07:02:49.407474+00:00
PKGL-00002,2026-08-28T10:00:00+00:00,0.0,JAXA GSMaP V8 operational / Google Earth Engine,0,2026-09-19T07:02:49.407474+00:00
PKGL-00002,2026-08-28T11:00:00+00:00,0.0,JAXA GSMaP V8 operational / Google Earth Engine,0,2026-09-19T07:02:49.407474+00:00
PKGL-00002,2026-08-28T12:00:00+00:00,0.0,JAXA GSMaP V8 operational / Google Earth Engine,0,2026-09-19T07:02:49.407474+00:00
PKGL-00002,2026-08-28T13:00:00+00:00,0.0,JAXA GSMaP V8 operational / Google Earth Engine,0,2026-09-19T07:02:49.407474+00:00
PKGL-00002,2026-08-28T14:00:00+00:00,0.0,JAXA GSMaP V8 operational / Google Earth Engine,0,2026-09-19T07:02:49.407474+00:00
PKGL-00002,2026-08-28T15:00:00+00:00,0.0,JAXA GSMaP V8 operational / Google Earth Engine,0,2026-09-19T07:02:49.407474+00:00
PKGL-00002,2026-08-28T16:00:00+00:00,0.0,JAXA GSMaP V8 operational / Google Earth Engine,0,2026-09-19T07:02:49.407474+00:00
PKGL-00002,2026-08-28T17:00:00+00:00,0.0,JAXA GSMaP V8 operational / Google Earth Engine,0,2026-09-19T07:02:49.407474+00:00
PKGL-00002,2026-08-28T18:00:00+00:00,0.0,JAXA GSMaP V8 operational / Google Earth Engine,0,2026-09-19T07:02:49.407474+00:00
PKGL-00002,2026-08-28T19:00:00+00:00,0.0,JAXA GSMaP V8 operational / Google Earth Engine,0,2026-09-19T07:02:49.407474+00:00
PKGL-00002,2026-08-28T20:00:00+00:00,0.0,JAXA GSMaP V8 operational / Google Earth Engine,0,2026-09-19T07:02:49.407474+00:00
PKGL-00002,2026-08-28T21:00:00+00:00,0.0,JAXA GSMaP V8 operational / Google Earth Engine,0,2026-09-19T07:02:49.407474+00:00
PKGL-00002,2026-08-28T22:00:00+00:00,0.0,JAXA GSMaP V8 operational / Google Earth Engine,0,2026-09-19T07:02:49.407474+00:00
PKGL-00002,2026-08-28T23:00:00+00:00,0.0,JAXA GSMaP V8 operational / Google Earth Engine,0,2026-09-19T07:02:49.407474+00:00
PKGL-00002,2026-08-29T00:00:00+00:00,0.0,JAXA GSMaP V8 operational / Google Earth Engine,0,2026-09-19T07:02:49.407474+00:00
PKGL-00002,2026-08-29T01:00:00+00:00,0.0,JAXA GSMaP V8 operational / Google Earth Engine,0,2026-09-19T07:02:49.407474+00:00
PKGL-00002,2026-08-29T02:00:00+00:00,0.0,JAXA GSMaP V8 operational / Google Earth Engine,0,2026-09-19T07:02:49.407474+00:00
PKGL-00002,2026-08-29T03:00:00+00:00,0.0,JAXA GSMaP V8 operational / Google Earth Engine,0,2026-09-19T07:02:49.407474+00:00
PKGL-00002,2026-08-29T04:00:00+00:00,0.0,JAXA GSMaP V8 operational / Google Earth Engine,0,2026-09-19T07:02:49.407474+00:00
PKGL-00002,2026-08-29T05:00:00+00:00,0.0,JAXA GSMaP V8 operational / Google Earth Engine,0,2026-09-19T07:02:49.407474+00:00
PKGL-00002,2026-08-29T06:00:00+00:00,0.0,JAXA GSMaP V8 operational / Google Earth Engine,0,2026-09-19T07:02:49.407474+00:00
PKGL-00002,2026-08-29T07:00:00+00:00,0.0,JAXA GSMaP V8 operational / Google Earth Engine,0,2026-09-19T07:02:49.407474+00:00
PKGL-00002,2026-08-29T08:00:00+00:00,0.11390955746173859,JAXA GSMaP V8 operational / Google Earth Engine,0,2026-09-19T07:02:49.407474+00:00
PKGL-00002,2026-08-29T09:00:00+00:00,0.12649300694465637,JAXA GSMaP V8 operational / Google Earth Engine,0,2026-09-19T07:02:49.407474+00:00
PKGL-00002,2026-08-29T10:00:00+00:00,0.13898414373397827,JAXA GSMaP V8 operational / Google Earth Engine,0,2026-09-19T07:02:49.407474+00:00
PKGL-00002,2026-08-29T11:00:00+00:00,0.16282139718532562,JAXA GSMaP V8 operational / Google Earth Engine,0,2026-09-19T07:02:49.407474+00:00
PKGL-00002,2026-08-29T12:00:00+00:00,0.16305522620677948,JAXA GSMaP V8 operational / Google Earth Engine,0,2026-09-19T07:02:49.407474+00:00
PKGL-00002,2026-08-29T13:00:00+00:00,0.1796637624502182,JAXA GSMaP V8 operational / Google Earth Engine,0,2026-09-19T07:02:49.407474+00:00
PKGL-00002,2026-08-29T14:00:00+00:00,0.1961214691400528,JAXA GSMaP V8 operational / Google Earth Engine,0,2026-09-19T07:02:49.407474+00:00
PKGL-00002,2026-08-29T15:00:00+00:00,0.20462389290332794,JAXA GSMaP V8 operational / Google Earth Engine,0,2026-09-19T07:02:49.407474+00:00
PKGL-00002,2026-08-29T16:00:00+00:00,0.2001277506351471,JAXA GSMaP V8 operational / Google Earth Engine,0,2026-09-19T07:02:49.407474+00:00
PKGL-00002,2026-08-29T17:00:00+00:00,0.18843211233615875,JAXA GSMaP V8 operational / Google Earth Engine,0,2026-09-19T07:02:49.407474+00:00
PKGL-00002,2026-08-29T18:00:00+00:00,0.18238073587417603,JAXA GSMaP V8 operational / Google Earth Engine,0,2026-09-19T07:02:49.407474+00:00
PKGL-00002,2026-08-29T19:00:00+00:00,0.17344126105308533,JAXA GSMaP V8 operational / Google Earth Engine,0,2026-09-19T07:02:49.407474+00:00
PKGL-00002,2026-08-29T20:00:00+00:00,0.170285165309906,JAXA GSMaP V8 operational / Google Earth Engine,0,2026-09-19T07:02:49.407474+00:00
PKGL-00002,2026-08-29T21:00:00+00:00,0.16859941184520721,JAXA GSMaP V8 operational / Google Earth Engine,0,2026-09-19T07:02:49.407474+00:00
PKGL-00002,2026-08-29T22:00:00+00:00,0.1747422069311142,JAXA GSMaP V8 operational / Google Earth Engine,0,2026-09-19T07:02:49.407474+00:00
PKGL-00002,2026-08-29T23:00:00+00:00,0.18454521894454956,JAXA GSMaP V8 operational / Google Earth Engine,0,2026-09-19T07:02:49.407474+00:00
PKGL-00002,2026-08-30T00:00:00+00:00,0.13936753571033478,JAXA GSMaP V8 operational / Google Earth Engine,0,2026-09-19T07:02:49.407474+00:00
PKGL-00002,2026-08-30T01:00:00+00:00,0.14102217555046082,JAXA GSMaP V8 operational / Google Earth Engine,0,2026-09-19T07:02:49.407474+00:00
PKGL-00002,2026-08-30T02:00:00+00:00,0.1399717479944229,JAXA GSMaP V8 operational / Google Earth Engine,0,2026-09-19T07:02:49.407474+00:00
PKGL-00002,2026-08-30T03:00:00+00:00,0.134943425655365,JAXA GSMaP V8 operational / Google Earth Engine,0,2026-09-19T07:02:49.407474+00:00
PKGL-00002,2026-08-30T04:00:00+00:00,0.11111550033092499,JAXA GSMaP V8 operational / Google Earth Engine,0,2026-09-19T07:02:49.407474+00:00
PKGL-00002,2026-08-30T05:00:00+00:00,0.11647951602935791,JAXA GSMaP V8 operational / Google Earth Engine,0,2026-09-19T07:02:49.407474+00:00
PKGL-00002,2026-08-30T06:00:00+00:00,0.0,JAXA GSMaP V8 operational / Google Earth Engine,0,2026-09-19T07:02:49.407474+00:00
PKGL-00002,2026-08-30T07:00:00+00:00,0.0,JAXA GSMaP V8 operational / Google Earth Engine,0,2026-09-19T07:02:49.407474+00:00
PKGL-00002,2026-08-30T08:00:00+00:00,0.0,JAXA GSMaP V8 operational / Google Earth Engine,0,2026-09-19T07:02:49.407474+00:00
PKGL-00002,2026-08-30T09:00:00+00:00,0.0,JAXA GSMaP V8 operational / Google Earth Engine,0,2026-09-19T07:02:49.407474+00:00
PKGL-00002,2026-08-30T10:00:00+00:00,0.0,JAXA GSMaP V8 operational / Google Earth Engine,0,2026-09-19T07:02:49.407474+00:00
PKGL-00002,2026-08-30T11:00:00+00:00,0.0,JAXA GSMaP V8 operational / Google Earth Engine,0,2026-09-19T07:02:49.407474+00:00
PKGL-00002,2026-08-30T12:00:00+00:00,0.0,JAXA GSMaP V8 operational / Google Earth Engine,0,2026-09-19T07:02:49.407474+00:00
PKGL-00002,2026-08-30T13:00:00+00:00,0.0,JAXA GSMaP V8 operational / Google Earth Engine,0,2026-09-19T07:02:49.407474+00:00
PKGL-00002,2026-08-30T14:00:00+00:00,0.0,JAXA GSMaP V8 operational / Google Earth Engine,0,2026-09-19T07:02:49.407474+00:00
PKGL-00002,2026-08-30T15:00:00+00:00,0.0,JAXA GSMaP V8 operational / Google Earth Engine,0,2026-09-19T07:02:49.407474+00:00
PKGL-00002,2026-08-30T16:00:00+00:00,0.0,JAXA GSMaP V8 operational / Google Earth Engine,0,2026-09-19T07:02:49.407474+00:00
PKGL-00002,2026-08-30T17:00:00+00:00,0.0,JAXA GSMaP V8 operational / Google Earth Engine,0,2026-09-19T07:02:49.407474+00:00
PKGL-00002,2026-08-30T18:00:00+00:00,0.0,JAXA GSMaP V8 operational / Google Earth Engine,0,2026-09-19T07:02:49.407474+00:00
PKGL-00002,2026-08-30T19:00:00+00:00,0.0,JAXA GSMaP V8 operational / Google Earth Engine,0,2026-09-19T07:02:49.407474+00:00
PKGL-00002,2026-08-30T20:00:00+00:00,0.0,JAXA GSMaP V8 operational / Google Earth Engine,0,2026-09-19T07:02:49.407474+00:00
PKGL-00002,2026-08-30T21:00:00+00:00,0.0,JAXA GSMaP V8 operational / Google Earth Engine,0,2026-09-19T07:02:49.407474+00:00
PKGL-00002,2026-08-30T22:00:00+00:00,0.0,JAXA GSMaP V8 operational / Google Earth Engine,0,2026-09-19T07:02:49.407474+00:00
PKGL-00002,2026-08-30T23:00:00+00:00,0.0,JAXA GSMaP V8 operational / Google Earth Engine,0,2026-09-19T07:02:49.407474+00:00
PKGL-00002,2026-08-31T00:00:00+00:00,0.0,JAXA GSMaP V8 operational / Google Earth Engine,0,2026-09-19T07:02:49.407474+00:00
PKGL-00002,2026-08-31T01:00:00+00:00,0.0,JAXA GSMaP V8 operational / Google Earth Engine,0,2026-09-19T07:02:49.407474+00:00
PKGL-00002,2026-08-31T02:00:00+00:00,0.0,JAXA GSMaP V8 operational / Google Earth Engine,0,2026-09-19T07:02:49.407474+00:00
PKGL-00002,2026-08-31T03:00:00+00:00,0.0,JAXA GSMaP V8 operational / Google Earth Engine,0,2026-09-19T07:02:49.407474+00:00
PKGL-00002,2026-08-31T04:00:00+00:00,0.0,JAXA GSMaP V8 operational / Google Earth Engine,0,2026-09-19T07:02:49.407474+00:00
PKGL-00002,2026-08-31T05:00:00+00:00,0.0,JAXA GSMaP V8 operational / Google Earth Engine,0,2026-09-19T07:02:49.407474+00:00
PKGL-00002,2026-08-31T06:00:00+00:00,0.0,JAXA GSMaP V8 operational / Google Earth Engine,0,2026-09-19T07:02:49.407474+00:00
PKGL-00002,2026-08-31T07:00:00+00:00,0.0,JAXA GSMaP V8 operational / Google Earth Engine,0,2026-09-19T07:02:49.407474+00:00
PKGL-00002,2026-08-31T08:00:00+00:00,0.0,JAXA GSMaP V8 operational / Google Earth Engine,0,2026-09-19T07:02:49.407474+00:00
PKGL-00002,2026-08-31T09:00:00+00:00,0.0,JAXA GSMaP V8 operational / Google Earth Engine,0,2026-09-19T07:02:49.407474+00:00
PKGL-00002,2026-08-31T10:00:00+00:00,0.0,JAXA GSMaP V8 operational / Google Earth Engine,0,2026-09-19T07:02:49.407474+00:00
PKGL-00002,2026-08-31T11:00:00+00:00,0.0,JAXA GSMaP V8 operational / Google Earth Engine,0,2026-09-19T07:02:49.407474+00:00
PKGL-00002,2026-08-31T12:00:00+00:00,0.0,JAXA GSMaP V8 operational / Google Earth Engine,0,2026-09-19T07:02:49.407474+00:00
PKGL-00002,2026-08-31T13:00:00+00:00,0.0,JAXA GSMaP V8 operational / Google Earth Engine,0,2026-09-19T07:02:49.407474+00:00
PKGL-00002,2026-08-31T14:00:00+00:00,0.0,JAXA GSMaP V8 operational / Google Earth Engine,0,2026-09-19T07:02:49.407474+00:00
PKGL-00002,2026-08-31T15:00:00+00:00,0.0,JAXA GSMaP V8 operational / Google Earth Engine,0,2026-09-19T07:02:49.407474+00:00
PKGL-00002,2026-08-31T16:00:00+00:00,0.0,JAXA GSMaP V8 operational / Google Earth Engine,0,2026-09-19T07:02:49.407474+00:00
PKGL-00002,2026-08-31T17:00:00+00:00,0.0,JAXA GSMaP V8 operational / Google Earth Engine,0,2026-09-19T07:02:49.407474+00:00
PKGL-00002,2026-08-31T18:00:00+00:00,0.0,JAXA GSMaP V8 operational / Google Earth Engine,0,2026-09-19T07:02:49.407474+00:00
PKGL-00002,2026-08-31T19:00:00+00:00,0.0,JAXA GSMaP V8 operational / Google Earth Engine,0,2026-09-19T07:02:49.407474+00:00
PKGL-00002,2026-08-31T20:00:00+00:00,0.0,JAXA GSMaP V8 operational / Google Earth Engine,0,2026-09-19T07:02:49.407474+00:00
PKGL-00002,2026-08-31T21:00:00+00:00,0.0,JAXA GSMaP V8 operational / Google Earth Engine,0,2026-09-19T07:02:49.407474+00:00
PKGL-00002,2026-08-31T22:00:00+00:00,0.13514716923236847,JAXA GSMaP V8 operational / Google Earth Engine,0,2026-09-19T07:02:49.407474+00:00
PKGL-00002,2026-08-31T23:00:00+00:00,0.3402901291847229,JAXA GSMaP V8 operational / Google Earth Engine,0,2026-09-19T07:02:49.407474+00:00
PKGL-00002,2026-09-01T00:00:00+00:00,0.9183972477912903,JAXA GSMaP V8 operational / Google Earth Engine,0,2026-09-19T07:02:49.407474+00:00
PKGL-00002,2026-09-01T01:00:00+00:00,1.2236155271530151,JAXA GSMaP V8 operational / Google Earth Engine,0,2026-09-19T07:02:49.407474+00:00
PKGL-00002,2026-09-01T02:00:00+00:00,1.2098966836929321,JAXA GSMaP V8 operational / Google Earth Engine,0,2026-09-19T07:02:49.407474+00:00
PKGL-00002,2026-09-01T03:00:00+00:00,1.0897384881973267,JAXA GSMaP V8 operational / Google Earth Engine,0,2026-09-19T07:02:49.407474+00:00
PKGL-00002,2026-09-01T04:00:00+00:00,0.9208933115005493,JAXA GSMaP V8 operational / Google Earth Engine,0,2026-09-19T07:02:49.407474+00:00
PKGL-00002,2026-09-01T05:00:00+00:00,0.8080659508705139,JAXA GSMaP V8 operational / Google Earth Engine,0,2026-09-19T07:02:49.407474+00:00
PKGL-00002,2026-09-01T06:00:00+00:00,0.11938700079917908,JAXA GSMaP V8 operational / Google Earth Engine,0,2026-09-19T07:02:49.407474+00:00
PKGL-00002,2026-09-01T07:00:00+00:00,0.17065347731113434,JAXA GSMaP V8 operational / Google Earth Engine,0,2026-09-19T07:02:49.407474+00:00
PKGL-00002,2026-09-01T08:00:00+00:00,0.22787562012672424,JAXA GSMaP V8 operational / Google Earth Engine,0,2026-09-19T07:02:49.407474+00:00
PKGL-00002,2026-09-01T09:00:00+00:00,0.2168767750263214,JAXA GSMaP V8 operational / Google Earth Engine,0,2026-09-19T07:02:49.407474+00:00
PKGL-00002,2026-09-01T10:00:00+00:00,0.19371022284030914,JAXA GSMaP V8 operational / Google Earth Engine,0,2026-09-19T07:02:49.407474+00:00
PKGL-00002,2026-09-01T11:00:00+00:00,0.18471361696720123,JAXA GSMaP V8 operational / Google Earth Engine,0,2026-09-19T07:02:49.407474+00:00
PKGL-00002,2026-09-01T12:00:00+00:00,0.1777924746274948,JAXA GSMaP V8 operational / Google Earth Engine,0,2026-09-19T07:02:49.407474+00:00
PKGL-00002,2026-09-01T13:00:00+00:00,0.16986313462257385,JAXA GSMaP V8 operational / Google Earth Engine,0,2026-09-19T07:02:49.407474+00:00
PKGL-00002,2026-09-01T14:00:00+00:00,0.1642199009656906,JAXA GSMaP V8 operational / Google Earth Engine,0,2026-09-19T07:02:49.407474+00:00
PKGL-00002,2026-09-01T15:00:00+00:00,0.1604776680469513,JAXA GSMaP V8 operational / Google Earth Engine,0,2026-09-19T07:02:49.407474+00:00
PKGL-00002,2026-09-01T16:00:00+00:00,0.15797869861125946,JAXA GSMaP V8 operational / Google Earth Engine,0,2026-09-19T07:02:49.407474+00:00
PKGL-00002,2026-09-01T17:00:00+00:00,0.15787197649478912,JAXA GSMaP V8 operational / Google Earth Engine,0,2026-09-19T07:02:49.407474+00:00
PKGL-00002,2026-09-01T18:00:00+00:00,0.15988419950008392,JAXA GSMaP V8 operational / Google Earth Engine,0,2026-09-19T07:02:49.407474+00:00
PKGL-00002,2026-09-01T19:00:00+00:00,0.1554352194070816,JAXA GSMaP V8 operational / Google Earth Engine,0,2026-09-19T07:02:49.407474+00:00
PKGL-00002,2026-09-01T20:00:00+00:00,0.15375883877277374,JAXA GSMaP V8 operational / Google Earth Engine,0,2026-09-19T07:02:49.407474+00:00
PKGL-00002,2026-09-01T21:00:00+00:00,0.15362322330474854,JAXA GSMaP V8 operational / Google Earth Engine,0,2026-09-19T07:02:49.407474+00:00
PKGL-00002,2026-09-01T22:00:00+00:00,0.15378618240356445,JAXA GSMaP V8 operational / Google Earth Engine,0,2026-09-19T07:02:49.407474+00:00
PKGL-00002,2026-09-01T23:00:00+00:00,0.1542550027370453,JAXA GSMaP V8 operational / Google Earth Engine,0,2026-09-19T07:02:49.407474+00:00
PKGL-00002,2026-09-02T00:00:00+00:00,0.23311077058315277,JAXA GSMaP V8 operational / Google Earth Engine,0,2026-09-19T07:02:49.407474+00:00
PKGL-00002,2026-09-02T01:00:00+00:00,0.23683276772499084,JAXA GSMaP V8 operational / Google Earth Engine,0,2026-09-19T07:02:49.407474+00:00
PKGL-00002,2026-09-02T02:00:00+00:00,0.24591870605945587,JAXA GSMaP V8 operational / Google Earth Engine,0,2026-09-19T07:02:49.407474+00:00
PKGL-00002,2026-09-02T03:00:00+00:00,0.24897898733615875,JAXA GSMaP V8 operational / Google Earth Engine,0,2026-09-19T07:02:49.407474+00:00
PKGL-00002,2026-09-02T04:00:00+00:00,0.25044670701026917,JAXA GSMaP V8 operational / Google Earth Engine,0,2026-09-19T07:02:49.407474+00:00
PKGL-00002,2026-09-02T05:00:00+00:00,0.25162461400032043,JAXA GSMaP V8 operational / Google Earth Engine,0,2026-09-19T07:02:49.407474+00:00
PKGL-00002,2026-09-02T06:00:00+00:00,0.0,JAXA GSMaP V8 operational / Google Earth Engine,0,2026-09-19T07:02:49.407474+00:00
PKGL-00002,2026-09-02T07:00:00+00:00,0.10160774737596512,JAXA GSMaP V8 operational / Google Earth Engine,0,2026-09-19T07:02:49.407474+00:00
PKGL-00002,2026-09-02T08:00:00+00:00,0.14795434474945068,JAXA GSMaP V8 operational / Google Earth Engine,0,2026-09-19T07:02:49.407474+00:00
PKGL-00002,2026-09-02T09:00:00+00:00,0.1915164291858673,JAXA GSMaP V8 operational / Google Earth Engine,0,2026-09-19T07:02:49.407474+00:00
PKGL-00002,2026-09-02T10:00:00+00:00,0.19811251759529114,JAXA GSMaP V8 operational / Google Earth Engine,0,2026-09-19T07:02:49.407474+00:00
PKGL-00002,2026-09-02T11:00:00+00:00,0.20888908207416534,JAXA GSMaP V8 operational / Google Earth Engine,0,2026-09-19T07:02:49.407474+00:00
PKGL-00002,2026-09-02T12:00:00+00:00,0.20497702062129974,JAXA GSMaP V8 operational / Google Earth Engine,0,2026-09-19T07:02:49.407474+00:00
PKGL-00002,2026-09-02T13:00:00+00:00,0.20357972383499146,JAXA GSMaP V8 operational / Google Earth Engine,0,2026-09-19T07:02:49.407474+00:00
PKGL-00002,2026-09-02T14:00:00+00:00,0.19981856644153595,JAXA GSMaP V8 operational / Google Earth Engine,0,2026-09-19T07:02:49.407474+00:00
PKGL-00002,2026-09-02T15:00:00+00:00,0.1997295320034027,JAXA GSMaP V8 operational / Google Earth Engine,0,2026-09-19T07:02:49.407474+00:00
PKGL-00002,2026-09-02T16:00:00+00:00,0.20394070446491241,JAXA GSMaP V8 operational / Google Earth Engine,0,2026-09-19T07:02:49.407474+00:00
PKGL-00002,2026-09-02T17:00:00+00:00,0.20027342438697815,JAXA GSMaP V8 operational / Google Earth Engine,0,2026-09-19T07:02:49.407474+00:00
PKGL-00002,2026-09-02T18:00:00+00:00,0.20015911757946014,JAXA GSMaP V8 operational / Google Earth Engine,0,2026-09-19T07:02:49.407474+00:00
PKGL-00002,2026-09-02T19:00:00+00:00,0.18942135572433472,JAXA GSMaP V8 operational / Google Earth Engine,0,2026-09-19T07:02:49.407474+00:00
PKGL-00002,2026-09-02T20:00:00+00:00,0.18326076865196228,JAXA GSMaP V8 operational / Google Earth Engine,0,2026-09-19T07:02:49.407474+00:00
PKGL-00002,2026-09-02T21:00:00+00:00,0.18407225608825684,JAXA GSMaP V8 operational / Google Earth Engine,0,2026-09-19T07:02:49.407474+00:00
PKGL-00002,2026-09-02T22:00:00+00:00,0.18363207578659058,JAXA GSMaP V8 operational / Google Earth Engine,0,2026-09-19T07:02:49.407474+00:00
PKGL-00002,2026-09-02T23:00:00+00:00,0.1877497285604477,JAXA GSMaP V8 operational / Google Earth Engine,0,2026-09-19T07:02:49.407474+00:00
PKGL-00002,2026-09-03T00:00:00+00:00,0.18496793508529663,JAXA GSMaP V8 operational / Google Earth Engine,0,2026-09-19T07:02:49.407474+00:00
PKGL-00002,2026-09-03T01:00:00+00:00,0.18147578835487366,JAXA GSMaP V8 operational / Google Earth Engine,0,2026-09-19T07:02:49.407474+00:00
PKGL-00002,2026-09-03T02:00:00+00:00,0.19412696361541748,JAXA GSMaP V8 operational / Google Earth Engine,0,2026-09-19T07:02:49.407474+00:00
PKGL-00002,2026-09-03T03:00:00+00:00,0.214396670460701,JAXA GSMaP V8 operational / Google Earth Engine,0,2026-09-19T07:02:49.407474+00:00
PKGL-00002,2026-09-03T04:00:00+00:00,0.20762111246585846,JAXA GSMaP V8 operational / Google Earth Engine,0,2026-09-19T07:02:49.407474+00:00
PKGL-00002,2026-09-03T05:00:00+00:00,0.21183077991008759,JAXA GSMaP V8 operational / Google Earth Engine,0,2026-09-19T07:02:49.407474+00:00
PKGL-00002,2026-09-03T06:00:00+00:00,0.0,JAXA GSMaP V8 operational / Google Earth Engine,0,2026-09-19T07:02:49.407474+00:00
PKGL-00002,2026-09-03T07:00:00+00:00,0.0,JAXA GSMaP V8 operational / Google Earth Engine,0,2026-09-19T07:02:49.407474+00:00
PKGL-00002,2026-09-03T08:00:00+00:00,0.0,JAXA GSMaP V8 operational / Google Earth Engine,0,2026-09-19T07:02:49.407474+00:00
PKGL-00002,2026-09-03T09:00:00+00:00,0.0,JAXA GSMaP V8 operational / Google Earth Engine,0,2026-09-19T07:02:49.407474+00:00
PKGL-00002,2026-09-03T10:00:00+00:00,0.0,JAXA GSMaP V8 operational / Google Earth Engine,0,2026-09-19T07:02:49.407474+00:00
PKGL-00002,2026-09-03T11:00:00+00:00,0.0,JAXA GSMaP V8 operational / Google Earth Engine,0,2026-09-19T07:02:49.407474+00:00
PKGL-00002,2026-09-03T12:00:00+00:00,0.0,JAXA GSMaP V8 operational / Google Earth Engine,0,2026-09-19T07:02:49.407474+00:00
PKGL-00002,2026-09-03T13:00:00+00:00,0.11024166643619537,JAXA GSMaP V8 operational / Google Earth Engine,0,2026-09-19T07:02:49.407474+00:00
PKGL-00002,2026-09-03T14:00:00+00:00,0.1276177018880844,JAXA GSMaP V8 operational / Google Earth Engine,0,2026-09-19T07:02:49.407474+00:00
PKGL-00002,2026-09-03T15:00:00+00:00,0.1858479380607605,JAXA GSMaP V8 operational / Google Earth Engine,0,2026-09-19T07:02:49.407474+00:00
PKGL-00002,2026-09-03T16:00:00+00:00,0.25308746099472046,JAXA GSMaP V8 operational / Google Earth Engine,0,2026-09-19T07:02:49.407474+00:00
PKGL-00002,2026-09-03T17:00:00+00:00,0.3604917824268341,JAXA GSMaP V8 operational / Google Earth Engine,0,2026-09-19T07:02:49.407474+00:00
PKGL-00002,2026-09-03T18:00:00+00:00,0.5479363799095154,JAXA GSMaP V8 operational / Google Earth Engine,0,2026-09-19T07:02:49.407474+00:00
PKGL-00002,2026-09-03T19:00:00+00:00,0.8571422100067139,JAXA GSMaP V8 operational / Google Earth Engine,0,2026-09-19T07:02:49.407474+00:00
PKGL-00002,2026-09-03T20:00:00+00:00,0.7282049655914307,JAXA GSMaP V8 operational / Google Earth Engine,0,2026-09-19T07:02:49.407474+00:00
PKGL-00002,2026-09-03T21:00:00+00:00,0.5247649550437927,JAXA GSMaP V8 operational / Google Earth Engine,0,2026-09-19T07:02:49.407474+00:00
PKGL-00002,2026-09-03T22:00:00+00:00,0.42216041684150696,JAXA GSMaP V8 operational / Google Earth Engine,0,2026-09-19T07:02:49.407474+00:00
PKGL-00002,2026-09-03T23:00:00+00:00,0.31955310702323914,JAXA GSMaP V8 operational / Google Earth Engine,0,2026-09-19T07:02:49.407474+00:00
PKGL-00002,2026-09-04T00:00:00+00:00,0.2651313841342926,JAXA GSMaP V8 operational / Google Earth Engine,0,2026-09-19T07:02:49.407474+00:00
PKGL-00002,2026-09-04T01:00:00+00:00,0.2675767242908478,JAXA GSMaP V8 operational / Google Earth Engine,0,2026-09-19T07:02:49.407474+00:00
PKGL-00002,2026-09-04T02:00:00+00:00,0.329393208026886,JAXA GSMaP V8 operational / Google Earth Engine,0,2026-09-19T07:02:49.407474+00:00
PKGL-00002,2026-09-04T03:00:00+00:00,0.44410043954849243,JAXA GSMaP V8 operational / Google Earth Engine,0,2026-09-19T07:02:49.407474+00:00
PKGL-00002,2026-09-04T04:00:00+00:00,0.6427876949310303,JAXA GSMaP V8 operational / Google Earth Engine,0,2026-09-19T07:02:49.407474+00:00
PKGL-00002,2026-09-04T05:00:00+00:00,0.6605539917945862,JAXA GSMaP V8 operational / Google Earth Engine,0,2026-09-19T07:02:49.407474+00:00
PKGL-00002,2026-09-04T06:00:00+00:00,0.25811561942100525,JAXA GSMaP V8 operational / Google Earth Engine,0,2026-09-19T07:02:49.407474+00:00
PKGL-00002,2026-09-04T07:00:00+00:00,0.26244187355041504,JAXA GSMaP V8 operational / Google Earth Engine,0,2026-09-19T07:02:49.407474+00:00
PKGL-00002,2026-09-04T08:00:00+00:00,0.2434849590063095,JAXA GSMaP V8 operational / Google Earth Engine,0,2026-09-19T07:02:49.407474+00:00
PKGL-00002,2026-09-04T09:00:00+00:00,0.0,JAXA GSMaP V8 operational / Google Earth Engine,0,2026-09-19T07:02:49.407474+00:00
PKGL-00002,2026-09-04T10:00:00+00:00,0.0,JAXA GSMaP V8 operational / Google Earth Engine,0,2026-09-19T07:02:49.407474+00:00
PKGL-00002,2026-09-04T11:00:00+00:00,0.0,JAXA GSMaP V8 operational / Google Earth Engine,0,2026-09-19T07:02:49.407474+00:00
PKGL-00002,2026-09-04T12:00:00+00:00,0.0,JAXA GSMaP V8 operational / Google Earth Engine,0,2026-09-19T07:02:49.407474+00:00
PKGL-00002,2026-09-04T13:00:00+00:00,0.0,JAXA GSMaP V8 operational / Google Earth Engine,0,2026-09-19T07:02:49.407474+00:00
PKGL-00002,2026-09-04T14:00:00+00:00,0.0,JAXA GSMaP V8 operational / Google Earth Engine,0,2026-09-19T07:02:49.407474+00:00
PKGL-00002,2026-09-04T15:00:00+00:00,0.0,JAXA GSMaP V8 operational / Google Earth Engine,0,2026-09-19T07:02:49.407474+00:00
PKGL-00002,2026-09-04T16:00:00+00:00,0.0,JAXA GSMaP V8 operational / Google Earth Engine,0,2026-09-19T07:02:49.407474+00:00
PKGL-00002,2026-09-04T17:00:00+00:00,0.0,JAXA GSMaP V8 operational / Google Earth Engine,0,2026-09-19T07:02:49.407474+00:00
PKGL-00002,2026-09-04T18:00:00+00:00,0.0,JAXA GSMaP V8 operational / Google Earth Engine,0,2026-09-19T07:02:49.407474+00:00
PKGL-00002,2026-09-04T19:00:00+00:00,0.0,JAXA GSMaP V8 operational / Google Earth Engine,0,2026-09-19T07:02:49.407474+00:00
PKGL-00002,2026-09-04T20:00:00+00:00,0.0,JAXA GSMaP V8 operational / Google Earth Engine,0,2026-09-19T07:02:49.407474+00:00
PKGL-00002,2026-09-04T21:00:00+00:00,0.0,JAXA GSMaP V8 operational / Google Earth Engine,0,2026-09-19T07:02:49.407474+00:00
PKGL-00002,2026-09-04T22:00:00+00:00,0.0,JAXA GSMaP V8 operational / Google Earth Engine,0,2026-09-19T07:02:49.407474+00:00
PKGL-00002,2026-09-04T23:00:00+00:00,0.0,JAXA GSMaP V8 operational / Google Earth Engine,0,2026-09-19T07:02:49.407474+00:00
PKGL-00002,2026-09-05T00:00:00+00:00,0.0,JAXA GSMaP V8 operational / Google Earth Engine,0,2026-09-19T07:02:49.407474+00:00
PKGL-00002,2026-09-05T01:00:00+00:00,0.0,JAXA GSMaP V8 operational / Google Earth Engine,0,2026-09-19T07:02:49.407474+00:00
PKGL-00002,2026-09-05T02:00:00+00:00,0.0,JAXA GSMaP V8 operational / Google Earth Engine,0,2026-09-19T07:02:49.407474+00:00
PKGL-00002,2026-09-05T03:00:00+00:00,0.0,JAXA GSMaP V8 operational / Google Earth Engine,0,2026-09-19T07:02:49.407474+00:00
PKGL-00002,2026-09-05T04:00:00+00:00,0.0,JAXA GSMaP V8 operational / Google Earth Engine,0,2026-09-19T07:02:49.407474+00:00
PKGL-00002,2026-09-05T05:00:00+00:00,0.11713603883981705,JAXA GSMaP V8 operational / Google Earth Engine,0,2026-09-19T07:02:49.407474+00:00
PKGL-00002,2026-09-05T06:00:00+00:00,0.28881147503852844,JAXA GSMaP V8 operational / Google Earth Engine,0,2026-09-19T07:02:49.407474+00:00
PKGL-00002,2026-09-05T07:00:00+00:00,0.29327940940856934,JAXA GSMaP V8 operational / Google Earth Engine,0,2026-09-19T07:02:49.407474+00:00
PKGL-00002,2026-09-05T08:00:00+00:00,0.17503881454467773,JAXA GSMaP V8 operational / Google Earth Engine,0,2026-09-19T07:02:49.407474+00:00
PKGL-00002,2026-09-05T09:00:00+00:00,0.11053591221570969,JAXA GSMaP V8 operational / Google Earth Engine,0,2026-09-19T07:02:49.407474+00:00
PKGL-00002,2026-09-05T10:00:00+00:00,0.12066592276096344,JAXA GSMaP V8 operational / Google Earth Engine,0,2026-09-19T07:02:49.407474+00:00
PKGL-00002,2026-09-05T11:00:00+00:00,0.14653468132019043,JAXA GSMaP V8 operational / Google Earth Engine,0,2026-09-19T07:02:49.407474+00:00
PKGL-00002,2026-09-05T12:00:00+00:00,0.20249472558498383,JAXA GSMaP V8 operational / Google Earth Engine,0,2026-09-19T07:02:49.407474+00:00
PKGL-00002,2026-09-05T13:00:00+00:00,0.3118981122970581,JAXA GSMaP V8 operational / Google Earth Engine,0,2026-09-19T07:02:49.407474+00:00
PKGL-00002,2026-09-05T14:00:00+00:00,0.39622068405151367,JAXA GSMaP V8 operational / Google Earth Engine,0,2026-09-19T07:02:49.407474+00:00
PKGL-00002,2026-09-05T15:00:00+00:00,0.3545703589916229,JAXA GSMaP V8 operational / Google Earth Engine,0,2026-09-19T07:02:49.407474+00:00
PKGL-00002,2026-09-05T16:00:00+00:00,0.27343422174453735,JAXA GSMaP V8 operational / Google Earth Engine,0,2026-09-19T07:02:49.407474+00:00
PKGL-00002,2026-09-05T17:00:00+00:00,0.15861646831035614,JAXA GSMaP V8 operational / Google Earth Engine,0,2026-09-19T07:02:49.407474+00:00
PKGL-00002,2026-09-05T18:00:00+00:00,0.0,JAXA GSMaP V8 operational / Google Earth Engine,0,2026-09-19T07:02:49.407474+00:00
PKGL-00002,2026-09-05T19:00:00+00:00,0.0,JAXA GSMaP V8 operational / Google Earth Engine,0,2026-09-19T07:02:49.407474+00:00
PKGL-00002,2026-09-05T20:00:00+00:00,0.0,JAXA GSMaP V8 operational / Google Earth Engine,0,2026-09-19T07:02:49.407474+00:00
PKGL-00002,2026-09-05T21:00:00+00:00,0.0,JAXA GSMaP V8 operational / Google Earth Engine,0,2026-09-19T07:02:49.407474+00:00
PKGL-00002,2026-09-05T22:00:00+00:00,0.0,JAXA GSMaP V8 operational / Google Earth Engine,0,2026-09-19T07:02:49.407474+00:00
PKGL-00002,2026-09-05T23:00:00+00:00,0.0,JAXA GSMaP V8 operational / Google Earth Engine,0,2026-09-19T07:02:49.407474+00:00
PKGL-00002,2026-09-06T00:00:00+00:00,0.0,JAXA GSMaP V8 operational / Google Earth Engine,0,2026-09-19T07:02:49.407474+00:00
PKGL-00002,2026-09-06T01:00:00+00:00,0.0,JAXA GSMaP V8 operational / Google Earth Engine,0,2026-09-19T07:02:49.407474+00:00
PKGL-00002,2026-09-06T02:00:00+00:00,0.0,JAXA GSMaP V8 operational / Google Earth Engine,0,2026-09-19T07:02:49.407474+00:00
PKGL-00002,2026-09-06T03:00:00+00:00,0.0,JAXA GSMaP V8 operational / Google Earth Engine,0,2026-09-19T07:02:49.407474+00:00
PKGL-00002,2026-09-06T04:00:00+00:00,0.0,JAXA GSMaP V8 operational / Google Earth Engine,0,2026-09-19T07:02:49.407474+00:00
PKGL-00002,2026-09-06T05:00:00+00:00,0.0,JAXA GSMaP V8 operational / Google Earth Engine,0,2026-09-19T07:02:49.407474+00:00
PKGL-00002,2026-09-06T06:00:00+00:00,0.0,JAXA GSMaP V8 operational / Google Earth Engine,0,2026-09-19T07:02:49.407474+00:00
PKGL-00002,2026-09-06T07:00:00+00:00,0.0,JAXA GSMaP V8 operational / Google Earth Engine,0,2026-09-19T07:02:49.407474+00:00
PKGL-00002,2026-09-06T08:00:00+00:00,0.0,JAXA GSMaP V8 operational / Google Earth Engine,0,2026-09-19T07:02:49.407474+00:00
PKGL-00002,2026-09-06T09:00:00+00:00,0.0,JAXA GSMaP V8 operational / Google Earth Engine,0,2026-09-19T07:02:49.407474+00:00
PKGL-00002,2026-09-06T10:00:00+00:00,0.0,JAXA GSMaP V8 operational / Google Earth Engine,0,2026-09-19T07:02:49.407474+00:00
PKGL-00002,2026-09-06T11:00:00+00:00,0.0,JAXA GSMaP V8 operational / Google Earth Engine,0,2026-09-19T07:02:49.407474+00:00
PKGL-00002,2026-09-06T12:00:00+00:00,0.0,JAXA GSMaP V8 operational / Google Earth Engine,0,2026-09-19T07:02:49.407474+00:00
PKGL-00002,2026-09-06T13:00:00+00:00,0.0,JAXA GSMaP V8 operational / Google Earth Engine,0,2026-09-19T07:02:49.407474+00:00
PKGL-00002,2026-09-06T14:00:00+00:00,0.0,JAXA GSMaP V8 operational / Google Earth Engine,0,2026-09-19T07:02:49.407474+00:00
PKGL-00002,2026-09-06T15:00:00+00:00,0.0,JAXA GSMaP V8 operational / Google Earth Engine,0,2026-09-19T07:02:49.407474+00:00
PKGL-00002,2026-09-06T16:00:00+00:00,0.0,JAXA GSMaP V8 operational / Google Earth Engine,0,2026-09-19T07:02:49.407474+00:00
PKGL-00002,2026-09-06T17:00:00+00:00,0.0,JAXA GSMaP V8 operational / Google Earth Engine,0,2026-09-19T07:02:49.407474+00:00
PKGL-00002,2026-09-06T18:00:00+00:00,0.0,JAXA GSMaP V8 operational / Google Earth Engine,0,2026-09-19T07:02:49.407474+00:00
PKGL-00002,2026-09-06T19:00:00+00:00,0.0,JAXA GSMaP V8 operational / Google Earth Engine,0,2026-09-19T07:02:49.407474+00:00
PKGL-00002,2026-09-06T20:00:00+00:00,0.0,JAXA GSMaP V8 operational / Google Earth Engine,0,2026-09-19T07:02:49.407474+00:00
PKGL-00002,2026-09-06T21:00:00+00:00,0.0,JAXA GSMaP V8 operational / Google Earth Engine,0,2026-09-19T07:02:49.407474+00:00
PKGL-00002,2026-09-06T22:00:00+00:00,0.0,JAXA GSMaP V8 operational / Google Earth Engine,0,2026-09-19T07:02:49.407474+00:00
PKGL-00002,2026-09-06T23:00:00+00:00,0.0,JAXA GSMaP V8 operational / Google Earth Engine,0,2026-09-19T07:02:49.407474+00:00
PKGL-00002,2026-09-07T00:00:00+00:00,0.0,JAXA GSMaP V8 operational / Google Earth Engine,0,2026-09-19T07:02:49.407474+00:00
PKGL-00002,2026-09-07T01:00:00+00:00,0.0,JAXA GSMaP V8 operational / Google Earth Engine,0,2026-09-19T07:02:49.407474+00:00
PKGL-00002,2026-09-07T02:00:00+00:00,0.0,JAXA GSMaP V8 operational / Google Earth Engine,0,2026-09-19T07:02:49.407474+00:00
PKGL-00002,2026-09-07T03:00:00+00:00,0.0,JAXA GSMaP V8 operational / Google Earth Engine,0,2026-09-19T07:02:49.407474+00:00
PKGL-00002,2026-09-07T04:00:00+00:00,0.0,JAXA GSMaP V8 operational / Google Earth Engine,0,2026-09-19T07:02:49.407474+00:00
PKGL-00002,2026-09-07T05:00:00+00:00,0.0,JAXA GSMaP V8 operational / Google Earth Engine,0,2026-09-19T07:02:49.407474+00:00
PKGL-00002,2026-09-07T06:00:00+00:00,0.0,JAXA GSMaP V8 operational / Google Earth Engine,0,2026-09-19T07:02:49.407474+00:00
PKGL-00002,2026-09-07T07:00:00+00:00,0.0,JAXA GSMaP V8 operational / Google Earth Engine,0,2026-09-19T07:02:49.407474+00:00
PKGL-00002,2026-09-07T08:00:00+00:00,0.0,JAXA GSMaP V8 operational / Google Earth Engine,0,2026-09-19T07:02:49.407474+00:00
PKGL-00002,2026-09-07T09:00:00+00:00,0.0,JAXA GSMaP V8 operational / Google Earth Engine,0,2026-09-19T07:02:49.407474+00:00
PKGL-00002,2026-09-07T10:00:00+00:00,0.0,JAXA GSMaP V8 operational / Google Earth Engine,0,2026-09-19T07:02:49.407474+00:00
PKGL-00002,2026-09-07T11:00:00+00:00,0.0,JAXA GSMaP V8 operational / Google Earth Engine,0,2026-09-19T07:02:49.407474+00:00
PKGL-00002,2026-09-07T12:00:00+00:00,0.0,JAXA GSMaP V8 operational / Google Earth Engine,0,2026-09-19T07:02:49.407474+00:00
PKGL-00002,2026-09-07T13:00:00+00:00,0.0,JAXA GSMaP V8 operational / Google Earth Engine,0,2026-09-19T07:02:49.407474+00:00
PKGL-00002,2026-09-07T14:00:00+00:00,0.0,JAXA GSMaP V8 operational / Google Earth Engine,0,2026-09-19T07:02:49.407474+00:00
PKGL-00002,2026-09-07T15:00:00+00:00,0.0,JAXA GSMaP V8 operational / Google Earth Engine,0,2026-09-19T07:02:49.407474+00:00
PKGL-00002,2026-09-07T16:00:00+00:00,0.0,JAXA GSMaP V8 operational / Google Earth Engine,0,2026-09-19T07:02:49.407474+00:00
PKGL-00002,2026-09-07T17:00:00+00:00,0.0,JAXA GSMaP V8 operational / Google Earth Engine,0,2026-09-19T07:02:49.407474+00:00
PKGL-00002,2026-09-07T18:00:00+00:00,0.0,JAXA GSMaP V8 operational / Google Earth Engine,0,2026-09-19T07:02:49.407474+00:00
PKGL-00002,2026-09-07T19:00:00+00:00,0.0,JAXA GSMaP V8 operational / Google Earth Engine,0,2026-09-19T07:02:49.407474+00:00
PKGL-00002,2026-09-07T20:00:00+00:00,0.0,JAXA GSMaP V8 operational / Google Earth Engine,0,2026-09-19T07:02:49.407474+00:00
PKGL-00002,2026-09-07T21:00:00+00:00,0.0,JAXA GSMaP V8 operational / Google Earth Engine,0,2026-09-19T07:02:49.407474+00:00
PKGL-00002,2026-09-07T22:00:00+00:00,0.0,JAXA GSMaP V8 operational / Google Earth Engine,0,2026-09-19T07:02:49.407474+00:00
PKGL-00002,2026-09-07T23:00:00+00:00,0.0,JAXA GSMaP V8 operational / Google Earth Engine,0,2026-09-19T07:02:49.407474+00:00
PKGL-00002,2026-09-08T00:00:00+00:00,0.0,JAXA GSMaP V8 operational / Google Earth Engine,0,2026-09-19T07:02:49.407474+00:00
PKGL-00002,2026-09-08T01:00:00+00:00,0.0,JAXA GSMaP V8 operational / Google Earth Engine,0,2026-09-19T07:02:49.407474+00:00
PKGL-00002,2026-09-08T02:00:00+00:00,0.0,JAXA GSMaP V8 operational / Google Earth Engine,0,2026-09-19T07:02:49.407474+00:00
PKGL-00002,2026-09-08T03:00:00+00:00,0.0,JAXA GSMaP V8 operational / Google Earth Engine,0,2026-09-19T07:02:49.407474+00:00
PKGL-00002,2026-09-08T04:00:00+00:00,0.0,JAXA GSMaP V8 operational / Google Earth Engine,0,2026-09-19T07:02:49.407474+00:00
PKGL-00002,2026-09-08T05:00:00+00:00,0.0,JAXA GSMaP V8 operational / Google Earth Engine,0,2026-09-19T07:02:49.407474+00:00
PKGL-00002,2026-09-08T06:00:00+00:00,0.0,JAXA GSMaP V8 operational / Google Earth Engine,0,2026-09-19T07:02:49.407474+00:00
PKGL-00002,2026-09-08T07:00:00+00:00,0.0,JAXA GSMaP V8 operational / Google Earth Engine,0,2026-09-19T07:02:49.407474+00:00
PKGL-00002,2026-09-08T08:00:00+00:00,0.0,JAXA GSMaP V8 operational / Google Earth Engine,0,2026-09-19T07:02:49.407474+00:00
PKGL-00002,2026-09-08T09:00:00+00:00,0.0,JAXA GSMaP V8 operational / Google Earth Engine,0,2026-09-19T07:02:49.407474+00:00
PKGL-00002,2026-09-08T10:00:00+00:00,0.0,JAXA GSMaP V8 operational / Google Earth Engine,0,2026-09-19T07:02:49.407474+00:00
PKGL-00002,2026-09-08T11:00:00+00:00,0.0,JAXA GSMaP V8 operational / Google Earth Engine,0,2026-09-19T07:02:49.407474+00:00
PKGL-00002,2026-09-08T12:00:00+00:00,0.0,JAXA GSMaP V8 operational / Google Earth Engine,0,2026-09-19T07:02:49.407474+00:00
PKGL-00002,2026-09-08T13:00:00+00:00,0.0,JAXA GSMaP V8 operational / Google Earth Engine,0,2026-09-19T07:02:49.407474+00:00
PKGL-00002,2026-09-08T14:00:00+00:00,0.0,JAXA GSMaP V8 operational / Google Earth Engine,0,2026-09-19T07:02:49.407474+00:00
PKGL-00002,2026-09-08T15:00:00+00:00,0.0,JAXA GSMaP V8 operational / Google Earth Engine,0,2026-09-19T07:02:49.407474+00:00
PKGL-00002,2026-09-08T16:00:00+00:00,0.0,JAXA GSMaP V8 operational / Google Earth Engine,0,2026-09-19T07:02:49.407474+00:00
PKGL-00002,2026-09-08T17:00:00+00:00,0.0,JAXA GSMaP V8 operational / Google Earth Engine,0,2026-09-19T07:02:49.407474+00:00
PKGL-00002,2026-09-08T18:00:00+00:00,0.0,JAXA GSMaP V8 operational / Google Earth Engine,0,2026-09-19T07:02:49.407474+00:00
PKGL-00002,2026-09-08T19:00:00+00:00,0.0,JAXA GSMaP V8 operational / Google Earth Engine,0,2026-09-19T07:02:49.407474+00:00
PKGL-00002,2026-09-08T20:00:00+00:00,0.0,JAXA GSMaP V8 operational / Google Earth Engine,0,2026-09-19T07:02:49.407474+00:00
PKGL-00002,2026-09-08T21:00:00+00:00,0.0,JAXA GSMaP V8 operational / Google Earth Engine,0,2026-09-19T07:02:49.407474+00:00
PKGL-00002,2026-09-08T22:00:00+00:00,0.0,JAXA GSMaP V8 operational / Google Earth Engine,0,2026-09-19T07:02:49.407474+00:00
PKGL-00002,2026-09-08T23:00:00+00:00,0.0,JAXA GSMaP V8 operational / Google Earth Engine,0,2026-09-19T07:02:49.407474+00:00
PKGL-00002,2026-09-09T00:00:00+00:00,0.0,JAXA GSMaP V8 operational / Google Earth Engine,0,2026-09-19T07:02:49.407474+00:00
PKGL-00002,2026-09-09T01:00:00+00:00,0.0,JAXA GSMaP V8 operational / Google Earth Engine,0,2026-09-19T07:02:49.407474+00:00
PKGL-00002,2026-09-09T02:00:00+00:00,0.0,JAXA GSMaP V8 operational / Google Earth Engine,0,2026-09-19T07:02:49.407474+00:00
PKGL-00002,2026-09-09T03:00:00+00:00,0.0,JAXA GSMaP V8 operational / Google Earth Engine,0,2026-09-19T07:02:49.407474+00:00
PKGL-00002,2026-09-09T04:00:00+00:00,0.0,JAXA GSMaP V8 operational / Google Earth Engine,0,2026-09-19T07:02:49.407474+00:00
PKGL-00002,2026-09-09T05:00:00+00:00,0.0,JAXA GSMaP V8 operational / Google Earth Engine,0,2026-09-19T07:02:49.407474+00:00
PKGL-00002,2026-09-09T06:00:00+00:00,0.0,JAXA GSMaP V8 operational / Google Earth Engine,0,2026-09-19T07:02:49.407474+00:00
PKGL-00002,2026-09-09T07:00:00+00:00,0.0,JAXA GSMaP V8 operational / Google Earth Engine,0,2026-09-19T07:02:49.407474+00:00
PKGL-00002,2026-09-09T08:00:00+00:00,0.0,JAXA GSMaP V8 operational / Google Earth Engine,0,2026-09-19T07:02:49.407474+00:00
PKGL-00002,2026-09-09T09:00:00+00:00,0.0,JAXA GSMaP V8 operational / Google Earth Engine,0,2026-09-19T07:02:49.407474+00:00
PKGL-00002,2026-09-09T10:00:00+00:00,0.0,JAXA GSMaP V8 operational / Google Earth Engine,0,2026-09-19T07:02:49.407474+00:00
PKGL-00002,2026-09-09T11:00:00+00:00,0.0,JAXA GSMaP V8 operational / Google Earth Engine,0,2026-09-19T07:02:49.407474+00:00
PKGL-00002,2026-09-09T12:00:00+00:00,0.0,JAXA GSMaP V8 operational / Google Earth Engine,0,2026-09-19T07:02:49.407474+00:00
PKGL-00002,2026-09-09T13:00:00+00:00,0.0,JAXA GSMaP V8 operational / Google Earth Engine,0,2026-09-19T07:02:49.407474+00:00
PKGL-00002,2026-09-09T14:00:00+00:00,0.0,JAXA GSMaP V8 operational / Google Earth Engine,0,2026-09-19T07:02:49.407474+00:00
PKGL-00002,2026-09-09T15:00:00+00:00,0.0,JAXA GSMaP V8 operational / Google Earth Engine,0,2026-09-19T07:02:49.407474+00:00
PKGL-00002,2026-09-09T16:00:00+00:00,0.0,JAXA GSMaP V8 operational / Google Earth Engine,0,2026-09-19T07:02:49.407474+00:00
PKGL-00002,2026-09-09T17:00:00+00:00,0.0,JAXA GSMaP V8 operational / Google Earth Engine,0,2026-09-19T07:02:49.407474+00:00
PKGL-00002,2026-09-09T18:00:00+00:00,0.0,JAXA GSMaP V8 operational / Google Earth Engine,0,2026-09-19T07:02:49.407474+00:00
PKGL-00002,2026-09-09T19:00:00+00:00,0.0,JAXA GSMaP V8 operational / Google Earth Engine,0,2026-09-19T07:02:49.407474+00:00
PKGL-00002,2026-09-09T20:00:00+00:00,0.0,JAXA GSMaP V8 operational / Google Earth Engine,0,2026-09-19T07:02:49.407474+00:00
PKGL-00002,2026-09-09T21:00:00+00:00,0.0,JAXA GSMaP V8 operational / Google Earth Engine,0,2026-09-19T07:02:49.407474+00:00
PKGL-00002,2026-09-09T22:00:00+00:00,0.0,JAXA GSMaP V8 operational / Google Earth Engine,0,2026-09-19T07:02:49.407474+00:00
PKGL-00002,2026-09-09T23:00:00+00:00,0.0,JAXA GSMaP V8 operational / Google Earth Engine,0,2026-09-19T07:02:49.407474+00:00
PKGL-00002,2026-09-10T00:00:00+00:00,0.0,JAXA GSMaP V8 operational / Google Earth Engine,0,2026-09-19T07:02:49.407474+00:00
PKGL-00002,2026-09-10T01:00:00+00:00,0.0,JAXA GSMaP V8 operational / Google Earth Engine,0,2026-09-19T07:02:49.407474+00:00
PKGL-00002,2026-09-10T02:00:00+00:00,0.0,JAXA GSMaP V8 operational / Google Earth Engine,0,2026-09-19T07:02:49.407474+00:00
PKGL-00002,2026-09-10T03:00:00+00:00,0.0,JAXA GSMaP V8 operational / Google Earth Engine,0,2026-09-19T07:02:49.407474+00:00
PKGL-00002,2026-09-10T04:00:00+00:00,0.0,JAXA GSMaP V8 operational / Google Earth Engine,0,2026-09-19T07:02:49.407474+00:00
PKGL-00002,2026-09-10T05:00:00+00:00,0.0,JAXA GSMaP V8 operational / Google Earth Engine,0,2026-09-19T07:02:49.407474+00:00
PKGL-00002,2026-09-10T06:00:00+00:00,0.0,JAXA GSMaP V8 operational / Google Earth Engine,0,2026-09-19T07:02:49.407474+00:00
PKGL-00002,2026-09-10T07:00:00+00:00,0.0,JAXA GSMaP V8 operational / Google Earth Engine,0,2026-09-19T07:02:49.407474+00:00
PKGL-00002,2026-09-10T08:00:00+00:00,0.0,JAXA GSMaP V8 operational / Google Earth Engine,0,2026-09-19T07:02:49.407474+00:00
PKGL-00002,2026-09-10T09:00:00+00:00,0.0,JAXA GSMaP V8 operational / Google Earth Engine,0,2026-09-19T07:02:49.407474+00:00
PKGL-00002,2026-09-10T10:00:00+00:00,0.0,JAXA GSMaP V8 operational / Google Earth Engine,0,2026-09-19T07:02:49.407474+00:00
PKGL-00002,2026-09-10T11:00:00+00:00,0.0,JAXA GSMaP V8 operational / Google Earth Engine,0,2026-09-19T07:02:49.407474+00:00
PKGL-00002,2026-09-10T12:00:00+00:00,0.0,JAXA GSMaP V8 operational / Google Earth Engine,0,2026-09-19T07:02:49.407474+00:00
PKGL-00002,2026-09-10T13:00:00+00:00,0.0,JAXA GSMaP V8 operational / Google Earth Engine,0,2026-09-19T07:02:49.407474+00:00
PKGL-00002,2026-09-10T14:00:00+00:00,0.0,JAXA GSMaP V8 operational / Google Earth Engine,0,2026-09-19T07:02:49.407474+00:00
PKGL-00002,2026-09-10T15:00:00+00:00,0.0,JAXA GSMaP V8 operational / Google Earth Engine,0,2026-09-19T07:02:49.407474+00:00
PKGL-00002,2026-09-10T16:00:00+00:00,0.0,JAXA GSMaP V8 operational / Google Earth Engine,0,2026-09-19T07:02:49.407474+00:00
PKGL-00002,2026-09-10T17:00:00+00:00,0.0,JAXA GSMaP V8 operational / Google Earth Engine,0,2026-09-19T07:02:49.407474+00:00
PKGL-00002,2026-09-10T18:00:00+00:00,0.0,JAXA GSMaP V8 operational / Google Earth Engine,0,2026-09-19T07:02:49.407474+00:00
PKGL-00002,2026-09-10T19:00:00+00:00,0.0,JAXA GSMaP V8 operational / Google Earth Engine,0,2026-09-19T07:02:49.407474+00:00
PKGL-00002,2026-09-10T20:00:00+00:00,0.0,JAXA GSMaP V8 operational / Google Earth Engine,0,2026-09-19T07:02:49.407474+00:00
PKGL-00002,2026-09-10T21:00:00+00:00,0.0,JAXA GSMaP V8 operational / Google Earth Engine,0,2026-09-19T07:02:49.407474+00:00
PKGL-00002,2026-09-10T22:00:00+00:00,0.0,JAXA GSMaP V8 operational / Google Earth Engine,0,2026-09-19T07:02:49.407474+00:00
PKGL-00002,2026-09-10T23:00:00+00:00,0.0,JAXA GSMaP V8 operational / Google Earth Engine,0,2026-09-19T07:02:49.407474+00:00
PKGL-00002,2026-09-11T00:00:00+00:00,0.0,JAXA GSMaP V8 operational / Google Earth Engine,0,2026-09-19T07:02:49.407474+00:00
PKGL-00002,2026-09-11T01:00:00+00:00,0.0,JAXA GSMaP V8 operational / Google Earth Engine,0,2026-09-19T07:02:49.407474+00:00
PKGL-00002,2026-09-11T02:00:00+00:00,0.0,JAXA GSMaP V8 operational / Google Earth Engine,0,2026-09-19T07:02:49.407474+00:00
PKGL-00002,2026-09-11T03:00:00+00:00,0.0,JAXA GSMaP V8 operational / Google Earth Engine,0,2026-09-19T07:02:49.407474+00:00
PKGL-00002,2026-09-11T04:00:00+00:00,0.0,JAXA GSMaP V8 operational / Google Earth Engine,0,2026-09-19T07:02:49.407474+00:00
PKGL-00002,2026-09-11T05:00:00+00:00,0.0,JAXA GSMaP V8 operational / Google Earth Engine,0,2026-09-19T07:02:49.407474+00:00
PKGL-00002,2026-09-11T06:00:00+00:00,0.0,JAXA GSMaP V8 operational / Google Earth Engine,0,2026-09-19T07:02:49.407474+00:00
PKGL-00002,2026-09-11T07:00:00+00:00,0.0,JAXA GSMaP V8 operational / Google Earth Engine,0,2026-09-19T07:02:49.407474+00:00
PKGL-00002,2026-09-11T08:00:00+00:00,0.0,JAXA GSMaP V8 operational / Google Earth Engine,0,2026-09-19T07:02:49.407474+00:00
PKGL-00002,2026-09-11T09:00:00+00:00,0.0,JAXA GSMaP V8 operational / Google Earth Engine,0,2026-09-19T07:02:49.407474+00:00
PKGL-00002,2026-09-11T10:00:00+00:00,0.0,JAXA GSMaP V8 operational / Google Earth Engine,0,2026-09-19T07:02:49.407474+00:00
PKGL-00002,2026-09-11T11:00:00+00:00,0.0,JAXA GSMaP V8 operational / Google Earth Engine,0,2026-09-19T07:02:49.407474+00:00
PKGL-00002,2026-09-11T12:00:00+00:00,0.0,JAXA GSMaP V8 operational / Google Earth Engine,0,2026-09-19T07:02:49.407474+00:00
PKGL-00002,2026-09-11T13:00:00+00:00,0.0,JAXA GSMaP V8 operational / Google Earth Engine,0,2026-09-19T07:02:49.407474+00:00
PKGL-00002,2026-09-11T14:00:00+00:00,0.27383479475975037,JAXA GSMaP V8 operational / Google Earth Engine,0,2026-09-19T07:02:49.407474+00:00
PKGL-00002,2026-09-11T15:00:00+00:00,0.6020940542221069,JAXA GSMaP V8 operational / Google Earth Engine,0,2026-09-19T07:02:49.407474+00:00
PKGL-00002,2026-09-11T16:00:00+00:00,1.088977336883545,JAXA GSMaP V8 operational / Google Earth Engine,0,2026-09-19T07:02:49.407474+00:00
PKGL-00002,2026-09-11T17:00:00+00:00,1.54452383518219,JAXA GSMaP V8 operational / Google Earth Engine,0,2026-09-19T07:02:49.407474+00:00
PKGL-00002,2026-09-11T18:00:00+00:00,1.1914937496185303,JAXA GSMaP V8 operational / Google Earth Engine,0,2026-09-19T07:02:49.407474+00:00
PKGL-00002,2026-09-11T19:00:00+00:00,0.7690847516059875,JAXA GSMaP V8 operational / Google Earth Engine,0,2026-09-19T07:02:49.407474+00:00
PKGL-00002,2026-09-11T20:00:00+00:00,0.43972378969192505,JAXA GSMaP V8 operational / Google Earth Engine,0,2026-09-19T07:02:49.407474+00:00
PKGL-00002,2026-09-11T21:00:00+00:00,0.146147221326828,JAXA GSMaP V8 operational / Google Earth Engine,0,2026-09-19T07:02:49.407474+00:00
PKGL-00002,2026-09-11T22:00:00+00:00,0.0,JAXA GSMaP V8 operational / Google Earth Engine,0,2026-09-19T07:02:49.407474+00:00
PKGL-00002,2026-09-11T23:00:00+00:00,0.0,JAXA GSMaP V8 operational / Google Earth Engine,0,2026-09-19T07:02:49.407474+00:00
PKGL-00002,2026-09-12T00:00:00+00:00,0.0,JAXA GSMaP V8 operational / Google Earth Engine,0,2026-09-19T07:02:49.407474+00:00
PKGL-00002,2026-09-12T01:00:00+00:00,0.0,JAXA GSMaP V8 operational / Google Earth Engine,0,2026-09-19T07:02:49.407474+00:00
PKGL-00002,2026-09-12T02:00:00+00:00,0.0,JAXA GSMaP V8 operational / Google Earth Engine,0,2026-09-19T07:02:49.407474+00:00
PKGL-00002,2026-09-12T03:00:00+00:00,0.0,JAXA GSMaP V8 operational / Google Earth Engine,0,2026-09-19T07:02:49.407474+00:00
PKGL-00002,2026-09-12T04:00:00+00:00,0.0,JAXA GSMaP V8 operational / Google Earth Engine,0,2026-09-19T07:02:49.407474+00:00
PKGL-00002,2026-09-12T05:00:00+00:00,0.0,JAXA GSMaP V8 operational / Google Earth Engine,0,2026-09-19T07:02:49.407474+00:00
PKGL-00002,2026-09-12T06:00:00+00:00,0.0,JAXA GSMaP V8 operational / Google Earth Engine,0,2026-09-19T07:02:49.407474+00:00
PKGL-00002,2026-09-12T07:00:00+00:00,0.0,JAXA GSMaP V8 operational / Google Earth Engine,0,2026-09-19T07:02:49.407474+00:00
PKGL-00002,2026-09-12T08:00:00+00:00,0.0,JAXA GSMaP V8 operational / Google Earth Engine,0,2026-09-19T07:02:49.407474+00:00
PKGL-00002,2026-09-12T09:00:00+00:00,0.0,JAXA GSMaP V8 operational / Google Earth Engine,0,2026-09-19T07:02:49.407474+00:00
PKGL-00002,2026-09-12T10:00:00+00:00,0.0,JAXA GSMaP V8 operational / Google Earth Engine,0,2026-09-19T07:02:49.407474+00:00
PKGL-00002,2026-09-12T11:00:00+00:00,0.0,JAXA GSMaP V8 operational / Google Earth Engine,0,2026-09-19T07:02:49.407474+00:00
PKGL-00002,2026-09-12T12:00:00+00:00,0.0,JAXA GSMaP V8 operational / Google Earth Engine,0,2026-09-19T07:02:49.407474+00:00
PKGL-00002,2026-09-12T13:00:00+00:00,0.0,JAXA GSMaP V8 operational / Google Earth Engine,0,2026-09-19T07:02:49.407474+00:00
PKGL-00002,2026-09-12T14:00:00+00:00,0.0,JAXA GSMaP V8 operational / Google Earth Engine,0,2026-09-19T07:02:49.407474+00:00
PKGL-00002,2026-09-12T15:00:00+00:00,0.0,JAXA GSMaP V8 operational / Google Earth Engine,0,2026-09-19T07:02:49.407474+00:00
PKGL-00002,2026-09-12T16:00:00+00:00,0.0,JAXA GSMaP V8 operational / Google Earth Engine,0,2026-09-19T07:02:49.407474+00:00
PKGL-00002,2026-09-12T17:00:00+00:00,0.0,JAXA GSMaP V8 operational / Google Earth Engine,0,2026-09-19T07:02:49.407474+00:00
PKGL-00002,2026-09-12T18:00:00+00:00,0.0,JAXA GSMaP V8 operational / Google Earth Engine,0,2026-09-19T07:02:49.407474+00:00
PKGL-00002,2026-09-12T19:00:00+00:00,0.0,JAXA GSMaP V8 operational / Google Earth Engine,0,2026-09-19T07:02:49.407474+00:00
PKGL-00002,2026-09-12T20:00:00+00:00,0.0,JAXA GSMaP V8 operational / Google Earth Engine,0,2026-09-19T07:02:49.407474+00:00
PKGL-00002,2026-09-12T21:00:00+00:00,0.0,JAXA GSMaP V8 operational / Google Earth Engine,0,2026-09-19T07:02:49.407474+00:00
PKGL-00002,2026-09-12T22:00:00+00:00,0.0,JAXA GSMaP V8 operational / Google Earth Engine,0,2026-09-19T07:02:49.407474+00:00
PKGL-00002,2026-09-12T23:00:00+00:00,0.0,JAXA GSMaP V8 operational / Google Earth Engine,0,2026-09-19T07:02:49.407474+00:00
PKGL-00002,2026-09-13T00:00:00+00:00,0.0,JAXA GSMaP V8 operational / Google Earth Engine,0,2026-09-19T07:02:49.407474+00:00
PKGL-00002,2026-09-13T01:00:00+00:00,0.0,JAXA GSMaP V8 operational / Google Earth Engine,0,2026-09-19T07:02:49.407474+00:00
PKGL-00002,2026-09-13T02:00:00+00:00,0.0,JAXA GSMaP V8 operational / Google Earth Engine,0,2026-09-19T07:02:49.407474+00:00
PKGL-00002,2026-09-13T03:00:00+00:00,0.0,JAXA GSMaP V8 operational / Google Earth Engine,0,2026-09-19T07:02:49.407474+00:00
PKGL-00002,2026-09-13T04:00:00+00:00,0.0,JAXA GSMaP V8 operational / Google Earth Engine,0,2026-09-19T07:02:49.407474+00:00
PKGL-00002,2026-09-13T05:00:00+00:00,0.0,JAXA GSMaP V8 operational / Google Earth Engine,0,2026-09-19T07:02:49.407474+00:00
PKGL-00002,2026-09-13T06:00:00+00:00,0.0,JAXA GSMaP V8 operational / Google Earth Engine,0,2026-09-19T07:02:49.407474+00:00
PKGL-00002,2026-09-13T07:00:00+00:00,0.4121759235858917,JAXA GSMaP V8 operational / Google Earth Engine,0,2026-09-19T07:02:49.407474+00:00
PKGL-00002,2026-09-13T08:00:00+00:00,0.3554075360298157,JAXA GSMaP V8 operational / Google Earth Engine,0,2026-09-19T07:02:49.407474+00:00
PKGL-00002,2026-09-13T09:00:00+00:00,0.13193155825138092,JAXA GSMaP V8 operational / Google Earth Engine,0,2026-09-19T07:02:49.407474+00:00
PKGL-00002,2026-09-13T10:00:00+00:00,0.0,JAXA GSMaP V8 operational / Google Earth Engine,0,2026-09-19T07:02:49.407474+00:00
PKGL-00002,2026-09-13T11:00:00+00:00,0.0,JAXA GSMaP V8 operational / Google Earth Engine,0,2026-09-19T07:02:49.407474+00:00
PKGL-00002,2026-09-13T12:00:00+00:00,0.0,JAXA GSMaP V8 operational / Google Earth Engine,0,2026-09-19T07:02:49.407474+00:00
PKGL-00002,2026-09-13T13:00:00+00:00,0.0,JAXA GSMaP V8 operational / Google Earth Engine,0,2026-09-19T07:02:49.407474+00:00
PKGL-00002,2026-09-13T14:00:00+00:00,0.0,JAXA GSMaP V8 operational / Google Earth Engine,0,2026-09-19T07:02:49.407474+00:00
PKGL-00002,2026-09-13T15:00:00+00:00,0.0,JAXA GSMaP V8 operational / Google Earth Engine,0,2026-09-19T07:02:49.407474+00:00
PKGL-00002,2026-09-13T16:00:00+00:00,0.0,JAXA GSMaP V8 operational / Google Earth Engine,0,2026-09-19T07:02:49.407474+00:00
PKGL-00002,2026-09-13T17:00:00+00:00,0.0,JAXA GSMaP V8 operational / Google Earth Engine,0,2026-09-19T07:02:49.407474+00:00
PKGL-00002,2026-09-13T18:00:00+00:00,0.0,JAXA GSMaP V8 operational / Google Earth Engine,0,2026-09-19T07:02:49.407474+00:00
PKGL-00002,2026-09-13T19:00:00+00:00,0.0,JAXA GSMaP V8 operational / Google Earth Engine,0,2026-09-19T07:02:49.407474+00:00
PKGL-00002,2026-09-13T20:00:00+00:00,0.0,JAXA GSMaP V8 operational / Google Earth Engine,0,2026-09-19T07:02:49.407474+00:00
PKGL-00002,2026-09-13T21:00:00+00:00,0.0,JAXA GSMaP V8 operational / Google Earth Engine,0,2026-09-19T07:02:49.407474+00:00
PKGL-00002,2026-09-13T22:00:00+00:00,0.0,JAXA GSMaP V8 operational / Google Earth Engine,0,2026-09-19T07:02:49.407474+00:00
PKGL-00002,2026-09-13T23:00:00+00:00,0.0,JAXA GSMaP V8 operational / Google Earth Engine,0,2026-09-19T07:02:49.407474+00:00
PKGL-00002,2026-09-14T00:00:00+00:00,0.0,JAXA GSMaP V8 operational / Google Earth Engine,0,2026-09-19T07:02:49.407474+00:00
PKGL-00002,2026-09-14T01:00:00+00:00,0.0,JAXA GSMaP V8 operational / Google Earth Engine,0,2026-09-19T07:02:49.407474+00:00
PKGL-00002,2026-09-14T02:00:00+00:00,0.0,JAXA GSMaP V8 operational / Google Earth Engine,0,2026-09-19T07:02:49.407474+00:00
PKGL-00002,2026-09-14T03:00:00+00:00,0.0,JAXA GSMaP V8 operational / Google Earth Engine,0,2026-09-19T07:02:49.407474+00:00
PKGL-00002,2026-09-14T04:00:00+00:00,0.0,JAXA GSMaP V8 operational / Google Earth Engine,0,2026-09-19T07:02:49.407474+00:00
PKGL-00002,2026-09-14T05:00:00+00:00,0.0,JAXA GSMaP V8 operational / Google Earth Engine,0,2026-09-19T07:02:49.407474+00:00
PKGL-00002,2026-09-14T06:00:00+00:00,0.0,JAXA GSMaP V8 operational / Google Earth Engine,0,2026-09-19T07:02:49.407474+00:00
PKGL-00002,2026-09-14T07:00:00+00:00,0.0,JAXA GSMaP V8 operational / Google Earth Engine,0,2026-09-19T07:02:49.407474+00:00
PKGL-00002,2026-09-14T08:00:00+00:00,0.0,JAXA GSMaP V8 operational / Google Earth Engine,0,2026-09-19T07:02:49.407474+00:00
PKGL-00002,2026-09-14T09:00:00+00:00,0.0,JAXA GSMaP V8 operational / Google Earth Engine,0,2026-09-19T07:02:49.407474+00:00
PKGL-00002,2026-09-14T10:00:00+00:00,0.0,JAXA GSMaP V8 operational / Google Earth Engine,0,2026-09-19T07:02:49.407474+00:00
PKGL-00002,2026-09-14T11:00:00+00:00,0.0,JAXA GSMaP V8 operational / Google Earth Engine,0,2026-09-19T07:02:49.407474+00:00
PKGL-00002,2026-09-14T12:00:00+00:00,0.0,JAXA GSMaP V8 operational / Google Earth Engine,0,2026-09-19T07:02:49.407474+00:00
PKGL-00002,2026-09-14T13:00:00+00:00,0.10798721015453339,JAXA GSMaP V8 operational / Google Earth Engine,0,2026-09-19T07:02:49.407474+00:00
PKGL-00002,2026-09-14T14:00:00+00:00,0.1851215660572052,JAXA GSMaP V8 operational / Google Earth Engine,0,2026-09-19T07:02:49.407474+00:00
PKGL-00002,2026-09-14T15:00:00+00:00,0.2113121598958969,JAXA GSMaP V8 operational / Google Earth Engine,0,2026-09-19T07:02:49.407474+00:00
PKGL-00002,2026-09-14T16:00:00+00:00,0.24203719198703766,JAXA GSMaP V8 operational / Google Earth Engine,0,2026-09-19T07:02:49.407474+00:00
PKGL-00002,2026-09-14T17:00:00+00:00,0.1354810893535614,JAXA GSMaP V8 operational / Google Earth Engine,0,2026-09-19T07:02:49.407474+00:00
PKGL-00002,2026-09-14T18:00:00+00:00,0.0,JAXA GSMaP V8 operational / Google Earth Engine,0,2026-09-19T07:02:49.407474+00:00
PKGL-00002,2026-09-14T19:00:00+00:00,0.0,JAXA GSMaP V8 operational / Google Earth Engine,0,2026-09-19T07:02:49.407474+00:00
PKGL-00002,2026-09-14T20:00:00+00:00,0.0,JAXA GSMaP V8 operational / Google Earth Engine,0,2026-09-19T07:02:49.407474+00:00
PKGL-00002,2026-09-14T21:00:00+00:00,0.0,JAXA GSMaP V8 operational / Google Earth Engine,0,2026-09-19T07:02:49.407474+00:00
PKGL-00002,2026-09-14T22:00:00+00:00,0.0,JAXA GSMaP V8 operational / Google Earth Engine,0,2026-09-19T07:02:49.407474+00:00
PKGL-00002,2026-09-14T23:00:00+00:00,0.0,JAXA GSMaP V8 operational / Google Earth Engine,0,2026-09-19T07:02:49.407474+00:00
PKGL-00002,2026-09-15T00:00:00+00:00,0.0,JAXA GSMaP V8 operational / Google Earth Engine,0,2026-09-19T07:02:49.407474+00:00
PKGL-00002,2026-09-15T01:00:00+00:00,0.0,JAXA GSMaP V8 operational / Google Earth Engine,0,2026-09-19T07:02:49.407474+00:00
PKGL-00002,2026-09-15T02:00:00+00:00,0.0,JAXA GSMaP V8 operational / Google Earth Engine,0,2026-09-19T07:02:49.407474+00:00
PKGL-00002,2026-09-15T03:00:00+00:00,0.0,JAXA GSMaP V8 operational / Google Earth Engine,0,2026-09-19T07:02:49.407474+00:00
PKGL-00002,2026-09-15T04:00:00+00:00,0.0,JAXA GSMaP V8 operational / Google Earth Engine,0,2026-09-19T07:02:49.407474+00:00
PKGL-00002,2026-09-15T05:00:00+00:00,0.0,JAXA GSMaP V8 operational / Google Earth Engine,0,2026-09-19T07:02:49.407474+00:00
PKGL-00002,2026-09-15T06:00:00+00:00,0.0,JAXA GSMaP V8 operational / Google Earth Engine,0,2026-09-19T07:02:49.407474+00:00
PKGL-00002,2026-09-15T07:00:00+00:00,0.27849459648132324,JAXA GSMaP V8 operational / Google Earth Engine,0,2026-09-19T07:02:49.407474+00:00
PKGL-00002,2026-09-15T08:00:00+00:00,0.3613058626651764,JAXA GSMaP V8 operational / Google Earth Engine,0,2026-09-19T07:02:49.407474+00:00
PKGL-00002,2026-09-15T09:00:00+00:00,0.0,JAXA GSMaP V8 operational / Google Earth Engine,0,2026-09-19T07:02:49.407474+00:00
PKGL-00002,2026-09-15T10:00:00+00:00,0.0,JAXA GSMaP V8 operational / Google Earth Engine,0,2026-09-19T07:02:49.407474+00:00
PKGL-00002,2026-09-15T11:00:00+00:00,0.0,JAXA GSMaP V8 operational / Google Earth Engine,0,2026-09-19T07:02:49.407474+00:00
PKGL-00002,2026-09-15T12:00:00+00:00,0.0,JAXA GSMaP V8 operational / Google Earth Engine,0,2026-09-19T07:02:49.407474+00:00
PKGL-00002,2026-09-15T13:00:00+00:00,0.0,JAXA GSMaP V8 operational / Google Earth Engine,0,2026-09-19T07:02:49.407474+00:00
PKGL-00002,2026-09-15T14:00:00+00:00,0.0,JAXA GSMaP V8 operational / Google Earth Engine,0,2026-09-19T07:02:49.407474+00:00
PKGL-00002,2026-09-15T15:00:00+00:00,0.1191328763961792,JAXA GSMaP V8 operational / Google Earth Engine,0,2026-09-19T07:02:49.407474+00:00
PKGL-00002,2026-09-15T16:00:00+00:00,0.12284345179796219,JAXA GSMaP V8 operational / Google Earth Engine,0,2026-09-19T07:02:49.407474+00:00
PKGL-00002,2026-09-15T17:00:00+00:00,0.0,JAXA GSMaP V8 operational / Google Earth Engine,0,2026-09-19T07:02:49.407474+00:00
PKGL-00002,2026-09-15T18:00:00+00:00,0.0,JAXA GSMaP V8 operational / Google Earth Engine,0,2026-09-19T07:02:49.407474+00:00
PKGL-00002,2026-09-15T19:00:00+00:00,0.0,JAXA GSMaP V8 operational / Google Earth Engine,0,2026-09-19T07:02:49.407474+00:00
PKGL-00002,2026-09-15T20:00:00+00:00,0.0,JAXA GSMaP V8 operational / Google Earth Engine,0,2026-09-19T07:02:49.407474+00:00
PKGL-00002,2026-09-15T21:00:00+00:00,0.0,JAXA GSMaP V8 operational / Google Earth Engine,0,2026-09-19T07:02:49.407474+00:00
PKGL-00002,2026-09-15T22:00:00+00:00,0.0,JAXA GSMaP V8 operational / Google Earth Engine,0,2026-09-19T07:02:49.407474+00:00
PKGL-00002,2026-09-15T23:00:00+00:00,0.0,JAXA GSMaP V8 operational / Google Earth Engine,0,2026-09-19T07:02:49.407474+00:00
PKGL-00002,2026-09-16T00:00:00+00:00,0.0,JAXA GSMaP V8 operational / Google Earth Engine,0,2026-09-19T07:02:49.407474+00:00
PKGL-00002,2026-09-16T01:00:00+00:00,0.0,JAXA GSMaP V8 operational / Google Earth Engine,0,2026-09-19T07:02:49.407474+00:00
PKGL-00002,2026-09-16T02:00:00+00:00,0.0,JAXA GSMaP V8 operational / Google Earth Engine,0,2026-09-19T07:02:49.407474+00:00
PKGL-00002,2026-09-16T03:00:00+00:00,0.0,JAXA GSMaP V8 operational / Google Earth Engine,0,2026-09-19T07:02:49.407474+00:00
PKGL-00002,2026-09-16T04:00:00+00:00,0.0,JAXA GSMaP V8 operational / Google Earth Engine,0,2026-09-19T07:02:49.407474+00:00
PKGL-00002,2026-09-16T05:00:00+00:00,0.0,JAXA GSMaP V8 operational / Google Earth Engine,0,2026-09-19T07:02:49.407474+00:00
PKGL-00002,2026-09-16T06:00:00+00:00,0.0,JAXA GSMaP V8 operational / Google Earth Engine,0,2026-09-19T07:02:49.407474+00:00
PKGL-00002,2026-09-16T07:00:00+00:00,0.0,JAXA GSMaP V8 operational / Google Earth Engine,0,2026-09-19T07:02:49.407474+00:00
PKGL-00002,2026-09-16T08:00:00+00:00,0.0,JAXA GSMaP V8 operational / Google Earth Engine,0,2026-09-19T07:02:49.407474+00:00
PKGL-00002,2026-09-16T09:00:00+00:00,0.0,JAXA GSMaP V8 operational / Google Earth Engine,0,2026-09-19T07:02:49.407474+00:00
PKGL-00002,2026-09-16T10:00:00+00:00,0.0,JAXA GSMaP V8 operational / Google Earth Engine,0,2026-09-19T07:02:49.407474+00:00
PKGL-00002,2026-09-16T11:00:00+00:00,0.0,JAXA GSMaP V8 operational / Google Earth Engine,0,2026-09-19T07:02:49.407474+00:00
PKGL-00002,2026-09-16T12:00:00+00:00,0.0,JAXA GSMaP V8 operational / Google Earth Engine,0,2026-09-19T07:02:49.407474+00:00
PKGL-00002,2026-09-16T13:00:00+00:00,0.0,JAXA GSMaP V8 operational / Google Earth Engine,0,2026-09-19T07:02:49.407474+00:00
PKGL-00002,2026-09-16T14:00:00+00:00,0.0,JAXA GSMaP V8 operational / Google Earth Engine,0,2026-09-19T07:02:49.407474+00:00
PKGL-00002,2026-09-16T15:00:00+00:00,0.5448166131973267,JAXA GSMaP V8 operational / Google Earth Engine,0,2026-09-19T07:02:49.407474+00:00
PKGL-00002,2026-09-16T16:00:00+00:00,1.5315849781036377,JAXA GSMaP V8 operational / Google Earth Engine,0,2026-09-19T07:02:49.407474+00:00
PKGL-00002,2026-09-16T17:00:00+00:00,1.7781789302825928,JAXA GSMaP V8 operational / Google Earth Engine,0,2026-09-19T07:02:49.407474+00:00
PKGL-00002,2026-09-16T18:00:00+00:00,2.631408929824829,JAXA GSMaP V8 operational / Google Earth Engine,0,2026-09-19T07:02:49.407474+00:00
PKGL-00002,2026-09-16T19:00:00+00:00,1.055478811264038,JAXA GSMaP V8 operational / Google Earth Engine,0,2026-09-19T07:02:49.407474+00:00
PKGL-00002,2026-09-16T20:00:00+00:00,0.0,JAXA GSMaP V8 operational / Google Earth Engine,0,2026-09-19T07:02:49.407474+00:00
PKGL-00002,2026-09-16T21:00:00+00:00,0.0,JAXA GSMaP V8 operational / Google Earth Engine,0,2026-09-19T07:02:49.407474+00:00
PKGL-00002,2026-09-16T22:00:00+00:00,0.0,JAXA GSMaP V8 operational / Google Earth Engine,0,2026-09-19T07:02:49.407474+00:00
PKGL-00002,2026-09-16T23:00:00+00:00,0.0,JAXA GSMaP V8 operational / Google Earth Engine,0,2026-09-19T07:02:49.407474+00:00
PKGL-00002,2026-09-17T00:00:00+00:00,0.0,JAXA GSMaP V8 operational / Google Earth Engine,0,2026-09-19T07:02:49.407474+00:00
PKGL-00002,2026-09-17T01:00:00+00:00,0.0,JAXA GSMaP V8 operational / Google Earth Engine,0,2026-09-19T07:02:49.407474+00:00
PKGL-00002,2026-09-17T02:00:00+00:00,0.0,JAXA GSMaP V8 operational / Google Earth Engine,0,2026-09-19T07:02:49.407474+00:00
PKGL-00002,2026-09-17T03:00:00+00:00,0.0,JAXA GSMaP V8 operational / Google Earth Engine,0,2026-09-19T07:02:49.407474+00:00
PKGL-00002,2026-09-17T04:00:00+00:00,0.0,JAXA GSMaP V8 operational / Google Earth Engine,0,2026-09-19T07:02:49.407474+00:00
PKGL-00002,2026-09-17T05:00:00+00:00,0.0,JAXA GSMaP V8 operational / Google Earth Engine,0,2026-09-19T07:02:49.407474+00:00
PKGL-00002,2026-09-17T06:00:00+00:00,0.0,JAXA GSMaP V8 operational / Google Earth Engine,0,2026-09-19T07:02:49.407474+00:00
PKGL-00002,2026-09-17T07:00:00+00:00,0.0,JAXA GSMaP V8 operational / Google Earth Engine,0,2026-09-19T07:02:49.407474+00:00
PKGL-00002,2026-09-17T08:00:00+00:00,0.0,JAXA GSMaP V8 operational / Google Earth Engine,0,2026-09-19T07:02:49.407474+00:00
PKGL-00002,2026-09-17T09:00:00+00:00,0.0,JAXA GSMaP V8 operational / Google Earth Engine,0,2026-09-19T07:02:49.407474+00:00
PKGL-00002,2026-09-17T10:00:00+00:00,0.0,JAXA GSMaP V8 operational / Google Earth Engine,0,2026-09-19T07:02:49.407474+00:00
PKGL-00002,2026-09-17T11:00:00+00:00,0.0,JAXA GSMaP V8 operational / Google Earth Engine,0,2026-09-19T07:02:49.407474+00:00
PKGL-00002,2026-09-17T12:00:00+00:00,0.0,JAXA GSMaP V8 operational / Google Earth Engine,0,2026-09-19T07:02:49.407474+00:00
PKGL-00002,2026-09-17T13:00:00+00:00,0.0,JAXA GSMaP V8 operational / Google Earth Engine,0,2026-09-19T07:02:49.407474+00:00
PKGL-00002,2026-09-17T14:00:00+00:00,0.0,JAXA GSMaP V8 operational / Google Earth Engine,0,2026-09-19T07:02:49.407474+00:00
PKGL-00003,2026-08-20T08:00:00+00:00,0.16797247529029846,JAXA GSMaP V8 operational / Google Earth Engine,0,2026-09-19T07:02:58.968256+00:00
PKGL-00003,2026-08-20T09:00:00+00:00,0.22632092237472534,JAXA GSMaP V8 operational / Google Earth Engine,0,2026-09-19T07:02:58.968256+00:00
PKGL-00003,2026-08-20T10:00:00+00:00,0.2594364285469055,JAXA GSMaP V8 operational / Google Earth Engine,0,2026-09-19T07:02:58.968256+00:00
PKGL-00003,2026-08-20T11:00:00+00:00,0.23633870482444763,JAXA GSMaP V8 operational / Google Earth Engine,0,2026-09-19T07:02:58.968256+00:00
PKGL-00003,2026-08-20T12:00:00+00:00,0.2002648115158081,JAXA GSMaP V8 operational / Google Earth Engine,0,2026-09-19T07:02:58.968256+00:00
PKGL-00003,2026-08-20T13:00:00+00:00,0.16822832822799683,JAXA GSMaP V8 operational / Google Earth Engine,0,2026-09-19T07:02:58.968256+00:00
PKGL-00003,2026-08-20T14:00:00+00:00,0.13680841028690338,JAXA GSMaP V8 operational / Google Earth Engine,0,2026-09-19T07:02:58.968256+00:00
PKGL-00003,2026-08-20T15:00:00+00:00,0.0,JAXA GSMaP V8 operational / Google Earth Engine,0,2026-09-19T07:02:58.968256+00:00
PKGL-00003,2026-08-20T16:00:00+00:00,0.0,JAXA GSMaP V8 operational / Google Earth Engine,0,2026-09-19T07:02:58.968256+00:00
PKGL-00003,2026-08-20T17:00:00+00:00,0.0,JAXA GSMaP V8 operational / Google Earth Engine,0,2026-09-19T07:02:58.968256+00:00
PKGL-00003,2026-08-20T18:00:00+00:00,0.0,JAXA GSMaP V8 operational / Google Earth Engine,0,2026-09-19T07:02:58.968256+00:00
PKGL-00003,2026-08-20T19:00:00+00:00,0.0,JAXA GSMaP V8 operational / Google Earth Engine,0,2026-09-19T07:02:58.968256+00:00
PKGL-00003,2026-08-20T20:00:00+00:00,0.0,JAXA GSMaP V8 operational / Google Earth Engine,0,2026-09-19T07:02:58.968256+00:00
PKGL-00003,2026-08-20T21:00:00+00:00,0.0,JAXA GSMaP V8 operational / Google Earth Engine,0,2026-09-19T07:02:58.968256+00:00
PKGL-00003,2026-08-20T22:00:00+00:00,0.0,JAXA GSMaP V8 operational / Google Earth Engine,0,2026-09-19T07:02:58.968256+00:00
PKGL-00003,2026-08-20T23:00:00+00:00,0.0,JAXA GSMaP V8 operational / Google Earth Engine,0,2026-09-19T07:02:58.968256+00:00
PKGL-00003,2026-08-21T00:00:00+00:00,0.0,JAXA GSMaP V8 operational / Google Earth Engine,0,2026-09-19T07:02:58.968256+00:00
PKGL-00003,2026-08-21T01:00:00+00:00,0.0,JAXA GSMaP V8 operational / Google Earth Engine,0,2026-09-19T07:02:58.968256+00:00
PKGL-00003,2026-08-21T02:00:00+00:00,0.0,JAXA GSMaP V8 operational / Google Earth Engine,0,2026-09-19T07:02:58.968256+00:00
PKGL-00003,2026-08-21T03:00:00+00:00,0.0,JAXA GSMaP V8 operational / Google Earth Engine,0,2026-09-19T07:02:58.968256+00:00
PKGL-00003,2026-08-21T04:00:00+00:00,0.0,JAXA GSMaP V8 operational / Google Earth Engine,0,2026-09-19T07:02:58.968256+00:00
PKGL-00003,2026-08-21T05:00:00+00:00,0.0,JAXA GSMaP V8 operational / Google Earth Engine,0,2026-09-19T07:02:58.968256+00:00
PKGL-00003,2026-08-21T06:00:00+00:00,0.0,JAXA GSMaP V8 operational / Google Earth Engine,0,2026-09-19T07:02:58.968256+00:00
PKGL-00003,2026-08-21T07:00:00+00:00,0.0,JAXA GSMaP V8 operational / Google Earth Engine,0,2026-09-19T07:02:58.968256+00:00
PKGL-00003,2026-08-21T08:00:00+00:00,0.14013119041919708,JAXA GSMaP V8 operational / Google Earth Engine,0,2026-09-19T07:02:58.968256+00:00
PKGL-00003,2026-08-21T09:00:00+00:00,0.17216189205646515,JAXA GSMaP V8 operational / Google Earth Engine,0,2026-09-19T07:02:58.968256+00:00
PKGL-00003,2026-08-21T10:00:00+00:00,0.18171082437038422,JAXA GSMaP V8 operational / Google Earth Engine,0,2026-09-19T07:02:58.968256+00:00
PKGL-00003,2026-08-21T11:00:00+00:00,0.1778983175754547,JAXA GSMaP V8 operational / Google Earth Engine,0,2026-09-19T07:02:58.968256+00:00
PKGL-00003,2026-08-21T12:00:00+00:00,0.1904403120279312,JAXA GSMaP V8 operational / Google Earth Engine,0,2026-09-19T07:02:58.968256+00:00
PKGL-00003,2026-08-21T13:00:00+00:00,0.19618894159793854,JAXA GSMaP V8 operational / Google Earth Engine,0,2026-09-19T07:02:58.968256+00:00
PKGL-00003,2026-08-21T14:00:00+00:00,0.20354235172271729,JAXA GSMaP V8 operational / Google Earth Engine,0,2026-09-19T07:02:58.968256+00:00
PKGL-00003,2026-08-21T15:00:00+00:00,0.2143385261297226,JAXA GSMaP V8 operational / Google Earth Engine,0,2026-09-19T07:02:58.968256+00:00
PKGL-00003,2026-08-21T16:00:00+00:00,0.21460162103176117,JAXA GSMaP V8 operational / Google Earth Engine,0,2026-09-19T07:02:58.968256+00:00
PKGL-00003,2026-08-21T17:00:00+00:00,0.20841428637504578,JAXA GSMaP V8 operational / Google Earth Engine,0,2026-09-19T07:02:58.968256+00:00
PKGL-00003,2026-08-21T18:00:00+00:00,0.20515522360801697,JAXA GSMaP V8 operational / Google Earth Engine,0,2026-09-19T07:02:58.968256+00:00
PKGL-00003,2026-08-21T19:00:00+00:00,0.20134149491786957,JAXA GSMaP V8 operational / Google Earth Engine,0,2026-09-19T07:02:58.968256+00:00
PKGL-00003,2026-08-21T20:00:00+00:00,0.20559734106063843,JAXA GSMaP V8 operational / Google Earth Engine,0,2026-09-19T07:02:58.968256+00:00
PKGL-00003,2026-08-21T21:00:00+00:00,0.20930688083171844,JAXA GSMaP V8 operational / Google Earth Engine,0,2026-09-19T07:02:58.968256+00:00
PKGL-00003,2026-08-21T22:00:00+00:00,0.21714593470096588,JAXA GSMaP V8 operational / Google Earth Engine,0,2026-09-19T07:02:58.968256+00:00
PKGL-00003,2026-08-21T23:00:00+00:00,0.22531463205814362,JAXA GSMaP V8 operational / Google Earth Engine,0,2026-09-19T07:02:58.968256+00:00
PKGL-00003,2026-08-22T00:00:00+00:00,0.16984467208385468,JAXA GSMaP V8 operational / Google Earth Engine,0,2026-09-19T07:02:58.968256+00:00
PKGL-00003,2026-08-22T01:00:00+00:00,0.16551683843135834,JAXA GSMaP V8 operational / Google Earth Engine,0,2026-09-19T07:02:58.968256+00:00
PKGL-00003,2026-08-22T02:00:00+00:00,0.16590248048305511,JAXA GSMaP V8 operational / Google Earth Engine,0,2026-09-19T07:02:58.968256+00:00
PKGL-00003,2026-08-22T03:00:00+00:00,0.16958309710025787,JAXA GSMaP V8 operational / Google Earth Engine,0,2026-09-19T07:02:58.968256+00:00
PKGL-00003,2026-08-22T04:00:00+00:00,0.17829629778862,JAXA GSMaP V8 operational / Google Earth Engine,0,2026-09-19T07:02:58.968256+00:00
PKGL-00003,2026-08-22T05:00:00+00:00,0.1957690268754959,JAXA GSMaP V8 operational / Google Earth Engine,0,2026-09-19T07:02:58.968256+00:00
PKGL-00003,2026-08-22T06:00:00+00:00,0.0,JAXA GSMaP V8 operational / Google Earth Engine,0,2026-09-19T07:02:58.968256+00:00
PKGL-00003,2026-08-22T07:00:00+00:00,0.0,JAXA GSMaP V8 operational / Google Earth Engine,0,2026-09-19T07:02:58.968256+00:00
PKGL-00003,2026-08-22T08:00:00+00:00,0.16117040812969208,JAXA GSMaP V8 operational / Google Earth Engine,0,2026-09-19T07:02:58.968256+00:00
PKGL-00003,2026-08-22T09:00:00+00:00,0.0,JAXA GSMaP V8 operational / Google Earth Engine,0,2026-09-19T07:02:58.968256+00:00
PKGL-00003,2026-08-22T10:00:00+00:00,0.0,JAXA GSMaP V8 operational / Google Earth Engine,0,2026-09-19T07:02:58.968256+00:00
PKGL-00003,2026-08-22T11:00:00+00:00,0.0,JAXA GSMaP V8 operational / Google Earth Engine,0,2026-09-19T07:02:58.968256+00:00
PKGL-00003,2026-08-22T12:00:00+00:00,0.0,JAXA GSMaP V8 operational / Google Earth Engine,0,2026-09-19T07:02:58.968256+00:00
PKGL-00003,2026-08-22T13:00:00+00:00,0.0,JAXA GSMaP V8 operational / Google Earth Engine,0,2026-09-19T07:02:58.968256+00:00
PKGL-00003,2026-08-22T14:00:00+00:00,0.0,JAXA GSMaP V8 operational / Google Earth Engine,0,2026-09-19T07:02:58.968256+00:00
PKGL-00003,2026-08-22T15:00:00+00:00,0.0,JAXA GSMaP V8 operational / Google Earth Engine,0,2026-09-19T07:02:58.968256+00:00
PKGL-00003,2026-08-22T16:00:00+00:00,0.0,JAXA GSMaP V8 operational / Google Earth Engine,0,2026-09-19T07:02:58.968256+00:00
PKGL-00003,2026-08-22T17:00:00+00:00,0.0,JAXA GSMaP V8 operational / Google Earth Engine,0,2026-09-19T07:02:58.968256+00:00
PKGL-00003,2026-08-22T18:00:00+00:00,0.0,JAXA GSMaP V8 operational / Google Earth Engine,0,2026-09-19T07:02:58.968256+00:00
PKGL-00003,2026-08-22T19:00:00+00:00,0.1998528093099594,JAXA GSMaP V8 operational / Google Earth Engine,0,2026-09-19T07:02:58.968256+00:00
PKGL-00003,2026-08-22T20:00:00+00:00,0.4925871789455414,JAXA GSMaP V8 operational / Google Earth Engine,0,2026-09-19T07:02:58.968256+00:00
PKGL-00003,2026-08-22T21:00:00+00:00,0.9710738658905029,JAXA GSMaP V8 operational / Google Earth Engine,0,2026-09-19T07:02:58.968256+00:00
PKGL-00003,2026-08-22T22:00:00+00:00,1.2743804454803467,JAXA GSMaP V8 operational / Google Earth Engine,0,2026-09-19T07:02:58.968256+00:00
PKGL-00003,2026-08-22T23:00:00+00:00,1.2202882766723633,JAXA GSMaP V8 operational / Google Earth Engine,0,2026-09-19T07:02:58.968256+00:00
PKGL-00003,2026-08-23T00:00:00+00:00,1.074640154838562,JAXA GSMaP V8 operational / Google Earth Engine,0,2026-09-19T07:02:58.968256+00:00
PKGL-00003,2026-08-23T01:00:00+00:00,0.6634615659713745,JAXA GSMaP V8 operational / Google Earth Engine,0,2026-09-19T07:02:58.968256+00:00
PKGL-00003,2026-08-23T02:00:00+00:00,0.3248560428619385,JAXA GSMaP V8 operational / Google Earth Engine,0,2026-09-19T07:02:58.968256+00:00
PKGL-00003,2026-08-23T03:00:00+00:00,0.10444904118776321,JAXA GSMaP V8 operational / Google Earth Engine,0,2026-09-19T07:02:58.968256+00:00
PKGL-00003,2026-08-23T04:00:00+00:00,0.0,JAXA GSMaP V8 operational / Google Earth Engine,0,2026-09-19T07:02:58.968256+00:00
PKGL-00003,2026-08-23T05:00:00+00:00,0.0,JAXA GSMaP V8 operational / Google Earth Engine,0,2026-09-19T07:02:58.968256+00:00
PKGL-00003,2026-08-23T06:00:00+00:00,0.0,JAXA GSMaP V8 operational / Google Earth Engine,0,2026-09-19T07:02:58.968256+00:00
PKGL-00003,2026-08-23T07:00:00+00:00,0.0,JAXA GSMaP V8 operational / Google Earth Engine,0,2026-09-19T07:02:58.968256+00:00
PKGL-00003,2026-08-23T08:00:00+00:00,0.0,JAXA GSMaP V8 operational / Google Earth Engine,0,2026-09-19T07:02:58.968256+00:00
PKGL-00003,2026-08-23T09:00:00+00:00,0.0,JAXA GSMaP V8 operational / Google Earth Engine,0,2026-09-19T07:02:58.968256+00:00
PKGL-00003,2026-08-23T10:00:00+00:00,0.0,JAXA GSMaP V8 operational / Google Earth Engine,0,2026-09-19T07:02:58.968256+00:00
PKGL-00003,2026-08-23T11:00:00+00:00,0.0,JAXA GSMaP V8 operational / Google Earth Engine,0,2026-09-19T07:02:58.968256+00:00
PKGL-00003,2026-08-23T12:00:00+00:00,0.0,JAXA GSMaP V8 operational / Google Earth Engine,0,2026-09-19T07:02:58.968256+00:00
PKGL-00003,2026-08-23T13:00:00+00:00,0.0,JAXA GSMaP V8 operational / Google Earth Engine,0,2026-09-19T07:02:58.968256+00:00
PKGL-00003,2026-08-23T14:00:00+00:00,0.0,JAXA GSMaP V8 operational / Google Earth Engine,0,2026-09-19T07:02:58.968256+00:00
PKGL-00003,2026-08-23T15:00:00+00:00,0.0,JAXA GSMaP V8 operational / Google Earth Engine,0,2026-09-19T07:02:58.968256+00:00
PKGL-00003,2026-08-23T16:00:00+00:00,0.0,JAXA GSMaP V8 operational / Google Earth Engine,0,2026-09-19T07:02:58.968256+00:00
PKGL-00003,2026-08-23T17:00:00+00:00,0.0,JAXA GSMaP V8 operational / Google Earth Engine,0,2026-09-19T07:02:58.968256+00:00
PKGL-00003,2026-08-23T18:00:00+00:00,0.0,JAXA GSMaP V8 operational / Google Earth Engine,0,2026-09-19T07:02:58.968256+00:00
PKGL-00003,2026-08-23T19:00:00+00:00,0.0,JAXA GSMaP V8 operational / Google Earth Engine,0,2026-09-19T07:02:58.968256+00:00
PKGL-00003,2026-08-23T20:00:00+00:00,0.0,JAXA GSMaP V8 operational / Google Earth Engine,0,2026-09-19T07:02:58.968256+00:00
PKGL-00003,2026-08-23T21:00:00+00:00,0.0,JAXA GSMaP V8 operational / Google Earth Engine,0,2026-09-19T07:02:58.968256+00:00
PKGL-00003,2026-08-23T22:00:00+00:00,0.0,JAXA GSMaP V8 operational / Google Earth Engine,0,2026-09-19T07:02:58.968256+00:00
PKGL-00003,2026-08-23T23:00:00+00:00,0.0,JAXA GSMaP V8 operational / Google Earth Engine,0,2026-09-19T07:02:58.968256+00:00
PKGL-00003,2026-08-24T00:00:00+00:00,0.0,JAXA GSMaP V8 operational / Google Earth Engine,0,2026-09-19T07:02:58.968256+00:00
PKGL-00003,2026-08-24T01:00:00+00:00,0.0,JAXA GSMaP V8 operational / Google Earth Engine,0,2026-09-19T07:02:58.968256+00:00
PKGL-00003,2026-08-24T02:00:00+00:00,0.0,JAXA GSMaP V8 operational / Google Earth Engine,0,2026-09-19T07:02:58.968256+00:00
PKGL-00003,2026-08-24T03:00:00+00:00,0.0,JAXA GSMaP V8 operational / Google Earth Engine,0,2026-09-19T07:02:58.968256+00:00
PKGL-00003,2026-08-24T04:00:00+00:00,0.0,JAXA GSMaP V8 operational / Google Earth Engine,0,2026-09-19T07:02:58.968256+00:00
PKGL-00003,2026-08-24T05:00:00+00:00,0.0,JAXA GSMaP V8 operational / Google Earth Engine,0,2026-09-19T07:02:58.968256+00:00
PKGL-00003,2026-08-24T06:00:00+00:00,0.0,JAXA GSMaP V8 operational / Google Earth Engine,0,2026-09-19T07:02:58.968256+00:00
PKGL-00003,2026-08-24T07:00:00+00:00,0.0,JAXA GSMaP V8 operational / Google Earth Engine,0,2026-09-19T07:02:58.968256+00:00
PKGL-00003,2026-08-24T08:00:00+00:00,0.0,JAXA GSMaP V8 operational / Google Earth Engine,0,2026-09-19T07:02:58.968256+00:00
PKGL-00003,2026-08-24T09:00:00+00:00,0.0,JAXA GSMaP V8 operational / Google Earth Engine,0,2026-09-19T07:02:58.968256+00:00
PKGL-00003,2026-08-24T10:00:00+00:00,0.0,JAXA GSMaP V8 operational / Google Earth Engine,0,2026-09-19T07:02:58.970259+00:00
PKGL-00003,2026-08-24T11:00:00+00:00,0.0,JAXA GSMaP V8 operational / Google Earth Engine,0,2026-09-19T07:02:58.970259+00:00
PKGL-00003,2026-08-24T12:00:00+00:00,0.0,JAXA GSMaP V8 operational / Google Earth Engine,0,2026-09-19T07:02:58.970259+00:00
PKGL-00003,2026-08-24T13:00:00+00:00,0.0,JAXA GSMaP V8 operational / Google Earth Engine,0,2026-09-19T07:02:58.970259+00:00
PKGL-00003,2026-08-24T14:00:00+00:00,0.0,JAXA GSMaP V8 operational / Google Earth Engine,0,2026-09-19T07:02:58.970259+00:00
PKGL-00003,2026-08-24T15:00:00+00:00,0.0,JAXA GSMaP V8 operational / Google Earth Engine,0,2026-09-19T07:02:58.970259+00:00
PKGL-00003,2026-08-24T16:00:00+00:00,0.0,JAXA GSMaP V8 operational / Google Earth Engine,0,2026-09-19T07:02:58.970259+00:00
PKGL-00003,2026-08-24T17:00:00+00:00,0.0,JAXA GSMaP V8 operational / Google Earth Engine,0,2026-09-19T07:02:58.970259+00:00
PKGL-00003,2026-08-24T18:00:00+00:00,0.0,JAXA GSMaP V8 operational / Google Earth Engine,0,2026-09-19T07:02:58.970259+00:00
PKGL-00003,2026-08-24T19:00:00+00:00,0.0,JAXA GSMaP V8 operational / Google Earth Engine,0,2026-09-19T07:02:58.970259+00:00
PKGL-00003,2026-08-24T20:00:00+00:00,0.0,JAXA GSMaP V8 operational / Google Earth Engine,0,2026-09-19T07:02:58.970259+00:00
PKGL-00003,2026-08-24T21:00:00+00:00,0.0,JAXA GSMaP V8 operational / Google Earth Engine,0,2026-09-19T07:02:58.970259+00:00
PKGL-00003,2026-08-24T22:00:00+00:00,0.0,JAXA GSMaP V8 operational / Google Earth Engine,0,2026-09-19T07:02:58.970259+00:00
PKGL-00003,2026-08-24T23:00:00+00:00,0.0,JAXA GSMaP V8 operational / Google Earth Engine,0,2026-09-19T07:02:58.970259+00:00
PKGL-00003,2026-08-25T00:00:00+00:00,0.0,JAXA GSMaP V8 operational / Google Earth Engine,0,2026-09-19T07:02:58.970259+00:00
PKGL-00003,2026-08-25T01:00:00+00:00,0.0,JAXA GSMaP V8 operational / Google Earth Engine,0,2026-09-19T07:02:58.970259+00:00
PKGL-00003,2026-08-25T02:00:00+00:00,0.0,JAXA GSMaP V8 operational / Google Earth Engine,0,2026-09-19T07:02:58.970259+00:00
PKGL-00003,2026-08-25T03:00:00+00:00,0.0,JAXA GSMaP V8 operational / Google Earth Engine,0,2026-09-19T07:02:58.970259+00:00
PKGL-00003,2026-08-25T04:00:00+00:00,0.0,JAXA GSMaP V8 operational / Google Earth Engine,0,2026-09-19T07:02:58.970259+00:00
PKGL-00003,2026-08-25T05:00:00+00:00,0.0,JAXA GSMaP V8 operational / Google Earth Engine,0,2026-09-19T07:02:58.970259+00:00
PKGL-00003,2026-08-25T06:00:00+00:00,0.0,JAXA GSMaP V8 operational / Google Earth Engine,0,2026-09-19T07:02:58.970259+00:00
PKGL-00003,2026-08-25T07:00:00+00:00,0.0,JAXA GSMaP V8 operational / Google Earth Engine,0,2026-09-19T07:02:58.970259+00:00
PKGL-00003,2026-08-25T08:00:00+00:00,0.0,JAXA GSMaP V8 operational / Google Earth Engine,0,2026-09-19T07:02:58.970259+00:00
PKGL-00003,2026-08-25T09:00:00+00:00,0.0,JAXA GSMaP V8 operational / Google Earth Engine,0,2026-09-19T07:02:58.970259+00:00
PKGL-00003,2026-08-25T10:00:00+00:00,0.0,JAXA GSMaP V8 operational / Google Earth Engine,0,2026-09-19T07:02:58.970259+00:00
PKGL-00003,2026-08-25T11:00:00+00:00,0.0,JAXA GSMaP V8 operational / Google Earth Engine,0,2026-09-19T07:02:58.970259+00:00
PKGL-00003,2026-08-25T12:00:00+00:00,0.0,JAXA GSMaP V8 operational / Google Earth Engine,0,2026-09-19T07:02:58.970259+00:00
PKGL-00003,2026-08-25T13:00:00+00:00,0.0,JAXA GSMaP V8 operational / Google Earth Engine,0,2026-09-19T07:02:58.970259+00:00
PKGL-00003,2026-08-25T14:00:00+00:00,0.0,JAXA GSMaP V8 operational / Google Earth Engine,0,2026-09-19T07:02:58.970259+00:00
PKGL-00003,2026-08-25T15:00:00+00:00,0.0,JAXA GSMaP V8 operational / Google Earth Engine,0,2026-09-19T07:02:58.970259+00:00
PKGL-00003,2026-08-25T16:00:00+00:00,0.0,JAXA GSMaP V8 operational / Google Earth Engine,0,2026-09-19T07:02:58.970259+00:00
PKGL-00003,2026-08-25T17:00:00+00:00,0.0,JAXA GSMaP V8 operational / Google Earth Engine,0,2026-09-19T07:02:58.970259+00:00
PKGL-00003,2026-08-25T18:00:00+00:00,0.0,JAXA GSMaP V8 operational / Google Earth Engine,0,2026-09-19T07:02:58.970259+00:00
PKGL-00003,2026-08-25T19:00:00+00:00,0.0,JAXA GSMaP V8 operational / Google Earth Engine,0,2026-09-19T07:02:58.970259+00:00
PKGL-00003,2026-08-25T20:00:00+00:00,0.0,JAXA GSMaP V8 operational / Google Earth Engine,0,2026-09-19T07:02:58.970259+00:00
PKGL-00003,2026-08-25T21:00:00+00:00,0.0,JAXA GSMaP V8 operational / Google Earth Engine,0,2026-09-19T07:02:58.970259+00:00
PKGL-00003,2026-08-25T22:00:00+00:00,0.0,JAXA GSMaP V8 operational / Google Earth Engine,0,2026-09-19T07:02:58.970259+00:00
PKGL-00003,2026-08-25T23:00:00+00:00,0.0,JAXA GSMaP V8 operational / Google Earth Engine,0,2026-09-19T07:02:58.970259+00:00
PKGL-00003,2026-08-26T00:00:00+00:00,0.0,JAXA GSMaP V8 operational / Google Earth Engine,0,2026-09-19T07:02:58.970259+00:00
PKGL-00003,2026-08-26T01:00:00+00:00,0.0,JAXA GSMaP V8 operational / Google Earth Engine,0,2026-09-19T07:02:58.970259+00:00
PKGL-00003,2026-08-26T02:00:00+00:00,0.0,JAXA GSMaP V8 operational / Google Earth Engine,0,2026-09-19T07:02:58.970259+00:00
PKGL-00003,2026-08-26T03:00:00+00:00,0.0,JAXA GSMaP V8 operational / Google Earth Engine,0,2026-09-19T07:02:58.970259+00:00
PKGL-00003,2026-08-26T04:00:00+00:00,0.0,JAXA GSMaP V8 operational / Google Earth Engine,0,2026-09-19T07:02:58.970259+00:00
PKGL-00003,2026-08-26T05:00:00+00:00,0.0,JAXA GSMaP V8 operational / Google Earth Engine,0,2026-09-19T07:02:58.970259+00:00
PKGL-00003,2026-08-26T06:00:00+00:00,0.0,JAXA GSMaP V8 operational / Google Earth Engine,0,2026-09-19T07:02:58.970259+00:00
PKGL-00003,2026-08-26T07:00:00+00:00,0.0,JAXA GSMaP V8 operational / Google Earth Engine,0,2026-09-19T07:02:58.970259+00:00
PKGL-00003,2026-08-26T08:00:00+00:00,0.0,JAXA GSMaP V8 operational / Google Earth Engine,0,2026-09-19T07:02:58.970259+00:00
PKGL-00003,2026-08-26T09:00:00+00:00,0.0,JAXA GSMaP V8 operational / Google Earth Engine,0,2026-09-19T07:02:58.970259+00:00
PKGL-00003,2026-08-26T10:00:00+00:00,0.0,JAXA GSMaP V8 operational / Google Earth Engine,0,2026-09-19T07:02:58.970259+00:00
PKGL-00003,2026-08-26T11:00:00+00:00,0.0,JAXA GSMaP V8 operational / Google Earth Engine,0,2026-09-19T07:02:58.970259+00:00
PKGL-00003,2026-08-26T12:00:00+00:00,0.0,JAXA GSMaP V8 operational / Google Earth Engine,0,2026-09-19T07:02:58.970259+00:00
PKGL-00003,2026-08-26T13:00:00+00:00,0.0,JAXA GSMaP V8 operational / Google Earth Engine,0,2026-09-19T07:02:58.970259+00:00
PKGL-00003,2026-08-26T14:00:00+00:00,0.0,JAXA GSMaP V8 operational / Google Earth Engine,0,2026-09-19T07:02:58.970259+00:00
PKGL-00003,2026-08-26T15:00:00+00:00,0.0,JAXA GSMaP V8 operational / Google Earth Engine,0,2026-09-19T07:02:58.970259+00:00
PKGL-00003,2026-08-26T16:00:00+00:00,0.0,JAXA GSMaP V8 operational / Google Earth Engine,0,2026-09-19T07:02:58.970259+00:00
PKGL-00003,2026-08-26T17:00:00+00:00,0.0,JAXA GSMaP V8 operational / Google Earth Engine,0,2026-09-19T07:02:58.970259+00:00
PKGL-00003,2026-08-26T18:00:00+00:00,0.0,JAXA GSMaP V8 operational / Google Earth Engine,0,2026-09-19T07:02:58.970259+00:00
PKGL-00003,2026-08-26T19:00:00+00:00,0.0,JAXA GSMaP V8 operational / Google Earth Engine,0,2026-09-19T07:02:58.970259+00:00
PKGL-00003,2026-08-26T20:00:00+00:00,0.0,JAXA GSMaP V8 operational / Google Earth Engine,0,2026-09-19T07:02:58.970259+00:00
PKGL-00003,2026-08-26T21:00:00+00:00,0.0,JAXA GSMaP V8 operational / Google Earth Engine,0,2026-09-19T07:02:58.970259+00:00
PKGL-00003,2026-08-26T22:00:00+00:00,0.0,JAXA GSMaP V8 operational / Google Earth Engine,0,2026-09-19T07:02:58.970259+00:00
PKGL-00003,2026-08-26T23:00:00+00:00,0.0,JAXA GSMaP V8 operational / Google Earth Engine,0,2026-09-19T07:02:58.970259+00:00
PKGL-00003,2026-08-27T00:00:00+00:00,0.0,JAXA GSMaP V8 operational / Google Earth Engine,0,2026-09-19T07:02:58.970259+00:00
PKGL-00003,2026-08-27T01:00:00+00:00,0.0,JAXA GSMaP V8 operational / Google Earth Engine,0,2026-09-19T07:02:58.970259+00:00
PKGL-00003,2026-08-27T02:00:00+00:00,0.0,JAXA GSMaP V8 operational / Google Earth Engine,0,2026-09-19T07:02:58.970259+00:00
PKGL-00003,2026-08-27T03:00:00+00:00,0.0,JAXA GSMaP V8 operational / Google Earth Engine,0,2026-09-19T07:02:58.970259+00:00
PKGL-00003,2026-08-27T04:00:00+00:00,0.0,JAXA GSMaP V8 operational / Google Earth Engine,0,2026-09-19T07:02:58.970259+00:00
PKGL-00003,2026-08-27T05:00:00+00:00,0.0,JAXA GSMaP V8 operational / Google Earth Engine,0,2026-09-19T07:02:58.970259+00:00
PKGL-00003,2026-08-27T06:00:00+00:00,0.0,JAXA GSMaP V8 operational / Google Earth Engine,0,2026-09-19T07:02:58.970259+00:00
PKGL-00003,2026-08-27T07:00:00+00:00,0.0,JAXA GSMaP V8 operational / Google Earth Engine,0,2026-09-19T07:02:58.970259+00:00
PKGL-00003,2026-08-27T08:00:00+00:00,0.0,JAXA GSMaP V8 operational / Google Earth Engine,0,2026-09-19T07:02:58.970259+00:00
PKGL-00003,2026-08-27T09:00:00+00:00,0.0,JAXA GSMaP V8 operational / Google Earth Engine,0,2026-09-19T07:02:58.970259+00:00
PKGL-00003,2026-08-27T10:00:00+00:00,0.0,JAXA GSMaP V8 operational / Google Earth Engine,0,2026-09-19T07:02:58.970259+00:00
PKGL-00003,2026-08-27T11:00:00+00:00,0.0,JAXA GSMaP V8 operational / Google Earth Engine,0,2026-09-19T07:02:58.970259+00:00
PKGL-00003,2026-08-27T12:00:00+00:00,0.0,JAXA GSMaP V8 operational / Google Earth Engine,0,2026-09-19T07:02:58.970259+00:00
PKGL-00003,2026-08-27T13:00:00+00:00,0.0,JAXA GSMaP V8 operational / Google Earth Engine,0,2026-09-19T07:02:58.970259+00:00
PKGL-00003,2026-08-27T14:00:00+00:00,0.0,JAXA GSMaP V8 operational / Google Earth Engine,0,2026-09-19T07:02:58.970259+00:00
PKGL-00003,2026-08-27T15:00:00+00:00,0.0,JAXA GSMaP V8 operational / Google Earth Engine,0,2026-09-19T07:02:58.970259+00:00
PKGL-00003,2026-08-27T16:00:00+00:00,0.0,JAXA GSMaP V8 operational / Google Earth Engine,0,2026-09-19T07:02:58.970259+00:00
PKGL-00003,2026-08-27T17:00:00+00:00,0.0,JAXA GSMaP V8 operational / Google Earth Engine,0,2026-09-19T07:02:58.970259+00:00
PKGL-00003,2026-08-27T18:00:00+00:00,0.0,JAXA GSMaP V8 operational / Google Earth Engine,0,2026-09-19T07:02:58.970259+00:00
PKGL-00003,2026-08-27T19:00:00+00:00,0.0,JAXA GSMaP V8 operational / Google Earth Engine,0,2026-09-19T07:02:58.970259+00:00
PKGL-00003,2026-08-27T20:00:00+00:00,0.0,JAXA GSMaP V8 operational / Google Earth Engine,0,2026-09-19T07:02:58.970259+00:00
PKGL-00003,2026-08-27T21:00:00+00:00,0.0,JAXA GSMaP V8 operational / Google Earth Engine,0,2026-09-19T07:02:58.970259+00:00
PKGL-00003,2026-08-27T22:00:00+00:00,0.0,JAXA GSMaP V8 operational / Google Earth Engine,0,2026-09-19T07:02:58.970259+00:00
PKGL-00003,2026-08-27T23:00:00+00:00,0.0,JAXA GSMaP V8 operational / Google Earth Engine,0,2026-09-19T07:02:58.970259+00:00
PKGL-00003,2026-08-28T00:00:00+00:00,0.0,JAXA GSMaP V8 operational / Google Earth Engine,0,2026-09-19T07:02:58.970259+00:00
PKGL-00003,2026-08-28T01:00:00+00:00,0.0,JAXA GSMaP V8 operational / Google Earth Engine,0,2026-09-19T07:02:58.970259+00:00
PKGL-00003,2026-08-28T02:00:00+00:00,0.0,JAXA GSMaP V8 operational / Google Earth Engine,0,2026-09-19T07:02:58.970259+00:00
PKGL-00003,2026-08-28T03:00:00+00:00,0.0,JAXA GSMaP V8 operational / Google Earth Engine,0,2026-09-19T07:02:58.970259+00:00
PKGL-00003,2026-08-28T04:00:00+00:00,0.0,JAXA GSMaP V8 operational / Google Earth Engine,0,2026-09-19T07:02:58.970259+00:00
PKGL-00003,2026-08-28T05:00:00+00:00,0.0,JAXA GSMaP V8 operational / Google Earth Engine,0,2026-09-19T07:02:58.970259+00:00
PKGL-00003,2026-08-28T06:00:00+00:00,0.0,JAXA GSMaP V8 operational / Google Earth Engine,0,2026-09-19T07:02:58.970259+00:00
PKGL-00003,2026-08-28T07:00:00+00:00,0.0,JAXA GSMaP V8 operational / Google Earth Engine,0,2026-09-19T07:02:58.970259+00:00
PKGL-00003,2026-08-28T08:00:00+00:00,0.0,JAXA GSMaP V8 operational / Google Earth Engine,0,2026-09-19T07:02:58.970259+00:00
PKGL-00003,2026-08-28T09:00:00+00:00,0.0,JAXA GSMaP V8 operational / Google Earth Engine,0,2026-09-19T07:02:58.970259+00:00
PKGL-00003,2026-08-28T10:00:00+00:00,0.0,JAXA GSMaP V8 operational / Google Earth Engine,0,2026-09-19T07:02:58.970259+00:00
PKGL-00003,2026-08-28T11:00:00+00:00,0.0,JAXA GSMaP V8 operational / Google Earth Engine,0,2026-09-19T07:02:58.970259+00:00
PKGL-00003,2026-08-28T12:00:00+00:00,0.0,JAXA GSMaP V8 operational / Google Earth Engine,0,2026-09-19T07:02:58.970259+00:00
PKGL-00003,2026-08-28T13:00:00+00:00,0.0,JAXA GSMaP V8 operational / Google Earth Engine,0,2026-09-19T07:02:58.970259+00:00
PKGL-00003,2026-08-28T14:00:00+00:00,0.0,JAXA GSMaP V8 operational / Google Earth Engine,0,2026-09-19T07:02:58.970259+00:00
PKGL-00003,2026-08-28T15:00:00+00:00,0.0,JAXA GSMaP V8 operational / Google Earth Engine,0,2026-09-19T07:02:58.970259+00:00
PKGL-00003,2026-08-28T16:00:00+00:00,0.0,JAXA GSMaP V8 operational / Google Earth Engine,0,2026-09-19T07:02:58.970259+00:00
PKGL-00003,2026-08-28T17:00:00+00:00,0.0,JAXA GSMaP V8 operational / Google Earth Engine,0,2026-09-19T07:02:58.970259+00:00
PKGL-00003,2026-08-28T18:00:00+00:00,0.0,JAXA GSMaP V8 operational / Google Earth Engine,0,2026-09-19T07:02:58.970259+00:00
PKGL-00003,2026-08-28T19:00:00+00:00,0.0,JAXA GSMaP V8 operational / Google Earth Engine,0,2026-09-19T07:02:58.970259+00:00
PKGL-00003,2026-08-28T20:00:00+00:00,0.0,JAXA GSMaP V8 operational / Google Earth Engine,0,2026-09-19T07:02:58.970259+00:00
PKGL-00003,2026-08-28T21:00:00+00:00,0.0,JAXA GSMaP V8 operational / Google Earth Engine,0,2026-09-19T07:02:58.970259+00:00
PKGL-00003,2026-08-28T22:00:00+00:00,0.0,JAXA GSMaP V8 operational / Google Earth Engine,0,2026-09-19T07:02:58.970259+00:00
PKGL-00003,2026-08-28T23:00:00+00:00,0.0,JAXA GSMaP V8 operational / Google Earth Engine,0,2026-09-19T07:02:58.970259+00:00
PKGL-00003,2026-08-29T00:00:00+00:00,0.0,JAXA GSMaP V8 operational / Google Earth Engine,0,2026-09-19T07:02:58.970259+00:00
PKGL-00003,2026-08-29T01:00:00+00:00,0.0,JAXA GSMaP V8 operational / Google Earth Engine,0,2026-09-19T07:02:58.970259+00:00
PKGL-00003,2026-08-29T02:00:00+00:00,0.0,JAXA GSMaP V8 operational / Google Earth Engine,0,2026-09-19T07:02:58.970259+00:00
PKGL-00003,2026-08-29T03:00:00+00:00,0.0,JAXA GSMaP V8 operational / Google Earth Engine,0,2026-09-19T07:02:58.970259+00:00
PKGL-00003,2026-08-29T04:00:00+00:00,0.0,JAXA GSMaP V8 operational / Google Earth Engine,0,2026-09-19T07:02:58.970259+00:00
PKGL-00003,2026-08-29T05:00:00+00:00,0.0,JAXA GSMaP V8 operational / Google Earth Engine,0,2026-09-19T07:02:58.970259+00:00
PKGL-00003,2026-08-29T06:00:00+00:00,0.0,JAXA GSMaP V8 operational / Google Earth Engine,0,2026-09-19T07:02:58.970259+00:00
PKGL-00003,2026-08-29T07:00:00+00:00,0.0,JAXA GSMaP V8 operational / Google Earth Engine,0,2026-09-19T07:02:58.970259+00:00
PKGL-00003,2026-08-29T08:00:00+00:00,0.11390955746173859,JAXA GSMaP V8 operational / Google Earth Engine,0,2026-09-19T07:02:58.970259+00:00
PKGL-00003,2026-08-29T09:00:00+00:00,0.12649300694465637,JAXA GSMaP V8 operational / Google Earth Engine,0,2026-09-19T07:02:58.970259+00:00
PKGL-00003,2026-08-29T10:00:00+00:00,0.13898414373397827,JAXA GSMaP V8 operational / Google Earth Engine,0,2026-09-19T07:02:58.970259+00:00
PKGL-00003,2026-08-29T11:00:00+00:00,0.16282139718532562,JAXA GSMaP V8 operational / Google Earth Engine,0,2026-09-19T07:02:58.970259+00:00
PKGL-00003,2026-08-29T12:00:00+00:00,0.16305522620677948,JAXA GSMaP V8 operational / Google Earth Engine,0,2026-09-19T07:02:58.970259+00:00
PKGL-00003,2026-08-29T13:00:00+00:00,0.1796637624502182,JAXA GSMaP V8 operational / Google Earth Engine,0,2026-09-19T07:02:58.970259+00:00
PKGL-00003,2026-08-29T14:00:00+00:00,0.1961214691400528,JAXA GSMaP V8 operational / Google Earth Engine,0,2026-09-19T07:02:58.970259+00:00
PKGL-00003,2026-08-29T15:00:00+00:00,0.20462389290332794,JAXA GSMaP V8 operational / Google Earth Engine,0,2026-09-19T07:02:58.970259+00:00
PKGL-00003,2026-08-29T16:00:00+00:00,0.2001277506351471,JAXA GSMaP V8 operational / Google Earth Engine,0,2026-09-19T07:02:58.970259+00:00
PKGL-00003,2026-08-29T17:00:00+00:00,0.18843211233615875,JAXA GSMaP V8 operational / Google Earth Engine,0,2026-09-19T07:02:58.970259+00:00
PKGL-00003,2026-08-29T18:00:00+00:00,0.18238073587417603,JAXA GSMaP V8 operational / Google Earth Engine,0,2026-09-19T07:02:58.970259+00:00
PKGL-00003,2026-08-29T19:00:00+00:00,0.17344126105308533,JAXA GSMaP V8 operational / Google Earth Engine,0,2026-09-19T07:02:58.970259+00:00
PKGL-00003,2026-08-29T20:00:00+00:00,0.170285165309906,JAXA GSMaP V8 operational / Google Earth Engine,0,2026-09-19T07:02:58.970259+00:00
PKGL-00003,2026-08-29T21:00:00+00:00,0.16859941184520721,JAXA GSMaP V8 operational / Google Earth Engine,0,2026-09-19T07:02:58.970259+00:00
PKGL-00003,2026-08-29T22:00:00+00:00,0.1747422069311142,JAXA GSMaP V8 operational / Google Earth Engine,0,2026-09-19T07:02:58.970259+00:00
PKGL-00003,2026-08-29T23:00:00+00:00,0.18454521894454956,JAXA GSMaP V8 operational / Google Earth Engine,0,2026-09-19T07:02:58.970259+00:00
PKGL-00003,2026-08-30T00:00:00+00:00,0.13936753571033478,JAXA GSMaP V8 operational / Google Earth Engine,0,2026-09-19T07:02:58.970259+00:00
PKGL-00003,2026-08-30T01:00:00+00:00,0.14102217555046082,JAXA GSMaP V8 operational / Google Earth Engine,0,2026-09-19T07:02:58.970259+00:00
PKGL-00003,2026-08-30T02:00:00+00:00,0.1399717479944229,JAXA GSMaP V8 operational / Google Earth Engine,0,2026-09-19T07:02:58.970259+00:00
PKGL-00003,2026-08-30T03:00:00+00:00,0.134943425655365,JAXA GSMaP V8 operational / Google Earth Engine,0,2026-09-19T07:02:58.970259+00:00
PKGL-00003,2026-08-30T04:00:00+00:00,0.11111550033092499,JAXA GSMaP V8 operational / Google Earth Engine,0,2026-09-19T07:02:58.970259+00:00
PKGL-00003,2026-08-30T05:00:00+00:00,0.11647951602935791,JAXA GSMaP V8 operational / Google Earth Engine,0,2026-09-19T07:02:58.970259+00:00
PKGL-00003,2026-08-30T06:00:00+00:00,0.0,JAXA GSMaP V8 operational / Google Earth Engine,0,2026-09-19T07:02:58.970259+00:00
PKGL-00003,2026-08-30T07:00:00+00:00,0.0,JAXA GSMaP V8 operational / Google Earth Engine,0,2026-09-19T07:02:58.970259+00:00
PKGL-00003,2026-08-30T08:00:00+00:00,0.0,JAXA GSMaP V8 operational / Google Earth Engine,0,2026-09-19T07:02:58.970259+00:00
PKGL-00003,2026-08-30T09:00:00+00:00,0.0,JAXA GSMaP V8 operational / Google Earth Engine,0,2026-09-19T07:02:58.970259+00:00
PKGL-00003,2026-08-30T10:00:00+00:00,0.0,JAXA GSMaP V8 operational / Google Earth Engine,0,2026-09-19T07:02:58.970259+00:00
PKGL-00003,2026-08-30T11:00:00+00:00,0.0,JAXA GSMaP V8 operational / Google Earth Engine,0,2026-09-19T07:02:58.970259+00:00
PKGL-00003,2026-08-30T12:00:00+00:00,0.0,JAXA GSMaP V8 operational / Google Earth Engine,0,2026-09-19T07:02:58.970259+00:00
PKGL-00003,2026-08-30T13:00:00+00:00,0.0,JAXA GSMaP V8 operational / Google Earth Engine,0,2026-09-19T07:02:58.970259+00:00
PKGL-00003,2026-08-30T14:00:00+00:00,0.0,JAXA GSMaP V8 operational / Google Earth Engine,0,2026-09-19T07:02:58.970259+00:00
PKGL-00003,2026-08-30T15:00:00+00:00,0.0,JAXA GSMaP V8 operational / Google Earth Engine,0,2026-09-19T07:02:58.970259+00:00
PKGL-00003,2026-08-30T16:00:00+00:00,0.0,JAXA GSMaP V8 operational / Google Earth Engine,0,2026-09-19T07:02:58.970259+00:00
PKGL-00003,2026-08-30T17:00:00+00:00,0.0,JAXA GSMaP V8 operational / Google Earth Engine,0,2026-09-19T07:02:58.970259+00:00
PKGL-00003,2026-08-30T18:00:00+00:00,0.0,JAXA GSMaP V8 operational / Google Earth Engine,0,2026-09-19T07:02:58.970259+00:00
PKGL-00003,2026-08-30T19:00:00+00:00,0.0,JAXA GSMaP V8 operational / Google Earth Engine,0,2026-09-19T07:02:58.970259+00:00
PKGL-00003,2026-08-30T20:00:00+00:00,0.0,JAXA GSMaP V8 operational / Google Earth Engine,0,2026-09-19T07:02:58.970259+00:00
PKGL-00003,2026-08-30T21:00:00+00:00,0.0,JAXA GSMaP V8 operational / Google Earth Engine,0,2026-09-19T07:02:58.970259+00:00
PKGL-00003,2026-08-30T22:00:00+00:00,0.0,JAXA GSMaP V8 operational / Google Earth Engine,0,2026-09-19T07:02:58.970259+00:00
PKGL-00003,2026-08-30T23:00:00+00:00,0.0,JAXA GSMaP V8 operational / Google Earth Engine,0,2026-09-19T07:02:58.970259+00:00
PKGL-00003,2026-08-31T00:00:00+00:00,0.0,JAXA GSMaP V8 operational / Google Earth Engine,0,2026-09-19T07:02:58.970259+00:00
PKGL-00003,2026-08-31T01:00:00+00:00,0.0,JAXA GSMaP V8 operational / Google Earth Engine,0,2026-09-19T07:02:58.970259+00:00
PKGL-00003,2026-08-31T02:00:00+00:00,0.0,JAXA GSMaP V8 operational / Google Earth Engine,0,2026-09-19T07:02:58.970259+00:00
PKGL-00003,2026-08-31T03:00:00+00:00,0.0,JAXA GSMaP V8 operational / Google Earth Engine,0,2026-09-19T07:02:58.970259+00:00
PKGL-00003,2026-08-31T04:00:00+00:00,0.0,JAXA GSMaP V8 operational / Google Earth Engine,0,2026-09-19T07:02:58.970259+00:00
PKGL-00003,2026-08-31T05:00:00+00:00,0.0,JAXA GSMaP V8 operational / Google Earth Engine,0,2026-09-19T07:02:58.970259+00:00
PKGL-00003,2026-08-31T06:00:00+00:00,0.0,JAXA GSMaP V8 operational / Google Earth Engine,0,2026-09-19T07:02:58.970259+00:00
PKGL-00003,2026-08-31T07:00:00+00:00,0.0,JAXA GSMaP V8 operational / Google Earth Engine,0,2026-09-19T07:02:58.970259+00:00
PKGL-00003,2026-08-31T08:00:00+00:00,0.0,JAXA GSMaP V8 operational / Google Earth Engine,0,2026-09-19T07:02:58.970259+00:00
PKGL-00003,2026-08-31T09:00:00+00:00,0.0,JAXA GSMaP V8 operational / Google Earth Engine,0,2026-09-19T07:02:58.970259+00:00
PKGL-00003,2026-08-31T10:00:00+00:00,0.0,JAXA GSMaP V8 operational / Google Earth Engine,0,2026-09-19T07:02:58.970259+00:00
PKGL-00003,2026-08-31T11:00:00+00:00,0.0,JAXA GSMaP V8 operational / Google Earth Engine,0,2026-09-19T07:02:58.970259+00:00
PKGL-00003,2026-08-31T12:00:00+00:00,0.0,JAXA GSMaP V8 operational / Google Earth Engine,0,2026-09-19T07:02:58.970259+00:00
PKGL-00003,2026-08-31T13:00:00+00:00,0.0,JAXA GSMaP V8 operational / Google Earth Engine,0,2026-09-19T07:02:58.970259+00:00
PKGL-00003,2026-08-31T14:00:00+00:00,0.0,JAXA GSMaP V8 operational / Google Earth Engine,0,2026-09-19T07:02:58.970259+00:00
PKGL-00003,2026-08-31T15:00:00+00:00,0.0,JAXA GSMaP V8 operational / Google Earth Engine,0,2026-09-19T07:02:58.970259+00:00
PKGL-00003,2026-08-31T16:00:00+00:00,0.0,JAXA GSMaP V8 operational / Google Earth Engine,0,2026-09-19T07:02:58.970259+00:00
PKGL-00003,2026-08-31T17:00:00+00:00,0.0,JAXA GSMaP V8 operational / Google Earth Engine,0,2026-09-19T07:02:58.970259+00:00
PKGL-00003,2026-08-31T18:00:00+00:00,0.0,JAXA GSMaP V8 operational / Google Earth Engine,0,2026-09-19T07:02:58.970259+00:00
PKGL-00003,2026-08-31T19:00:00+00:00,0.0,JAXA GSMaP V8 operational / Google Earth Engine,0,2026-09-19T07:02:58.970259+00:00
PKGL-00003,2026-08-31T20:00:00+00:00,0.0,JAXA GSMaP V8 operational / Google Earth Engine,0,2026-09-19T07:02:58.970259+00:00
PKGL-00003,2026-08-31T21:00:00+00:00,0.0,JAXA GSMaP V8 operational / Google Earth Engine,0,2026-09-19T07:02:58.970259+00:00
PKGL-00003,2026-08-31T22:00:00+00:00,0.13514716923236847,JAXA GSMaP V8 operational / Google Earth Engine,0,2026-09-19T07:02:58.970259+00:00
PKGL-00003,2026-08-31T23:00:00+00:00,0.3402901291847229,JAXA GSMaP V8 operational / Google Earth Engine,0,2026-09-19T07:02:58.970259+00:00
PKGL-00003,2026-09-01T00:00:00+00:00,0.9183972477912903,JAXA GSMaP V8 operational / Google Earth Engine,0,2026-09-19T07:02:58.970259+00:00
PKGL-00003,2026-09-01T01:00:00+00:00,1.2236155271530151,JAXA GSMaP V8 operational / Google Earth Engine,0,2026-09-19T07:02:58.970259+00:00
PKGL-00003,2026-09-01T02:00:00+00:00,1.2098966836929321,JAXA GSMaP V8 operational / Google Earth Engine,0,2026-09-19T07:02:58.970259+00:00
PKGL-00003,2026-09-01T03:00:00+00:00,1.0897384881973267,JAXA GSMaP V8 operational / Google Earth Engine,0,2026-09-19T07:02:58.970259+00:00
PKGL-00003,2026-09-01T04:00:00+00:00,0.9208933115005493,JAXA GSMaP V8 operational / Google Earth Engine,0,2026-09-19T07:02:58.970259+00:00
PKGL-00003,2026-09-01T05:00:00+00:00,0.8080659508705139,JAXA GSMaP V8 operational / Google Earth Engine,0,2026-09-19T07:02:58.970259+00:00
PKGL-00003,2026-09-01T06:00:00+00:00,0.11938700079917908,JAXA GSMaP V8 operational / Google Earth Engine,0,2026-09-19T07:02:58.970259+00:00
PKGL-00003,2026-09-01T07:00:00+00:00,0.17065347731113434,JAXA GSMaP V8 operational / Google Earth Engine,0,2026-09-19T07:02:58.970259+00:00
PKGL-00003,2026-09-01T08:00:00+00:00,0.22787562012672424,JAXA GSMaP V8 operational / Google Earth Engine,0,2026-09-19T07:02:58.970259+00:00
PKGL-00003,2026-09-01T09:00:00+00:00,0.2168767750263214,JAXA GSMaP V8 operational / Google Earth Engine,0,2026-09-19T07:02:58.970259+00:00
PKGL-00003,2026-09-01T10:00:00+00:00,0.19371022284030914,JAXA GSMaP V8 operational / Google Earth Engine,0,2026-09-19T07:02:58.970259+00:00
PKGL-00003,2026-09-01T11:00:00+00:00,0.18471361696720123,JAXA GSMaP V8 operational / Google Earth Engine,0,2026-09-19T07:02:58.970259+00:00
PKGL-00003,2026-09-01T12:00:00+00:00,0.1777924746274948,JAXA GSMaP V8 operational / Google Earth Engine,0,2026-09-19T07:02:58.970259+00:00
PKGL-00003,2026-09-01T13:00:00+00:00,0.16986313462257385,JAXA GSMaP V8 operational / Google Earth Engine,0,2026-09-19T07:02:58.970259+00:00
PKGL-00003,2026-09-01T14:00:00+00:00,0.1642199009656906,JAXA GSMaP V8 operational / Google Earth Engine,0,2026-09-19T07:02:58.970259+00:00
PKGL-00003,2026-09-01T15:00:00+00:00,0.1604776680469513,JAXA GSMaP V8 operational / Google Earth Engine,0,2026-09-19T07:02:58.970259+00:00
PKGL-00003,2026-09-01T16:00:00+00:00,0.15797869861125946,JAXA GSMaP V8 operational / Google Earth Engine,0,2026-09-19T07:02:58.970259+00:00
PKGL-00003,2026-09-01T17:00:00+00:00,0.15787197649478912,JAXA GSMaP V8 operational / Google Earth Engine,0,2026-09-19T07:02:58.970259+00:00
PKGL-00003,2026-09-01T18:00:00+00:00,0.15988419950008392,JAXA GSMaP V8 operational / Google Earth Engine,0,2026-09-19T07:02:58.970259+00:00
PKGL-00003,2026-09-01T19:00:00+00:00,0.1554352194070816,JAXA GSMaP V8 operational / Google Earth Engine,0,2026-09-19T07:02:58.970259+00:00
PKGL-00003,2026-09-01T20:00:00+00:00,0.15375883877277374,JAXA GSMaP V8 operational / Google Earth Engine,0,2026-09-19T07:02:58.970259+00:00
PKGL-00003,2026-09-01T21:00:00+00:00,0.15362322330474854,JAXA GSMaP V8 operational / Google Earth Engine,0,2026-09-19T07:02:58.970259+00:00
PKGL-00003,2026-09-01T22:00:00+00:00,0.15378618240356445,JAXA GSMaP V8 operational / Google Earth Engine,0,2026-09-19T07:02:58.970259+00:00
PKGL-00003,2026-09-01T23:00:00+00:00,0.1542550027370453,JAXA GSMaP V8 operational / Google Earth Engine,0,2026-09-19T07:02:58.970259+00:00
PKGL-00003,2026-09-02T00:00:00+00:00,0.23311077058315277,JAXA GSMaP V8 operational / Google Earth Engine,0,2026-09-19T07:02:58.970259+00:00
PKGL-00003,2026-09-02T01:00:00+00:00,0.23683276772499084,JAXA GSMaP V8 operational / Google Earth Engine,0,2026-09-19T07:02:58.970259+00:00
PKGL-00003,2026-09-02T02:00:00+00:00,0.24591870605945587,JAXA GSMaP V8 operational / Google Earth Engine,0,2026-09-19T07:02:58.970259+00:00
PKGL-00003,2026-09-02T03:00:00+00:00,0.24897898733615875,JAXA GSMaP V8 operational / Google Earth Engine,0,2026-09-19T07:02:58.970259+00:00
PKGL-00003,2026-09-02T04:00:00+00:00,0.25044670701026917,JAXA GSMaP V8 operational / Google Earth Engine,0,2026-09-19T07:02:58.970259+00:00
PKGL-00003,2026-09-02T05:00:00+00:00,0.25162461400032043,JAXA GSMaP V8 operational / Google Earth Engine,0,2026-09-19T07:02:58.970259+00:00
PKGL-00003,2026-09-02T06:00:00+00:00,0.0,JAXA GSMaP V8 operational / Google Earth Engine,0,2026-09-19T07:02:58.970259+00:00
PKGL-00003,2026-09-02T07:00:00+00:00,0.10160774737596512,JAXA GSMaP V8 operational / Google Earth Engine,0,2026-09-19T07:02:58.970259+00:00
PKGL-00003,2026-09-02T08:00:00+00:00,0.14795434474945068,JAXA GSMaP V8 operational / Google Earth Engine,0,2026-09-19T07:02:58.970259+00:00
PKGL-00003,2026-09-02T09:00:00+00:00,0.1915164291858673,JAXA GSMaP V8 operational / Google Earth Engine,0,2026-09-19T07:02:58.970259+00:00
PKGL-00003,2026-09-02T10:00:00+00:00,0.19811251759529114,JAXA GSMaP V8 operational / Google Earth Engine,0,2026-09-19T07:02:58.970259+00:00
PKGL-00003,2026-09-02T11:00:00+00:00,0.20888908207416534,JAXA GSMaP V8 operational / Google Earth Engine,0,2026-09-19T07:02:58.970259+00:00
PKGL-00003,2026-09-02T12:00:00+00:00,0.20497702062129974,JAXA GSMaP V8 operational / Google Earth Engine,0,2026-09-19T07:02:58.970259+00:00
PKGL-00003,2026-09-02T13:00:00+00:00,0.20357972383499146,JAXA GSMaP V8 operational / Google Earth Engine,0,2026-09-19T07:02:58.970259+00:00
PKGL-00003,2026-09-02T14:00:00+00:00,0.19981856644153595,JAXA GSMaP V8 operational / Google Earth Engine,0,2026-09-19T07:02:58.970259+00:00
PKGL-00003,2026-09-02T15:00:00+00:00,0.1997295320034027,JAXA GSMaP V8 operational / Google Earth Engine,0,2026-09-19T07:02:58.970259+00:00
PKGL-00003,2026-09-02T16:00:00+00:00,0.20394070446491241,JAXA GSMaP V8 operational / Google Earth Engine,0,2026-09-19T07:02:58.970259+00:00
PKGL-00003,2026-09-02T17:00:00+00:00,0.20027342438697815,JAXA GSMaP V8 operational / Google Earth Engine,0,2026-09-19T07:02:58.970259+00:00
PKGL-00003,2026-09-02T18:00:00+00:00,0.20015911757946014,JAXA GSMaP V8 operational / Google Earth Engine,0,2026-09-19T07:02:58.970259+00:00
PKGL-00003,2026-09-02T19:00:00+00:00,0.18942135572433472,JAXA GSMaP V8 operational / Google Earth Engine,0,2026-09-19T07:02:58.970259+00:00
PKGL-00003,2026-09-02T20:00:00+00:00,0.18326076865196228,JAXA GSMaP V8 operational / Google Earth Engine,0,2026-09-19T07:02:58.970259+00:00
PKGL-00003,2026-09-02T21:00:00+00:00,0.18407225608825684,JAXA GSMaP V8 operational / Google Earth Engine,0,2026-09-19T07:02:58.970259+00:00
PKGL-00003,2026-09-02T22:00:00+00:00,0.18363207578659058,JAXA GSMaP V8 operational / Google Earth Engine,0,2026-09-19T07:02:58.970259+00:00
PKGL-00003,2026-09-02T23:00:00+00:00,0.1877497285604477,JAXA GSMaP V8 operational / Google Earth Engine,0,2026-09-19T07:02:58.970259+00:00
PKGL-00003,2026-09-03T00:00:00+00:00,0.18496793508529663,JAXA GSMaP V8 operational / Google Earth Engine,0,2026-09-19T07:02:58.970259+00:00
PKGL-00003,2026-09-03T01:00:00+00:00,0.18147578835487366,JAXA GSMaP V8 operational / Google Earth Engine,0,2026-09-19T07:02:58.970259+00:00
PKGL-00003,2026-09-03T02:00:00+00:00,0.19412696361541748,JAXA GSMaP V8 operational / Google Earth Engine,0,2026-09-19T07:02:58.970259+00:00
PKGL-00003,2026-09-03T03:00:00+00:00,0.214396670460701,JAXA GSMaP V8 operational / Google Earth Engine,0,2026-09-19T07:02:58.970259+00:00
PKGL-00003,2026-09-03T04:00:00+00:00,0.20762111246585846,JAXA GSMaP V8 operational / Google Earth Engine,0,2026-09-19T07:02:58.970259+00:00
PKGL-00003,2026-09-03T05:00:00+00:00,0.21183077991008759,JAXA GSMaP V8 operational / Google Earth Engine,0,2026-09-19T07:02:58.970259+00:00
PKGL-00003,2026-09-03T06:00:00+00:00,0.0,JAXA GSMaP V8 operational / Google Earth Engine,0,2026-09-19T07:02:58.970259+00:00
PKGL-00003,2026-09-03T07:00:00+00:00,0.0,JAXA GSMaP V8 operational / Google Earth Engine,0,2026-09-19T07:02:58.970259+00:00
PKGL-00003,2026-09-03T08:00:00+00:00,0.0,JAXA GSMaP V8 operational / Google Earth Engine,0,2026-09-19T07:02:58.970259+00:00
PKGL-00003,2026-09-03T09:00:00+00:00,0.0,JAXA GSMaP V8 operational / Google Earth Engine,0,2026-09-19T07:02:58.970259+00:00
PKGL-00003,2026-09-03T10:00:00+00:00,0.0,JAXA GSMaP V8 operational / Google Earth Engine,0,2026-09-19T07:02:58.970259+00:00
PKGL-00003,2026-09-03T11:00:00+00:00,0.0,JAXA GSMaP V8 operational / Google Earth Engine,0,2026-09-19T07:02:58.970259+00:00
PKGL-00003,2026-09-03T12:00:00+00:00,0.0,JAXA GSMaP V8 operational / Google Earth Engine,0,2026-09-19T07:02:58.970259+00:00
PKGL-00003,2026-09-03T13:00:00+00:00,0.11024166643619537,JAXA GSMaP V8 operational / Google Earth Engine,0,2026-09-19T07:02:58.970259+00:00
PKGL-00003,2026-09-03T14:00:00+00:00,0.1276177018880844,JAXA GSMaP V8 operational / Google Earth Engine,0,2026-09-19T07:02:58.970259+00:00
PKGL-00003,2026-09-03T15:00:00+00:00,0.1858479380607605,JAXA GSMaP V8 operational / Google Earth Engine,0,2026-09-19T07:02:58.970259+00:00
PKGL-00003,2026-09-03T16:00:00+00:00,0.25308746099472046,JAXA GSMaP V8 operational / Google Earth Engine,0,2026-09-19T07:02:58.970259+00:00
PKGL-00003,2026-09-03T17:00:00+00:00,0.3604917824268341,JAXA GSMaP V8 operational / Google Earth Engine,0,2026-09-19T07:02:58.970259+00:00
PKGL-00003,2026-09-03T18:00:00+00:00,0.5479363799095154,JAXA GSMaP V8 operational / Google Earth Engine,0,2026-09-19T07:02:58.970259+00:00
PKGL-00003,2026-09-03T19:00:00+00:00,0.8571422100067139,JAXA GSMaP V8 operational / Google Earth Engine,0,2026-09-19T07:02:58.970259+00:00
PKGL-00003,2026-09-03T20:00:00+00:00,0.7282049655914307,JAXA GSMaP V8 operational / Google Earth Engine,0,2026-09-19T07:02:58.970259+00:00
PKGL-00003,2026-09-03T21:00:00+00:00,0.5247649550437927,JAXA GSMaP V8 operational / Google Earth Engine,0,2026-09-19T07:02:58.970259+00:00
PKGL-00003,2026-09-03T22:00:00+00:00,0.42216041684150696,JAXA GSMaP V8 operational / Google Earth Engine,0,2026-09-19T07:02:58.970259+00:00
PKGL-00003,2026-09-03T23:00:00+00:00,0.31955310702323914,JAXA GSMaP V8 operational / Google Earth Engine,0,2026-09-19T07:02:58.970259+00:00
PKGL-00003,2026-09-04T00:00:00+00:00,0.2651313841342926,JAXA GSMaP V8 operational / Google Earth Engine,0,2026-09-19T07:02:58.970259+00:00
PKGL-00003,2026-09-04T01:00:00+00:00,0.2675767242908478,JAXA GSMaP V8 operational / Google Earth Engine,0,2026-09-19T07:02:58.970259+00:00
PKGL-00003,2026-09-04T02:00:00+00:00,0.329393208026886,JAXA GSMaP V8 operational / Google Earth Engine,0,2026-09-19T07:02:58.970259+00:00
PKGL-00003,2026-09-04T03:00:00+00:00,0.44410043954849243,JAXA GSMaP V8 operational / Google Earth Engine,0,2026-09-19T07:02:58.970259+00:00
PKGL-00003,2026-09-04T04:00:00+00:00,0.6427876949310303,JAXA GSMaP V8 operational / Google Earth Engine,0,2026-09-19T07:02:58.970259+00:00
PKGL-00003,2026-09-04T05:00:00+00:00,0.6605539917945862,JAXA GSMaP V8 operational / Google Earth Engine,0,2026-09-19T07:02:58.970259+00:00
PKGL-00003,2026-09-04T06:00:00+00:00,0.25811561942100525,JAXA GSMaP V8 operational / Google Earth Engine,0,2026-09-19T07:02:58.970259+00:00
PKGL-00003,2026-09-04T07:00:00+00:00,0.26244187355041504,JAXA GSMaP V8 operational / Google Earth Engine,0,2026-09-19T07:02:58.970259+00:00
PKGL-00003,2026-09-04T08:00:00+00:00,0.2434849590063095,JAXA GSMaP V8 operational / Google Earth Engine,0,2026-09-19T07:02:58.970259+00:00
PKGL-00003,2026-09-04T09:00:00+00:00,0.0,JAXA GSMaP V8 operational / Google Earth Engine,0,2026-09-19T07:02:58.970259+00:00
PKGL-00003,2026-09-04T10:00:00+00:00,0.0,JAXA GSMaP V8 operational / Google Earth Engine,0,2026-09-19T07:02:58.970259+00:00
PKGL-00003,2026-09-04T11:00:00+00:00,0.0,JAXA GSMaP V8 operational / Google Earth Engine,0,2026-09-19T07:02:58.970259+00:00
PKGL-00003,2026-09-04T12:00:00+00:00,0.0,JAXA GSMaP V8 operational / Google Earth Engine,0,2026-09-19T07:02:58.970259+00:00
PKGL-00003,2026-09-04T13:00:00+00:00,0.0,JAXA GSMaP V8 operational / Google Earth Engine,0,2026-09-19T07:02:58.970259+00:00
PKGL-00003,2026-09-04T14:00:00+00:00,0.0,JAXA GSMaP V8 operational / Google Earth Engine,0,2026-09-19T07:02:58.970259+00:00
PKGL-00003,2026-09-04T15:00:00+00:00,0.0,JAXA GSMaP V8 operational / Google Earth Engine,0,2026-09-19T07:02:58.970259+00:00
PKGL-00003,2026-09-04T16:00:00+00:00,0.0,JAXA GSMaP V8 operational / Google Earth Engine,0,2026-09-19T07:02:58.970259+00:00
PKGL-00003,2026-09-04T17:00:00+00:00,0.0,JAXA GSMaP V8 operational / Google Earth Engine,0,2026-09-19T07:02:58.970259+00:00
PKGL-00003,2026-09-04T18:00:00+00:00,0.0,JAXA GSMaP V8 operational / Google Earth Engine,0,2026-09-19T07:02:58.970259+00:00
PKGL-00003,2026-09-04T19:00:00+00:00,0.0,JAXA GSMaP V8 operational / Google Earth Engine,0,2026-09-19T07:02:58.970259+00:00
PKGL-00003,2026-09-04T20:00:00+00:00,0.0,JAXA GSMaP V8 operational / Google Earth Engine,0,2026-09-19T07:02:58.970259+00:00
PKGL-00003,2026-09-04T21:00:00+00:00,0.0,JAXA GSMaP V8 operational / Google Earth Engine,0,2026-09-19T07:02:58.970259+00:00
PKGL-00003,2026-09-04T22:00:00+00:00,0.0,JAXA GSMaP V8 operational / Google Earth Engine,0,2026-09-19T07:02:58.970259+00:00
PKGL-00003,2026-09-04T23:00:00+00:00,0.0,JAXA GSMaP V8 operational / Google Earth Engine,0,2026-09-19T07:02:58.970259+00:00
PKGL-00003,2026-09-05T00:00:00+00:00,0.0,JAXA GSMaP V8 operational / Google Earth Engine,0,2026-09-19T07:02:58.970259+00:00
PKGL-00003,2026-09-05T01:00:00+00:00,0.0,JAXA GSMaP V8 operational / Google Earth Engine,0,2026-09-19T07:02:58.970259+00:00
PKGL-00003,2026-09-05T02:00:00+00:00,0.0,JAXA GSMaP V8 operational / Google Earth Engine,0,2026-09-19T07:02:58.970259+00:00
PKGL-00003,2026-09-05T03:00:00+00:00,0.0,JAXA GSMaP V8 operational / Google Earth Engine,0,2026-09-19T07:02:58.970259+00:00
PKGL-00003,2026-09-05T04:00:00+00:00,0.0,JAXA GSMaP V8 operational / Google Earth Engine,0,2026-09-19T07:02:58.970259+00:00
PKGL-00003,2026-09-05T05:00:00+00:00,0.11713603883981705,JAXA GSMaP V8 operational / Google Earth Engine,0,2026-09-19T07:02:58.970259+00:00
PKGL-00003,2026-09-05T06:00:00+00:00,0.28881147503852844,JAXA GSMaP V8 operational / Google Earth Engine,0,2026-09-19T07:02:58.970259+00:00
PKGL-00003,2026-09-05T07:00:00+00:00,0.29327940940856934,JAXA GSMaP V8 operational / Google Earth Engine,0,2026-09-19T07:02:58.970259+00:00
PKGL-00003,2026-09-05T08:00:00+00:00,0.17503881454467773,JAXA GSMaP V8 operational / Google Earth Engine,0,2026-09-19T07:02:58.970259+00:00
PKGL-00003,2026-09-05T09:00:00+00:00,0.11053591221570969,JAXA GSMaP V8 operational / Google Earth Engine,0,2026-09-19T07:02:58.970259+00:00
PKGL-00003,2026-09-05T10:00:00+00:00,0.12066592276096344,JAXA GSMaP V8 operational / Google Earth Engine,0,2026-09-19T07:02:58.970259+00:00
PKGL-00003,2026-09-05T11:00:00+00:00,0.14653468132019043,JAXA GSMaP V8 operational / Google Earth Engine,0,2026-09-19T07:02:58.970259+00:00
PKGL-00003,2026-09-05T12:00:00+00:00,0.20249472558498383,JAXA GSMaP V8 operational / Google Earth Engine,0,2026-09-19T07:02:58.970259+00:00
PKGL-00003,2026-09-05T13:00:00+00:00,0.3118981122970581,JAXA GSMaP V8 operational / Google Earth Engine,0,2026-09-19T07:02:58.970259+00:00
PKGL-00003,2026-09-05T14:00:00+00:00,0.39622068405151367,JAXA GSMaP V8 operational / Google Earth Engine,0,2026-09-19T07:02:58.970259+00:00
PKGL-00003,2026-09-05T15:00:00+00:00,0.3545703589916229,JAXA GSMaP V8 operational / Google Earth Engine,0,2026-09-19T07:02:58.970259+00:00
PKGL-00003,2026-09-05T16:00:00+00:00,0.27343422174453735,JAXA GSMaP V8 operational / Google Earth Engine,0,2026-09-19T07:02:58.970259+00:00
PKGL-00003,2026-09-05T17:00:00+00:00,0.15861646831035614,JAXA GSMaP V8 operational / Google Earth Engine,0,2026-09-19T07:02:58.970259+00:00
PKGL-00003,2026-09-05T18:00:00+00:00,0.0,JAXA GSMaP V8 operational / Google Earth Engine,0,2026-09-19T07:02:58.970259+00:00
PKGL-00003,2026-09-05T19:00:00+00:00,0.0,JAXA GSMaP V8 operational / Google Earth Engine,0,2026-09-19T07:02:58.970259+00:00
PKGL-00003,2026-09-05T20:00:00+00:00,0.0,JAXA GSMaP V8 operational / Google Earth Engine,0,2026-09-19T07:02:58.970259+00:00
PKGL-00003,2026-09-05T21:00:00+00:00,0.0,JAXA GSMaP V8 operational / Google Earth Engine,0,2026-09-19T07:02:58.970259+00:00
PKGL-00003,2026-09-05T22:00:00+00:00,0.0,JAXA GSMaP V8 operational / Google Earth Engine,0,2026-09-19T07:02:58.970259+00:00
PKGL-00003,2026-09-05T23:00:00+00:00,0.0,JAXA GSMaP V8 operational / Google Earth Engine,0,2026-09-19T07:02:58.970259+00:00
PKGL-00003,2026-09-06T00:00:00+00:00,0.0,JAXA GSMaP V8 operational / Google Earth Engine,0,2026-09-19T07:02:58.970259+00:00
PKGL-00003,2026-09-06T01:00:00+00:00,0.0,JAXA GSMaP V8 operational / Google Earth Engine,0,2026-09-19T07:02:58.970259+00:00
PKGL-00003,2026-09-06T02:00:00+00:00,0.0,JAXA GSMaP V8 operational / Google Earth Engine,0,2026-09-19T07:02:58.970259+00:00
PKGL-00003,2026-09-06T03:00:00+00:00,0.0,JAXA GSMaP V8 operational / Google Earth Engine,0,2026-09-19T07:02:58.970259+00:00
PKGL-00003,2026-09-06T04:00:00+00:00,0.0,JAXA GSMaP V8 operational / Google Earth Engine,0,2026-09-19T07:02:58.970259+00:00
PKGL-00003,2026-09-06T05:00:00+00:00,0.0,JAXA GSMaP V8 operational / Google Earth Engine,0,2026-09-19T07:02:58.970259+00:00
PKGL-00003,2026-09-06T06:00:00+00:00,0.0,JAXA GSMaP V8 operational / Google Earth Engine,0,2026-09-19T07:02:58.970259+00:00
PKGL-00003,2026-09-06T07:00:00+00:00,0.0,JAXA GSMaP V8 operational / Google Earth Engine,0,2026-09-19T07:02:58.970259+00:00
PKGL-00003,2026-09-06T08:00:00+00:00,0.0,JAXA GSMaP V8 operational / Google Earth Engine,0,2026-09-19T07:02:58.970259+00:00
PKGL-00003,2026-09-06T09:00:00+00:00,0.0,JAXA GSMaP V8 operational / Google Earth Engine,0,2026-09-19T07:02:58.970259+00:00
PKGL-00003,2026-09-06T10:00:00+00:00,0.0,JAXA GSMaP V8 operational / Google Earth Engine,0,2026-09-19T07:02:58.970259+00:00
PKGL-00003,2026-09-06T11:00:00+00:00,0.0,JAXA GSMaP V8 operational / Google Earth Engine,0,2026-09-19T07:02:58.970259+00:00
PKGL-00003,2026-09-06T12:00:00+00:00,0.0,JAXA GSMaP V8 operational / Google Earth Engine,0,2026-09-19T07:02:58.970259+00:00
PKGL-00003,2026-09-06T13:00:00+00:00,0.0,JAXA GSMaP V8 operational / Google Earth Engine,0,2026-09-19T07:02:58.970259+00:00
PKGL-00003,2026-09-06T14:00:00+00:00,0.0,JAXA GSMaP V8 operational / Google Earth Engine,0,2026-09-19T07:02:58.970259+00:00
PKGL-00003,2026-09-06T15:00:00+00:00,0.0,JAXA GSMaP V8 operational / Google Earth Engine,0,2026-09-19T07:02:58.970259+00:00
PKGL-00003,2026-09-06T16:00:00+00:00,0.0,JAXA GSMaP V8 operational / Google Earth Engine,0,2026-09-19T07:02:58.970259+00:00
PKGL-00003,2026-09-06T17:00:00+00:00,0.0,JAXA GSMaP V8 operational / Google Earth Engine,0,2026-09-19T07:02:58.970259+00:00
PKGL-00003,2026-09-06T18:00:00+00:00,0.0,JAXA GSMaP V8 operational / Google Earth Engine,0,2026-09-19T07:02:58.970259+00:00
PKGL-00003,2026-09-06T19:00:00+00:00,0.0,JAXA GSMaP V8 operational / Google Earth Engine,0,2026-09-19T07:02:58.970259+00:00
PKGL-00003,2026-09-06T20:00:00+00:00,0.0,JAXA GSMaP V8 operational / Google Earth Engine,0,2026-09-19T07:02:58.970259+00:00
PKGL-00003,2026-09-06T21:00:00+00:00,0.0,JAXA GSMaP V8 operational / Google Earth Engine,0,2026-09-19T07:02:58.970259+00:00
PKGL-00003,2026-09-06T22:00:00+00:00,0.0,JAXA GSMaP V8 operational / Google Earth Engine,0,2026-09-19T07:02:58.970259+00:00
PKGL-00003,2026-09-06T23:00:00+00:00,0.0,JAXA GSMaP V8 operational / Google Earth Engine,0,2026-09-19T07:02:58.970259+00:00
PKGL-00003,2026-09-07T00:00:00+00:00,0.0,JAXA GSMaP V8 operational / Google Earth Engine,0,2026-09-19T07:02:58.970259+00:00
PKGL-00003,2026-09-07T01:00:00+00:00,0.0,JAXA GSMaP V8 operational / Google Earth Engine,0,2026-09-19T07:02:58.970259+00:00
PKGL-00003,2026-09-07T02:00:00+00:00,0.0,JAXA GSMaP V8 operational / Google Earth Engine,0,2026-09-19T07:02:58.970259+00:00
PKGL-00003,2026-09-07T03:00:00+00:00,0.0,JAXA GSMaP V8 operational / Google Earth Engine,0,2026-09-19T07:02:58.970259+00:00
PKGL-00003,2026-09-07T04:00:00+00:00,0.0,JAXA GSMaP V8 operational / Google Earth Engine,0,2026-09-19T07:02:58.970259+00:00
PKGL-00003,2026-09-07T05:00:00+00:00,0.0,JAXA GSMaP V8 operational / Google Earth Engine,0,2026-09-19T07:02:58.970259+00:00
PKGL-00003,2026-09-07T06:00:00+00:00,0.0,JAXA GSMaP V8 operational / Google Earth Engine,0,2026-09-19T07:02:58.970259+00:00
PKGL-00003,2026-09-07T07:00:00+00:00,0.0,JAXA GSMaP V8 operational / Google Earth Engine,0,2026-09-19T07:02:58.970259+00:00
PKGL-00003,2026-09-07T08:00:00+00:00,0.0,JAXA GSMaP V8 operational / Google Earth Engine,0,2026-09-19T07:02:58.970259+00:00
PKGL-00003,2026-09-07T09:00:00+00:00,0.0,JAXA GSMaP V8 operational / Google Earth Engine,0,2026-09-19T07:02:58.970259+00:00
PKGL-00003,2026-09-07T10:00:00+00:00,0.0,JAXA GSMaP V8 operational / Google Earth Engine,0,2026-09-19T07:02:58.970259+00:00
PKGL-00003,2026-09-07T11:00:00+00:00,0.0,JAXA GSMaP V8 operational / Google Earth Engine,0,2026-09-19T07:02:58.970259+00:00
PKGL-00003,2026-09-07T12:00:00+00:00,0.0,JAXA GSMaP V8 operational / Google Earth Engine,0,2026-09-19T07:02:58.970259+00:00
PKGL-00003,2026-09-07T13:00:00+00:00,0.0,JAXA GSMaP V8 operational / Google Earth Engine,0,2026-09-19T07:02:58.970259+00:00
PKGL-00003,2026-09-07T14:00:00+00:00,0.0,JAXA GSMaP V8 operational / Google Earth Engine,0,2026-09-19T07:02:58.970259+00:00
PKGL-00003,2026-09-07T15:00:00+00:00,0.0,JAXA GSMaP V8 operational / Google Earth Engine,0,2026-09-19T07:02:58.970259+00:00
PKGL-00003,2026-09-07T16:00:00+00:00,0.0,JAXA GSMaP V8 operational / Google Earth Engine,0,2026-09-19T07:02:58.970259+00:00
PKGL-00003,2026-09-07T17:00:00+00:00,0.0,JAXA GSMaP V8 operational / Google Earth Engine,0,2026-09-19T07:02:58.970259+00:00
PKGL-00003,2026-09-07T18:00:00+00:00,0.0,JAXA GSMaP V8 operational / Google Earth Engine,0,2026-09-19T07:02:58.970259+00:00
PKGL-00003,2026-09-07T19:00:00+00:00,0.0,JAXA GSMaP V8 operational / Google Earth Engine,0,2026-09-19T07:02:58.970259+00:00
PKGL-00003,2026-09-07T20:00:00+00:00,0.0,JAXA GSMaP V8 operational / Google Earth Engine,0,2026-09-19T07:02:58.970259+00:00
PKGL-00003,2026-09-07T21:00:00+00:00,0.0,JAXA GSMaP V8 operational / Google Earth Engine,0,2026-09-19T07:02:58.970259+00:00
PKGL-00003,2026-09-07T22:00:00+00:00,0.0,JAXA GSMaP V8 operational / Google Earth Engine,0,2026-09-19T07:02:58.970259+00:00
PKGL-00003,2026-09-07T23:00:00+00:00,0.0,JAXA GSMaP V8 operational / Google Earth Engine,0,2026-09-19T07:02:58.970259+00:00
PKGL-00003,2026-09-08T00:00:00+00:00,0.0,JAXA GSMaP V8 operational / Google Earth Engine,0,2026-09-19T07:02:58.970259+00:00
PKGL-00003,2026-09-08T01:00:00+00:00,0.0,JAXA GSMaP V8 operational / Google Earth Engine,0,2026-09-19T07:02:58.970259+00:00
PKGL-00003,2026-09-08T02:00:00+00:00,0.0,JAXA GSMaP V8 operational / Google Earth Engine,0,2026-09-19T07:02:58.970259+00:00
PKGL-00003,2026-09-08T03:00:00+00:00,0.0,JAXA GSMaP V8 operational / Google Earth Engine,0,2026-09-19T07:02:58.970259+00:00
PKGL-00003,2026-09-08T04:00:00+00:00,0.0,JAXA GSMaP V8 operational / Google Earth Engine,0,2026-09-19T07:02:58.970259+00:00
PKGL-00003,2026-09-08T05:00:00+00:00,0.0,JAXA GSMaP V8 operational / Google Earth Engine,0,2026-09-19T07:02:58.970259+00:00
PKGL-00003,2026-09-08T06:00:00+00:00,0.0,JAXA GSMaP V8 operational / Google Earth Engine,0,2026-09-19T07:02:58.970259+00:00
PKGL-00003,2026-09-08T07:00:00+00:00,0.0,JAXA GSMaP V8 operational / Google Earth Engine,0,2026-09-19T07:02:58.970259+00:00
PKGL-00003,2026-09-08T08:00:00+00:00,0.0,JAXA GSMaP V8 operational / Google Earth Engine,0,2026-09-19T07:02:58.970259+00:00
PKGL-00003,2026-09-08T09:00:00+00:00,0.0,JAXA GSMaP V8 operational / Google Earth Engine,0,2026-09-19T07:02:58.970259+00:00
PKGL-00003,2026-09-08T10:00:00+00:00,0.0,JAXA GSMaP V8 operational / Google Earth Engine,0,2026-09-19T07:02:58.970259+00:00
PKGL-00003,2026-09-08T11:00:00+00:00,0.0,JAXA GSMaP V8 operational / Google Earth Engine,0,2026-09-19T07:02:58.970259+00:00
PKGL-00003,2026-09-08T12:00:00+00:00,0.0,JAXA GSMaP V8 operational / Google Earth Engine,0,2026-09-19T07:02:58.970259+00:00
PKGL-00003,2026-09-08T13:00:00+00:00,0.0,JAXA GSMaP V8 operational / Google Earth Engine,0,2026-09-19T07:02:58.970259+00:00
PKGL-00003,2026-09-08T14:00:00+00:00,0.0,JAXA GSMaP V8 operational / Google Earth Engine,0,2026-09-19T07:02:58.970259+00:00
PKGL-00003,2026-09-08T15:00:00+00:00,0.0,JAXA GSMaP V8 operational / Google Earth Engine,0,2026-09-19T07:02:58.970259+00:00
PKGL-00003,2026-09-08T16:00:00+00:00,0.0,JAXA GSMaP V8 operational / Google Earth Engine,0,2026-09-19T07:02:58.970259+00:00
PKGL-00003,2026-09-08T17:00:00+00:00,0.0,JAXA GSMaP V8 operational / Google Earth Engine,0,2026-09-19T07:02:58.970259+00:00
PKGL-00003,2026-09-08T18:00:00+00:00,0.0,JAXA GSMaP V8 operational / Google Earth Engine,0,2026-09-19T07:02:58.970259+00:00
PKGL-00003,2026-09-08T19:00:00+00:00,0.0,JAXA GSMaP V8 operational / Google Earth Engine,0,2026-09-19T07:02:58.970259+00:00
PKGL-00003,2026-09-08T20:00:00+00:00,0.0,JAXA GSMaP V8 operational / Google Earth Engine,0,2026-09-19T07:02:58.970259+00:00
PKGL-00003,2026-09-08T21:00:00+00:00,0.0,JAXA GSMaP V8 operational / Google Earth Engine,0,2026-09-19T07:02:58.970259+00:00
PKGL-00003,2026-09-08T22:00:00+00:00,0.0,JAXA GSMaP V8 operational / Google Earth Engine,0,2026-09-19T07:02:58.970259+00:00
PKGL-00003,2026-09-08T23:00:00+00:00,0.0,JAXA GSMaP V8 operational / Google Earth Engine,0,2026-09-19T07:02:58.970259+00:00
PKGL-00003,2026-09-09T00:00:00+00:00,0.0,JAXA GSMaP V8 operational / Google Earth Engine,0,2026-09-19T07:02:58.970259+00:00
PKGL-00003,2026-09-09T01:00:00+00:00,0.0,JAXA GSMaP V8 operational / Google Earth Engine,0,2026-09-19T07:02:58.970259+00:00
PKGL-00003,2026-09-09T02:00:00+00:00,0.0,JAXA GSMaP V8 operational / Google Earth Engine,0,2026-09-19T07:02:58.970259+00:00
PKGL-00003,2026-09-09T03:00:00+00:00,0.0,JAXA GSMaP V8 operational / Google Earth Engine,0,2026-09-19T07:02:58.970259+00:00
PKGL-00003,2026-09-09T04:00:00+00:00,0.0,JAXA GSMaP V8 operational / Google Earth Engine,0,2026-09-19T07:02:58.970259+00:00
PKGL-00003,2026-09-09T05:00:00+00:00,0.0,JAXA GSMaP V8 operational / Google Earth Engine,0,2026-09-19T07:02:58.970259+00:00
PKGL-00003,2026-09-09T06:00:00+00:00,0.0,JAXA GSMaP V8 operational / Google Earth Engine,0,2026-09-19T07:02:58.970259+00:00
PKGL-00003,2026-09-09T07:00:00+00:00,0.0,JAXA GSMaP V8 operational / Google Earth Engine,0,2026-09-19T07:02:58.970259+00:00
PKGL-00003,2026-09-09T08:00:00+00:00,0.0,JAXA GSMaP V8 operational / Google Earth Engine,0,2026-09-19T07:02:58.970259+00:00
PKGL-00003,2026-09-09T09:00:00+00:00,0.0,JAXA GSMaP V8 operational / Google Earth Engine,0,2026-09-19T07:02:58.970259+00:00
PKGL-00003,2026-09-09T10:00:00+00:00,0.0,JAXA GSMaP V8 operational / Google Earth Engine,0,2026-09-19T07:02:58.970259+00:00
PKGL-00003,2026-09-09T11:00:00+00:00,0.0,JAXA GSMaP V8 operational / Google Earth Engine,0,2026-09-19T07:02:58.970259+00:00
PKGL-00003,2026-09-09T12:00:00+00:00,0.0,JAXA GSMaP V8 operational / Google Earth Engine,0,2026-09-19T07:02:58.970259+00:00
PKGL-00003,2026-09-09T13:00:00+00:00,0.0,JAXA GSMaP V8 operational / Google Earth Engine,0,2026-09-19T07:02:58.970259+00:00
PKGL-00003,2026-09-09T14:00:00+00:00,0.0,JAXA GSMaP V8 operational / Google Earth Engine,0,2026-09-19T07:02:58.970259+00:00
PKGL-00003,2026-09-09T15:00:00+00:00,0.0,JAXA GSMaP V8 operational / Google Earth Engine,0,2026-09-19T07:02:58.970259+00:00
PKGL-00003,2026-09-09T16:00:00+00:00,0.0,JAXA GSMaP V8 operational / Google Earth Engine,0,2026-09-19T07:02:58.970259+00:00
PKGL-00003,2026-09-09T17:00:00+00:00,0.0,JAXA GSMaP V8 operational / Google Earth Engine,0,2026-09-19T07:02:58.970259+00:00
PKGL-00003,2026-09-09T18:00:00+00:00,0.0,JAXA GSMaP V8 operational / Google Earth Engine,0,2026-09-19T07:02:58.970259+00:00
PKGL-00003,2026-09-09T19:00:00+00:00,0.0,JAXA GSMaP V8 operational / Google Earth Engine,0,2026-09-19T07:02:58.970259+00:00
PKGL-00003,2026-09-09T20:00:00+00:00,0.0,JAXA GSMaP V8 operational / Google Earth Engine,0,2026-09-19T07:02:58.970259+00:00
PKGL-00003,2026-09-09T21:00:00+00:00,0.0,JAXA GSMaP V8 operational / Google Earth Engine,0,2026-09-19T07:02:58.970259+00:00
PKGL-00003,2026-09-09T22:00:00+00:00,0.0,JAXA GSMaP V8 operational / Google Earth Engine,0,2026-09-19T07:02:58.970259+00:00
PKGL-00003,2026-09-09T23:00:00+00:00,0.0,JAXA GSMaP V8 operational / Google Earth Engine,0,2026-09-19T07:02:58.970259+00:00
PKGL-00003,2026-09-10T00:00:00+00:00,0.0,JAXA GSMaP V8 operational / Google Earth Engine,0,2026-09-19T07:02:58.970259+00:00
PKGL-00003,2026-09-10T01:00:00+00:00,0.0,JAXA GSMaP V8 operational / Google Earth Engine,0,2026-09-19T07:02:58.970259+00:00
PKGL-00003,2026-09-10T02:00:00+00:00,0.0,JAXA GSMaP V8 operational / Google Earth Engine,0,2026-09-19T07:02:58.970259+00:00
PKGL-00003,2026-09-10T03:00:00+00:00,0.0,JAXA GSMaP V8 operational / Google Earth Engine,0,2026-09-19T07:02:58.970259+00:00
PKGL-00003,2026-09-10T04:00:00+00:00,0.0,JAXA GSMaP V8 operational / Google Earth Engine,0,2026-09-19T07:02:58.970259+00:00
PKGL-00003,2026-09-10T05:00:00+00:00,0.0,JAXA GSMaP V8 operational / Google Earth Engine,0,2026-09-19T07:02:58.970259+00:00
PKGL-00003,2026-09-10T06:00:00+00:00,0.0,JAXA GSMaP V8 operational / Google Earth Engine,0,2026-09-19T07:02:58.970259+00:00
PKGL-00003,2026-09-10T07:00:00+00:00,0.0,JAXA GSMaP V8 operational / Google Earth Engine,0,2026-09-19T07:02:58.970259+00:00
PKGL-00003,2026-09-10T08:00:00+00:00,0.0,JAXA GSMaP V8 operational / Google Earth Engine,0,2026-09-19T07:02:58.970259+00:00
PKGL-00003,2026-09-10T09:00:00+00:00,0.0,JAXA GSMaP V8 operational / Google Earth Engine,0,2026-09-19T07:02:58.970259+00:00
PKGL-00003,2026-09-10T10:00:00+00:00,0.0,JAXA GSMaP V8 operational / Google Earth Engine,0,2026-09-19T07:02:58.970259+00:00
PKGL-00003,2026-09-10T11:00:00+00:00,0.0,JAXA GSMaP V8 operational / Google Earth Engine,0,2026-09-19T07:02:58.970259+00:00
PKGL-00003,2026-09-10T12:00:00+00:00,0.0,JAXA GSMaP V8 operational / Google Earth Engine,0,2026-09-19T07:02:58.970259+00:00
PKGL-00003,2026-09-10T13:00:00+00:00,0.0,JAXA GSMaP V8 operational / Google Earth Engine,0,2026-09-19T07:02:58.970259+00:00
PKGL-00003,2026-09-10T14:00:00+00:00,0.0,JAXA GSMaP V8 operational / Google Earth Engine,0,2026-09-19T07:02:58.970259+00:00
PKGL-00003,2026-09-10T15:00:00+00:00,0.0,JAXA GSMaP V8 operational / Google Earth Engine,0,2026-09-19T07:02:58.970259+00:00
PKGL-00003,2026-09-10T16:00:00+00:00,0.0,JAXA GSMaP V8 operational / Google Earth Engine,0,2026-09-19T07:02:58.970259+00:00
PKGL-00003,2026-09-10T17:00:00+00:00,0.0,JAXA GSMaP V8 operational / Google Earth Engine,0,2026-09-19T07:02:58.970259+00:00
PKGL-00003,2026-09-10T18:00:00+00:00,0.0,JAXA GSMaP V8 operational / Google Earth Engine,0,2026-09-19T07:02:58.970259+00:00
PKGL-00003,2026-09-10T19:00:00+00:00,0.0,JAXA GSMaP V8 operational / Google Earth Engine,0,2026-09-19T07:02:58.970259+00:00
PKGL-00003,2026-09-10T20:00:00+00:00,0.0,JAXA GSMaP V8 operational / Google Earth Engine,0,2026-09-19T07:02:58.970259+00:00
PKGL-00003,2026-09-10T21:00:00+00:00,0.0,JAXA GSMaP V8 operational / Google Earth Engine,0,2026-09-19T07:02:58.970259+00:00
PKGL-00003,2026-09-10T22:00:00+00:00,0.0,JAXA GSMaP V8 operational / Google Earth Engine,0,2026-09-19T07:02:58.970259+00:00
PKGL-00003,2026-09-10T23:00:00+00:00,0.0,JAXA GSMaP V8 operational / Google Earth Engine,0,2026-09-19T07:02:58.970259+00:00
PKGL-00003,2026-09-11T00:00:00+00:00,0.0,JAXA GSMaP V8 operational / Google Earth Engine,0,2026-09-19T07:02:58.970259+00:00
PKGL-00003,2026-09-11T01:00:00+00:00,0.0,JAXA GSMaP V8 operational / Google Earth Engine,0,2026-09-19T07:02:58.970259+00:00
PKGL-00003,2026-09-11T02:00:00+00:00,0.0,JAXA GSMaP V8 operational / Google Earth Engine,0,2026-09-19T07:02:58.970259+00:00
PKGL-00003,2026-09-11T03:00:00+00:00,0.0,JAXA GSMaP V8 operational / Google Earth Engine,0,2026-09-19T07:02:58.970259+00:00
PKGL-00003,2026-09-11T04:00:00+00:00,0.0,JAXA GSMaP V8 operational / Google Earth Engine,0,2026-09-19T07:02:58.970259+00:00
PKGL-00003,2026-09-11T05:00:00+00:00,0.0,JAXA GSMaP V8 operational / Google Earth Engine,0,2026-09-19T07:02:58.970259+00:00
PKGL-00003,2026-09-11T06:00:00+00:00,0.0,JAXA GSMaP V8 operational / Google Earth Engine,0,2026-09-19T07:02:58.970259+00:00
PKGL-00003,2026-09-11T07:00:00+00:00,0.0,JAXA GSMaP V8 operational / Google Earth Engine,0,2026-09-19T07:02:58.970259+00:00
PKGL-00003,2026-09-11T08:00:00+00:00,0.0,JAXA GSMaP V8 operational / Google Earth Engine,0,2026-09-19T07:02:58.970259+00:00
PKGL-00003,2026-09-11T09:00:00+00:00,0.0,JAXA GSMaP V8 operational / Google Earth Engine,0,2026-09-19T07:02:58.970259+00:00
PKGL-00003,2026-09-11T10:00:00+00:00,0.0,JAXA GSMaP V8 operational / Google Earth Engine,0,2026-09-19T07:02:58.970259+00:00
PKGL-00003,2026-09-11T11:00:00+00:00,0.0,JAXA GSMaP V8 operational / Google Earth Engine,0,2026-09-19T07:02:58.970259+00:00
PKGL-00003,2026-09-11T12:00:00+00:00,0.0,JAXA GSMaP V8 operational / Google Earth Engine,0,2026-09-19T07:02:58.970259+00:00
PKGL-00003,2026-09-11T13:00:00+00:00,0.0,JAXA GSMaP V8 operational / Google Earth Engine,0,2026-09-19T07:02:58.970259+00:00
PKGL-00003,2026-09-11T14:00:00+00:00,0.27383479475975037,JAXA GSMaP V8 operational / Google Earth Engine,0,2026-09-19T07:02:58.970259+00:00
PKGL-00003,2026-09-11T15:00:00+00:00,0.6020940542221069,JAXA GSMaP V8 operational / Google Earth Engine,0,2026-09-19T07:02:58.970259+00:00
PKGL-00003,2026-09-11T16:00:00+00:00,1.088977336883545,JAXA GSMaP V8 operational / Google Earth Engine,0,2026-09-19T07:02:58.970259+00:00
PKGL-00003,2026-09-11T17:00:00+00:00,1.54452383518219,JAXA GSMaP V8 operational / Google Earth Engine,0,2026-09-19T07:02:58.970259+00:00
PKGL-00003,2026-09-11T18:00:00+00:00,1.1914937496185303,JAXA GSMaP V8 operational / Google Earth Engine,0,2026-09-19T07:02:58.970259+00:00
PKGL-00003,2026-09-11T19:00:00+00:00,0.7690847516059875,JAXA GSMaP V8 operational / Google Earth Engine,0,2026-09-19T07:02:58.970259+00:00
PKGL-00003,2026-09-11T20:00:00+00:00,0.43972378969192505,JAXA GSMaP V8 operational / Google Earth Engine,0,2026-09-19T07:02:58.970259+00:00
PKGL-00003,2026-09-11T21:00:00+00:00,0.146147221326828,JAXA GSMaP V8 operational / Google Earth Engine,0,2026-09-19T07:02:58.970259+00:00
PKGL-00003,2026-09-11T22:00:00+00:00,0.0,JAXA GSMaP V8 operational / Google Earth Engine,0,2026-09-19T07:02:58.970259+00:00
PKGL-00003,2026-09-11T23:00:00+00:00,0.0,JAXA GSMaP V8 operational / Google Earth Engine,0,2026-09-19T07:02:58.970259+00:00
PKGL-00003,2026-09-12T00:00:00+00:00,0.0,JAXA GSMaP V8 operational / Google Earth Engine,0,2026-09-19T07:02:58.970259+00:00
PKGL-00003,2026-09-12T01:00:00+00:00,0.0,JAXA GSMaP V8 operational / Google Earth Engine,0,2026-09-19T07:02:58.970259+00:00
PKGL-00003,2026-09-12T02:00:00+00:00,0.0,JAXA GSMaP V8 operational / Google Earth Engine,0,2026-09-19T07:02:58.970259+00:00
PKGL-00003,2026-09-12T03:00:00+00:00,0.0,JAXA GSMaP V8 operational / Google Earth Engine,0,2026-09-19T07:02:58.970259+00:00
PKGL-00003,2026-09-12T04:00:00+00:00,0.0,JAXA GSMaP V8 operational / Google Earth Engine,0,2026-09-19T07:02:58.970259+00:00
PKGL-00003,2026-09-12T05:00:00+00:00,0.0,JAXA GSMaP V8 operational / Google Earth Engine,0,2026-09-19T07:02:58.970259+00:00
PKGL-00003,2026-09-12T06:00:00+00:00,0.0,JAXA GSMaP V8 operational / Google Earth Engine,0,2026-09-19T07:02:58.970259+00:00
PKGL-00003,2026-09-12T07:00:00+00:00,0.0,JAXA GSMaP V8 operational / Google Earth Engine,0,2026-09-19T07:02:58.970259+00:00
PKGL-00003,2026-09-12T08:00:00+00:00,0.0,JAXA GSMaP V8 operational / Google Earth Engine,0,2026-09-19T07:02:58.970259+00:00
PKGL-00003,2026-09-12T09:00:00+00:00,0.0,JAXA GSMaP V8 operational / Google Earth Engine,0,2026-09-19T07:02:58.970259+00:00
PKGL-00003,2026-09-12T10:00:00+00:00,0.0,JAXA GSMaP V8 operational / Google Earth Engine,0,2026-09-19T07:02:58.970259+00:00
PKGL-00003,2026-09-12T11:00:00+00:00,0.0,JAXA GSMaP V8 operational / Google Earth Engine,0,2026-09-19T07:02:58.970259+00:00
PKGL-00003,2026-09-12T12:00:00+00:00,0.0,JAXA GSMaP V8 operational / Google Earth Engine,0,2026-09-19T07:02:58.970259+00:00
PKGL-00003,2026-09-12T13:00:00+00:00,0.0,JAXA GSMaP V8 operational / Google Earth Engine,0,2026-09-19T07:02:58.970259+00:00
PKGL-00003,2026-09-12T14:00:00+00:00,0.0,JAXA GSMaP V8 operational / Google Earth Engine,0,2026-09-19T07:02:58.970259+00:00
PKGL-00003,2026-09-12T15:00:00+00:00,0.0,JAXA GSMaP V8 operational / Google Earth Engine,0,2026-09-19T07:02:58.970259+00:00
PKGL-00003,2026-09-12T16:00:00+00:00,0.0,JAXA GSMaP V8 operational / Google Earth Engine,0,2026-09-19T07:02:58.970259+00:00
PKGL-00003,2026-09-12T17:00:00+00:00,0.0,JAXA GSMaP V8 operational / Google Earth Engine,0,2026-09-19T07:02:58.970259+00:00
PKGL-00003,2026-09-12T18:00:00+00:00,0.0,JAXA GSMaP V8 operational / Google Earth Engine,0,2026-09-19T07:02:58.970259+00:00
PKGL-00003,2026-09-12T19:00:00+00:00,0.0,JAXA GSMaP V8 operational / Google Earth Engine,0,2026-09-19T07:02:58.970259+00:00
PKGL-00003,2026-09-12T20:00:00+00:00,0.0,JAXA GSMaP V8 operational / Google Earth Engine,0,2026-09-19T07:02:58.970259+00:00
PKGL-00003,2026-09-12T21:00:00+00:00,0.0,JAXA GSMaP V8 operational / Google Earth Engine,0,2026-09-19T07:02:58.970259+00:00
PKGL-00003,2026-09-12T22:00:00+00:00,0.0,JAXA GSMaP V8 operational / Google Earth Engine,0,2026-09-19T07:02:58.970259+00:00
PKGL-00003,2026-09-12T23:00:00+00:00,0.0,JAXA GSMaP V8 operational / Google Earth Engine,0,2026-09-19T07:02:58.970259+00:00
PKGL-00003,2026-09-13T00:00:00+00:00,0.0,JAXA GSMaP V8 operational / Google Earth Engine,0,2026-09-19T07:02:58.970259+00:00
PKGL-00003,2026-09-13T01:00:00+00:00,0.0,JAXA GSMaP V8 operational / Google Earth Engine,0,2026-09-19T07:02:58.970259+00:00
PKGL-00003,2026-09-13T02:00:00+00:00,0.0,JAXA GSMaP V8 operational / Google Earth Engine,0,2026-09-19T07:02:58.970259+00:00
PKGL-00003,2026-09-13T03:00:00+00:00,0.0,JAXA GSMaP V8 operational / Google Earth Engine,0,2026-09-19T07:02:58.970259+00:00
PKGL-00003,2026-09-13T04:00:00+00:00,0.0,JAXA GSMaP V8 operational / Google Earth Engine,0,2026-09-19T07:02:58.970259+00:00
PKGL-00003,2026-09-13T05:00:00+00:00,0.0,JAXA GSMaP V8 operational / Google Earth Engine,0,2026-09-19T07:02:58.970259+00:00
PKGL-00003,2026-09-13T06:00:00+00:00,0.0,JAXA GSMaP V8 operational / Google Earth Engine,0,2026-09-19T07:02:58.970259+00:00
PKGL-00003,2026-09-13T07:00:00+00:00,0.4121759235858917,JAXA GSMaP V8 operational / Google Earth Engine,0,2026-09-19T07:02:58.970259+00:00
PKGL-00003,2026-09-13T08:00:00+00:00,0.3554075360298157,JAXA GSMaP V8 operational / Google Earth Engine,0,2026-09-19T07:02:58.970259+00:00
PKGL-00003,2026-09-13T09:00:00+00:00,0.13193155825138092,JAXA GSMaP V8 operational / Google Earth Engine,0,2026-09-19T07:02:58.970259+00:00
PKGL-00003,2026-09-13T10:00:00+00:00,0.0,JAXA GSMaP V8 operational / Google Earth Engine,0,2026-09-19T07:02:58.970259+00:00
PKGL-00003,2026-09-13T11:00:00+00:00,0.0,JAXA GSMaP V8 operational / Google Earth Engine,0,2026-09-19T07:02:58.970259+00:00
PKGL-00003,2026-09-13T12:00:00+00:00,0.0,JAXA GSMaP V8 operational / Google Earth Engine,0,2026-09-19T07:02:58.970259+00:00
PKGL-00003,2026-09-13T13:00:00+00:00,0.0,JAXA GSMaP V8 operational / Google Earth Engine,0,2026-09-19T07:02:58.970259+00:00
PKGL-00003,2026-09-13T14:00:00+00:00,0.0,JAXA GSMaP V8 operational / Google Earth Engine,0,2026-09-19T07:02:58.970259+00:00
PKGL-00003,2026-09-13T15:00:00+00:00,0.0,JAXA GSMaP V8 operational / Google Earth Engine,0,2026-09-19T07:02:58.970259+00:00
PKGL-00003,2026-09-13T16:00:00+00:00,0.0,JAXA GSMaP V8 operational / Google Earth Engine,0,2026-09-19T07:02:58.970259+00:00
PKGL-00003,2026-09-13T17:00:00+00:00,0.0,JAXA GSMaP V8 operational / Google Earth Engine,0,2026-09-19T07:02:58.970259+00:00
PKGL-00003,2026-09-13T18:00:00+00:00,0.0,JAXA GSMaP V8 operational / Google Earth Engine,0,2026-09-19T07:02:58.970259+00:00
PKGL-00003,2026-09-13T19:00:00+00:00,0.0,JAXA GSMaP V8 operational / Google Earth Engine,0,2026-09-19T07:02:58.970259+00:00
PKGL-00003,2026-09-13T20:00:00+00:00,0.0,JAXA GSMaP V8 operational / Google Earth Engine,0,2026-09-19T07:02:58.970259+00:00
PKGL-00003,2026-09-13T21:00:00+00:00,0.0,JAXA GSMaP V8 operational / Google Earth Engine,0,2026-09-19T07:02:58.970259+00:00
PKGL-00003,2026-09-13T22:00:00+00:00,0.0,JAXA GSMaP V8 operational / Google Earth Engine,0,2026-09-19T07:02:58.970259+00:00
PKGL-00003,2026-09-13T23:00:00+00:00,0.0,JAXA GSMaP V8 operational / Google Earth Engine,0,2026-09-19T07:02:58.970259+00:00
PKGL-00003,2026-09-14T00:00:00+00:00,0.0,JAXA GSMaP V8 operational / Google Earth Engine,0,2026-09-19T07:02:58.970259+00:00
PKGL-00003,2026-09-14T01:00:00+00:00,0.0,JAXA GSMaP V8 operational / Google Earth Engine,0,2026-09-19T07:02:58.970259+00:00
PKGL-00003,2026-09-14T02:00:00+00:00,0.0,JAXA GSMaP V8 operational / Google Earth Engine,0,2026-09-19T07:02:58.970259+00:00
PKGL-00003,2026-09-14T03:00:00+00:00,0.0,JAXA GSMaP V8 operational / Google Earth Engine,0,2026-09-19T07:02:58.970259+00:00
PKGL-00003,2026-09-14T04:00:00+00:00,0.0,JAXA GSMaP V8 operational / Google Earth Engine,0,2026-09-19T07:02:58.970259+00:00
PKGL-00003,2026-09-14T05:00:00+00:00,0.0,JAXA GSMaP V8 operational / Google Earth Engine,0,2026-09-19T07:02:58.970259+00:00
PKGL-00003,2026-09-14T06:00:00+00:00,0.0,JAXA GSMaP V8 operational / Google Earth Engine,0,2026-09-19T07:02:58.970259+00:00
PKGL-00003,2026-09-14T07:00:00+00:00,0.0,JAXA GSMaP V8 operational / Google Earth Engine,0,2026-09-19T07:02:58.970259+00:00
PKGL-00003,2026-09-14T08:00:00+00:00,0.0,JAXA GSMaP V8 operational / Google Earth Engine,0,2026-09-19T07:02:58.970259+00:00
PKGL-00003,2026-09-14T09:00:00+00:00,0.0,JAXA GSMaP V8 operational / Google Earth Engine,0,2026-09-19T07:02:58.970259+00:00
PKGL-00003,2026-09-14T10:00:00+00:00,0.0,JAXA GSMaP V8 operational / Google Earth Engine,0,2026-09-19T07:02:58.970259+00:00
PKGL-00003,2026-09-14T11:00:00+00:00,0.0,JAXA GSMaP V8 operational / Google Earth Engine,0,2026-09-19T07:02:58.970259+00:00
PKGL-00003,2026-09-14T12:00:00+00:00,0.0,JAXA GSMaP V8 operational / Google Earth Engine,0,2026-09-19T07:02:58.970259+00:00
PKGL-00003,2026-09-14T13:00:00+00:00,0.10798721015453339,JAXA GSMaP V8 operational / Google Earth Engine,0,2026-09-19T07:02:58.970259+00:00
PKGL-00003,2026-09-14T14:00:00+00:00,0.1851215660572052,JAXA GSMaP V8 operational / Google Earth Engine,0,2026-09-19T07:02:58.970259+00:00
PKGL-00003,2026-09-14T15:00:00+00:00,0.2113121598958969,JAXA GSMaP V8 operational / Google Earth Engine,0,2026-09-19T07:02:58.970259+00:00
PKGL-00003,2026-09-14T16:00:00+00:00,0.24203719198703766,JAXA GSMaP V8 operational / Google Earth Engine,0,2026-09-19T07:02:58.970259+00:00
PKGL-00003,2026-09-14T17:00:00+00:00,0.1354810893535614,JAXA GSMaP V8 operational / Google Earth Engine,0,2026-09-19T07:02:58.970259+00:00
PKGL-00003,2026-09-14T18:00:00+00:00,0.0,JAXA GSMaP V8 operational / Google Earth Engine,0,2026-09-19T07:02:58.970259+00:00
PKGL-00003,2026-09-14T19:00:00+00:00,0.0,JAXA GSMaP V8 operational / Google Earth Engine,0,2026-09-19T07:02:58.970259+00:00
PKGL-00003,2026-09-14T20:00:00+00:00,0.0,JAXA GSMaP V8 operational / Google Earth Engine,0,2026-09-19T07:02:58.970259+00:00
PKGL-00003,2026-09-14T21:00:00+00:00,0.0,JAXA GSMaP V8 operational / Google Earth Engine,0,2026-09-19T07:02:58.970259+00:00
PKGL-00003,2026-09-14T22:00:00+00:00,0.0,JAXA GSMaP V8 operational / Google Earth Engine,0,2026-09-19T07:02:58.970259+00:00
PKGL-00003,2026-09-14T23:00:00+00:00,0.0,JAXA GSMaP V8 operational / Google Earth Engine,0,2026-09-19T07:02:58.970259+00:00
PKGL-00003,2026-09-15T00:00:00+00:00,0.0,JAXA GSMaP V8 operational / Google Earth Engine,0,2026-09-19T07:02:58.970259+00:00
PKGL-00003,2026-09-15T01:00:00+00:00,0.0,JAXA GSMaP V8 operational / Google Earth Engine,0,2026-09-19T07:02:58.970259+00:00
PKGL-00003,2026-09-15T02:00:00+00:00,0.0,JAXA GSMaP V8 operational / Google Earth Engine,0,2026-09-19T07:02:58.970259+00:00
PKGL-00003,2026-09-15T03:00:00+00:00,0.0,JAXA GSMaP V8 operational / Google Earth Engine,0,2026-09-19T07:02:58.970259+00:00
PKGL-00003,2026-09-15T04:00:00+00:00,0.0,JAXA GSMaP V8 operational / Google Earth Engine,0,2026-09-19T07:02:58.970259+00:00
PKGL-00003,2026-09-15T05:00:00+00:00,0.0,JAXA GSMaP V8 operational / Google Earth Engine,0,2026-09-19T07:02:58.970259+00:00
PKGL-00003,2026-09-15T06:00:00+00:00,0.0,JAXA GSMaP V8 operational / Google Earth Engine,0,2026-09-19T07:02:58.970259+00:00
PKGL-00003,2026-09-15T07:00:00+00:00,0.27849459648132324,JAXA GSMaP V8 operational / Google Earth Engine,0,2026-09-19T07:02:58.970259+00:00
PKGL-00003,2026-09-15T08:00:00+00:00,0.3613058626651764,JAXA GSMaP V8 operational / Google Earth Engine,0,2026-09-19T07:02:58.970259+00:00
PKGL-00003,2026-09-15T09:00:00+00:00,0.0,JAXA GSMaP V8 operational / Google Earth Engine,0,2026-09-19T07:02:58.970259+00:00
PKGL-00003,2026-09-15T10:00:00+00:00,0.0,JAXA GSMaP V8 operational / Google Earth Engine,0,2026-09-19T07:02:58.970259+00:00
PKGL-00003,2026-09-15T11:00:00+00:00,0.0,JAXA GSMaP V8 operational / Google Earth Engine,0,2026-09-19T07:02:58.970259+00:00
PKGL-00003,2026-09-15T12:00:00+00:00,0.0,JAXA GSMaP V8 operational / Google Earth Engine,0,2026-09-19T07:02:58.970259+00:00
PKGL-00003,2026-09-15T13:00:00+00:00,0.0,JAXA GSMaP V8 operational / Google Earth Engine,0,2026-09-19T07:02:58.970259+00:00
PKGL-00003,2026-09-15T14:00:00+00:00,0.0,JAXA GSMaP V8 operational / Google Earth Engine,0,2026-09-19T07:02:58.970259+00:00
PKGL-00003,2026-09-15T15:00:00+00:00,0.1191328763961792,JAXA GSMaP V8 operational / Google Earth Engine,0,2026-09-19T07:02:58.970259+00:00
PKGL-00003,2026-09-15T16:00:00+00:00,0.12284345179796219,JAXA GSMaP V8 operational / Google Earth Engine,0,2026-09-19T07:02:58.970259+00:00
PKGL-00003,2026-09-15T17:00:00+00:00,0.0,JAXA GSMaP V8 operational / Google Earth Engine,0,2026-09-19T07:02:58.970259+00:00
PKGL-00003,2026-09-15T18:00:00+00:00,0.0,JAXA GSMaP V8 operational / Google Earth Engine,0,2026-09-19T07:02:58.970259+00:00
PKGL-00003,2026-09-15T19:00:00+00:00,0.0,JAXA GSMaP V8 operational / Google Earth Engine,0,2026-09-19T07:02:58.970259+00:00
PKGL-00003,2026-09-15T20:00:00+00:00,0.0,JAXA GSMaP V8 operational / Google Earth Engine,0,2026-09-19T07:02:58.970259+00:00
PKGL-00003,2026-09-15T21:00:00+00:00,0.0,JAXA GSMaP V8 operational / Google Earth Engine,0,2026-09-19T07:02:58.970259+00:00
PKGL-00003,2026-09-15T22:00:00+00:00,0.0,JAXA GSMaP V8 operational / Google Earth Engine,0,2026-09-19T07:02:58.970259+00:00
PKGL-00003,2026-09-15T23:00:00+00:00,0.0,JAXA GSMaP V8 operational / Google Earth Engine,0,2026-09-19T07:02:58.970259+00:00
PKGL-00003,2026-09-16T00:00:00+00:00,0.0,JAXA GSMaP V8 operational / Google Earth Engine,0,2026-09-19T07:02:58.970259+00:00
PKGL-00003,2026-09-16T01:00:00+00:00,0.0,JAXA GSMaP V8 operational / Google Earth Engine,0,2026-09-19T07:02:58.970259+00:00
PKGL-00003,2026-09-16T02:00:00+00:00,0.0,JAXA GSMaP V8 operational / Google Earth Engine,0,2026-09-19T07:02:58.970259+00:00
PKGL-00003,2026-09-16T03:00:00+00:00,0.0,JAXA GSMaP V8 operational / Google Earth Engine,0,2026-09-19T07:02:58.970259+00:00
PKGL-00003,2026-09-16T04:00:00+00:00,0.0,JAXA GSMaP V8 operational / Google Earth Engine,0,2026-09-19T07:02:58.970259+00:00
PKGL-00003,2026-09-16T05:00:00+00:00,0.0,JAXA GSMaP V8 operational / Google Earth Engine,0,2026-09-19T07:02:58.970259+00:00
PKGL-00003,2026-09-16T06:00:00+00:00,0.0,JAXA GSMaP V8 operational / Google Earth Engine,0,2026-09-19T07:02:58.970259+00:00
PKGL-00003,2026-09-16T07:00:00+00:00,0.0,JAXA GSMaP V8 operational / Google Earth Engine,0,2026-09-19T07:02:58.970259+00:00
PKGL-00003,2026-09-16T08:00:00+00:00,0.0,JAXA GSMaP V8 operational / Google Earth Engine,0,2026-09-19T07:02:58.970259+00:00
PKGL-00003,2026-09-16T09:00:00+00:00,0.0,JAXA GSMaP V8 operational / Google Earth Engine,0,2026-09-19T07:02:58.970259+00:00
PKGL-00003,2026-09-16T10:00:00+00:00,0.0,JAXA GSMaP V8 operational / Google Earth Engine,0,2026-09-19T07:02:58.970259+00:00
PKGL-00003,2026-09-16T11:00:00+00:00,0.0,JAXA GSMaP V8 operational / Google Earth Engine,0,2026-09-19T07:02:58.970259+00:00
PKGL-00003,2026-09-16T12:00:00+00:00,0.0,JAXA GSMaP V8 operational / Google Earth Engine,0,2026-09-19T07:02:58.970259+00:00
PKGL-00003,2026-09-16T13:00:00+00:00,0.0,JAXA GSMaP V8 operational / Google Earth Engine,0,2026-09-19T07:02:58.970259+00:00
PKGL-00003,2026-09-16T14:00:00+00:00,0.0,JAXA GSMaP V8 operational / Google Earth Engine,0,2026-09-19T07:02:58.970259+00:00
PKGL-00003,2026-09-16T15:00:00+00:00,0.5448166131973267,JAXA GSMaP V8 operational / Google Earth Engine,0,2026-09-19T07:02:58.970259+00:00
PKGL-00003,2026-09-16T16:00:00+00:00,1.5315849781036377,JAXA GSMaP V8 operational / Google Earth Engine,0,2026-09-19T07:02:58.970259+00:00
PKGL-00003,2026-09-16T17:00:00+00:00,1.7781789302825928,JAXA GSMaP V8 operational / Google Earth Engine,0,2026-09-19T07:02:58.970259+00:00
PKGL-00003,2026-09-16T18:00:00+00:00,2.631408929824829,JAXA GSMaP V8 operational / Google Earth Engine,0,2026-09-19T07:02:58.970259+00:00
PKGL-00003,2026-09-16T19:00:00+00:00,1.055478811264038,JAXA GSMaP V8 operational / Google Earth Engine,0,2026-09-19T07:02:58.970259+00:00
PKGL-00003,2026-09-16T20:00:00+00:00,0.0,JAXA GSMaP V8 operational / Google Earth Engine,0,2026-09-19T07:02:58.970259+00:00
PKGL-00003,2026-09-16T21:00:00+00:00,0.0,JAXA GSMaP V8 operational / Google Earth Engine,0,2026-09-19T07:02:58.970259+00:00
PKGL-00003,2026-09-16T22:00:00+00:00,0.0,JAXA GSMaP V8 operational / Google Earth Engine,0,2026-09-19T07:02:58.970259+00:00
PKGL-00003,2026-09-16T23:00:00+00:00,0.0,JAXA GSMaP V8 operational / Google Earth Engine,0,2026-09-19T07:02:58.970259+00:00
PKGL-00003,2026-09-17T00:00:00+00:00,0.0,JAXA GSMaP V8 operational / Google Earth Engine,0,2026-09-19T07:02:58.970259+00:00
PKGL-00003,2026-09-17T01:00:00+00:00,0.0,JAXA GSMaP V8 operational / Google Earth Engine,0,2026-09-19T07:02:58.970259+00:00
PKGL-00003,2026-09-17T02:00:00+00:00,0.0,JAXA GSMaP V8 operational / Google Earth Engine,0,2026-09-19T07:02:58.970259+00:00
PKGL-00003,2026-09-17T03:00:00+00:00,0.0,JAXA GSMaP V8 operational / Google Earth Engine,0,2026-09-19T07:02:58.970259+00:00
PKGL-00003,2026-09-17T04:00:00+00:00,0.0,JAXA GSMaP V8 operational / Google Earth Engine,0,2026-09-19T07:02:58.970259+00:00
PKGL-00003,2026-09-17T05:00:00+00:00,0.0,JAXA GSMaP V8 operational / Google Earth Engine,0,2026-09-19T07:02:58.970259+00:00
PKGL-00003,2026-09-17T06:00:00+00:00,0.0,JAXA GSMaP V8 operational / Google Earth Engine,0,2026-09-19T07:02:58.970259+00:00
PKGL-00003,2026-09-17T07:00:00+00:00,0.0,JAXA GSMaP V8 operational / Google Earth Engine,0,2026-09-19T07:02:58.970259+00:00
PKGL-00003,2026-09-17T08:00:00+00:00,0.0,JAXA GSMaP V8 operational / Google Earth Engine,0,2026-09-19T07:02:58.970259+00:00
PKGL-00003,2026-09-17T09:00:00+00:00,0.0,JAXA GSMaP V8 operational / Google Earth Engine,0,2026-09-19T07:02:58.970259+00:00
PKGL-00003,2026-09-17T10:00:00+00:00,0.0,JAXA GSMaP V8 operational / Google Earth Engine,0,2026-09-19T07:02:58.970259+00:00
PKGL-00003,2026-09-17T11:00:00+00:00,0.0,JAXA GSMaP V8 operational / Google Earth Engine,0,2026-09-19T07:02:58.970259+00:00
PKGL-00003,2026-09-17T12:00:00+00:00,0.0,JAXA GSMaP V8 operational / Google Earth Engine,0,2026-09-19T07:02:58.970259+00:00
PKGL-00003,2026-09-17T13:00:00+00:00,0.0,JAXA GSMaP V8 operational / Google Earth Engine,0,2026-09-19T07:02:58.970259+00:00
PKGL-00003,2026-09-17T14:00:00+00:00,0.0,JAXA GSMaP V8 operational / Google Earth Engine,0,2026-09-19T07:02:58.970259+00:00
