latitude,longitude,area_km2,is_top200
34.828994407402185,74.06189099068479,0.9505220978009999,True
34.82007919692378,74.08633956285273,0.0347283610939,False
34.80645932861167,74.07199023959022,0.0196932018505,False
34.857496958538555,74.07676326029618,0.206074467866,True
34.861162695247536,74.07826220028221,0.0213745346461,False
34.86212170993019,74.07709179364501,0.000734640465025,False
34.85647830667501,74.08737153994895,0.0190912537528,False
34.91214151537201,74.0890004256219,0.00389236274648,False
34.90983313790286,74.0898295492042,0.00105749811015,False
34.93985521133399,74.07301452796844,0.00186755681445,False
34.94211262211618,74.07006201018754,0.00106368024984,False
34.949436336218895,74.0810676241032,0.00228938290036,False
34.94963879048158,74.08401060219306,0.0147965544422,False
34.95436443605328,74.0868731404215,0.006490047590729999,False
34.95673787139146,74.07401802640435,0.00228999415663,False
34.95714654786407,74.07562510094915,0.010953177477,False
34.962238085645964,74.10030031735593,0.30004256666,True
34.95900102046016,74.1172849992885,0.027935232291100003,False
34.95656773788752,74.13008771244999,0.0599318222514,False
34.947933563962856,74.13842658198038,0.19813687113700001,True
34.94333046099704,74.14108062879615,0.00405275571287,False
34.926238198700645,74.1555705973439,0.196994663746,True
35.017816701114654,74.09028527169714,0.30072984432899996,True
35.04198724025164,74.09652296390435,0.027285303932,False
35.07012639372615,74.11421817003456,0.0472142980136,False
35.073084809357105,74.1048330393943,0.0221112352687,False
35.08034104324646,74.12869150880492,0.0261233950126,False
35.0914012052797,74.14808282904207,0.0207523676826,False
35.10436818415501,74.12440704876285,0.00715116977928,False
35.121155457311424,74.14455503958831,0.00521821755665,False
35.10494893797685,74.218798521531,0.026402789460700002,False
35.10289112608608,74.21838498985858,0.0023614461503000004,False
35.100452161045204,74.21697415642326,0.00869916053374,False
35.1008089319209,74.21504602560425,0.00174151271608,False
35.096623955545965,74.19078404699076,0.0030236900520899997,False
35.087569426754555,74.19835689201052,0.0268283553923,False
35.07046505222615,74.22515597793678,0.025998730699799997,False
35.062033999688126,74.22254698718868,0.0169786438976,False
35.03726559396005,74.18089310584745,0.028634278814000002,False
35.03883491844536,74.19138381467431,0.00243905681886,False
35.04657285376936,74.14694607992595,0.023585798137000003,False
35.050897641624886,74.15042157045946,0.0649020281506,False
35.04954781653248,74.14603748859034,0.00182620907508,False
34.859351381696236,74.28289021253165,0.00580390839218,False
34.863842747154216,74.28176517725711,0.00740013738791,False
34.864819011070004,74.27045377425331,0.0472863292372,False
34.86807654847641,74.26972955943067,0.0101925333695,False
34.871075464091604,74.2725827918697,0.0055454808397,False
34.87339805664732,74.27250737891272,0.00722089800453,False
34.877309495768515,74.28104921592893,0.00966915864197,False
34.87807077520177,74.28734100902757,0.0183237996384,False
34.87775436085701,74.28819034702275,0.000550487644993,False
34.880891907187134,74.29165841862208,0.00458530834978,False
34.88257618730042,74.29315391877456,0.00999242298803,False
34.86961774560145,74.25739938377177,0.0027132185276300003,False
34.87386470084108,74.25014739948098,0.0961596550019,False
34.87954238828803,74.24740011156446,0.0421448514459,False
34.889687357793896,74.28595575655308,0.0451354238666,False
34.95925824339192,74.30421111985774,0.0077449757484,False
34.96456666109515,74.32756059401704,0.00151944917231,False
35.00268236108364,74.29220131627626,0.00753132252083,False
35.032182492445216,74.27956098651421,0.0013242191840200002,False
35.03424085972118,74.27051762479459,0.00626263324749,False
35.043840060583875,74.2621663812852,0.0033314505907900004,False
35.05153026718913,74.27891400079015,0.00146065537698,False
35.05321690460631,74.27883908502376,0.0072779668173999995,False
35.0591243320606,74.29684742933783,0.00313097158024,False
35.062083450332686,74.26928217705277,0.00202304358326,False
35.09670216718446,74.26995854093829,0.00106689629586,False
35.12268650924511,74.2873547100485,0.00729119265507,False
35.19729320332397,74.37639529711352,0.079399206666,False
35.012890498779626,74.37392753589607,0.00302749105177,False
34.96838022578938,74.3769766532801,0.00558041530801,False
34.89789041315494,74.34220828212021,0.009904528114610001,False
34.9030273307321,74.36179248321965,0.008394886317439999,False
34.867122007915476,74.30747406765224,0.00607309509791,False
34.862957331414826,74.2798046619522,0.00259133990396,False
34.86987802021437,74.26098517051213,0.000808335128508,False
34.87704870557501,74.44343641088842,0.021818262733,False
34.88010748092699,74.44832787565471,0.0166622458295,False
34.87423050025482,74.46815360690361,0.0018483742354399998,False
34.873356028960835,74.4683540425027,0.00424091458241,False
34.91927913077993,74.52164060371473,0.75496575321,True
34.91412365964461,74.52854645264185,0.00563578911059,False
34.91449218040949,74.54360491130436,0.045357092779699994,False
34.84895855605866,74.52268360827557,0.2172923846,True
34.88268408330358,74.5077308520118,0.0141060511533,False
34.92999291022261,74.5786832398316,0.029394611192600003,False
34.87835344835635,74.58610154509331,0.007266541299180001,False
34.87732973129541,74.58712868926935,0.00107280196192,False
34.88048022422324,74.58627553684494,0.010498989267900001,False
34.87199341772839,74.60211252402453,0.0163524800701,False
34.87000375582169,74.65902658297848,0.00906347433148,False
34.83949363383912,74.67585274801866,0.111364795017,False
34.85904898435518,74.6958454571135,0.0512228557803,False
34.908188622573896,74.68016039840022,0.248067301397,True
34.89459664725317,74.66126359681093,0.052792728713199996,False
34.89914625674498,74.66334374640651,0.0581668048669,False
34.89794924929064,74.66109141947352,0.0153146779694,False
34.90894579619783,74.65523659014846,0.0400813079162,False
34.911291802330695,74.65700038106216,0.00479830074584,False
34.91750141864879,74.67170066913125,0.0228702936757,False
34.91427734615265,74.63777549417289,0.0702180642092,False
34.90818399711075,74.64149451592624,0.00783706698978,False
34.849683269223824,74.66943133373603,0.00670233908274,False
34.88768104439392,74.6198586927862,0.0026006324779000002,False
34.93927690656855,74.70387386234599,0.0132242560127,False
34.94427015558999,74.69752986322685,0.00177999512643,False
34.9441029819563,74.70105045344224,0.00240155784286,False
34.94588415293814,74.7048195864532,0.037073374352,False
34.92979535469998,74.69266512175066,0.00428104448906,False
34.9338823308073,74.70138030015013,0.00133798163569,False
34.9348878162775,74.70231030774914,0.000720788892774,False
34.946245618861674,74.67969937767992,0.0148374034766,False
34.94555155955144,74.6790252571851,0.0038653659582,False
34.95850199252472,74.63292619150965,0.00297024226907,False
34.976362196695476,74.6243419428521,0.0147755807349,False
34.976189272239786,74.62221614782453,0.0026055366992200004,False
34.975058403032925,74.62260571460685,0.00237053122761,False
34.97401623268636,74.62626473103226,0.00991607505121,False
34.98624845460749,74.57913491659644,0.00781457825172,False
34.98634911635301,74.5681028586266,0.0070360892532099996,False
34.989208285391435,74.72677336369543,0.045758285716600004,False
34.96681237465825,74.71408814323146,0.00864304893396,False
34.96831927191053,74.7190441355984,0.00165507543161,False
34.966643789444696,74.71860977438553,0.0027164934642899996,False
35.007188978443764,74.58905735903525,0.0339980725562,False
35.00818822361105,74.57130681389674,0.006086881743539999,False
35.0332601711103,74.64284011426204,0.00892987193442,False
35.0215199216414,74.55165715879674,0.00960998852459,False
35.06650357158595,74.44605282793735,0.00712461955491,False
35.05536548223117,74.49545930357257,0.0016589273379,False
35.05745938131381,74.49389570756323,0.0014906098019200002,False
35.09839139913544,74.70881433977445,0.004357877251539999,False
35.05151910041043,74.68531016402389,0.0024395797381299997,False
35.05200085098481,74.68580172918996,0.0022253485179600002,False
35.04426148886739,74.63480063021599,0.01170304466,False
35.16665434068137,74.56548826734391,0.0454146694068,False
35.14988651707085,74.51519234951739,0.007681812621400001,False
35.19271715627838,74.61605260914244,0.0815931709324,False
35.330114292904355,74.78566510552179,0.144879732712,True
35.33271170213755,74.77453727222321,0.00260265930573,False
35.33907494194686,74.77247274147362,0.00247568766696,False
35.323186451117024,74.75345620266165,0.0076756405372600004,False
35.33208302138564,74.75961411805528,0.0031657699427900003,False
35.39954039875029,74.67515643697558,0.16699831915,True
35.41212792132046,74.66847493339117,0.0160889301008,False
34.833896513388126,74.05230680046637,0.00498695918265,False
34.86540497516846,74.04752147070343,0.000854493736199,False
34.86573070325138,74.05034248956082,0.0590218204186,False
34.83634006885653,74.09311956644378,0.0033725023676000002,False
34.8371670079454,74.09156808996067,0.000671564997191,False
34.863563567207194,74.11346041438986,0.0005220172419140001,False
34.86017989211869,74.09757708503044,0.00341823188282,False
34.98459102699723,74.10550666597497,0.00569943088232,False
35.093510664668386,74.17846435268947,0.0392187840601,False
35.084978218843645,74.18272624510165,0.00055699062002,False
35.08635132427845,74.17987832261544,0.0008838824305959999,False
35.072650821268255,74.20178219256017,0.0036674379646,False
35.07418680124383,74.17746350229594,0.0465226344881,False
35.0839010371839,74.17690055954841,0.00605363634918,False
34.86060713878412,74.14545525944797,0.017931691963599998,False
35.027854935978915,74.24018038870513,0.00432763261204,False
35.028423314715006,74.23841107333371,0.000968106901055,False
35.15572917278765,74.23629908805988,0.000670543839953,False
35.155301637796676,74.23570024009048,0.007587648864959999,False
35.16099571954442,74.23666470521935,0.0033345681275400003,False
35.17349235788437,74.23537187291087,0.00412643089986,False
35.17281797633957,74.23499267207431,0.0008316769798620001,False
34.88031995473965,74.36086326599643,0.00833224449494,False
35.10961562796533,74.37935922588144,0.00281390469545,False
35.20127643821492,74.39931633864548,0.0041698692201499995,False
35.213386356470934,74.39775161241464,0.00232476811637,False
35.27277642262882,74.46982972386841,0.00228006754005,False
35.26389095517472,74.48616708225838,0.00122026537634,False
35.271188543032416,74.47605463170378,0.000956786964398,False
35.271978435221115,74.47594081573244,0.00213840916024,False
35.270369366666856,74.46680745153598,0.00177507315882,False
35.27377298041862,74.46294945447333,0.00167125329453,False
35.2691998095946,74.48153043840456,0.00231643352225,False
35.26874793086489,74.4762704311599,0.000711292699403,False
35.21706839345739,74.45095577252222,0.00442120568046,False
34.915795975117945,74.55224266031621,0.00769108987196,False
34.9161647885912,74.55081943083665,0.00037378449373900004,False
34.97318281074513,74.51326185717126,0.00280003716915,False
35.17284305326463,74.54259379671629,0.00187163953704,False
35.42884920135717,74.71249725162862,0.00358556882228,False
35.429063857415024,74.70881357712214,0.00422040407308,False
35.02898605278053,74.67752876124902,0.00260119986138,False
34.91136410343151,74.65091158129844,0.0025944357052300002,False
35.35076051496862,74.78777517108395,0.0041603325799000005,False
35.33624945294121,74.79457020005238,0.000803325902596,False
35.335751054513025,74.79391973990303,0.0018896008143500002,False
35.3317637823541,74.79113309564966,0.000667741308168,False
35.28149749803007,74.73796965112095,0.0023943833888300002,False
35.36421344612726,74.68127494871129,0.018216347323999998,False
35.44748321006657,74.70944522222307,0.0210138185636,False
35.448218340906486,74.70845651462263,0.00014662030325,False
34.93859850245871,74.62691722051434,0.0059971563513,False
34.91819759608997,74.61667102111124,0.00575386236948,False
34.98203261295495,74.5928967341613,0.00113640944978,False
35.0135500546189,74.60714405899806,0.0008863581440850001,False
35.013235407406256,74.60605749098372,0.00491733151491,False
35.04835114760943,74.60071182215171,0.00514350710861,False
35.10472955224427,74.61201230303428,0.00445181620253,False
35.17463519191131,74.56700402501535,0.00221613275329,False
35.10417475457608,74.51628560295256,0.007525629170150001,False
35.00809999481266,74.4805872511909,0.0012343639180200001,False
34.99498901174602,74.441362108609,0.00178116967821,False
36.43187071859774,72.01837295998506,0.00208233115098,False
36.433037774839825,72.01547531884029,0.008813377033479999,False
36.43500350064073,72.01835987437624,0.0026727218307899996,False
36.43677515295026,72.01643588978725,0.000445158420343,False
36.43692056701755,72.0137399456503,0.0034128684329100003,False
36.440202023569604,72.0207502794628,0.0005173414206869999,False
36.4431185803012,72.00994963765253,0.00081968850629,False
36.44390606918296,72.01063893870382,0.000282953656773,False
36.44406348294136,72.00896090460927,0.00142900856424,False
36.44461574696625,72.00821610927008,0.0009907427352,False
36.44649500330418,72.00497141308935,0.008931604305839998,False
36.44794995249893,72.00284605934205,0.0060529262356,False
36.44876667298954,72.00237147929577,0.00251292071348,False
36.44931447723812,71.99715945625918,0.00038684708372799996,False
36.44828745535991,71.99590740498229,0.0006925347148780001,False
36.451561032168215,72.00073750452016,0.0006848908066720001,False
36.451264780330696,72.00111963433218,0.000567757903277,False
36.450939783885595,72.00279883217458,0.0019240581569599999,False
36.45041616003713,72.00428590111385,0.000485712888716,False
36.448160621911626,72.0088271240869,0.00125835297338,False
36.449844866111725,72.00570821361508,0.00013338547418100002,False
36.4511822772372,72.00501148927648,0.000132932358779,False
36.450094636248515,72.00949889485322,0.000229042630212,False
36.45038592283381,72.00935267405593,0.00046654598431300004,False
36.45350185483011,72.00765444577308,0.010962815285799999,False
36.453742745916564,72.00597158362088,0.00641805721959,False
36.45481164834426,72.00395402877119,0.0152085037603,False
36.45347213090363,71.99873457646028,0.0019175105357699999,False
36.45215626555891,71.99813789038947,0.0009582103442600001,False
36.45255002448078,71.99746880354711,0.00154479113048,False
36.453842366767525,71.99612275840198,0.0013602880533800002,False
36.453676576439875,71.99519875926178,0.000491131318224,False
36.45216602708011,71.99550823903664,0.00113098121475,False
36.45181709131489,71.99382275491661,0.00126270055112,False
36.44989487259335,71.99163415817381,0.00206092983056,False
36.455977960144374,71.98615038877045,0.00535138937113,False
36.458132018653615,71.99165540600193,0.00046034734385,False
36.45771107350572,71.98837255609979,0.00317983048477,False
36.45912526460084,71.98459732076283,0.000503606372347,False
36.459965618295115,71.98663830460437,0.00127152448007,False
36.46201099043951,71.98448497918692,0.0022280251467500004,False
36.46384498045774,71.98300414563514,0.0019098071980899998,False
36.463907834022486,71.98239824581455,0.00146798928693,False
36.4645750854905,71.98160173351545,0.000272465057937,False
36.4655980693913,71.981808241385,0.00023346312094199998,False
36.46515194400026,71.98057206930562,0.000784515299923,False
36.46475868599314,71.9798769490839,0.0006837357155539999,False
36.46848611854779,71.98106229234124,0.000378763637481,False
36.46841634014996,71.97936470162024,0.00083182475017,False
36.46880302805882,71.9770595019834,0.000295609028341,False
36.47123162743902,71.97697942115792,0.0051178028567399995,False
36.47162957090126,71.97675783682962,0.00052433379569,False
36.46165547403545,71.98046553677283,0.000487467253973,False
36.46588275329859,71.98409590020229,0.0026385529058400004,False
36.46619283640234,71.98314101661295,0.0011111396756,False
36.47493044267633,71.96276801966235,0.0007607191547810001,False
36.474987701885325,71.9620098316475,0.000203840452451,False
36.474777253247005,71.96429460229227,0.00013930143190000002,False
36.4748059724398,71.96355940427839,0.000542987554799,False
36.46534093280392,71.97270027567293,0.000190885007406,False
36.48056293717587,71.9079335044665,0.0137359248606,False
36.48117075168128,71.92179826599582,0.0042063816688,False
36.476186873334726,71.92104481513638,0.0006374006213589999,False
36.47443342860875,71.94165310479084,0.00282428577092,False
36.47513571743053,71.93746103486876,0.00155217771437,False
36.4729703806622,71.95164625090862,0.0006603954420600001,False
36.47153414668304,71.95396713085987,0.000528267682275,False
36.47145423862418,71.87836800192241,0.0009562528147699999,False
36.471118318034705,71.87834744503604,0.000807689005699,False
36.47224878235532,71.87267117701744,0.00033968583980300003,False
36.47263726697758,71.87493979650671,0.000224899998178,False
36.475645815203414,71.87565092439539,0.0034541592610900004,False
36.430526371308346,71.93654053912589,0.000809531146617,False
36.429168591185615,71.94232135064595,0.0017393721210799999,False
36.429928576077714,71.94648669978655,0.009023196285239999,False
36.42893561238795,71.94874264371238,0.000834556869757,False
36.42142673418456,71.95735462872388,0.0018766165267300001,False
36.4176198606421,71.95526988292349,0.0159426593572,False
36.415904194562096,71.9605783824712,0.0113961266696,False
36.416864322382516,71.96219563642447,0.000331291522017,False
36.41951629939907,71.95993703354618,0.000476056738694,False
36.41916589140208,71.95892696861677,0.0011404712973099999,False
36.41889309135879,71.95821779883272,0.00076597318893,False
36.42680819663214,71.93461778122729,0.00017496299014,False
36.425551391518695,71.9671689882238,0.000831683515642,False
36.42481600148829,71.96884788378676,0.00159008394327,False
36.423077249127715,71.96884541752789,0.000248949147825,False
36.422587651373505,71.9669860524497,0.000288319916366,False
36.422481981615746,71.96795624886722,0.00015406679882200001,False
36.42999652816233,71.96755242225989,0.000884467788214,False
36.429543107198924,71.96683255748748,0.000773391505046,False
36.43082394421549,71.96957524946302,0.0012225998675999999,False
36.42585786241722,71.9733970423414,0.000400211477865,False
36.434096030509515,71.97804046739873,0.00030748273198599995,False
36.43512314079695,71.97823702120829,0.00246476512589,False
36.435755002457974,71.97895445047284,0.0018418301999,False
36.44098729188928,71.98640946685424,0.00344984830604,False
36.44168516508649,71.98509942985811,0.0004904997244140001,False
36.4419191701204,71.98848988500914,0.0010367469752300001,False
36.44362749088184,71.98875680098892,0.00046824467612299997,False
36.44766445988543,71.98845689432285,0.0019448801219300001,False
36.446824568249276,71.98879035904386,0.00138532663986,False
36.44687530200559,71.98947233197619,0.00173567594749,False
36.374914360484865,71.99554566008281,0.0011776121121799999,False
36.374861463655286,71.99337982103697,0.000930926351446,False
36.3759315322053,71.98960559943497,0.000233227671536,False
36.375200126994756,71.98395336393251,0.000969011165339,False
36.381760637872446,71.97697178886186,0.000703741778817,False
36.38002285676226,71.97698437385921,0.000161640051142,False
36.383821547399535,71.9781732329794,0.000335532427734,False
36.38345721416909,71.97811066682627,0.000401815070366,False
36.355317422349394,71.94968524344192,0.0011269239960800001,False
36.34590940180027,71.9517283487419,0.0004965181206330001,False
36.345417873873,71.95193242477255,0.0015178882510200001,False
36.34540168543783,71.95057274792615,0.000563283155373,False
36.34272562052653,71.95061530144032,0.000459038029098,False
36.34287144798318,71.95326379215338,0.0105758374143,False
36.32792937484018,71.94678677276558,0.000283510898827,False
36.32145034070364,71.94407433393798,0.00192196833721,False
36.30635573044752,71.9694633070786,0.0112867617786,False
36.31046405788625,71.97836553974396,0.000676340358612,False
36.30898407199274,71.98090450397403,0.000867034128329,False
36.309931556811065,71.94304845646725,0.000988424195557,False
36.30903697557719,71.94986761250588,0.00125212921777,False
36.307374179661736,71.91624850925848,0.0130734231377,False
36.30245557103451,71.91550630027186,0.00063720054484,False
36.30229431106697,71.91507970379506,0.000251251928438,False
36.301831774754426,71.91406162310369,0.00553234612401,False
36.30026456502161,71.91274486512138,0.0037443744986299997,False
36.31589249661907,71.91765776708282,0.0006009921660029999,False
36.31464513436953,71.91731448105041,0.00023877624636799998,False
36.31404840034906,71.91743067020774,0.000180958728941,False
36.32908051407709,71.89955678866647,0.00117013527695,False
36.330086799510994,71.89610515162745,0.00043043611450499996,False
36.33078212430866,71.89544458742805,0.00791812537319,False
36.333194476786595,71.89350739866626,0.000953169028327,False
36.33258062844139,71.89107913578519,0.000667950940206,False
36.333980176767355,71.89053143318708,0.0010908902544499999,False
36.334261384787176,71.89008188970287,0.000253474074119,False
36.334070750640045,71.8895340228079,0.0012916365411399999,False
36.3345539932626,71.88786218970012,0.00017558962519100002,False
36.34180076021338,71.87552244888148,0.000356728969714,False
36.34250891133115,71.8742734690839,0.000595418881434,False
36.34088269939835,71.87479035183797,0.00019707294133,False
36.34192481702664,71.87224066013549,0.000194630356073,False
36.34188593388741,71.8702532085933,0.00022393550798,False
36.34400301657116,71.87142549681167,0.00405096598406,False
36.34554448955029,71.86827393653995,0.00054524407297,False
36.344167610232134,71.86560584506283,0.000789565729827,False
36.345423220869826,71.8662520523788,0.00115538648586,False
36.345103535598305,71.86596091486247,0.0011307981941200002,False
36.345491233508255,71.86441798804931,0.0031507316712,False
36.346507784455376,71.8650968574966,0.000991149522661,False
36.34608330149237,71.86268414017498,0.00012803411076,False
36.341910177898846,71.86429580438386,0.000293578072099,False
36.34222506645732,71.8624256579922,0.000476997978873,False
36.34046516910627,71.86917470604496,0.000324858082256,False
36.34079668872156,71.86907070585835,0.00024608976349,False
36.34708240581304,71.85507098986186,0.00631384335465,False
36.34417056073183,71.85385620387281,0.00213832800887,False
36.34389047980605,71.85452924616321,0.000143315584711,False
36.34415469233798,71.85433815544295,0.000363965450981,False
36.34360230575806,71.85332297571465,0.0003697556073,False
36.339999461796864,71.85309046040446,0.000559377497311,False
36.339040652123046,71.85223592901684,0.000623680491534,False
36.33895172714776,71.852953625277,0.000899830129563,False
36.338294161270724,71.8521962334704,0.00032720646736200004,False
36.347983829338446,71.85210480030258,0.0006138557246320001,False
36.34766527111433,71.85213677381196,0.00108559486261,False
36.34561541879509,71.8499081081696,0.00280071467216,False
36.34744304910126,71.8492627085329,0.000281266797045,False
36.34672983829842,71.84572748228737,0.004413107308679999,False
36.345314869717754,71.84080314615538,0.000508931847859,False
36.34689973677018,71.8418189490079,0.000147443151361,False
36.34068858321726,71.83646655077368,0.0021264511941,False
36.33887818946732,71.83997394227455,0.000688889941253,False
36.33789645373555,71.8407525141442,0.0006992833464950001,False
36.33597141047853,71.83483756624162,0.000372340159405,False
36.33808940734931,71.83412308804579,0.000524922265712,False
36.34210065722799,71.83281174077506,0.0005138055281209999,False
36.356992019228045,71.81643884744283,0.000186038391827,False
36.35833231685232,71.81594181700395,0.00112502702617,False
36.4905791100176,71.75111626175111,0.00154097074141,False
36.4876167600423,71.75006206469062,0.000469933301831,False
36.48036193037555,71.74887997622079,0.00106855920252,False
36.470561655688044,71.74420070095466,0.00447998631667,False
36.46709108928237,71.74467867055836,0.00324498369043,False
36.465064917633256,71.74825083164858,0.0021262060871499997,False
36.45922456228574,71.75279606075324,0.000578546447451,False
36.454579967567184,71.7562585153826,0.00140906993653,False
36.45569925982338,71.75619147941033,0.000635564301719,False
36.4538501921933,71.75428230540959,0.00111042883544,False
36.18071720843409,71.79971964267328,0.157124723214,True
36.16819302375192,71.7832325673572,0.0392993700478,False
36.14537323937871,71.77880482255317,0.007713602897120001,False
36.137595296505225,71.77235004709284,0.00044627946313,False
36.13826662436066,71.77173654856725,0.000779249091682,False
36.138141356418195,71.77369180908941,0.0254672324252,False
36.139013893282645,71.77021990488184,0.000470066690714,False
36.13774442233373,71.76946434493746,0.0333083090139,False
36.13894417203175,71.76362663147987,0.0481736105551,False
36.128815588902114,71.7731206826185,0.005616846582,False
36.12677724971837,71.7780645426654,0.0321190673933,False
36.12414153601087,71.77994608429947,0.0222314673233,False
36.12330676476329,71.7843220897447,0.00037742441193899996,False
36.12255322124887,71.78117398513814,0.000266710700759,False
36.11611800677833,71.78361903204859,0.00215799967131,False
36.18366872157881,71.85042912435999,0.00335994372637,False
36.18412972279148,71.84846712546127,0.00044787322946199996,False
36.18715629356695,71.84661179586698,0.000592098656779,False
36.18842217793635,71.84529228457367,0.000384790858112,False
36.18929555339183,71.84381265564232,0.00161940206763,False
36.1791405833751,71.8372004347965,0.000437416710191,False
36.17869593006388,71.83659702003335,0.00018256597400699998,False
36.171367857863004,71.83407497282231,0.00671987294589,False
36.17167625943675,71.83303011610379,6.53335906146e-05,False
36.165038459900416,71.83677448792348,0.000145132264997,False
36.164657916263856,71.8363446583969,0.000358116518416,False
36.151913181923774,71.82916648657202,0.00235344897754,False
36.15785375961599,71.81637220575503,0.000478460565074,False
36.15691131037992,71.81702875765055,0.00024891559119,False
36.15598849202569,71.81487106315751,0.000247847909885,False
36.14770011708402,71.81835347773095,0.000984448287854,False
36.14341542742827,71.79409721244258,7.81005354343e-05,False
36.17009938884456,71.8651324754464,0.00439233151212,False
36.18211047187425,71.88415318855805,0.000250362290296,False
36.17191792854448,71.89109623011986,0.00171786215716,False
35.9856679265208,71.38167267140172,0.000186386734029,False
35.984457370018305,71.38059290944028,0.00170749619544,False
35.984914626237945,71.38263777233503,0.00018566230663499998,False
35.98466496156461,71.38228827333182,0.000479215377705,False
35.97956748236635,71.37301315218795,0.0804743300322,False
35.9736701612574,71.38048981220211,0.0039285659038899995,False
35.97514121452621,71.3560994685394,0.0025186043465500003,False
35.96130486889785,71.36219283850681,0.00531252515761,False
35.9518072664771,71.37632135127589,0.06722909844489999,False
35.960769373142995,71.37019620141992,0.0009028950991100001,False
35.96436764853427,71.38476474490284,0.000395307011678,False
35.963585678965444,71.386638887322,0.00235114188347,False
35.96253831987187,71.38839230083671,0.00021115452229799998,False
35.969603097764136,71.39446300925283,0.00185580674654,False
35.96236049184706,71.40264964494004,0.0184225989754,False
35.95985483940579,71.40409905956521,0.0011238149233700001,False
35.89476704644224,71.42905606469819,0.0160359123483,False
35.895471859406754,71.42525339961095,0.00258422372799,False
35.8974730921171,71.4253688186464,0.000238703643185,False
35.8985474661572,71.43585475165914,0.0014302906586,False
35.88042361493544,71.42174525766279,0.008647637468990001,False
36.14440913819845,71.47881287718138,0.005252910103479999,False
36.13959804770156,71.46990509966844,0.000612566087896,False
36.12514545801859,71.47523801706612,0.00468575167698,False
36.12468205029391,71.4758153262811,0.000158195189723,False
36.11114506807186,71.46894741251542,0.000212670957957,False
36.111350317089375,71.46957475738911,0.000107615062979,False
36.11160850760188,71.46899784535053,0.000139539178181,False
36.114295317235815,71.47848501634157,0.000569785007812,False
36.11222944380269,71.47151102514712,0.000786499449698,False
36.128534438863554,71.49681234347857,0.00203742634858,False
36.183944105042244,71.38399467845204,0.0521165568493,False
36.18484984852053,71.38608437863147,0.000617613453799,False
36.183228937173766,71.38858263643166,0.000794496432143,False
36.18165568513429,71.38777773157751,0.0006504122247090001,False
36.18255082287429,71.38979488449867,0.000389594255562,False
36.182629946723495,71.39178033260947,8.61178006978e-05,False
36.18302579078261,71.3924636344411,7.75813487823e-05,False
36.18502826803331,71.39662024850746,0.00046917015504400003,False
36.188577302525935,71.38608683759102,0.000217035485252,False
36.1908252486453,71.37557630871729,0.000425195780104,False
36.16650464854012,71.37470774145793,0.000287752261999,False
36.139262642102295,71.357631083243,0.0323405162847,False
36.115847966303384,71.36309962721658,0.00274193428718,False
36.010770720555314,71.33014335482606,0.0006409918297519999,False
36.012646443969444,71.32021723097783,0.00399294282499,False
35.85788272086336,71.299883375699,0.00155060736604,False
36.04896617940474,71.34619681027418,0.000532417532347,False
36.01892661372889,71.36670516878908,0.0044222175688,False
36.215066669691524,71.42846464979198,0.000429384863293,False
36.21427877826664,71.42831058117359,0.0059617081579200005,False
36.07102562538923,71.44965282189952,0.000902005674657,False
36.073430145116824,71.46591274970397,0.0014985402017300001,False
36.07380873548762,71.46753668569318,0.000161604729593,False
36.07223322377161,71.4674658142758,0.00121101783336,False
36.07231006691207,71.46663827513945,0.00956885922285,False
36.07127693518804,71.46651351349188,0.000144746750034,False
36.066352237742805,71.47228578642184,0.0134898076296,False
36.06047130906561,71.48458949302824,0.00104851607189,False
36.06023526869896,71.46988233615795,0.000722160790558,False
36.05752107643135,71.47291549969937,0.0008051390100669999,False
36.04834200310163,71.49270955777186,0.00147644468386,False
35.81394711869538,71.4818390571358,0.005139902554,False
35.81516543582534,71.48149853716288,0.000189129391878,False
35.813638276845715,71.48800877886092,0.020974727827099998,False
35.81495471866152,71.4962569784496,0.00896446071021,False
35.81425104443811,71.49595209203544,0.000128017518734,False
35.81607020121534,71.49969597468807,0.000604678355544,False
35.82508945338624,71.50891026733123,0.00078253422855,False
35.82656183829823,71.50319113273599,0.000266109952533,False
35.826073240976335,71.50637949399382,0.0458964898772,False
35.798700992495355,71.48747391808591,0.0006002461533739999,False
35.7849688272698,71.49420622691437,0.0182163387735,False
35.78463166401303,71.4899830544737,0.01261087336,False
35.77383556930238,71.4635549971579,0.029339408998,False
35.77389693366623,71.46456336160973,0.000487016095637,False
35.74642053721,71.48195685888827,0.00111339890356,False
35.7404214240322,71.51738270617936,0.0451843053177,False
35.74085868787207,71.52003891964088,0.00045191509504200004,False
35.74145837183768,71.52066095807137,0.000317631996164,False
35.746803022514484,71.53816126663392,0.0185439662747,False
35.743349616471775,71.541933956419,0.00893628586301,False
35.736741113589794,71.54004337954228,0.009228678282520001,False
35.72809579744659,71.53166917858434,0.0130785123655,False
35.728242946348765,71.5253443630237,0.0503216961699,False
35.723104960863736,71.52958309511169,0.05378877465,False
35.72739344708024,71.51584969340752,0.0013186971822099999,False
35.72656956337628,71.51826069216096,0.024930721362699998,False
35.71399165731102,71.53233097548824,0.148855459324,True
35.71012984984538,71.53530610887326,0.0035680665926299997,False
35.70623957669703,71.54306599497147,0.0156391514897,False
35.699265725838515,71.54732858208733,0.010003568961099999,False
35.69844003915983,71.55653709010244,0.00928702265352,False
35.69505358662764,71.53994900556752,0.015484785728200001,False
35.691128603218836,71.52772326078097,0.00945550491529,False
35.679139304414804,71.52158767931537,0.0140772639592,False
35.67190243120186,71.51120835493589,0.00254513164451,False
35.68266674345486,71.53837762584193,0.00549674479452,False
35.68103142914656,71.53759615351127,0.0103795918336,False
35.65856063652381,71.51643788116854,0.07143836521659999,False
35.6547208031903,71.49829122312218,0.0013167774706899999,False
35.64888251722913,71.48821726435379,0.0291122658653,False
35.64357973713862,71.49447116199146,0.00206280580114,False
35.64359879251814,71.496438397355,0.0345041291489,False
35.63668784088205,71.48653004284388,0.00223844043767,False
35.635773782715134,71.47606382751164,0.026401500810500002,False
35.63785763717707,71.46888280922545,0.0162941766721,False
35.63316992821812,71.46767095336712,0.105025635752,False
35.61998342723133,71.44690987830268,0.12377839060899999,True
35.61484628391046,71.44804510246199,0.0317366865306,False
35.6248996154735,71.42311906943074,0.0204048785321,False
35.63124082107636,71.40184999305814,0.042945095225299997,False
35.62101252272638,71.47633875652224,0.0330867964723,False
35.685414450957275,71.51916275203874,0.00493109085465,False
35.68911588472204,71.51861026951856,0.0739884600431,False
35.72298367905166,71.54161205169653,0.0060554448897499995,False
35.85353160204057,71.5362197696234,0.00086267933299,False
35.85273099969893,71.53995729244458,0.000420277439896,False
35.86341869059654,71.51419772648623,0.00486254434978,False
35.87341731848464,71.55152786979735,0.0279124172305,False
35.87572870290495,71.56663877921764,0.000114437358057,False
35.874927090910006,71.56798225395272,0.0057851104198,False
35.881233684980025,71.5804518120923,0.0010190077495399999,False
35.88072477373512,71.59058416666875,0.000350205332991,False
35.882973861561666,71.60196982295975,0.0013535772719300001,False
35.88023246489245,71.60623605360796,0.00777369656579,False
35.88767250735939,71.63352878298538,0.00577748087205,False
36.19504676737486,71.8800366980203,0.0019441015193200001,False
36.15784358487003,71.77290239787553,0.596581510011,True
36.145982584443416,71.76390465084226,0.00133631225722,False
35.590524389423706,71.60620246672495,0.00274228353726,False
35.589040699987535,71.60213086880789,0.00271954072275,False
35.92152207106625,71.63591121989347,0.0028239946188099996,False
35.92710645023318,71.65440760161243,0.0063277589329499995,False
35.92761351207376,71.65421940468114,0.0026272506405399998,False
35.74836218657518,71.58640573967563,0.053473758507500004,False
35.596594696892865,71.56096962928451,0.0026644360064000004,False
35.61107135624085,71.54201822672194,0.00832155895828,False
35.61134514175793,71.53888517823101,0.0224759956029,False
35.658566583605314,71.49351748068837,0.00252261750091,False
36.07920756229229,71.49903554930752,0.00200348977657,False
36.0687536853017,71.49036368951052,0.00408875430206,False
36.10239166685982,71.48483303275741,0.0109520538669,False
36.248582966359805,71.48710296774007,0.0006820846713009999,False
36.28003634196576,71.49467590424581,0.000802995986898,False
36.28706685043598,71.48443154825522,0.0200858715397,False
36.28960205291671,71.48958448243087,0.000510291631265,False
36.28945565413503,71.49059245353803,0.00018252360830500001,False
36.29923531521908,71.47038674701321,0.00176170225876,False
36.27644389609932,71.43984597438225,0.0020920799839299997,False
36.274208637384845,71.43402063304086,0.000281554802143,False
36.274162203260246,71.43458724154154,0.0012449377471,False
36.259331139290346,71.43231147512473,0.0017920393706,False
36.25947603842009,71.43129039544132,0.0003053239143,False
35.90375332501998,71.41852227619678,0.000825839390697,False
36.06497757898471,71.45298343748573,0.00147763907904,False
36.06402509509614,71.4503177857577,0.0022248839888,False
36.06430452682239,71.44932668584097,0.000803222003547,False
36.064718969497186,71.44803184011141,0.000600922829462,False
36.07533579683939,71.44293172128,0.000532196487991,False
36.235714357726124,71.46424540325313,0.00181315494433,False
36.23338339338726,71.4617053970849,0.00138024097436,False
36.243018673569544,71.45778570867041,0.00025862876198700003,False
36.24359997624437,71.4531106686516,0.000168622903055,False
36.244251799809696,71.45260587307975,0.000572794960905,False
36.24777660678102,71.4512915716503,0.00107364739268,False
36.25111970860142,71.45074356797787,0.000315254699525,False
36.25034969732776,71.4509104465886,0.000216287428938,False
36.20744453715301,71.39875967063895,0.0019814747304800003,False
36.20678880739637,71.40207806259181,0.000893145058469,False
36.19650974267792,71.38783663034957,0.000622770901003,False
36.19578243744144,71.38731751739395,0.00693718305015,False
36.160035442526095,71.33685071804904,0.00771391489013,False
36.151841040650794,71.34242912609777,0.0124387985182,False
36.02721044358102,71.25552378667837,0.0090740521656,False
36.03136905975854,71.23920521519183,0.000746733858245,False
36.03149548333006,71.24170542688486,0.00386524904246,False
36.039586797627116,71.23954917769677,0.0178707244809,False
36.04478799297966,71.23335070301816,0.00039801504572,False
36.04308505462323,71.2320380612436,0.0005812615948540001,False
36.04297509084054,71.23090936665275,0.000878528881263,False
36.0421146901298,71.22862487041633,0.000314942826848,False
36.04096469694372,71.22631096549829,0.000971189668463,False
36.04152372948269,71.22336728923607,0.000227137310878,False
36.041176727612395,71.22309881489906,0.000975171765619,False
36.01704934328554,71.24349798765259,0.0028479322446800003,False
36.015767281800535,71.24442103019136,0.00211561641646,False
36.018431074726394,71.24713610311943,0.000299379455338,False
35.97715129744131,71.31942071976486,0.0020783715350399996,False
36.16413303297739,71.29700004541051,0.00443778648857,False
36.16317111157029,71.29768446615802,0.0017764848184600001,False
36.151554703326944,71.27460793399796,0.000627138785201,False
36.15061207347059,71.27661591884106,0.000929828429689,False
36.14879129583723,71.27310084158654,0.000686697658051,False
36.14853723024307,71.2722138146113,0.000201183184305,False
36.05956481545197,71.23752308512049,0.00440564497855,False
36.070754348988814,71.24226906505412,0.00573704743545,False
36.10243603578443,71.22797769841833,0.00194150294121,False
36.101555105136946,71.22792651521712,0.000311993390985,False
36.101122282037615,71.23828260620256,0.00159636490573,False
36.100446185542374,71.23411147056811,0.0506674402873,False
36.10531105619044,71.24011212774458,0.0134668778723,False
36.08738673740244,71.1942891938389,0.06735740675150001,False
36.10746883525767,71.20646482037117,0.00622367048617,False
36.11990939441969,71.20751213609277,0.847915729809,True
36.14576753910621,71.32313894056678,0.00188198988618,False
36.14930287251844,71.31333733218885,0.00016187104894399999,False
36.12604498135948,71.2368348247411,0.00923165512305,False
36.1353304933917,71.25003979536375,0.0007969402054009999,False
36.13640259097125,71.2489847180791,0.00510103379147,False
36.13559832896056,71.24769109981959,0.000102826083976,False
36.13672460246637,71.24772500690322,0.000270846418007,False
36.13619857455627,71.24630412462446,0.00934660816089,False
36.142935454374346,71.24237437958118,0.024950204528499997,False
36.14659613254541,71.24290727777142,0.0539499142933,False
36.15130666328436,71.24553307991478,0.00553744122304,False
36.15811472693062,71.1952399896469,0.041343870011999996,False
36.1325955479751,71.15929326009575,0.0159235229289,False
36.11913191589669,71.16591367687232,0.0013962011784199998,False
36.118977741816664,71.1646638631504,0.00135983750611,False
36.11855684149233,71.1637734402184,0.00185896874,False
36.11952091394181,71.16309923707665,0.00686946601467,False
36.0594416330707,71.16489093213035,0.00454785658788,False
36.038354470590654,71.16413833496166,0.000196593093313,False
36.037703524101794,71.1624094125405,0.00549614090441,False
36.02454637420577,71.20034025424532,0.030784054654399998,False
36.013502332003064,71.20073132496698,0.0010465580695,False
36.06687182662698,71.21359612240828,0.000560900068356,False
36.067086933865376,71.2134658105113,0.000101571619009,False
36.067257163615615,71.2140421706458,0.00143745905575,False
35.932937593864196,71.64795237578129,0.000981061195219,False
35.93698248086377,71.65960558568074,0.000784780603263,False
35.93873548932203,71.66745399067597,0.00795827327745,False
35.94435126202267,71.66805592128536,0.0016535842556600002,False
35.94949261952147,71.66757201464077,0.00155510773262,False
36.12221575173856,71.1489997884233,0.00260217104739,False
36.02954776205952,71.1985125186555,0.0025986493299099997,False
36.02689364078322,71.20053592263137,0.0008932876710420001,False
36.02643886793348,71.19569116862856,0.0033099566265899997,False
36.02337234046997,71.19669585980562,0.00143071721792,False
36.05070004139381,71.20601815558076,0.000384847076056,False
36.050029962059185,71.20758704413186,0.00012424869357699998,False
36.10272232521323,71.22995460024588,0.000382245748553,False
36.11895388829442,71.26458565765274,0.00055231242425,False
36.12223089948027,71.26426195378882,0.00149479503387,False
36.146331967837206,71.26673151944334,0.0011013554048,False
36.17429670334444,71.3247267301886,0.00984784031562,False
36.17433365340653,71.32955484842154,5.9380612943999996e-05,False
36.174363301612864,71.32929477807278,7.23079681266e-05,False
36.180676545605635,71.3312399523146,0.00154870262324,False
36.180392247799915,71.33066337179302,0.000538309672209,False
36.18988974887314,71.34825518546985,0.0005494639323100001,False
36.19011789291523,71.34893131595516,0.00339197120028,False
36.15269226454363,71.35844226696234,0.0009066811486310001,False
36.233891576686666,71.4472672040811,0.000698448709275,False
36.170131404961296,71.43901195953721,0.00135641121176,False
35.91129497446809,71.45148213815543,0.00113710648399,False
35.919999512062546,71.46775955815812,0.0011330091952,False
36.08103997097092,71.4763683648452,0.000984940554563,False
36.082058981140904,71.47438035269911,0.000668684815479,False
36.0900575540138,71.47367930582315,0.0015819020359,False
36.090644300346355,71.47475881317037,0.00010700518351300001,False
36.0892002459112,71.48260185812998,0.00136557737686,False
36.10692160048131,71.47992354365925,0.00019350604284600002,False
36.10643187686644,71.4806033452364,0.000139176174084,False
36.199026340091564,71.48118556428551,0.00802334129004,False
36.199756649104735,71.47995741233551,0.000208577820145,False
36.199758966184206,71.48099148506385,0.00062737358753,False
36.34122867051061,71.50133031134652,0.0017948351324800001,False
36.34111064284777,71.50231864078728,0.000177409066495,False
36.31273241509806,71.51083962584478,0.00263720660422,False
36.173502554543084,71.49087872437106,0.000446166621808,False
35.81050660413687,71.49154830488756,0.000757537958496,False
35.85543700709727,71.54181384363874,0.00058658646021,False
35.85593787246854,71.54199970141794,0.000118578431403,False
36.45673228460155,71.75181535356319,0.00041747340961600005,False
36.41634756474365,71.73153389608724,0.000532725807551,False
36.41289507104121,71.73490767990684,0.00123745509642,False
36.48057022536202,71.76534316840858,0.000434130939299,False
36.48128238993583,71.76338002188015,0.00139737624709,False
36.457947678327216,71.75458955035246,0.00028116185893400003,False
36.45704068754886,71.75514868997524,9.31605915658e-05,False
36.45679862245037,71.75602553227971,0.000213217210588,False
36.35192373656691,71.92113921448266,0.0023285206158300004,False
36.472779234811924,71.97499284919236,0.00454679205583,False
35.26995082379168,72.23922072457245,0.00252366513655,False
35.2745499897162,72.23025889967785,0.027970357940999998,False
35.28625850120431,72.24656241823293,0.00272536585414,False
35.27190475250368,72.21725166628042,0.00100499803463,False
35.278899778583416,72.2431370407375,0.00107692230998,False
35.2680890741723,72.21712160591208,0.00566752842796,False
35.26436613787717,72.16422283794596,0.000436269015351,False
35.26457753511981,72.16280765990048,0.012462223668,False
35.26780061604383,72.15917328160513,0.0019899049520999998,False
35.267736830209046,72.15664565848037,0.0264876021819,False
35.273947252682,72.15362884429469,0.029129207459599998,False
35.27377172908393,72.16330109972762,0.000998058180412,False
35.27355013520889,72.1629292512471,0.000944079341912,False
35.27273642028708,72.16375936039377,0.00805402775859,False
35.26046825816728,72.13823278391614,0.051781306901,False
35.25252118075255,72.12763825392648,0.0210291760234,False
35.254493632514844,72.12383041307754,0.0163400547038,False
35.2560866896958,72.1235848402025,0.00284336665602,False
35.29705715932791,72.24726323053275,0.00317134820509,False
35.30005666657972,72.23330840818907,0.567737187783,True
35.303142305054074,72.21981582857528,0.089903636084,False
35.31032036313132,72.21467813396464,0.00862891262392,False
35.32052368913929,72.22563754511559,0.125401652048,True
35.316155217929875,72.24119615280728,0.005632557816620001,False
35.32047626523889,72.24209394919143,0.0464618958761,False
35.346655109748866,72.24241508507274,0.010407500262400001,False
35.52498876537481,72.13285852598847,0.0654067560155,False
35.530520339726166,72.15925347372617,0.0171350374586,False
35.54388844813862,72.14122371361898,0.0025629306586699998,False
35.54706733982813,72.13507906255407,0.0514111205681,False
35.511123841071075,72.13958071063635,0.136788376423,True
35.5071342594607,72.12240140240017,0.000208753074998,False
35.50622106654297,72.123425685676,0.00687728472157,False
35.53015249347011,72.31027921043395,0.0322178161418,False
35.54799022860784,72.32476302878175,0.0025993575124399998,False
35.55015841002167,72.31524954679438,0.0105718204483,False
35.5463688089627,72.30891437882362,0.021710980934800003,False
35.54626758508759,72.3006880535668,0.000773468738037,False
35.54718877158116,72.30140907628287,0.00779468966755,False
35.54687971174184,72.29288296078047,0.011158960768499999,False
35.547251067207405,72.29058436482738,0.00384256809087,False
35.544171611278614,72.3016916054802,0.010625168250299999,False
35.544295200560995,72.29956919101265,0.003979790408180001,False
35.54982591387995,72.28645033287732,0.00194789479558,False
35.55971805134429,72.28500637854656,0.00259900013443,False
35.5573395485327,72.2855430507791,0.00103019534748,False
35.563826764653726,72.27733732858199,0.00193713931783,False
35.565819653031355,72.27107622617953,0.00027077814345000004,False
35.565167453397684,72.27104086371898,0.0031733016476100002,False
35.56458805373415,72.2689282345927,0.0040529754997999995,False
35.55348809515584,72.32798257883525,0.00233280666826,False
35.57758407686027,72.27370893617045,0.0131642009497,False
35.579090446429525,72.26208541558287,0.0028644901299899996,False
35.59523884290851,72.21424206047534,0.0258246836965,False
35.60815689649529,72.23462906592512,0.170583533689,True
35.614201153578975,72.226644280744,0.0165707556776,False
35.623693789378315,72.21586102720296,0.0068282889259699995,False
35.62532577664482,72.23237892587478,0.151146337241,True
35.614236850178926,72.32426464978866,0.0077240295981400005,False
35.61079492464407,72.2995576960883,0.0285390296835,False
35.61776378049107,72.29937298769453,0.00641623811337,False
35.63554839625281,72.30195630103876,0.0005162147238290001,False
35.635890313288115,72.29681282334143,0.26590707664400004,True
35.65874884532324,72.28669028169568,0.0677261027207,False
35.6799837135726,72.26884171857924,0.0141440377392,False
35.68497916553023,72.26939855300269,0.0036563743776500002,False
35.6871144910237,72.27325514932463,0.011946220571100001,False
35.548230777752565,72.03060930499623,0.000874813484836,False
35.549594578526495,72.02950978415737,0.011908023887400001,False
35.55763995269124,72.0576893251082,0.00722489881965,False
35.572783357886294,72.12438896972084,0.0809455062802,False
35.58295581141138,72.13246773377166,0.0658698665052,False
35.586852614196076,72.13244582092916,0.00769217745358,False
35.61170879295815,72.10709992325496,0.0380381316591,False
35.618923748323425,72.10760156894466,0.0347174187915,False
35.56149800755614,71.99220445640623,0.00101397518512,False
35.57030689207609,72.03662634367763,0.00498586797924,False
35.572837539870086,72.03418677768191,0.0656010458962,False
35.583104081885914,72.05278691786081,0.005011212160989999,False
35.58597121482515,72.04913371265475,0.0225816708835,False
35.5933990830147,72.05694870480586,0.0187813983514,False
35.64118748121077,72.09806384496024,0.034512065648999994,False
35.6418768835118,72.09897179195325,0.0034142753074399997,False
35.642397470740754,72.09775700780489,0.00033927698763699997,False
35.643413684222345,72.11763329543876,0.0005390009778390001,False
35.64115232077313,72.1174881313726,0.09431840754899999,False
35.831736785836156,71.99671669774841,0.0983667113925,False
35.81705322606684,71.99380388818837,0.0825036740075,False
35.77158094230227,72.16398727748624,0.204421874234,True
35.78414296460668,72.17923947317323,0.00074330546701,False
35.78081804136641,72.17571474225424,0.187984668284,True
35.799474934431366,72.19410652234099,0.547302269652,True
35.79962756133891,72.19766282263234,0.0014077264994,False
35.82635987674755,72.21670416338561,0.0117474274242,False
35.82501650042852,72.21708161985289,0.0015133029716399998,False
35.82365574048342,72.21775516328715,0.00503453378367,False
35.93837630085387,72.21664834954458,0.000669813046533,False
35.93744729576301,72.21498032922526,0.0018596445941899999,False
35.9380573573594,72.21393305105407,0.000267452474983,False
35.93108281350999,72.21570523014667,0.000484326937623,False
35.931275172422616,72.21691748895616,0.000231259937831,False
35.92760070160266,72.21169851772939,0.000373438938139,False
35.92646965710537,72.21328918227827,0.000245251068784,False
35.92647463406274,72.21697647623861,0.00153877061594,False
35.92583254761431,72.21977581342179,0.00114377171243,False
35.92564615540253,72.33608962395321,0.006134365818059999,False
35.91196825878993,72.33440196056385,1.6181839709699999,True
35.92451419115858,72.37422582064924,0.00445007438023,False
35.88140562160511,72.37109366686663,0.000959789160076,False
35.88139495690885,72.36987851034947,0.00110698115298,False
35.90357751515622,72.36899323388994,0.00241659424335,False
35.81847665991127,72.34854239196687,0.00608952742629,False
35.8139431629356,72.17521820425114,0.000577257315679,False
35.81252929343499,72.17506378574826,0.0016792707027300001,False
35.8046493187229,71.97498703006875,0.00681909556421,False
35.73100186084806,72.33828601216418,0.00278306695144,False
35.734530839269006,72.34183022820564,0.000304168880549,False
35.73457839107401,72.34026903836521,0.0012245216660200001,False
35.73602256360133,72.3380663091937,0.000905949642262,False
35.736969885111186,72.3359142758705,0.000950265311975,False
35.73088605699923,72.35638504283038,0.000678973326656,False
35.72949973046205,72.24464571415356,0.000308441389859,False
35.728546757736716,72.240706143082,0.191045982719,True
35.73090969861986,72.23016270107729,0.0848679662509,False
35.743645814186436,72.22111562484112,0.000970823712551,False
35.74516286790024,72.2216068998618,0.0007556689349360001,False
35.68886913123062,72.29578874484434,0.000431892055157,False
35.68911591346428,72.29428417085576,0.0135555260853,False
35.69385385909005,72.29253622763036,0.0006566763692230001,False
35.600130799507326,71.95796996827718,0.00534111430366,False
35.28757224400105,72.2630670202639,0.161762818359,True
35.278963108258544,72.25678560088474,0.0207642333718,False
35.28125534753934,72.26871771355985,0.0103404224266,False
35.27640177332259,72.29480405200385,0.0540959052885,False
35.25872614943705,72.29170781398541,0.052182246627300005,False
35.26006470360115,72.31900194501695,0.0321337610186,False
35.22792234569391,72.3029330190436,0.0278103400103,False
35.22109351145442,72.30004569986765,0.0642737351131,False
35.2200328082268,72.31364621784849,0.014975017085,False
35.208689228708316,72.31262270021675,0.0713669623973,False
35.22071795880098,72.32154080621419,0.0844685194233,False
35.19189828835191,72.32583242188562,0.133691726207,True
35.200329684593235,72.33871734611829,0.0146303344176,False
35.22491357346896,72.3743249174469,0.0423784647407,False
35.21728348833975,72.37530552810306,0.21946513396800002,True
35.21216059297446,72.38910317648956,0.0297169536312,False
35.182740433514674,72.32092678204148,0.00832987100673,False
35.19705136824264,72.33213313797259,0.0490825429099,False
35.20063282191986,72.33120743171153,0.0142761592398,False
35.31918397411277,72.32300927341254,0.523416602234,True
35.3314360252213,72.32269260108754,0.13825012738200002,True
35.33161960399476,72.32614953255931,0.00114622104579,False
35.330788557025684,72.3504245716847,0.0885984202252,False
35.32589336470716,72.3653903695806,0.0217548496785,False
35.32753662331649,72.3643799739492,0.0125511445179,False
35.31438723475864,72.3767215044049,0.13823513842000001,True
35.31088965844793,72.40759985616806,0.130294734984,True
35.30406153296775,72.42956707611073,0.0625648266097,False
35.30040390184353,72.43742308850351,0.0241056714387,False
35.333086699351774,72.40713908616023,0.057512892177,False
35.33505860718491,72.4068339578271,0.026447065943900002,False
35.340915112328204,72.40932468460623,0.0390154487256,False
35.344106723563335,72.41338396447257,0.0199616144755,False
35.33762704133208,72.40639205734287,0.0119039032977,False
35.336419859762835,72.4102041366174,0.037683828365,False
35.32254759428394,72.46972024458987,0.266091367196,True
35.351652324406054,72.50966379341055,0.18142488070899998,True
35.35699847058847,72.51485127967207,0.147460459113,True
35.362834518324,72.51604513850512,0.203343151148,True
35.345865429040764,72.53603361590673,0.17605476731699998,True
35.34178536079476,72.46142056637629,0.0613503312329,False
35.35455804608648,72.42711085318254,0.019771490577600002,False
35.33511224568487,72.36634049520094,0.06700524363759999,False
35.36733780386922,72.34594043361005,0.7594690049280001,True
35.29554403991441,72.31068432656305,0.0151589697797,False
35.295229547712225,72.30839371700442,0.00258173112732,False
35.30484945794202,72.30498417563754,0.10633200915100001,False
35.32121323404797,72.29234592949147,0.280539720998,True
35.349973465031596,72.28887037100506,0.09127310562230001,False
35.38428150169292,72.33183752249323,0.14770624832,True
35.37790291045979,72.3977079518199,0.0360290160244,False
35.377559637556935,72.40424952646515,0.008271471927389999,False
35.376331373463586,72.39530203712539,0.0115606524874,False
35.37244684023008,72.39600480772691,0.006187096000759999,False
35.398910228177094,72.39589830575967,0.0394365216439,False
35.4024628177605,72.41357250204572,0.0320215060697,False
35.40640707649491,72.41392989290728,0.0514252429719,False
35.3691957526046,72.49688888151488,0.044469174413399995,False
35.418999977781944,72.43303349889429,0.449281429836,True
35.3893024592916,72.50010654053945,0.0361567518547,False
35.42223617319671,72.51398762801023,0.475528098495,True
35.42457128218622,72.48125812321136,0.042217048472199994,False
35.437013666434304,72.50652644285816,0.0182963446229,False
35.592801933341846,72.3535921189976,0.0612306966589,False
35.60471034901216,72.34707241507292,0.0415478041964,False
35.60069502433907,72.37654457270646,0.0563030414431,False
35.60992224765924,72.37342017722486,0.0319157395878,False
35.615445644836655,72.36046535580856,0.0147288426741,False
35.60258833113529,72.59828938689186,0.183271764887,True
35.645805224908486,72.5121089723192,0.299158122125,True
35.63448902787997,72.55399656535228,0.029748627573999997,False
35.62272566921732,72.57729253483973,0.0487625485037,False
35.64302789422819,72.58485406605396,0.045477794888700004,False
35.64468690154139,72.59534737246172,0.0134991958333,False
35.644847682474676,72.61436457626435,0.051215892622400006,False
35.69041573228909,72.44026714409199,0.0571136304925,False
35.84789174293227,72.5741432419688,0.0712721858715,False
35.833541259610136,72.64258862575414,0.233739626863,True
35.82811320141261,72.63540473966076,0.0204013782201,False
35.82390651675854,72.64230652440742,0.0381182296345,False
35.822016864106786,72.64943860318665,0.0139443598012,False
35.827144809494314,72.64994215234574,0.0825888458085,False
35.860656683138195,72.64714804304717,0.018454209818300003,False
35.664078398997376,72.5839955281866,0.13752135930700002,True
35.66482921721075,72.57302555622624,0.00901982568353,False
35.670298092979294,72.57379312365549,0.00861696971861,False
35.67010390125159,72.57773009682661,0.0136890318461,False
35.705085369348275,72.55338353510142,0.0452441990191,False
35.70460778879284,72.59561906212437,0.012161526906200001,False
35.726738193094256,72.5691698677876,0.0671405153661,False
36.078366141652154,72.5355194128665,1.12913004452,True
36.08707938766221,72.56887505654173,0.0857367714043,False
35.99441425602487,72.61268886431793,2.02433406849,True
35.94423359761439,72.59433924024296,1.02627603874,True
35.9617168427002,72.59501678681372,0.06101209108,False
35.96521703130873,72.59906426734024,0.047217886222399995,False
35.94622629802255,72.67955442372995,0.0141977496188,False
35.96530729164377,72.67621885048872,0.000259855108325,False
35.561636536911564,73.06693782295754,0.0260949370812,False
35.5822071395677,73.07727001472533,0.0461947528732,False
35.59112334227137,73.1089290563852,0.009264369647379998,False
35.73522308006472,72.51866656555205,0.0153643902779,False
35.71766218823796,72.55016765092803,0.0114224714944,False
35.72967540241628,72.55998368101106,0.0148532573593,False
35.72257544165683,72.584113678557,0.0255175092866,False
36.079689349791295,72.55066194632104,0.114311550173,False
36.08226534065261,72.55363069017162,0.0186010866132,False
35.61133006189036,73.18446923431193,0.20512401531899999,True
35.64113003923947,73.06230267918032,0.117531910494,False
35.64523010938054,73.06568763401296,0.00726491342965,False
35.648564040971245,73.06172219283494,0.0307278509536,False
35.65118403021054,73.0657347075089,0.0059618702119,False
35.636801102736186,73.085888305393,0.102027125891,False
35.6315257320434,73.10306226923764,0.0490784723391,False
35.67558074469769,73.07076335055244,0.0102694404067,False
35.67513776575915,73.07276203680568,0.000980367427278,False
35.67493202566177,73.07360329045787,0.00359270367291,False
35.67286860259234,73.07673824860476,0.135865253485,True
35.66690120898117,73.09718711413821,0.033615748587800004,False
35.67168024348056,73.09732576304543,0.0290935221312,False
35.65896241959325,73.09663781220819,0.012178795160600001,False
35.66328966035023,73.11267497227362,0.0298833597553,False
35.66835593287778,73.11718226323383,0.08442305251769999,False
35.676307067804814,73.09735026872113,0.010987047991900001,False
35.68169554322679,73.0884750251539,0.023669295022599998,False
35.68371774654899,73.09514160487933,0.0372115463289,False
35.68929482184082,73.08996251484021,0.035356056129700004,False
35.68655126435934,73.09001671568028,0.008327342673479999,False
35.69427709490389,73.07530415529982,0.0168821232891,False
35.69278234194243,73.0781896578949,0.0589339221216,False
35.70835184780141,73.06452894962811,0.037656456976100004,False
35.722869082597455,73.079284256912,0.0569217865924,False
35.6995516169398,73.07423481097578,0.0058062213568400006,False
35.71749317936513,73.05840711327008,0.00428946105644,False
35.68528755940555,73.09810457663147,0.0116339247414,False
35.68147981872113,73.10286159955287,0.06644396744959999,False
35.70891388475123,73.14152325957066,0.0270655659462,False
35.70443130464883,73.13959875715226,0.013535581783300001,False
35.71438768822741,73.16594095281873,0.15926420666600002,True
35.71788081709545,73.1540073492057,0.0135888628918,False
35.72777194758179,73.18007374941993,0.0978644714041,False
35.72999206499625,73.2154346207232,0.25109495341,True
35.65832114357616,73.15303259863258,0.0797829812719,False
35.66439412278183,73.15605499223594,0.00540005633509,False
35.65792922744299,73.18769098964107,0.0217951248823,False
35.66232366551295,73.18521798558608,0.008936920301899999,False
35.66281696592234,73.18813989792338,0.011837875215300001,False
35.615998698659396,73.18576571292832,0.010330887911,False
35.61962286864019,73.18422781290147,0.014350626711700001,False
35.62034505891304,73.185507824945,0.0021337970211,False
35.79838144228765,73.00630784364661,0.00961614867486,False
35.812067649986936,73.02868189364104,0.0318455891492,False
35.81158728497716,73.0337491565353,0.0253800474584,False
35.803613324048406,73.03549170358241,0.0036309410072699996,False
35.80416722174291,73.03192048502045,0.0778346793835,False
35.79930258162398,73.02941573901543,0.0338345005128,False
35.80711592047929,73.03886559471866,0.0230867599125,False
35.80938740963541,72.97981434006948,0.030187615155300003,False
35.81820730635174,72.98458866876545,0.0556336032989,False
35.82112837444366,73.00209129762202,0.0150018720242,False
35.818671250463595,73.00702551708899,0.014839626129300001,False
35.825701175532195,73.02221211760107,0.0526256486158,False
35.812649401807725,72.99556358627378,0.14794103178300003,True
35.82645543858026,72.98158314192686,0.104395241356,False
35.82323675377017,72.97020551184384,0.00600957515317,False
35.75754972959042,72.97966355985373,0.00466999645543,False
35.75878276616283,72.97351360102853,0.10695622435,False
35.755104141272206,72.94565062800702,0.0434422906705,False
35.76000910316319,72.94107646632582,0.0469450826429,False
35.76344389738025,72.94757487995427,0.0154156275391,False
35.76477296428462,72.98634725030443,0.0366527002776,False
35.77386911098478,72.9593111346113,0.00917419430383,False
35.7763781262695,72.96478706579583,0.0323585856928,False
35.78751318209286,72.94998329725033,0.00504421773888,False
35.83238589901751,73.02514796388786,0.000833249974291,False
35.83489391786609,73.02323595937482,0.013391468921800001,False
35.83534592959632,73.02426456697313,0.00251169643209,False
35.838887289404695,73.03353412935424,0.0133426829189,False
35.83780101701869,73.03645223448592,0.00764563449102,False
35.83293804928812,73.04305161652532,0.0385780479593,False
35.82925187426973,73.0424804368338,0.0106265178726,False
35.77590735684485,73.09947753919418,0.0135330618836,False
35.78601475105409,73.09709986580104,0.0193078167532,False
35.78737295091616,73.09592970329165,0.007747051627969999,False
35.78388386572839,73.1155606134603,0.0580672285148,False
35.7919890155771,73.1129479823498,0.0142375513678,False
35.794562363935526,73.11525464304088,0.000766096390372,False
35.79260997180709,73.12017152497599,0.08397308369090001,False
35.79644196095105,73.11672649738767,0.0926139110471,False
35.78576418641926,73.07596380554521,0.00155629884405,False
35.78472369876572,73.07592270257413,0.004091927691,False
35.787182732315564,73.07276702878025,0.0157466687468,False
35.78756217745528,73.0797715729592,0.062366758776,False
35.80577412997713,73.09117073968615,0.006001126288870001,False
35.8069963537698,73.09655377705643,0.017756827925900002,False
35.80905473654609,73.09629881612742,0.0058970626335500004,False
35.81007122341819,73.09292380805084,0.0435076726518,False
35.80039131808652,73.0764098487386,0.0354984925753,False
35.73438223451323,73.17571428328058,0.0247423129805,False
35.73458399313918,73.17145255028801,0.0242991923857,False
35.738318328307884,73.17374235328167,0.0049504189401,False
35.74200490343524,73.16393237835386,0.032020634977,False
35.74419161156814,73.17615964118473,0.018443609747,False
35.74578503632764,73.16357753633477,0.00398569196786,False
35.76471349356045,73.15035075130704,0.021021072805899998,False
35.76967865126335,73.1551066605047,0.004636087289140001,False
35.77065058816778,73.15716235547643,0.00824849469943,False
35.768744610292075,73.21018016600513,0.00264621600678,False
35.775607856897,73.20958869009245,0.00436247075648,False
35.785420315622204,73.20543916021195,0.0156709479512,False
35.788829865371206,73.20854584468188,0.0194914697392,False
35.7920797044599,73.21602454148366,0.0184067577866,False
35.80331347969309,73.20973028016464,0.033772607984399995,False
35.79445344473811,73.19096734539872,0.00896248200206,False
35.813441731891714,73.18387597650332,0.0411575402737,False
35.808718136446636,73.15202111825366,0.012057569134,False
35.80893365787379,73.15358178919286,0.00315420736008,False
35.81165498658234,73.16061000592167,0.0221729918433,False
35.817468497364175,73.131977591242,0.00187185024685,False
35.8256543273876,73.1315035254479,0.0211090843229,False
35.8191848915937,73.13757258683653,0.011842574498,False
35.830493149957626,73.13682587237682,0.017461733851500003,False
35.830522067882974,73.13150850905194,0.0378680268883,False
35.83410410656614,73.12260656107969,0.010463508952100001,False
35.840296968491565,73.12982966281544,0.020946056595099998,False
35.84215321609141,73.162555992019,0.038487400483,False
35.8318192344362,73.16429737372879,0.0712666704509,False
35.83683865279005,73.18181906651613,0.00310328683941,False
35.83862097094408,73.19398340255066,0.00517804223847,False
35.84039747630427,73.19489373834693,0.00434523226646,False
35.83562639081034,73.19584943455199,0.0342568504182,False
35.8410945231689,73.17681707456076,0.013173260454400001,False
35.8432384821918,73.1739287058782,0.0552612997644,False
35.850021000283,73.17589171016644,0.0017810045733,False
35.84799175164761,73.17314349670468,0.00372306390775,False
35.85577073211466,73.22445906968792,0.0174213048128,False
35.824974380868916,73.21112875256433,0.27124036081799996,True
35.831556618351165,73.22050930895179,0.0336132649964,False
35.828634212421825,73.23249096425509,0.0062361140989300005,False
35.83314466161437,73.23602448775883,0.009676245873129999,False
35.82957216183557,73.22757123542208,0.125535742683,True
35.800551694175574,73.0842374348706,0.16342574665399998,True
35.84478260200548,72.96628813931416,0.007106420882,False
35.8553803330246,72.98023565850387,0.143185438991,True
35.85682250807004,73.01742818533754,0.0687146105557,False
35.840595552756135,73.04248568485933,0.0251507060048,False
35.83823601225462,73.0492976653521,0.00669753805772,False
35.840332640095795,73.05382379011256,0.0451375214626,False
35.84807413215987,73.0613292264443,0.168401272504,True
35.84450962572566,73.06643958125873,0.0284000479041,False
35.84370279216742,73.06977170205603,0.026512361707299998,False
35.85179009415555,73.07492935650562,0.0292967768636,False
35.856012604679975,73.08389660098393,0.0451898801764,False
35.8778597064241,73.05110743226741,0.025427600482,False
35.878215150330455,73.05782739252356,0.0293875774426,False
35.87527088125836,73.0542039980613,0.041194041171800005,False
35.88319400758463,73.04605692594512,0.0219441579395,False
35.8689435093225,73.06936645368613,0.027639205147500002,False
35.86947827309637,73.07149327548386,0.0038672687777599997,False
35.8715956209281,73.07358119865614,0.13174642039700002,True
35.876581214174266,73.07451907908975,0.018380594109,False
35.85339944779185,73.14866076610834,0.0226686873501,False
35.86557271564695,73.13808284793619,0.0291503748751,False
35.86764538388574,73.13025928626315,0.00877519706389,False
35.87027044874778,73.13479722261602,0.007156928313850001,False
35.863526485488926,73.0899385982554,0.0356751252867,False
35.86021380067801,73.08361306569735,0.00667160541641,False
35.84468746266738,73.09733665794451,0.0050460362585,False
35.851184512222616,73.10531346591463,0.00638828504076,False
35.92015994506093,73.06385053988174,0.219462766659,True
35.92394713978718,73.07399053908816,0.0235019402485,False
35.92597692520399,73.07017850592013,0.0120123751081,False
35.923953492962355,73.11236302391454,0.0121577348047,False
35.942233959786144,73.10603266801004,0.0418794693568,False
35.947056254822236,73.09269045708245,0.018562432905699998,False
35.96022540199071,73.0535184570084,0.0921890410938,False
35.90591286894609,73.15447638665485,0.246459210126,True
35.93384698524741,73.1567250563174,0.0289803752486,False
35.93448747522475,73.16783743599198,0.020865143351,False
35.93515642516039,73.17271935128842,0.0303789540116,False
35.930049419592144,73.18756908220786,0.0333830235799,False
35.92974682670866,73.24693308670598,0.0808449490562,False
35.939100529288524,73.2437701134275,0.0173245432479,False
35.93606759784333,73.26839345099597,0.114162104676,False
35.92211475956876,73.27079050025867,0.021570233731699997,False
35.88053061362888,73.24605768038332,0.0159838206222,False
35.89674970414186,73.25999586442224,0.0506850353357,False
35.90856044528029,73.25634786982442,0.0177632308422,False
35.90683465051878,73.25354839985128,0.0204555467045,False
35.90562574400427,73.24274190286708,0.0135686951358,False
35.89433417091237,73.2457756736428,0.0265736300807,False
35.8954922618783,73.24571936214898,0.00243235675392,False
35.86949585840106,73.23423194117747,0.00946908836097,False
35.891384669069275,73.0991265510661,0.036394384915700004,False
35.89471418201074,73.09488704004399,0.0159359464957,False
35.961706523770985,73.19236551199457,0.014594349745199998,False
35.955156569170306,73.19353643215503,0.0353590002274,False
35.95288636597605,73.15498956003078,0.0137335605863,False
35.9278447840541,73.1513142284713,0.00501275603453,False
35.928932517669274,73.15493634270089,0.0055742158234999995,False
35.92665414606782,73.1864010650072,0.005964337944550001,False
35.99280902316294,73.285706183654,0.0579760621608,False
35.990152724385545,73.28141282392158,0.0329343332112,False
36.00421360631131,73.27342548806388,0.08079978502520001,False
36.01066402987748,73.23004981692964,0.0460960158883,False
36.01528358343369,73.22979872283253,0.015438880639,False
36.01948956444389,73.25285248226432,0.0112998331598,False
36.01823450006968,73.25656829048978,0.00993799239284,False
36.014142493868164,73.27209830912653,0.00875986580479,False
36.00864591194872,73.27032976190111,0.0062482408643700004,False
36.03209768425434,73.18431708825187,0.012324697580800001,False
36.03748043193787,73.19261282022167,0.07144561472290001,False
36.0556146526317,73.19539343688287,0.0416488399362,False
36.0615936302301,73.20461268951752,0.0358816045488,False
36.04930321956498,73.20254481016747,0.0146097577726,False
36.05085505935275,73.19966764762012,0.00634569696773,False
36.04041712961459,73.1859276719965,0.0166964130654,False
36.03777545077752,73.21400201929464,0.009841373377629999,False
36.03722845834005,73.21541628276081,0.0025337726635,False
36.06052306165219,73.23297350327495,0.0222854474418,False
36.06356982886563,73.23070688409577,0.0199678726468,False
36.07693622852007,73.2322381705755,0.0765017937734,False
36.08192452004616,73.23977724144433,0.0367158894807,False
36.09001967195712,73.24197531876192,0.0058901377693599995,False
36.067821392537816,73.20393653024712,0.025506734934100002,False
36.03638365651151,73.2580523948689,0.032339627137,False
36.125589494068514,73.23902777888313,0.00465994126395,False
36.13182567749111,73.2425223149685,0.00534647921979,False
36.13224222417193,73.21930476466723,0.0193789489273,False
36.24590893662802,73.12117173717567,0.09737188248050001,False
36.247262523819636,73.1372606243055,0.0501096812297,False
36.25170565245535,73.12319434440845,0.0070217916721700005,False
36.28204686403953,73.16157224954748,0.0171707818397,False
36.28773281483105,73.15803513296567,0.0305954963126,False
36.29371368549205,73.11513839259798,0.018102242239399997,False
36.30185502779498,73.1055849371038,0.0136854453365,False
36.30118865271644,73.11828494306003,0.0123903535116,False
36.2976225785487,73.1211959512718,0.0106857755775,False
36.2987141131918,73.12085941492283,0.00454947708766,False
36.27880162419526,73.14185704688917,0.016771922297500002,False
36.28854441940802,73.16707390751908,0.0253738405355,False
36.28029293213122,73.17992368181335,0.0474126525852,False
36.21841454148527,73.18370215766566,0.017237505846600002,False
36.297221673955896,73.251814409635,0.012781737562500001,False
36.29966399441742,73.25145698513217,0.020890192167000003,False
36.30609807294192,73.24931273310524,0.0961361119034,False
36.30135777643097,73.23427127036773,0.0146656344444,False
36.327487953640016,73.19775466060901,0.041178229955299996,False
36.30926203701833,73.23159275630394,0.020234723279000003,False
35.70555417104261,72.78823764719068,0.0192883163843,False
35.70775462504781,72.77799384269764,0.034577557933,False
35.71461418639367,72.77093114560478,0.0270937989256,False
35.717411407539444,72.78104720384054,0.0586617281493,False
35.77426909816956,72.92763193992458,0.0314512132318,False
35.77852984722631,72.92679170067922,0.0970820127203,False
35.77525104376091,72.93458951989518,0.16836354945300003,True
35.76932589018527,72.91919819351594,0.0061899674893700005,False
35.78860676129691,72.93316431137029,0.0186586671105,False
35.793238557545074,72.94075125665276,0.0413554193195,False
35.798773982575,72.92076161812055,0.395546368551,True
35.820624030945034,72.94476949797507,0.16308308515699999,True
35.80882341856839,72.80085984477975,0.07015449831830001,False
35.813537489010436,72.84826725803603,0.0466213060683,False
35.907734308146026,72.72476532451412,0.0158147332753,False
35.893630073014464,72.80150131505003,0.009221198926639999,False
35.90733650196349,72.80999821632902,0.0279230493146,False
35.84464152971604,72.91107502515607,0.07918809455360001,False
35.841160652759264,72.91871796740386,0.020161821926699998,False
35.86887868301402,72.93936380208686,0.199291436679,True
35.855879125218806,72.92696281730629,0.0161872248926,False
35.85699251349459,72.92533128439014,0.00418113865173,False
36.106286420925485,72.9411075656089,0.0333293859575,False
36.03262074884629,72.91810316716553,0.0225979023862,False
35.827625134051814,72.90235565182422,0.00944208575132,False
35.83163748205589,72.67693287367275,0.00686456007865,False
35.8575419924876,72.67412078208557,0.0206662379512,False
35.847416332742576,72.82401631483596,0.016548744767100002,False
35.876387095890124,72.8737410977519,0.0176210909918,False
35.89815630132224,72.80601606363149,0.00703422680613,False
36.00932526921541,72.87181606558103,0.00298896979851,False
36.012389105375355,72.87504139442642,0.0137821917293,False
36.007579615647785,72.87999382516581,0.0043982470902400005,False
36.02274523903552,72.8766735443513,0.0135593965764,False
36.01487483334527,72.88715408394665,0.00873015255956,False
35.90911684481529,72.95079909020103,0.0212518337119,False
35.91857295066547,72.95013401560094,0.018822361915599998,False
35.916221025225965,72.94737236577288,0.00382301127888,False
35.92321460385302,72.95068943964964,0.0367799481738,False
35.92739741898208,72.95150018975981,0.0194140889096,False
35.92995809850179,72.92960545137173,0.0773888343038,False
35.934047861477175,72.9303675276929,0.012652711338200002,False
35.81951545322148,72.70490845928228,0.0110340676728,False
35.764522791798065,72.83598227737018,0.050194396353099996,False
35.90578254664863,72.77175747954954,0.0170899679924,False
36.051352667426855,72.93865361786831,0.00615229147844,False
36.058468949594314,72.90337031025678,0.00781220814938,False
36.06875818843783,72.74532941168877,0.164378874141,True
36.14144582188761,72.85919773576994,0.0112328823665,False
36.24189858605418,73.01065132777968,0.0679103191434,False
36.23845717179293,73.06054351442258,0.017695402388400002,False
36.23952484607346,73.0482634018891,0.062350165635700006,False
36.26950925331852,73.05254611395794,0.10396081486499999,False
36.263389137780514,73.04732704862691,0.21941099584600002,True
36.260359910817975,73.0072377245629,0.0195185108525,False
36.2592603645877,73.01594704329992,0.0254786924327,False
36.259228794013126,73.03835552690586,0.049920582710100005,False
36.25321959762072,73.05679340965925,0.0506359812925,False
36.26237000553987,73.02976202698167,0.0206905577867,False
36.26374783815279,73.03952557742534,0.0030259612695400003,False
36.25599893140669,73.03657042158939,0.0046113450791300005,False
36.41182822500624,72.90058850308625,0.148996008229,True
36.26777465437143,73.04491138788879,0.006467197578590001,False
36.26350403114251,73.18822765711009,0.00978190457373,False
35.89912058943648,73.06975072754707,0.0731640253224,False
35.89013720221493,73.18934827456238,0.015156757225100001,False
35.88187042256353,73.19516701413647,0.0111294344626,False
35.893838618559634,73.15817642257547,0.0133173461271,False
35.7842194997631,73.19328840414386,0.00503696690504,False
35.77905617221034,73.19439374304747,0.0047614221785199995,False
36.09651162555538,73.66769837496126,0.105680047603,False
36.092357915462706,73.687999954347,0.0395403219093,False
36.10637057710753,73.69532831496396,0.012213458451799998,False
36.12106270136914,73.67356618138112,0.00825239293874,False
36.10088891182394,73.68478078279679,0.0659654425981,False
36.10074817654422,73.68207747321762,0.0144144767531,False
36.08334850497016,73.77002118309399,0.0426898058683,False
36.069547423129535,73.73556878518158,0.0252004881139,False
36.067880637452554,73.74028151544172,0.00472081289844,False
36.061525059611625,73.7276820664887,0.054052868361,False
36.05169416202849,73.71282665260446,0.0352680696514,False
36.03023614677326,73.71330498408783,0.105069599605,False
36.03652371946446,73.6510406769852,0.0425311601349,False
36.02076356309308,73.66480213159558,0.0603763908504,False
36.01166748231576,73.66509678014245,0.0208171433843,False
36.00864035206953,73.65116308500023,0.0434353689102,False
35.99948568079681,73.66413903582553,0.06867236754730001,False
36.00349309844787,73.6513841826202,0.00642730124891,False
36.001205792626784,73.65096932373864,0.0335488414819,False
35.99762892129108,73.652768001632,0.0051472822169,False
36.0002100331683,73.65532049939077,0.010864164822799999,False
36.04258757879172,73.71959264097397,0.0691735563481,False
36.04725496066945,73.71623567734868,0.0040387115138899995,False
36.050420964538944,73.74564271339422,0.007334809958470001,False
36.161277794409436,73.80442670001487,0.0162082718528,False
36.02478080766004,73.9325200186245,0.0374449313859,False
36.018933276661734,73.9216881312672,0.0692748180507,False
36.000709169221565,73.88606197064358,0.0104020633963,False
35.990786533127356,73.89211667180378,0.0132320007409,False
35.98026461245202,73.92303612643506,0.0387121174654,False
35.972056505154654,73.89367723223953,0.008662200761579999,False
35.97021605885387,73.89387085321943,0.0163022456144,False
35.972219495040804,73.91077178762916,0.29415063885,True
35.98059767686305,73.87429116325872,0.023870637468600003,False
35.90396357057086,73.90577882851937,0.0196821088911,False
35.88789005503577,73.87934679702721,0.0192829946346,False
35.887139742579116,73.86757814302815,0.0175639398876,False
35.875748117086744,73.8683332706808,0.0164071138143,False
35.872645860957704,73.86700896146127,0.0248565829232,False
35.85840250630097,73.8691302937274,0.156570193007,True
35.848704508359894,73.86999053848572,0.0181695254446,False
35.851859198140446,73.87687006973779,0.202198373642,True
35.84398613412019,73.88360618308724,0.08010561832680001,False
35.83422521152645,73.88418022103843,0.0231799184298,False
35.83478545367234,73.88700224090033,0.017697981669,False
35.832677060940654,73.88443684240052,0.0054013001711200005,False
35.87490782491035,73.84546167039278,0.0444145990694,False
35.86269065253102,73.86028621127453,0.00727123651022,False
35.883293381642524,73.82446428362395,0.027003123080900002,False
35.872667931599594,73.81030356239216,0.0293363558965,False
35.87049891911323,73.80091827908434,0.0172875320053,False
35.82370734584865,73.60457627768255,0.0781157180811,False
35.81781080581546,73.59706644162718,0.0380286470018,False
35.81433672319228,73.61129604743333,0.029178598144200003,False
35.81216974758559,73.6035537147098,0.0898023916973,False
35.87695277985787,73.61438631026155,0.12976778883,True
35.86751316392481,73.61354652788371,0.0190305371744,False
35.86628739512593,73.62451935725157,0.0586202062888,False
35.88126515184268,73.64239824138366,0.011312172750600001,False
35.89657621969314,73.63476765153356,0.00941811599781,False
35.90845896478347,73.61937688991634,0.027989181405800003,False
35.90972934533653,73.62357231283949,0.0312752999786,False
35.92025752334115,73.64295400109803,0.0113339412572,False
35.91926580234355,73.64634282319962,0.03629649222,False
35.932197474462974,73.63889706246034,0.0508795664022,False
35.94598431505027,73.63274009758467,0.0315202018502,False
35.94073839146796,73.63252883972089,0.0101974529303,False
35.946112925836864,73.68891188455179,0.0067720266158,False
35.94418711496958,73.70330654000328,0.0909306256709,False
35.96314173803113,73.70849172890564,0.0231306851102,False
35.952289130785005,73.72006127147708,0.015064255706,False
35.95707041830553,73.72679904577838,0.0158017375448,False
35.95680742508828,73.74137073071871,0.0185766471237,False
35.94617623054682,73.72754527622278,0.0162088795913,False
35.94876136821641,73.75745709568496,0.0183749289666,False
35.94657822358838,73.75292568999407,0.00653865325529,False
35.96008434380539,73.7731049475982,0.004855292073689999,False
35.96085067194,73.76697167287841,0.0192212368779,False
35.96249817738255,73.76089712317658,0.0077779467840899995,False
35.97087397213912,73.75830808583434,0.035828945997000004,False
35.965834772276175,73.71841355607599,0.00651334304259,False
35.97119331592365,73.70928483539963,0.044175670166800005,False
35.98201005908073,73.70467997776322,0.0103055172957,False
35.98819245162365,73.71313780486724,0.00919075999228,False
35.989122249430736,73.72449617115376,0.020944508911,False
35.98044045718613,73.72763059990761,0.0233777970332,False
35.99724964932161,73.72954192704351,0.0523792960736,False
35.996501626025925,73.73561180221635,0.0308112973231,False
36.00443362247341,73.73693146712827,0.026234590226799998,False
36.007517553976875,73.73383662810255,0.009832720512870001,False
36.01207729573087,73.73186000992204,0.009974274524,False
36.011487561203026,73.74623105092307,0.0125495849592,False
36.018332818871514,73.73591567651536,0.039927489579200004,False
36.02062396537661,73.75079658017371,0.0149499552793,False
36.02167576805421,73.74626520447757,0.0550641141946,False
36.0244721768683,73.74068707477771,0.057970812411500004,False
36.02549802131085,73.74646577841101,0.0134505638765,False
36.024495253807586,73.75340423205883,0.0125578238637,False
36.00994680369773,73.70432786119166,0.034084740092499996,False
36.026680040656515,73.71578241608245,0.0229076334734,False
35.8513191632142,73.78229364188434,0.0185418300205,False
35.85294862535686,73.78313041569788,0.0027373146972499997,False
35.855682920009144,73.77480960518129,0.28166343593300003,True
35.86461531971339,73.74548554801208,0.870225556364,True
35.882438040832156,73.76280493632713,0.426740085309,True
35.872595340645574,73.7723110045635,0.009090529730829999,False
35.89359391109782,73.78346239430572,0.0336283592845,False
35.88776699567028,73.737912898263,0.04669144486,False
35.887627827131375,73.75223536237924,0.00379081782175,False
35.902371370984966,73.73366786639599,0.061560127941,False
35.89914778327803,73.72922349101553,0.0174402051626,False
35.926898401666314,73.70920225593122,0.0116540825952,False
35.88925482558351,73.69176606757226,0.10816019733700001,False
35.90545469093619,73.67820177679839,0.0158457716813,False
35.87630177417521,73.65800219106023,0.036528094526799997,False
36.077163265558745,73.7506897235365,0.0114364824797,False
36.09758999159139,73.67719644109482,0.0128677798054,False
36.08097986244529,73.66206183474083,0.0126287084915,False
35.976027885637656,73.68148664344038,0.0135717821444,False
35.97721509524279,73.68530468394476,0.00933127627655,False
35.868382343885514,73.6796502631151,0.0320545432503,False
35.77096911022954,73.76453481559457,0.043492954119000005,False
35.78945017333958,73.80335034948975,0.00903949364656,False
35.8023291248685,73.79637060287187,0.017446793975500002,False
35.80265993727346,73.81249547628966,0.00747503104489,False
35.82478258718341,73.77590324704738,0.0280747321056,False
35.82976974131677,73.78960028883878,0.013372894038099999,False
35.82318278681809,73.79514860467019,0.017350803571799998,False
35.77296673329343,74.19551438341689,0.116947366523,False
35.779059937993026,74.20485571143222,0.12925101262900002,True
35.760489580120286,74.17975857061478,0.09583707691610001,False
35.766399722264616,74.17179742897471,0.00814596921573,False
35.780126074186015,74.16127191830202,0.024950216994900003,False
35.7870837918833,74.14379800174507,0.0548921462622,False
35.78907499657863,74.22429381021925,0.06985928825189999,False
35.76415222543101,74.1484333793581,0.0262422131785,False
35.77165967539576,74.14202726354351,0.0129231937406,False
35.77414368101633,74.14588624486474,0.0111725907463,False
35.83676221924287,74.10557756221371,0.026744400497099998,False
35.84471052918728,74.09960643186575,0.0678863156475,False
35.82727294673592,74.08598679784738,0.0337608395249,False
35.8171249884243,74.08299087737213,0.15290552873399998,True
35.816345649184214,74.07069836487915,0.00393257237706,False
35.8136714613552,74.07335526603482,0.0164184936616,False
35.79292846132026,74.08440804329459,0.0443406423938,False
35.78562799377212,74.10107029468303,0.00520172215147,False
35.819205063995135,74.06701244558137,0.006362030431729999,False
35.81056467542415,74.06263480203805,0.00791846789042,False
35.80183324185386,74.08170418784984,0.00419352124941,False
35.794952227837065,74.08036991629977,0.0028259129557,False
35.82645314781257,74.10764456189156,0.0670044510109,False
35.74075452204736,74.12608612273071,0.0396738109115,False
35.74728166157317,74.11851797919,0.0281107202894,False
35.96976992567541,74.0704093472457,0.0561071549935,False
35.74149910805676,74.16381246170246,0.017062693605699997,False
35.74745049929969,74.17104325909114,0.0135131709647,False
35.68577991712129,74.18869102970476,0.030556214794300002,False
35.69718482202517,74.16972666735376,0.0173839926394,False
35.85078235154749,73.89834395531784,0.0330982982506,False
35.85087089034953,73.90268829420737,0.025347680159399998,False
35.86978184579313,73.91190460472467,0.0762766606668,False
35.86724842639026,73.9164289451614,0.019839834224,False
35.863477363650794,73.91567118729708,0.0458384222776,False
35.852446203278376,73.93761957456316,0.0248016687804,False
35.86623817926564,73.9562059252084,0.10267861375800001,False
35.85848727335063,73.95523167971227,0.0613129335494,False
35.877031270559684,73.95324087679437,0.0432951148321,False
35.90586674774236,73.92106883028985,0.154853269368,True
35.90376841406603,73.94054841699234,0.0139207645917,False
35.906080433685446,73.94291233559241,0.0150058017165,False
35.91669333455596,73.94524144345613,0.120193164084,True
35.912884313970096,73.95218182789806,0.0299165181676,False
35.912265740363274,73.96447597930862,0.054091833150400004,False
35.90665001439077,73.96854418413366,0.00561595328239,False
35.90796358720858,73.98009904122614,0.026053194491999998,False
35.91136984212504,73.98879581779539,0.0106518854678,False
35.90483221881679,73.98929366993187,0.0225476498813,False
35.91646991335226,73.99203251243229,0.107211835977,False
35.904179890662135,73.9722471804493,0.00188566612176,False
35.90588078573846,73.96477417334013,0.0120965520713,False
35.91544588774308,73.96679457849044,0.0047221953471,False
35.93042194877163,73.93225344386742,0.0204351094514,False
35.93487886939971,73.91654418078839,0.0124135212787,False
35.90046242759385,73.9710010827381,0.0725185864342,False
35.901492564658824,73.94868675406613,0.00747104538004,False
35.87533299660624,73.92650784341646,0.0728883730426,False
35.868048372210204,73.9284709472901,0.16063137070800002,True
35.86049574710769,73.988109758663,0.0416252620255,False
35.8431838209433,74.01011051263497,0.038705183216899995,False
35.82174147919704,73.96386169962314,0.0104756831656,False
35.81664631113757,74.00238383173716,0.0149133356303,False
35.822569796951846,74.0004954060808,0.045312344588,False
35.82290021740326,73.98257958067862,0.0049659985153600004,False
35.83263211496433,73.997088671499,0.0187968706038,False
35.81959268741686,74.0074404028569,0.00594974351753,False
35.86536844916848,74.01339896268281,0.0236882176096,False
35.86116774220119,74.01636036932102,0.0157342685447,False
35.86409284556871,74.06499509505737,0.0135040978914,False
35.87857642894743,74.112809591873,0.035657476454000005,False
35.62966436972441,73.33851289175509,0.018168512091600003,False
35.643633091565,73.35231352727276,0.155975932338,True
35.65191206949538,73.3571466121595,0.212191069052,True
35.647575573727636,73.35507233568184,0.0159807458675,False
35.65049532121998,73.32022721318495,0.07709190132619999,False
35.67523420767146,73.34399490666942,0.258752591001,True
36.43146889750381,73.56570325103928,0.113720928314,False
36.37406584102193,73.60984048767708,0.00660547384468,False
36.35535333798065,73.59686105587434,0.0124437038655,False
36.36055163375293,73.61075497675436,0.0024541941995400002,False
36.34344503910145,73.59749094940966,0.0281915680916,False
36.343976441700406,73.59358992105125,0.021412534736099997,False
36.36547844536286,73.55330308740787,0.0077147604929500005,False
36.3389082212619,73.5538399318848,0.0514269037142,False
36.34241317960255,73.57242314511042,0.0253206825269,False
36.34310110282739,73.56792167440574,0.00465376256611,False
36.34346489391779,73.55556699561517,0.0700324498002,False
36.347764603479554,73.55592015433939,0.0289264971766,False
36.33991483926592,73.5640019162825,0.00361173570953,False
36.321529523045434,73.54362865526261,0.005418144295050001,False
36.331292672125315,73.51125173074409,0.0109571536806,False
36.33557544228295,73.52056402687917,0.004969340068579999,False
36.347568711234445,73.52387573698199,0.0259830883928,False
36.352508427221196,73.52127281013104,0.00969412285661,False
36.353058211007806,73.51990547681588,0.016267739195,False
36.35075121017309,73.51364414065083,0.159999639689,True
36.362722027576886,73.57284759565538,0.00955398666181,False
36.37312245208936,73.55911890556027,0.00970001832768,False
36.32333448479589,73.51065677278157,0.00816561958658,False
36.412713746749574,73.61933468999258,0.00712963725207,False
36.40833105479925,73.62509270538384,0.00116139965143,False
36.405389293408,73.6403263808933,0.00918894260923,False
36.19562444948877,73.6367448360263,0.0137010861815,False
36.19154223252056,73.63487003847347,0.0066426336367,False
36.320827907581254,73.58606617913662,0.0020673682829,False
36.31999526575817,73.58461018816331,0.0006235304970429999,False
36.15774930703026,73.61311044288769,0.012362134407699999,False
36.15398020689647,73.6161546522305,0.133866388765,True
36.145361884233374,73.63911074993008,0.177059567152,True
36.116438940539176,73.42283661757487,0.198116068483,True
36.11222298710867,73.44898891363565,0.104675382235,False
36.118937614660084,73.44878169230395,0.0311486806205,False
36.127477805033,73.44732158946874,0.0417177052754,False
36.102913875530334,73.46682207905879,0.046996445358700005,False
36.10825798047472,73.46432635140253,0.211271690313,True
36.08581991924009,73.46037327202204,0.138361521071,True
36.09045142876902,73.4695705316416,0.0188075197793,False
36.10256429453768,73.45790466835034,0.011582205417999999,False
36.12055921599794,73.50573952400701,0.0761962644908,False
36.13332687266918,73.50015893545202,0.0658677035441,False
36.13955775238643,73.49950215581441,0.0165766635784,False
36.136398041494424,73.52401607082892,0.040748861106800004,False
36.128688673486856,73.50476817047767,0.22917055698,True
36.11825280107359,73.6656338166967,0.042425617271800005,False
36.11300166269222,73.665344431092,0.0139322817457,False
36.11413777247096,73.66336371383821,0.0201092036029,False
36.09376787212382,73.66319346352226,0.0192172223978,False
36.08009100269492,73.64579542084819,0.284196472173,True
36.09247834738333,73.63070176615655,0.0286022165351,False
36.068092509095784,73.62167915475062,0.028000151402300003,False
36.04683798097361,73.62553159962314,0.0106349400551,False
36.013454370531385,73.61101667832229,0.0377180926635,False
36.017250600660944,73.6194895261213,0.012929044207299999,False
36.02317656835431,73.59994895967074,0.060789934167899996,False
36.01579636270809,73.57929833353232,0.0960689753204,False
36.02231084936914,73.58991336356513,0.0302814158201,False
36.02242234427635,73.57740900078974,0.00713503295256,False
36.02660076389601,73.5706875447236,0.0326623790599,False
36.038601651750646,73.5917770305718,0.193234097114,True
36.04307605038425,73.57982289063388,0.0120415039334,False
36.05046726305622,73.57473129415423,0.0189225312728,False
36.04841809817687,73.57884127232009,0.016730089609400003,False
36.04519768025227,73.58168119790072,0.0015960411276499998,False
36.03612005196931,73.58409545421496,0.0289027665348,False
36.04653635796064,73.51268415393918,0.0230679416964,False
36.05736334295574,73.5165249984699,0.0119562156209,False
36.055101652003756,73.5181464763925,0.0204681064341,False
36.05525582605485,73.51980772960682,0.00189600151383,False
36.05183607905332,73.48177845843043,0.0120337112751,False
36.03705164926454,73.47998490343775,0.012209028858,False
35.74282605961464,73.55937488022134,0.0731557365372,False
35.74842357211259,73.55074509981273,0.0183063110211,False
35.76784875526925,73.56641636482064,0.019924968567,False
35.78518407758722,73.56845073595342,0.00734194094746,False
35.78218205267051,73.57153719022803,0.2178603539,True
35.78892352219464,73.565666372992,0.00741019479808,False
35.79875009192734,73.57644749617643,0.00755322336558,False
35.816084277248756,73.599681799224,0.0507160700549,False
35.84518140829998,73.59779160616395,0.0072681345249799995,False
35.87819397255846,73.59896059512916,0.00144071672996,False
35.876348872946636,73.59883534635992,0.043075584910899994,False
35.88599035216182,73.56668997797959,0.0428356627187,False
35.87991915165005,73.57631309535972,0.304415867228,True
35.87221387167394,73.54432125274592,0.027193492672199997,False
35.86075460536969,73.52494936930968,0.037980270738,False
35.85908138503278,73.51884344868816,0.009487391305029999,False
35.86021774520361,73.51689239376707,0.007659964964709999,False
35.85758635987565,73.50686795322976,0.0158941647246,False
35.851302029970334,73.50392453498112,0.0890994655697,False
35.845581996399716,73.49726918002055,0.0360140278059,False
35.79480756021077,73.48100719433175,0.0886326861983,False
35.805580801396886,73.48314684970948,0.0117092789458,False
35.80818620501002,73.48340361555495,0.00618720531434,False
35.815838759027045,73.46662953735519,0.0424258620143,False
35.810836405934204,73.46535677926705,0.0252381175963,False
35.81584737638151,73.46104037147616,0.0253296195273,False
35.82451175520212,73.48158170645273,0.00655693319622,False
35.82835045690656,73.4810280407751,0.011598028649100001,False
35.83171315433007,73.46965346601402,0.024020911202300002,False
35.84477623901458,73.45090381963246,0.0090310490921,False
35.83175183872728,73.48051765855992,0.0278759249116,False
35.82669863222451,73.48434186599118,0.0417812383583,False
35.83090300064014,73.4748849254845,0.0397050660983,False
35.83873134717813,73.45762493039135,0.00946958551149,False
35.84350760454283,73.54084967508267,0.008835458979569999,False
35.84558462592852,73.52825871256321,0.0163963078655,False
35.873495093918635,73.50915039908448,0.011776144729699999,False
35.86076481852166,73.49237232278699,0.038505272196899996,False
35.876756214972325,73.48629813481028,0.0263227014402,False
35.87488783468464,73.4803286470573,0.0490575522455,False
35.88471924996715,73.47059109086406,0.0521675568898,False
35.88151091693296,73.51395262247621,0.0140387688057,False
35.88214967703301,73.51010075941578,0.00981839670111,False
35.88768947666085,73.4977398087029,0.0109667999495,False
35.890258891519636,73.5028391365162,0.0121997338618,False
35.8823598693281,73.5029330454558,0.011083219264900001,False
35.90449693369531,73.56801906634762,0.181979607853,True
35.90579860342842,73.55665991501981,0.0337805377167,False
35.90436473320318,73.5515559611798,0.0446082137352,False
35.886044640225066,73.5503303432393,0.0139254611808,False
35.89048298945423,73.54487235407841,0.023589643269,False
35.89082738743234,73.53910038607411,0.045196581996200004,False
35.92057043303829,73.58005572788089,0.0724141078595,False
35.918441158537355,73.6208267276299,0.012489749598599999,False
35.91337710401728,73.5851860208794,0.014830916163600001,False
35.92765071615972,73.5447675914791,0.0328467696046,False
35.91764861063059,73.54267148248115,0.0488094736872,False
35.92094628932518,73.54452705421522,0.00894995851901,False
35.94225113709392,73.40480894246068,0.0116052345562,False
35.944660375229596,73.40887752637656,0.0101010313766,False
35.94642238951362,73.41975590715782,0.00853181788613,False
35.9278735165953,73.4720027575922,0.015302721985500001,False
35.92424081911351,73.4792163642335,0.0788651566711,False
35.9123594337745,73.48000126874199,0.0732580737995,False
35.90733552400039,73.49646371135277,0.0302275136449,False
35.89629254482188,73.49899137145778,0.0068592763414499994,False
35.91109219846103,73.46707368011465,0.00881204085515,False
35.90933359584335,73.47119597778148,0.0253702243723,False
35.90279641282,73.47037499779655,0.0986172238312,False
35.87475275466162,73.5469036824723,0.0151061154585,False
35.87290118876964,73.55422988617589,0.00314794525563,False
35.9387706086521,73.37557827187968,0.0081649314415,False
35.93396100727508,73.38432102812895,0.0116744865459,False
35.934373655742725,73.39233574967203,0.036551895995,False
35.94870067771606,73.375606611511,0.0174453928495,False
35.956844383362366,73.37839629408995,0.014503909669799999,False
35.91786160036539,73.37088397659709,0.128803003221,True
35.91161050979357,73.37961623604706,0.0454777131053,False
35.89979983251928,73.37541583211923,0.0032384221575,False
35.89955027120847,73.38364615319583,0.0048087737360399995,False
35.77677418313404,73.48076143667541,0.0471319746007,False
35.770588699127906,73.47731088742513,0.00346730981277,False
35.769364731858104,73.47923538891573,0.0038001092948700002,False
35.77123694533985,73.4819240377692,0.00249258698459,False
35.770440172494865,73.48445183429804,0.00333812336345,False
35.76734364096062,73.4808659805144,0.0064986107949,False
35.76681825753865,73.48268544499047,0.009983625466800001,False
35.76532363590963,73.4804988336918,0.00787563838506,False
35.78343648555141,73.50705648756973,0.12021148961999999,True
36.05162267754979,73.64735141248343,0.0461450023066,False
36.03030488598354,73.63053613380164,0.0118838647864,False
36.01491502647781,73.51639110057914,0.010212336204200001,False
36.00992988830317,73.5352019338387,0.016071773069,False
36.0106948185827,73.55734988467782,0.247829314469,True
35.99967376781432,73.61431136861155,0.00218957261075,False
36.00215339201367,73.61398128319337,0.00467399843435,False
35.99460401990589,73.58609892942846,0.00938988100875,False
36.037339581804055,73.56494027981601,0.0105560777741,False
36.025353436936435,73.5947774905866,0.0055682658779800005,False
36.02166999346151,73.61249777712054,0.00596730233738,False
36.01743507479219,73.6003230421037,0.00154855726531,False
36.024982229965445,73.60614631699369,0.0054671642196000006,False
36.02396983979656,73.60407228143848,0.00290183996083,False
36.04007618858904,73.52026182223828,0.000841623696973,False
36.04225896766537,73.52171648073062,0.00317429025614,False
36.06887140149208,73.55578485318644,0.00811232518865,False
36.06878655618749,73.54862716022318,0.0476870626189,False
36.06409926670229,73.55209606844667,0.0276529325388,False
36.07210597560483,73.5192031959942,0.0134398869034,False
36.05109853230299,73.43237106883606,0.0103883039621,False
36.05195351007674,73.45582641472677,0.00460634503046,False
36.10229661946727,73.44276952856265,0.0021323750395400003,False
36.104668021975385,73.4489820964186,0.012332226007699999,False
36.044353987715745,73.5470632090761,0.0223482144823,False
36.04799348059184,73.55297724228883,0.0132464694935,False
35.9507941672376,73.52082764856564,0.0488008335432,False
35.93054529529687,73.58915363657171,0.019094227849,False
35.93055342886307,73.58351669342231,0.00975484161414,False
35.928823708771475,73.57765852278789,0.0250494059899,False
35.94948855320612,73.58328698013376,0.0533673386834,False
35.95553807975709,73.58276707433144,0.0390847936124,False
35.73506885723303,73.54424473019183,0.0113725690804,False
35.9232471775735,73.40078467895117,0.023366636769699998,False
35.962261733768116,73.39702235012703,0.204127198158,True
35.97007217852575,73.38522589096569,0.020508107204100002,False
35.9740588788465,73.42688412627325,0.0133801939737,False
35.96379037367596,73.43362639238451,0.0130568987315,False
35.96112064982532,73.44713358353975,0.005969562290990001,False
35.960127557241385,73.44552151206393,0.00163609237383,False
35.96732094830981,73.44419613331853,0.0013462804177200001,False
35.97697159793619,73.39025860812689,0.0197114838084,False
35.97529443685215,73.38692894080836,0.00271739437214,False
36.07305101306735,73.50494349703999,0.0013787314631700002,False
35.65272553866234,73.26530644721291,0.214031448795,True
35.6504473875006,73.26851306905559,0.00567449510061,False
35.73827051186583,73.2553621405239,0.278113338291,True
35.74872232691726,73.25064741546554,0.010707722239799999,False
35.746939384986035,73.25640394878893,0.0676043780812,False
35.81709046240727,73.29721390126305,0.144087817236,True
35.83230578437263,73.25910453421558,0.0277886984125,False
35.85679623422257,73.27982496772546,0.0151593361143,False
35.85961222973374,73.29950427124534,0.0766253620108,False
35.86090655004124,73.28805773265107,0.0471189905958,False
35.86313291097576,73.28118541217962,0.0389954487144,False
35.86349923403242,73.27492451185128,0.0560226322687,False
35.86583474996333,73.26417816361158,0.0193020704622,False
35.8780383910111,73.27267745225657,0.0415619898377,False
35.87935199873944,73.28765678313388,0.011147972484600002,False
35.87840081089959,73.28154203787969,0.0018282294884800002,False
35.91561851870717,73.35627902716763,0.0617866734106,False
35.924981293318844,73.34211392445768,0.114315262864,False
35.92963987804472,73.34062303900566,0.012481936197900001,False
35.932215943215276,73.3441383421813,0.038047436384300005,False
35.93358414456219,73.33183089088183,0.0184968908107,False
35.94110344149911,73.35484790275194,0.015231488304700001,False
35.94991628016038,73.34995985147387,0.0246800944921,False
35.95374482239165,73.34925775562817,0.07313015578519999,False
35.95096754842496,73.34118699195318,0.00160061529283,False
35.950294130492374,73.34190715958657,0.00105097430903,False
35.96581670945787,73.33825284309023,0.0028310803038399997,False
35.93441294608107,73.28974161175736,0.0673195441355,False
35.933806196766966,73.29821936626622,0.0720726341078,False
35.9383233484389,73.30734486942073,0.016796267247,False
35.94305350186865,73.31012455618134,0.00313126777093,False
35.94563583251568,73.29072277469682,0.371760635683,True
35.95699101444682,73.28433441827562,0.175181904886,True
35.951072960602346,73.30465994397034,0.0146420984508,False
35.957493261077005,73.31611025868557,0.0212716014409,False
35.96638076020369,73.31278920470248,0.030437173611599998,False
35.98997613389059,73.319824370401,0.0191732714219,False
35.987682266069385,73.31904389114817,0.0024400516173199997,False
35.98412731644835,73.30589182869016,0.00959608003884,False
35.980592499578016,73.31140822601523,0.00998272149007,False
35.97882567099074,73.31359975680778,0.0229053032226,False
35.97788119520504,73.3115717320498,0.0150447880708,False
35.97227774682421,73.33826230914056,0.0382935299266,False
35.94619679984661,73.31560659385637,0.013686642032600001,False
35.94856838379251,73.31780906221759,0.0356783941391,False
35.95447637380625,73.33604123103538,0.0018365234543300001,False
35.97028988176351,73.29173358744671,0.00978432684423,False
35.971299780160436,73.29634786509546,0.019425549039099998,False
35.985435833854865,73.345295168082,0.005025121726340001,False
35.995825789394395,73.33878359207405,0.0321491785855,False
35.98679323566222,73.3129493326899,0.10470700678,False
35.99977097121044,73.31224658925636,0.132734966105,True
36.00236108251918,73.31061360845193,0.00887313776945,False
36.0063558480681,73.30333044405813,0.0554405670281,False
36.0132406783756,73.33391572474102,0.0117414773867,False
36.01317613139832,73.33566414689732,0.00724561063056,False
36.02378022017632,73.32748211135105,0.09449775664690001,False
36.01795976845507,73.30632396232063,0.037578155782900004,False
36.04264797431544,73.31588823590629,0.07196765541950001,False
36.02550424014253,73.33210791287897,0.00560413192819,False
36.12607491998026,73.4156329448453,0.0265113661518,False
36.13235918761403,73.4071331947671,0.00329499669769,False
36.13601925893069,73.3896448882045,0.00457762531524,False
36.137960109302256,73.39022283957796,0.00274604133581,False
36.139180701244065,73.38096853734038,0.0464135316326,False
36.13257253081958,73.38231418859316,0.11406581633099999,False
36.12870026192034,73.38566799050348,0.119647112153,True
36.158096853965034,73.4048847069563,0.0106080934979,False
36.17074822065573,73.38207196460614,0.0546289668434,False
36.172602694077696,73.38593679291829,0.00295381346012,False
36.17540528252749,73.38901813996652,0.0192350885486,False
36.17989639299527,73.36035482366017,0.00622917292904,False
36.18819946683772,73.35944594914741,0.0310467764206,False
36.27029195849459,72.65478926552284,0.00463221365304,False
36.26795813405777,72.65647294970758,0.0012102721692099998,False
36.268683123992396,72.65053913344228,0.000440316023448,False
35.537746722694706,72.77657744223106,0.0190756987778,False
35.552128812476816,72.77225040059801,0.0713116055117,False
35.55524659584944,72.7714930877131,0.0057177287286,False
35.556227504271135,72.78996955409104,0.0158488707518,False
35.556821820259735,72.75487970062947,0.00860908418347,False
35.57550027709499,72.76903535458766,0.0283383241786,False
35.58572900624358,72.8020629553305,0.00891417389066,False
35.58880834135618,72.82387735926389,0.0118307376437,False
35.593704353320106,72.8079912295366,0.00757894234478,False
35.600774230377716,72.84743159160807,0.0738439989162,False
35.608942372642815,72.8101349236868,0.0243165772158,False
35.59625401062761,72.78820695272584,0.00325799309213,False
35.614222604486166,72.80977377428594,0.0283235916547,False
35.61827650858271,72.83648217208471,0.0103553423084,False
35.62501725955572,72.80694040219531,0.00747767643548,False
35.63079428036636,72.79425261558872,0.0149493286776,False
35.62963511892238,72.79646524041998,0.0033240284299700003,False
35.62907130797589,72.79418829960294,0.0181778184311,False
35.62388841648371,72.79816642257607,0.28265799380400003,True
35.64226755040334,72.83389132658746,0.0109125853375,False
35.64541437800422,72.85929441259131,0.0239234096559,False
35.64192998826455,72.85882693334707,0.00796117347425,False
35.61268075246038,72.82729240450212,0.231290021126,True
35.66114701176532,72.82172136237917,0.0368369100472,False
35.65314457486495,72.81123600462261,0.00676510610732,False
35.945075973111706,73.36477584981316,0.671743611246,True
35.92554156184993,73.27376810071226,0.110123414902,False
35.91466483025193,73.25524339931235,0.00475347201013,False
35.90754175212953,73.35817782422808,0.0272867262862,False
35.91553665164873,73.37357043648359,0.00195549623119,False
35.89240372787226,73.26707479924234,0.0186339448953,False
35.272507972468134,72.37038540446531,0.0248234681255,False
35.273557184175864,72.3727573459551,0.0269379920188,False
35.4337276910426,72.45195909046362,0.18612971173,True
36.08291800373879,72.55576055538124,0.0302587931529,False
35.667680666049435,73.11480319159234,0.00142495759017,False
35.668745773982174,73.10045292138447,0.00269621600254,False
35.84335001030348,73.20740237972252,0.00343233688635,False
35.86035140044285,73.18284036594508,0.00173192713027,False
35.91428643758321,73.03627325135632,0.00376705993585,False
35.911408392850646,73.0394568779138,0.0030590365016699996,False
35.93584526672906,73.0158605829826,0.0213023885597,False
35.99961170055842,73.03143259299654,0.010416300375400001,False
35.99986468047983,73.03520416610684,0.00265929902925,False
35.90813441682857,73.14787513068781,0.00465228196511,False
35.90968502986527,73.14552585908756,0.00388576412624,False
35.9098772077424,73.14380484029964,0.0010117078599100001,False
35.912026517504145,73.14694063819346,0.00166888918623,False
35.91516020242616,73.15241924024737,0.0050919569916600006,False
35.91054131478321,73.16435703912997,0.008451772831619998,False
35.93313200661144,73.16820507298569,0.0032057614132799997,False
35.95364207560284,73.174938567341,0.00553632720385,False
35.965309045275305,73.17236111127973,0.00276924307498,False
35.96578887371647,73.17126330473403,0.0034697096787599997,False
35.94029338718384,73.18989687772522,0.0017961622368,False
35.940013546001715,73.19156632059381,0.0109990828702,False
35.95934136685917,73.24990788416034,0.00929613097174,False
35.95851584488405,73.2505444126671,0.0030668122038299997,False
35.95963244583852,73.25791202836942,0.00432623151355,False
35.960696858197515,73.25684018120552,0.0006519681464420001,False
35.95665122444718,73.2487995376893,0.026713242790699997,False
35.992296928888855,73.25889126891792,0.0025871670747100004,False
36.0443362794632,73.21868616011739,0.009429285685470001,False
36.03458842948462,73.19784957598047,0.00591420853347,False
36.07279860925424,73.19890318502642,0.00371460264319,False
36.102594389238014,73.07200368266703,0.0075212435529499995,False
36.08824755712161,73.07923825182904,0.00698412541052,False
36.08173470473396,73.08752289183896,0.00224797327647,False
36.31911916560568,73.2981546051392,0.00398826975138,False
36.23581752714459,73.1824108545213,0.00412333378638,False
36.30131860090079,73.26347875075888,0.00935008987755,False
36.24691379412468,73.07020140784219,0.0023143534412399997,False
36.245780378203925,73.0722193322718,0.00463714911437,False
36.249697673108095,73.07447968310467,0.004813838879979999,False
36.248638045340165,73.13229406524673,0.00577409826069,False
36.27328157779289,73.14530799813896,0.00244759757736,False
36.28443096423393,73.15881479510288,0.00288717794926,False
36.292520497380885,73.17233811209519,0.00293525277495,False
36.29495516795692,73.14308995793967,0.00150038057559,False
35.80605930149985,72.76212771438817,0.00998468474448,False
35.81820772595486,72.7764929646375,0.00958630118346,False
36.04870023745729,72.88017480892782,0.00719397417643,False
36.050068577158804,72.88330060607515,0.0034718782419999998,False
36.05094645374937,72.88340938194285,0.00147623910071,False
36.01392178445878,72.8912292482181,0.000950835684466,False
36.0132124655293,72.89136821482798,0.00106327622827,False
36.17117353642398,72.96504112393012,0.005205087927800001,False
36.17283535544227,72.94710557401879,0.130162460397,True
36.256481664608295,73.03501104506911,0.0068445436617300005,False
36.26435420685392,73.06006082815964,0.021925370042400003,False
35.807728560914086,73.61527082722215,0.0039282076649700005,False
35.9287177479786,73.81566482154246,0.0152653793164,False
36.032832198508224,73.78352938211076,0.00844445315724,False
36.03613927684283,73.78293521287502,0.0358123258368,False
35.66888568507934,74.20681198001498,0.0334863986563,False
35.67576523209678,74.21160840036244,0.0183834643976,False
35.87662641729387,73.95287268014884,0.000814382105549,False
35.92421726526699,74.00888747330248,0.0403300752247,False
35.931962458460085,74.00387417727416,0.0170017067919,False
35.93063633563669,73.98878349567025,0.0318326218427,False
35.934448067847484,73.99137492020773,0.0351439583722,False
35.949736463226884,74.01252504049042,0.0212857898349,False
35.96049864658586,74.00505975873948,0.0427828331962,False
35.96220219467977,74.01876438896629,0.153051927643,True
35.960694056249366,73.98336925610067,0.0552657191895,False
35.943958174017915,73.99277694404815,0.0285438180911,False
35.94447619075935,73.99646425193718,0.00680618349349,False
35.949820221458104,73.92431541176222,0.0148000476582,False
35.968366404817175,73.93185235769155,0.0224745201003,False
35.97354990842624,73.92666277289582,0.0136653922701,False
35.966158087959535,74.01598034271552,0.0151761244614,False
35.79579311217702,73.57628940455724,0.00286842798848,False
35.91031659759689,73.61700687532947,0.00390910295451,False
35.91434646805323,73.54836764842784,0.00683961873175,False
35.93803155740969,73.55993880932807,0.0026181674654899996,False
35.93687350507194,73.56294505393059,0.00394611291995,False
35.94464133280664,73.57208631272839,0.0033727235298300004,False
36.01828298201268,73.56739370229019,0.00326951616126,False
36.01884771244772,73.63389777097028,0.00358149187195,False
36.08229003788207,73.63381676313689,0.00398593510608,False
36.325581405082545,73.54593082425453,0.00208695310643,False
36.345056781845216,73.56708147482506,0.00209458580575,False
35.65251816154002,72.76565922364888,0.00375635326404,False
35.65323338963113,72.76640246261924,0.004731373078419999,False
35.652158408216486,72.78374364814965,0.00177816827171,False
35.53495693651113,72.75671590894997,0.00462272612081,False
35.8410267355097,72.0347414318059,0.00834716621851,False
35.3012504409132,72.29550742959286,0.0006080355203860001,False
35.29566166642391,72.29960550331496,0.0099882023395,False
35.29683661504764,72.29862016880061,0.000169494977205,False
35.29361159621306,72.30101821504934,0.0036234632064799997,False
35.28786283271015,72.28502141371958,0.00702478555679,False
35.271395211611924,72.28933375227031,0.0055878195655700005,False
35.27247677048339,72.27765466454503,0.014422476843,False
35.232576925320735,72.27231724393276,0.00484730937601,False
35.20217124691829,72.3333167925137,0.00110197041409,False
35.22141969013176,72.37854618009332,0.00144089830371,False
35.28091091553586,72.37780244126284,0.00487014544426,False
35.26929828855456,72.31894877412944,0.0034606308203799997,False
35.280919601019406,72.36179261870876,0.00297060316151,False
35.28886590757153,72.3657010232482,0.0473322284251,False
35.30182658822736,72.3503144850767,0.012633275958500001,False
35.303371700543856,72.35647780098012,0.0249348558574,False
35.308880899757014,72.3541355488264,0.011936308324,False
35.331885973486884,72.3399755983298,0.00141520441424,False
35.333656410696825,72.39013463625774,0.0142346562608,False
35.33674970386787,72.33601309853225,0.0032861523093400003,False
35.3545576780412,72.37593665469821,0.00147300931982,False
35.35612852377984,72.3787129558569,0.08789192162949999,False
35.3395544051518,72.39424177861254,0.00571325848141,False
35.3369231337686,72.3923806449147,0.0366193347972,False
35.40400305854851,72.37578144313379,0.00402355072511,False
35.40471761287512,72.37651583102404,0.00100401304685,False
35.399651499462756,72.37714929718132,0.184305767497,True
35.8820094837848,72.4234085667092,0.00251290122664,False
35.903891485237644,72.41342768475555,0.000962834889167,False
35.35316215287232,72.50577003503521,0.0067555197985,False
35.35382403980669,72.49606317833559,0.00181878476698,False
35.35660072421345,72.469707101592,0.0113085341193,False
35.354515023960104,72.46923316412872,0.00485198196551,False
35.35174993761004,72.448410453209,0.032043493454799996,False
35.3481219762261,72.41363747474537,0.00230025404957,False
35.35207570195558,72.4148459898187,0.0217353289372,False
35.35991048733008,72.42428568993002,0.0033798027397599997,False
35.37850230664826,72.43053013108553,0.0541685100459,False
35.38027921580786,72.43359390581189,0.000321111976121,False
35.379931456558744,72.43205596301128,0.000883057962757,False
35.37605481334981,72.42420140096367,0.00226987319462,False
35.37210989495062,72.41963566992236,0.000876981758352,False
35.372363293177216,72.41866216895374,0.00251972974501,False
35.37099578650531,72.41682633875027,0.0035126335767300004,False
35.36763874807056,72.41438687351324,0.0373298051471,False
35.36280606137661,72.41301098628793,0.040450716138600004,False
35.4100691606201,72.50784035795247,0.0200918191945,False
35.33193295621189,72.49673110579613,0.153479228408,True
35.359353660444924,72.5287522098486,0.0133078737348,False
35.36334762797152,72.46799275388715,0.00280798258818,False
35.3694954682241,72.46115143328743,0.00180692826579,False
35.36683453810541,72.46459067923857,0.022876080684100002,False
35.65403462441728,72.48124319113288,0.0155188959448,False
35.697964135298,72.48644216297265,0.0830879178755,False
35.79652721336864,72.45932343924659,0.00571494571562,False
35.807126908648414,72.46539030041876,0.0944444616271,False
35.79529279917325,72.45273604812358,0.000190054361759,False
35.79375005614497,72.45176470880136,0.000422360201349,False
35.79361324082438,72.45093225983814,0.0026031564486699997,False
35.79431490924307,72.45050788833328,0.0149670052931,False
35.794690033609506,72.4496530701145,7.38724372558e-05,False
35.82797831706159,72.47594335276062,0.000801265623658,False
35.82739890153918,72.47688241472375,0.012940647455800001,False
35.826269680804295,72.47551610762231,0.000823973914877,False
35.83323270948406,72.47697322908691,0.0531401641236,False
35.832396736064865,72.47511801045677,0.00399195146191,False
35.77516455368268,72.43370643416253,0.0016173276934800002,False
35.78308696783867,72.46516282613415,0.00641431330612,False
35.783037303269516,72.46453937350871,0.00029724650383099996,False
35.78070432782107,72.46536459541302,0.0077686383187,False
35.78431623658194,72.46929578112642,0.043732517725999995,False
35.78358880361237,72.4682416446006,0.000609263974509,False
35.785818843984885,72.46917861268649,0.00219122395768,False
35.78607572039097,72.46992195957222,0.000365437569881,False
35.786302929941044,72.46985215861436,0.0009640451538830001,False
35.86204817479418,72.53478760098405,0.00596603678235,False
35.83517307148114,72.5366285696592,0.00195483513003,False
35.83642763564951,72.53499345826627,0.0225939307531,False
35.835559146731654,72.53302446800932,0.0052470105879,False
35.8346511302856,72.53372510180593,0.000711139831543,False
35.84991903405333,72.52201230471672,0.038760809768200004,False
35.90519279684032,72.5809263598546,0.0151885862569,False
35.905561235512536,72.54526237642132,0.000727097581192,False
35.90467447730959,72.54421375024091,0.0027322399938200003,False
35.91991472109646,72.56438726837675,0.0007214335828480001,False
35.9190903603992,72.56276892552559,0.0051942274925,False
35.91758061833378,72.56469216465779,0.000591747119518,False
35.917868640594065,72.56483600890304,0.00016367177801599999,False
35.91790528049215,72.56437594076814,0.000899716719498,False
35.91664579184116,72.56357872071274,0.000234484214871,False
35.91628926340527,72.56402893116812,0.0015590722924900002,False
35.9681818106593,72.53169523324466,0.0032081300532300003,False
35.86490254634396,72.53455821277608,0.0114793618118,False
35.864306269092616,72.53257830330104,0.0059742335278,False
35.78990367189254,72.59974774470838,0.011562121004599999,False
35.63416338988561,72.5948529366374,0.00760779374295,False
35.610078192319655,72.55236539146622,0.00881677824851,False
35.64085594701229,72.60349537235602,0.0025275572295000003,False
35.655582272840974,72.61143513730923,0.0011862412596599999,False
35.65601703613701,72.6143130865886,0.0657354007026,False
35.81055444152715,72.72842366582506,0.004546233310769999,False
35.82009105630533,72.82416918132712,0.0015806880343800002,False
35.81942337976526,72.8229097786464,0.026319521453,False
35.60868699610059,72.83055303897022,0.00292151321159,False
35.635068909372755,72.81443796238699,0.00255049676394,False
35.637117875459964,72.83588384260243,0.00483605626178,False
35.8914152510855,72.78967154399935,0.0007989280588330001,False
35.889685701833095,72.79064198571554,0.0047211821131,False
35.890248788319674,72.78900258893847,0.000334765916803,False
35.890527330891565,72.78878693190597,6.126354338520001e-05,False
35.88054943042594,72.79582988833538,0.00321355525144,False
35.939963644540335,72.78134712878942,0.00628771758528,False
36.00794553685195,72.82422625979092,0.0028780526022099996,False
36.006228628116375,72.8244817430542,0.004688292835399999,False
36.00523014957765,72.82364148513646,0.00114251732976,False
36.00666774938207,72.82295708817539,0.00033270260779799996,False
36.00714519930065,72.8229134029032,0.00040343937596900003,False
36.18272246774771,72.80644222446877,0.023541947714499998,False
36.1839655245696,72.80470537459259,0.000360545434989,False
36.18391330833293,72.80670712357586,0.0006966486260829999,False
36.18126447620413,72.82937291780752,0.00798571652644,False
36.180020127881434,72.79986738286095,0.0521441059805,False
35.69031902693586,74.22638684106587,0.0433507027835,False
35.68624582000957,74.2285664677213,0.0424195896658,False
35.68596602004582,74.22663875877059,0.00101940570346,False
35.65424629683595,74.17052698237818,0.0047515313992700006,False
35.71524102911994,74.18409853049597,0.00173071405728,False
35.71505302402719,74.17997965296156,0.026331102069399998,False
35.714632234618314,74.14576268786784,0.00623659795948,False
35.723013562122695,74.16525694715355,0.0217125101211,False
35.7191862099141,74.16582931976217,0.037855296279499996,False
35.741390766480905,74.19302361698243,0.00898623858019,False
35.74678022985194,74.16449299897721,0.024841734765099998,False
35.72855195817966,74.1501208416425,0.00104192632913,False
35.744139297561816,74.18066010888528,0.000963202917241,False
35.72711660730096,74.12234137382092,0.00240739635753,False
35.71874320171125,74.09769783212373,0.00165602699342,False
35.71777562253811,74.0961118012652,0.0128065933035,False
35.71581016716764,74.09253416391948,0.00240340389992,False
35.726094808982666,74.09029783203438,0.0394501639295,False
35.72392203972894,74.08727273954132,0.00142801602122,False
35.731847542628714,74.06048197855196,0.0128418675337,False
35.73543170598841,74.0576203289963,0.0045694681081,False
35.72889628718954,74.10079630491254,0.00124452324879,False
35.756381518832676,74.08009518894455,0.00531971854419,False
35.757352009925455,74.0692542549422,0.00995561277952,False
35.749044160786816,74.0732298868761,0.00162843148703,False
35.837950763538515,74.22486234393378,0.00921832938834,False
35.83057676448801,74.25377784719657,0.00275299579154,False
35.83098415740685,74.25320595698741,0.00305354411037,False
35.829982911009196,74.25329610731599,0.000140598096679,False
35.828684590351365,74.2534188849098,0.00593048718931,False
35.78732323888474,74.23445089316162,0.00425254508662,False
35.8028075764247,74.20072837507757,0.00442086481805,False
35.76561739418501,74.18262997995576,0.004056889043,False
35.79584800652224,74.20643622253428,0.00197305750636,False
35.76850343175327,74.17508907604804,0.0017373407790700001,False
35.79433211916385,74.14882820073319,0.00212092630869,False
35.818231868416824,74.21312033298331,0.0217239254713,False
35.88810541070125,73.94778600732793,0.009028904760879999,False
35.94866289656438,73.98004150682063,0.0473077096388,False
35.94307015081287,73.98196290733162,0.0039620719246200005,False
35.94486124264289,73.98093736429814,0.00815811043401,False
35.93921652104674,73.98506955811267,0.18968596452800002,True
35.96543735070788,74.00297469520234,0.0187706604134,False
35.970195337115314,74.0046292670505,0.08618833489670001,False
35.98191452285368,74.00343194450355,0.0477277119307,False
35.97445471306174,73.99385718563433,0.0734088943272,False
35.971703782074606,73.99106296013751,0.00304480024024,False
35.97174535291062,73.9923454236601,0.0032167317244800003,False
36.073429682814094,73.67435698506803,0.009595217514489999,False
36.07215051475951,73.66999768435973,0.0057500409536,False
36.06017725094932,73.67261990353481,0.00807824816883,False
36.02263612619557,73.65425465435342,0.0327611589741,False
36.02216189757119,73.64547603954377,0.00135136844453,False
36.02166170086587,73.64682651924092,0.0320399041799,False
35.6517079109825,73.2045617256597,0.0104021111096,False
35.65176419563366,73.2024844196031,0.0290882025613,False
35.65809733409995,73.19644801219444,0.007139234057460001,False
35.65923135779882,73.19602192188351,0.00410145156959,False
35.98045678941226,73.0881059527817,0.00156891101891,False
35.98013304942693,73.08279050899365,0.0025749233908299997,False
35.98010751650695,73.08102974728881,0.000283605447275,False
35.982238510701315,73.08209323387999,0.00118385380849,False
35.980847718788375,73.0819381235902,0.000265396258982,False
35.981079600857136,73.08217090641912,0.000343014798529,False
35.977799450785064,73.08316378115896,0.000562642724151,False
35.924248973346984,73.10162259734342,0.00356995546286,False
35.875824265685566,73.09562728442587,0.0046283485706,False
35.847863018141744,73.03189644169397,0.0022535811012300002,False
35.84774498945155,73.0299721152952,0.00109190742249,False
35.844792184228126,73.02643455006893,0.00114531282557,False
35.827660694661375,73.02359814031537,0.00586235854602,False
35.814307807088944,73.00468968083757,0.00194053864339,False
35.79793370524766,72.99014950600072,0.00197657537057,False
35.84331738137284,72.99793883759293,0.032959353765,False
35.84464756563908,72.995992049325,0.00340039888217,False
35.84100036038774,72.99505743024392,0.00953922551337,False
35.84249171723549,72.99473621526583,0.00388721634144,False
35.87459919936512,73.07935423541602,0.000815507835761,False
35.943207708371865,73.03881805390674,0.00132464870567,False
35.94225516431474,73.03748884662345,0.00604776060098,False
35.96324228313671,73.02041523038304,0.000597455311602,False
35.96532918624692,73.02070105824195,0.0020859145710900003,False
36.0692821500407,73.1539769362716,0.00492123405801,False
36.239348411770436,73.19551212996906,0.0016038961045900001,False
36.28054949326174,73.1592838345861,0.00101485280027,False
35.305535765294806,76.06760658135903,0.0303344800523,False
35.32066530095343,76.0279554938777,0.00745406255575,False
35.47701791695516,76.5256765134887,0.00955709887107,False
35.478555877302966,76.52328413668064,0.0011099911573700001,False
35.47950949720978,76.52435401916814,0.0007950754707040001,False
35.48331112649913,76.53987789003448,0.00161650385735,False
35.41370068858048,76.64736000087328,0.00743704600404,False
35.414118142351995,76.64614749439126,0.00163135545301,False
35.414733172982544,76.64954952022526,0.0005612665510580001,False
35.423549847440825,76.65099732847584,0.00584248470391,False
35.425016820313864,76.64921213141211,0.00140441734061,False
35.426736959172246,76.64957130326047,0.000904876749714,False
35.42326245402735,76.65399512257444,0.00100513854745,False
35.42254185427089,76.65948412384238,0.00407473286641,False
35.41698962789482,76.64251224636503,0.0015117653833,False
35.44695789829407,76.6589607618254,0.00159570181715,False
35.44623885596838,76.65669857010117,0.000887679187141,False
35.44862843328566,76.6514445867523,0.0023219476838199997,False
35.44823726473344,76.65211633930896,0.000510261675623,False
35.451056135796705,76.65078489490126,0.0020620915879600004,False
35.45031617282951,76.64886496345277,0.00013549599197500002,False
35.4336514734436,76.66434137528987,0.00146503773649,False
35.405768702853024,76.74272070792861,0.006852026150200001,False
35.406126671607325,76.74326325065185,0.00107071592923,False
35.46791858714689,76.70252203027108,0.00273955670831,False
35.44565729805578,76.68726964679763,0.00039722327654,False
35.48211259004489,76.69836101218402,0.00129400124796,False
35.48082919035419,76.70216571224879,0.000272311642883,False
35.47602280105799,76.71652530549405,0.00232311560161,False
35.36197476308607,76.0124171397357,0.00340505815533,False
35.36739474599832,76.00753665968591,0.0025519372322999998,False
35.366451903953454,76.00641210518364,0.00382383182218,False
35.37490647756928,76.01212747906573,0.000706671820712,False
35.38551671455763,76.00632842600366,0.000357630816041,False
35.384775825243096,76.00676980819217,0.00123708988094,False
35.39075230120527,76.01214003412477,0.000600044909975,False
35.371378127796504,75.94895940584293,0.029308831686900003,False
35.344447883870956,76.00210993645963,0.00400988739262,False
35.34605760580476,76.0035703167238,0.00134112399805,False
35.323455945746076,76.00454825588294,0.00155518969662,False
35.374072960346794,75.97370389707714,0.00609805629085,False
35.34622142288634,75.97106727991347,0.000746188533248,False
35.347407520816034,75.97087053286671,0.000138334634913,False
35.32326995017637,76.03342667731943,0.000900566873103,False
35.33699511421875,76.02744692836097,0.0174860114517,False
35.33759555797189,76.0381776920725,0.011640973732799998,False
35.33449511048008,76.03893208444555,0.0047655099296099995,False
35.33674588916939,76.04051477337926,0.000284813355088,False
35.336979401411206,76.0331808338076,0.000633532333347,False
35.33645317452965,76.03339195486512,0.00108801810441,False
35.30874262397083,76.09073482357267,0.0867658587261,False
35.31534455985882,76.05620864780512,0.00549819706003,False
35.31082833376301,76.05588455436249,0.006132715260379999,False
35.33658485412593,76.07367076711351,0.00422233148256,False
35.3765291744071,76.0375820391435,0.00042695110073400004,False
35.376343169755934,76.0381678557884,0.0021982033811699998,False
35.37721584011134,76.03837009594342,0.000245912443729,False
35.35894204458565,76.03300671025616,0.00246289104667,False
35.35591401461114,76.07473600913464,0.0429952675209,False
35.357953844924026,76.07757221671294,0.00179162628897,False
35.36803477161566,76.19651872597589,0.0009039265697649999,False
35.39943452922722,76.64859678105584,0.00134204615409,False
35.392813424121236,76.64728626246465,0.0056645403255399995,False
35.38854587484977,76.64322319145205,0.00277348659113,False
35.38825938665022,76.64440141344116,0.000738208961882,False
35.402633211480385,76.64878832505548,0.00290172973987,False
35.40370648066259,76.64686687899422,0.00232145796449,False
35.40421443001999,76.64436764427128,0.000210584404076,False
35.39613216123107,76.64837274296201,0.00216051448592,False
35.39710590928093,76.64780328870967,0.00074038819575,False
35.397530808261095,76.64764978089535,0.000735264821759,False
35.397708034797006,76.64934410425404,0.0008867170139260001,False
35.3671916689203,76.65262970956847,0.00196931727768,False
34.986720312104474,76.21092089095767,0.313206397863,True
35.055665320262264,76.2611547306019,0.16349949499,True
34.984444963128105,76.39172273964532,0.0470029940575,False
34.98430595999564,76.38112789594815,0.0294808061977,False
34.986972570674745,76.3843869861167,0.03741560122569999,False
34.97956749597088,76.39945278278462,0.021167633749799998,False
34.975664967065214,76.3893477047611,0.0181471093319,False
35.01913751697577,76.37081596446106,0.0652645052418,False
35.0243909953478,76.36337718711515,0.00663321157992,False
35.02436197509388,76.3561395391475,0.0262914433411,False
35.03642225499696,76.35254437844453,0.00398425027131,False
35.064421290385106,76.37750371217804,0.0787923867204,False
35.074257187019725,76.29300519224356,0.101512192104,False
35.059533623116785,76.3121050383167,0.052873498294999995,False
35.05295860941793,76.31417835432232,0.0481376676573,False
35.03682645308994,76.30833805661887,0.0429634250676,False
35.03359351460968,76.31046184102006,0.023227642136999998,False
35.02933927423875,76.32262400468306,0.0208470220718,False
35.021195952133475,76.31887591347314,0.028060880548100003,False
35.01925332210515,76.33713905276328,0.00844354642852,False
35.016615558474264,76.33780427545638,0.00126236039454,False
35.003372341287935,76.30904086343051,0.0112094497721,False
35.01029661010718,76.3203200508984,0.132926701622,True
35.01021128619349,76.30598909494897,0.0138671316128,False
34.998924459643014,76.34600317905593,0.00316400608517,False
34.9963741684881,76.356456156196,0.00218322850715,False
35.00197726552574,76.37567801963915,0.0177193350033,False
35.00609596726537,76.37129817317542,0.0151392384228,False
35.01183711719094,76.37177580515078,0.00135719952308,False
35.00693868601281,76.38805286606363,0.00251273310135,False
35.008522654918565,76.38738469848872,0.00090303629472,False
35.01338624522578,76.38952315217456,0.00107287565002,False
35.013138184034226,76.38889805306651,0.00021273454943,False
35.04928879300524,76.64976864530594,0.0034336986265400002,False
35.26550086737111,77.17593214188524,0.0143478926842,False
35.255615597574966,77.19461214526322,0.00033237054268399997,False
35.277697135615895,77.2065415382461,0.000744391542318,False
35.2700978108822,77.2081869660195,0.00183972901208,False
35.2668281910431,77.20755206624462,0.000445834981217,False
35.26867448432871,77.20579166032186,0.0007847811017499999,False
35.268307619242016,77.20693801384333,0.000667707671381,False
35.205057950963244,77.1990775020954,0.00595894580993,False
35.2056135808184,77.20073165075101,0.000667768194469,False
35.203104247124216,77.20156189782443,0.00232244008309,False
35.20404329107992,77.20029663721719,0.000725049907423,False
35.204393765069256,77.20013822817347,0.00101443997793,False
35.19784652235725,77.19683395939502,9.840477421030001e-05,False
35.19764155046962,77.19711010410391,0.00195776662126,False
35.236817614736495,77.18065951808865,0.00115239847162,False
35.23867157357767,77.1789116096755,0.000536634489529,False
35.24209400162148,77.18038067280816,0.00138588748652,False
35.24214173272886,77.18111915832046,0.00020845210607,False
35.240775778990844,77.18582021360051,0.00731658011023,False
35.24078211040134,77.18677165476626,0.00041983449355400003,False
35.2451169425088,77.1826759210076,0.000383501883238,False
35.229479659589266,77.17847900570295,0.000534620749437,False
35.09639990671587,76.23366411101816,0.217050578849,True
35.08960986874935,76.2174732725231,0.00857210387416,False
35.232818740578246,77.15883450859464,0.00298139187216,False
35.23457836152161,77.15770516659241,0.00280641270192,False
35.23581123898328,77.15784053534976,0.00458196758759,False
35.236484705100196,77.15628432876639,0.00797606520226,False
35.089406904166516,76.22992055603457,0.0179467470809,False
35.08510376238747,76.25528403481655,0.00195159799483,False
35.09389770430473,76.28381462856383,0.0615808863044,False
35.08976944248401,76.28186947520079,0.00264238575508,False
35.09214823124933,76.25223103763658,0.245601412432,True
35.17094014361335,76.20519607268275,0.301092331218,True
35.08886070569704,76.18088681099208,0.0106482652996,False
35.08617275151638,76.19707891874559,0.0128491340284,False
35.09694994630194,76.2000342085944,0.0321807024896,False
35.085251787453444,76.21368010229071,0.00289042054099,False
35.08428597629577,76.34908509530773,0.0344272923633,False
35.084865099787535,76.35628192049725,0.0624011385336,False
34.99773957218413,76.91734624520987,0.013522009446800001,False
35.00588320300662,76.916737316808,0.00220582739997,False
34.95634657370243,76.91221594833817,0.0179395119147,False
34.9489492834395,76.39498683605706,0.07114389313870001,False
34.95120424713592,76.39851851984693,0.0182697934534,False
34.962408810232226,76.40104566795488,0.0128161352626,False
34.93107994827969,76.40290693774529,0.026324460589400002,False
34.922780732435044,76.42552368924972,0.061755645432700006,False
34.91089728685944,76.43582702344766,0.0105001024048,False
34.914325901758005,76.4158229584325,0.00675213810887,False
34.91415644938433,76.42327872483754,0.0335962181655,False
34.921516153653485,76.43177925431424,0.00363408361736,False
34.90608026199613,76.43291352716005,0.021237976802,False
34.95846428024103,76.43313851758091,0.0166481467567,False
34.957532465500705,76.43255122953141,0.00315546643439,False
34.957505810165216,76.43388817864644,0.0099847854417,False
34.880177282541425,76.42865713095735,0.0180142157396,False
34.87230231370808,76.41956364174392,0.0075013017207,False
34.867284092723324,76.42280937153173,0.0015388948176399998,False
34.867317865809454,76.423681794482,0.00161326325626,False
34.848333466546094,76.44128800297537,0.0041229804412800004,False
34.83530075435999,76.42059270606364,0.0035514279205,False
34.83461151572422,76.42062589253973,0.000653733284058,False
34.99112605034608,77.11646609787583,0.0185492560812,False
34.98978985134691,77.1178080141565,0.0016320926015800001,False
34.98952547662827,77.10946313927786,0.00189390702803,False
34.98768363432056,77.11377815490364,0.0060579334553099995,False
34.81837311185351,76.40906486379004,0.079040061654,False
34.81380718115177,76.4233664511065,0.00167504822088,False
34.81804683835415,76.39475799877023,0.00198392425267,False
34.821791853570076,76.38718650706498,0.00607020249619,False
34.82331738585292,76.38563711182645,0.00135986791132,False
34.82469412674306,76.38591497334208,0.000703896643902,False
34.82900247316332,76.38105406949107,0.0165180995693,False
34.83429763346266,76.37302775862955,0.0199978352202,False
34.853831907352976,76.38252862541229,0.122639727058,True
34.85844864783926,76.37490718031033,0.0048826386882899996,False
34.84260926330538,76.41357390173711,0.0137991181413,False
34.8386045409235,76.41506070063669,0.0499195148173,False
34.85238420079646,76.42983302410843,0.00327931907935,False
34.85265070036674,76.47609162944319,0.0966284355584,False
34.85837717501257,76.47433908533544,0.0453517095049,False
34.85086297528521,76.51140109076357,0.0340726684891,False
34.85484023685988,76.51897407537885,0.00142907004843,False
34.85795531918171,76.49685749128798,0.00085384302072,False
34.85910874984616,76.49731529525766,0.000673357488352,False
34.87147728146473,76.50450261491359,0.014362143460900001,False
34.870145955243515,76.50141800208421,0.00359322409707,False
34.8658397504894,76.50050038731663,0.0664476032123,False
34.80584539133735,76.38072885586337,0.00978805541418,False
34.80551247023726,76.37324337828514,0.0043269922092300005,False
34.80524319177817,76.37160877090967,0.00214725404469,False
34.813980337639364,76.49507034111427,0.0223855619367,False
34.810443168446696,76.50203475832672,0.137126252935,True
34.813329959608005,76.5171779674081,0.159133571957,True
34.78936001752991,76.49190922469573,0.0744810937936,False
34.7838630003302,76.48029342435133,0.0189233904237,False
34.779702277471394,76.47076624804495,0.0104845413483,False
34.77748218640967,76.44652492449045,0.014748126126700001,False
34.77663080547896,76.4438664561533,0.0100000627229,False
34.77740016180588,76.43930073618651,0.020021488554799998,False
34.78180037555317,76.45816861601995,0.007710111372669999,False
34.77110399760918,76.4807159049826,0.0272155456126,False
34.77502447547461,76.48120887207897,0.0670132060392,False
34.76491513316706,76.4937713669313,0.0165272434817,False
34.77151155969811,76.49986555718093,0.09109451495899999,False
34.78347841372391,76.50628759060403,0.0318004460028,False
34.78007290145676,76.51445837693042,0.00388372535728,False
34.76992942211459,76.48315509998832,0.00295577230601,False
34.771096789358126,76.48532611009767,0.0039281247055399995,False
34.768962093411695,76.47450390815858,0.0506059913324,False
34.7719866336363,76.46877585163729,0.00309990160768,False
34.77066198047086,76.46940793449599,0.00194134465293,False
34.77677129759624,76.46788275273862,0.0027978202064299997,False
34.77552890239149,76.46046424929456,0.00171820810842,False
34.767075633958754,76.46045201451528,0.009108030618680001,False
34.76266522356553,76.46162265534977,0.026103302689299997,False
34.761844487735154,76.46845887587583,0.147360715329,True
34.75807497840128,76.47385557825076,0.018650045257199998,False
34.756150832317886,76.48068053072494,0.0105780691445,False
34.75955512149723,76.48572337479209,0.00666171172305,False
34.75880425724322,76.48733355100526,0.009088089879220001,False
34.750019620679645,76.47701814872755,0.0202176019911,False
34.761441946154754,76.45179450014027,0.029572347750699998,False
34.7619950657274,76.44838107939329,0.0163349421127,False
34.761974025277574,76.4259599170394,0.0715676307324,False
34.781363773149316,76.42823493402615,0.030787262205,False
34.789887325580814,76.44066279542757,0.0020420933749599997,False
34.78957584341729,76.44108903719776,0.00086138805794,False
34.79242007313167,76.45666348489269,0.0013505827231000001,False
34.79854504994899,76.46976463154607,0.00951883185433,False
34.79724630779458,76.46061163072874,0.00224344883665,False
34.79650251400018,76.46125005928268,0.00398578198277,False
34.79676914954007,76.46277966860791,0.00046425878082100003,False
34.79494047211061,76.46906359490833,0.004972653318710001,False
34.75956367840772,76.54660702241567,0.0117304407826,False
34.75558212679803,76.54550245745851,0.017801115723300003,False
34.75491489912882,76.5392161815976,0.0384694724174,False
34.76353302188435,76.53028555662664,0.00047774183781699997,False
34.76297174412285,76.53122268115979,0.0118141307454,False
34.77164812774916,76.56633092177343,0.009039968723379999,False
34.76455176025263,76.56815124439852,0.0086040082874,False
34.76416083200223,76.57187469860898,0.0064023718349399995,False
34.76415450062978,76.57394528161062,0.00451386011479,False
34.767861060042335,76.58582904789597,0.0182043685606,False
34.75607915463787,76.58858886264446,0.0161826119943,False
34.774116909583064,76.59070635707045,0.0114257913704,False
34.77835519808212,76.66832091093946,0.031476634547400004,False
34.76480039087545,76.71068284756713,0.111743457594,False
34.78443654959977,76.72610972816591,0.0146375060469,False
34.7481305921422,76.81901280281511,0.023905033122600002,False
34.74152742297662,76.8139287751142,0.00451320174791,False
34.748198346854494,76.39645865713193,0.0293934622467,False
34.74684774069951,76.39958528141005,0.0124497437555,False
34.75520831969473,76.39056128941166,0.00459516118937,False
34.756986507985665,76.41410830396211,0.0346618425746,False
34.751697888786495,76.43612278579731,0.0427784025046,False
34.74828368207077,76.45193735293404,0.040913425094699994,False
34.73456333919299,76.46510566556283,0.00609977660813,False
34.7560277294083,76.45260059980508,0.00240073174776,False
34.7549979294411,76.45238032300132,0.0016376719783599998,False
34.73501241880131,76.42974313368678,0.0154293847037,False
34.74210120135903,76.56027533377708,0.0343902620165,False
34.675302984435234,76.58169927675155,0.006529870727419999,False
34.686989241841545,76.57322089727464,0.00582683743347,False
34.69508172448985,76.70149412524088,0.0207592951172,False
34.696163667713776,76.70840297615966,0.0398014669936,False
34.70903152447592,76.73292205915897,0.00142500295658,False
34.70845692577103,76.73470799532396,0.000534927857475,False
34.707804655291774,76.7339516167216,0.00655989194106,False
34.70941491050705,76.74418208596437,0.000488478821797,False
34.7061423097153,76.74757345099967,0.000873475616833,False
34.71758096636125,76.72969082407289,0.0103180780688,False
34.720076421252166,76.72754071455113,0.0041488668423,False
34.718452297051776,76.72322392832722,0.00104078600373,False
34.73067510607577,76.68923905415494,0.0047979068646400004,False
34.73325347953916,76.69115641297189,0.00387549581769,False
34.734130273923356,76.68992588650889,0.00044019047474,False
34.73430841782172,76.69116574178601,0.000239575906406,False
34.733372088831125,76.6969443345984,0.00132191672494,False
34.73148408739645,76.68109821045796,0.0150308141385,False
34.731089548574424,76.75543918785263,0.0024920031484699998,False
34.726856221461425,76.77709987439259,0.029600155072000003,False
34.71341091710092,76.80796224278161,0.0206039977567,False
34.702567882556366,76.79412669082849,0.017260237897800002,False
34.697657129724575,76.79527117149377,0.00373935759456,False
34.703079257688294,76.78947413164758,0.0012951373847299998,False
34.68212581954589,76.75019215018403,0.0207567870921,False
34.670957002371956,76.75761964848351,0.303477681666,True
34.664700252249574,76.75884679585045,0.0008439937821029999,False
34.64876077856388,76.75952419923935,0.008528600800210001,False
34.60598957684274,76.7245474336227,0.0254200637879,False
34.720444435100646,76.83975331090964,0.0158389780895,False
34.699540857173616,76.85677783641053,0.0273852951361,False
34.69289361218583,77.02218388989391,0.0295812539523,False
34.69004811012305,77.02115582613769,0.0010455887262399999,False
34.69156014678019,77.01845301344683,0.00155970054481,False
34.67422368011403,77.07093841002532,0.0180058663537,False
34.67866087438341,77.0852481096574,0.00181727264526,False
34.6791031575591,77.08392565086125,0.0010649479594300002,False
34.70063541424904,77.06782190420222,0.00234026412652,False
34.706803439622,77.07354630069914,0.00626285402231,False
34.70796898884089,77.07661508612956,0.00144584992703,False
34.70974721648312,77.07520363015578,0.00977358739329,False
34.70407211894706,77.07198861713078,0.000984030301383,False
34.70662079681936,77.07584295539348,0.000546265268864,False
34.69757328771733,77.03183907447007,0.00219396938388,False
34.685076904348946,76.95162760199685,0.0111152479677,False
34.68601717308794,76.9530364986342,0.0019176565049900001,False
34.6951129651021,76.98159742044503,0.00346077286244,False
34.62460187548128,76.96764834559977,0.000670591025699,False
34.62413423491025,76.96771502256354,0.00034741543751799997,False
34.62160163947863,76.96820387062034,0.0476539402413,False
34.614934455864194,76.97505215901694,0.00271581186804,False
34.624342435198876,76.72490293340967,0.0106029185283,False
34.62560962580081,76.72236334594206,0.000502104630327,False
34.587739357946234,76.73242158122746,0.00300847830978,False
34.58716120334754,76.76307424710816,0.0150866474483,False
34.59311003933266,76.78727417300976,0.004467184676,False
34.585918779656396,76.8073048673641,0.0168450469065,False
34.58677244878612,76.8131040185405,0.0928792712431,False
34.58085845222845,76.81263418977393,0.0120924834869,False
34.60660334139357,76.77783115059023,0.019154142311200002,False
34.60664671005774,76.77565439184407,0.0007255080647219999,False
34.60077686308651,76.77790290805063,0.0018777700682699999,False
34.59761544791322,76.77204516529974,0.0009466493023780001,False
34.597380917453584,76.77304999194438,0.00038245137514800003,False
34.59685576244999,76.74315236724176,0.0028877255122,False
34.59592069180686,76.76740578311673,0.0021003045846700002,False
34.59620975762111,76.77026639945215,0.00314443574323,False
34.594047861488704,76.75445437718047,0.0012091873606,False
34.59373946709638,76.75525221961864,0.000575149408632,False
34.59515159917881,76.76558615002392,0.000329007601614,False
34.5720518587781,76.77909981251483,0.0102055420917,False
34.567362300563886,76.81701880770935,0.042148314246299994,False
34.56792198135401,76.8220673025797,0.0021746284495499997,False
34.567666603926526,76.82241783276301,0.0005934654309,False
34.57213932692329,76.81443749323576,0.0154040165383,False
34.573235740214656,76.81797489653546,0.000871374889653,False
34.57386300358855,76.81702029620062,0.000971712531698,False
34.56592983318924,76.82607139011697,0.0025140043706400003,False
34.565402719970166,76.82468363498703,0.000725385932664,False
34.56691993413039,76.83212033561902,0.000629421326385,False
34.56743670448118,76.83189099674865,0.000520140240702,False
34.570257543365464,76.82968194248025,0.0031190339927400002,False
34.560937792630625,76.84884739972482,0.0444489110226,False
34.56276278204519,76.85243565557161,0.00119278860465,False
34.562100492733656,76.85239844713517,0.0008256784516809999,False
34.557064009611224,76.8425123993928,0.00253541709743,False
34.548203618204795,76.87198985726218,0.0035475331873300003,False
35.30314949128673,76.05120662146903,0.0284355584964,False
35.35737201120058,76.00352019420444,0.040823834143799996,False
35.29805627140102,76.04525700520206,0.00151035930882,False
35.29894496858069,76.04678771351844,0.000394415328661,False
35.302598544979006,76.08396250689373,0.00057365954017,False
35.303806459798764,76.08388299270054,0.00471915391062,False
35.294562801853566,76.09088740615132,0.00926701707272,False
35.294795517640864,76.09452452917965,0.00154181979727,False
35.29326451536014,76.09545366302186,0.000487873890343,False
35.18699574075697,76.15602675442247,0.0006432101319959999,False
35.18640051010929,76.1631972824599,0.000135445416676,False
35.186468357492465,76.16218753901943,0.0019753875481,False
35.184614644608594,76.16346560321567,0.00177851892557,False
35.10764547265573,76.19797687904818,0.0005404575909080001,False
35.102586344051325,76.19913197657,0.004214663195649999,False
35.08925416094192,76.16880880080404,0.000218145693376,False
35.06476517051993,76.22070142266622,0.00201750747438,False
35.05940240432759,76.20342055425455,0.000664457436678,False
35.087294467411766,76.28338050447626,0.000349218412033,False
35.08645814812732,76.2825873485712,0.0008991488588019999,False
35.09682635196894,76.27347845670171,0.000465950203022,False
35.09689826054406,76.27571205372666,0.000643904922487,False
35.096438564390475,76.27515553086945,0.000317960692509,False
35.0965347199319,76.27746764319264,0.00127842294869,False
35.09865004600702,76.2872966241611,0.00850579624146,False
35.103243160088255,76.29106171802307,0.00400366500438,False
35.083909878276344,76.36160163548098,0.00101268701976,False
35.0884756003461,76.36206030204423,0.00399005618148,False
35.073035964859926,76.38094679702111,0.0237795864243,False
35.01275673970495,76.35857832151002,0.00248243381486,False
34.98256611170008,76.37819261576053,0.00119334928758,False
34.98332045200168,76.37467305993736,0.00030672581609999996,False
34.98287238502073,76.37456820162846,0.0006339268036969999,False
34.81170641780905,76.35180155703259,0.0284465948118,False
34.810353672917984,76.33381244616706,0.00121993817206,False
34.809940913798506,76.3322669198371,0.00190402022367,False
34.80975344034751,76.3309473901394,0.006200404588940001,False
34.80983006520878,76.32969767035205,0.0034239088945799997,False
34.81222321833902,76.3256415442461,0.00112945406093,False
34.812962038566866,76.31731985045546,0.0008191594390320001,False
34.81335170310731,76.31478140306082,0.0012528646820900002,False
34.81494604776355,76.31509788917198,0.000167901302217,False
34.815796856013854,76.3150080512413,0.0033260960010600004,False
34.82209120753562,76.3125998083903,0.0145448846232,False
34.83043082668602,76.31001513244219,0.0152175316365,False
34.821022303670865,76.3263269320064,0.0239652358446,False
34.816791877884754,76.32845500503572,0.0369015414285,False
34.831026835264666,76.35785707699318,0.0190902605611,False
34.83333393427723,76.35169023363173,0.093844065491,False
34.858808762480486,76.3508362167643,0.0236702394155,False
34.85237848216468,76.34779881354169,0.000534799625997,False
34.85103562727525,76.34539499406533,0.00019592379253600002,False
34.85497434237825,76.35044505689498,0.0252751169858,False
34.85400806009136,76.36759778558567,0.12987496562099998,True
34.85692078016294,76.37368807482241,0.0208223251886,False
34.852708593214004,76.37276638464586,0.0153447363621,False
34.7669782868575,76.34361542949296,0.00505657388869,False
35.50017153012253,76.54213602464431,0.00211632756451,False
35.466549868912914,76.53282700079856,0.000466930651788,False
35.4648017117895,76.52919395279766,0.00140121356898,False
35.464045355801616,76.52998189237361,0.00256566874605,False
35.4636115246494,76.53028857785864,0.0013170677522599998,False
35.4632728778639,76.53066323943037,0.000956263239335,False
35.46276818970311,76.53112844530233,0.00181521794968,False
35.46152223035537,76.53194581853892,0.0007223069614349999,False
35.46068722367449,76.53273304170668,0.00113855784869,False
35.47510009246062,76.53103212531701,0.00052573437699,False
35.47174636069056,76.534052978924,0.00107961094859,False
35.47364470592607,76.53092104167524,0.000762349937923,False
35.47239776928729,76.53329353657327,0.000867358776654,False
35.47616411829895,76.5245709172703,0.0011783171742,False
35.46950280214562,76.52111511486933,0.0011791217567199998,False
35.468366578234814,76.5232770457671,0.00125472549176,False
35.46798689709744,76.5248097350688,0.00120968138966,False
35.467603781761376,76.52505291254165,0.000590664438918,False
35.495078342147494,76.62281626018186,0.000320480372499,False
35.496163792962655,76.62262878303738,0.000295839417989,False
35.49707295850787,76.62518042625989,0.000695285506541,False
35.49644320885685,76.6251917976253,0.000339103370288,False
35.49385348040221,76.62517233321347,0.000812613010133,False
35.49234710323329,76.62466889746403,0.000397906381133,False
35.492010683470944,76.62646126218611,0.000570678354109,False
35.47133398233645,76.63410794654781,0.00127669866959,False
35.471301999200186,76.63323190090885,0.0008080284314210001,False
35.47023140480485,76.6340334960478,0.0005728656568049999,False
35.469614070254316,76.63319658418611,0.00035061780984400003,False
35.468922049236006,76.63929597081311,0.000845514783298,False
35.44625007367548,76.66151160355919,0.0007647924671010001,False
35.439310399575916,76.66909803383489,0.0007036773286249999,False
35.42905953838647,76.65721514084998,0.00114202962575,False
35.429075461776314,76.65654509176643,0.0006963542854099999,False
35.42323465326236,76.65992079985696,0.0023083299513699997,False
35.42410851716658,76.6466774588608,0.0012597026488500001,False
35.422652746176226,76.64622635491043,0.00145413569269,False
35.389019799241346,76.64775169343083,0.00435236333153,False
35.41887049415618,76.64088532327224,0.0005041128722839999,False
35.432985374480644,76.64942418175096,0.00155833079383,False
35.433689373692815,76.65018696551678,0.000260994177713,False
35.39369700356824,76.76040778239424,0.000700887326592,False
35.38440370934837,76.7595611545718,0.00195746002392,False
35.32458325878884,76.8143776909692,0.00784338611424,False
35.325294485323084,76.81141420521806,0.0066687571284599996,False
35.32704506923134,76.80046313981283,0.00105027773653,False
35.309999855922705,76.8897465491881,0.000464967915313,False
35.311179475982755,76.88966353850137,0.000522620696416,False
35.27890894005383,76.88413930790064,0.0027796964202,False
35.276649498607895,76.88108139009047,0.0010909801027,False
35.27328049160445,76.87976244562502,0.000695881914837,False
35.232867640599885,76.85559220640789,0.00132560833906,False
35.23225802771331,76.85496649867483,0.00045803812063300003,False
35.236290766061586,76.86161040423178,0.000756048396356,False
35.23973292465386,76.86374470498993,0.0010658199833399999,False
35.21490633016938,76.91605686975308,0.00171161207294,False
35.21651704156417,76.91167528610963,0.0015462268190100002,False
35.218561955304686,76.91467535548023,0.0010095979735800001,False
35.21585958240044,76.92574676136262,0.000980939875119,False
35.2183497564455,76.90832958676238,0.000762211816598,False
35.245235476468984,76.87163519601216,0.00335147044671,False
35.23951182268434,76.87548275792513,0.000937221697167,False
35.24979101771995,76.87080639269831,0.00168739117087,False
35.25928059374809,76.87797990869682,0.00164272703478,False
35.2504756076493,76.88108230864272,0.0023358762933,False
35.25695909784106,76.88343569209734,0.00222570979825,False
35.25892862142219,76.8821536915051,0.000634417861541,False
35.36445264522558,76.54256109942473,0.0183836723742,False
34.507205476351125,77.03280934859256,0.07482676432289999,False
34.51197350094627,77.037568059049,0.00373370709653,False
34.513629735356055,77.02729236074642,0.0016091261685399999,False
34.51187403304144,77.04534215836958,0.000684540378293,False
34.513563212217626,77.04432137360932,0.00371029707972,False
34.542635570292504,77.04917542922128,0.0325125117803,False
34.509439942538,76.9708717890046,0.0228654665563,False
34.50858963094431,76.97939948809011,0.0014082116041,False
34.50772845437859,76.96808182569313,0.000560038391076,False
34.50914903036035,76.9946915319636,0.000461812169785,False
34.51119648173597,76.99672318054823,0.0011240107163499999,False
34.52671549186183,76.98335410975528,0.00118770668389,False
34.526267232402965,76.98422641176704,0.00116108683893,False
34.52983650186551,76.9779863082171,0.000559790778595,False
34.53404052880807,76.9730352090098,0.00115598343226,False
34.528273440471196,77.00883192521444,0.0032186238902599997,False
34.52805257924914,77.00795749434545,0.0007457699594949999,False
34.52900424592603,77.01083062226256,0.00032655942358,False
34.55047919381535,76.95139517384654,0.0108263779815,False
34.54101494982184,76.95345565094928,0.005867495383929999,False
34.53226730795303,76.95048287216883,0.0209546143265,False
34.527353072811366,76.94148012254614,0.00254512411708,False
34.559297549826944,76.92469599413101,0.0119973239799,False
34.56228527695159,76.91629300739628,0.0594319648221,False
34.559134019468104,76.87678739914026,0.00987172733852,False
34.52946416459163,76.83279842905817,0.024782570913,False
34.533591772190746,76.8230426689405,0.0178572703124,False
34.54053949599778,76.8652787631378,0.0023722796107700003,False
34.54423595745838,76.83433359280428,0.00045557660623800003,False
34.542458413055705,76.83465617321181,0.028776377409,False
34.54291320193447,76.83650392289537,0.000493749753891,False
34.722361412852415,77.03436238039802,0.0029166728322200003,False
34.828393541935526,77.08802231012952,0.009332177249320001,False
35.00727851223746,76.66889498906991,0.0206569397959,False
34.952637057256986,77.05864501137977,0.000888218226814,False
34.95542965930951,77.06188257521909,0.00374788069345,False
34.95541123157292,77.05976745207415,0.0024965392705,False
34.96226796875943,77.05313800332205,0.0045399388941799994,False
34.967343939671615,77.05350528217805,0.0124642150509,False
34.96881557891345,77.05738808720594,0.00257720663092,False
34.971296907791626,77.05717694892189,0.00579827735281,False
34.97531575823838,77.05242768131532,0.000598677347352,False
34.97690761225572,77.04970159086554,0.000896060679646,False
34.97669900225349,77.04858012985063,0.000649223541419,False
34.97758392978939,77.04823396944494,0.00177895941445,False
34.97929579925646,77.04751904701774,0.000353084722001,False
34.98127877093421,77.04714561196671,0.000867181256672,False
34.982780743154024,77.04950848106013,0.0015161162319,False
34.98453448554527,77.04876107727453,0.000868494400298,False
34.99555191192794,77.05202473195313,0.0029765941618100002,False
34.99468720100778,77.05168289899275,0.000426187358486,False
34.99415303993636,77.04966566278765,0.00019391258701199999,False
34.99965423698399,77.04902984935126,0.00235051366421,False
35.0033151699788,77.05339999580667,0.0005156827538,False
35.00338680390142,77.05234652343465,0.000291284249605,False
35.003738155184,77.05319476814729,0.00447575346134,False
35.01957388227121,77.04666040030307,0.00193447758399,False
35.026372233083485,77.05640571425472,0.000601383080692,False
35.016432400368956,77.11470177231375,0.0012429136682200002,False
35.01661461491924,77.11367005339005,0.0011611656632900002,False
35.013618338369504,77.11203800071007,0.00026811698485800005,False
35.010758106933835,77.11246363209652,0.00209113299918,False
35.011485036716245,77.11120431149179,0.000187153284029,False
35.01032630790845,77.11138756221482,0.000336458399051,False
35.010243766287324,77.10996393409798,0.00018343357035400002,False
35.00920573179519,77.11132481871152,0.00059394606763,False
35.00809585978328,77.11030756110952,0.00048740682873200003,False
35.00648747208152,77.10979924102122,0.000517194464864,False
35.00500008992254,77.10986886550896,0.00235355697091,False
35.00489360884274,77.10880943239708,0.000747089741399,False
35.00342484725171,77.10855977713119,0.00161962525858,False
35.00404930432156,77.10908896053905,0.000446069164369,False
35.00108006626625,77.10713465411781,0.00400572225491,False
35.03637636911564,77.17698845359563,0.00232351579502,False
35.048437138612364,77.14817957341346,0.00316021342349,False
35.04932328339467,77.15360207491854,0.00270867605541,False
35.12639871877212,77.16954320966398,0.004759002247,False
35.11756849562304,77.16396952690944,0.0007608619995489999,False
35.11848375483363,77.16222428295904,0.00195449879093,False
35.12500571101666,77.16677490846797,0.00268642077552,False
35.12282920957366,77.16339142911232,0.0017953063693900001,False
35.12773938777984,77.1722528167023,0.00153912049653,False
35.1282606220324,77.17263102594754,0.000696404711693,False
35.12857389006677,77.16970613991013,0.000704107323426,False
35.116064300917195,77.15801985067114,0.000792828689424,False
35.11387509502565,77.1592090749656,0.00032426185041500003,False
35.07637342631841,77.06204843679055,0.00737214100401,False
35.07507077635254,77.06183208985695,0.000249227972924,False
35.07524792613649,77.06091731809782,9.71864309808e-05,False
35.07590715877204,77.05992284147126,0.00032943464142599996,False
35.072147841608675,77.05668729189328,0.000271076251328,False
35.072813807742705,77.05536035122977,0.00031328698333699996,False
35.097093127134656,77.0345862696525,0.0006523020037569999,False
35.11245849430449,77.02558252496488,0.00377670422647,False
35.11223090792328,77.02384580194017,0.00108926419159,False
35.111723606814614,77.02095328006142,0.0017513594580399999,False
35.11395950402522,77.022292752735,0.000381884976689,False
35.11377838039696,77.02509669170274,0.000715490918252,False
35.11444637598662,77.02388212640147,0.000936346638497,False
35.11665437424965,77.01964906946652,0.0006448834927939999,False
35.11900767140824,77.01975249062092,0.0054009110917,False
35.12463258752116,77.0054326322054,0.0008162893360130001,False
35.12307924384716,77.01001770246728,0.00470633981506,False
35.12125286665415,77.01106688816948,0.00183728054847,False
35.121201060829414,77.00766251303402,0.00159977986152,False
35.128198331395396,77.00508090729917,0.00879341276443,False
35.128291447971286,77.00573889646776,0.00062350521514,False
35.12354612454592,77.01732856989102,0.0015384870239300002,False
35.120856428480934,77.02065797125772,0.000575227112636,False
35.118677602243075,77.01514800693008,0.0006029494663829999,False
35.124188875294635,77.01054053656344,0.00139505779574,False
35.123979439101454,77.01164223429446,0.0017663028755600001,False
35.12536494139958,77.00914624391544,0.0012756006255699999,False
35.12922929536167,76.9943997598083,0.000679743431717,False
35.232463943919335,77.06323549898458,0.000861581731888,False
35.2335572107725,77.08398341970201,0.000602163981314,False
35.23827707123649,77.10534881331297,0.0006161814376449999,False
35.239224688601816,77.11125949383052,0.000885337910348,False
35.24207158197975,77.11376434980737,0.000599852931912,False
35.24110078553392,77.1129530755982,0.000227951610985,False
35.24200974379699,77.11132310784431,0.000240421944377,False
35.24213754193643,77.11198356370376,0.000206075706661,False
35.243375721385824,77.11179299800773,0.00033061301790499997,False
35.2442666214675,77.11920360272374,0.0067169464026699995,False
35.24551952363672,77.13495331985418,0.00111613612107,False
35.24185245318938,77.13647062094806,0.00106582130623,False
35.24118162363428,77.13422385647982,0.0035595151081,False
35.24613585015795,77.14868485657973,0.0034924265450900003,False
35.24399911237834,77.14565413794801,0.00443850954764,False
35.23845893947834,77.16188599982796,0.0028125979834700003,False
35.25775503994835,77.16642845879451,0.00104071846436,False
35.256642270867054,77.16501880284162,0.000443324865524,False
35.259753297673385,77.17100878104975,0.00114468530351,False
35.25214189034646,77.16210188996364,0.000908678203524,False
35.24964098304071,77.16059999008083,0.00102486703418,False
35.247912770409464,77.15930398325956,0.000128807994936,False
35.24698789420545,77.15959375305313,0.0006343828417360001,False
35.24618984039501,77.15754675672575,0.00132938758124,False
35.24502949228518,77.15780725965156,0.006856112409579999,False
35.245574988321245,77.16534924710334,0.0041696144303,False
35.24342179795302,77.16507120201464,0.00514829107915,False
35.24204381131417,77.15471020048801,0.0135016516153,False
35.24109835602461,77.15546742504507,0.00505185225818,False
35.24325434284216,77.14785150878564,0.00117565580102,False
35.240038541674146,77.15612622077599,0.0006280721847019999,False
35.23698052506202,77.15779048745921,0.00321990402998,False
35.229001862735714,77.15937495171598,0.000697642014139,False
35.235263360718264,77.15686810042484,0.00100456665744,False
35.2341010478536,77.1567773124742,0.00149278072769,False
35.23324275944643,77.15727100337361,0.0009145397352789999,False
35.23408969437905,77.16138176694024,0.000774251381306,False
35.23496323450034,77.16240929144936,0.000700465766,False
35.23343453405636,77.16058106723791,0.0004896110261829999,False
35.23349567459413,77.16139317876973,0.000551075145624,False
35.220219772395126,77.1607491893275,0.00295594643128,False
35.22217630723373,77.16027818483875,0.0007532034833689999,False
35.220025463572874,77.16005907650042,0.00020563832284700001,False
35.21315664572015,77.18118181760508,0.0008984653116550001,False
35.21115355332104,77.17908259110838,0.000848587880654,False
35.21259471338438,77.17615390161498,0.000973572465044,False
35.21405225617019,77.17544401808003,0.0016078656406,False
35.213709135716854,77.17053532099014,0.00108894849741,False
35.21555141462419,77.16928960936387,0.0010819394021200001,False
35.21522154378824,77.16558497271065,0.000330377556917,False
35.25500194222572,77.19599839447345,0.0014093339313300001,False
35.27601015669128,77.19904014735711,0.00247630303283,False
35.26279934018992,76.95157614589338,0.0128534104261,False
35.203270195207715,77.03459771706581,0.000975166607243,False
35.202487707930466,77.03261514649066,0.000370884132496,False
35.20312143859889,77.02750673698098,0.00042604767611199997,False
35.19361112552073,77.06429078154248,0.00046815466504199996,False
34.83113996266298,76.7506574209007,0.00502332156688,False
34.83203159174752,76.75143535030175,0.00273493688613,False
34.83324287821046,76.75640614101171,0.00766018418468,False
34.834890730019005,76.7577259131591,0.0038516503379300003,False
34.75069250997649,76.73301177792798,0.00165631075199,False
34.60018439034331,76.83801900582878,0.000919467308263,False
34.59992346193273,76.83708821586933,0.0059561854809099994,False
34.62195589342134,76.81437046975238,0.00137900210569,False
34.62240392415667,76.8161252323881,0.00018255528679099998,False
34.618854267935774,76.81290283504595,0.0442777768171,False
34.62358202128196,76.77346506405915,0.00301607756224,False
34.622161677795674,76.7694348703138,0.00152090495448,False
34.620616726317365,76.77035931647715,0.00654444879175,False
34.757182781472736,76.82611045667971,0.011729520773199999,False
34.93143809520851,76.39909437048937,0.0018658645730000002,False
34.96487366369158,76.40273729405027,0.0009564369228419999,False
35.72082333156221,76.37281332861147,0.389057877798,True
35.7588098704738,76.42837661480596,0.0102007772004,False
35.749312064701186,76.47547179008646,0.00345610254219,False
35.749006422376326,76.4717743065555,0.000953717029936,False
35.74943949890808,76.47238060729623,0.00115742963147,False
35.74034973491643,76.46684835576515,0.00451501591663,False
35.74123136073696,76.46504123181275,0.0018735220229599999,False
35.739520364395204,76.46961441654337,0.00207080710386,False
35.7404478168042,76.46169446904932,0.00337441216853,False
35.740736493614044,76.46033888098498,0.0019254143898,False
35.73871663512239,76.45886797455114,0.00336944640221,False
35.738208538145514,76.4649191300958,0.0012911252291799998,False
35.740590256734194,76.46246024134933,0.00193453971138,False
35.73695814607848,76.4668327320339,0.00331597458864,False
35.729488629397046,76.4651269959817,0.0007157538422269999,False
35.73553304250097,76.46264624183945,0.0030319109700600003,False
35.7356794860532,76.4606152279337,0.000742462865384,False
35.73770854066169,76.46486145546757,0.00234900618113,False
35.7329141529701,76.46011422009379,0.00113214221613,False
35.73715243995289,76.46942801567789,0.0008592730002309999,False
35.73074051504304,76.46639300743198,0.0007580903609360001,False
35.73063139834483,76.46674214812805,0.000968143098019,False
35.72908698067745,76.46233955948942,0.000570864839875,False
35.741796596340876,76.46191137175562,0.00181238962672,False
35.74759557482933,76.45196329524332,0.0011818668148899998,False
35.74511471566352,76.45210952507695,0.000741003814341,False
35.74382403164391,76.45427185534798,0.00150889060194,False
35.74414837722745,76.45201656452868,0.00118691034864,False
35.7409735002404,76.45476534734676,0.00309951917021,False
35.74028114632333,76.45478121349835,0.00158058207505,False
35.73875147625468,76.45269832819235,0.00121439147838,False
35.742855014431726,76.44921834052887,0.00142664277741,False
35.7360518151967,76.45428224222267,0.0027719083341999997,False
35.73418877846733,76.44909394062054,0.00108230636159,False
35.729002309628605,76.454540192745,0.00180519956812,False
35.73345906759598,76.44897493038873,0.00136338829107,False
35.72585560376151,76.45000023821284,0.000986365214337,False
35.72702982901567,76.44623794655541,0.0034227636367,False
35.73553928059592,76.44677541776336,0.004452311902249999,False
35.74566755165676,76.43737867303741,0.0036208950842,False
35.74392488325168,76.44281552027859,0.00135527597854,False
35.74418072344667,76.44162386397268,0.000957945999175,False
35.74236441195187,76.44657641137528,0.00249432206775,False
35.742427634668886,76.43662273184503,0.00187528200867,False
35.741879380466344,76.43721243239081,0.00120760040142,False
35.742352389580276,76.43774764204001,0.000570402824171,False
35.73612735762746,76.44547773597458,0.00398571377469,False
35.73665309924755,76.44418401968595,0.0007694233770659999,False
35.73657903987631,76.44377010273136,0.000509720151176,False
35.73673592273499,76.4397352951013,0.00174034803352,False
35.7372934990221,76.43924441236425,0.00117990899731,False
35.73734914047136,76.43973616487018,0.0008118067903129999,False
35.73919231471643,76.43706493969873,0.00482601534365,False
35.74850641071396,76.43734582009898,0.00191794075268,False
35.747285856813015,76.43962142120142,0.0025397127266699997,False
35.74564531937316,76.4465835972165,0.00227213571292,False
35.75026733856715,76.43201342822276,0.00394096888564,False
35.751169776019324,76.43520174611677,0.000994740715304,False
35.747279010001606,76.43593828405743,0.00406742401215,False
35.740789728154624,76.43310326435933,0.00523415828996,False
35.74159875829054,76.42894923384078,0.00295867301665,False
35.7422874352443,76.4289596488113,0.0025428224272799997,False
35.75333937535758,76.41625208770579,0.000861318871199,False
35.75283870134079,76.41612907120712,0.000769097889181,False
35.752440942197204,76.42014023990177,0.000876158247044,False
35.751897525860386,76.4198907489742,0.000966871103149,False
35.751705574025465,76.41809761398282,0.00178574258693,False
35.751000932440405,76.4172408088496,0.0021939294653,False
35.75007192327173,76.41614244540429,0.00362416362235,False
35.749465883926064,76.42210755382962,0.0032946217575599997,False
35.75017553371782,76.42248302286471,0.000905776863833,False
35.75017640655568,76.42086052302025,0.0015895170462000001,False
35.75176237371749,76.42169420821435,0.000861232342474,False
35.74181307431236,76.42002331930685,0.00878806037882,False
35.74687228975695,76.41515289068951,0.00114306206228,False
35.752349057920675,76.41599034802839,0.000904103833463,False
35.7426370948766,76.41757886125504,0.00348258052516,False
35.74281008035385,76.41724952540544,0.0012941947030799998,False
35.74179193786373,76.4173180803603,0.0016619826718899998,False
35.74156110957396,76.41613038421053,0.00178881318266,False
35.73731584501548,76.41648218147756,0.000912849986663,False
35.7351596561007,76.42000583279452,0.00180823358678,False
35.73578028954371,76.41972259057182,0.000645440065868,False
35.758106912865784,76.41778546865008,0.00519448975132,False
35.757404881632745,76.42049306517136,0.00135492571627,False
35.75761199602438,76.42347356058951,0.000809310824817,False
35.75672604580772,76.42284288248302,0.000930501659765,False
35.75948090039144,76.42330870154095,0.0024624821289299997,False
35.757188001689485,76.41700421752037,0.00139203372261,False
35.75806986152426,76.41639263661627,0.000885444080869,False
35.75511036992759,76.41425535109751,0.0009682558862769999,False
35.754700693477254,76.41465434026124,0.00198301514638,False
35.75341221383835,76.41454120610565,0.00285629415132,False
35.75372085070067,76.41400226835457,0.000729471212607,False
35.75202366321786,76.41428069602601,0.00540183238934,False
35.74985767687395,76.4127283977464,0.00159070382367,False
35.75035815982344,76.41088792849045,0.0052931618576199995,False
35.75019483562492,76.4021952766277,0.00222605729587,False
35.75026395491961,76.40393557892871,0.0024015371680700002,False
35.74932471205198,76.40366894387338,0.00344980691681,False
35.749294032739535,76.41009605589163,0.00151329718241,False
35.74810791728444,76.40694715257122,0.00109599622432,False
35.747532942654004,76.40515842760202,0.0015651289956900001,False
35.747649843654685,76.40415912455109,0.00171824548452,False
35.74748012458367,76.40234653228035,0.0005205035643019999,False
35.74817817380499,76.40268723149931,0.00108075797742,False
35.750082494767014,76.40849594908993,0.0023050860362399997,False
35.74503357728297,76.41414491164868,0.0008627030934429999,False
35.74495629461702,76.41185219434196,0.000703572713675,False
35.746212987155545,76.40943337702438,0.00165340745101,False
35.746005456012895,76.40903417903533,0.000498250607242,False
35.74640176733159,76.40895342943351,0.000517109100186,False
35.745081289376216,76.40653195878471,0.00274338802278,False
35.74469282270738,76.40606984643308,0.00034018530558499997,False
35.74628871229084,76.41327072491531,0.00044155441650599997,False
35.74503754097445,76.41335084226496,0.000641318983419,False
35.74563353185889,76.40767116586463,0.00038429994842500005,False
35.745839889744744,76.40804716801385,0.000386933089537,False
35.74459894039581,76.404975545575,0.000800449102489,False
35.75116628469245,76.3888785730819,0.00468081185815,False
35.746782968268434,76.39845297441205,0.0020442474144299998,False
35.746833942524326,76.39748054153732,0.0038676166667000003,False
35.74714289818558,76.39683969248114,0.00187298267429,False
35.74612969250593,76.39186693999189,0.0058150496045,False
35.745845100454844,76.38875374142874,0.00463393615727,False
35.74465953005172,76.38848348657505,0.00215789841836,False
35.744748373589175,76.38911882872664,0.00144099625582,False
35.74622611799824,76.38560888538325,0.00364042724176,False
35.74682501107943,76.38475107115576,0.00201351940846,False
35.74285865951872,76.39113380266036,0.0066575005501499996,False
35.744889189011985,76.39082817285777,0.00624666681633,False
35.74839427363478,76.39929221704327,0.000482998432736,False
35.74653431327098,76.39933338684763,0.00187818815012,False
35.74240063895605,76.3980429614968,0.00236151370597,False
35.742103285288344,76.39625404845049,0.000668975485231,False
35.742404133645564,76.39569613843135,0.000582808913099,False
35.741760221869214,76.39585689025137,0.000463864490532,False
35.74324554447589,76.39991715102806,0.000976542701934,False
35.74263885635237,76.4001541076218,0.0007564427053330001,False
35.737777497865835,76.39788445259673,0.00293347334382,False
35.72778849730081,76.39503455046551,0.00330068065741,False
35.72715732095792,76.39221410529407,0.0030185370898500002,False
35.7263711087789,76.3919038472837,0.00425877100619,False
35.7269886083302,76.39055151491465,0.000531807496174,False
35.72612689837354,76.3882132298609,0.000724120007146,False
35.72578202352774,76.3848359243648,0.00072549546739,False
35.72500310356559,76.38990510072027,0.00162771130521,False
35.72467414380518,76.38909449398886,0.0013990802208,False
35.72409145902729,76.38648042648643,0.00459897435086,False
35.72306980217702,76.3887966771853,0.000998698896243,False
35.722328875739606,76.38852882836893,0.0009042603000100001,False
35.72639152589973,76.398615278086,0.019373330498800002,False
35.735140734496404,76.39100466144917,0.00301644973263,False
35.73322694059714,76.39540246602945,0.000934825091047,False
35.74397279762132,76.38300293017433,0.00345655353178,False
35.74411379265931,76.38249723218546,0.000626819093415,False
35.74306487120822,76.38225453672126,0.00529192288566,False
35.74509718005601,76.37980078636048,0.00125297086864,False
35.74440075391688,76.37874586219306,0.0029417867148300004,False
35.7323665622907,76.3819651019817,0.00312657152818,False
35.731541795594254,76.37677021661491,0.00124034650356,False
35.73137330996347,76.37083557365175,0.0059448806002900005,False
35.73838873555284,76.37872862231804,0.00153431131861,False
35.73814673643023,76.37699653979634,0.00258018508768,False
35.73765609011345,76.37615176743662,0.00124449582932,False
35.73880746055453,76.37596511675603,0.00156163288569,False
35.73826553971945,76.37545553125652,0.0015666491047500002,False
35.73882875568891,76.37380410254798,0.00101326721069,False
35.7384595312786,76.37279116392844,0.000977017704241,False
35.738550282418764,76.37165816309016,0.0016874173039699999,False
35.73798191161664,76.37131670926793,0.00131847325518,False
35.74109199233082,76.37541562414334,0.00663520245343,False
35.74109830725673,76.3731040007996,0.00166551765073,False
35.74113702022513,76.37131713368011,0.00388933643772,False
35.74244382644908,76.369105304827,0.000741881459573,False
35.743045183344485,76.36972889913577,0.00243176660066,False
35.74202336813043,76.36762725994176,0.00296506162822,False
35.74093308891589,76.366999518127,0.0019237889173700001,False
35.737962639189114,76.3683202398892,0.0043161692815899995,False
35.73751134227824,76.36708420699469,0.00179361094046,False
35.740277210858956,76.37233401755367,0.0013691484092999999,False
35.742126482421384,76.3698148384889,0.00150103722767,False
35.742618755930195,76.37644680439506,0.0046551949467799995,False
35.742067281069765,76.37689086639591,0.000899685067618,False
35.74255768058205,76.37798895996004,0.0022038830158800002,False
35.743383024857586,76.3793649643535,0.00295623262323,False
35.74457420396909,76.37106831293015,0.0076545101621699994,False
35.7448181613901,76.37367242197986,0.00139570728246,False
35.74460120620332,76.37246578943457,0.00143868762922,False
35.727936318415686,76.36726543014608,0.00124976525224,False
35.72879115217337,76.3669050380087,0.00393686341719,False
35.729529711568446,76.36573762398808,0.0025375609922,False
35.73011442195784,76.36730613314963,0.00230314535897,False
35.73129141365309,76.36834510455019,0.00085098692021,False
35.73212307840982,76.36953378578168,0.000845772716558,False
35.74977225492724,76.36252620680449,0.010791040437600001,False
35.746317441335655,76.36263602977795,0.00184848176345,False
35.746357648017444,76.36161007771676,0.000640840578764,False
35.74425893304655,76.36549565759067,0.000569396166664,False
35.74239041425579,76.36518808994323,0.00246740943791,False
35.74340121909581,76.35835238549645,0.00109529660635,False
35.739936663893104,76.34884026122889,0.00127566958053,False
35.73869326972503,76.36232818206142,0.00339185557564,False
35.738805006812925,76.3633613429633,0.0011758003259,False
35.738652869108265,76.36398002207251,0.0018594467175,False
35.73839873138914,76.36558841272573,0.00264100375562,False
35.737705346450355,76.36459570800936,0.00133511222476,False
35.737399948131426,76.3658788329917,0.00126140375696,False
35.73499320732303,76.36591193073367,0.00112419510844,False
35.73313887115219,76.36434752788983,0.0016861282101500001,False
35.73188761660029,76.36308135059107,0.00245956869852,False
35.729620545241126,76.3623144019144,0.00234050866545,False
35.72871529858399,76.36228930720422,0.00224381089925,False
35.728969060074675,76.36105113500146,0.000670661435676,False
35.727859767545894,76.36095861694953,0.00307447053142,False
35.727340325068745,76.36073941904291,0.00251326597466,False
35.727977842889715,76.35981656929667,0.00248430909345,False
35.727052650470846,76.36455607875689,0.0146745480057,False
35.727866677438726,76.36569934190763,0.0015986209140099999,False
35.728347936211065,76.36590405149815,0.00154982931311,False
35.73179934359203,76.35960538245605,0.005032653353949999,False
35.732386400302545,76.35833491815691,0.0016342763282,False
35.73300239024665,76.3575809750208,0.00251089056407,False
35.732004835003565,76.35514260434582,0.00224217912267,False
35.73346115901565,76.35976997507215,0.0024094456527,False
35.733138763485435,76.36030254957325,0.00157013081743,False
35.73808570205278,76.36264617663707,0.00159393751669,False
35.730023325084254,76.36024197117406,0.0024356341702700002,False
35.729878561387096,76.35905766058247,0.00183976783518,False
35.73072669614019,76.35826000533234,0.000552836997753,False
35.730955716107815,76.36259017815352,0.0009189047828190001,False
35.73100135605139,76.36292371873301,0.00108365283671,False
35.73042247792175,76.36238639242416,0.00102977848822,False
35.730121310131935,76.36268427269802,0.000563559681831,False
35.73454042637209,76.35024922861491,0.0010788383204100001,False
35.73483653756949,76.3490980685277,0.00315077707215,False
35.72462295943771,76.3519370144838,0.0018556938770500002,False
35.75121120933939,76.33841474180035,0.0010999166018799999,False
35.751389714257506,76.34009527464137,0.000716818941302,False
35.752089214450706,76.33630415428702,0.00078746238984,False
35.74548774979613,76.3441503182807,0.00159797700961,False
35.744578191310566,76.34380166166872,0.00206199734618,False
35.74464819619286,76.34180200268536,0.00944978355762,False
35.74503522423382,76.33815202691677,0.0012740265737,False
35.74544649649191,76.3393049677719,0.0010112135496,False
35.74608957075832,76.33986914580106,0.000961782661415,False
35.74556060729689,76.33673463325601,0.0016423453935699999,False
35.746375200976246,76.33626841687594,0.00187894109125,False
35.74580573783491,76.3354591424441,0.000629846189159,False
35.745544535284886,76.33482909748128,0.000898763881991,False
35.73623867390402,76.34871299396985,0.0037825443604400004,False
35.735628479519306,76.34653339004711,0.000884535102437,False
35.73611938360504,76.34502962357638,0.0013368803905300002,False
35.736599586477034,76.34314815902171,0.000809827842885,False
35.73707493517098,76.34237920260662,0.0011193048029399999,False
35.7378837439115,76.33266212555652,0.00442198897752,False
35.73336254199646,76.34677335780347,0.000716503704896,False
35.73476348657151,76.34605221272379,0.00141096858142,False
35.72862298405994,76.33950931236649,0.00326072633358,False
35.72987315531463,76.33160107679365,0.010056368697,False
35.751661298193675,76.32947436279447,0.0015843967884900001,False
35.75174579782876,76.3289932368472,0.000474605320056,False
35.7526566569521,76.32690588999944,0.00258551179427,False
35.75028666414178,76.32725703938364,0.000482194386587,False
35.749092149666765,76.32398920466996,0.005389728397040001,False
35.74850150306981,76.32330422941,0.00132055815302,False
35.74618143439639,76.3249331577704,0.00205762834412,False
35.74713734622255,76.32516708757792,0.0010878459566199998,False
35.747058652784425,76.32562933620352,0.000624643415903,False
35.74672017475421,76.32108180077375,0.000499058488453,False
35.746388951395,76.3187607299727,0.010311167703,False
35.74439750426061,76.328037197391,0.00143626696027,False
35.74743914174786,76.33037357105489,0.00114096581304,False
35.74601353293404,76.3299805238849,0.000555272112175,False
35.73667505168541,76.3267273737253,0.000728304844735,False
35.72920590915753,76.32959616123388,0.00095975555739,False
35.72872252306199,76.32842750641133,0.00192678851577,False
35.72947063623101,76.32753262715244,0.00380101851316,False
35.729306688046854,76.32614997707219,0.000673795472638,False
35.726422737522924,76.31090052057412,0.00041726122122,False
35.726346140414904,76.31028743442339,0.0005907588253530001,False
35.7277453859178,76.30997835520589,0.000957109689401,False
35.753346574441565,76.32336608495035,0.0436386587602,False
35.75080857073754,76.32486306018306,0.00136443663687,False
35.750508428945956,76.32282439818827,0.00249622969665,False
35.75048067295175,76.32215645774589,0.000447851577585,False
35.75046781238768,76.32159952049928,0.00058213091538,False
35.749518032819886,76.32243173596243,0.00059991007083,False
35.746573518671404,76.31313873371984,0.004199886424930001,False
35.746913213270695,76.31085126552057,0.00510293949527,False
35.747091634093685,76.30664219771563,0.00347855185683,False
35.750075352499,76.3180507364666,0.0010374376083899998,False
35.749603505533656,76.31587291766104,0.0013952505710699999,False
35.750264767272874,76.31495438421385,0.000513267393414,False
35.749972367923505,76.31400238952598,0.0008882898188530001,False
35.749180478538534,76.31274594754767,0.0006103223024290001,False
35.748891004815285,76.31317220925722,0.0006782118610810001,False
35.748820040228004,76.31170152232538,0.00045511241230199997,False
35.748515491109615,76.3105825229423,0.000940864034499,False
35.750462978814,76.30669213112269,0.0031441633896100002,False
35.75233842753552,76.30968208467,0.000504325241175,False
35.74375422644603,76.31265148388125,0.0012842949523299999,False
35.746025945236994,76.3129175630347,0.000496790165854,False
35.745724350166114,76.31268867897651,0.0008618445924280001,False
35.744059685724444,76.31668581399471,0.000545314596703,False
35.74381610445582,76.31895676113143,0.0006837024203780001,False
35.7362968712375,76.31557156903737,0.0011738045725500001,False
35.73767519203744,76.32080534925205,0.0007796190855150001,False
35.73937792392982,76.31559348312689,0.000299528781048,False
35.73813065380624,76.31485362120951,0.000858745683137,False
35.738513039537715,76.30947620924438,0.00165864676653,False
35.740118956385935,76.3059391451909,0.00253246260427,False
35.73368216400069,76.30866781127742,0.000382499076297,False
35.7285392332454,76.3068646678873,0.00125631511153,False
35.72925377921495,76.30650171705301,0.00021092787527799998,False
35.72361980276995,76.31189479999637,0.00196272143669,False
35.723633299607634,76.31108057995975,0.00045832881042799997,False
35.72179356780155,76.3119579864145,0.0024917751077900003,False
35.71672072695509,76.3139655862617,0.000687632757209,False
35.710331295944414,76.31684973604534,0.00151437057913,False
35.710422427633645,76.3151496046516,0.000444732025564,False
35.710978149991085,76.315066690027,0.0010385632003099999,False
35.75133681330855,76.30580200020391,0.0152742859188,False
35.75097022853241,76.30255325946086,0.000642727845787,False
35.748599878464965,76.30535733412987,0.00038205312522499995,False
35.74806793708182,76.30554491213566,0.000360498306998,False
35.74880029719731,76.30319210847165,0.00063942719021,False
35.74766157535118,76.30161791558703,0.000610213626052,False
35.746781756532144,76.30276814113499,0.00174425597387,False
35.74597097020542,76.29954933391531,0.000460519867513,False
35.74633562958057,76.29728543865055,0.000469378228378,False
35.746293460713765,76.296666043389,0.000682509923163,False
35.745755020404125,76.2932064140307,0.0027491913311899997,False
35.74650083382426,76.2928859907993,0.00048331011934700003,False
35.74438293088311,76.2958758296805,0.000370145589538,False
35.73991575964237,76.30258370481936,0.00780972577511,False
35.74036452766698,76.29888827464097,0.000911554520993,False
35.740594482881356,76.29948109428862,0.00575379044875,False
35.73911980497477,76.29833560472643,0.000544966396239,False
35.73821671979711,76.29780871795158,0.000501552040925,False
35.73897684011134,76.29460644306006,0.00224298080234,False
35.73791190149047,76.29424973160808,0.00109607376268,False
35.737290785945795,76.29499948168849,0.000887504124317,False
35.73836916912387,76.29227522379422,0.000456664541059,False
35.73749787202715,76.28791501027597,0.000545002665198,False
35.73574134028004,76.28855705205778,0.00108060870691,False
35.733962234719705,76.28630689410143,0.0016201077264600002,False
35.735292441254245,76.2821567134296,0.00181956717166,False
35.72736888513581,76.28108544826213,0.031023067349600003,False
35.726348211516495,76.27926981352712,0.00175912007674,False
35.73694138784059,76.30404393304113,0.000827372286661,False
35.743795465965796,76.3048046543065,0.000603270849294,False
35.748516250068256,76.29102113088548,0.00105548449485,False
35.7472385321155,76.28938102183625,0.000405672553194,False
35.747070131429496,76.28412103375257,0.0027401193345299997,False
35.743619796145914,76.28649596797217,0.000719212233092,False
35.74258156711034,76.28375675549304,0.000351721094931,False
35.737242880352646,76.28644407239683,0.00117453852215,False
35.73604886230605,76.28396409929341,0.000528067648403,False
35.73665088842071,76.2842162257493,0.000255270978334,False
35.73577749026009,76.28178869560443,0.000350225802724,False
35.749100234146724,76.28060329627093,0.000969866143236,False
35.74748299405012,76.28030037216058,0.00203873143688,False
35.74823786324873,76.27892185692399,0.00128146350551,False
35.746929386444464,76.27851628652893,0.00758858154087,False
35.748470239547586,76.27332874484736,0.0011390071185899998,False
35.74773782480279,76.2718554275206,0.0018921290984600001,False
35.74722200619624,76.27264377890779,0.00185289019336,False
35.74634780259494,76.27214060092486,0.000949884049117,False
35.74604432077071,76.27451251779252,0.00116091111684,False
35.745945735223415,76.2737269937521,0.00117062117276,False
35.74436255637678,76.27394864770996,0.00717187643206,False
35.74286062352157,76.27551105999653,0.0014317083049,False
35.742903313921246,76.2746408285565,0.0017415634878099999,False
35.74254537295264,76.27424556423999,0.00172311275359,False
35.7404746239113,76.27050333078517,0.00224323019745,False
35.739927936506305,76.27205681074909,0.00047347515654300003,False
35.738489390392694,76.27177678004219,0.00117309444147,False
35.738339984100215,76.26353061933875,0.00260346729881,False
35.74060842256005,76.26834502548019,0.000863802607472,False
35.74171267288584,76.26738132097786,0.00491023533996,False
35.74103285588596,76.2664630291705,0.00127050767477,False
35.74130053074324,76.2648894404688,0.00201415512156,False
35.743414437759974,76.26568648758602,0.00135246891886,False
35.744394548519466,76.26444547895649,0.000633154949694,False
35.744288007855296,76.26558730621306,0.000288047296242,False
35.745819709055866,76.26674788902311,0.000532485146747,False
35.74510355768839,76.277555917676,0.0017900876106000001,False
35.73554745845474,76.2737855461846,0.00918134976083,False
35.73214631050552,76.27015829434073,0.00238113082024,False
35.734232116487696,76.26818577356997,0.00124263719363,False
35.733050888679855,76.26501898743255,0.0012090005341200002,False
35.733817521736036,76.27668166718304,0.000218565942911,False
35.73914298210074,76.26649900332677,0.000580849057409,False
35.72842210937291,76.27253173655393,0.00329346180051,False
35.72867974751731,76.27510442541592,0.0005550869836320001,False
35.73008888212486,76.27638551892379,0.000956548726171,False
35.729668389817014,76.2742308825473,0.00065637073497,False
35.73408662485688,76.2712857330191,0.0014780867007500001,False
35.74099679273767,76.26144971571841,0.00113940731677,False
35.7425429166638,76.259313981223,0.0010574196946300002,False
35.74276558982348,76.25726930289277,0.00382143969709,False
35.741355778425536,76.25631897551521,0.00154486107158,False
35.742231077251034,76.25355416671061,0.0013754323229900002,False
35.74025507699498,76.251163218625,0.00189219153218,False
35.74367083068117,76.26070402575883,0.000341727519835,False
35.74368161300651,76.26121460706689,0.00016180236511499998,False
35.74318534555431,76.26243391912804,0.000125557955042,False
35.737606300601996,76.2605977483001,0.000831676056675,False
35.73710891716025,76.25393240321976,0.00255764782808,False
35.7389152809661,76.25114492056888,0.0006834676638659999,False
35.73735542704103,76.24864186627856,0.00266515952075,False
35.73825465700997,76.24848576994717,0.000313782723381,False
35.72950897156974,76.25427102274816,0.00090890872408,False
35.72990328465137,76.25101221412379,0.0011885187097000001,False
35.730243205836274,76.25279634452708,0.00144203047652,False
35.73096515208504,76.25112168791074,0.0005129771395059999,False
35.73117867791921,76.25181945201881,0.00036173383539600003,False
35.72790177066357,76.26287913608029,0.00247037028688,False
35.727358701477705,76.25401047077091,0.0010415819720899998,False
35.72624412221646,76.25506335385163,0.000701876812717,False
35.74613863627468,76.24421721693857,0.00257216128948,False
35.743162844073225,76.23775781313923,0.00320941302895,False
35.743619319896204,76.23864794456969,0.00031992276143,False
35.741152936846824,76.24726402586231,0.000832501756686,False
35.741142066074985,76.24552342353546,0.0012733400460400001,False
35.739062439680225,76.24459170336488,0.000497725194095,False
35.73786933846865,76.24497356018408,0.0020400025233,False
35.73794838277026,76.24578813065503,0.00302830330868,False
35.73858261540307,76.24575399197649,0.0008779425884629999,False
35.73762588041603,76.24277033569042,0.0066694585036600005,False
35.73373775896548,76.24768736401097,0.00112022283039,False
35.73302609769012,76.24687536379273,0.00282607655652,False
35.73320710522602,76.24449941810465,0.0032173382616,False
35.73326620688315,76.242507145839,0.01267385316,False
35.733203555226275,76.23969781611461,0.000913291454389,False
35.733598011494486,76.2373285202002,0.00176819536757,False
35.73486152433417,76.23498827047993,0.0024353984561900003,False
35.73820728377074,76.23554671051508,0.00714853355162,False
35.736693492486765,76.23627462429278,0.00102882536017,False
35.73738514053595,76.23614844272903,0.00063882262295,False
35.727659750868405,76.2493834942675,0.0029272711327400004,False
35.728594254516324,76.24890392348287,0.000548498272967,False
35.727962958429224,76.24786696638068,0.000574372747949,False
35.72728885845136,76.24550249007297,0.0006982409641629999,False
35.72640778760611,76.24596454850398,0.0012460306861,False
35.72818739794242,76.24291454937473,0.00172260129176,False
35.72827454910629,76.2424487205694,0.00020803198019300002,False
35.728332614500694,76.24155545867423,0.0022559464483100002,False
35.728849615337275,76.24049259058953,0.0041274732551099995,False
35.72917778872156,76.23921770735213,0.000419097007385,False
35.730652366272366,76.23718026303277,0.00106912561449,False
35.73100596509362,76.23762411711661,0.00104187946643,False
35.73057038516001,76.24207030565368,0.00157664953407,False
35.7300051471139,76.24324012187925,0.0015817553751000001,False
35.722250924527536,76.24349256307092,0.000883984834708,False
35.72197804297247,76.24230849860382,0.000639686288195,False
35.72196915685444,76.24103489585745,0.00015031260144399998,False
35.72144474052676,76.24147588337453,0.000359792104799,False
35.72705732576951,76.23873282970303,0.0106862493762,False
35.73462624895225,76.22722375351525,0.00354225224417,False
35.73461853242156,76.22648137603555,0.000435238211545,False
35.73269459565307,76.22612774669791,0.0073363003203099995,False
35.734553766807984,76.23378136082765,0.000765831625995,False
35.73408853778642,76.23373391284399,0.00261775027659,False
35.7314900937386,76.23486906071912,0.00097383209098,False
35.73162924951693,76.23346992179837,0.0017094504369900001,False
35.731611265058845,76.23275823152233,0.00280214578347,False
35.732426313105,76.23093657995655,0.0016253895894899999,False
35.73233422926618,76.23143339541502,0.000203069498319,False
35.73261603376736,76.23121260025374,0.000434904630165,False
35.73050324106608,76.23143470871145,0.00179605627135,False
35.73035470092062,76.22851380720248,0.00317580523741,False
35.7289702249646,76.22708826410637,0.00214186130863,False
35.729987542311434,76.22213184974365,0.00139651576418,False
35.73018559537042,76.22292519229673,0.000522300829137,False
35.72951345964268,76.22235560899462,0.000764907462592,False
35.73036197394506,76.21994715395752,0.00851815571632,False
35.72945399066809,76.21925481265164,0.000401821901992,False
35.72874796918649,76.22025929983808,0.0014957426652100001,False
35.72677059151703,76.22225694779112,0.00127081717206,False
35.72412683896233,76.21942116118763,0.000866815771172,False
35.72334691555102,76.22051774209197,0.0007900012541869999,False
35.72346784210236,76.22430889312604,0.00272889314785,False
35.72278709457309,76.22398657028037,0.00108593128959,False
35.72211805313728,76.22285582496642,0.00319707838295,False
35.720621197687485,76.22127067196337,0.0015309165658,False
35.7199100282495,76.21979549727847,0.0005530493419629999,False
35.71855802754548,76.22059901060145,0.00400036630761,False
35.71484455577195,76.23073784602857,0.000800605017824,False
35.7202274182795,76.22974073511534,0.00416743979081,False
35.720688562955786,76.23091175360017,0.0010506338962800001,False
35.724006123480784,76.23387431127806,0.0005597570345509999,False
35.72442841713877,76.23426951380131,0.00020852811835399997,False
35.72463516635845,76.23217079023362,0.000225058408074,False
35.72612563362724,76.2357603570222,0.00110308971511,False
35.720519976980334,76.23781847730794,0.00043803035541700004,False
35.73085519656662,76.21603859680923,0.00191687359544,False
35.71179337325971,76.22414832289758,0.000636615878868,False
35.73075634992421,76.21399305858837,0.00386094765624,False
35.73130604917649,76.21269831829765,0.000322970998932,False
35.7288736314074,76.21516688623565,0.00630710427173,False
35.72830480170052,76.21291676176394,0.0021033930869800003,False
35.72805860036436,76.2135247275206,0.0009704696900820001,False
35.727293241336795,76.21366720983288,0.00226502320974,False
35.728616491636686,76.21141493482101,0.000910601704854,False
35.72898165688245,76.21071996023207,0.000828457771171,False
35.72815484990146,76.21032507739196,0.0062275334632900005,False
35.72629477960107,76.21046446405771,0.000634090482276,False
35.726632064136794,76.21156640331496,0.000401198663768,False
35.72618896590934,76.20880903647242,0.0007147660267899999,False
35.72526577875486,76.20831829722107,0.00538099135408,False
35.72460164423768,76.21031115814088,0.000118232325609,False
35.725684227876485,76.20998554139538,0.000195980842127,False
35.72395615130498,76.21311496165612,0.00848496580984,False
35.72254634787112,76.20753793729583,0.0026025506903700002,False
35.719866059397354,76.21186304441993,0.00178670888382,False
35.72034144278941,76.2143988591579,0.000698219440667,False
35.720691082824956,76.21855358441458,0.0010866779981499998,False
35.71792246397535,76.2153846930591,0.000446944630208,False
35.71682141248805,76.21310351065927,0.00106785901421,False
35.71723510546979,76.21223938596314,0.000560301681791,False
35.71717477640207,76.2126977390284,0.00153234066492,False
35.71787115768095,76.20786877645992,0.0103374399283,False
35.71932032279766,76.20693471113768,0.003207417652,False
35.71341704345263,76.2087759404784,0.00197569265582,False
35.71446213390255,76.20723945458295,0.00214241821246,False
35.717665705674534,76.20557697739184,0.00154711756746,False
35.72250272518304,76.20190493567867,0.00110877613001,False
35.723051104837594,76.20239399964476,0.00107786436621,False
35.7238546909222,76.20450182098219,0.00344218995749,False
35.72466000599792,76.20425598328647,0.0006049249926579999,False
35.72617819592634,76.20179354945378,0.00110069669636,False
35.72850856682355,76.2030050928055,0.00963475873623,False
35.72988209432628,76.20209255516481,0.000478859413251,False
35.72983490385931,76.20266239411886,0.0007645844670039999,False
35.72931015677496,76.20535985461585,0.000683787443739,False
35.72925367997723,76.20625278335439,0.00255475495489,False
35.728763062920265,76.20648592368063,0.000505053159677,False
35.72860515072272,76.20622046195321,0.000480995181523,False
35.72818384216385,76.20563516639727,0.00053110194342,False
35.73025722644976,76.2067649202184,0.000598391286065,False
35.723923712521255,76.2010913924898,0.000635658097036,False
35.72373159972659,76.20155102956845,0.000157479222083,False
35.72392758549028,76.20219653518731,0.000410086172254,False
35.725155192828105,76.20054849478798,0.000805891449826,False
35.72422881213931,76.2032713924152,0.00136049716772,False
35.713058060676545,76.20754992235408,0.0015864347517,False
35.7134542418813,76.20642498583602,0.000703627306662,False
35.71326316996804,76.20676161810984,0.00075040791548,False
35.71418136744764,76.20667370839409,0.00124333343487,False
35.71446818751373,76.20493844663984,0.0116879143393,False
35.723450683758124,76.19525523011764,0.00101612810582,False
35.72324167941583,76.19742658548115,0.00108686640801,False
35.721236381785445,76.19841309551606,0.00114593163033,False
35.71917231196525,76.19922051879513,0.0034809116478599997,False
35.71834934492933,76.19927938597539,0.00277107750893,False
35.71850328659501,76.2013633296552,0.0012481965939700002,False
35.71656460340676,76.20182366206042,0.00336332996044,False
35.7159005594497,76.2039772403679,0.0034057586962800003,False
35.71333577352759,76.20547859812504,0.000723769038299,False
35.71272615658496,76.20450502566545,0.000825643403953,False
35.71180183368147,76.20347218817535,0.0014997822999699999,False
35.71254473890445,76.20182031730442,0.0021477580583,False
35.714134672261636,76.1997142238814,0.0157735623462,False
35.70988980305333,76.19854438301559,0.0167839563309,False
35.711308075438914,76.19792514906615,0.00288753935284,False
35.71144010300888,76.19908421002094,0.00289647676843,False
35.71231823604821,76.20125255554437,0.000754669753859,False
35.710701267433144,76.20171478081255,0.000351212343796,False
35.709816788032526,76.1942753587159,0.0009666402335149999,False
35.71059551371547,76.19385116500578,0.00113783064461,False
35.70576672854602,76.19481026086403,0.0017495762632599998,False
35.70710698892229,76.19648183030657,0.00081351240706,False
35.707044974583255,76.19176750616491,0.0015882896363400001,False
35.71028584391541,76.18970820460106,0.00500046894581,False
35.7117108704265,76.18865544535231,0.000548752825592,False
35.714877175999895,76.19307651407394,0.0012615585137499999,False
35.714621095435405,76.19113503774605,0.00173597998019,False
35.71465702018647,76.18601467225737,0.00440147554095,False
35.716094256572774,76.18465330299131,0.0024786864453299998,False
35.71666859348715,76.18509180483473,0.0047669765003,False
35.718491471370584,76.19038622861144,0.00177000618226,False
35.71705840472629,76.18994528427483,0.0005947771395339999,False
35.7176646047596,76.18873476748001,0.000447300494635,False
35.71765083636259,76.18832029287213,0.00043798666210200003,False
35.71999143063243,76.1880329847617,0.00321063371766,False
35.72138717329759,76.18915580190793,0.0012559617828899999,False
35.71880468100053,76.18331797477387,0.0008180768899490001,False
35.71612389053688,76.18129997922578,0.000823216874902,False
35.71666781799929,76.181656897728,0.00240138320124,False
35.71453849584513,76.18083639203351,0.00041023301497400004,False
35.71190153266793,76.18194645346395,0.000670777934811,False
35.712073982813756,76.18373264717351,0.0016229764060899999,False
35.709427574706766,76.18124511438148,0.025654755531499998,False
35.711038222029764,76.17642729042151,0.0116722887055,False
35.71066439103857,76.17580725734024,0.000950095169047,False
35.713081241618184,76.17484579641669,0.0005881883631350001,False
35.70826509678018,76.17627832299377,0.00112884924479,False
35.70722636668324,76.18072914459282,0.0022388161773,False
35.7073013807099,76.18366125835402,0.000610660278182,False
35.708015877888805,76.18292824195377,0.000235818626451,False
35.707998520196405,76.18128341050891,0.00033935052585400003,False
35.70330760555552,76.17739124661605,0.00586443501204,False
35.703381142622995,76.17987238172817,0.000504374113188,False
35.70278292366174,76.17879671309973,0.00050479872127,False
35.702873172874035,76.18169289659639,0.00328517842518,False
35.702222560999935,76.1848680707087,0.000626122769528,False
35.70358297425667,76.18763158322058,0.00225509873129,False
35.704244562292075,76.18883682161858,0.000672814425293,False
35.704282779689606,76.19144043883992,0.00148643885161,False
35.70541669965545,76.18880584549898,0.00286492831624,False
35.707826714466066,76.1858855921399,0.00035141324154,False
35.702915250016794,76.19287221008716,0.00155182652074,False
35.70189306803923,76.19173341561213,0.004784328005080001,False
35.7018524476818,76.1896707215974,0.0015553991744,False
35.69965011764691,76.18451113756598,0.00148115455292,False
35.70116996134867,76.18637033461279,0.00334047144615,False
35.70030685895853,76.17764454995466,0.000393620914986,False
35.70089766232557,76.17494693032954,0.0012497203923,False
35.70041952307141,76.17331828061138,0.0010991895707799999,False
35.70199168403729,76.1728667893517,0.000357748736113,False
35.70631471385745,76.1702163793999,0.00100339410452,False
35.71035424341121,76.17393002258378,0.000414604027797,False
35.70950999447641,76.17678429420114,0.000734687324447,False
35.704428084268756,76.18036138453351,0.0029318594014999997,False
35.70493682172446,76.17987211521856,0.000221416186624,False
35.68815689090465,76.16891343772807,0.00557584378131,False
35.68881282338762,76.16700756604578,0.000297336766816,False
35.68754980707892,76.1552002173743,0.00246210092071,False
36.094556329455315,75.30033546829607,0.0041421171839,False
36.08435967491381,75.30083442797383,0.0005865142628759999,False
36.08361465660174,75.29961012577995,0.00104590587672,False
36.083781885595315,75.30010181980946,0.000228271205545,False
36.08391323316896,75.30133559584203,0.000366096216058,False
36.082379689869015,75.29868611907301,0.00107019870728,False
36.08188642614057,75.29842015386865,0.000764117441124,False
36.08193145041103,75.29719596285096,0.0006664992103800001,False
36.080991576189746,75.29638615949544,0.0012843793867599999,False
36.082931035449676,75.29815270635766,0.000331986872425,False
36.0841314393276,75.29648356232035,0.000415359755741,False
36.08400796771762,75.29587362520465,0.00122726812079,False
36.08393627956883,75.29383152872536,0.00151228651092,False
36.08349063518156,75.29468843919398,0.000464197972633,False
36.08362669554404,75.29513244601122,0.000319064043525,False
36.082883925609316,75.29501176363061,0.000793039689104,False
36.083131956883456,75.29237408106597,0.000619951757153,False
36.08301538851367,75.29148533507939,0.0007592710437299999,False
36.08281561288836,75.28977699150427,0.000979897080263,False
36.08261700232742,75.2887379038133,0.000854124069674,False
36.08242558156275,75.2879385825167,0.000850071753078,False
36.08228117101223,75.28624873572787,0.00080103680424,False
36.081450558096314,75.2864017096559,0.0008658600324190001,False
36.081410200761454,75.28723562450327,0.000964159480695,False
36.08154912673901,75.28843704122228,0.0016706045414600001,False
36.081652201411046,75.2895541389889,0.000523071532466,False
36.080619216672176,75.29050166941782,0.000633899003116,False
36.08067809849851,75.28989900816548,0.000226199217016,False
36.08045309336153,75.28950445659751,0.00034749160233100003,False
36.08180996700832,75.28804685729392,0.00086026129576,False
36.081886413458875,75.28746754434442,0.000797737726981,False
36.08167042444527,75.28587837921026,0.000514701021125,False
36.08182839096762,75.2868124069296,0.000776134199669,False
36.082846332512815,75.2863015012694,0.00014343845007100002,False
36.08435982840771,75.2909058931179,0.000529656337019,False
36.08494006938742,75.29496927680954,0.000489129364233,False
36.08637352585584,75.29249888689155,0.000687336762634,False
36.086149604622385,75.29092537511576,0.00106200483149,False
36.09400444521268,75.29626075225357,0.0007319036983979999,False
36.09218444656602,75.29882952347484,0.0005305280789350001,False
36.087909047347125,75.29943234486235,0.00053397399855,False
36.08523942716551,75.30034795074364,0.000451762022359,False
36.07751755132921,75.29862809011932,0.000291879822274,False
36.07727131484074,75.2988043560687,0.00060690776379,False
36.076188825588694,75.29861571980832,0.0007566639011480001,False
36.07598051866682,75.29896092068812,0.00025151448529,False
36.07524870641736,75.29687088457788,0.000482814582299,False
36.07526627443342,75.29635711448049,0.000346215322492,False
36.07524607186469,75.29550076749031,0.0010645208917,False
36.07518310831284,75.29485420844038,0.00033583620567,False
36.074589267192245,75.29653996098632,0.00183010704646,False
36.07403501611982,75.29580924910952,0.000322202186358,False
36.07369539702982,75.29609491970452,0.0006695879304269999,False
36.073778238742115,75.29467907676862,0.00255350811291,False
36.07233431922506,75.29433992187211,0.0014455889279800002,False
36.07212201928754,75.29529646208223,0.00305690338452,False
36.07284276172973,75.2948284824423,0.00049769686115,False
36.07599257059577,75.29125052699193,0.000421206495916,False
36.07644623487293,75.29027009679051,0.000540729185228,False
36.0737917705587,75.28587612110695,0.000578084166024,False
36.073289232042434,75.2870250215866,0.000570672984185,False
36.0731199482663,75.28628186460266,0.000917612970923,False
36.07301485339175,75.28952311987068,0.000806457872841,False
36.07250574376107,75.29123238640868,0.000652417554063,False
36.07258481037198,75.29049314103166,0.0005193755018599999,False
36.07227724374579,75.29066904715042,0.00039433328530300005,False
36.07397929425308,75.29202325470702,0.000437430481773,False
36.07426273050584,75.29146807767809,0.00026473939448300003,False
36.07393341449622,75.29137876870674,0.00039586793426000003,False
36.07334963522264,75.29096593600748,0.00023092252020800002,False
36.07351021840379,75.29052987513616,0.000343846533566,False
36.073092860691105,75.29105811077432,0.000397821021938,False
36.07415681099815,75.28557811207396,0.00249389848952,False
36.07460503996975,75.2845462260892,0.0007285497086860001,False
36.075621259127,75.28472926298097,0.000446076950108,False
36.07552603862165,75.28499941949359,0.000102942704784,False
36.07548052811867,75.28405989797841,0.000225480979802,False
36.07508640054019,75.2820209410545,0.000992526179872,False
36.074574342358034,75.28349294150189,0.000417679139279,False
36.073851103888465,75.28288751685042,0.00115621377826,False
36.073198644990214,75.28459964052092,0.00112076003092,False
36.07264805916857,75.28545837337008,0.000336634712894,False
36.0735426889325,75.28204041698362,0.000362829593087,False
36.07319641555808,75.28240166062032,0.000341409045732,False
36.07317532270084,75.28167106869171,0.00100158150879,False
36.07382309601428,75.28126358478444,0.000747570086719,False
36.07343987040781,75.2812382154448,0.000797734484321,False
36.07413441890533,75.27968063118941,0.001740996271,False
36.07369297750831,75.2798527818509,0.000788085518902,False
36.07235014946357,75.28034451892404,0.000752945210696,False
36.07255364368506,75.2784358327106,0.0010319735116300001,False
36.07287880883823,75.27839278264845,0.000608529538001,False
36.07299968553031,75.27678711792267,0.0008565568460770001,False
36.073294901557645,75.27618153831278,0.00174168694757,False
36.07358190756914,75.27649050507497,0.000408339663079,False
36.07424637761846,75.27811683474168,0.00274458264711,False
36.07415740528531,75.27853017279037,0.000253266973598,False
36.07390704736253,75.27635625630994,0.000525618194067,False
36.07615229925296,75.27619957565425,0.00112900603149,False
36.08015789402862,75.28688715402599,0.0012386589467,False
36.080757265079406,75.28687658717398,0.00035745233174600005,False
36.080540666232,75.28585118493626,0.000606961147499,False
36.08343392010879,75.28392731345882,0.000735041583362,False
36.0846897471239,75.28354068606143,0.000908129983194,False
36.08214700327577,75.28230114860439,0.0009550341592979999,False
36.082512531367435,75.28057859989477,0.000733736859493,False
36.08252262520486,75.2794810619119,0.00144651127513,False
36.081278870435156,75.28124186246764,0.004790412620129999,False
36.0832788209478,75.27824747579591,0.000448067964533,False
36.082162025060164,75.27837188710967,0.00340297569865,False
36.08566570838507,75.27849426951654,0.00109726949767,False
36.08766519289283,75.28127654220731,0.000822374361064,False
36.087455976139374,75.27961568735353,0.000472805511306,False
36.091590715721416,75.28568026529281,0.000551364105471,False
36.0932285385875,75.28921916436362,0.00237711134515,False
36.09309971190868,75.28793593706197,0.000549188295782,False
36.09131336476766,75.27949714767682,0.000935022637946,False
36.09028584469841,75.27732919772374,0.00104307856483,False
36.08083980289687,75.27884160154831,0.000359702592322,False
36.080335000163466,75.28083903677432,0.0010660134846,False
36.08056066577009,75.27980660261838,0.0005670573607400001,False
36.07985745247538,75.27837533622015,0.000459663244111,False
36.07578743092089,75.29003566136447,0.0012121733056999998,False
36.07540782739921,75.28911849655015,0.00128673146327,False
36.07476466841224,75.2927538769286,0.000990676540292,False
36.074799153726666,75.2936371293318,0.00022896357644700002,False
36.06991800588875,75.28401570633358,0.0005207755352200001,False
36.06910223430624,75.28061228407597,0.009085356491029999,False
36.07696408328001,75.27662811404731,0.000641350878947,False
36.09437209041454,75.27137488073403,0.00423474209126,False
36.09324513141837,75.27345837972808,0.0008317505631100001,False
36.09394209483353,75.27329545918639,0.0006793573303120001,False
36.092984210885746,75.27175385005181,0.00154407963166,False
36.09180688742689,75.2721721090613,0.0005117961792120001,False
36.09279403842423,75.27441932698525,0.000494639126186,False
36.094662023289565,75.26925926413989,0.00145398010015,False
36.0944434775416,75.26947669298106,0.000403125865348,False
36.09639892022018,75.26629045236443,0.000247023505662,False
36.09072066972762,75.27634646885693,0.000484483686458,False
36.090422999995646,75.27597798102525,0.000185254383952,False
36.090208086708074,75.2756866076903,0.000383571989064,False
36.08877090310997,75.27535633012927,0.000699866064145,False
36.08690698623592,75.27624118490029,0.000408363911908,False
36.08635549900191,75.27473671491074,0.000768289528334,False
36.08436643658489,75.27132797394876,0.0009408978281800001,False
36.08034777713456,75.27386253665154,0.00170906256901,False
36.079822938022495,75.27334973379483,0.00159770534988,False
36.08011596400885,75.27251780891795,0.0017099183878,False
36.08258577505722,75.27024405058025,0.000299001750067,False
36.0823850026743,75.26955439245604,0.00037217742821,False
36.082167519532405,75.26863204427815,0.00045623618716,False
36.083370701928885,75.26576509806087,0.000857344130048,False
36.08324760750137,75.26606185752928,0.00019334373207799998,False
36.08329999119756,75.26495857616138,0.000364231342068,False
36.08323897858237,75.26381001163396,0.000588633120932,False
36.08361256011441,75.26330287689856,0.0029120768522200003,False
36.08474588185842,75.26149566851427,0.0017646554298799998,False
36.08368420881829,75.26010538254502,0.00152054359255,False
36.084728971028895,75.26608473283025,0.000743519366354,False
36.08550349049496,75.2662456579688,0.00175193440672,False
36.08709500981066,75.26356652165677,0.000226860415924,False
36.09253456150174,75.26469487090519,0.0012574763269,False
36.09313755392675,75.2654095041317,0.000437196476528,False
36.096174781512445,75.25991306904996,0.000696104866379,False
36.090241877659246,75.2711780282269,0.000528743240532,False
36.09078478519867,75.27082030181603,0.00115768352501,False
36.089988451590116,75.269189738657,0.00076231423234,False
36.091273615068204,75.26503027333898,0.0005691599618400001,False
36.09224108937599,75.26566195973325,0.000518605786738,False
36.092504173721515,75.2623707841491,0.0007315563909290001,False
36.08949970451485,75.2610595977034,0.00527818372733,False
36.085921871555726,75.25932483451008,0.000691798491781,False
36.07342030868305,75.27070059660562,0.0018185685448300001,False
36.07365842653239,75.2696964464819,0.00126793645555,False
36.07384520998801,75.26902065084639,0.000637127933274,False
36.07409912842155,75.26906572231448,0.000407853804351,False
36.07442250809496,75.26899121040881,0.00120548664633,False
36.07377014047559,75.26784464684656,0.000554694738067,False
36.07228662505373,75.26617529855461,0.000965339806108,False
36.07296231052778,75.26406927573312,0.000724547422243,False
36.072554723753896,75.26231057660733,0.0021128409308700004,False
36.07312337649576,75.26103019481884,0.00196626684885,False
36.07222338204327,75.26081688362447,0.000416856607016,False
36.07224822279259,75.26021088441112,0.00125496059119,False
36.073544408400366,75.25965289027728,0.0015149716211,False
36.07188960800822,75.25886326694486,0.00227756525271,False
36.07371244735857,75.25864878841267,0.000716046834082,False
36.074637144751115,75.26021905199137,0.00118581387249,False
36.07485984558557,75.26113060111683,0.00022679296641900002,False
36.074846706978136,75.26044964412462,0.000354153907495,False
36.075241664060066,75.2598190094847,0.000633824973555,False
36.07572023234507,75.26132657527151,0.000792604645098,False
36.07689243092134,75.25859604113144,0.0013635661225199999,False
36.07706306578754,75.25901405940772,0.00040429225118800003,False
36.07640478836477,75.25912929902388,0.0013821066619600002,False
36.076052258670444,75.25841516076405,0.00126115897096,False
36.075861898231786,75.25921741575904,0.000535531795798,False
36.0755764841188,75.25864621762706,0.000654008287274,False
36.07569630484178,75.25788994486,0.00213960336787,False
36.07515442905749,75.25856387737467,0.00242129925333,False
36.07031113910755,75.27274423793337,0.000719249554093,False
36.070052807808096,75.27143374479272,0.00478635935589,False
36.069348137908825,75.27183559474942,0.00103115968546,False
36.06948822604769,75.2712094246534,0.00141816225219,False
36.07116259766192,75.27085272006893,0.000971882233746,False
36.07039127689308,75.27070594630455,0.000757574864321,False
36.07060842994647,75.27049005868177,0.00031124203620399996,False
36.073137378973875,75.27529373118166,0.000509448315743,False
36.071483893551786,75.26206198059805,0.000898006404629,False
36.07104148678134,75.26168113747772,0.000919238564523,False
36.07120457883178,75.2603166839905,0.000374147658917,False
36.07105829405384,75.25999835665937,0.0006966847171030001,False
36.07132806378828,75.26576595437305,0.000928639999983,False
36.09916595564806,75.25772434094493,0.000672926683252,False
36.09924125358429,75.25663859542122,0.0005546384897509999,False
36.0988784914866,75.25601249346043,0.00134993420325,False
36.09928503711375,75.25599135756305,0.000532983750641,False
36.10295986233902,75.25716783278594,0.00102363031841,False
36.104571273204584,75.2514587508787,0.0017080024884500002,False
36.10437424628291,75.25099901557499,0.000995228639705,False
36.104740867928534,75.25073872327312,0.00128964472783,False
36.104052350628315,75.2499987462074,0.00458186810094,False
36.103336094092114,75.25144525352128,0.00052799783732,False
36.10274142041421,75.25135928007585,0.00148925636658,False
36.10225285316976,75.25050378415786,0.0010535874894799999,False
36.101325202510196,75.24869504212151,0.000572198285543,False
36.10117037119409,75.24953368892147,0.000183991521547,False
36.10270034564,75.24905329167483,0.000570138423016,False
36.10136755581383,75.2523105503288,0.000914774135159,False
36.1015086998065,75.25341415109489,0.000274843412564,False
36.1010316004733,75.25319162850882,0.00102256045353,False
36.0997243069341,75.2500418005795,0.0011129915782900001,False
36.09706853646533,75.2513316030686,0.0009106814520200001,False
36.09757576963682,75.2515031046743,0.000561394004601,False
36.0969706906681,75.2482836835052,0.00126640076233,False
36.09751649022835,75.2480328130087,0.000520643351327,False
36.09707351293018,75.24735309519922,0.000560859376305,False
36.09656450330882,75.24689151543573,0.00115945129159,False
36.09580524958218,75.24565478530674,0.000536857079603,False
36.09559377676392,75.24467117873678,0.0006294051845200001,False
36.09472869255376,75.24894160802623,0.00138073764007,False
36.0948968567113,75.24953077568556,0.000469499179748,False
36.09406795806699,75.25062236808148,0.00136786344038,False
36.093281372304546,75.2483551541036,0.0012610044891,False
36.092999919644036,75.2473880422011,0.000874759985077,False
36.09344976601928,75.24712966902264,0.0037983197320600004,False
36.09386410487586,75.2464197694828,0.0020526834305000003,False
36.093524801928574,75.24532507105579,0.000950085888579,False
36.091767860731906,75.24602592538459,0.000922665166464,False
36.090259989764924,75.2479468698438,0.00047787993764700004,False
36.091190665396475,75.24929171225281,0.000961879324633,False
36.09201095033324,75.25103650423469,0.00104965409997,False
36.09188103525621,75.24985654383887,0.00041880192164099996,False
36.09249175120041,75.2499514505009,0.0009399677863880001,False
36.09243579583869,75.2520770265887,0.00115476699334,False
36.091892825126294,75.25275112173794,0.000827611426773,False
36.09155644277087,75.2521495551664,0.000638607952518,False
36.091061405896156,75.25171692557946,0.00209926370848,False
36.09063765247068,75.25238001723186,0.00109137347893,False
36.09055216324755,75.25278824359842,0.00074002706408,False
36.09015581955566,75.25446199333685,0.00126312899281,False
36.08955471869667,75.2536862712649,0.000689840935426,False
36.08921305754819,75.2520070839784,0.0005362557364939999,False
36.089418858970184,75.2518416831433,0.00015064686161700002,False
36.087107615386074,75.25280089364512,0.0007286084300359999,False
36.086727889552556,75.2535455054329,0.00105011179317,False
36.086681640378195,75.25416874427161,0.000442459655838,False
36.0867575075932,75.25215244121105,0.000753319702808,False
36.088593799073024,75.25338359615853,0.000941993944709,False
36.088980814883875,75.25653368571548,0.0007837354883220001,False
36.08859312528208,75.25814041101829,0.00155071148972,False
36.0852732457853,75.25537794143115,0.00254127010926,False
36.085657578568586,75.25492024556331,0.000283239564328,False
36.08577318418483,75.25460592138978,0.000599939690952,False
36.085023219060076,75.25364849951121,0.000849155727886,False
36.08992390980621,75.24974073383682,0.00102519528859,False
36.089485927316076,75.24999008427122,0.000780585883791,False
36.089103686858415,75.24961605489997,0.000372289059603,False
36.08886089283415,75.24849601003274,0.000553881531022,False
36.08930727321812,75.24883410555724,0.00039632476965,False
36.08837918119578,75.24940124446582,0.000707743406633,False
36.09187998559143,75.25671512574627,0.00913254373348,False
36.09379075758338,75.25305611533787,0.000590891986595,False
36.093570839023364,75.25343802411517,0.000819300628373,False
36.093572534665256,75.25258157645436,0.0007234792397239999,False
36.09455790394073,75.25270618044382,0.000677977327276,False
36.094463504128534,75.25189974793206,0.000931411583878,False
36.10790095363073,75.24863193374009,0.000584794264538,False
36.10745794485313,75.24871780443712,0.000890829720361,False
36.10578700044233,75.24915986240248,0.000736363838742,False
36.10533415255093,75.24807309218959,0.0006399759748919999,False
36.10561899966915,75.2473233560343,0.00183485964081,False
36.10424089056679,75.24689238671638,0.0011535131782799998,False
36.08351909279612,75.25690830382251,0.00056985692742,False
36.077430933996126,75.25502784158698,0.00207692114223,False
36.077004008777344,75.25428441319356,0.000760223507486,False
36.07710713595743,75.25353563021498,0.000381758634545,False
36.07629039732721,75.25478971417526,0.0009704022442949999,False
36.07404826893944,75.25527890055307,0.0006966721322800001,False
36.07338070284987,75.25507554346483,0.000644161900072,False
36.07323911778822,75.25456399533417,0.000877887194728,False
36.07558124921855,75.2535644026267,0.0018560770452500002,False
36.07634243906754,75.25116703166856,0.000580533694202,False
36.07800583201181,75.25265588269421,0.00119326853881,False
36.07882228189261,75.25028225365284,0.00102247084409,False
36.07924247726516,75.25039485554906,0.000735452025231,False
36.079537925478164,75.24868263125208,0.0018197915895900002,False
36.07934518778507,75.2469635724304,0.00188102817156,False
36.079127953422876,75.2473398160436,0.00037785231,False
36.08016908767238,75.24419665325411,0.000748426703636,False
36.08071141745102,75.2434323378347,0.000596000691528,False
36.079334592294416,75.2426379065348,0.0008047783133950001,False
36.08162897923269,75.24636300080344,0.00178052196255,False
36.0801490685619,75.25358243931205,0.000504244130047,False
36.08141210766963,75.24975904942991,0.00205533237948,False
36.08032286652019,75.24819203737101,0.000453225681804,False
36.0810007101463,75.24808945127478,0.00047894931359999997,False
36.08203027506946,75.24890029930492,0.000292522531109,False
36.083456528783316,75.24661526779602,0.0008844872356769999,False
36.08308451343512,75.2449125421306,0.00212998898689,False
36.08348130192744,75.24486971197484,0.000394277581479,False
36.082844059683204,75.24310177465256,0.0011098438798800001,False
36.08343999714181,75.24392341952776,0.000427939101187,False
36.107071813302085,75.2460737284312,0.00227545222535,False
36.10837702423139,75.24388516824773,0.000223128049352,False
36.10836055855959,75.24293792377226,0.000258656661354,False
36.109580795061596,75.24411252411852,0.00117601838073,False
36.10996524694853,75.24326645200111,0.0023248707007799997,False
36.106656480409185,75.24103504888278,0.000186490768713,False
36.104424540277776,75.24421842385175,0.00014666876096199998,False
36.10390376390966,75.24359551520651,0.00030874633467699997,False
36.10401296313796,75.24323210487636,0.000272722292584,False
36.10348265165878,75.2416210612501,0.0035835578985299998,False
36.10157022720513,75.24128045604151,0.00391266242408,False
36.100485163958425,75.23757628477458,0.000575891729915,False
36.10074269178672,75.23675205284832,0.0007564069756930001,False
36.10193314527811,75.23895161946722,0.0108468195593,False
36.10297845621888,75.23770675596866,0.00605893767191,False
36.0977121269214,75.23159802298981,0.0021658562366299997,False
36.09663137177815,75.2358168359796,0.00127310855166,False
36.096201790579734,75.2321957306775,0.000427641286363,False
36.09599092516068,75.23022309052483,0.000339385758516,False
36.096691723932565,75.24251730599369,0.000889564504382,False
36.096064935895626,75.24200956369697,0.000609746260122,False
36.09721761014187,75.2420408922882,0.00113176195696,False
36.09714827529892,75.2410634553288,0.000778266344272,False
36.09780557355857,75.24161523418697,0.0009417305096799999,False
36.09817784363089,75.23964003131124,0.000837817936838,False
36.098068077734254,75.23991737880907,0.000352011584933,False
36.079951431060934,75.24158846329934,0.00525651223721,False
36.08060495132906,75.24119028506317,0.000660638097242,False
36.080788838875,75.24226314662201,0.0014558198125599999,False
36.080968462523,75.24163685349741,0.000530292373243,False
36.08120734455343,75.24186626812062,0.000572988125519,False
36.081749415699804,75.24234849430621,0.00105911189699,False
36.0823717402913,75.24207604243988,0.000521305273091,False
36.08247141329413,75.24163979838436,0.0010184218547200001,False
36.08199578915143,75.24091467200638,0.00038875361382,False
36.08217842248384,75.24041033175303,0.00130094254316,False
36.08304437251144,75.24168626677563,0.00115816180488,False
36.083238081115844,75.24238778103741,0.00318427007329,False
36.0842512233637,75.2421692901698,0.000406367497992,False
36.08414382675611,75.2418877535023,0.00154044617129,False
36.08399300313998,75.24226620964468,0.00016344284324,False
36.08434654171559,75.2409638259257,0.000866122165233,False
36.083768805600826,75.24028845839895,0.0013330247924800002,False
36.08386245543712,75.2396404329987,0.000942649681253,False
36.083337879836535,75.23746891560475,0.000894820842094,False
36.083580053678666,75.23839169149682,0.000423368690622,False
36.083746997953114,75.23771445750387,0.0006136413711999999,False
36.08623692872215,75.23728444706124,0.0008436230222299999,False
36.086396853293124,75.23565353209298,0.000553279718689,False
36.08740607393376,75.23490333322061,0.0007774068725769999,False
36.087586128397994,75.23317546918094,0.00100796812573,False
36.087206013445524,75.23350575108591,0.0006154066069059999,False
36.09081718662893,75.23813400832593,0.00159159981793,False
36.093885914611356,75.23766369037476,0.00080561946264,False
36.093344905162745,75.23653474029861,0.000654626145922,False
36.092839984940284,75.23639794613311,0.000702460402639,False
36.091231083202466,75.23756758522063,0.0010700996053399998,False
36.10042173199001,75.23021866638369,0.00141062626662,False
36.09953578315587,75.22876816779025,0.000676381313275,False
36.098284202431834,75.23345330975945,0.000393154002784,False
36.097761603941436,75.23444761071315,0.000496042795055,False
36.09998336766385,75.24245348471985,0.000365225745111,False
36.105521380066875,75.23739085306832,0.00390007893591,False
36.10623336852567,75.23645281582095,0.0020213844654800002,False
36.105939506099084,75.23530866526394,0.000679947796695,False
36.10525670371298,75.23337528271705,0.000760246054063,False
36.103987396071496,75.23340692132496,0.000873738483846,False
36.106194684952534,75.23313493265631,0.000459717397095,False
36.106638206016,75.23083226353187,0.000890390822007,False
36.10807928347371,75.23645151079604,0.00401335573829,False
36.108203345186375,75.23586366430298,0.000237707280112,False
36.10816825474231,75.23711445488759,0.000475653866881,False
36.10809651085145,75.23871916256829,0.00044392705182,False
36.10801217380613,75.23958588272897,0.000673785049217,False
36.10789032773783,75.2402180570672,0.0005604904304579999,False
36.10930734510696,75.23906157333901,0.0011139171859000001,False
36.10895326863966,75.23617160945605,0.0008090299787310001,False
36.10921004688665,75.23656602733271,0.000568092331328,False
36.10980199642527,75.23570934829537,0.00103302808627,False
36.105388177299645,75.24298182100529,0.0006817482892340001,False
36.10542612268006,75.24239910835253,0.000331179549678,False
36.1049002964438,75.24505439294428,0.00033151639680199996,False
36.1152272383793,75.22905672429545,0.00168523981486,False
36.1145187612051,75.22833559446981,0.00402112777553,False
36.11600182453328,75.22537473483483,0.0419060023789,False
36.115781118435365,75.22272947551753,0.000798494315228,False
36.1152649634817,75.22349414539077,0.00044391606749,False
36.11638569333059,75.22209932441444,0.0019477941007699999,False
36.115578757997625,75.22032017161665,0.0006001446014340001,False
36.1162066279755,75.22047970792188,0.00063395356388,False
36.11437862916033,75.21939847175629,0.00201507444255,False
36.11332758708517,75.22249124889507,0.00047992486639499997,False
36.10818173964958,75.21958622150865,0.00511528625552,False
36.107156891260765,75.22317085571343,0.00657363729924,False
36.108143459438786,75.22462364590523,0.0016535089298499999,False
36.106766071621934,75.2263272169158,0.000334287342387,False
36.106953215991204,75.23028907161303,0.000432407427569,False
36.107074189057016,75.2294046507574,0.00295694467955,False
36.10577772341254,75.22911696529603,0.000791503069838,False
36.10537930835483,75.22788800572725,0.00035063606709,False
36.10553673765271,75.22636668340277,0.00106228589341,False
36.1067425738878,75.2197135273907,0.00042558339731,False
36.100037293300424,75.22776801166535,0.00064900822538,False
36.10022636136652,75.22716435410435,0.00118503664585,False
36.10074077101318,75.22701471738083,0.00110663898745,False
36.10080342442747,75.22660135617419,0.00036289183762099996,False
36.100861127235994,75.22555708715788,0.00102861629528,False
36.100445154723246,75.2248207461149,0.000698296301848,False
36.10131691732725,75.22540701791121,0.0021069652085500003,False
36.101600307816,75.22483841808823,0.000279063324081,False
36.10094079791642,75.22298753866599,0.0013393194876600001,False
36.10137493515064,75.22268718700913,0.00174134376679,False
36.100031658449936,75.22257003424934,0.000411715104705,False
36.10064607452741,75.22251054481795,0.0005631494299639999,False
36.09718046738009,75.22676904110864,0.000715972654304,False
36.098369613475654,75.22437120359736,0.000839751804232,False
36.09818340134356,75.22436941485775,0.000162157302832,False
36.09801243478904,75.22458070888598,0.000991622446629,False
36.09814813044897,75.2267758110978,0.000466276209188,False
36.10208417488341,75.22177598430348,0.00040639300807900004,False
36.101853212226295,75.22060524797452,0.00146350032861,False
36.10253777271892,75.21857568657168,0.00034108152767399995,False
36.101869815916636,75.21681691690218,0.000648784823343,False
36.10005615166194,75.21944631002127,0.0005589337521050001,False
36.10060488234869,75.22119011066047,0.000191930246101,False
36.10098274659476,75.22126537063424,0.000423213600727,False
36.097665116518456,75.2159375388842,0.00195976128719,False
36.09816081988504,75.21508267212383,0.000313168662424,False
36.103663156483876,75.2198173605638,0.000291558809434,False
36.109350701471975,75.22671569053999,0.00066497777462,False
36.10909127133138,75.22211066320274,0.000581574156239,False
36.10898536654342,75.22341364289537,0.0006034633896819999,False
36.1104834797406,75.21832414180491,0.000885019437967,False
36.1005145571329,75.21416584712546,0.00113328604814,False
36.10842888446551,75.21526288997208,0.0019078931893799999,False
36.108876343566614,75.21480004170039,0.0008069104603980001,False
36.10798483960298,75.21326696311593,0.000416206992765,False
36.10948134023988,75.21178269502094,0.000853064056905,False
36.109202250788016,75.21015629518995,0.00275571719106,False
36.10974645070443,75.20657314809257,0.00588975401753,False
36.10883496523796,75.20447744903724,0.00140988043393,False
36.10962637311329,75.20315338731557,0.00171015520739,False
36.11020373298725,75.20424705114075,0.00217775792052,False
36.110938283422094,75.20468900613287,0.000207489546737,False
36.117436246644864,75.21954536471782,0.010853098683,False
36.1016501163019,75.20974873166125,0.000685101017209,False
36.100991429378304,75.20806332378179,0.00151017463795,False
36.10026980380523,75.20737731070092,0.000868866744046,False
36.10101743996603,75.20752859478901,0.0005100557900129999,False
36.10082169234403,75.20663843051166,0.0009629828082090001,False
36.0994232314939,75.20503563567341,0.000562558597697,False
36.09991126950329,75.20481189133703,0.000666336980132,False
36.09961242771357,75.20321018874569,0.000837091054293,False
36.09980508678285,75.20351459596219,0.00044032147465000005,False
36.10524681655518,75.20147617184635,0.000493254480666,False
36.10287398414666,75.18591467377021,0.00726622674245,False
36.106804405924514,75.1883289697122,0.000774240846959,False
36.10760972361898,75.18698189985116,0.0022312820273699997,False
36.10780072053031,75.1883781831263,0.000934983891259,False
36.109208262559626,75.1884907900562,0.0005213590034200001,False
36.11057832672154,75.19701539898674,0.0037664783327,False
36.111800269226336,75.1973858281872,0.00392149414595,False
36.1114023517615,75.19668725006797,0.006413143271560001,False
36.11145217367559,75.19968396664113,0.00166614020368,False
36.11156126636623,75.20070732998197,0.000720165973503,False
36.11099598775872,75.20216701463805,0.000682449113315,False
36.10951696443699,75.20076277669706,0.00254393647861,False
36.110270335306026,75.19973436601065,0.0011167171659,False
36.11223925667828,75.2029230222907,0.00053263668821,False
36.1124679990006,75.20261632314735,0.000835290606522,False
36.1160865547687,75.19783636381301,0.000691367304578,False
36.117930737225905,75.1905207926447,0.00397382294841,False
36.12058178177323,75.19000942528432,0.000448056213328,False
36.12139274732283,75.19243221097727,0.000328500819266,False
36.11995103933898,75.19519450356326,0.000977576944046,False
36.120365835190796,75.1964615192037,0.000559772025956,False
36.12321144759189,75.19872137583317,0.005443965110219999,False
36.1148447826792,75.19050226774547,0.0013994985624399998,False
36.11322914129737,75.19377626521808,0.00035597174603899996,False
36.11280742427379,75.1946561495687,0.00124974053401,False
36.113570980417784,75.19762516638619,0.000338222877211,False
36.11380592529574,75.19738780558046,0.000521889651275,False
36.113193719724066,75.20221358356599,0.000372394440531,False
36.12456223259493,75.19121700647717,0.0064642646280299995,False
36.12464801702874,75.1888164503539,0.00178181320644,False
36.12490623413106,75.1883145547863,0.00257329069024,False
36.123645690974385,75.1909515762132,0.0076336072607400005,False
36.10325983916181,75.19373560953943,0.0018517913658,False
36.10519879806256,75.19106882604605,0.000574189066268,False
36.105196759649296,75.19158560758137,0.000631495271725,False
36.1053980223412,75.18820935610623,0.000306575005525,False
36.106214783821194,75.18730485787225,0.00060700396879,False
36.10607210168228,75.18574526500355,0.000628675212803,False
36.1059530441397,75.18484099117472,0.000658013390528,False
36.12576247171719,75.18671093909342,0.000955757226197,False
36.1253777802104,75.18589135579778,0.000471024270449,False
36.124259781099944,75.18717173481475,0.000833451025173,False
36.124041242432895,75.18646935583465,0.000571499724523,False
36.126595752717904,75.1824670856647,0.00100806723263,False
36.12644295114279,75.18346808286589,0.00118284171477,False
36.126976674189955,75.1793989117472,0.00184732365153,False
36.12788250697851,75.17516829549155,0.0018866652386799999,False
36.12794548546298,75.17403298565414,0.00088688296932,False
36.127774612903515,75.1731772372044,0.000762950166624,False
36.128846985453876,75.17320836511273,0.000582973390394,False
36.12259972884926,75.17267565769309,0.000784882538943,False
36.12254892378229,75.17369756300386,0.000722624285528,False
36.122050135318865,75.17269401761891,0.00109127177693,False
36.12162929348639,75.17357177915162,0.0021167006548700002,False
36.12436310348344,75.17207155663026,0.000427403292523,False
36.1243047397146,75.17330092999059,0.0002788360361,False
36.12533873298952,75.18068434291906,0.000275481692625,False
36.11879354289718,75.18508274902878,0.0008958298866600001,False
36.119064457645024,75.1845432587726,0.000383480744937,False
36.118068332096264,75.18385415053072,0.000680966124895,False
36.11710363495844,75.18429249147584,0.000580100063546,False
36.117104130954615,75.18202772870114,0.00096730446761,False
36.116844126775135,75.18179744262271,0.000672430062846,False
36.117728009331564,75.1814949562617,0.00324270729122,False
36.11852091555706,75.18073399554092,0.0041078538183999995,False
36.11894790695595,75.1810313113815,0.000468258797136,False
36.11934908290244,75.1797845857846,0.00111908639558,False
36.11986422476706,75.1814108828054,0.00140545937425,False
36.12063296299671,75.1831435975555,0.00261364633671,False
36.120616709241666,75.1822570196576,0.0013300580399,False
36.12248217729376,75.17955843574212,0.000293029376011,False
36.12078897327442,75.17941082332783,0.000300631286798,False
36.12142916644934,75.17741685785474,0.0010649124151900001,False
36.119807650206646,75.1749304953159,0.000895934629944,False
36.12035165360194,75.17747884568624,0.000403154664996,False
36.119410140585515,75.17331972550474,0.00100256254831,False
36.1200281609857,75.17141303642883,0.00188212966477,False
36.12810804835028,75.17796421471552,0.000920390451587,False
36.10776299340381,75.18412512104403,0.00166439744675,False
36.1080254230469,75.18041491659534,0.00198426787317,False
36.10567030898427,75.18139513422884,0.00453115816783,False
36.10625152044907,75.17951355452973,0.0115308850927,False
36.11029368036576,75.17408969308212,0.00133841024616,False
36.10968364893638,75.17490913020909,0.000578186101064,False
36.109477758692776,75.17785055192881,0.000322001299253,False
36.10952026237912,75.18148358566202,0.00116378952122,False
36.109676526042065,75.18105060493724,0.00054952084681,False
36.110742769160126,75.1793900617375,0.000394807199995,False
36.11067298285864,75.18077990156655,0.000635040234076,False
36.112969553603,75.17232962615336,0.00106145474503,False
36.1113185702765,75.17387805585591,0.000529342486492,False
36.131092350276944,75.16772793664188,0.0723962878516,False
36.13392429034796,75.16182457338175,0.00884365117113,False
36.13375679177106,75.15957380718581,0.0007785434915790001,False
36.13368392961598,75.16046542152586,0.00027926937445599997,False
36.13363687925819,75.16084709158059,0.000316975931597,False
36.132363735595256,75.1630312973734,0.000197390379314,False
36.12434970278463,75.17138935240246,0.000843550058343,False
36.12603812317977,75.17103785563673,0.000965609558713,False
36.12616773876141,75.17054918147933,0.000731403241761,False
36.12661018238382,75.17066355312147,0.000535546088106,False
36.12513549103555,75.16963928084985,0.000420503642949,False
36.12464412414111,75.16922676932883,0.000666030798455,False
36.12496776756832,75.16900958429831,0.000419568676188,False
36.12512385352181,75.16720824447071,0.0009439367731679999,False
36.124738880702566,75.16616872398693,0.000450508874066,False
36.123577949889444,75.17142158696191,0.000862482141071,False
36.12257004530385,75.17085364936007,0.00195372926683,False
36.12182864577813,75.17039441413225,0.00039116643985700003,False
36.12271352377617,75.16953220691978,0.0105132752463,False
36.12070311443819,75.16567223435312,0.0041293782456,False
36.12216222010526,75.16506312766597,0.00249460327914,False
36.12325321663544,75.165207109746,0.00225841040874,False
36.12574235883964,75.16399763284855,0.0012831925107,False
36.12633198009327,75.16388788304138,0.000154032996181,False
36.128031367425365,75.1631319138679,0.000414859982198,False
36.12731222106591,75.16276797161345,0.000556563980364,False
36.125788719613574,75.16129230783501,0.00186401368118,False
36.12492198939025,75.16120982723415,0.000801709523825,False
36.125740843589924,75.1580333437485,0.000606380183552,False
36.124687945150846,75.15831001908428,0.0114963174463,False
36.11351242152974,75.16906107646044,0.0012269182831099999,False
36.11232057058199,75.16901824792164,0.00189420459307,False
36.11219001151268,75.1684852918472,0.000549877568993,False
36.11216361645461,75.16990344954357,0.00156452826986,False
36.10832024829355,75.16760605298502,0.000308291947672,False
36.10877694520455,75.16788495839101,0.000267326893892,False
36.10871339962521,75.16710141792893,0.000103586023798,False
36.1081995892083,75.16621838964768,0.00236380893377,False
36.108703116502106,75.16525061496336,0.00115743540332,False
36.11179813427365,75.16200598844442,0.0034165712638,False
36.15847481069368,75.04608445969178,0.00098251785131,False
36.1577463110303,75.04294475387795,0.000555732061209,False
36.16092618182609,75.0397711160592,0.0018647484378100001,False
36.16069393357134,75.04018093564673,0.000293119358412,False
36.160818534986085,75.03888434926311,0.000195426656994,False
36.14641009476424,75.05942947137893,0.00140784756903,False
36.14919136621416,75.05838490666649,0.0025703128837099997,False
36.15026951536036,75.05719385703281,0.000830221816546,False
36.15039179321869,75.0568421115943,0.000564724111448,False
36.1504868736877,75.05748261033209,0.00042307519617000003,False
36.151398157297955,75.05539878313633,0.000467923720296,False
36.15229215046365,75.05344065928931,0.0008848803521490001,False
36.14871927180428,75.05002791767886,0.00197703360424,False
36.149329864202066,75.05004937939476,0.0001540272355,False
36.15044316247825,75.06343948031906,0.0039682043565,False
36.15249072396817,75.06400105221712,0.000758301386317,False
36.15158201651588,75.06301355478622,0.000388951695181,False
36.152855623749495,75.05879982981634,0.0008808395419580001,False
36.153371788969885,75.0642661671728,0.0008611464181510001,False
36.15712868121133,75.05904125824888,0.00911985922619,False
36.15845072984409,75.05271261136018,0.00103079607266,False
36.15787896979125,75.051550743201,0.0017633611316,False
36.157179047947665,75.04896432481176,0.0010682797499200001,False
36.15926645451398,75.05623448606397,0.0005318748315740001,False
36.14792837709572,75.05158937341098,0.00036312917504699997,False
36.14807870732832,75.05109033603652,0.000433100156481,False
36.14840594179001,75.05169904097778,0.00034673353219799997,False
36.14738950154623,75.06441234267676,0.0008111452005800001,False
36.15096096995113,75.0652919484677,0.00020427508406100001,False
36.14993493531654,75.06502060282125,0.0006520556319989999,False
36.14973496006494,75.06748291179396,0.0008311990220930001,False
36.15128432113283,75.06727011167892,0.000653161525837,False
36.151852042750576,75.06711279206216,0.00022491842285100001,False
36.152701111917764,75.06952723286217,0.00109270191522,False
36.153387361973,75.06913803533156,0.000415408968568,False
36.153718332618276,75.07077721239166,0.0009649749781450001,False
36.15433434878061,75.07345913505088,0.00102707353743,False
36.15273978476172,75.07229822432373,0.0009009979675419999,False
36.152535123567034,75.07659965870465,0.000605669414468,False
36.152626047228026,75.07628143232046,0.000531325979457,False
36.153362924647865,75.07728703551885,0.0012831676755399998,False
36.15496307333333,75.07857058875449,0.00149352449995,False
36.15516583328483,75.07944574368548,0.0009229283634429999,False
36.15428290401239,75.08032510712908,0.000385254930387,False
36.15382933224791,75.06644171760065,0.00032968169597100003,False
36.153759483503286,75.06680957305188,0.000373549036375,False
36.15253499548899,75.07548518007889,0.00198532263247,False
36.15253235747117,75.07473042113702,0.0012708145883,False
36.13805207639206,75.07740504429034,0.0016892654713,False
36.138528961951735,75.07679176239053,0.00163947408838,False
36.13879225780246,75.07563417809308,0.000945151718926,False
36.141940681584146,75.07394284515979,0.000445212850807,False
36.141845464140616,75.07253785843464,0.000433768378467,False
36.14141324593701,75.07122706843903,0.00041336212847,False
36.14203171493296,75.06908014812343,0.00405398640372,False
36.14142816186359,75.0700962424029,0.0021147983082300003,False
36.1449033284439,75.06741517454029,0.000786043264833,False
36.14304445623267,75.0669036597075,0.00629798958561,False
36.149594362032886,75.07124353274263,0.000804916080351,False
36.14972804596334,75.06991203305488,0.0017477314203,False
36.15429938502825,75.08152679518095,0.0031102791762,False
36.154577879794985,75.08072390646608,0.00346041159867,False
36.148663098583626,75.08210239834774,0.000774340441217,False
36.1482167678849,75.08837151301358,0.0031803098177400004,False
36.14457548727326,75.08207261704814,0.00222919143181,False
36.14543985702596,75.07929900306145,0.000500617064924,False
36.14643689382066,75.07826870490513,0.00032725870612900003,False
36.14450598359396,75.07747987337513,0.00034311461638700003,False
36.143862875153815,75.08136104686784,0.00038774349514,False
36.14312088853924,75.08591077682762,0.0015444120881,False
36.14137085560326,75.08330541539577,0.00122218271514,False
36.139261490819884,75.08401721446904,0.000394379927866,False
36.13666491540211,75.0861758508173,0.0022448522958700002,False
36.13580344359737,75.08685522623647,0.00147687997127,False
36.135840852477145,75.08768250480729,0.000750744200671,False
36.13555184958694,75.08799340434133,0.00045483598583499996,False
36.136505962009075,75.08901018005506,0.0039500101704200005,False
36.13592608390018,75.08887253725811,0.000804237082889,False
36.13696489675228,75.08774528766074,0.00249582566143,False
36.14214086867511,75.08941393407098,0.00166331927946,False
36.1388633359682,75.0944847623377,0.0005367025970879999,False
36.13931540362231,75.09160725437434,0.000101584092857,False
36.13900377660198,75.09223418181175,0.00026221985484499997,False
36.13892865624464,75.09250802281339,0.000147509615688,False
36.14603463393975,75.08886872558507,0.000758895480756,False
36.14546679783221,75.08815664119416,0.000511103137639,False
36.14536738316403,75.0907865954025,0.000531008604655,False
36.145019063019866,75.0893624278704,0.000878771966523,False
36.145546309497774,75.09259705488624,0.000417132278057,False
36.14407573496413,75.0960034855877,0.0017261246373199998,False
36.144484569902524,75.09620452517356,0.000661944298429,False
36.14500873595461,75.0967281523391,0.00197797142757,False
36.146548293826676,75.09706288517891,0.00228464004785,False
36.14657074356001,75.09559859227095,0.000965035299573,False
36.14590771286217,75.09540751784549,0.000389385757755,False
36.14574992949617,75.09508713630336,0.000295315562513,False
36.14744506572717,75.09443443801369,0.00489427012388,False
36.14838708367831,75.09486521515784,0.00156016852844,False
36.14850367449052,75.09419585257118,0.000597301233981,False
36.1498318849284,75.0967975692733,0.0006222603421610001,False
36.1491909801965,75.09719122066177,0.012162028683299998,False
36.14993679071195,75.09864181370992,0.0005408608576189999,False
36.15115109151087,75.08503982284816,0.0011302241094200002,False
36.15132229635641,75.0855691474612,0.000279839553712,False
36.138884236573034,75.09911748505885,0.000942067794424,False
36.13991001703981,75.09869581970845,0.000404515680548,False
36.1429275779088,75.0974988736947,0.000551984471968,False
36.14278708469066,75.09626955068362,0.000719735297808,False
36.145400174818484,75.09941273293866,0.00194638989662,False
36.14422647886329,75.09271735652968,0.000390899192836,False
36.147496454308545,75.11962641674825,0.000836644200512,False
36.14724989287464,75.11949216432754,0.000222692905861,False
36.1473003656707,75.11813063247428,0.00138347496957,False
36.14810788106568,75.11807363058169,0.000194303630281,False
36.147285976867686,75.11443627332963,0.000484297941536,False
36.14753145976368,75.10846002083743,0.000306140125596,False
36.14358751570474,75.12040255495428,0.00041046030929800005,False
36.14395787728106,75.11458009619012,0.000424791382463,False
36.14273283425103,75.1160340550199,0.0027845409586800002,False
36.145155621743044,75.10245406562579,0.0015392974888900001,False
36.13365600090395,75.11231959865785,0.000460707004195,False
36.133033471174514,75.11239121124133,0.000879282843704,False
36.132704335263284,75.11170317407762,0.000333875845605,False
36.13299509812271,75.11054391722818,0.000423272922665,False
36.130966003555024,75.10820953501927,0.00120434660388,False
36.130635668567166,75.10844079789203,0.000420547587397,False
36.1311332040776,75.10999392930044,0.00044935539074399995,False
36.129548079005595,75.11319443143725,0.00208579668915,False
36.12941107251493,75.11537178104192,0.000490895141267,False
36.12877021828077,75.11175025508301,0.00102774108304,False
36.1311577674636,75.1145856487974,0.000366231335675,False
36.13218472763425,75.11168551654988,0.00025817824904100003,False
36.12951327415555,75.11032957157147,0.00100383788514,False
36.1481228239556,75.12143554239334,0.00257139878809,False
36.14723743788434,75.12407344948863,0.0011973812152600001,False
36.14676218283184,75.12439646876187,0.00241496574036,False
36.14454211468343,75.12373403459961,0.000721803047297,False
36.14390518578278,75.12218392107863,0.0016249180269000002,False
36.14398740756469,75.12651807579125,0.000336543441406,False
36.144721071985565,75.12739756480363,0.0010860834032800002,False
36.14629598233695,75.12866405686516,0.00124486381923,False
36.146559699522115,75.12995789497144,0.000900503158999,False
36.1453739049831,75.13066937478975,0.000539139586958,False
36.13828899614536,75.12582942243836,0.001370833701,False
36.140473349465985,75.12942085804738,0.000582598379369,False
36.140654179582185,75.1291042459083,0.00048285863894300003,False
36.1228145894958,75.13932598082279,0.00171606204525,False
36.12753912889728,75.13500547885963,0.000423801740569,False
36.12827164491901,75.13557217117722,0.00022736128777,False
36.128745355632944,75.13533647023073,0.000188794970503,False
36.12850462830077,75.13892188993285,0.00042276328365,False
36.12800571669726,75.14239531505561,0.00047326935420500003,False
36.128805903573365,75.14377256857678,0.000533254817209,False
36.130767532288544,75.14385356660603,0.0014900140194200001,False
36.13087141872968,75.14331569465875,0.000752702893317,False
36.13564920976603,75.14454655473493,0.00166342583462,False
36.13807401213463,75.14419942537052,0.000488084359123,False
36.13767841737934,75.14364670539264,0.000989086806197,False
36.138412487996106,75.14381719368932,0.0010915977947700002,False
36.13818789148434,75.14320296092622,0.00219870946049,False
36.139573400075015,75.14390766999752,0.00367332849934,False
36.139745145363925,75.14323829356158,0.0003845879428,False
36.140125134203686,75.14188141447958,0.0013493619706,False
36.142231307979955,75.1393852007205,0.000420830261374,False
36.14158881994375,75.13905561088221,0.000566371103325,False
36.14042369860236,75.13826307236992,0.0024579016672,False
36.1391128821381,75.1359105349283,0.001065683911,False
36.13973140766637,75.13954992808226,0.00530832716865,False
36.14078459992913,75.14548580981963,0.0007587586776199999,False
36.14234988323519,75.145026731774,0.00101387044135,False
36.130981221548346,75.14115444056387,0.0008716072984579999,False
36.13190476958584,75.13873457373852,0.00030327388329500003,False
36.12770024648342,75.13205014201894,0.00119549906862,False
36.11620177307173,75.15387597192242,0.0022711298766499998,False
36.116383348463046,75.15537651809616,0.000840257544303,False
36.11590138539318,75.15526027263503,0.000503860665337,False
36.11775617555699,75.15015396134463,0.000993427639133,False
36.11881774034729,75.14986465186001,0.000484614510724,False
36.11880313536228,75.15148275510325,0.000302707612537,False
36.119248251509006,75.1513634436829,0.000423641411495,False
36.11972392250059,75.1517022892322,0.00248169747072,False
36.120137514967006,75.15126936774912,0.000634900349206,False
36.119151510469464,75.14595737814045,0.000489066905118,False
36.119406717817185,75.14641870981703,0.000385546040563,False
36.12466917626178,75.14918429149076,0.00148488581238,False
36.126084784266624,75.15560530455527,0.0018300933285,False
36.12658687748832,75.15597598307197,0.000206203536911,False
36.12548936183565,75.15688880167204,0.00821786334414,False
36.12465077075881,75.15491194960566,0.000674690103542,False
36.124853886044924,75.15410323702868,0.000356739922734,False
36.12594760904671,75.15115545358924,0.000121906720848,False
36.127574814885996,75.15807032762594,0.0030219434002799997,False
36.12747455688125,75.15675031875172,0.000244520847646,False
36.12819493011958,75.15488645696766,0.0006632486653539999,False
36.12730956384193,75.1541932878893,0.000582829719972,False
36.128676674874825,75.15704039462068,0.00046676906941499997,False
36.13005843228335,75.15274880599962,7.673484191449999e-05,False
36.130183500299104,75.15139755759425,0.0005937425821499999,False
36.12881804472026,75.15228248007084,0.000288740142107,False
36.12894149239755,75.15124279055085,0.00029793800787999996,False
36.12927872349525,75.14929426310236,0.000484526498442,False
36.1301755489869,75.14884550153087,0.0017104514292500001,False
36.13083733127866,75.14726731304256,0.000189286891306,False
36.13592715389393,75.16006671215047,0.0035333966443099997,False
36.13590609460444,75.1594756536373,0.0017477844239,False
36.13557113898418,75.1591415782205,0.000806521890909,False
36.13614968561563,75.15778333320358,0.000660829879164,False
36.13661526347387,75.15755051044648,0.00140270905143,False
36.13702670552956,75.1562333131995,0.00176889307136,False
36.13714170863947,75.15335186757008,0.0016367083352100001,False
36.13712519748321,75.15453016553556,0.000508469301281,False
36.13784058825309,75.15532580500397,0.0148799751879,False
36.13899244692827,75.15495240432114,0.0017098139480899999,False
36.139037377752494,75.15423308316852,0.0012374871065,False
36.140067939651345,75.1555997208515,0.00156561110545,False
36.139832172808596,75.15111513794838,0.000790423491967,False
36.13984303941345,75.1496889985144,0.00187766889594,False
36.13975024913836,75.14605415517296,0.0014839995506299999,False
36.139227700353466,75.15007963237906,0.000364773785482,False
36.13799091779595,75.14683811266178,0.000931988028785,False
36.13895530456406,75.14690831623615,0.00017791095898899998,False
36.13622265414361,75.1474984623022,0.00130113703662,False
36.128469672067375,75.14512121363553,0.000440416516354,False
36.14187590347425,75.14847390465492,0.0014122363304,False
36.14157259113087,75.14976729709677,0.00105072271308,False
36.14103848109253,75.15101812876313,0.0017735137573,False
36.14074468451024,75.15155672085992,0.00043358095131300003,False
36.140014153951704,75.15330675167614,0.000751830811598,False
36.140360773445785,75.15242981984872,0.0013067192325399999,False
35.76997818021953,76.41534873195354,0.00100908813569,False
35.779041013140315,76.43497467199306,0.000791513726024,False
35.73462558667968,76.3517189905882,0.00146885077572,False
35.79230923426788,76.3828041933096,0.0217334552682,False
35.797835222395676,76.39750047608592,0.00279035907362,False
35.76117498643284,76.3172085205869,0.000726021715943,False
35.76027443117403,76.31804014032973,0.00035694881974600003,False
35.75898169105912,76.31879044809463,0.000494327348324,False
35.770249838687924,76.31272198487383,0.000523525237208,False
35.74467238550526,76.24039620879563,0.0008522334497819999,False
35.7395036472636,76.24086869052164,0.0018680320137799999,False
35.73964602576262,76.2475466256536,0.00112789760095,False
35.73905615307649,76.24989975193273,0.0013258549025,False
35.73869544745862,76.27621073530925,0.00349665991466,False
35.74546322424512,76.28229333410181,0.0005588175868480001,False
35.72995115234964,76.28731478908975,0.00241652945017,False
35.731318892649426,76.29514338825419,0.000345439406011,False
35.61272824753733,76.23591119297254,0.00682844631369,False
35.62279889219514,76.2167985211437,0.00685099904565,False
35.6216799468961,76.21885736982772,0.010117213763,False
35.62686128562942,76.24706820745747,0.00342458941542,False
35.710079613463506,76.20347988272754,0.000782911073139,False
35.74225800218064,76.18345613230592,0.00208897008077,False
35.742239798132864,76.18167892849642,0.000519627867531,False
35.7437060440858,76.18187165416383,0.00031111531990999996,False
35.72738203978707,76.1915600786102,0.0009335488681320001,False
35.727064496279404,76.19771211956741,0.000657565069857,False
35.72705568565221,76.19910868090058,0.00029935672452,False
35.72760351366798,76.1978199378634,0.000833614263375,False
35.72632353890169,76.20242613841535,0.00076861451822,False
35.72692688147127,76.20296141451897,0.0009285666964739999,False
35.75257366928569,76.17781228297947,0.020226711398300002,False
35.754660155026606,76.22645378822064,0.00154837787889,False
35.756243029839304,76.22535896340634,0.0006650181979499999,False
35.75723726032154,76.22374098161053,0.0007929150034560001,False
35.75851308055961,76.22149216660002,0.00101313780617,False
35.77385168494626,76.2096816116152,0.000580189721749,False
35.77404356249863,76.2102422805501,0.00158106828895,False
35.77340352230297,76.21313064484222,0.0008860232163560001,False
35.77568851871359,76.21693201617735,0.00111969650803,False
35.77843309259641,76.21625215901237,0.0030519294555400004,False
35.79340642283912,76.18784241179964,0.0020668310663399998,False
35.793552677707645,76.18450279703717,0.00331209754594,False
35.793832511489086,76.18568866057558,0.00145798455829,False
35.75433871642938,76.16958069316951,0.00127525970565,False
35.75399922036517,76.16686799085329,0.000877303450916,False
35.75464398374742,76.16536153406646,0.00041248126618499996,False
35.75566026332965,76.16568538321653,0.000441328427994,False
35.75896144675652,76.16498336794331,0.0008550365254869999,False
35.76004663378235,76.1569461732469,0.000350777754836,False
35.759647082472604,76.15899238994743,0.000382335208035,False
35.766378123316095,76.14706086146444,0.000552888270075,False
35.76821282265887,76.14653519077574,0.00035778194804100003,False
35.54586037294788,76.00351560514314,0.0028676203533799997,False
35.77572687417816,76.12374717436963,0.000743929466256,False
35.794926133077546,76.09127804443594,0.00139169180907,False
35.92687784116255,76.08267011328202,0.00218116687963,False
35.9258860850586,76.09270785672057,0.000834056509866,False
35.92636423386385,76.0927577781127,0.000315865889062,False
35.92587087352371,76.09377034906073,0.000525335006109,False
35.93037649993592,76.08556798148,0.000975747287046,False
35.93006343811735,76.08573883781283,0.000281350846583,False
35.9307712185122,76.08575279761563,0.000254312517377,False
35.92941717003827,76.0842629739349,0.000398800299554,False
35.91813023661142,76.06086016210938,0.00714394381988,False
35.925375497117685,76.02189612033888,0.00104193722726,False
35.927319739827965,76.01827685944072,0.0028456621705600003,False
35.927757985781945,76.01686474237032,0.0015727437417000002,False
35.92133662436314,76.02209086739755,0.000552057832368,False
35.91630551555701,76.01340828264742,0.00143973656623,False
35.91733416595417,76.01186954368839,0.00561746497728,False
35.91828286039983,76.01337585043481,0.00047772807956999997,False
35.91802571233834,76.01287696530386,0.00523578808896,False
35.918229315417626,76.0117729905846,0.00151790250603,False
35.92872524526023,76.02777950084102,0.00570169647085,False
35.930866556730855,76.02733046112856,0.00168152078003,False
35.932033709668865,76.01999619868941,0.000745495013697,False
35.9363758307728,76.02621709757307,0.0103646383551,False
35.93889823107311,76.02544369119438,0.0018197842844,False
35.94983993811108,76.02962878916354,0.00260134204301,False
35.94976995084608,76.03250397262265,0.000867524298168,False
35.950869543181035,76.02952698725383,0.00115077647099,False
35.95148152225027,76.02964773969458,0.00042786385542400003,False
35.95406122097166,76.02991687812111,0.112496912414,False
35.956962217134,76.01116539450489,0.00530413703183,False
35.9564228449498,76.01179968056469,0.0005470215130679999,False
35.957429881575806,76.01084440239111,0.0009215576736020001,False
35.964462691986206,76.02606118967626,0.00161283485944,False
35.96381174333754,76.02320551092987,0.005579669255390001,False
35.96640301542174,76.02437510442108,0.00295538172991,False
35.965866306250916,76.02223974933186,0.00151201471724,False
35.96063166069744,76.02706363217908,0.006357351906640001,False
35.96874743804526,76.0224715032547,0.000394531399325,False
35.96926125660464,76.02280704111898,0.00134920097556,False
35.970313752945216,76.01988376726601,0.00909340260867,False
35.96984930913547,76.01753511674085,0.0019484836199300001,False
35.96803779215134,76.01596101868935,0.00435919485996,False
35.9699470058461,76.01513240206916,0.00232234120798,False
35.970237745792744,76.01305447454125,0.0035238929659199996,False
35.96993413944378,76.01408065205644,0.00041928222135200003,False
35.97099794926742,76.01351008250496,0.00169364063431,False
35.97119352050371,76.01457058280465,0.00346918123518,False
35.9726749369894,76.01339503243362,0.0006167906532429999,False
35.97564113026589,76.01761528397954,0.0046375639632599995,False
35.97875199368456,76.01381164428878,0.00173370787632,False
35.97611350337725,76.01378678344155,0.000615168013742,False
35.976201995877744,76.01424133331338,0.000275551416798,False
35.976733380637015,76.01402535074075,0.00045796886615199995,False
35.977749070973225,76.01451576827988,0.00112943238019,False
35.97838348106781,76.01465020325861,0.00293574366862,False
35.98044264093234,76.00970677633849,0.00182126385927,False
35.96945714629047,76.00500913925529,0.0010501734328299999,False
35.975681433901784,76.05378642776701,0.0014749117010099998,False
35.97257201097455,76.05618456856084,0.0026793646059399996,False
35.984420268064625,76.00400023954076,0.00364488352497,False
35.98303536972049,75.97885175268742,0.0015873812372899998,False
35.981632544504556,75.9806578699523,0.00070365963101,False
35.99070631790217,75.99473560606789,0.0011860729894599999,False
35.92080779768854,76.00253034585597,0.00630434639673,False
35.94779822219076,76.01536538775221,0.00598191179795,False
35.939241715407064,76.0142418466986,0.000907945435072,False
35.93925931108133,76.01374748530021,0.0006888507390969999,False
35.93860954402945,76.01400757134489,0.00221573517102,False
35.93454547919894,76.01309273296368,0.0036629744408,False
35.69301597707796,75.90852027251836,0.018752774250900002,False
35.689152872321664,75.90872963886218,0.00450487057396,False
35.686610760426014,75.90482502213581,0.00037883031554299996,False
35.70046934595106,75.9139073117287,0.000557675754358,False
35.700322071694664,75.91363482125784,0.000634157395924,False
35.7004406829112,75.90988999899386,0.0011749156004999999,False
35.70106797113986,75.91063907824359,0.000274070220439,False
35.70263426552076,75.90803723654504,0.00117597064451,False
35.702060380703855,75.90770197648341,0.000543942811892,False
35.70145664760955,75.90629651213798,0.000442996870348,False
35.62100229072201,75.9462773450481,0.0015660085177200001,False
35.60646301115142,75.94704608689138,0.000581373103496,False
35.601378712942434,75.94558328477967,0.000426614450126,False
35.59415045868684,75.93263119133194,0.0008279333722149999,False
35.59286522297517,75.95387766457922,0.00102501896522,False
35.592353509449524,75.95400286349579,0.00208909607956,False
35.598568067609925,75.95326578784385,0.0029072493008699997,False
35.598170629948385,75.95353372234409,0.000798153229795,False
35.61720872751451,75.95053346039292,0.000445104190184,False
35.568018982542114,75.95233031183226,0.000961923265129,False
35.572542708616744,75.88263416688811,0.004946992817479999,False
35.56953791944438,75.88037935715379,0.000934558578864,False
35.562831473831636,75.88809945607012,0.000714464647069,False
35.584643754148864,75.88579781307338,0.000731703764595,False
35.59308962729984,75.83501111016189,0.0019582636482,False
35.5926766595506,75.83584643668807,0.0007906168037789999,False
35.594724887047974,75.83657725727376,0.000538863762164,False
35.59321485138132,75.83621984311193,0.000390763250112,False
35.59359947370783,75.83656259906803,0.000326414488757,False
35.594109658468575,75.83643878762544,0.000378339657135,False
35.59330155734857,75.83850934641501,0.000315080434932,False
35.59446742322356,75.83852140667014,0.00029685953727,False
35.595325494837134,75.83883336071787,0.0005150707977350001,False
35.59581815732854,75.8391733150951,0.000343194313671,False
35.595978518460306,75.83830682948917,0.000176285828394,False
35.596580671357444,75.8372121126992,0.000446275904007,False
35.59664125276856,75.836740289077,0.000385813962583,False
35.9963842494269,75.94898721057024,0.00029937440562400003,False
35.971862917341696,75.94916745969053,0.000611950366856,False
35.96970049402867,75.94828942688709,0.000681825442403,False
35.63560039635169,75.7776680394528,0.0013622113362,False
35.63666288953428,75.77838860609751,0.0045284776168899995,False
35.68091585191972,75.78077571784053,0.00143119998502,False
35.68426645737327,75.78724720113756,0.00043068746771299997,False
35.684367960068386,75.78563697460395,0.000589581459284,False
35.688749348847004,75.78826507740673,0.000748456930935,False
35.689604654110006,75.7869096690747,0.000195436276694,False
35.68991805447483,75.78636851199407,0.00040020392571000005,False
35.69039128463717,75.78712063892876,0.00026421179777,False
35.690691771790675,75.7867535114111,0.000120944413713,False
35.69038109555033,75.78457077571422,0.000167547907805,False
35.691540149547784,75.78662296156888,0.000274345323907,False
35.69147009312683,75.78549722255681,0.00066978991261,False
35.69056184635443,75.78384240893632,0.000321925786373,False
35.68677487911182,75.78408037833124,0.0003324105406,False
35.686842325307346,75.78453557483223,0.000602717980371,False
35.68713796699964,75.78500607142276,0.0004941976296440001,False
35.687362052703556,75.78537059774045,0.000326856671473,False
35.68845338525547,75.77541346386356,0.000644012719431,False
35.83840212487436,75.77997948740416,0.0006294778332470001,False
35.840717604912875,75.78714508353684,0.0016892296847899999,False
35.841473276242176,75.78509151025514,0.00174074603758,False
35.838803836043354,75.79103507747153,0.000407118133134,False
35.83839034410335,75.79101156527904,0.00024021953897,False
35.84185937927694,75.7840648105379,0.000402611098814,False
35.84154643401295,75.78294279525987,0.00122425290187,False
35.84168963546319,75.782179775266,0.0013291931100700002,False
35.840992821407404,75.78210717368088,0.000499760423033,False
35.84030757487585,75.78286230254575,0.000176835296753,False
35.83976217006995,75.78221467232335,0.00020662954059200001,False
35.832971982861764,75.74691992769864,0.00132692101596,False
35.832144652555236,75.74792766916309,0.0008564243889990001,False
35.83148096942756,75.74670617198218,0.000679600641764,False
35.83168950463578,75.74853580880713,0.0007410538582819999,False
35.8320945836984,75.74641888657223,0.000558249658398,False
35.829237224459476,75.74012117258054,0.0324457891868,False
35.82899089292467,75.74816884827479,0.00369864092841,False
35.82884569009446,75.74948352381479,0.000661179133737,False
35.82932913626155,75.74876781198344,0.00231991354572,False
35.825766340240435,75.75251917844608,0.00105381017102,False
35.820262939215205,75.76063787058658,0.00228806883288,False
35.81756449990429,75.7654934831461,0.00596351910571,False
35.81696897586975,75.76758872543786,0.000432544783036,False
35.814644395409694,75.77327623226041,0.0100508776214,False
35.80912150819921,75.78486709803981,0.00707601746365,False
35.80620223941037,75.78998362692886,0.00114090378117,False
35.804937991770394,75.79208592060141,0.0105124992812,False
35.808820075272926,75.78907655611889,0.0027821846067400003,False
35.80861721961598,75.78976475314391,0.00179272317357,False
35.79392973009196,75.80850931971993,0.0018990366728700002,False
35.793635990320645,75.80912928393619,0.0011657093757299999,False
35.773349099002836,75.82453615346238,0.00114206900307,False
35.77421437343598,75.82421683497243,0.0018368324107200002,False
35.770404245928866,75.82672598207623,0.011228029426,False
35.76956499058933,75.82927155431383,0.0010446932759799999,False
35.77218649512241,75.8254402562417,0.0012972948114999998,False
35.76721408671332,75.82867068650526,0.00160120345388,False
35.76506308917135,75.83219478959268,0.0036763616526699996,False
35.753279077340665,75.85224576062507,0.00212087372431,False
35.74851094887739,75.85773374606019,0.00283294193538,False
35.749279310804326,75.85714702565426,0.009616000988809999,False
35.7608964955918,75.86297844064039,0.0008917777563849999,False
35.76238369175495,75.86431640380766,0.000429712651293,False
35.76210634391576,75.86463680165541,0.000529615205748,False
35.763663858605035,75.8631219110462,0.00280040804239,False
35.76970775214804,75.856903436489,0.0008999296589020001,False
35.773318787331895,75.85208134623485,0.00198368267341,False
35.77650578130666,75.84997238640058,0.000665435476744,False
35.77736948687319,75.85005093421022,0.0005385506414200001,False
35.77653282954098,75.85136686650576,0.000567517788851,False
35.81806923609848,75.8052635315326,0.00135286906565,False
35.81886057610805,75.80581941485049,0.000894005283026,False
35.81922946606767,75.80304566623865,0.000741009035646,False
35.819532127298736,75.80557534099829,0.0005225723862160001,False
35.819358837801836,75.80592350159947,0.000307489275007,False
35.82607551532763,75.80235253118936,0.00134782944459,False
35.829351756551404,75.7993695072978,0.000703157768851,False
35.829561785029036,75.7991432892431,0.000244060465306,False
35.83195388929144,75.79687018635659,0.000373751713751,False
35.83192574821081,75.79750631478196,0.00037181130725100003,False
35.83142025218701,75.79728238140979,0.00031603726189600003,False
35.83177239525572,75.79673569933264,0.000850169379627,False
35.83217336318175,75.79650486465476,0.000634192824319,False
35.838015640874076,75.78019890768272,0.0016420713207,False
35.81840595378176,75.76816429294588,0.0255069029165,False
35.821134549076824,75.75156867383515,0.0152021028969,False
35.80518857581895,75.73227259109757,0.000887088161633,False
35.79558784585726,75.73010606932633,0.0006539212460019999,False
35.79545364021457,75.73044795129569,0.0005657231178570001,False
35.793802873371355,75.73211007735745,0.000425575754437,False
35.7939910954139,75.73232339731649,0.000486868267418,False
35.91285590451799,75.7761255939006,0.0006019603538290001,False
35.91318064260284,75.77656396203706,0.000229155851189,False
35.91358384622803,75.77710707035301,0.000537070212417,False
35.90417179873825,75.77101800143512,0.000488608412662,False
35.917310590117204,75.71971063616695,0.000471882764385,False
35.91692226565162,75.72045859692534,0.000284030811491,False
35.91795983870613,75.71935056194648,0.00041369190324800004,False
35.91954925145335,75.71834913415881,0.00037840287884000003,False
35.92055659466161,75.71469959280135,0.000494937689703,False
35.91397236831276,75.72768758691583,0.00068734606721,False
35.88290812603887,75.77413645550234,0.000642586285767,False
35.88388908774528,75.77747558133031,0.000593718450118,False
35.8844432492303,75.77689200193791,0.000657383741761,False
35.88703541053361,75.77695187849781,0.00029993461107,False
35.88742348349694,75.7729996140522,0.000815286673078,False
35.88723594517202,75.79152591898287,0.000897764125299,False
35.88815599085826,75.7907220680607,0.000361992258128,False
35.884366915133604,75.79877228653503,0.00088026516394,False
35.88868647065469,75.80605040975793,0.00210966348192,False
35.889575879658054,75.8067250628665,0.000653019126094,False
35.889328757879206,75.80522312767538,0.000473470667054,False
35.891399931135105,75.80334935653651,0.00077464700949,False
35.89241650286759,75.80123328043399,0.000654597204821,False
35.892566816142654,75.80146265244161,0.000606512687501,False
35.886899623694084,75.79995107076864,0.00108047165576,False
35.88629694311615,75.80085980911876,0.00107208447315,False
35.88717983558564,75.80051807918979,0.000904455427998,False
35.88694463022388,75.80205852242581,0.0174067418292,False
35.891435458592824,75.80697782855196,0.000978180763692,False
35.88217391420821,75.77825372882808,0.0006755051432819999,False
35.88337248392206,75.77685458822327,0.000364617023975,False
35.88154808474852,75.77268603864955,0.000941511974649,False
35.87121885721297,75.73752006122547,0.00139462434618,False
35.87522023402791,75.73632973025114,0.000327506347691,False
35.871886621359195,75.73812625102256,0.000925489991207,False
35.87107854346228,75.73908169594814,0.000486281698774,False
35.86637949534005,75.74327939215995,0.00100237141046,False
35.866329742552544,75.74181464468411,0.000698831099421,False
35.86740298861115,75.74103139012945,0.0005805284976939999,False
35.86755716452358,75.74140503026535,0.00033703580582,False
35.867932963476726,75.74085701263655,0.000551100191044,False
35.867451728237725,75.73981413399655,0.0005493601465220001,False
35.86679857369281,75.74116277929802,0.000432419507882,False
35.86737584516116,75.74251563074777,0.000455896457747,False
35.86716585428196,75.74554507604934,0.000758617296927,False
35.86699636756752,75.74656926888002,0.0035979646167699996,False
35.86617724425648,75.74703898380072,0.0018106409087100001,False
35.86341504334539,75.75208279773393,0.00361507884956,False
35.86198465878563,75.7512705229945,0.00212911953,False
35.86200234723739,75.75225365443497,0.00157827383051,False
35.86143402257328,75.75323267373558,0.000362281513402,False
35.86185855657379,75.75318745438172,0.000199709353649,False
35.861994364887536,75.75431147492873,0.00041430958924100003,False
35.861412571617834,75.75447701616955,0.000680754152224,False
35.86116484039743,75.75396312133851,0.000948158725229,False
35.860487744122196,75.75526063006603,0.00166734717828,False
35.86001945241485,75.75549564214816,0.00141067997877,False
35.86082606602711,75.75565135223911,0.0013681633577,False
35.8606322538285,75.75892118906907,0.000942142869099,False
35.859737789654304,75.75637102138175,0.00103758016367,False
35.8599837697101,75.75705143899299,0.0006554799588240001,False
35.86022049977721,75.75678559870482,0.000151907982525,False
35.86037158562931,75.75630297938672,0.000108115746914,False
35.85946971744714,75.75762757041687,0.000598452907818,False
35.859078155191845,75.7570587426671,0.00054180393155,False
35.85854268575219,75.75525108560603,0.00132371068861,False
35.858074254579755,75.75397474228019,0.0006458601570549999,False
35.85886255474191,75.75289364457245,0.00028348824637799996,False
35.85943526006661,75.75321525062523,0.00037485281777799995,False
35.85962519840028,75.75382367903161,0.00036365154805100003,False
35.86038224898196,75.75333573906333,0.000279187993846,False
35.86061184297907,75.75278266260732,0.00021852597917,False
35.860921028703174,75.75245401475063,0.000895268381159,False
35.86275261279632,75.75376013068899,0.0007958521673479999,False
35.8624199809672,75.75360641794693,0.00013554547303999998,False
35.863030236597176,75.75153177477229,0.000943739179039,False
35.85839390640145,75.75731542742972,0.00136810628047,False
35.8581084882856,75.75761775664961,0.00032142801705599996,False
35.85819200879209,75.75898686131414,0.0007896870449980001,False
35.8587722301338,75.75806030560855,0.000297436510231,False
35.85734093696625,75.75759947730351,0.00069490782718,False
35.857049133120704,75.75830340680541,0.0005216427549669999,False
35.8567720463093,75.7580992912242,0.00043105812218099997,False
35.85723412733635,75.75923642846315,0.00020006181719200002,False
35.857501921543424,75.75958065359349,0.000272445883648,False
35.85674257052803,75.75639465581618,0.0009271846826639999,False
35.85728068882603,75.75552391536532,0.00038569695368,False
35.85782138211318,75.75674855198051,0.000355603662295,False
35.857890504896275,75.75477876370692,0.00018056169702899998,False
35.85663039226761,75.75723557872631,0.000193740242392,False
35.85638091350859,75.75983551913366,0.0008584441132800001,False
35.8560005325152,75.75906074456339,0.00615148143282,False
35.855710095591995,75.75874184355709,0.000446294726065,False
35.85609849054181,75.76001398645391,0.000756100103521,False
35.85487395575834,75.75928383699832,0.00158234197212,False
35.85524243170535,75.7599329438307,0.000615583934001,False
35.85499652483854,75.76004301042451,0.0007216511878249999,False
35.85513558804643,75.76043131143109,0.000527268702943,False
35.8550280905281,75.7609416081526,0.000286906006753,False
35.8543331760971,75.76117335691488,0.000230030876092,False
35.85400515889628,75.75962804260976,0.00042217551353099995,False
35.85586798584806,75.76587404101305,0.0024374033203,False
35.85269407987238,75.76839953220019,0.00339847334699,False
35.85151783584777,75.76654736293008,0.00049158401047,False
35.85328127235231,75.76758284229079,0.000199539067851,False
35.841993652243964,75.78363438151794,0.00215447463151,False
35.8422699807366,75.78279332385604,0.00046591432452499997,False
35.842760500163514,75.78228873370142,0.00398261756136,False
35.84258197404024,75.78087292171246,0.00044169571661,False
35.84342398750872,75.78013230613426,0.000291286376066,False
35.84339096670265,75.78113095037234,0.000184382439733,False
35.84297808844474,75.7814113755222,0.00259344063994,False
35.84487611675689,75.78184332207783,0.0353380286226,False
35.86381293622274,75.75097951801087,0.00171982965823,False
35.88106328474889,75.72404975346674,0.0008183574161970001,False
35.88598616569378,75.7101892736134,0.00566741945098,False
35.841867769800544,75.72946149090711,0.060274532661199996,False
35.839307725090386,75.73186460941186,0.009486029026509999,False
35.83817270756881,75.73393492394037,0.00350588521231,False
35.84097928107965,75.73283963962596,0.0008612935295349999,False
35.842070250308744,75.73147235628646,0.000483640514581,False
35.8430509689988,75.73028714149991,0.0011638986757800001,False
35.8431985570572,75.73089202050072,0.0007167592465620001,False
35.84354784164721,75.72959301629628,0.000510111313594,False
35.843757217097,75.73049967622515,0.000494089363701,False
35.84371447995272,75.73074666538847,0.00033782469744999996,False
35.844024963640585,75.73200320563328,0.0005070436816299999,False
35.844271159181666,75.73071008071133,0.000494720654267,False
35.844082143337545,75.72987201423673,0.000207141762424,False
35.83784650255715,75.72978570640491,0.0378237443778,False
35.8338347958457,75.73281997042939,0.0017263562915400001,False
35.833569598234554,75.73207841217324,0.00149379577102,False
35.83336398097144,75.73247716834436,0.000331869208697,False
35.832321630592304,75.73145499247148,0.000456762847095,False
35.83258627217809,75.73754904656408,0.00628734076551,False
35.832795190958386,75.73917430241045,0.0008898759890909999,False
35.83292345002306,75.74122058660767,0.00145672025006,False
35.832622954108174,75.7402377812841,0.000350254989273,False
35.83234677509814,75.74028808970792,0.0006976420496109999,False
35.832573525204396,75.73988588428433,0.000473329643082,False
35.83374955580888,75.74093651057319,0.0012764599436000002,False
35.833186875445136,75.7454182940835,0.000435793223962,False
35.835357678829794,75.74198508661007,0.00026014917564899995,False
35.8347817151406,75.73795611893553,0.00094966315206,False
35.834830831019815,75.73881935933093,0.0005840112929639999,False
35.83552281692784,75.74016346302876,0.000628891509413,False
35.836345024376,75.74751175100454,0.000715649253619,False
35.837158783576726,75.74795953447592,0.000480485535244,False
36.154669372588415,74.86163299248197,0.00454482371649,False
36.083713156769086,75.0171593168259,0.0015313168579,False
36.084278373267914,75.0167117604959,0.006415717184930001,False
36.08536731435403,75.01628432645563,0.00476950108619,False
36.11619132090317,75.00775798269109,0.00234991662739,False
36.241057257384284,74.9830278328398,0.00127820565879,False
36.08569638107324,75.0100598505447,0.002450636863,False
36.03885751328655,74.64625989894675,0.00983018877026,False
36.066573026054506,74.64954436155466,0.0026663051798500002,False
36.00587076418714,74.8059879476383,0.048501533601299995,False
35.80047601821973,75.01648272137199,0.0055769154299,False
35.795257822909946,75.02016191542887,0.0008144141524090001,False
35.773425136207166,75.05268710446629,0.00153269853298,False
35.77505802342663,75.05010232698967,0.00467918329191,False
35.776558719882104,75.04851454779515,0.000893289358021,False
35.777229109346905,75.04804040024023,0.00463953221172,False
35.78074331713329,75.04447856309501,0.000462990879766,False
35.78126780411915,75.04183151267144,0.00049164996299,False
35.79539606829395,75.02810842290454,0.00102537588817,False
35.806451249528926,74.99495948013366,0.0014892709637299999,False
35.79974114794898,75.0812210656434,0.000346396120447,False
35.80046113511775,75.08055389831193,0.00109610626598,False
35.80299087973292,75.07975323191097,0.00569579623918,False
35.80416961660234,75.08078117240886,0.000859012417655,False
35.803797674744075,75.08192257261425,0.00332819900724,False
35.80711863665169,75.0799422149896,0.0024877884634,False
35.80711847316799,75.08205258800614,0.000947016904999,False
35.80852629030577,75.07556439567077,0.000589785376807,False
35.80809042688943,75.07686103938903,0.000406435069126,False
35.812743291877474,75.07986394583654,0.00126863520352,False
35.81309797911208,75.08041387241325,0.000374508622762,False
35.81324631813699,75.07988910830944,0.000840468418475,False
35.81437834365463,75.07743452654442,0.000587890460449,False
35.81452619313823,75.07672137401174,0.00063189849076,False
35.81546065932091,75.0779383408668,0.000768319559569,False
35.8157037055322,75.07537654349072,0.000860593484026,False
35.81619762490321,75.07522095133928,0.00038295049622,False
35.8160504281681,75.08295487458786,0.000676274321096,False
35.81529463709934,75.08279750933247,0.000509621631153,False
35.773843970509766,75.23775136012672,0.0135886050297,False
35.7359791429065,75.25610653971756,0.00498959448051,False
35.64072786908663,75.75447351335225,0.0012842328756899998,False
35.6603813505603,75.67734634971947,0.00228630794219,False
35.674872320687534,75.68853339845654,0.000510921381924,False
35.9934530384646,74.99934357792968,0.00111198639962,False
35.96311169279178,75.11425257555092,0.006127051713980001,False
35.96206243453808,75.11509146393435,0.0007394242859,False
35.95957259303057,75.12018102494079,0.000712082409761,False
35.95920794438068,75.11900148249295,0.000629798055218,False
35.95920513643047,75.11978120015148,0.00247947271784,False
35.95820354584081,75.12093734646862,0.000668187274965,False
35.955490397642826,75.12469914117348,0.00030809093672000003,False
35.956020380137794,75.12482439326568,0.00086028420763,False
35.95453440382604,75.12754171598037,0.00104507829839,False
35.9543062549528,75.12939051983986,0.000520400765695,False
35.95392093472702,75.13014213764498,0.00110948239094,False
35.95357093304405,75.1289667046715,0.000831706596635,False
35.95357334366464,75.12934795571871,0.00033620527819799997,False
35.93508224985001,75.13482846941108,0.000869789949739,False
35.935406069189746,75.13410647208386,0.000830254933087,False
35.93389091950108,75.1373568513351,0.0007011353240769999,False
35.93142382990534,75.13552968548785,0.00166996779746,False
35.9311642196308,75.13607612549757,0.00103830188594,False
35.930131339023454,75.13504836939785,0.0009772952448060001,False
35.929820102084484,75.13369894957492,0.0007112803105540001,False
35.93103853260721,75.1324254062537,0.000503050903474,False
35.93254500105112,75.12880581054341,0.0005472979476199999,False
35.933812991354245,75.12848351826598,0.00090410930027,False
35.93397277668192,75.12929994949133,0.00119520979755,False
35.93426305972867,75.1284523815511,0.00048604413019300003,False
35.93430338848298,75.12783351034514,0.00149988618359,False
35.9324840844584,75.12418959283494,0.00535590450949,False
35.9317207551365,75.12104139660481,0.0036065604719399996,False
35.929360791915336,75.12372723356162,0.00315387187511,False
35.92913110307138,75.12439165207617,0.000723431735725,False
35.929342092653144,75.12570241920585,0.000762203128766,False
35.92806727467424,75.12509780777623,0.0013079388674,False
35.92785410532173,75.12402281623815,0.00185500603522,False
35.981586620359465,75.04923187615329,0.0107118524073,False
35.987416731017255,75.01870175282191,0.0013298821297899998,False
35.9862616221352,75.0219874674727,0.00101066855332,False
35.955127051997486,75.08716509960392,0.000618921880064,False
35.976369290493444,75.09250571748203,0.000923550303128,False
35.97607814784268,75.0928939891576,0.000640770040035,False
35.98218687565831,75.0868888983475,0.000660133420186,False
35.98462608279295,75.09237650060658,0.00288899424409,False
35.987433891235085,75.08301900978567,0.00285105334774,False
35.9858372191474,75.08091690724575,0.00372282108812,False
35.98407830052444,75.0857564344174,0.0010646061617400001,False
35.97993495853071,75.09361311220543,0.000774018929194,False
35.98003648811962,75.09449205440596,0.000584124242191,False
35.97978433485637,75.09416005200673,0.0006728190119649999,False
35.981098520894456,75.09265663416528,0.000453760716916,False
35.9483351927729,75.13376874980881,0.0016361325532599999,False
35.907335948634014,75.11971658164703,0.00046711293646000004,False
35.95184442433653,75.09609310060699,0.0007864555990159999,False
35.95312802921892,75.09574553360942,0.00046902142589300003,False
35.95387092018491,75.09559534878296,0.00043643519873899997,False
35.95237320349899,75.10285533766229,0.000544789061009,False
35.95169872329812,75.10428299129183,0.000815230272363,False
35.9576346608071,75.06679773782163,0.000396025077504,False
35.97109536381417,75.07937877561848,0.0006835676900849999,False
35.97490725446964,75.06078920629875,0.0014698811009599998,False
35.974891053038064,75.06200334064629,0.00038775497284800005,False
35.96138056522818,75.02360872289977,0.0008008503058229999,False
35.978812131382156,75.06322278890984,0.000455222976819,False
35.97835631809705,75.065000269455,0.000463826872094,False
35.98474495555218,75.06434104783777,0.000595792563624,False
35.98436513290349,75.06352882969078,0.000712177923988,False
35.98438230425478,75.0640581409128,0.000616478239217,False
35.983646845177944,75.06566260259478,0.000648339194148,False
35.98420539125531,75.055091091525,0.000415500117729,False
35.9888201814487,75.07060137981735,0.000997685736281,False
35.98974678675871,75.06850613245021,0.00836213482084,False
35.990873071132015,75.0630156844076,0.000700060768956,False
35.99847541836116,75.05506439180206,0.0014490094036400001,False
35.99923943278788,75.05456563280983,0.0009153756321250001,False
35.999028903657134,75.05533625014272,0.000639281046755,False
36.00154792285939,75.05712836317517,0.000744412393988,False
36.00905945614306,75.06472219313679,0.00211454550088,False
36.00928562076624,75.06551410380776,0.000740918371987,False
36.009336671685006,75.06221796643979,0.0005374550723099999,False
36.01429953293782,75.06876664040546,0.00108390451093,False
36.01496720794571,75.0689698788242,0.0022767896799199996,False
36.0151327114752,75.06827415640124,0.00126219455565,False
35.9960623290056,75.04258401558754,0.0018878479637099998,False
35.99560043170907,75.04431734481511,0.0283104950789,False
36.21673382866614,75.1237011832396,0.00104867230526,False
36.21660579088441,75.12517245268914,0.000594142353761,False
36.2163013537348,75.12641771830394,0.0012923925556900002,False
36.21543012621711,75.12586925893167,0.00111652360269,False
36.21462925979818,75.12948150163264,0.0012670202619399999,False
36.214191815676614,75.12789791025698,0.00124701366262,False
36.21260144775886,75.12692239739678,0.000459883609155,False
36.21281348367709,75.12537500990567,0.000668178575394,False
36.21426890514873,75.12395084092,0.00106590266729,False
36.21531923798799,75.12327218452026,0.000592907244528,False
36.20850185258909,75.1269646570987,0.0013669218731500001,False
36.20840534875433,75.12885156761372,0.00115010731626,False
36.206370386982265,75.12935557580877,0.00401630598082,False
36.204927787132114,75.130174507042,0.00340122899364,False
36.20469393527488,75.1281972423035,0.00166581252965,False
36.203911121235556,75.13078094115193,0.0019239456702,False
36.20321700908696,75.13071828169385,0.000829137091262,False
36.20358439212417,75.13137881649504,0.0005802150001820001,False
36.201537728453964,75.13134928396984,0.000512731984772,False
36.19932418128209,75.13575348454481,0.00137766372164,False
36.20053329985196,75.13156246097272,0.000426624404674,False
36.19654021370315,75.12803945133135,0.0011727365874499998,False
36.195667039056936,75.12857243935636,0.0009617305849580001,False
36.19260135193449,75.12790236646286,0.000983548189998,False
36.192737014646305,75.12390138161157,0.0005963057925540001,False
36.190317897813415,75.12953403497242,0.000863667514017,False
36.18835386846844,75.1321250804173,0.00264455394859,False
36.188665903157734,75.1326539844797,0.000441438011351,False
36.189052292515136,75.12667369055802,0.0018396317055899998,False
36.18943875955895,75.1277720928474,0.00119759600137,False
36.18985905143348,75.12749471878737,0.000516530902081,False
36.187718236222516,75.12952042508525,0.000829982732316,False
36.18728605064507,75.12928872680992,0.0011429496202,False
36.18649876535445,75.13070479860484,0.000909814334642,False
36.1843285740856,75.13201209851731,0.00088806342121,False
36.18388948655215,75.13021473252851,0.00118616822914,False
36.18444071488101,75.12725256461636,0.00201614189038,False
36.18226427481911,75.12593644693631,0.00108261768866,False
36.1791403556975,75.13227130934312,0.0011626194254699999,False
36.1803949066767,75.13065352649372,0.000387373801133,False
36.175982849741565,75.13061093126214,0.000739925933609,False
36.176462504164775,75.12917078084705,0.000362172738551,False
36.17675505261141,75.12748947695634,0.000314822688522,False
36.17815683766064,75.12839392176977,0.0005333783208280001,False
36.17159941843647,75.12737814704107,0.000671133239423,False
36.172045405631835,75.12614694389181,0.00038696120612800004,False
36.169762529539135,75.12725783771509,0.0010670084219000001,False
36.16684827344129,75.12722747893254,0.0015892299044700001,False
36.166385849075574,75.12752353603737,0.000592222063824,False
36.162548247262876,75.12867640807384,0.000610551969589,False
36.15570227064332,75.13344774730471,0.000774789309688,False
36.15512794016168,75.13411001689039,0.0005298831484679999,False
36.15449323609076,75.13379376002563,0.00217013456351,False
36.15389701825969,75.1329221498411,0.00054496524173,False
36.152203628653126,75.134278394477,0.000423066448405,False
36.157644422818045,75.12783078028036,0.000803623499355,False
36.22303090084974,75.11816296383725,0.000605875106394,False
36.22397046010705,75.11672923140554,0.00031641019505399996,False
36.164550931503776,75.30308392925205,0.011367151110299999,False
36.16825486618464,75.30888736348486,0.000550913063384,False
36.15476399595118,75.30620972633567,0.000369737171364,False
36.15500856107807,75.30609772169309,0.000394503264382,False
36.15084712845211,75.3073893080759,0.0009065601949079999,False
36.15098833684126,75.30785503339047,0.000414253046789,False
36.1498905616438,75.30887664127889,0.000936279630078,False
36.1486593830394,75.31569779238862,0.0014190342939899999,False
36.1478893819965,75.31388354329042,0.000621903599733,False
36.14797499973264,75.3146276807315,0.000493897442244,False
36.14835926756959,75.31398360121119,0.00046873246606599995,False
36.14825024578292,75.31421947746009,0.000306968901977,False
36.14864669893096,75.31385061218695,0.0007825141444570001,False
36.145555023793726,75.31539272172024,0.0014835348989700001,False
36.14510740021286,75.31575723307989,0.00100079631821,False
36.144306018359345,75.31580763779806,0.0008677713579390001,False
36.144096014311486,75.3171121855649,0.0007984942450590001,False
36.14704490197034,75.3090305171095,0.00031559358825499997,False
36.146950852872244,75.30842702480713,0.000547737898155,False
36.148638857027734,75.30825177633916,0.00027856567229900004,False
36.1484827854787,75.30871899458552,0.000294803398958,False
36.148705348289305,75.30514457338195,0.000980949995472,False
36.1503221955612,75.30534713795645,0.0006781491626329999,False
36.14997191949852,75.30432940364999,0.000838054581604,False
36.149230406169224,75.30459837826484,0.000658946882698,False
36.14577976740336,75.30685797139809,0.00041883541634900003,False
36.145369429690795,75.30612640585142,0.000954761130804,False
36.14592966049797,75.305825514449,0.00114684779723,False
36.14292443647923,75.31100602631263,0.0006783414623160001,False
36.14466005365066,75.30955588635125,0.000405306702734,False
36.14439697144656,75.30998923043644,0.000620686641605,False
36.14039406965143,75.3114380800362,0.000412278842581,False
36.14067689860754,75.31078914120657,0.000977488014476,False
36.13895548702954,75.3117314790656,0.00042237711934499996,False
36.14011006972906,75.30877022733519,0.000634751558509,False
36.13441369934785,75.31207685525848,0.000580181265742,False
36.13532222689497,75.31192657233808,0.0006317298054950001,False
36.13618772732851,75.31258870900594,0.000563815885347,False
36.13687976197037,75.31087540883168,0.000563879286952,False
36.13013500935512,75.31875182272692,0.00163750908076,False
36.12972008373793,75.31828484100915,0.00189477158551,False
36.13024385397952,75.3176182709419,0.00182948690716,False
36.12692357053014,75.31786004998206,0.00158283449365,False
36.1238318417613,75.32280141016531,0.0021091272688200003,False
36.123152776597856,75.31772635623491,0.00150575012488,False
36.12272132709572,75.31779269129517,0.00140709444764,False
36.12210549214037,75.31872382502489,0.00290542725164,False
36.123282650875666,75.32281748969663,0.0008762991871279999,False
36.12243721357857,75.3220325628254,0.00187484969914,False
36.11075743894874,75.31294198815472,0.00125140715567,False
36.105865372932804,75.31981054367726,0.00243274832666,False
36.102918117120296,75.3112468120909,0.0017428364652899999,False
36.101481430823476,75.31131271598171,0.00242274680855,False
36.09972082097573,75.31225751406286,0.0025035644817100002,False
36.094811911100756,75.32430666014649,0.00458097400541,False
36.08924391455085,75.32054280315818,0.00188722268082,False
36.08540878047857,75.31884955877516,0.00245397138276,False
36.08398402391568,75.32140967705517,0.00761588941595,False
36.083626828290406,75.32362799834752,0.00262306045081,False
36.08447802860175,75.32055476098817,0.00265872370599,False
36.083655948410964,75.32015996213093,0.00114391583107,False
36.083300607121366,75.32071511636302,0.000772336024822,False
36.08296939475699,75.32123132106081,0.000855845723745,False
36.08130135667112,75.30487488851165,0.00213818679293,False
36.081077287667235,75.30298143109042,0.0011857359800300001,False
36.08270700076504,75.30341911887048,0.000791793862843,False
36.08538465505974,75.30330903531188,0.0040055028827,False
36.08482359977353,75.3047163637218,0.00217830752462,False
36.08467003134539,75.30363603639832,0.004568788274260001,False
36.08349277408658,75.30479753415172,0.000709308141941,False
36.08397220622991,75.30836771494798,0.000891701054752,False
36.088731764682954,75.3036603437204,0.0013056155101,False
36.08691566129226,75.30733297264392,0.0038090023876599997,False
36.08830317012558,75.30876325417445,0.0009606583216249999,False
36.08783879214699,75.30865176837881,0.0010142106144,False
36.07013617347886,75.30863569530233,0.00431856075597,False
36.070513017092324,75.30463473874177,0.0026890674751100002,False
36.07368608493123,75.30973004348905,0.0012116525320499999,False
36.0754753044758,75.30077407054775,0.00162661036096,False
36.07606460204182,75.30446373955357,0.0012155653295699998,False
36.1354518322189,75.20881558117489,0.00164911337393,False
36.135795132335346,75.20821186773563,0.00261371304271,False
36.158137074671465,75.21590675904203,0.00113248766488,False
35.99594709763303,75.25070546164841,0.00822391517247,False
35.9997515271357,75.2525601948103,0.0011854164831999999,False
36.00019435050143,75.25644528280307,0.0007652503269689999,False
36.002136043800704,75.25166154472194,0.000623025159963,False
36.00346054507636,75.23951123097322,0.0009123147410650001,False
36.00363275618294,75.23748931658587,0.000903146038163,False
36.00555417009619,75.2545694422269,0.000648911730022,False
36.00483447598335,75.25262441772253,0.000957404231106,False
36.005918264174284,75.25038284291647,0.000863319296464,False
36.01001837311494,75.24032419636349,0.000789004093705,False
36.010775267497166,75.23617422475338,0.00248269361694,False
36.01430046556769,75.23961015763888,0.00105779342113,False
36.02206908911072,75.22384248543295,0.0015289143470799999,False
36.02531441657,75.2177060259971,0.00200753490761,False
35.99259421215489,75.26596835640945,0.00172778259933,False
35.99572800834465,75.26532773322228,0.00123342153846,False
35.98321444667644,75.14877209153252,0.001613756066,False
35.92740860196399,75.18043799790696,0.00182054250021,False
35.9272762710767,75.18481300144055,0.000602541517672,False
35.92963206550721,75.1750728049002,0.000728512982265,False
35.92951078230929,75.17470157245961,0.000443920871916,False
35.9287955048328,75.177511988984,0.000398172540541,False
35.933451393231834,75.16537003753373,0.00249761859379,False
35.93429092390684,75.16348759855974,0.000641813825393,False
35.94492538689307,75.14127220974925,0.00831616519252,False
35.92839433203755,75.13822168758827,0.0011698182605,False
35.927752779412,75.13829636320142,0.00047010987086,False
35.92757509493512,75.1376993748331,0.000571253121017,False
35.9251464495803,75.13694791072123,0.00041389720839300005,False
35.91606021615686,75.1485057320805,0.00109211148253,False
35.92043575801843,75.1433171998912,0.00165065385748,False
35.91993479434042,75.13605924160609,0.0009179413828199999,False
35.829129347810564,75.15569780333962,0.0356793492324,False
35.805418968705226,75.1577563498125,0.0014704564423500001,False
35.806352964116066,75.15757934946294,0.000423305735315,False
35.85541704192088,75.17518562364583,0.000850636725019,False
35.8691862357624,75.21235690522616,0.00670858565993,False
35.87159447210337,75.205114793571,0.00154275184919,False
35.87838799578129,75.20703416346115,0.00279258305268,False
35.878253492859656,75.22308145729906,0.00118224576172,False
35.87849762729282,75.22274466725423,0.0013953149843199998,False
35.87889968722802,75.22263196502117,0.000496199230157,False
35.88201123186739,75.21978638370443,0.000236550718002,False
35.8826888351411,75.21894211749623,0.000955179981386,False
35.883711109365684,75.21755269929618,0.00158143116967,False
35.87964440867859,75.21380365217829,0.00064300153458,False
35.87371046171286,75.2152395176281,0.000982996660871,False
35.86454190741189,75.21664425431169,0.00279889280271,False
35.866545689710954,75.22062452763227,0.000982518673776,False
35.86607123211058,75.22085379064428,0.000449071761353,False
35.86294662551414,75.21952928436306,0.000927481747611,False
35.863417156397055,75.21906090710345,0.000679463689542,False
35.86388052010025,75.22277078512519,0.0020314868798400002,False
35.86479039969713,75.22597058600148,0.000461316557206,False
35.86557288773804,75.22436673196785,0.00041024803483300003,False
35.867142921281165,75.22720436537945,0.00288916381117,False
35.86462314316149,75.2322867170679,0.00287832482081,False
35.861280552552685,75.24109309196834,0.0007294668370209999,False
35.86384874887256,75.24290566471687,0.000598781560124,False
35.86539741769249,75.23951039862314,0.000558533407475,False
35.86867869540348,75.23563804477742,0.00253050976739,False
35.86844370083852,75.23370769068788,0.000658572867659,False
35.87146352433183,75.22882112335195,0.00179645182452,False
35.8744935053032,75.22814663373086,0.000601636274416,False
35.87533423221277,75.22730437702596,0.000545671167333,False
35.87382180669502,75.22613859104834,0.000816556332045,False
35.85917731260454,75.23623053881457,0.0015569969026900002,False
35.85744440582981,75.23575038579514,0.000908675671173,False
36.08567720415202,75.33588389423625,0.00718384984986,False
36.082681369243986,75.32808887284547,0.00228352421489,False
36.08455837999602,75.33383713192589,0.00125877561043,False
36.08413088915781,75.33475079702816,0.000804790329025,False
36.08396591855663,75.33522843105128,0.00179170776445,False
36.081856896463876,75.33197399262826,0.00173973702143,False
36.08021726793328,75.33546760913207,0.00254413072224,False
36.07971846430896,75.3353513330819,0.00118523801961,False
36.07097425829153,75.337698648113,0.00598699872112,False
36.068732582011194,75.36980627035189,0.00257662356034,False
36.06999996893504,75.37512819248205,0.00288202114635,False
36.07131968194777,75.37861103567728,0.00394247850915,False
36.06791158571076,75.37476485419039,0.00141894097309,False
36.06697415597385,75.38319684391239,0.00128070254346,False
36.0696817849076,75.38219844858396,0.00162029072072,False
36.06926790413839,75.38294946096713,0.00245580592234,False
36.06482102151902,75.38608413429625,0.0010978525137700001,False
36.06440684150575,75.38550148782814,0.00099997288631,False
36.062830273512844,75.38035733638863,0.0014392798221600001,False
36.06137530307898,75.39200031438484,0.00116161595201,False
36.06153644469115,75.39149757333936,0.0014948546402699999,False
36.06083668232904,75.39243210005274,0.00253331168867,False
36.06001569356728,75.39149755811523,0.00108378865776,False
36.05969345164719,75.39112034032183,0.0010574616000399999,False
36.06203374986396,75.39971372526905,0.0013640127560000002,False
36.0630554540008,75.40172792893007,0.00133658478762,False
36.06332168244514,75.40229338599123,0.00111234039856,False
36.06357230948336,75.40357213183924,0.000836363554536,False
36.06541421092214,75.4060066755593,0.00192351361396,False
36.06650578805431,75.40999705799612,0.0015681309034400002,False
36.066611266594414,75.41115133528068,0.00148017787933,False
36.06711993972896,75.41160496657474,0.00191915971521,False
36.067626430533885,75.4114261667831,0.0006464605757870001,False
36.068505123775516,75.41500636347384,0.000714037805872,False
36.067320191461874,75.4171729195715,0.0116847903943,False
36.06554594377205,75.41886168334253,0.0013278627054200002,False
36.0643083537011,75.41103948358003,0.00150354007487,False
36.0610735930431,75.41864461739718,0.0026975938360800002,False
36.06028114397329,75.42202292581115,0.00249851481963,False
36.062944310562465,75.41419245992742,0.0013737549257999998,False
36.065338355404236,75.335970536841,0.00463118669348,False
36.06553051863069,75.33727511442373,0.0020499001921700003,False
36.06669873844731,75.3364137145492,0.00378979912301,False
35.956929650910794,75.4325160398781,0.0112704738911,False
35.961009472209184,75.43593614647926,0.00442146857964,False
35.96204502792917,75.43027904479021,0.00779150223798,False
35.964427032613244,75.43238006393373,0.00296034253122,False
35.953311722389856,75.43293477722358,0.0111907181813,False
35.934728402037265,75.46573618363334,0.00242741121771,False
35.8686525520767,75.30339256755519,0.0106922812083,False
35.87109108580133,75.31661247982701,0.0206683292384,False
35.85536268967435,75.26727314669162,0.00645332210737,False
35.85438316842533,75.27122757047533,0.012174547453,False
35.8542116758638,75.26919450539256,0.00341122946435,False
35.85623259450201,75.27772439930433,0.0020780459032499997,False
35.85543346914823,75.27627565672195,0.00378677375536,False
35.89432128898911,75.58921050859314,0.00160588205137,False
35.89430752837417,75.58540145134702,0.00119215436082,False
35.89358879918897,75.58546370732421,0.000687995895371,False
35.89439023837874,75.58601544114963,0.000491228820622,False
35.89396118293264,75.58595832379783,0.000412899596641,False
35.89521557080051,75.58422897442442,0.000408932003064,False
35.89169428338869,75.58510526825373,0.00115561834212,False
35.89115071596848,75.58449343885896,0.0005911370644150001,False
35.891362213675286,75.58746147248381,0.0005394114173379999,False
35.885007501335274,75.57078181896847,0.0005560897883149999,False
35.88380127617673,75.57100765618537,0.000643670976795,False
35.88275705001202,75.5686187836187,0.00119020946816,False
35.88341691943685,75.56582826649792,0.00134126311179,False
35.88425084367493,75.5673141566085,0.000925138767565,False
35.88010232757583,75.56899001597746,0.000651795930101,False
35.879305727609385,75.56863224822663,0.000986575912099,False
35.87902635001704,75.56580459772127,0.00133797771883,False
35.87798462545378,75.56328355095208,0.000787385862204,False
35.87837598195751,75.5625438872904,0.000414109506879,False
35.87861586198724,75.5620275586481,0.00101816091626,False
35.87830163999814,75.56150229241472,0.000532042380705,False
35.87913170474955,75.55689121634762,0.00148175655197,False
35.87931499390105,75.55648104511471,0.000823995982948,False
35.87935171815755,75.55416903946417,0.0011998235042700001,False
35.88095280972689,75.55039808559896,0.00126174565937,False
35.878460595736954,75.54858458935449,0.000846773403454,False
35.87861347723797,75.54812270410775,0.00015899827783399999,False
35.877795590031475,75.54925119154304,0.000990117946341,False
35.87741384898869,75.54819609611464,0.000772178598492,False
35.877073593105216,75.54818626899969,0.000511432587628,False
35.87772196917689,75.54648046973077,0.005096875166269999,False
35.877116902558754,75.54748185346295,0.0007462234131049999,False
35.8766136622896,75.55440813362365,0.0009562823709599999,False
35.87807754099518,75.57225504684816,0.00168596466163,False
35.87796261781718,75.57181929461451,0.000684240559994,False
35.87558983197173,75.57310660076821,0.00307694913475,False
35.874401611492495,75.57250371483578,0.0014481225164099999,False
35.8732306451869,75.57067116423828,0.000534048249925,False
35.87303741977498,75.5706218401445,0.00092608275948,False
35.87300097205689,75.57164776959745,0.000774126619956,False
35.871163701003866,75.57224619769337,0.0061071436100199996,False
35.87039947893571,75.57464485829935,0.0013819765751,False
35.87021345452588,75.57887823960807,0.00187043266317,False
35.86615543935887,75.572665689613,0.00202543924064,False
35.866539941615144,75.57310186937136,0.00328853291371,False
35.867007321573595,75.57444660027569,0.000398021155985,False
35.86692321604345,75.57576651012744,0.000613754208319,False
35.86624488849585,75.57756837325944,0.00027586044053299995,False
35.859532806681656,75.57579687821699,0.0026036184184700002,False
35.859122138539135,75.58543667771947,0.00173100605886,False
35.85608938581166,75.5840549325937,0.0007998261666570001,False
35.85462578887522,75.58134576732289,0.00108419304104,False
35.85578226675118,75.57578142216119,0.00100064961811,False
35.85380149957509,75.57742353121009,0.00204435368875,False
35.853482011538645,75.57628089551848,0.00216797080245,False
35.852576897685346,75.57519294710085,0.00154337159606,False
35.85265675370442,75.57991615807876,0.000869004497657,False
35.85190120098369,75.58036416649334,0.0008950669977879999,False
35.85114015074515,75.58047900583473,0.00158884487535,False
35.850473580960724,75.58167153547204,0.00352471468025,False
35.84858217180608,75.58442739654497,0.000839612319973,False
35.8462062926333,75.5857973813823,0.00103416667696,False
35.844585785318394,75.58199505549786,0.00440990619702,False
35.84361221802353,75.58375824142836,0.0012926328139300002,False
35.84394460048403,75.58348237141422,0.00022561399599099998,False
35.843728273154106,75.58322148089833,0.00046016814760199996,False
35.84365236498961,75.57977801894668,0.0016768158366499998,False
35.84065754063519,75.5764624665795,0.000652728292654,False
35.84102196603969,75.57718553172032,0.0004362094212,False
35.83367515172255,75.57130904563584,0.00500830386706,False
35.83128232703454,75.5825953376371,0.00135884755408,False
35.830242124410255,75.57470699029437,0.0010414295716,False
35.849288395062246,75.57873141140247,0.00152883428037,False
35.863530389415445,75.584321052478,0.000625542222477,False
35.86207355573075,75.58508015202062,0.00030882400881,False
35.836536547670605,75.55140406012484,0.00146272242459,False
35.83376766862219,75.55825074882235,0.00103008512258,False
35.83021130419403,75.56670558906353,0.00104729083266,False
35.83060757676969,75.5712510449696,0.000454536200049,False
35.825954853518574,75.55866850797443,0.00954231773634,False
35.827073176375386,75.55951456062175,0.00180681937522,False
35.826682192985466,75.56068737278945,0.0016704918868899999,False
35.82270063522562,75.56227539022142,0.00160831665349,False
35.82326123855821,75.56359106000993,0.00029815794967599996,False
35.82276265150846,75.56452975975289,0.0007527848424569999,False
35.82132251802178,75.56302519302287,0.00206673694409,False
35.82060720660612,75.5643280447373,0.00652798080393,False
35.81874832390152,75.56601053682935,0.00282134527818,False
35.818818120436,75.56974620758935,0.00319337164687,False
35.86956143859712,75.56816080895203,0.00437832092158,False
35.873270284372175,75.5660568283098,0.0006026458746770001,False
35.8734298817759,75.56552765888127,0.00050669410379,False
35.86743690905742,75.56728965066912,0.0011481821981000001,False
35.87285946788654,75.57912937309973,0.0005611252095209999,False
35.87612299662338,75.57888888838053,0.00144774616812,False
35.87715560688006,75.578602994801,0.000855451815135,False
35.88230915004084,75.57223516598117,0.00044067850135499995,False
35.88608862989964,75.56558107328263,0.00104395471323,False
35.88554677283186,75.56601872337204,0.000391413198244,False
35.88467682970247,75.5631853848688,0.0041668381311599995,False
35.88559890422434,75.5651337485549,0.00177704870421,False
35.89110176981108,75.58273831555333,0.0023712812413,False
35.90044238625446,75.58348278577402,0.00269491755337,False
35.9008751459897,75.58390548881529,0.0007976921310239999,False
35.9025236202058,75.58536887424195,0.000422690043663,False
35.89882053244378,75.58299918827706,0.000494559191986,False
35.89813192614021,75.57681143773088,0.000298241314737,False
35.81372511477402,75.55172823611558,0.00593459574697,False
35.914920267691954,75.62890367504075,0.023381776944900002,False
35.91936893256985,75.62757871059974,0.00361453724456,False
35.91914371515455,75.6346609063782,0.00038806664381,False
35.919023781526036,75.63487320057713,0.00019032783710199998,False
35.91948645092813,75.63264766879658,0.00040381027026100005,False
35.920308482898086,75.6305720323754,0.000173950136544,False
35.92370582615469,75.62680981261501,0.000577787139241,False
35.924302987466305,75.6258118122802,0.000304989674957,False
35.92981138274128,75.61538447581029,0.000678101578679,False
35.93007902343341,75.61459123216413,0.00127185827051,False
35.929944206357476,75.61334912462122,0.000201483814174,False
35.93052383597154,75.61089884307799,0.00219976253417,False
35.934323473343674,75.61546416302949,0.00112963624075,False
35.93387825315482,75.61768039353468,0.00101630189967,False
35.967436917873144,75.61128346847104,0.000437972014023,False
35.96743161333641,75.61287037708956,0.000524294394261,False
35.963098178116496,75.61674730059957,0.00339093541025,False
35.9621420319982,75.61775051733464,0.0017855744313800001,False
35.96134293808816,75.61899869858735,0.0016325786204,False
35.96006107664475,75.61896581856516,0.000106301587207,False
35.95832550111871,75.62315860179154,0.000878379538328,False
35.95406927929968,75.62388579785616,0.000999323330972,False
35.952891776092336,75.62820111680557,0.00123818116198,False
35.95368602974681,75.62891378292198,0.000414476906817,False
35.95117411696851,75.63117415080225,0.0011326910824900002,False
35.951593737856946,75.63061096985996,0.00027799416745700003,False
35.95176251516082,75.62995865448424,0.000304624728134,False
35.950760228729685,75.63324813043432,0.000318496182471,False
35.95029720276658,75.63548564058712,0.0022315960346699997,False
35.94903744590435,75.63328772803641,0.000220027993663,False
35.943271980974735,75.6439535797488,0.000531064873749,False
35.94348932048,75.64216522225176,0.0130518195537,False
35.94348482334319,75.64076348241575,0.000402278189187,False
35.93443216554678,75.65401883028652,0.0020049572176599998,False
35.93245762197338,75.66061958919533,0.00103966261279,False
35.93221059753472,75.66112682264556,0.000434969395069,False
35.92509668901746,75.67052384737478,0.00168254758161,False
35.91622163414381,75.68259996683659,0.0072351001807900005,False
35.91573436130406,75.68316074207922,0.00147401793461,False
35.89071797298958,75.70217449809479,0.0009597060660209999,False
35.85516959228166,75.7065653993457,0.024944007546,False
35.85619552659017,75.70859621442997,0.000256178179862,False
35.85610277610152,75.7082217863897,0.000186826256524,False
35.85633489187077,75.70814527006976,0.000634057282083,False
35.85652978888443,75.70775792575927,0.000952142598688,False
35.85669300673557,75.70716256454762,0.000713157907981,False
35.85817540125708,75.70525090593499,0.000253598619401,False
35.85787763629162,75.70453423067404,0.000623113154632,False
35.85833089027053,75.70127938469156,0.000509065418762,False
35.86080906963445,75.70373929071567,0.000527775866488,False
35.86248541036039,75.7033647452144,0.0006346163192640001,False
35.86451899485557,75.69773837038083,0.000333637478488,False
35.86187993851036,75.69627881073608,0.000793925599914,False
35.86165870765975,75.69569643041103,0.000273318647276,False
35.86204674325277,75.69480868756243,0.000631596409087,False
35.861870066895094,75.69551947497136,0.000312380464298,False
35.862564554696945,75.69469207136184,0.0005550120480589999,False
35.8628169096846,75.69489414322834,0.000339242242406,False
35.86271523189531,75.69452128061047,0.000340362866757,False
35.862527155964145,75.69401325533433,0.00037731147650600004,False
35.861081432590076,75.6922577092533,0.00709898207938,False
35.86290737493788,75.69611853541855,0.0007142137274990001,False
35.86294691391295,75.69549743147181,0.000560557442819,False
35.86290499739136,75.69390138533555,0.000969939954405,False
35.863278232495,75.69543485814732,0.0007157817741049999,False
35.86357931142532,75.6951335420554,0.000409496045366,False
35.863342603058264,75.69338298060508,0.000306543124731,False
35.86637192033882,75.68552114274138,0.00247456933143,False
35.866339724592294,75.68707609558005,0.000756185212838,False
35.86512918493713,75.68693586464617,0.000796934059389,False
35.86692825760056,75.68727751019998,0.00123427829634,False
35.86750300760452,75.6872404855764,0.0005959465944600001,False
35.867608310533235,75.68696264046943,0.000484406226123,False
35.86751044320036,75.68913519285339,0.00105194326677,False
35.8686491779881,75.6861714728727,0.000308694002994,False
35.86855760535185,75.68528452813722,0.000640058383554,False
35.86783248655821,75.68463470473374,0.0008378155053860001,False
35.86701656496626,75.68269451997938,0.0027521385201,False
35.867282279984664,75.68185204586484,0.007916607815870001,False
35.86916839025431,75.68156456638108,0.0027307419979199997,False
35.86887043347698,75.68363993618813,0.005214821999019999,False
35.87119347492381,75.68882230400803,0.000695150930376,False
35.86988070351347,75.68723768209496,0.000461289146599,False
35.87289924558988,75.68530216645738,0.000972671965613,False
35.87240842007237,75.68586492697249,0.0005844788045139999,False
35.87036521698184,75.68366072924833,0.00854892606725,False
35.86951275573673,75.684348501339,0.0006071621152579999,False
35.88763648199567,75.66764185242818,0.00144624092023,False
35.887174158228184,75.66752610330242,0.00197699975775,False
35.890023607426684,75.67369292145551,0.00123004917592,False
35.89038180829694,75.67306682579368,0.000600129730658,False
35.890347863755125,75.67514813834013,0.00150154666814,False
35.821806663648545,75.65286698823232,0.00242376368103,False
35.68851801342503,75.90167721513676,0.004712003001119999,False
35.68852741888724,75.90221717262176,0.000269644007903,False
35.689740615100995,75.90139649097716,0.00635081742897,False
35.6894869953541,75.90218144607262,0.00040953076880100004,False
35.68936904073331,75.89994965192517,0.00197431339509,False
35.6889907720849,75.90037396929122,0.000308641678098,False
35.69128873772151,75.90179625472736,0.000451487717716,False
35.69130018140889,75.90287816760262,0.000648475192936,False
35.69094222321382,75.90387098156822,0.000286670854265,False
35.69201740177456,75.90339839451646,0.000266285940386,False
35.69177864246839,75.90369497138909,0.00020781582922600001,False
35.69342101638303,75.89988970280051,0.00081510399847,False
35.69390037685154,75.8988407125,0.000201829265618,False
35.69419871588799,75.89886676538801,0.0012037674579,False
35.69508436184434,75.89946674499294,0.000323746531851,False
35.69579207794718,75.90228499827757,0.00111650814703,False
35.696547787751015,75.89925422376308,0.00099145181317,False
35.70062651220677,75.90404756587223,0.00270736034775,False
35.700749297808805,75.90283470704642,0.000222123104024,False
35.70040994173628,75.9034662161955,0.00026823750076699997,False
35.70263037389051,75.90521492250227,0.00288315921778,False
35.70430132325769,75.90262885280174,0.00033270873354000004,False
35.70362182440875,75.90127379936663,0.00400548812252,False
35.70263971444069,75.90235042712904,0.000629847561157,False
35.702906668308515,75.9027753907243,0.00013119956192500002,False
35.70598277360185,75.903400964424,0.000522317968488,False
35.70601228576435,75.90049506766967,0.0012140919785799998,False
35.70644323590099,75.90067656228311,0.000361839793973,False
35.70662006257721,75.89795052059544,0.00201732269511,False
35.70685183058679,75.89959374286276,0.00025805385395,False
35.705222003300015,75.89572602647812,0.000670988617403,False
35.705724926475064,75.89489153682342,0.000333556341147,False
35.705478473000426,75.89373877672827,0.00015993949024200002,False
35.70358224947829,75.89516272604678,0.000826141262671,False
35.70330693919569,75.89474322106362,0.000354906361661,False
35.70191909306647,75.89782612775561,0.00026197520591799995,False
35.70164910038759,75.89807638725166,0.000174563484633,False
35.70125805160049,75.89627592460896,0.000263561799289,False
35.701300182350444,75.89550782418881,0.0005756071478229999,False
35.69944367652923,75.8972655013264,0.00105891284591,False
35.699089710142125,75.89837116928268,0.00335315400751,False
35.69949250829964,75.89536074016647,0.000454586188398,False
35.70841407543249,75.90380150632161,0.00203792147527,False
35.709009170538,75.9060229520803,0.00202079246339,False
35.70957213021669,75.90411239949735,0.000851629173718,False
35.70961564716884,75.9029094838895,0.00109589745478,False
35.709744507551186,75.90362019386733,0.0013776301715300002,False
35.71062809390973,75.90482480424052,0.00024960726861,False
35.71187265407951,75.90120982904931,0.0005409921686489999,False
35.712591457128724,75.90044980373095,0.0006009238733519999,False
35.70845603328033,75.89769337790035,0.0009054561980490001,False
35.70919772364081,75.89845383768888,0.00284456161881,False
35.71028889312218,75.89956272959628,0.0006402151453300001,False
35.7138151045356,75.89525433902645,0.000498926235373,False
35.71361405016197,75.89423917046349,0.000315922336342,False
35.71292124827501,75.8937405656487,0.00062760517244,False
35.71265883629315,75.89361647369951,0.000369357928372,False
35.71419382975682,75.89289540534789,0.0008106941405170001,False
35.7154484649331,75.89475792569387,0.000540045971377,False
35.7157925975788,75.8959686971263,0.000676542597323,False
35.71599852716459,75.89587306888328,0.000196383071564,False
35.71657039560836,75.89461079067252,0.000894825171149,False
35.71729478926134,75.89488313147325,0.00143268091762,False
35.71691201092307,75.89489537227882,0.000220401250392,False
35.75700175508444,75.87029151781218,0.000749934405645,False
35.75707043438658,75.86945821811499,0.0005587735021759999,False
35.75607294752626,75.87084185936848,0.000859501759088,False
35.754327643542965,75.86791373640456,0.000511266595676,False
35.753239285876674,75.86990785673011,0.000615440635786,False
35.7530374616709,75.87070950766248,0.00046575075398699997,False
35.75455668017162,75.87257078719729,0.000951221300867,False
35.753791011816524,75.87214643686538,0.000529316442097,False
35.749339123142626,75.87646584816372,0.0014979574201,False
35.74829743445477,75.87745227735495,0.000449711747892,False
35.74832497211165,75.87603892680471,0.00048555190578399997,False
35.74891833969092,75.8769022459857,0.000390457210534,False
35.74922703908085,75.87757227851547,0.000124748437845,False
35.747341161654674,75.87671925167916,0.000440028395436,False
35.72910807931764,75.88461430439396,0.0006193685130710001,False
35.72647219321881,75.88824064496865,0.00134669217887,False
35.72668749334019,75.89238981198785,0.000587502132757,False
35.73056118160864,75.89473940922198,0.0015400096245699998,False
35.731174345353615,75.89427841562673,0.00247264767316,False
35.73213712773736,75.89123352262905,0.000707317058288,False
35.73169181207535,75.8901840989664,0.00040383659984799997,False
35.72266506903,75.89131908161545,0.00204481976791,False
35.72213700674272,75.8918295562323,0.000812327775621,False
35.72166443552656,75.89120509660226,0.000384483173888,False
35.72304368550332,75.89010790913603,0.000374442521192,False
35.719987066385144,75.8927380847541,0.00117597215856,False
35.720236645162665,75.89912093031421,0.0006963065548480001,False
35.719586431002845,75.89989516255827,0.0011044532379,False
35.71939160821785,75.90013691729588,0.000462037587087,False
35.71685043778099,75.89172855403574,0.000528756995341,False
35.69132667393434,75.89878150111376,0.00195771475424,False
35.69141118609936,75.89772033406929,0.000433076778896,False
35.691808916591604,75.89678946908172,0.000160119942426,False
35.691715607291535,75.89713584202602,0.000284119197866,False
35.692992214444544,75.89902203134099,0.000964142109229,False
35.934988686083045,75.91155958091497,0.001014335976,False
35.935136661725714,75.91213673454165,0.000414746574605,False
35.93227510700248,75.91710167830792,0.000686262143592,False
35.930695605861715,75.91778940404252,0.00037547293961499997,False
35.93082558740191,75.91754044511035,9.64171793091e-05,False
35.931131639697504,75.91746483720222,0.000130559491452,False
35.931116011844374,75.91714667220236,0.000215553770631,False
35.93141363279341,75.91701700738106,0.00013823238294199998,False
35.9302794805476,75.91888026499888,0.00051929075891,False
35.93179626153369,75.9194316064963,0.00119918800229,False
35.92955734485249,75.91867906999705,0.000531327396556,False
35.92977135492713,75.91927496956048,0.00015254328201199998,False
35.928754448559516,75.92289131624881,0.000140563458253,False
35.92829210631624,75.92281332608115,0.000405494749775,False
35.92844327416361,75.92308725337739,0.000381923543344,False
35.929406367379094,75.92118195274135,0.000249407465382,False
35.92703392011157,75.92306806787465,0.000117897250721,False
35.927476732013034,75.92474639112078,0.000204271813399,False
35.92257528026073,75.93017551220754,0.00037107238190100004,False
35.92136952509655,75.93158595577594,0.00028726701855699997,False
35.91970691316054,75.93267010445771,0.000349712698579,False
35.91861388874637,75.93288654295465,0.00028226219477799996,False
35.9187330245697,75.93356890479191,0.000306398241938,False
35.918452697593096,75.93429241623859,0.000950221699116,False
35.913257215300014,75.93911126375984,0.00029439831511900004,False
35.91282439618455,75.93962118579672,0.0008041590720279999,False
35.91031415165975,75.94032226969826,0.0010345849716299998,False
35.908656298127305,75.94853263873836,0.0008164750738499999,False
35.90843360688318,75.94872808266027,0.000242067903164,False
35.90826678793195,75.94964368334122,0.000778038346282,False
35.90709053935485,75.95002286179133,0.000555572327378,False
35.90694656725306,75.95043548115711,0.000663054059179,False
35.90737239886297,75.95099791564786,0.00100028665832,False
35.90590008326242,75.95175696442341,0.000233222898366,False
35.904665372791946,75.95577591919536,0.0013252796752300001,False
35.90427429945948,75.95619960814963,0.000437719570305,False
35.90039296284362,75.93706035728601,0.00239489266588,False
35.90118764858623,75.93656926157215,0.000510795988507,False
35.903360201685885,75.93310247110057,0.00047292901508599997,False
35.90322884649019,75.93400701782824,0.000312474800015,False
35.90362614848196,75.93336762041646,0.000558195891365,False
35.90396880262742,75.93271748852631,0.000470353078886,False
35.90368509303526,75.93289638480184,0.000204434242527,False
35.90367962178896,75.9324533393909,0.00027742025669499996,False
35.90480758741743,75.93122486228009,0.000466161983836,False
35.90398115346145,75.92831711669685,0.00105091594555,False
35.90764700504573,75.92660157710368,0.000344186535461,False
35.90991931712288,75.91898619976268,0.0016898059728999999,False
35.90918816069643,75.93356083980882,0.000375471915679,False
35.91036273885896,75.92854772142539,0.00100106374478,False
35.911513123166706,75.92696541115545,0.000763089641387,False
35.91181156716626,75.92227657496946,0.000285336791856,False
35.8173471651521,75.96886445653135,0.0019994865202700002,False
35.82047396019637,75.96548344323836,0.00187454862538,False
35.82622595347234,75.96539134822761,0.000575009976369,False
35.834397010481325,75.96179645464066,0.00191036047305,False
35.83677236416843,75.96580694750301,0.00199892762408,False
35.838929940020776,75.96649239045466,0.00079106626574,False
35.83988898222639,75.95951369944454,0.0022732359753000002,False
35.84270944381361,75.95475431052465,0.00130239506925,False
35.84488206525859,75.954054655207,0.00204958812986,False
35.84522147177718,75.96628726279668,0.0027621339319099996,False
35.8449982359059,75.96891811636064,0.00188626996694,False
35.84996863752643,75.9658600967002,0.00159826424458,False
35.85186688925301,75.96924175824266,0.005585172377459999,False
35.851667392173304,75.966916333742,0.000759483142443,False
35.851203846401305,75.96616346354072,0.000941745670181,False
35.85295383008545,75.9695889117423,0.0025969570974,False
35.855888244174494,75.9715905919931,0.0032896177030600003,False
35.85966292066189,75.97390580341782,0.00078398061767,False
35.860786138179655,75.97549840114978,0.00202660843908,False
35.86597268895093,75.97666283444846,0.00249616428811,False
35.86433420241329,75.97294347910281,0.0006964961461379999,False
35.870497900093625,75.97772004750428,0.00262867625306,False
35.870134587647144,75.97801518812557,0.00102224476191,False
35.873091202525174,75.97873641412593,0.0021005935178599997,False
35.872567214082636,75.97504379201024,0.00184619083112,False
35.8752497139496,75.97991458585192,0.00108871838127,False
35.87546568864664,75.9795904035831,0.0019263546162099998,False
35.875790594633536,75.97907256855498,0.00213473026147,False
35.877764548554126,75.9756433466602,0.000842827970979,False
35.87994331737076,75.97848122972988,0.0016623151252,False
35.88295289536522,75.98111880589315,0.00107926166666,False
35.88302898674287,75.97996904131682,0.00352796332036,False
35.883478381180176,75.9804477952278,0.0027140943612000003,False
35.883056521098176,75.97916861739546,0.004173860401189999,False
35.88405465196416,75.98128932568169,0.00065279399898,False
35.88516780414191,75.98144233028246,0.00659957358947,False
35.886231140812846,75.98139381523887,0.00051266285919,False
35.88658933565104,75.98068394991955,0.00040073961829699997,False
35.88627185960986,75.9804387243414,0.0008686501057489999,False
35.886367403711716,75.97952561691463,0.000336854008859,False
35.885689488294474,75.97929496914588,0.00318009678515,False
35.885753818138866,75.97993162801724,0.000242438020494,False
35.88591570847794,75.98013505929084,0.000191107700433,False
35.88525390420799,75.98009432812368,0.000173695716907,False
35.88507562159243,75.9785781044496,0.0011070583491100002,False
35.885153109332165,75.97828904025805,0.00010316336556,False
35.88413460986938,75.97896850701639,0.00133879357276,False
35.884300938368455,75.97735781036945,0.0010633581087800001,False
35.88309832578214,75.97733781066587,0.0131518291016,False
35.88578047893101,75.97724899039991,0.000524898878518,False
35.88499605870658,75.97714735931947,0.00339405552153,False
35.884821481693145,75.97658980523596,0.000339865963582,False
35.8860002668234,75.9766753497201,0.00216483321089,False
35.886251328474316,75.97840494176239,0.000254700080691,False
35.88757140499005,75.97856995497678,0.000797478640702,False
35.88692996122424,75.98131790443614,0.000297538234063,False
35.88806254531302,75.98144411876626,0.000516296835884,False
35.89077841031062,75.97785300095254,0.00127875565671,False
35.916061156870306,76.00299017003492,0.0190208054076,False
35.915067663494966,76.00341930112734,0.000646257167981,False
35.91486619691649,76.00210786281072,0.0012964269315500002,False
35.91348352310146,76.00076334805769,0.00292699765247,False
35.913179807221425,75.99670935346154,0.0013551767224699999,False
35.912044544505335,75.99509185869064,0.0005319937664,False
35.910193166830524,75.99354712253465,0.00248446144641,False
35.908756104913145,75.99713363375794,0.00214839873816,False
35.90777799843495,75.99298216152413,0.00142516988117,False
35.90785592389744,75.99407353485024,0.00583015393243,False
35.90693023303459,75.99492055071713,0.0006751993152610001,False
35.900233862699174,76.0011371312738,0.00152063482133,False
35.90016330683675,76.00064336974987,0.000580186254235,False
35.900661343618324,76.00212576879294,0.000755227685703,False
35.90288167790513,75.98939523703135,0.0007772719968960001,False
35.90396958209111,75.99002124876411,0.000511041038838,False
35.89805108589423,75.99547734672223,0.0006908413373229999,False
35.897931782186845,75.9950149289833,0.000901820851619,False
35.89727573998113,75.99365923648116,0.00237265130953,False
35.89701187447823,75.99308243192873,0.00108137910246,False
35.8980678420208,75.99194483324642,0.00139133310255,False
35.900208718698764,75.9887765306187,0.00319693267722,False
35.89868962301307,75.98123602336251,0.0023344779203100002,False
35.898368712346034,75.98349284708054,0.000511365458398,False
35.89605153128736,75.98773324668242,0.000361423542982,False
35.89619282453237,75.98814195125743,0.000608159092779,False
35.895176427025575,75.99053069933554,0.000326842106594,False
35.892831762501096,75.98725621151877,0.00171175352859,False
35.89227804162573,75.98640714535011,0.00078089511616,False
35.89274878567936,75.98609412671082,0.000560880781402,False
35.89365158690499,75.98751512553332,0.000822769407663,False
35.89452783560865,75.98434209276182,0.00242987978901,False
35.89429118999541,75.9862337717801,0.00807295650592,False
35.89556193729288,75.98597048878642,0.00040459266251999997,False
35.894449307233025,75.981806482472,0.000859917141655,False
35.89425430131612,75.9814977284872,0.000444603966719,False
35.89479396405508,75.98140204497439,0.000263506422731,False
35.894997599042405,75.98117693949096,0.00044486982686599996,False
35.8961748689383,75.9799026262913,0.00383466386161,False
35.89516261553371,75.98012396996594,0.00044361046751999997,False
35.89572000676558,75.97728513192529,0.000489344173907,False
35.894452974307306,75.97560867005846,0.009211584739739999,False
35.89442338805715,75.97807821539298,0.00368737259124,False
35.892792394487536,75.97304678949288,0.0163305536904,False
35.89403596304791,75.97323887059221,0.00169365839536,False
35.89329645737654,75.97403713475573,0.00213713064855,False
35.89299302425637,75.97614534986604,0.00176596407187,False
35.892316336232966,75.97569681100217,0.00273176894846,False
35.89094456566444,75.97551760692288,0.0018570575185,False
35.891653769020806,75.97578216517302,0.00236815135976,False
35.89054933190085,75.9767559176314,0.0065867972274200005,False
35.89063177134471,75.97924217719896,0.0018013078981199998,False
35.890947749868204,75.97970546901482,0.0016232472883499999,False
35.89180000747543,75.97942570005696,0.00090506927965,False
35.891067307673765,75.9813053060844,0.00183056677166,False
35.88998777448275,75.9844279345476,0.000867470322276,False
35.88842840588578,75.98301303607676,0.00103354023835,False
35.891420899717694,75.984487399634,0.000689280334958,False
35.89186368348625,75.98418327001227,0.0007404415844679999,False
35.89219397377626,75.98450777629029,0.000402313490045,False
35.88986307948976,75.9759559892383,0.000833146572406,False
35.891367050235935,75.95461787657791,0.00172068469284,False
35.8890260042885,75.9570712048394,0.000868949596432,False
35.88727281849382,75.9588700650023,0.0005632001645479999,False
35.88737889127343,75.95589546255086,0.0008394476130079999,False
35.87672885215013,75.96203198817867,0.00363488055191,False
35.876060462750246,75.96201269819835,0.00102755405745,False
35.87616322258629,75.9625503728196,0.000620163315686,False
35.87576524307644,75.96220496335752,0.00134864914473,False
35.87588940694319,75.96359156331343,0.00104667727644,False
35.876598282003464,75.96508460831554,0.00158089724677,False
35.87692081376826,75.9636730753478,0.000497969285633,False
35.87421069569973,75.96349159556777,0.000778109464971,False
35.87299863677329,75.96213272036005,0.000846859012319,False
35.86820667442312,75.96428589645328,0.00077109700358,False
35.86803615673995,75.96452949650671,0.000640556215224,False
35.86846413190688,75.9624417188061,0.00192375788534,False
35.86741865859495,75.96123426595415,0.00090698398821,False
35.866893401378235,75.96241385123466,0.00108735876477,False
35.86688918067339,75.96104100221761,0.00218681706669,False
35.865702456098006,75.96323031736304,0.00365949382749,False
35.86544519061283,75.96212798616523,0.000719811801605,False
35.86049386386541,75.97104669269028,0.0022922235714600003,False
35.86022264898125,75.968273767377,0.00186653352074,False
35.85820104356838,75.9690466681756,0.00115407797497,False
35.858201262213576,75.97365121582301,0.00115260896789,False
35.85824411197381,75.97284922792647,0.0014096429141599999,False
35.85789074745551,75.97042187383764,0.000890129075997,False
35.856011143062744,75.96780024571952,0.00133376501109,False
35.85522885007842,75.9665852419112,0.00287589451409,False
35.85226473097405,75.96379913695515,0.005029223969509999,False
35.84876621558785,75.96328950300506,0.0017413999639199998,False
35.86387917404279,75.9665240637556,0.0019859143772600002,False
35.862650048802244,75.96731300165388,0.00404667211661,False
35.869077142647086,75.96159385065934,0.00253695424047,False
35.876759904451546,75.97928337500281,0.00199577239321,False
35.8779167903016,75.98082436681933,0.0013111241260199999,False
35.88093974281137,75.97510553287222,0.000998098514798,False
35.88058164136281,75.97747909341973,0.0015302368886700001,False
35.8798186323362,75.97556351934672,0.000598425289113,False
35.87891324024912,75.96163667683872,0.000907395221426,False
35.8788542085802,75.9620507715085,0.000375616462734,False
35.878870875241304,75.96091530072474,0.00153511363078,False
35.87965280820287,75.96164015133031,0.0008200011538759999,False
35.78427746461968,76.39338411057098,0.0478528365864,False
35.69175921674642,75.90961728410868,0.00180436233756,False
35.69217305550349,75.90955837219074,0.000146641790244,False
35.69113598559778,75.91045076651307,0.009604565447409999,False
35.7490335815979,75.87752588014753,8.576427573610001e-05,False
35.77828879282666,75.8470034740843,0.0011303532446900002,False
35.88047305015359,75.72978767435998,0.00310610530454,False
35.879981681978464,75.72776339343072,0.00027175811896800004,False
35.91036700954348,75.6315639204753,0.000394103741763,False
35.90985918390783,75.63174799627679,0.0007042576013809999,False
35.9095653173765,75.63212409398146,0.00048538315967699996,False
36.070398243087276,75.36100047002726,0.000949472835938,False
36.070734416223424,75.35933445455598,0.0011879417083200002,False
36.07126096755454,75.35861452967335,0.000885522799537,False
35.80258856595479,75.00817964198674,0.000443628011059,False
36.18557086819179,75.12684814734422,0.000465214958969,False
35.89349733244445,74.88632013983226,0.0314012774205,False
36.17368534449063,74.88239124661031,0.0486782768947,False
36.211367356827324,74.81714930497999,0.0019713195538,False
36.32183326506048,74.85702198190165,3.93064938235,True
36.43009691713368,74.86239474405991,0.127382509995,True
36.593270512027594,75.81685081945852,0.0018211549077,False
36.591969949036354,75.81739273512167,0.011849931175699999,False
36.590554212043635,75.82309590094307,0.0008117943441390001,False
36.59031220425583,75.82264814743847,0.00380569502634,False
36.58953471354254,75.82066666919755,0.00020121104863799998,False
36.589934503526855,75.81324912244852,0.0171562432797,False
36.586263551857826,75.8063370593493,0.00417594313521,False
36.586570212649576,75.80457096983842,0.000920600722225,False
36.547792208114565,75.8059358570969,0.0835346794511,False
36.543580769777606,75.80905468068175,0.00104626793849,False
36.54205957783107,75.80910530934803,0.0023276274647,False
36.52832722476922,75.80205163284437,0.00387694363696,False
36.50022868029429,75.81161777133524,0.0224234012068,False
36.50120175624215,75.81118057163437,0.00198174459406,False
36.504173266754655,75.81243207856616,0.00186736223337,False
36.50718188250931,75.82090965365505,0.00605695205533,False
36.507571900547646,75.82258530199428,0.00411580002633,False
36.510557518740065,75.82004748763688,0.0017039866600299998,False
36.50906708605107,75.81918691461003,0.00652436262248,False
36.510619165834036,75.81823221015061,0.008447700560769999,False
36.5049372500638,75.84412883230846,0.00363240654531,False
36.4344515738565,75.81967096634129,0.0016250977140099998,False
36.434965907551494,75.82593682679497,0.0012375631982100002,False
36.436102653596215,75.82804426481461,0.000627897697202,False
36.437124850906486,75.827491000009,0.00148123096607,False
36.43723358181036,75.82669129969159,0.00505989296144,False
36.43796873583005,75.8275291816503,0.0011659686572400001,False
36.43782221522591,75.8257286806584,0.00387377729824,False
36.437337221967404,75.82404903517651,0.00145474310254,False
36.43861027400031,75.82004709733005,0.000709642965403,False
36.438449473966834,75.81891798519064,0.00098245859279,False
36.43932349884503,75.8197494833808,0.0033963459536800003,False
36.437116285063944,75.81929681671495,0.0006111971581510001,False
36.437132143338424,75.81966857816994,0.000144970923286,False
36.437012235854986,75.8190141129267,0.000178625614945,False
36.43648599170926,75.8200459431954,0.00010989701032499999,False
36.43637183382582,75.82040845862568,0.000273189740336,False
36.413589827216285,75.7341115440351,0.00154256195204,False
36.41429276682848,75.73344210343137,0.00033825875761999997,False
36.64419729801908,75.6992492600669,0.00304474085901,False
36.675894039213915,75.63743694390533,0.00199780479042,False
36.676659044278594,75.63647424573071,0.000804636558687,False
36.73918839948144,75.64969270805304,0.000950602867329,False
36.74173962965932,75.6476175209579,0.00179813549579,False
36.72648418657853,75.65591477162562,0.0034932592917000004,False
36.72883187907754,75.65658684410732,0.00105440229213,False
36.72913603544972,75.65755312731719,0.00130868177707,False
36.64772289401257,75.65638254711071,0.00218065865395,False
36.64783815802116,75.65589209989953,0.000988886661872,False
36.53271643319994,75.67206769525016,0.00191238360241,False
36.524250026472416,75.66665620291892,0.00167662794246,False
36.50729426668828,75.65988230769787,0.00511092892832,False
36.47921081190368,75.71766945654969,0.00948724447892,False
36.47888444844526,75.7184497128836,0.00100066532495,False
36.480478370108806,75.61786552126924,0.00108533380781,False
36.43645764161085,75.70788131433305,0.0005850413554719999,False
36.43716911395056,75.70784948876434,0.000210436502942,False
36.43826183162104,75.70883324969003,0.000574618256956,False
36.43859558820913,75.710410513352,0.0006085686863739999,False
36.43868279828988,75.71150311609158,0.00175999841083,False
36.43911829919046,75.70904878953996,0.001250664373,False
36.44090020577236,75.70945425039393,0.000322501638782,False
36.44131997474205,75.71133125282634,0.000933292113529,False
36.44135094060251,75.7103964805037,0.0020019850205,False
36.441950407680835,75.71059908313805,0.000933705491517,False
36.44228563614378,75.71041823972642,0.00235404670163,False
36.44150676717776,75.70898455945601,0.00162670853743,False
36.442157143177546,75.70889405780645,0.0031716136349799998,False
36.442484165827715,75.71336869903921,0.0008699761920869999,False
36.44247592698435,75.71245206353058,0.0015399373326299998,False
36.442038003324825,75.7128213622471,0.000317780554015,False
36.44346198479331,75.71281485189101,0.0018722826696699999,False
36.44651743371351,75.71480672871694,0.00202519306,False
36.44640285903886,75.71302017376193,0.0017152319600599998,False
36.44617473084958,75.71369163845507,0.000279570899955,False
36.44667161506772,75.71405533120627,0.00012896593134700002,False
36.44739868228696,75.71411732269212,0.0024192715195199997,False
36.44624088724756,75.71115472869617,0.0021375005794200003,False
36.446572706371775,75.7118242811986,0.0022300752015899997,False
36.447006310082955,75.71248841186153,0.000368935734392,False
36.44744384952865,75.71200747626114,0.0032539366046199997,False
36.44792208414225,75.7115741914324,0.0006135220683689999,False
36.44768248891563,75.71096986008442,0.00119097702761,False
36.44819109908558,75.71034259116662,0.0158990446145,False
36.44883704799126,75.70819434726114,0.00129773207253,False
36.4475251843268,75.70812929991145,0.000450791093289,False
36.44764095863945,75.70791325728204,0.00017108370141399998,False
36.44787349377085,75.70751055727189,0.000218600809428,False
36.4480411363286,75.70789380837948,0.000276543065766,False
36.44717933484056,75.70687892743481,0.004460703173629999,False
36.4468787968154,75.70780982814775,0.0013312932822099998,False
36.44641269663686,75.70781122118801,0.0011635397865299999,False
36.44547106632716,75.70740993805832,0.00254075241374,False
36.44462550028706,75.70820350633544,0.000932732635423,False
36.44402386553382,75.7097615676209,0.00218868457481,False
36.44381917818488,75.71016516484553,0.000473165440386,False
36.44528509461079,75.71350301559274,0.0215978463834,False
36.44618536929428,75.71038498312147,0.0025017199506400002,False
36.44654466536832,75.70934098155544,0.00029967395192599997,False
36.44675635799068,75.70857222442069,0.00921050049911,False
36.44400513287358,75.70655733161378,0.00217528177915,False
36.44386654150297,75.70451806294282,0.00207407488202,False
36.443834786343835,75.70530232245352,0.00434537102813,False
36.442060778614454,75.70597825508865,0.0018444037725400002,False
36.44135196025474,75.70608247142225,0.000450486931998,False
36.44175376160236,75.7051152129254,0.00169357126795,False
36.4407867016592,75.70497087733756,0.0057957618102,False
36.44112724301005,75.70403391515809,0.0022957271492,False
36.44135721440331,75.70327831854763,0.00123148210597,False
36.44217734672339,75.70322342644386,0.000484127024886,False
36.442667696445035,75.70510045501516,0.0128800392847,False
36.44325555229781,75.70605906183852,0.000201652159518,False
36.448508019841725,75.71521525952967,0.0008495291333400001,False
36.44889667882702,75.71333675017459,0.000758500104934,False
36.44948069532704,75.71185277293755,0.0026495178099,False
36.45040156398474,75.71242288254776,0.0024420765945600002,False
36.450462830586375,75.7137538790299,0.000548557726784,False
36.452118842216755,75.71391131316032,0.000461125434747,False
36.45187460858353,75.71368156319576,0.000407598616367,False
36.45260009152119,75.71430192163804,0.000566856136364,False
36.45258944926424,75.71389756461305,0.000440375020658,False
36.4529896227609,75.71491410208398,0.0007659679223509999,False
36.45167891477993,75.72138103503504,0.000991355892773,False
36.45374162070967,75.71453287261646,0.00515094432419,False
36.454173372444615,75.71523706909836,0.00035146299351599997,False
36.454536182064196,75.71543810345152,0.000514858850665,False
36.45518015537265,75.71540330875494,0.000784116007508,False
36.45494122289532,75.71471662671433,0.000621906522501,False
36.45547269144679,75.71506914578863,0.00163201759704,False
36.455812117088335,75.71509424703048,0.00015746683988999998,False
36.45650365029847,75.71548173235932,0.000287546330183,False
36.45754073858827,75.71276874079891,0.00100489731913,False
36.457779430095506,75.70898284360695,0.0006589119539,False
36.45798841518803,75.70937351792128,0.000613145846129,False
36.455238897662824,75.71097854242768,0.000118626509663,False
36.45475233648268,75.70815015603306,0.0010505307476999998,False
36.46370186339976,75.70977080954141,0.00117121408908,False
36.470224370084146,75.71350195047827,0.0006537472130390001,False
36.47165816154954,75.72712046469726,0.00172727785902,False
36.47231106545855,75.72672718989253,0.000359643378686,False
36.47682911729345,75.73061858537328,0.00255257369907,False
36.483515844679296,75.72250628040054,0.0009089332065889999,False
36.37279763798327,75.70151102879059,0.0023316899774,False
36.37718007942789,75.69729852591603,0.00130975999793,False
36.377646865031416,75.6976258132189,0.000889020499017,False
36.63179981937407,75.62270330128898,0.00107567652492,False
36.63219802328086,75.62119195989112,0.00440844387188,False
36.5492763669085,75.61466095453534,0.00176111963552,False
36.548860138047495,75.6128773018405,0.00155753096551,False
36.389394750370556,75.59228856131372,0.0013196983644399999,False
36.33168513884139,75.48265898530686,0.0008935560236119999,False
36.333368846925396,75.48164630684315,0.00191308030562,False
36.335002508708115,75.48090431267042,0.0005594943095899999,False
36.3349880494126,75.48263803864536,0.000546566486165,False
36.33526874463815,75.48175324676671,0.000513289038561,False
36.33348573741274,75.47989493325709,0.0008623334511849999,False
36.33416978760399,75.47894305557702,0.00045072567345599997,False
36.33496202908124,75.47788298688654,0.000319081843757,False
36.33546037235015,75.47819331414301,0.000583867898598,False
36.33441684489637,75.48162595955503,0.00071951405167,False
36.33559303919239,75.47872987478219,0.00113826682069,False
36.335221835959665,75.45478222238825,0.000683110552341,False
36.33620991022715,75.45492554866036,0.00103174406186,False
36.33694920314782,75.45076944796853,0.00205200441434,False
36.335616856722254,75.45668001857125,0.000998879240554,False
36.3365384972546,75.4487929861224,0.0029357286387099997,False
36.54493244066932,75.3420970507564,0.00293271700853,False
36.54723703105651,75.34472983037844,0.0487173449885,False
36.563690409959605,75.27852407569284,0.0041097910881300005,False
36.49845985302788,75.22376135644194,0.00377905640243,False
36.492071767989934,75.23398540988877,0.00103525253788,False
36.50271864822087,75.23433455825433,0.00223828678237,False
36.56387339968791,75.18754371648772,0.0027347227960800003,False
36.56456305335511,75.18821660844432,0.00410138250477,False
36.56341230790644,75.1898372742728,0.007316489564829999,False
36.563996466451115,75.19263759294184,0.00554667840999,False
36.57269401974494,75.19496930391252,0.00938736607072,False
36.574955928606045,75.19452081508238,0.00337317501374,False
36.571877794030705,75.19126862889769,0.0193667679579,False
36.58038593573389,75.19607620001138,0.00042625420246800004,False
36.581231931716374,75.19608937200732,0.000587504189625,False
36.58385199677049,75.19875354134574,0.00170442023021,False
36.57697437614167,75.19966441070254,0.0005074146120319999,False
36.57275029648673,75.20433140584086,0.00285023283156,False
36.5763886125258,75.19587109656416,0.0019376993168799999,False
36.59639235892964,75.18745755047286,0.00282183484818,False
36.59778676790458,75.18615825322395,0.00106241681305,False
36.599600309148194,75.18932005694536,0.00162469261726,False
36.59747362043466,75.1904552664647,0.00038485961496499997,False
36.597494672883016,75.18983882931934,0.0001086894151,False
36.59310888552531,75.15383946912698,0.00306887951262,False
36.6139824737179,74.54332183421597,0.000818487758322,False
36.61273401171863,74.54690542991297,0.0021016454744799996,False
36.61307732723616,74.54588001582944,0.006904725993469999,False
36.61228306255992,74.55142888862044,0.00644867968508,False
36.60969128188024,74.57773236923641,0.00129547334661,False
36.6071592240384,74.58244194587513,0.000842736205092,False
36.60608676871729,74.58239535683416,0.00111211498093,False
36.60656130000458,74.59002907815623,0.00111105875846,False
36.603821110079565,74.59370062304615,0.00165902183199,False
36.59991651543156,74.59391668506605,0.00111897117876,False
36.59956829992442,74.5957927989075,0.0014339395602699998,False
36.596724241583836,74.60075355276417,0.00315384347548,False
36.59662580790348,74.60211095706559,0.00269766864834,False
36.59231384698355,74.59760830189474,0.00287175488084,False
36.592550651443794,74.5992330978839,0.0022246051315200003,False
36.59233837839672,74.59956204232884,0.00032547468835799996,False
36.59277339281993,74.60469768919229,0.00104160857336,False
36.5939583247925,74.60547908920533,0.000714154649391,False
36.59335909754086,74.60532879713291,0.00108077542451,False
36.59224351901458,74.60391041819682,0.0029515630571100003,False
36.59379636876237,74.59696442624633,0.00293012389437,False
36.58642341256688,74.60943611640717,0.0016700560361,False
36.58551019748928,74.6090694650161,0.00322506250087,False
36.58580551125601,74.61340233782153,0.00501331581035,False
36.58803910224034,74.61110853644296,0.00325169051123,False
36.5866760993044,74.61220050870119,0.00293155861335,False
36.580892714113084,74.61793016375466,0.00556505828972,False
36.579897528440185,74.61809298594142,0.00469265961768,False
36.572986960139204,74.62800090443358,0.00350576762656,False
36.56958242453563,74.63164693049069,0.004171405294150001,False
36.56965643017613,74.62579693772044,0.004805982948290001,False
36.56305356919452,74.63052900831713,0.015619803255999999,False
36.5592063671673,74.6299423085113,0.00416016962319,False
36.56007748728759,74.63161421119634,0.00421854298113,False
36.555287478948884,74.62213451571172,0.0170698411982,False
36.55401663650001,74.62289518851244,0.00343815798542,False
36.55389002443664,74.62328289642326,0.000838613740886,False
36.57223901892873,74.60922266427201,0.00140214887622,False
36.57322555827186,74.60800610693335,0.00122144315093,False
36.577742699649974,74.5999974372582,0.0025367532535,False
36.57804866221274,74.5991457063258,0.00391404361693,False
36.58057419400314,74.59653521394274,0.00191408034817,False
36.58470981906287,74.59016118246592,0.000859205069516,False
36.59355742334138,74.58178793299152,0.0030085878548599997,False
36.594856479611515,74.57807583389578,0.00111656872567,False
36.59579691515166,74.57521533324787,0.00213665052437,False
36.59625784293742,74.5737669033241,0.00150980954911,False
36.59644805306589,74.56465354513517,0.0036446578937600004,False
36.59982454866742,74.5608053166266,0.00198068582365,False
36.60063940023809,74.56127175444307,0.00148579647405,False
36.55381926301772,74.63318372580852,0.0034576631252900003,False
36.56048130843327,74.64047050990128,0.00438524224796,False
36.54713001016938,74.65611669365882,0.00229481786554,False
36.54769327303242,74.66239437017343,0.00316931057934,False
36.549005347684265,74.67463740317504,0.00230944647314,False
36.548720086826286,74.67964050684202,0.00260903650676,False
36.5485266664971,74.68050336463699,0.00210017718419,False
36.548536645343056,74.68105170212363,0.0006499806221569999,False
36.54633569613593,74.72715048025313,0.00566065642109,False
36.54651365372525,74.72615108167506,0.00114347094997,False
36.54278862530221,74.72850867848561,0.00346570482982,False
36.54287180217012,74.73670523074595,0.00329049630952,False
36.53213577734128,74.74335571834257,0.0075593289002399994,False
36.53187837707283,74.74658421569612,0.00348501008749,False
36.532463805340484,74.7469467116758,0.0014939721395500001,False
36.53201575989549,74.74777515120425,0.00665482230507,False
36.532314246748705,74.75042205077085,0.00195833572674,False
36.53372688317509,74.7505316496051,0.00143405946031,False
36.53460909987727,74.75012656677653,0.00180177091512,False
36.533285053879084,74.74735077835221,0.00209184552734,False
36.53186792364721,74.75117167078496,0.0016801803032000001,False
36.530084544092084,74.75227919275872,0.00131675657103,False
36.52949265512623,74.75233859462107,0.00443928931813,False
36.52836530205901,74.76093333142882,0.0179237925811,False
36.5282261200982,74.6705815443645,0.00559143713125,False
36.52837435447249,74.67191475702667,0.00144641752727,False
36.53192110354077,74.71646473058816,0.00633040874484,False
36.524775835353424,74.73064158755638,0.0053946206328,False
36.52801200245231,74.76300508125797,0.00120284542018,False
36.525849297372716,74.7696339166855,0.00177373135264,False
36.52525324118573,74.77282531804653,0.00806287186142,False
36.525694641179,74.77235067707181,0.00126177906395,False
36.52248693800078,74.77477965023338,0.00280096174724,False
36.52360654505242,74.77526332853452,0.00182680988478,False
36.52326437175375,74.77477986667623,0.00145386475624,False
36.52485407890741,74.7753897450201,0.0056474519115200005,False
36.52528669112858,74.77496503763388,0.00127063552605,False
36.52549420347168,74.77557244442231,0.000972087310946,False
36.52556285345595,74.77448399461613,0.00241073838364,False
36.52513471634911,74.77418765860583,0.0011359406158399999,False
36.52650912028611,74.77447303505515,0.0008969475366,False
36.52632445017289,74.7760384402196,0.0172260722516,False
36.52261696390849,74.77833861667726,0.0030369829353,False
36.52222829024454,74.77914909539986,0.0039097862729,False
36.52160495630153,74.77293287633557,0.00285082846456,False
36.52178237448326,74.7717129303426,0.0037898171676000003,False
36.521614011836164,74.77102943006065,0.000804658262565,False
36.52242634150895,74.77048637311933,0.00123313004512,False
36.52388462003031,74.77224385787054,0.00100602807898,False
36.52523280343632,74.7711486324936,0.00167631774574,False
36.52532346464948,74.7700955400953,0.000915867422825,False
36.525585173790525,74.77076554798244,0.00027348327645000003,False
36.526239476240136,74.77152377986563,0.0028281839664899997,False
36.52628967575319,74.7698617288049,0.000806104738828,False
36.52643691987502,74.77023304177841,0.0012638238346200001,False
36.52168760151959,74.78283886125463,0.0157408585771,False
36.52028788652477,74.77788508123223,0.0009760046042789999,False
36.52165858415179,74.77767245494728,0.00233936156555,False
36.505195948774386,74.84229842774961,0.00111479959921,False
36.505221262726046,74.83719874884522,0.000901165550232,False
36.50381704003615,74.83704332803072,0.0016188314672100001,False
36.503461511343815,74.82917405281059,0.000413127670753,False
36.498508666462094,74.84487157505633,0.00179501893797,False
36.49823272771135,74.8452898233008,0.00172073911064,False
36.498415459717705,74.84113508282856,0.00677647170384,False
36.49991868398045,74.83896148256656,0.000769819662684,False
36.50054775646806,74.84106857683771,0.000482110434313,False
36.500547597083845,74.842325222007,0.000824353398135,False
36.49662035849253,74.83866399497921,0.00550219240266,False
36.49672325433468,74.83760286250106,0.0013741349542400001,False
36.49534374783,74.83480749163796,0.008797509058870001,False
36.49648075623047,74.8340483697728,0.0005471512612269999,False
36.49633790991201,74.8337204247839,0.00079261031542,False
36.49685731433612,74.83348170344414,0.0037904523648,False
36.494237708561776,74.83076573179585,0.00599200050621,False
36.49317414260834,74.83190909965795,0.00354037903391,False
36.493959085652534,74.82673962358392,0.0022571346024600003,False
36.49614815179252,74.82729550549661,0.0010635267255599999,False
36.49467960292304,74.82346260434129,0.0005615202220129999,False
36.492674153211226,74.82051328775476,0.0026338114195899997,False
36.49263472665778,74.82148906145089,0.000529404247995,False
36.49343454215614,74.81928786926116,0.000589235004584,False
36.494019001321696,74.8189895745078,0.000912677870133,False
36.498434469235804,74.82180953288848,0.0012492893396,False
36.50182287295638,74.8192306427518,0.00618601282391,False
36.50445151815687,74.82059977228481,0.00329826829116,False
36.50619285233384,74.81701866128135,0.00464670574929,False
36.50489763370808,74.81505781576075,0.00337804220037,False
36.50451346784744,74.81328504851902,0.00453012864502,False
36.5051708590886,74.80929199075834,0.000683222030153,False
36.50379035889575,74.80830588790037,0.0158964796988,False
36.49730422524754,74.80631101244799,0.00170856332489,False
36.499105595984396,74.79969125734972,0.00199568380156,False
36.4984213920501,74.80056074462014,0.000684919387433,False
36.500238836443714,74.79364674137848,0.00308552949982,False
36.50780633037892,74.79982757219857,0.0027998420568299998,False
36.50711341237679,74.79981955458749,0.00337067983915,False
36.509426397805164,74.79751801451128,0.000994083713937,False
36.510311438136235,74.79901803842824,0.004600343110699999,False
36.51218330261886,74.79955865167763,0.00282820176498,False
36.512912760896825,74.80088983659067,0.00605913551785,False
36.514445068948305,74.79933950338035,0.0011018912953700002,False
36.51494534801674,74.8000410285768,0.000877200362616,False
36.51428346404327,74.8019784512474,0.004406953495089999,False
36.51029203928426,74.79319766586237,0.00338800877537,False
36.509547554510824,74.79161830924463,0.00540304273808,False
36.511528147413884,74.79115734745231,0.00137621356666,False
36.51359060883547,74.78659834476956,0.00286619316121,False
36.51513791767884,74.78986971360031,0.00523206720444,False
36.514719904845435,74.78848659437176,0.0022139295221000003,False
36.515583671816366,74.786350432311,0.0010143237063399999,False
36.514113182054516,74.78387338791586,0.00152419828703,False
36.5139490931874,74.78435916496859,0.00180870571069,False
36.517805761825024,74.7876000003028,0.00479856104291,False
36.51797528464981,74.78655515628691,0.0009394742940109999,False
36.519018306285865,74.78831219326018,0.00832057004868,False
36.51940698959691,74.79131934311812,0.00340812545876,False
36.519865843312,74.79030548747672,0.00197935830438,False
36.52131035644103,74.78550703280389,0.00137486375408,False
36.52102748343626,74.78766301931525,0.000613780344157,False
36.52007478805782,74.78562383946672,0.00127548809532,False
36.51961590823772,74.78648381595305,0.0008661587609660001,False
36.52375378850071,74.77852571951188,0.0026262134982,False
36.527658460053765,74.76591054224608,0.00281283297119,False
36.5278081114391,74.76390202053332,0.00102757771122,False
36.527771322412086,74.7645977416661,0.0006568577249810001,False
36.52764079095003,74.76519167781612,0.00107547613062,False
36.527812168909406,74.76725279007536,0.00105115911215,False
36.50594797620106,74.77704887637549,0.0278192663158,False
36.48798943828867,75.06031912952417,0.0030239681275500002,False
36.336794749364024,74.96476295234426,0.00271979632589,False
36.27953384598283,74.97646751265985,0.00123092682124,False
36.27566863806099,74.9742586597133,0.00112057376228,False
36.27518597297172,74.97316771659088,0.000350506816954,False
36.26296739914047,74.97155823163592,0.000384741881608,False
36.26696428425233,74.90648951741169,0.0020291663160000003,False
36.26410029894704,74.91112360610103,0.0008428919480209999,False
36.259527710768225,74.92641606116327,0.00135777328448,False
36.47530877085416,74.7381073904924,0.0031154311882799998,False
36.47362338610912,74.74064220426457,0.000987090726871,False
36.477301543369606,74.71509406924115,0.004271416931020001,False
36.45351363199074,74.52431560347311,0.00367591084026,False
36.455290960644696,74.5151850107704,0.00139476337916,False
36.609437381487695,74.57867936711452,0.000267670991188,False
36.60792918924371,74.58223903499022,0.00102001138231,False
36.52684579764573,74.69179344516338,0.009038913402980001,False
36.513510889589575,74.85393189570664,0.00151399153379,False
36.548333437722675,75.35305526249677,0.0022950927294799997,False
36.44411746799485,75.679145149195,0.0637852816313,False
36.43938575552511,75.68572522368012,0.267906375725,True
36.55525258697329,75.66437921904406,0.0154444960689,False
36.88544026078744,73.38152960911327,0.026519684400400003,False
36.884526151856356,73.38684623788058,0.00767363548754,False
36.875295700446735,73.40130782320503,0.00337277310681,False
36.88076785107013,73.4030133977228,0.05484389760570001,False
36.879345818630064,73.40904814119949,0.0058248289435300004,False
36.87985236830305,73.41147361995804,0.0325985433634,False
36.88790241493085,73.40699344637892,0.0396149298182,False
36.8921383453071,73.40840053709675,0.095922703463,False
36.893802123667875,73.40553399106012,0.0036086472809799997,False
36.895763539998505,73.40378123269811,0.055710114782600004,False
36.89615215448656,73.41592259688345,0.011901205804200002,False
36.89931529815944,73.41924003916655,0.0319753262894,False
36.88551071853507,73.42822874276655,0.18264774883999998,True
36.86747649845888,73.39259368308404,0.00464277027069,False
36.86697658082728,73.40047695510377,0.0123003262783,False
36.86637155829702,73.40594578670907,0.00186460894001,False
36.86623941797678,73.41240747428637,0.007436339042169999,False
36.86483306447064,73.41108723046761,0.00100447276465,False
36.85966784896214,73.41535387092158,0.0110063782714,False
36.85921275105722,73.42198674981182,0.00504231393232,False
36.861675534985544,73.44922547491744,0.012464589115299999,False
36.86015035539089,73.44636040836114,0.0264887838299,False
36.85913826529719,73.45012830221408,0.0187417483466,False
36.8604048303159,73.45203592729263,0.00344998991641,False
36.85671035164902,73.45118973729159,0.0043195253883799994,False
36.855827023360135,73.45264923365363,0.0151118064416,False
36.851866666765034,73.45979006415823,0.00196804464106,False
36.85431614897094,73.46405700575136,0.0137663229229,False
36.84769736919956,73.493986745896,0.000628873472513,False
36.84689666373086,73.49633362320759,0.0104054730845,False
36.84402553477393,73.50316843764939,0.0214711898553,False
36.84347194263062,73.50087760118171,0.00149796025238,False
36.846980493985505,73.49813259577951,0.01166762254,False
36.84461555169833,73.5009626706422,0.00593381079046,False
36.84038549474239,73.5076001572685,0.00346707854605,False
36.83829292124068,73.51079648640459,0.000686742117033,False
36.83762026698776,73.5133568192714,0.00151500818747,False
36.83601174822261,73.51613624059578,0.0194668573087,False
36.83201187383267,73.53453671605705,0.0164176375511,False
36.831033915587284,73.53732378900077,0.0168707110641,False
36.82853939062337,73.53812785199503,0.035705700582199996,False
36.82628117559613,73.53692030573748,0.00169806172296,False
36.8269316270708,73.543720530879,0.0314484671612,False
36.82684674070231,73.54933734367594,0.0014507216773,False
36.82256566369092,73.5402856501103,0.00979721276503,False
36.85808151386478,73.42219450542079,0.000821264202667,False
36.79597662783475,73.36355847437835,0.0343280913479,False
36.84253749083079,73.41821155150788,0.00107870259206,False
36.780847794022215,73.46072919257527,0.0030835903226700003,False
36.7898448856112,73.48942618854352,0.0008434837402450001,False
36.86787277966649,73.6729417341111,0.143538912616,True
36.88151976773954,73.6744829906537,0.042919735938600004,False
36.880855482649025,73.67682910837928,0.00105783912248,False
36.8783665579445,73.68546936278146,0.0283681978892,False
36.878288902877024,73.68728694978081,0.0028727830459400003,False
36.87936030749258,73.70412691542481,2.65352383804,True
36.8831155811496,73.72315314660419,0.00182606130405,False
36.87951013139119,73.75183173750126,0.0017897825024199999,False
36.878359772600334,73.75599534832995,0.00143398098482,False
36.87806588666277,73.75733754008525,0.00197476806039,False
36.869391849916184,73.76152359846087,0.00149278359981,False
36.85940282895028,73.75532439311753,0.00198806719206,False
36.764239398047124,73.67697888846524,0.0021794555467000002,False
36.761801050775695,73.67843557560617,0.00215068659115,False
36.92668705968176,73.73676062437639,0.00118390007358,False
36.92620388341412,73.7355492983964,0.000286549662994,False
36.8632794685578,73.80085103896346,0.0016003796589399999,False
36.862938144645845,73.8025122334464,0.00108081049125,False
36.862743274508674,73.8029982567251,0.000218657019865,False
36.77657849672988,73.96193048537361,0.000324020591378,False
36.79273334436401,73.99714508368761,0.000964361411168,False
36.78703760781215,73.99049573943203,0.00028502322302200004,False
36.776917650102206,74.00196385022427,0.00251207623402,False
36.77103031926903,74.00003381921937,0.00198063570585,False
36.76866553623375,74.05316240338406,0.00044242965574099995,False
36.81257605236016,74.157885962134,0.0058477777931600005,False
36.81724725092592,74.17898012462105,0.000669165710591,False
36.823811653415945,74.17676369672802,0.0023445564276,False
36.82643550732159,74.20600275963947,0.0031071388615,False
36.79602587530338,74.26622514595759,0.00333559828368,False
36.76625272373253,74.24891884105732,0.00315263917564,False
36.734288449205955,74.25736108235053,0.00044304137087999997,False
36.6336226150171,73.90368702428675,0.0005416248218419999,False
36.60813122116841,73.88534771800022,0.000531682029083,False
36.60801723400364,73.8827819560127,0.0503117669731,False
36.60077718681469,73.86176477669089,0.0232872807718,False
36.67631684668823,73.72946707452057,0.0204931531269,False
36.674578030413755,73.72899265587395,0.00177800908616,False
36.67307962765841,73.72715136826758,0.000298444108889,False
36.62997118623404,73.6727709002478,0.00105816089909,False
36.64956629710984,73.66265211909669,0.00699850213679,False
36.644066715002616,73.64614996031855,1.06236902818,True
36.6423501648874,73.40619887945444,0.163888140691,True
36.561408198864235,73.59535376595083,0.0219047005919,False
36.52368331300881,73.5907509344103,0.0155649611447,False
36.62313360162675,73.47365978810859,0.0404201476777,False
36.89085054353046,73.9874404291276,0.0238072441092,False
36.8856373184205,73.99119174124576,0.000842824840667,False
36.856418344084275,73.95559885922044,0.00589980503842,False
36.59613890154549,73.69318587858096,0.00253128600765,False
36.59245935438128,73.68965360218749,0.000195231176156,False
36.59877045902582,73.49890141575526,0.0019394764155800002,False
36.59792843998217,73.49827811019964,0.00107921680346,False
36.59728206813047,73.49774340948316,0.000628657215841,False
36.87354059813423,73.72134794240027,0.0014515481578799999,False
36.860804403220214,73.35358384241667,0.000406411854806,False
36.836313429599095,73.34852465336311,0.000431468568977,False
36.862463672716565,73.37460005804579,0.000417138924668,False
36.92189965418987,73.4191605851377,0.0030634113635099997,False
36.82538945316189,73.41941336430685,0.024920817933099998,False
36.91286144803753,73.54417471294401,0.00028005991209299996,False
36.66167418108539,73.62218913103273,0.000744371797024,False
36.66063334764292,73.62140915838225,0.0128160203843,False
36.810469204647866,73.70505072030643,0.00701844323702,False
36.62297349458617,73.70645264121173,0.000409894272939,False
36.62270561700837,73.7063659460018,0.000221260701412,False
36.66804810124901,73.7315029209089,0.000428797494173,False
36.67028926793756,73.7317777063044,0.0007853751128599999,False
36.67126274628248,73.73248387781582,0.000191182403552,False
36.67317555694781,73.73076551698657,0.000447618102853,False
36.672568437700484,73.73067778005816,0.00023895091218900002,False
36.67898453882504,73.73720667076147,0.000511210335346,False
36.67925727129101,73.73598055754184,0.00014003552778100003,False
36.62968085967651,73.75027994899102,0.038219560487100006,False
36.632493418975066,73.79653851926786,0.000965733430256,False
36.613490879201926,73.90053736723033,0.00321538850684,False
36.646971317068264,73.91383680281442,0.0010702391914,False
36.81091286033282,73.71594047342337,0.000715510382129,False
36.807117411334715,73.72641738469774,0.000651471052909,False
36.603228998712424,73.66920218039192,0.00917193252809,False
36.592670788063195,73.68908471232203,0.000629175348067,False
36.59206154739043,73.68894738658352,0.00110068388109,False
36.61989694555447,73.69669362187697,0.000750896110071,False
36.795738020911145,73.99502103477171,0.00098923337067,False
36.88665204656425,74.03062981306068,0.00046819188205,False
36.76126319574405,74.06608053954294,0.0022784533016700003,False
36.80468117563425,74.12095066802864,0.0029517463286399996,False
36.801002957112956,74.11655467271427,0.00201210533394,False
36.80282275989967,74.11308283108178,0.0008543275834160001,False
36.80440090039551,74.20510677497829,0.000143854442009,False
36.80436313095692,74.20477781359445,0.000385645337083,False
36.80248605807976,74.20733943768352,0.00148852734018,False
36.801625242914014,74.20721487928503,0.000130926158211,False
36.873796302691886,74.28238154869732,0.000388536841918,False
36.87501259507934,74.2789178237208,0.000313896895248,False
36.72686384681577,74.25265732411481,0.000364052867026,False
36.74620954921215,74.26936765934234,0.0033879728332499998,False
36.707205613358305,74.25786920237272,0.00041138959209900005,False
36.83881287617018,73.91967650208423,0.000868128561688,False
36.83928580017457,73.90955725202146,0.0011313330465300001,False
36.839125028995234,73.90688986139665,0.000180013877355,False
36.84009738100984,73.91584340073784,0.00021032221823500001,False
36.847594298317226,73.90280400766945,0.000306506340242,False
36.847606382988495,73.90192051582467,0.00198379470813,False
36.84735988341692,73.9023185693852,0.000164159936741,False
36.847372725042355,73.90168512552252,0.00014419362973,False
36.8473349283565,73.90191047024392,5.70777347359e-05,False
36.84679532839234,73.90505148869332,0.000438623313579,False
36.846811280878185,73.90459877702641,1.5588685598e-05,False
36.8543132371631,73.79141119391444,0.000997620534639,False
36.91024086399044,73.78967003055745,0.00284888704534,False
36.91268389914897,73.79433946179597,0.000497697762406,False
36.52753004493757,73.48030098736258,0.000437321683707,False
36.66585957854549,73.60189635621563,0.00598270507863,False
36.58367955175088,73.61295909287391,0.00027037208740300005,False
36.58058647234936,73.6168652509485,0.00329379355824,False
36.681515747654664,73.78515769684843,0.000403482365704,False
36.67245283826517,73.79972596671634,0.000141960255975,False
36.671805450353,73.79935023035797,0.00162063464695,False
36.70928817845843,74.14079707434155,0.000205299789009,False
36.70987720849716,74.14084945604982,0.00157555349187,False
36.2291430771222,75.85466945838894,0.00869592936958,False
36.286984018486415,75.81019797026553,0.00273993593609,False
36.28691509418662,75.81117788140864,0.000658425953185,False
36.286033724479296,75.81198934665835,0.00140561181079,False
36.28654601950748,75.81171641494686,0.00260462777719,False
36.28774718541924,75.81155889382431,0.000574888801951,False
36.28565670545649,75.81208318157302,0.000238876521833,False
36.28583977622035,75.81294696674645,0.00376495561533,False
36.28608083356067,75.80817480856246,0.000323599894339,False
36.28496622387169,75.81142627839426,0.0001262637092,False
36.28555268420599,75.81385092438585,0.000306753218103,False
36.28539968549304,75.81491176354761,0.00057483465177,False
36.28516729965552,75.81479049022663,0.00033382397073800004,False
36.28449568356583,75.81329141272427,0.000455270996596,False
36.28247607963124,75.81383581957013,0.0012392805075799999,False
36.28216531892819,75.8155362483732,0.000618180077535,False
36.28427852131531,75.81408047853495,0.000572933208638,False
36.284257527932546,75.8146393219027,0.00024228369927899998,False
36.281542949448195,75.81599996933735,7.821294610530001e-05,False
36.2813049757282,75.81375782824368,0.00032945348741,False
36.28048425694612,75.81495445647282,0.0011442802936000001,False
36.27973483208783,75.81505414486863,0.00017925788253,False
36.2789804113939,75.81534217585839,0.00337677288406,False
36.27888520614634,75.81301368944696,8.21250429978e-05,False
36.27758882308906,75.8164480065649,0.000519773615615,False
36.27779980814776,75.8182406159575,0.000560918647732,False
36.27504076458972,75.818627519744,0.000800381364249,False
36.27493263216445,75.81902484475097,0.000219736120152,False
36.275028585008315,75.81921219995175,8.46930944326e-05,False
36.274491976409244,75.81868560016449,0.00121186585566,False
36.27379826427865,75.82031726761443,0.00117717539312,False
36.2715815966773,75.82364978928979,0.00631087767155,False
36.27042928373853,75.82511491057727,0.00119125436343,False
36.27881346446833,75.80375693457698,0.000294386238881,False
36.27852869009661,75.80486852534298,0.00017282040355699998,False
36.27771966259056,75.80171674135616,0.000594631293668,False
36.27566521514814,75.8022378514132,0.000896947290543,False
36.27554124302267,75.80763802566743,0.0005967675952030001,False
36.27402720530495,75.8087764544629,0.000221675823805,False
36.27348742167069,75.80922447842832,9.56646668601e-05,False
36.27247590144868,75.80920459741765,0.00032433504022199997,False
36.27412446638391,75.80850032060728,6.91868451089e-05,False
36.2696141471851,75.81179957434223,0.000160745103107,False
36.27226841050807,75.81486934377006,0.000551961681487,False
36.273360084893305,75.81601015377775,0.0006929570850799999,False
36.271422549112756,75.81809576818176,0.000115670075411,False
36.26942176192259,75.82515562507658,0.000366573262123,False
36.26908581480123,75.82557882982218,0.00091269172596,False
36.26902094332874,75.82622647889896,0.000383595760588,False
36.268017416466684,75.8271236584253,0.000416324491265,False
36.26600645134957,75.82087480813615,0.000456058296639,False
36.26553304966577,75.820932148379,0.000919011318408,False
36.26544395334926,75.82046591888567,8.22726268093e-05,False
36.26877317835689,75.8128656727717,0.00031444276571400003,False
36.26876380530378,75.81339253175719,0.000272158849418,False
36.27050661784997,75.80988338755512,9.03377514034e-06,False
36.267849266123264,75.8124984165543,0.000165639142907,False
36.27082123545241,75.81545732090898,0.000232288126511,False
36.27188620517431,75.81788635456263,0.000169356871811,False
36.272999240172304,75.81735788459558,4.98230709494e-05,False
36.2720351528601,75.81998305073549,6.31161336067e-05,False
36.27241829447059,75.81980575464121,0.000142469167468,False
36.27289998108124,75.82211231814088,8.347598952129999e-05,False
36.278086948341524,75.8167831648783,6.08007629599e-05,False
36.26482854014423,75.82698922732129,0.00019651706014000002,False
36.264622096798874,75.82708512731762,0.00026207473678100003,False
36.26372867400137,75.82952153445041,0.000914229168153,False
36.2634631313714,75.8294675375117,5.56907561715e-05,False
36.26337399079303,75.82967718410445,0.000239016651335,False
36.26116881380706,75.82006219025973,0.000616419111692,False
36.26050456083091,75.82253218232793,0.00010452611854100001,False
36.2575857475019,75.82434796785549,0.000534400744035,False
36.257280139865664,75.82292266510538,8.747276902020001e-05,False
36.25938481332616,75.82903353174372,0.000479224248319,False
36.26336854797255,75.82920902278448,4.26560153645e-05,False
36.262874183292865,75.82988789443682,7.8639579556e-05,False
36.25461025889025,75.82631274300832,0.00027511258216,False
36.25328611625213,75.82780591665123,0.000457179548065,False
36.248515650526635,75.75254600257293,0.0013176102339700002,False
36.23694676728082,75.74717863631585,0.000932985477556,False
36.255029133498404,75.83614388399614,0.000192577647044,False
36.25477986754028,75.83544193455117,5.5692530682300006e-05,False
36.25117616842206,75.83225542808735,0.0006223400270460001,False
36.250276291405925,75.83373791076852,0.000185947576752,False
36.25038772186763,75.83736930320923,0.0015213591144699998,False
36.2507953793035,75.83784287547658,0.00029618805256899995,False
36.248483529815815,75.82718282110399,0.00026456804348200003,False
36.24761502846748,75.82837981624246,0.000660645839185,False
36.24687806316903,75.82894865639958,0.000511849853617,False
36.24683132921219,75.82964466082974,0.000395033219615,False
36.246129928026214,75.83778317715834,0.000281775285424,False
36.24535917515098,75.83825501147128,5.32130867818e-05,False
36.24482169388434,75.8373440036938,0.0011970295308100002,False
36.242002498664625,75.84266023925701,0.000147518666292,False
36.24186049041818,75.8436075165367,0.00021208175338699998,False
36.23970344348335,75.84436109748533,0.000238223968815,False
36.23953341806016,75.845576094885,0.000119697408564,False
36.23950962331805,75.83248811158053,0.00115519103956,False
36.238051100859025,75.83520561128256,0.000381818348436,False
36.222592171973915,75.84479666222336,0.00023380917627599998,False
36.22931986645227,75.8374577643638,0.000392458060405,False
36.229140389487156,75.83703716260554,0.000218783626216,False
36.22943604821385,75.83630188134771,0.00019358310161399998,False
36.2210184516785,75.84533830248174,0.000421878809621,False
36.22174456841001,75.84999988895284,0.000140834305282,False
36.22602359815583,75.85220363182437,0.000264941738105,False
36.22541628103631,75.85581654367718,0.000490921396186,False
36.225174413670565,75.85544689590554,0.000258870465593,False
36.21292138767689,75.84947406243187,0.00218284068186,False
36.211420954261776,75.84969134069607,0.000188837701606,False
36.211339810951586,75.85003625739714,0.000122366017632,False
36.21189535349946,75.84954102525322,0.000145604682327,False
36.21511390106442,75.86467041092614,0.0013443832780299998,False
36.22006880711596,75.86107424483659,0.000847013492684,False
36.20694946781368,75.86759193529231,0.000411086283018,False
36.205357659785875,75.86746369860447,9.77671776081e-05,False
36.20461655883293,75.8679574892453,7.67623480469e-05,False
36.204147561036024,75.86760451048974,0.00027042890720999996,False
36.202601947635905,75.86973559919008,0.00060654668179,False
36.2020450754994,75.86978766197313,0.000133984508669,False
36.20223521974486,75.86813716995054,0.000325744903637,False
36.19985365153303,75.8700238699475,0.000194543612139,False
36.21297205808999,75.82767786195397,0.0007517130197679999,False
36.213663370235224,75.76286483350017,0.00135183483032,False
36.21140631361526,75.767430117024,0.00010608782695899999,False
36.26718509477978,75.73010702766506,0.00443348186196,False
36.27086622145087,75.73923054595764,0.00113276771542,False
36.21492766768958,75.89333885592282,0.000141095522718,False
36.218909645845024,75.89104323011324,0.00022509992891300002,False
36.220504683362584,75.89069408111949,0.000228322057432,False
36.212079534747716,75.89554344264725,0.000106595407989,False
36.196788477075536,75.8603892861479,0.000228327834136,False
36.21876880423293,75.85676296026945,0.000353614937273,False
36.221256937246984,75.8590500089041,0.00046566497780600003,False
36.22239683078889,75.85800347602768,0.000190248565787,False
36.22491514689582,75.85706411676192,0.00026561185673300004,False
36.2297526933488,75.83852664946404,0.000983270405367,False
36.23108113258693,75.83727284408351,0.000247847176356,False
36.23187283354071,75.83769696562327,0.0013731303138799999,False
36.23177233595626,75.83721863300983,8.30615269413e-05,False
36.23691937607214,75.8329274135888,0.000350427997548,False
36.23707222178066,75.83643598590638,0.0009022586481759999,False
36.23579152412206,75.83366925991034,0.000304719908458,False
36.23707998931015,75.84246697580018,0.000471611551775,False
36.23345786492058,75.84690488655775,0.00018244299579099998,False
36.23336777756349,75.84723065406757,7.59908861142e-05,False
36.232849315422925,75.84743873639816,0.00034045529427899996,False
36.23193209970589,75.85146864343929,4.96800697583e-05,False
36.232769905459904,75.85167105654641,0.000122266139665,False
36.230195411453344,75.84778300242756,0.000180432779814,False
36.23287977824316,75.84598995033772,4.7899098501700005e-05,False
36.241068639335175,75.83278857064252,0.0010002273748100001,False
36.24514468535965,75.83437607042207,0.000135221818539,False
36.23996527585885,75.83796350891207,6.11297655299e-05,False
36.306317756758766,75.72821554630357,0.00258521392191,False
36.308184673735006,75.74246163822562,0.00181245197252,False
36.250769150854296,75.76114084688021,0.00014439456033999999,False
36.25118234337919,75.76138109642038,0.0001099216803,False
36.25126339868505,75.75901867923383,0.00028057032126199997,False
36.25136911559045,75.75857729221583,0.000249348808925,False
36.25686257208113,75.76129174627577,0.0006631240732999999,False
36.257594409459664,75.7620265934588,0.000200201643605,False
36.257762027535016,75.76276156798338,0.000115436749569,False
36.26013973875734,75.76616262787428,0.000204387692258,False
36.26007782812665,75.76715877857062,4.73155887156e-05,False
36.260518752241964,75.76851953167692,0.00037644478744,False
36.26093256453218,75.76781783256496,0.000210631460531,False
36.2609925071071,75.76741585275533,0.000805340382088,False
36.26144948123011,75.76873097618386,0.000203138227874,False
36.262603063364615,75.77269116848029,0.000153461540334,False
36.262750847679094,75.77298826929811,6.10519094238e-05,False
36.26230461619269,75.77180604820448,0.00010240066962999999,False
36.26197775595293,75.77122796074666,0.000265298676664,False
36.26214668419204,75.77139671985381,8.79702404116e-05,False
36.275691952905575,75.80330672156524,0.004108122142750001,False
36.277708020926724,75.80436339175345,0.000665483763336,False
36.27809848657952,75.80423268088593,0.000148595220086,False
36.2728982342395,75.81161803755836,0.061531576686,False
36.26778209442615,75.81744239779582,0.009758170978,False
36.26761147308526,75.82110788601828,0.00884698297025,False
36.26471740738042,75.82051154970688,0.000246548642298,False
36.263292727185124,75.82098968676831,0.0108889831933,False
36.26640016851364,75.82339648719719,0.00128171408655,False
36.26491129205854,75.82574879878865,0.00111927063933,False
36.261568756485836,75.83149593479006,0.000169660033324,False
36.255055785582215,75.82674393771514,0.00292971112443,False
36.248802876339965,75.82598675267116,0.000135423606214,False
36.248335536182815,75.82708119307374,7.90595753563e-05,False
36.23615339253305,75.83183949258951,0.000168559510384,False
36.28781409138031,75.81241599547826,0.00021093117014200002,False
36.284293497563645,75.81505185677986,0.00015594533402299999,False
36.27691363958047,75.818844475083,0.00397219649506,False
36.27425083723076,75.81979502194106,0.0028288149118999998,False
36.27461459786784,75.82097833458502,0.0017062141619100001,False
36.27429486597194,75.82046094276124,0.000153023054537,False
36.273359336145745,75.82143795762795,0.00215141504902,False
36.248790745704646,75.838960872345,0.0111828699617,False
36.24532356746844,75.83582334385412,0.00103010686419,False
36.23847184713562,75.83086286905905,0.00455693065729,False
36.23857554182985,75.83254387809262,0.00181170486624,False
36.23517401834515,75.83230021445421,0.00396242527751,False
36.23558026235967,75.83619456070632,0.00203155641549,False
36.22306439359498,75.84407587522966,0.0062161317551000005,False
36.210801109728656,75.85005896652048,0.0009932546313410002,False
36.21293121825328,75.84839976425584,0.00042290461386,False
36.19439274679927,75.87065382349958,0.00013774274536799998,False
36.19328440581037,75.87077114722229,0.0010779052396800001,False
36.19364986238533,75.87055692596755,0.000296237402095,False
36.19670902094595,75.86937856275674,0.000906613266907,False
36.195679567344726,75.87073144014711,0.00017329439744000002,False
36.197470782568345,75.87062523661982,0.00595914179273,False
36.19860353048003,75.87012751912783,0.00127348874878,False
36.201164887175445,75.86965986567014,0.00356333119488,False
36.204525737856656,75.86847325047391,0.0054536788644400005,False
36.20871287956582,75.86370124242602,0.000846125455379,False
36.2082950715639,75.86490977936214,0.000194012930352,False
36.22094898702674,75.86015523077447,0.000525938069929,False
36.24070875341306,75.84461873907097,7.09688097126e-05,False
36.241306775820185,75.84413590941745,0.00139991196313,False
36.245972110271,75.84117056943373,0.0018958980114000001,False
36.226011712609186,75.75700521358692,8.474049088949999e-05,False
36.22617124760297,75.75744207495329,0.000869180004671,False
36.22573754303638,75.75724180124253,0.0006857412928259999,False
36.23663165368659,75.74755235491814,0.000657004776851,False
36.2931821475818,75.9258542466425,0.000725388844656,False
36.29294672695187,75.92556318226818,0.000223363632401,False
36.293853146574406,75.92468330223267,0.00205028287482,False
36.27515687973119,75.82148966809889,0.000248697327333,False
36.27715248981297,75.81219764916443,0.000176080952085,False
36.27620251021193,75.81330429059686,0.000167553749058,False
36.279723542622555,75.80936458820504,0.000245158265358,False
36.27896484557757,75.80947114147577,0.000103764447088,False
36.279407918933124,75.80967820364903,7.513155024210001e-05,False
36.280032185853926,75.8117701048188,0.000207647155057,False
36.279720408956415,75.81204428566237,7.88124981579e-05,False
36.28096431326855,75.80463118100218,0.000303016151647,False
36.27878159580195,75.81663828039953,0.000144844620899,False
36.26754472605688,75.82557763926663,0.0010319353526,False
36.26779443439349,75.82549159210805,0.000124219463842,False
36.26790906057771,75.82584433045517,0.000178160919584,False
35.86411372951624,74.0649848749001,0.0166944610353,False
35.846058501763295,74.0430354613951,0.00198415293639,False
35.845175715777685,74.04264237230939,0.000274585459258,False
35.84505583198991,74.04305427450677,0.000434707025445,False
35.843749586994,74.04283615225782,0.000270724071971,False
35.84342385243579,74.04247132270544,0.00025997883541800003,False
35.84571302240531,74.05961615924423,0.0012168158108,False
35.84553942595101,74.06049060802385,0.00024342255354299999,False
35.84463364857934,74.05947493204653,0.000119285599977,False
35.832308696062476,74.04799220866128,0.000751254029665,False
35.82015046701901,74.06122662314253,0.00046013483846,False
35.818752274172,74.06143499896612,0.000369339596136,False
35.819285522119756,74.06688698315162,0.007056865337809999,False
35.816315414518115,74.07073383720444,0.00604968593001,False
35.81371447262989,74.07332581273472,0.021220620216399998,False
35.81720451654688,74.0830480014351,0.17673554298299998,True
35.810574331021,74.06265347314014,0.00967991350392,False
35.80193418834152,74.08170035873161,0.00548729550493,False
35.794905930607605,74.08045276326628,0.00389248129184,False
35.78556391340229,74.10110249805646,0.00659917184741,False
35.785448857545155,74.09649613453885,0.00183857785816,False
35.79406992067853,74.08737970414721,0.0011102015309900001,False
35.79285149146582,74.08450076233514,0.043864826306800005,False
35.784192956510154,74.08124085572874,0.00181004013992,False
35.78109142167944,74.08525763692238,0.0007965218698370001,False
35.78031763217633,74.08443878483573,0.0005129589921509999,False
35.78136599567923,74.07556477509911,0.000631683550781,False
35.805765556164324,74.08233385371572,0.00102675182658,False
35.760014090136195,74.06901671879444,0.000858119980699,False
35.76066465404905,74.06938387219009,0.00149382439218,False
35.75731460357609,74.06929952359076,0.0147020425286,False
35.75628499174275,74.08018849928973,0.00907594982325,False
35.7496030793099,74.07304609632122,0.0006601486306609999,False
35.74959122904836,74.07394324254655,0.00037439305258399997,False
35.749015921130415,74.07338013115982,0.0044607995954,False
35.723841571698365,74.0872680637881,0.00350740332586,False
35.72601237484348,74.0903069604333,0.0431791722928,False
35.718712641770175,74.09771467927483,0.00256352695115,False
35.71774463858439,74.09613052633406,0.0148044606013,False
35.715748926381515,74.09256923073058,0.00515485278304,False
35.715735686774906,74.09187321691066,0.000812504603356,False
35.72914789906899,74.10161651042802,0.00118424779756,False
35.72890351561268,74.10080661199743,0.0024524981661800003,False
35.72866299757728,74.10231175662437,0.000516757664984,False
35.72704070105302,74.12243220343994,0.00481505185722,False
35.738192486987444,74.12776795062737,0.000682764168801,False
35.738452273416364,74.12853912373117,0.000427374354642,False
35.74072080665494,74.12626249360127,0.047628826752399996,False
35.744343797854484,74.11930217885073,0.000287181840699,False
35.74405818821246,74.11553588553907,0.000710413896035,False
35.747334447589125,74.11849677863181,0.030988203007,False
35.76414905939422,74.14844250283667,0.0290142096905,False
35.77420122900353,74.14576688529907,0.011947545346999999,False
35.771619536513256,74.14207376952781,0.014187553016600001,False
35.78007980755001,74.16127364858554,0.023746058206999997,False
35.78705187582389,74.1438277649185,0.054508622160600005,False
35.785508026756865,74.14374827677497,0.000578958407672,False
35.78936927675149,74.14151876542867,0.00024528128407799997,False
35.79430511781331,74.1488392738147,0.00247013685284,False
35.79681347752833,74.1178182238382,0.00146639597415,False
35.79722388588722,74.11783063030758,0.00099031676451,False
35.796469326659704,74.11970550518498,0.000804868057054,False
35.799222207707736,74.11817269687593,0.000918142116613,False
35.79993381409767,74.12188958595678,0.000606528439738,False
35.800588850775746,74.12215617409797,0.000559931541486,False
35.80327360659296,74.13132753673028,0.00215777953944,False
35.88697238704733,74.1427406542964,0.0008949768386790001,False
35.886950999296126,74.14333437745714,0.000944508148455,False
35.888703283651765,74.14170418468306,0.00137696781431,False
35.878551506674036,74.11280524644181,0.035414049911,False
35.84477937488017,74.09959751682999,0.0681622148265,False
35.83682122671449,74.1055980362269,0.026556977583,False
35.82735661429107,74.0860965869837,0.0371956257988,False
35.82323356343922,74.07815944487099,0.00350302544358,False
35.82159719188938,74.07183494894686,0.00455534769088,False
35.8241224516882,74.07122691538392,0.000726887174489,False
35.82658499826996,74.10765137434169,0.0797281403254,False
35.65687775649452,74.16901925997587,0.000883730912191,False
35.65419956725026,74.17057092381035,0.0057205144744099995,False
35.66893034633193,74.20675000245569,0.0346045708071,False
35.67584311596778,74.21148864082436,0.0194908701864,False
35.69035420129848,74.22635893914892,0.0446227504719,False
35.6909663499297,74.23173932542777,0.057692734831,False
35.68632843872,74.2272615025327,0.000277815657654,False
35.68593419142535,74.2265222937443,0.0029914317383900003,False
35.68627449815883,74.22977957279122,0.137828738351,True
35.66409484850985,74.24153159197449,0.00338139856826,False
35.664372519738265,74.24183170078997,0.001989729847,False
35.66460996532796,74.24253538264222,0.00202578630665,False
35.665013062838476,74.24247958653704,0.000330117627509,False
35.66492808381223,74.24230237607867,0.00018257872755,False
35.66516407554801,74.24280418538926,0.0014647069197099999,False
35.66488584020289,74.24277232547236,0.00025829219356,False
35.66539787739345,74.24295770582775,0.0006278560153240001,False
35.66507298924499,74.24415541677203,0.000248836100815,False
35.67145444993616,74.25288149031942,0.00247243112476,False
35.669444282216645,74.24801621104072,0.000234469418438,False
35.70292625060579,74.24214195051846,0.0143896956265,False
35.70703099212616,74.24304315525002,0.16407359041,True
35.71065303920782,74.24245514752344,0.000215494098094,False
35.71103489011553,74.2426371632357,0.000684202482347,False
35.712446062015374,74.23906167814657,0.0470752547688,False
35.7152280492735,74.23863521536099,0.00334298751319,False
35.71123039688012,74.25890999662036,0.00986735642625,False
35.71546635716638,74.2584753861622,0.00277652255319,False
35.72185016453817,74.25536028270979,0.10745907366900001,False
35.731140475462105,74.2886612417897,0.0349379993705,False
35.68583472752491,74.18859204430534,0.033400049909900004,False
35.69716913932362,74.16972304340334,0.0189879405717,False
35.700400033194306,74.17068407036415,0.0010270053932,False
35.70666900816167,74.17320590542981,0.0023812051718799998,False
35.71173102446084,74.17509112211599,0.00134865303408,False
35.7137405558062,74.17635866866829,0.000690288262896,False
35.71367755044704,74.17672579362174,0.00040631674634,False
35.71504732395932,74.18001108205921,0.028460514131799997,False
35.71529055528175,74.18402996920764,0.0028266741811,False
35.723042273048044,74.16524509159734,0.0263118835099,False
35.71930180414708,74.16579185887782,0.046806888145999995,False
35.714608418427964,74.14576288057027,0.008499517096859999,False
35.70286430486109,74.1443352168359,0.0018312341889,False
35.72852928447931,74.15013475083376,0.00308605278583,False
35.74147349558283,74.16382028720264,0.0205087453666,False
35.746764597888784,74.16442036650238,0.031854511323,False
35.7474539623401,74.17104832106624,0.0175781215073,False
35.74427699674155,74.18083223094258,0.00323865337095,False
35.74313135847117,74.1815126399286,0.000549706005257,False
35.744830274257914,74.1846930397125,0.00197022979105,False
35.74497554350966,74.18545690554704,0.00213978245589,False
35.74145582987285,74.18835677983434,0.000475361354457,False
35.74139840356525,74.19302247366912,0.0116696635109,False
35.766388905648,74.17184275738995,0.00987008479646,False
35.7684982551176,74.17509118359216,0.00277409205307,False
35.7656403159163,74.18262456126493,0.00501027890523,False
35.76061833292916,74.17973064259132,0.0953506100714,False
35.772935001873726,74.19550373913418,0.117306933705,False
35.78162129448379,74.2099988023869,0.00121967022605,False
35.77904485196807,74.20483547311309,0.12869031332699998,True
35.789089780130865,74.22422723764089,0.0765518606002,False
35.78723318491116,74.23439605042526,0.00679427550919,False
35.786718464015806,74.23470348096055,0.000498812299888,False
35.79606233380176,74.23474427210978,0.00592591688458,False
35.79582923763875,74.20639445274927,0.00407258023191,False
35.80346075906026,74.20195410336366,0.00142422063075,False
35.80269406140122,74.2029338323474,0.000497224364543,False
35.802448495990326,74.20207192733615,0.00151784609942,False
35.802744724449774,74.20071227469491,0.006315015674129999,False
35.83795396142773,74.22477959325167,0.0115603977743,False
35.83072895141803,74.25349129933925,0.0092375441853,False
35.8288454163,74.25331768544237,0.009242005538580001,False
35.818926502747104,74.26735956588188,0.0445577293158,False
35.81785695111484,74.28054546153184,0.029182296990899997,False
35.820851437613605,74.29379576789475,0.12251153290000001,True
35.81907809502496,74.30158503340769,0.0513120432756,False
35.8172795797118,74.29579703359649,0.027665887790900002,False
35.81328126796704,74.3038991200387,0.0759150441726,False
35.81742665165383,74.34158291058604,0.043418586501300004,False
35.8138395103269,74.34404322823474,0.0180767556449,False
35.69886018653411,74.47894883151122,0.024230425383500002,False
35.58799159550764,74.41691570338259,0.00801669293082,False
35.59812037984993,74.40919475976779,0.0590386394602,False
35.59957607960584,74.410281723204,0.00082036604189,False
35.600017140535364,74.41743097461035,0.050277867509299995,False
35.61375361409982,74.40060145247696,0.00405756303462,False
35.61477480718475,74.40661860516956,0.0787729443201,False
35.62849790994669,74.3992301194292,0.027708790091800002,False
35.63248561431284,74.4017866668372,0.0149630166582,False
35.65050767119432,74.4263236889164,0.00995139515579,False
35.67365740499724,74.34691008575524,0.00176758114501,False
35.67558671961494,74.34300706527448,0.00159563245901,False
35.68760414957567,74.32494080568901,0.0129503896646,False
35.7033345763363,74.41030135526614,0.14202297967299998,True
35.63744795788273,74.33572609608488,0.056869062197400004,False
35.63580457584849,74.3086852835358,0.00556113357617,False
35.59706271898223,74.28230684898115,0.00105148623774,False
35.60859996638002,74.34018438901585,0.0566376893738,False
35.75063566942929,74.07418163159885,0.00014733249368700002,False
35.722466056217186,74.09085132615996,0.00348956864793,False
35.72214515389263,74.08981564178728,0.000334884541429,False
35.81403664035628,74.08664723580225,0.000666289984497,False
35.81346276750441,74.08639044872048,0.000310774480349,False
35.80254826896102,74.17854671495199,0.0010293869854699998,False
35.7294508021031,74.21316727830424,0.00133923391866,False
35.72929488938577,74.21287732475174,0.000105983692831,False
35.72066595439133,74.20652653571307,0.00147891223181,False
35.67658916650868,74.22164308172663,0.000841312709457,False
35.82689714550182,74.24470993903721,0.00556363568761,False
35.827543225359946,74.24391832441884,0.000970155557971,False
35.81147731288436,74.28254626927462,0.00131407450023,False
35.68608150062614,74.2762976200251,0.000215542819431,False
35.68044794412315,74.27248083215338,0.000382652840137,False
35.67654071668375,74.26702462427903,0.00026115041061400003,False
36.792743091158556,74.34646353240565,0.0140650251641,False
36.79721785139766,74.35283928962822,0.0040326285919,False
36.79765669707033,74.35285979021639,0.000450709240582,False
36.79603409753868,74.35533857020721,0.000437144730579,False
36.79585524882591,74.35615248097103,0.00024792427113100004,False
36.79308936590536,74.35479018597167,0.00044516535276899996,False
36.79334567576067,74.35489603695194,0.00035084993021000004,False
36.79268694792607,74.3572952746257,0.000905038851856,False
36.79494265615234,74.34488967455952,0.000416021689736,False
36.7917726672597,74.34608688904623,0.00169918595981,False
36.79147682089208,74.34251300113044,0.0036838468701800003,False
36.79129979025394,74.34864273815094,0.00174479303641,False
36.79220655243226,74.35621767775694,0.000417376468729,False
36.79179448046244,74.35418885328234,0.00366074868862,False
36.79143297951322,74.35467740518028,0.00113932584323,False
36.79006363480073,74.34850029966017,0.000891529817991,False
36.79048316271863,74.35069274497866,0.0005805096393300001,False
36.788862298280925,74.34898337394836,0.00165215190064,False
36.78973266348125,74.35501866090101,0.000584319966712,False
36.788043776991394,74.35169446880258,0.000619019356702,False
36.7894851256098,74.34556216750468,0.00463782969763,False
36.788971069752954,74.34618526346027,0.00110346898519,False
36.789846740879234,74.34309008143465,0.000837991645458,False
36.78902830092806,74.34401929366469,0.00649742332712,False
36.78842125346571,74.34230674271025,0.0076072393707800005,False
36.78745058295569,74.34645118193409,0.00494757757161,False
36.78605997292378,74.34477742563806,0.00571630094806,False
36.78584995095455,74.34958200669983,0.0007314883565139999,False
36.78318245768478,74.34609712207345,0.000611438927004,False
36.785134686902595,74.33951784975953,0.000727585266472,False
36.784356007466165,74.33639328590213,0.000733848254711,False
36.783101062849816,74.33582190289785,0.00422914883301,False
36.78136374037917,74.34244807828449,0.00045639347692899996,False
36.78004798007327,74.33630991707143,0.00182098838251,False
36.77939589198025,74.33738878010482,0.000387606448924,False
36.779162124382474,74.33700701655295,0.00032555678377100004,False
36.77882917716703,74.34563141699654,0.000560099333248,False
36.780964764001155,74.33645625632892,0.000101603371991,False
36.77915433254301,74.34259282866606,0.000250704689139,False
36.776830478297164,74.34215078938416,0.0046390582587400005,False
36.776826615772684,74.34275573634132,0.00028780507467000003,False
36.77787117572732,74.33632920573609,0.000201160704076,False
36.77831051072224,74.33527017728629,0.00047079177325299996,False
36.7785900893704,74.33493653156191,0.000453283917989,False
36.778216572477454,74.33482853549351,0.000558188651164,False
36.77894214829101,74.33166568367896,0.000923799339446,False
36.78015863691552,74.3314840364147,0.000265523267364,False
36.77971292651223,74.33451670473299,0.0006608096488469999,False
36.779117997822745,74.33465269337904,0.000230249282517,False
36.77858900560844,74.3377649686069,7.834969810539999e-05,False
36.77713877363248,74.33413702803149,0.000671971248867,False
36.77613323824336,74.3390629153935,0.00223244119781,False
36.777591764919485,74.32908753829467,0.000486515980914,False
36.776979374070166,74.32894967909894,0.0010961058472899999,False
36.77594203915944,74.34538607409657,0.000148220354224,False
36.774786052680376,74.34248738040702,0.000231351606481,False
36.77360963490245,74.3428696205318,0.00198837527008,False
36.77484275402426,74.3351727010897,0.00028650115099,False
36.773033503006054,74.33695546231066,0.00198270136159,False
36.77174131123608,74.33851062744742,0.0014740047353099999,False
36.776586456230824,74.33074816577894,0.000262219201911,False
36.775678003694395,74.33248212499608,0.000275312022613,False
36.774297550692665,74.33251400402135,0.000302557641859,False
36.77464691557966,74.33117958935782,0.000141436004254,False
36.77538531497974,74.3279824409253,0.000490641040073,False
36.77319773835457,74.3338954127301,0.00346839862552,False
36.77230689777321,74.33391998944259,0.000196845140084,False
36.771672295885494,74.33427803094803,0.00267708903624,False
36.769655211697774,74.33565692605146,0.0269026212066,False
36.77468414548934,74.3286328727947,0.000276330421243,False
36.77414400074447,74.3286937923572,0.000266226228664,False
36.77373875899855,74.33143615117149,0.00044363570876799997,False
36.77252060844019,74.32611703825151,0.000636762630421,False
36.76977761301687,74.3300660706806,0.00176498706479,False
36.768586208605115,74.33368899673233,0.00155633932942,False
36.769384870605585,74.33383476464422,0.00258517045572,False
36.76858633038192,74.33859238599068,0.000588787342591,False
36.76776254913044,74.33646840007665,0.0001345135976,False
36.76661426911895,74.33566990362048,0.0015112000176900002,False
36.770906038101494,74.32406835146503,0.00046702158686299995,False
36.77117102282904,74.32422917826356,0.000249085396261,False
36.770802885148214,74.32518957825559,0.000562816043314,False
36.770593377190465,74.32704207062741,0.000522093660208,False
36.76921146823016,74.32957131489101,0.00036484891857299997,False
36.76887746548861,74.32924916734775,0.00165764866207,False
36.76766176799324,74.33337033923081,0.000920453804671,False
36.76678703908179,74.33374221058686,0.000657409487612,False
36.76670840835624,74.33414786180727,0.00056665483838,False
36.765558474831764,74.33467764888601,0.000323992069575,False
36.76577395256423,74.33477632872852,7.99020283305e-05,False
36.76522652650328,74.33248850317096,0.00588444237101,False
36.76565849825177,74.33271113503311,0.000956466699501,False
36.76940270203188,74.32483638988413,0.000523042657553,False
36.7664342790494,74.33090536051071,0.00264700052473,False
36.76557425626095,74.33040157581459,0.000454946495872,False
36.764815984713074,74.33016298476477,0.000581096806217,False
36.7644193296663,74.32981908307808,0.000591152640627,False
36.766940189872,74.32435016584775,0.00317958507668,False
36.768184937598754,74.32287455530681,0.00351340180372,False
36.76767653256909,74.3215561821172,0.00873424939588,False
36.76754390315283,74.32282728471802,0.0015982122863800001,False
36.76600418583271,74.32415027526879,0.000638833427942,False
36.7633999955974,74.32993537638578,0.00034245459074,False
36.76465287628317,74.32125274508375,0.000764548819195,False
36.76388469103858,74.3210428577573,0.000712448758168,False
36.76330981844264,74.32114625379724,0.0024859801379,False
36.76023543618915,74.32916456893615,0.000327037485324,False
36.7590787696706,74.32748707922983,0.0007150279742410001,False
36.75861378240713,74.32586615338492,0.00152941911171,False
36.75952745478275,74.32232768014974,0.000319010643517,False
36.76124024373194,74.3209104928286,0.000678884319985,False
36.761094922955664,74.32143011702595,0.00136771401023,False
36.75956834665762,74.32483866413443,0.0008943187537569999,False
36.75897015832164,74.3191792256882,0.00179684388128,False
36.756506636069126,74.32388100912466,0.000527804120074,False
36.75899908088762,74.32181963910237,0.000436227366981,False
36.757582076168774,74.3174575468657,0.0010975532251699999,False
36.75712407134847,74.31897399557843,0.000505615187153,False
36.75578590417143,74.31677652905982,0.00731247710375,False
36.755706384863636,74.31777588240121,0.00268516492973,False
36.754776687211816,74.31418603834051,0.00808859677082,False
36.750815413507034,74.32180967432943,0.0008042332288799999,False
36.75020118301651,74.32244563128661,0.000256219372207,False
36.749839249495494,74.32078281634145,0.00102660651652,False
36.75290194153819,74.31471324241994,0.0008900029840869999,False
36.75320087779541,74.31172072202192,0.000473325895573,False
36.75063086573037,74.31059333913495,0.000827986213038,False
36.750175496116874,74.31215140924607,0.00042837234644799995,False
36.74624917289659,74.31553236336347,0.000984755856739,False
36.74694273626633,74.30849611561175,0.0007109875399469999,False
36.745060247195326,74.30561409831765,0.00106370854085,False
36.74408481824527,74.3036132429847,0.00296153305753,False
36.74625625467703,74.30337919611894,0.000512983977658,False
36.74681340576664,74.3034210952047,0.000876414943454,False
36.7414877765102,74.30995987990848,0.0006293151464889999,False
36.74134371807372,74.31114632520564,0.000455749572273,False
36.73918342706963,74.31028053068046,0.000897308898687,False
36.739206411376294,74.30981150720659,0.0011707860557,False
36.73931169878425,74.30917740771173,0.000964749809395,False
36.73847105901794,74.30844409016068,0.0019335061503300002,False
36.7407946462158,74.30788077990097,0.000447836317212,False
36.74276360755704,74.29947055907566,0.00196770363434,False
36.74295424919211,74.29720569871206,0.00825719505323,False
36.741122209949246,74.29747885141659,0.00099626194242,False
36.738776569222566,74.29581169649079,0.000414822692921,False
36.74085976932805,74.30096817669852,0.000440262693531,False
36.737757029690364,74.30762947135948,0.000306271728387,False
36.738366155459175,74.30422794207547,0.000438334187418,False
36.73910455880006,74.30673032872129,0.00085485248857,False
36.73715907777177,74.30542570145924,0.000382198035475,False
36.73645577683469,74.30444919609792,0.000481239662262,False
36.73462628738566,74.30723800488607,0.000276204774283,False
36.73234501380405,74.3050441417343,0.00615937217531,False
36.732596301408215,74.30723838173866,0.000549317218742,False
36.736567848205716,74.3007664145351,0.00039366886424,False
36.736389753213324,74.30025105478494,0.000661010379437,False
36.73605379303597,74.30028596003632,0.000374488983765,False
36.73488390697238,74.29928973035852,0.000529643701952,False
36.73458440160415,74.2990551470529,0.000399870232301,False
36.731582073587454,74.29675075493263,0.00182537127039,False
36.733077189264705,74.29969145572646,0.000641505166096,False
36.73249696466999,74.29810003402305,0.000491015551745,False
36.735427119380816,74.29286200262132,0.000869228502081,False
36.73049622324474,74.29556016160224,0.00170110941755,False
36.72743212699624,74.29933162679137,0.00303496794491,False
36.726136712852146,74.29289964253348,0.000815239190864,False
36.72518860802466,74.28341332654863,0.000764900138764,False
36.72609110383333,74.27877260990813,0.000575186162436,False
36.72309455521095,74.29364619548728,0.0005219992785030001,False
36.71649672463134,74.30325100589756,0.00171748466387,False
36.71156973650375,74.29455910250367,0.0009087433195009999,False
36.70924364241729,74.29253604885801,0.000153812342486,False
36.707343618949814,74.29488798168522,0.000798388472175,False
36.70733001644576,74.29320765838848,0.00041462530119000003,False
36.708274069515475,74.29338291460226,0.000395110018256,False
36.76622800147407,74.24890398152966,0.00635566669253,False
36.79603392444478,74.26633647289312,0.00339782830072,False
36.80253181238473,74.20741491646855,0.00155717410401,False
36.78607542781821,74.3809963624859,0.00539024701941,False
36.78484867739272,74.37862924317184,0.000907228892658,False
36.78223178888974,74.38124706285615,0.000596771487236,False
36.78575865453095,74.37726378942645,0.000266603304299,False
36.78452886061582,74.3827747437714,0.000349214586274,False
36.777111776967146,74.38624724291567,0.001939817799,False
36.777762127951235,74.38991100382734,0.0010848894867900001,False
36.776913509142794,74.39074255210923,0.00165901147758,False
36.779886096595014,74.39098243152145,0.000222565111346,False
36.778509568035545,74.39239139437166,0.0009069562804380001,False
36.77867796756116,74.39331267707266,0.000647049593831,False
36.77784044491338,74.39210426377181,0.000200182662369,False
36.77793302766238,74.39234640692787,0.000408486929046,False
36.77942460480115,74.39471508174528,0.000328065477462,False
36.77874133667785,74.39494257099399,0.000215588610458,False
36.778443153822465,74.39539840212343,0.000796387766581,False
36.778335076083806,74.39590105968419,0.000886952203711,False
36.77740616309932,74.39553746842267,0.005779915820229999,False
36.7767374590332,74.39580181612743,0.000369373146644,False
36.77584314177296,74.39470230154193,0.00043652450842000004,False
36.77495561039236,74.39369677893477,0.00394921563984,False
36.774616228768515,74.39789326257045,0.0028884479928999998,False
36.77515269558525,74.39656505523749,0.000289417450339,False
36.7752034846458,74.3986801074325,0.000421181748543,False
36.775643878889035,74.39941403656627,0.00266902069196,False
36.77517761580438,74.40046762648812,0.000458518192431,False
36.77272916284425,74.39627138413381,0.00027133444052099997,False
36.77218853438398,74.39649219939982,0.000126764495629,False
36.77202257012347,74.39666862559439,0.0005916328833850001,False
36.771535995745054,74.3966033253279,0.000407043875163,False
36.771916163246544,74.39832322668491,0.00229316609101,False
36.77645210092216,74.39886054445992,0.000406643002885,False
36.77672910564177,74.3982223480891,0.000370575267924,False
36.77701367540723,74.39849097042823,0.000383373154315,False
36.77707562885263,74.3973419975839,0.00034619621063199996,False
36.77723603426156,74.4017237590633,0.000611541236625,False
36.77581765807637,74.40157878290582,0.00053327262092,False
36.775676771832806,74.40357849515343,0.000797963151152,False
36.77472059364157,74.40499932207753,0.000695320225552,False
36.77381813556379,74.40338223327736,0.00142744207448,False
36.7731172173815,74.40305330415548,0.000773016662976,False
36.772832522753795,74.4028159393236,0.000515816826614,False
36.77380159182278,74.40142035790488,0.00117116956617,False
36.77195514443575,74.40369719688384,0.000421459041461,False
36.77129803917536,74.40276322510682,0.00040244972728599996,False
36.770771138453455,74.40340068790658,0.0008052760399159999,False
36.76736103090486,74.40733834887332,0.0022909988057,False
36.76689820853551,74.4052960652275,0.000357813153163,False
36.76705430388719,74.41090600750763,0.000598913208445,False
36.76782516484689,74.41297991975817,0.000933622750513,False
36.76475325239079,74.40549434613719,0.0018140433427699999,False
36.76454961919814,74.40640505766407,0.0008451175564310001,False
36.76396760055314,74.40458341595135,0.00100876740735,False
36.76317667609183,74.40386080635554,0.0010956195975600001,False
36.76600577732723,74.40222689833021,0.000273721683961,False
36.76430281857073,74.40192878858056,0.00111858396606,False
36.76357758683853,74.40215863479682,0.000214004289468,False
36.76335892536096,74.40230459429641,0.000374467056922,False
36.762083648563284,74.40449117583996,0.00140889889357,False
36.760895103398006,74.40797244181691,0.000881683847026,False
36.76237385945845,74.41352993201869,0.005471586428849999,False
36.76131589107832,74.4123854047629,0.000537782803297,False
36.76010410988902,74.41205914153463,0.00137579618037,False
36.75886887020424,74.41429366964317,0.0007432512960660001,False
36.758807649447434,74.40724307252063,0.00046745119447799997,False
36.75749775772173,74.40696127621803,0.00143957557108,False
36.75681986757496,74.40820711977675,0.000494821622225,False
36.75545052104551,74.4055148423565,0.0011544196641,False
36.75641281521483,74.4038294466863,0.00032465108234100003,False
36.75562793626071,74.40343649023654,0.000601609667676,False
36.75198116382138,74.41566333452747,0.00135391748643,False
36.74771223266085,74.40883235659231,0.000521106440261,False
36.744795450816426,74.414846752716,0.000686131489934,False
36.73857813447114,74.41442124482218,0.000948605039633,False
36.73516716183976,74.41334558912997,0.0195519585576,False
36.7340884831043,74.41250696243533,0.000894412267065,False
36.734869770253255,74.42017073976174,0.00160232477527,False
36.73487699091959,74.41116007305008,0.0006691117953509999,False
36.73487058967753,74.41206019249567,0.000646213448395,False
36.73416588761654,74.41138964011964,0.000541820554366,False
36.73573058650341,74.41213887937522,0.00033822471306699996,False
36.733035085998104,74.42105637642764,0.0006905423026710001,False
36.732783195438905,74.4212603779425,0.000752243609242,False
36.73331165331335,74.42302568281767,0.00183718701637,False
36.730940766267246,74.41670926571639,0.000739036958036,False
36.72977721063847,74.42206153774035,0.0004133009681,False
36.72634988269328,74.41864859194555,0.007816796113659999,False
36.72547891713523,74.41937449874581,0.000805992537649,False
36.72205553028551,74.41645849794362,0.0015135968034899999,False
36.72415757900567,74.41726074817045,0.000434391275666,False
36.72521463363577,74.41546646225738,0.000586593984296,False
36.72579568198793,74.41507526561885,0.000389822809424,False
36.72101938056619,74.42554441713918,0.0005518878035080001,False
36.72020032434547,74.42479917336706,0.0005260895619619999,False
36.719790526406456,74.42575394241139,0.000541070649297,False
36.71941664460365,74.42478386676888,0.00023014622160600002,False
36.71824122634213,74.42589014727844,0.000228584885466,False
36.71588168436583,74.42370514223322,0.00144166042734,False
36.71433006005719,74.41887794726532,0.000600619876339,False
36.713801254905334,74.42238709422611,0.0006763119564009999,False
36.71200008039835,74.4221876744912,0.000339776652368,False
36.71061763498552,74.42203531144479,0.0008988136176589999,False
36.70899021759845,74.42652188442787,0.0016580535606799999,False
36.70700349236337,74.4267968099975,0.000495068181801,False
36.707548474708254,74.42596620237738,0.000340305830573,False
36.74478482407051,74.34075564258688,0.000725180388641,False
36.82652471745543,74.20606761527252,0.00329527483679,False
36.81815461966949,74.37225181203729,0.00466668178911,False
36.81774004598209,74.3710031454477,0.000337712310393,False
36.817644069038245,74.36983292409633,0.000720334436293,False
36.81709169906029,74.37013396727536,0.00024652689051,False
36.816864416192075,74.36841153506744,0.0006137260181550001,False
36.8175289798767,74.3686042693287,0.000252908738173,False
36.81774330083166,74.36885178782673,0.000476743016081,False
36.81821612883318,74.36880827674706,0.00117235776102,False
36.82545297786857,74.38510521577058,0.00257870893233,False
36.82663827126997,74.38507223712699,0.000867077516275,False
36.82628510617384,74.38361551186411,0.000697948576882,False
36.821768847890745,74.37254800956428,0.00109493775467,False
36.820024180516725,74.37457534909197,0.000338429474289,False
36.82150903354316,74.36526357927015,0.00139221047215,False
36.806417128893884,74.35361477776013,0.000666040932206,False
36.70957020935308,74.29350380133796,0.000303298125988,False
36.82829740862015,74.40490809614262,0.00135460849196,False
36.82797881530309,74.40337709381346,0.000646370121433,False
36.82867864305012,74.40227161237439,0.0007876741535899999,False
36.826990467780846,74.41763787155328,0.000251763140816,False
36.784652981097736,74.33980449424024,0.000554420027374,False
36.77322855069626,74.32941020978485,0.000402715845382,False
36.763441390748916,74.31938097209131,0.00183541310111,False
36.76168322950075,74.32619044518191,0.00203111615532,False
36.75892199966485,74.32939595898947,0.00163336513991,False
36.75340952025367,74.32057747576201,0.0018157448672,False
36.752909045817006,74.32146960390756,0.000233445248195,False
36.752346390199556,74.311783837116,0.00375953735977,False
36.7512441421784,74.31203545551223,0.000430422445335,False
36.7339572375151,74.29895132042708,0.00184889072964,False
36.72749391760068,74.28657752220307,0.00020877979188899999,False
36.71527271064173,74.42692951633516,0.00035329894651400004,False
36.71479275038666,74.42697802262947,0.000201473996754,False
36.77515869198278,74.40268364455174,0.000230408021789,False
36.73766032094551,74.3858590130767,0.0005573844431930001,False
36.73181153078171,74.38380506527687,0.00046758676351499995,False
36.75076544259866,74.30332801645542,0.00121665366221,False
36.746312169516585,74.27259827802257,0.0007773905922000001,False
36.73294604648826,74.25991950677151,0.000744578784798,False
36.285647341309705,73.92660368314743,0.030665577596399998,False
36.26471715997808,73.95456962264015,0.297327356458,True
36.2606561299012,73.8985930399963,0.06792968653340001,False
36.24835075345008,73.89907898180891,0.00217761114719,False
36.24022660538204,73.95337214900378,0.0198723936167,False
36.38508011561872,74.05088776313993,0.000612171730449,False
36.38547622240428,74.05286053550236,0.000832046387009,False
36.38632602320307,74.05288814386819,0.00109502416717,False
36.389402170731024,74.05754174910032,0.000336748162958,False
36.44380104574868,74.06465562310723,0.00322012909695,False
36.55811023779983,74.09177737739999,0.00716626053625,False
36.65839335328393,74.14540082836194,0.00970011314666,False
36.70106526424587,74.14964374649357,0.0038368952627100003,False
36.69915634223649,74.14675303928516,0.00666851636482,False
36.629163638473194,74.12683980486514,0.00199361251066,False
36.528902646192876,74.24967124214548,0.0295636989851,False
36.52669471747319,74.25526272474195,0.000610075423928,False
36.52466720155944,74.25623503478319,0.00109647043071,False
36.51131836678406,74.24148467122714,0.0014934219298299999,False
36.510817424652636,74.23943719257188,0.0016409665679899999,False
36.508686697039245,74.23923353871731,0.00121619755449,False
36.49779985162076,74.23473976402043,0.00917574643005,False
36.471682741631994,74.25285699869883,0.000962651438811,False
36.464946389470285,74.15688662966969,0.00168253214075,False
36.4657343324004,74.1563831848539,0.000413983906422,False
36.465620490578985,74.1581567429579,0.000223147178404,False
36.468339988005496,74.35856132977776,0.00203526240056,False
36.461196317194464,74.37255220492219,0.00365181317377,False
36.466116573620745,74.37185501170809,0.000501908326975,False
36.46604680335844,74.37284169938144,0.00110585594165,False
36.464790112350755,74.37691670134274,0.00039939124942000003,False
36.46053969443389,74.38280129876809,0.00088230314819,False
36.46266247317929,74.38247961921921,0.00125704308248,False
36.461191968534635,74.3933960603213,0.000331312143131,False
36.46068742370888,74.39227706242421,0.000222705992855,False
36.45862240504465,74.3967690244106,0.00122747099766,False
36.45587245944551,74.3969490328532,0.0039099697670700005,False
36.45658280820277,74.39894011456671,0.000404860275177,False
36.454618699996125,74.40063299412238,0.00208346069101,False
36.45530955030794,74.4050381193108,0.000870906168591,False
36.45575693272806,74.40970276272483,0.000400012158818,False
36.456544026487315,74.40892893093827,1.74112792683e-05,False
36.45629383147979,74.4101217359001,3.54669681225e-05,False
36.460565194776954,74.41803113407691,0.000474499133833,False
36.459131870630166,74.41970610876638,0.00054337332268,False
36.46008369042626,74.41663262612663,0.00031717934543899995,False
36.451164274176406,74.40120162465556,0.00038499720885300004,False
36.45548875254301,74.39338786815276,0.000735160689392,False
36.45791872220219,74.39192270999028,0.000349217726265,False
36.45739981657722,74.39288960148762,0.000606963932483,False
36.45484618754858,74.38358100341352,0.000694948245362,False
36.49005185554027,74.35663909444744,0.000191406284975,False
36.48954112765699,74.35701572504423,0.000232924879639,False
36.50508468957104,74.35956438602261,0.0014501912959999999,False
36.50626799486949,74.35756860717478,0.000727258518586,False
36.50488013800619,74.35605606218074,0.000677313125519,False
36.50502354280489,74.35660854710801,0.000115403858021,False
36.50702104244224,74.35858547888681,0.0012926555957800002,False
36.50664715993907,74.357755337242,0.000184164032536,False
36.50792637690292,74.36059675876804,0.0007552634458,False
36.50941692564863,74.3591188453283,0.000417007135331,False
36.511577118290745,74.35995028952281,0.000335975299045,False
36.52783579722603,74.37129612875479,0.00035871997222,False
36.527219315027864,74.36968619592649,0.000298329414276,False
36.52657892809614,74.37190460701721,0.000277123702863,False
36.52632123274366,74.36897279270731,0.000222009155895,False
36.39071461993104,74.35818242869193,0.0006514382616389999,False
36.17102402060869,74.33803885071438,0.00253132509023,False
36.523515064359394,74.17350379798708,0.00305218537204,False
36.41316248555144,74.14263427501349,0.00315721935921,False
36.40959918198989,74.14553661225584,0.00101766659639,False
36.319310317794866,74.13491590988832,0.0018589853897299999,False
36.22542149832198,74.11343539212697,0.0015908544034100001,False
36.231627272622454,74.10684991982278,0.010785609236,False
36.23563348696818,74.10357395835857,0.033351756936799995,False
36.23823377242039,74.10264538174651,0.024946342479,False
36.23627572715921,74.10021888456833,0.024282592597,False
36.24421643238696,74.09901831506771,0.00458207443147,False
36.23918134251508,74.08417699693602,0.174615713724,True
36.293222981439456,74.10742649069566,0.010415398441,False
36.323787777509644,74.05377397156914,0.00359599476717,False
36.2634758261636,74.0203631997342,0.00036338831427399997,False
36.70928817845843,74.14079707434155,0.000205299789009,False
36.70987720849716,74.14084945604982,0.00157555349187,False
36.70273646889424,74.14272403819535,0.000262553348111,False
36.70200655061631,74.1435982505573,0.000485220556232,False
36.39070583700326,74.05541945065485,0.000713830160611,False
36.32483999183007,74.01629612682936,0.00212860895971,False
36.681229174552556,74.13682054224155,7.94562296184e-05,False
36.68057449163925,74.13708393765744,0.00111324213051,False
36.206045164246945,74.10926361912925,0.0007978345641199999,False
36.66513884795937,74.16044584762119,0.00200233222439,False
36.69897238825223,74.16330850727299,0.00077853507366,False
36.696999225562344,74.16331851897021,0.000505304326771,False
36.69770639654519,74.16358257608613,0.0015840041874999999,False
36.69801933618745,74.16413044708894,0.000738325697309,False
36.62820041730132,74.17095253417351,0.00036455450454499997,False
36.28883553504302,74.14534596993153,0.000590045849574,False
36.22894596907362,74.11090028617537,0.00425991557622,False
36.492408687329636,74.15713433100827,0.00105149784775,False
36.49229179629715,74.15664819044211,8.535237257110001e-05,False
36.20998813228546,74.19347600542106,0.0013039483729799998,False
36.266899268433136,74.19043353345003,0.000602662608013,False
36.49584460487758,74.23344659830222,0.00071751751945,False
36.69123603454981,74.26091785319196,0.0037807400317699997,False
36.57920800274681,74.27385814728005,0.000302231120546,False
36.52508557113231,74.26445174761324,0.000200534295953,False
36.48430937544245,74.24040522444245,0.000252247306841,False
36.10990354662775,74.2478691966112,0.0049465511586,False
36.53379206272012,74.28349816658984,0.00098022374212,False
36.60344384001724,74.40082434539323,0.00031417843094900004,False
36.60573341289387,74.40084204355698,0.000299768659486,False
36.604572522871784,74.40115138297897,0.000342054340286,False
36.504000384049384,74.43506349023008,0.00247600171888,False
36.50500469469507,74.42400782690977,0.000151386900897,False
36.50415228183405,74.42313418603354,0.000120718490886,False
36.50508516909757,74.4220513500264,0.000120936027271,False
36.52757673594861,74.44120759437291,0.000899206038736,False
36.602970605969375,72.99354252238268,0.0010377726949800002,False
36.60444747188931,72.99356326539346,0.00051564928069,False
36.60461000435699,72.99520664662329,0.000301453693872,False
36.605949813929115,72.99721788822634,0.000263247765213,False
36.6042560712909,72.99784188785728,0.00035746030959,False
36.60350902267184,72.99627529241833,0.00015490806364,False
36.609464028386505,73.00762492682317,0.000335269504891,False
36.610415660790984,73.01059113654397,0.00096438775288,False
36.60975861563486,73.01005962100028,0.000575775103412,False
36.60616225144287,73.00979680866222,0.00037449090780599997,False
36.60598696690772,73.00909786576445,0.000186536724784,False
36.607068337782245,73.00618158210371,0.000112815409146,False
36.607460760998016,73.00649649683308,0.000241379404233,False
36.606777431707904,73.01580726094517,0.000848609489509,False
36.60789038036247,73.01744727642195,0.000432440200827,False
36.614190834515746,73.02822059970639,0.00334562678435,False
36.61073119849701,73.03027589897674,0.00066605621574,False
36.61204490950022,73.03244553701265,0.00043422749035,False
36.609851898047594,73.03969421582464,0.000224980626839,False
36.609019004628614,73.04169682048641,0.000530158867137,False
36.60823414339474,73.05625782139954,0.000840471728583,False
36.60825987683097,73.05473148608206,0.000385831971269,False
36.611376671426314,73.05089879048208,0.000310164362283,False
36.60721863305096,73.04184953659764,0.00046559542152,False
36.61061292167787,73.02912272792018,0.000283287390526,False
36.61067190729844,73.01298211978332,0.000264763992883,False
36.60942999723303,73.02671482143126,0.000738879204769,False
36.6113231822126,73.05455726877372,0.000388467146835,False
36.61642462091944,73.06421774621488,0.000436013793367,False
36.61628931560166,73.06453659603889,0.00041483527304,False
36.616153958133076,73.06466461396417,5.49904499469e-05,False
36.56464107209908,72.99870210617341,0.0256229209272,False
36.5542243451726,73.0263264049386,0.000876198981399,False
36.55571513475496,73.02448584606894,0.00025644320785999996,False
36.543861728925044,72.99330262350102,0.00491037003685,False
36.542096448105355,72.99008924050163,0.00045711420618199997,False
36.53256200137812,73.15297624661846,0.00160880254068,False
36.539214947153766,73.12514239363776,0.000484511364327,False
36.54019263599036,73.12105144503856,0.000584323698264,False
36.54353430013762,73.1159633235918,0.000514487327811,False
36.5425270476116,73.10073188467918,0.000760842905829,False
36.631553415940736,73.12737080484294,0.00130338887759,False
36.629798568181634,73.10235256774942,0.000937620837345,False
36.63000351099325,73.10263781058998,0.000353295577658,False
36.630737135097085,73.10319837788097,0.000213561708404,False
36.6426482386217,73.11735786344236,0.000267963849825,False
36.583258836302655,73.11806226818521,0.000186807457158,False
36.564265153523806,73.13961865495656,0.000229544553382,False
36.61036544161217,73.0109072590098,6.981184065300001e-05,False
36.60696910013551,73.0421382857823,0.000426748271468,False
36.632902579012885,73.1439746174552,0.000850416615062,False
36.63267586946284,73.14402208911211,0.00018622924486100002,False
36.57536723667543,73.10448714066527,0.000405801198887,False
36.57683357613873,73.10889826934206,0.000156503480091,False
36.577404427744995,73.10916861913866,0.00033950188547800003,False
36.576145906861115,73.11020761740706,0.000799567175326,False
36.577111801841596,73.11303626431122,0.0028527604895999996,False
36.577331208855824,73.1137983512384,0.000433645226204,False
36.577746858570684,73.11608493270336,0.0016154207912300001,False
36.57814295094557,73.11742522384131,0.000522759164424,False
36.583474272085176,73.11696230725757,0.00230658292928,False
36.57462654697845,73.12016326845573,0.000843861989311,False
36.57513278169836,73.11936178950451,0.00026003071466400003,False
36.57312061279446,73.12037830105653,0.00102055237859,False
36.57105344777347,73.1216939577321,0.00123209352624,False
36.566406719672585,73.12638567245628,0.000750723905295,False
36.544573134587665,73.08302560013823,0.000381514859837,False
36.54579313660988,73.09813416936362,0.000581130733443,False
36.544377232571804,73.10082677472379,0.000507820760633,False
36.54185151933617,73.1060593903962,0.000567225133538,False
36.540405631582594,73.1156525238638,0.0007199103192420001,False
36.54104395806114,73.11983011939913,0.000210022920021,False
36.54061855801252,73.12084854835996,0.000524821180657,False
36.539194103703586,73.12297723396125,0.00246891695599,False
36.54199208012193,73.12469437552461,0.0009947617845280001,False
36.541821114254034,73.12749480633526,0.00096225749942,False
36.54104780690113,73.12959830439424,0.000356186971471,False
36.60828448626473,73.016006310848,0.00048114005073800003,False
36.608117942176975,73.00848637239791,0.00349492731984,False
36.54719275517986,73.09789151343367,0.00805189434281,False
36.62293308478992,73.22771298085232,0.00643284422368,False
36.62282624673041,73.22687162982737,0.000152263969458,False
36.619833979815226,73.22695951874122,0.0019404815169,False
36.619389718064745,73.22570569993586,0.0016218228931500001,False
36.595782454210756,73.24054585141732,0.00117459487448,False
36.59447288000633,73.24142347291594,0.0012552953416,False
35.39098057466603,72.68085835440615,0.00165407814319,False
35.39013911654469,72.68648610161142,0.00255052010001,False
35.25460894048649,72.68709645616244,0.0046295413352599995,False
35.253659777962646,72.68675596222793,0.00266619893503,False
35.09592819962498,72.66907630798704,0.00455198973896,False
35.11016706999668,72.69047193395673,0.0042247472838200005,False
35.15032292864624,72.70887058111927,0.0021973549325,False
35.187139131232705,72.69758205610425,0.000893462185372,False
35.187184831425284,72.69699282345128,5.0198483843e-05,False
35.19612544628681,72.71565253871461,0.000739354806405,False
35.21719512409482,72.7162752276962,0.012572895886599999,False
35.223047195902474,72.70552926214965,0.000700923700762,False
35.22251598344976,72.7059644815,0.00037112638019299996,False
35.337057767004744,72.73086504634925,0.00086479620734,False
35.33742877392165,72.72971579438978,0.022157435660399998,False
35.34507956317936,72.73187152315278,0.00214015926874,False
35.35423908775202,72.75029239426264,0.0049124459549,False
35.351675785999525,72.7476298846044,0.016905303959199997,False
35.36820081958723,72.8206714787444,0.004742114475999999,False
35.311901265936925,72.7871851564525,0.0031300224991199998,False
35.30935292838083,72.79381907066758,0.0154119307801,False
35.3097023520458,72.79830392733325,0.0011723303154400001,False
35.307949348195365,72.80273190232406,0.00266468883541,False
35.312451757842766,72.80002182878701,0.00026429130198000003,False
35.31131562739635,72.80025274980228,0.004840558910980001,False
35.310370139369304,72.80039153571735,0.00206958546617,False
35.31402265699186,72.8096797962013,0.000834050975442,False
35.3120745597261,72.80632892663019,0.0589944806265,False
35.304488278961706,72.83290006713301,0.00278545307612,False
35.304024820220114,72.83830723659771,0.0016435197847699998,False
35.30452935432332,72.83747670989703,0.010289749797300001,False
35.30389422467805,72.83620153196391,0.00346539479419,False
35.30100293722717,72.83421186361225,0.022625711433600003,False
35.26563024149035,72.78083226530362,0.00227567321401,False
35.2517330395359,72.80671646433983,0.0238703994633,False
35.23062586558618,72.78606374276829,0.0753523392742,False
35.21838175897438,72.78805152785101,0.000769820160555,False
35.12587143627872,72.79335140400222,0.0495704081665,False
35.27656810348792,72.86352777854314,0.0027064291059799997,False
35.27632031663432,72.86258931274907,0.0149672617869,False
35.27459970051616,72.86095631129086,0.000225185331339,False
35.147509617840726,72.73652901123849,0.034089338611,False
35.16441680840915,72.75159197574003,0.0036484130879099997,False
35.16529444328943,72.73495096292278,0.00310248319361,False
35.167418655741095,72.74578688672662,0.0011679722362699999,False
35.1808737200358,72.73366806703473,0.0177902103241,False
35.25427421565079,72.73502518421309,0.00371338719056,False
35.24515097459949,72.74000047547759,0.0104773249551,False
35.24810429287356,72.73125236682117,0.0033728775453500002,False
35.252896443291355,72.7345397723759,0.0011203112642200002,False
35.21804586237564,72.69763743585035,0.0039000054119,False
35.39515353024728,72.70391490127824,0.006560622350949999,False
35.39547530782586,72.7017887747888,0.00125089050182,False
35.392089903888255,72.69733586234933,0.00273754783928,False
35.16434351227972,72.72038850212161,0.00124465281915,False
35.25362697879906,72.73038473761028,0.000419820140405,False
35.29823970400069,72.7879740429834,0.0005577312274119999,False
35.138564125509035,72.76320145710886,0.00100108712113,False
35.16317261842058,72.76900076139206,0.000204359718761,False
35.162806753705944,72.76898204194431,0.000496162990472,False
34.622760889860594,75.2436991911669,0.00140133388013,False
34.623097208152394,75.25430322198997,0.006923678056370001,False
34.62383857060316,75.25018426391392,0.00538367253583,False
34.641398653064044,75.22923534924516,0.0117609325885,False
34.64223579313814,75.23307225271515,0.00307128295235,False
34.64455202127299,75.234194037591,0.00315400583889,False
34.62487384612507,75.289301511335,0.00096063141965,False
34.638249776397586,75.33395857452511,0.00574547673567,False
34.62484885174417,75.35635456473345,0.00781427091282,False
34.62649568714699,75.36020266318911,0.0108123998988,False
34.62871824911594,75.36126726621673,0.00302003747444,False
34.62241851849013,75.36711895884447,0.000713996365136,False
34.629278672436065,75.28947179741124,0.00041090599363,False
34.60650589321269,75.34765556411153,0.00040743488803000004,False
34.64107609571671,75.33359834556825,0.0132313742336,False
34.64404110883596,75.34191157097689,0.0037775578188300003,False
34.644555620684066,75.34401327644866,0.0103230343688,False
34.644056439374765,75.34520888530776,0.0023860423836199996,False
34.6401995307837,75.35426877000198,0.000576177612339,False
34.6397336020524,75.3552964105685,0.000168914389524,False
34.63933887245901,75.35475441709859,0.00012990652458,False
34.65139582826844,75.36951877080259,0.125373022253,True
34.65414527655405,75.36878103312176,0.00870204539763,False
34.655689884516796,75.36940885970714,0.0217303713427,False
34.64975483344606,75.3381941347631,0.0046760917535,False
34.66211836230023,75.34071137432232,0.013397774735200001,False
34.69339819380834,75.2637115708462,0.0179184602484,False
34.69407747546105,75.25852810055886,0.0142449745795,False
34.700797268554865,75.25537680739947,0.0136125979314,False
34.70146509343403,75.25944522935215,0.0209028705007,False
34.70875241836686,75.24853278401544,0.0143885829655,False
34.70650799255442,75.24926667207762,0.014382152744099999,False
34.712390778270866,75.2591100146915,0.00861237127599,False
34.71344704878556,75.26069868782237,0.0027687039218199996,False
34.68185485495123,75.32922898630801,0.010584423636699999,False
34.67155473300162,75.35675967102317,0.00192965214791,False
34.69303080574834,75.37491593961641,0.00745595659753,False
34.65256374715896,75.41169613141439,0.007346366651070001,False
34.64348576164711,75.41869472510231,0.00937007154914,False
34.62974349565563,75.41728318381492,0.0019579918837099998,False
34.6067845545109,75.42336741394327,0.08538100299569999,False
34.593010035488525,75.4211004016313,0.0199587536448,False
34.58037529366965,75.45805983358512,0.00336210920547,False
34.71918964315817,75.34427532087075,0.005025912530710001,False
34.742173464866426,75.37471713547697,0.00051558481985,False
34.61224955500629,75.40033601357715,0.0798846287682,False
34.60222340680133,75.4076608381765,0.0019608748343499997,False
34.595682965681306,75.40251160992267,0.00104715175166,False
34.595286170537086,75.40233404824919,0.00016205709729000001,False
34.54883290445399,75.40536000645716,0.017239558380999997,False
34.55548257875014,75.38900072082957,0.00341890866174,False
34.55080087931365,75.39421516734764,0.000394063274258,False
34.69898903510128,75.37580963879799,0.0055371434048499995,False
34.68392143475201,75.31912410418674,0.00851408664268,False
34.7339183312708,75.26628565773723,0.00476909678266,False
34.82116990757065,75.32787510950673,0.015269414822000001,False
34.83263982262009,75.31932679285606,0.010068032086400001,False
34.834151800761575,75.32214485561849,0.0186309707199,False
34.83578111579509,75.32228240874231,0.00023824037896400001,False
34.83623548729747,75.32076622417755,0.0011109998994,False
34.84492205810191,75.31817422517432,0.030734135891000002,False
34.84926338461591,75.33113822752158,0.00415557482558,False
34.854819451671034,75.33337463242887,0.0535888178291,False
34.85577242933118,75.32472956934012,0.0123080205106,False
34.86004033647001,75.3247445378489,0.00508900627285,False
34.86211338241718,75.33787009599541,0.0103733468291,False
34.867301558710764,75.34987105060539,0.00115047351269,False
34.866931859800054,75.34974118108646,0.00011546005353,False
34.8705255268299,75.35401831717002,8.00674549274e-05,False
34.834923202140295,75.36314670898399,0.0238472178505,False
34.82962209318669,75.36408885070142,0.0702954094264,False
34.82489399710928,75.36258369623181,0.0435829010654,False
34.82604769691001,75.36375855688667,0.00010345714100799999,False
34.83199850222418,75.37135185078834,0.019634400301000002,False
34.83128278431651,75.37522313667255,0.00918314973658,False
34.83144520090796,75.37414044189826,0.00206816525552,False
34.828259124016704,75.3708738293054,0.00684048064025,False
34.82287419554911,75.3730595053538,0.00379422393733,False
34.818032606848625,75.3739581026215,0.0109249498322,False
34.81093938422768,75.39356127009336,0.0343747258394,False
34.81068446457148,75.40105343166864,0.0555203885119,False
34.81390673918359,75.40143130438022,0.00562163975165,False
34.80499767225985,75.40880073319624,0.004512461392119999,False
34.804875304455734,75.41413101963528,0.0134502500055,False
34.8242715186736,75.38244551551723,0.235989964754,True
34.827359584668656,75.35037644551981,0.034410332800800005,False
34.881305975701075,75.32051858123668,0.0010182072621,False
34.88827396633466,75.3552798604612,0.00969180464146,False
34.88973272134466,75.35644829949437,0.0019639759409,False
34.8912392649598,75.3527787498863,0.00045722849151399997,False
34.890291821855875,75.35937670481088,0.000171115688031,False
34.808095617960525,75.35612703619502,0.00213709013605,False
34.807038063637165,75.35344454550881,0.00301463410221,False
34.87368082721578,75.30166201255373,0.00034428833114399996,False
34.75474554590649,75.49558285583015,0.00425680958333,False
34.75137101338139,75.49713360995169,0.0009008030724950001,False
34.7563825140136,75.48428842506264,0.00944282289347,False
34.77207993016505,75.4854446436216,0.00226400026522,False
34.77111419191785,75.48536807695648,0.000770857405427,False
34.774956379846344,75.48025585564768,0.109134247076,False
34.778527654447025,75.49239800979751,0.0647202675661,False
34.759083603318594,75.42976991115339,0.0191642078841,False
34.77652609947944,75.46299477898398,0.0183798178043,False
34.80285069581568,75.50045135851961,0.0030582565089300002,False
34.84088641875069,75.43339676300685,0.00236265524347,False
34.84315393714366,75.43569773063942,0.00106586550818,False
34.828602336822186,75.4392468556038,0.00699937920792,False
34.812778915678635,75.43715885194084,0.055947131924499995,False
34.80659153354259,75.42105678937413,0.012820355895,False
34.803354678293374,75.42289922036628,0.00126255150418,False
34.804221025582194,75.42285882902466,0.000286858247667,False
34.79876823881578,75.42617309696419,0.0177405416834,False
34.79253349804834,75.43616778337532,0.00726535707068,False
34.78564826057375,75.43747396777604,0.0020426950599399998,False
34.83958089454361,75.44803147513036,0.00103550071613,False
34.91019907701624,75.53462094684808,0.00995248793184,False
34.90892976238086,75.52572907930085,0.00247279497375,False
34.90761392615031,75.52664408773705,0.0050185688884499995,False
34.92010477907104,75.51845948574982,0.00421295299173,False
34.92267746407921,75.51837491951696,0.0360923204535,False
34.93531672484658,75.54475353909316,0.07174294873,False
34.931458845534905,75.54469664259732,0.0192582751048,False
34.927867483803176,75.54940889387717,0.0185041666952,False
34.931564637398175,75.54803617939987,0.00253792484896,False
34.96476304631635,75.54514661748715,0.142460276693,True
34.9864860093696,75.55341300430995,0.181243721375,True
34.968570066584846,75.53248845602226,0.0170957945769,False
34.96964897579508,75.51682817939678,0.050600483329399995,False
34.969370486934956,75.51885053740975,0.0006646631006820001,False
34.96166177792066,75.53203459395088,0.06283048106769999,False
35.01270501903061,75.53738760828732,0.00832768766768,False
35.03062110353088,75.51748814968634,0.00874557437866,False
35.03153086790727,75.51712176496363,0.0013813452431999998,False
34.859497894484456,75.65921978322514,0.000460204255426,False
34.86028636119166,75.66200027248809,0.013039687696700001,False
34.859693049531,75.66236721278796,0.00022195231064,False
34.86708346376605,75.65882342677394,0.034114211262,False
34.865877532158784,75.65684167037178,0.0007363656818980001,False
34.87254945517426,75.65258594542858,0.06524086123509999,False
34.88363791717591,75.66785768291201,0.0297904918978,False
34.88364137612792,75.67000545527006,0.00372943889074,False
34.89058555115884,75.66814190934504,0.0664907880735,False
34.89869841946732,75.651327861247,0.010899591710799999,False
34.90265149668154,75.65113590421579,0.00385396680451,False
34.90310257365377,75.65065610535049,0.000380121054768,False
34.90365481130386,75.65069592448336,0.000371662547926,False
34.90859909646258,75.66181636718225,0.00110512804785,False
34.90825294637763,75.6650263959898,0.00032319000483600004,False
34.9242663744189,75.66070343811978,0.0411492392004,False
34.923374401722455,75.65589390134065,0.007491066719770001,False
34.937595545037546,75.6762581688679,0.00192395032425,False
34.93870831211497,75.6772396518638,0.000140529528628,False
34.92772618674662,75.68278961899954,0.00154674588113,False
34.89851041593701,75.63444640501903,0.0035382979027,False
34.898837023268854,75.6362927596443,0.00232694776053,False
34.89830928690042,75.63667004636709,0.000934240615879,False
34.8973224143171,75.62992947401239,0.024506304723500003,False
34.895452805936806,75.61671744446446,0.12659860979,True
34.88885922731914,75.61768892120783,0.0363004922484,False
34.93562493692689,75.63546023306004,0.0038325785216999997,False
34.93494342359945,75.63366573205573,0.010578940446299999,False
34.93347280645125,75.63201867824957,0.00094345143004,False
34.94995337560892,75.63454002774644,0.000531079066588,False
34.96516398155591,75.65679254021795,0.0040638988881499995,False
34.99649012437112,75.70710191517836,0.0469670551348,False
34.99246793746582,75.71855497801369,0.0009182271447010001,False
34.993875436991914,75.73002850075197,0.00512793060674,False
34.993861178663956,75.73148669042772,0.000165608786565,False
34.994103380514204,75.73352797304047,0.00107698059143,False
34.99156569080419,75.7395854690586,0.00402651555628,False
34.99150505325235,75.74331564235573,0.000707186425451,False
34.99125321394223,75.74480703968345,0.000167672535547,False
34.994437131562655,75.75373582639382,0.0247035783113,False
34.9858604004339,75.7621776237622,0.000704069668668,False
34.985843084118265,75.76290847128985,0.000331997659952,False
34.98420761984855,75.76278490615611,0.0150639276446,False
34.983545551689595,75.76723949525741,0.00022767707148700002,False
35.004778732031184,75.7667749687558,0.090535377378,False
35.00463535204839,75.77949102164638,0.0043159902851,False
35.00460169856617,75.80649584213315,0.000724750000874,False
35.005752757541856,75.80549695135379,0.000326745478551,False
35.00287522889176,75.8039299910655,0.000240979145566,False
35.003451224824836,75.80435965168229,0.000428783707003,False
35.02725943789122,75.7779081475481,0.0036750698919,False
35.02727668934638,75.77892330427713,6.19019697893e-05,False
35.01309745066375,75.7530049767527,0.00117925122428,False
35.022573899419854,75.7314991379099,0.00311373586523,False
35.02717447520278,75.72540577687421,0.13309657582200002,True
35.027183896901484,75.71673021813582,0.016858559297600002,False
35.029881057367966,75.7077313907305,0.0331615821459,False
35.05873209338585,75.70942684441002,0.00488096697183,False
35.06008246482251,75.70888138987029,0.00355477986898,False
34.91370009496248,75.6172199962845,0.0827188378369,False
34.91438580153293,75.58309097247403,0.0399741910005,False
34.91652337687029,75.58663260867493,0.0152288782581,False
34.92198562098198,75.58520482926535,0.006067080801230001,False
34.93215041859017,75.56183717761742,0.00483140058975,False
34.91490171187739,75.55685116736015,0.00179658549247,False
34.904342260957804,75.58450911833685,0.00523210532513,False
34.88783147853568,75.60443613863319,0.006670079613709999,False
34.825743653830166,75.59866592437545,0.0209330143016,False
34.90829461817393,75.68482324281315,0.0396776867243,False
34.9104753400313,75.68008843047542,0.00152165849727,False
34.961640145628586,75.65218063405614,0.104625336132,False
34.947241083059275,75.62540394833647,0.00374747036888,False
34.931313021855026,75.61520678428397,0.0113726184903,False
34.928245819613544,75.61775405160017,0.00436564071932,False
34.94925774258237,75.60091843380548,0.011322742944400001,False
34.950056905508625,75.60572910337196,0.0110347212117,False
34.96213526198864,75.60613839228506,0.0196836874849,False
34.92366642377949,75.59856632964554,0.144411215849,True
34.946542378498684,75.59206219692821,0.252931783127,True
34.886974216153156,75.69645863602362,0.08847897609670001,False
34.89299372808072,75.71242251226695,0.185004180526,True
34.89070497341841,75.71880828513059,0.0318691997383,False
34.891250943991494,75.70492825283095,0.00334203102487,False
34.88280740913927,75.67977810354307,0.141599874757,True
34.87552491623161,75.67968237850168,0.022928281719800003,False
34.876367373582504,75.68245473069635,0.00047261642529699996,False
34.8781119252181,75.68391971560985,0.000341625037723,False
34.853836200588894,75.68964164473402,0.023756870795,False
34.85573853314047,75.68936285249765,0.009084688682489999,False
34.85814072794044,75.68705543543012,0.018393303562199998,False
34.86088140025724,75.68842050516247,0.024499882078800002,False
34.863545990578,75.6910400900344,0.0277533555507,False
34.845856488933855,75.70831435023828,0.0659407267936,False
34.845123317087804,75.70193393641523,0.0436009097134,False
34.839845993491046,75.71618250337762,0.0929686879202,False
34.845035899288604,75.74913996160089,0.0012229214384399999,False
34.849194354735,75.74927017528081,0.00120426715659,False
34.84903963316791,75.74853957448201,0.000513969786782,False
34.85179795452783,75.74546580377509,0.00194807905067,False
34.86450907430148,75.73163163419049,0.006538566941480001,False
34.859362269428445,75.71228076999974,0.00608754179712,False
34.86151189337955,75.71428217682454,0.0019248632425,False
34.86879985968981,75.70868500036869,0.0468603210092,False
34.86849451911598,75.71228640488424,0.00480126265071,False
34.87271002129494,75.71575628549398,0.17482599588800002,True
34.81878452534563,75.56603747614884,0.0064197883392599995,False
34.84124766639199,75.68404070706202,0.00799393592967,False
34.822656045402454,75.5836658585606,0.0622845107418,False
34.82025244142577,75.57951987680379,0.018287332617,False
34.8178186215485,75.58179493042108,0.0103988204165,False
34.8126065216278,75.58142277683383,0.0070031051806300005,False
34.82482762855285,75.58055623871667,0.00418822643584,False
34.81383286948143,75.56013879466742,0.004469893081,False
34.817556359946835,75.5357033566649,0.0118432448604,False
34.81755141581419,75.53407250082212,0.000304392169083,False
34.814389861940114,75.5282818016042,0.0021558942691900004,False
34.790720301665935,75.51354053764456,0.0603058773027,False
34.792590396945094,75.51314207490906,0.00885259271717,False
34.741694866471036,75.50390783408527,0.00585612735597,False
34.736702673731806,75.50216898874856,0.00129434499543,False
34.73447043766389,75.52221625687199,0.0207038787961,False
34.73206742356169,75.53489394250448,0.00963723516292,False
34.73213079738597,75.53633567879619,0.00125975907646,False
34.719445504613276,75.54965429615993,0.00447316875336,False
34.721719946821906,75.56449558352912,0.000572016883723,False
34.72052022655425,75.5726064222804,0.00274902104383,False
34.764620002477194,75.64487679837842,0.0152207335228,False
34.76383832223347,75.6437312554281,0.00188311608867,False
34.754693956571955,75.66005757256308,0.00996991972077,False
34.7509940817772,75.66570708379501,0.0409867891609,False
34.74759829655584,75.66581356551202,0.0006047468217069999,False
34.75323488310347,75.65193689364922,0.00227688996175,False
34.75418147304228,75.65100615591034,5.67221171e-05,False
34.7044360905997,75.66753580986285,0.009785876203690001,False
34.71539439371313,75.66969047999926,0.0185678907324,False
34.567985539817954,75.70525670499539,0.039287535422,False
34.559392371020444,75.70631946805122,0.0383300155814,False
34.55774192018348,75.70271557156046,0.00850488034525,False
34.557602414244954,75.70418154115751,0.0009787835780259999,False
34.55761020501866,75.70368523750106,0.000149994477308,False
34.54383828963624,75.68200293358059,0.00688218636474,False
34.539916948493385,75.67989508931348,0.000192237818629,False
34.551787698492994,75.66829770569505,0.00311672824228,False
34.55174564391404,75.6688285626691,0.0005290487365589999,False
34.55142701638573,75.66903438139612,0.00013731086247199999,False
34.5080527198181,75.6362683800923,0.0111348143085,False
34.50519543804019,75.62557814514766,0.00441659161137,False
34.918102813431354,75.76536432615637,0.0833469609287,False
34.9201552617302,75.75871069397745,0.00341356916013,False
34.921655325577284,75.757846263108,0.000222558137717,False
34.92520968882166,75.77773792044069,0.034248342915499996,False
34.92209748652901,75.77551067026671,0.00880356278681,False
34.92254097190805,75.77381456949874,0.00385053965222,False
34.92076798216686,75.7715522195702,0.0012420565332900001,False
34.90519277957214,75.79189200780169,0.0014206078887799998,False
34.904944412944815,75.80831003356926,0.00146427498522,False
34.88803913343156,75.89194020402098,0.0986855176153,False
34.893548929922886,75.89071585214687,0.0134146679038,False
34.88574130230768,75.88583731403588,0.0160638748966,False
34.877960559000634,75.89137435411853,0.0060318866713300005,False
34.87815194195295,75.89265724446706,0.0006938111802419999,False
34.88163604668713,75.9062914589518,0.030845937945300002,False
34.87274326291643,75.92718826952245,0.0114371939136,False
34.87663996360159,75.93174324307216,0.023068601592899998,False
34.87493002215711,75.94732644088265,0.0169287889588,False
34.87871675341518,75.96236963732603,0.036101009653,False
34.88749257904678,75.99106709923858,0.020255004673700002,False
34.85781981696411,75.99796658376496,0.0185279837227,False
34.81689437192675,75.96011399268087,0.043577375679999995,False
34.81022961017568,75.97720245889604,0.0219147141209,False
34.81220157836161,75.97854744426789,0.00549416724322,False
34.79570512855802,76.00169828131177,0.0341523898151,False
34.79296889097007,75.99735643119413,0.0350149631383,False
34.78854796608253,75.99461193997368,0.0500521896603,False
34.79270772479556,75.9896169396926,0.0406105890627,False
34.79547647054177,75.9918366689352,0.0135449248828,False
34.79232479241364,75.97882240389977,0.00537049710464,False
34.79012125147711,75.98056711288402,0.00362692817902,False
34.78229468725486,76.00919953310009,0.0377406830427,False
34.773066063462956,76.02748899102083,0.00266817912409,False
34.774079870564265,76.03103877252252,0.00471182025855,False
34.77008908921144,76.02638062781288,0.000526706753331,False
34.75365741735089,76.03755873495327,0.024032756927,False
34.7554239194495,76.03883481729363,0.00160678541874,False
34.752911543925975,76.0358340477976,0.00114483746306,False
34.73873407351569,76.0146380348934,0.00800309963318,False
34.74336256873562,75.98795100010892,0.00492529485242,False
34.74759060948167,75.98516320500019,0.0347161083544,False
34.75248954443925,75.98186390797805,0.00585466178252,False
34.7553427682403,75.98267294213385,0.00238548550381,False
34.76104629229572,75.98955743835893,0.0262141726479,False
34.759020266448736,75.9972448752499,0.00444119090399,False
34.76216289954348,76.00002454873464,0.0244675587382,False
34.749407010563495,76.03212894457124,0.0017098053493499999,False
34.75105716391522,76.04135856447925,0.00239638174722,False
34.77278650007212,76.03256562262146,0.00035058371875,False
34.73183175251934,75.97512713288069,0.0018202928220999999,False
34.73297196892915,75.97590706856305,0.00665117052125,False
34.756494531578134,75.97849582251281,0.0104288932914,False
34.74099592518398,75.96240294882296,0.09029239640060001,False
34.72609063721761,75.95886332829829,0.00402001040688,False
34.72243272682525,75.94100682741283,0.0194251087261,False
34.72313591706958,75.9363523891452,0.000641968624739,False
34.85755970110079,75.87207312222961,0.0759318404812,False
34.85907377975687,75.87244100942581,0.000897432581372,False
34.85880123652899,75.87287092488964,0.000289293257551,False
34.85920066027186,75.87202994920652,0.000336275710665,False
34.84826232147532,75.8818670577835,0.013877835066,False
34.85991523214431,75.88823972491956,0.00540726897318,False
34.85947850993855,75.89396610968932,0.0422660564358,False
34.855882386565945,75.88872598349307,0.00221175516135,False
34.835991956494325,75.85373596276155,0.00225276128978,False
34.87789002352517,75.87048818514664,0.20447490424599998,True
34.87552320366891,75.87788236406227,0.011958706695999998,False
34.87620649578425,75.87707858590694,0.00046697616953199995,False
34.87330747350916,75.88604946557739,0.000811459227561,False
34.85081822134977,75.81022361653035,0.030555625301100002,False
34.846206433297034,75.80954813257367,0.00993290682542,False
34.84601762002477,75.8059608482594,0.00480429037955,False
34.85274344135967,75.78478523657361,0.0363393225495,False
34.85852572879017,75.78179099650151,0.0203745293121,False
34.84325332671606,75.7760266661142,0.027168783105400003,False
34.801626143526875,75.84068912964337,0.0314521766666,False
34.80136302461876,75.83664898288006,0.00641404680052,False
34.80045129522232,75.83558768533891,0.000233263597704,False
34.800299180923815,75.83577920384216,2.5490574371400002e-05,False
34.80017747628505,75.83552463550134,2.03399493114e-05,False
34.796742217600304,75.84834880945594,0.0295528514101,False
34.79837196261925,75.84732909827417,0.001455290079,False
34.7937904976141,75.83191302153662,0.0105169976451,False
34.82037172674323,75.80556638193846,0.00251378229816,False
34.82003603603477,75.80547777309967,0.000349115871035,False
34.80525053100034,75.81840102348835,0.000731846665729,False
34.78301953078945,75.82481592921013,0.08579698364029999,False
34.7763706624517,75.8310761755219,0.000932172965309,False
34.77031593711672,75.8471651050548,0.0022562207783499997,False
34.771628289409385,75.84715541748004,0.000898431289823,False
34.756939639670875,75.83680075185501,0.0155606782543,False
34.759831152054076,75.84018745085467,0.00857248017998,False
34.75956233818094,75.81786153201287,0.0019560502482599998,False
34.79889792073121,75.79890263887629,0.0027964189083,False
34.53434206961383,75.72149645353203,0.00639048428459,False
34.525603616894436,75.71620721726298,0.0415047468206,False
34.52805350820927,75.71289790027103,0.0008119867238419999,False
34.52994641255462,75.71176643321554,0.0010941261340799999,False
35.168760388417994,75.37753301648705,0.0488001383489,False
35.166226069845116,75.38084059800306,0.0228810984878,False
35.16254781921012,75.3954348517399,0.0315767745879,False
35.16224933125121,75.40100911941727,0.005496422553510001,False
35.17324689486767,75.39653157310856,0.0443681922644,False
34.944496539244646,75.822871770746,0.0258498687718,False
34.93663305144639,75.82778099808179,0.019828165614000002,False
35.18233862834378,75.422434400929,0.141487800665,True
35.18327858291392,75.41629064413766,0.01637185187,False
35.17102070749665,75.45084743072654,0.0043502775884399995,False
35.198263143521906,75.4182908634903,0.0172661059522,False
35.19725443244475,75.42503723868616,0.00458663296051,False
35.164008232412655,75.47119164316817,0.0450483137974,False
34.64309874067766,75.22922418399088,0.00105170298884,False
34.644071316435245,75.23077676667663,0.000175704654785,False
34.64334234666842,75.2350826309292,0.0037031837741099997,False
34.98682422230929,75.76268196966423,0.0050989035611600005,False
35.004850604600286,75.76967153483791,0.00185401168354,False
35.00344078394326,75.80618946799531,5.3546836234600004e-05,False
34.72098929384459,75.56102590949119,0.007936242079079999,False
35.18797878396952,75.45281629175612,0.025021094999199998,False
35.44651802946483,75.44619762252042,0.201014506843,True
35.43073556878913,75.45880639786013,0.00536004887316,False
35.42660558019982,75.45523862861776,0.0457314905627,False
35.220722015680764,75.47674750185551,0.0381472165918,False
35.220364390496734,75.49206824140761,0.0035001569780599997,False
35.21251434683069,75.48833381511332,0.000685768006487,False
35.23923152768346,75.47462692829744,0.00806550268722,False
35.1235981138075,75.36971734512517,0.0298531708704,False
35.12620669562237,75.37517704916596,0.008538865342110001,False
35.16025166489642,75.4713630679396,0.0390226125646,False
34.940448934785366,75.43595512048408,0.0006016180853089999,False
34.97331164956788,75.3378887447413,0.00080366225521,False
34.96837031822631,75.32572056255003,0.000903126214765,False
34.93702539485131,75.34035596937487,0.00108669741942,False
34.92388426103238,75.35541614602501,0.0016523403451,False
34.92705225569444,75.3638237958077,0.000541034980591,False
34.9520061295631,76.02876093273541,0.000906730074274,False
34.90718884008411,76.0165016054577,0.09504256106959999,False
34.90239985447426,76.01438886734266,0.00472476819964,False
34.901833371389,76.01454785686806,0.000191072428075,False
34.902064518252665,76.01444896216736,0.00016811160485900002,False
34.913956853721515,76.02353442539967,0.0205103000851,False
34.91126198689285,76.02613418170714,0.0193159654177,False
34.91042760554669,76.04661840425895,0.0129541979586,False
34.85607060005686,76.0524513872507,0.021284090371,False
34.84989373830156,76.03928602147549,0.00982004688645,False
34.81880549176067,76.0331100214907,0.011960983456300001,False
34.53138590832622,75.8784716546118,0.0142719112827,False
34.538388889370744,75.87320940983068,0.000416145701328,False
34.53959837386024,75.86951530867435,0.00333370900647,False
34.540698169963655,75.8705623754961,0.000314336541628,False
34.539643259716605,75.85563620628382,0.00109604655341,False
34.5782689548916,75.89614689117,0.00301172666047,False
34.53486440067546,75.9031863080808,0.008204730976139999,False
34.535016596422025,75.90530750286008,0.00772922464033,False
34.760224798173525,75.96119253700338,0.0184343622794,False
34.78954989824808,75.92683112410256,0.000872114112997,False
34.80588831924318,75.96148394598677,0.0418769265848,False
34.825078183032176,75.94070936099082,0.058858634179300005,False
34.830452226041665,75.93842677043594,0.0187685150168,False
34.84347574959241,75.94069491887208,0.0523533368223,False
34.85872432751126,75.941724547679,0.139366641071,True
34.85622364475085,75.9494727887269,0.000531974715449,False
34.87418027585855,75.91697821669999,0.00339519860552,False
34.902841482417806,75.91601440080659,0.0346259292012,False
34.901949690017524,75.91992326191715,0.0197761600832,False
34.91594804553825,75.9047991927317,0.014618922058100002,False
34.91100654359001,75.91919262802635,0.00220532303865,False
34.88220785180304,75.90396205379194,0.000287080932654,False
34.833042176161236,75.78955404210397,0.00302141425348,False
34.9146781230163,75.8420569463728,0.00273144778551,False
34.91651518515902,75.84548367198006,0.0007157949546239999,False
34.92799484914865,75.84797030601541,0.00125935684758,False
34.92763108833756,75.84841101974054,0.00052819011691,False
34.94145307750915,75.87868201837009,0.0238878593745,False
34.943471681396936,75.87465098464487,0.0464015975731,False
34.94075746490828,75.87607241639876,0.000455944947258,False
34.94098913810069,75.87606005030996,4.40121975228e-05,False
34.94302161714195,75.8787190504441,0.0007873753635210001,False
34.94181050030328,75.87153825620405,0.000628564643943,False
34.95159945079951,75.8785843372222,0.00476891125903,False
34.96071384307301,75.87981428838482,0.000773074733361,False
34.96474097620547,75.85045587889802,0.0021159572285399998,False
34.96575631372459,75.84884878896656,0.000108225107987,False
34.974539863546596,75.85372023238362,0.00866212470896,False
34.96747380614619,75.77819873263347,0.0332033671828,False
34.96982248484287,75.77471662988384,0.00804964186,False
34.964709518613006,75.74674778022239,0.00110939515363,False
34.963146802111446,75.74103275535894,0.0015173142172400002,False
34.96327359016688,75.73927487124357,0.0023527046166,False
34.96265433782426,75.73422913488187,0.0564036639011,False
34.9611674238252,75.73175709760447,0.00265834975639,False
34.95482020532654,75.7376401968684,0.0508428893712,False
34.95086259637735,75.72902688283709,0.061119089656099995,False
34.955980917071145,75.72630456895114,0.0154452602959,False
34.946712176822565,75.76240868598256,0.25344713008,True
34.945332325285385,75.7694712577988,0.000387123580899,False
34.94469476581975,75.7683620330186,5.85296373702e-05,False
34.92131054502296,75.71041349506999,0.044498850678100006,False
34.9187097210081,75.71349133109473,0.011829757488699999,False
34.92286731400972,75.71594736765442,0.0229948199327,False
34.92874210406432,75.70998889582182,0.0129017052,False
34.93827886257135,75.70841918189745,0.0948640728913,False
34.929526821125705,75.70034691927732,0.029242718494199998,False
34.92217101600346,75.6887457302579,0.00733123841005,False
34.89449032725107,75.6037728022165,0.0066776728386799995,False
35.083580022575276,75.66152284542468,0.0220936270739,False
35.076225414393754,75.64678883703942,0.00949807926917,False
35.113740792954076,75.66291458807392,0.0585342843089,False
35.10770376419285,75.65688832751826,0.0104762726332,False
35.109317429874494,75.65777693783016,0.0012296109482399999,False
35.09490524632522,75.65017065848258,0.006159519440299999,False
35.094875855265116,75.64258757086907,0.00868737684211,False
35.11942071602633,75.63109140265865,0.035753336371600004,False
35.122438737339586,75.63012098875942,0.00253937604784,False
35.12559192127921,75.62939099359123,0.061360294149399995,False
35.131622312205366,75.63183822269441,0.037224324842,False
35.13885066947164,75.64977965711134,0.00672316233517,False
35.12464783917003,75.65516013952738,0.0360959995558,False
35.12502495189177,75.65064453495943,0.00178436829575,False
35.048515126930496,75.59635510521603,0.00974064065563,False
35.0390477251844,75.59183246217842,0.0037725766587100003,False
35.03691611958676,75.6015805039742,0.0108387717926,False
35.07604874654543,75.67548200112144,0.00766090530428,False
35.005451508584784,75.70670995330173,0.019927160795600002,False
35.007267629987986,75.70868294447052,0.00098852868759,False
35.00417704240548,75.695317332858,0.0210366725114,False
35.00933050316617,75.692828755943,0.011961382906500001,False
35.01782800448192,75.67145368727685,0.036776077719399995,False
35.012461100934324,75.67854260232683,0.0050440776564999994,False
35.02900952402646,75.68174321345982,0.00410870823902,False
35.00309041072057,75.72912561145894,0.013511103746200001,False
34.916377413867615,75.55128782691732,0.0785413610549,False
34.80296306004313,75.55264896991503,0.00535690637652,False
34.80736986973544,75.5442020532763,0.169901057935,True
34.800002192083475,75.5343293406594,0.00618344524077,False
34.80160862836657,75.53186336058505,0.000839994836053,False
34.758038108847416,75.50323792645692,0.0113409950865,False
34.73550189266881,75.48488403381427,0.00286893899231,False
34.62010461662285,75.39487589847366,0.0309071283516,False
34.54175846866265,75.46983003245101,0.040131830732100006,False
34.54232300211468,75.46663350677424,0.0071091675265,False
34.54030683422442,75.47437143062211,0.0059135916029700005,False
34.53974169130865,75.47312109266575,0.00256938367821,False
34.54202254924279,75.4610208979348,0.0028601496563699998,False
34.526345747367,75.48137890105593,0.0070769942787800005,False
34.53223846352494,75.48625444417776,0.0053370420055699995,False
34.51001049628156,75.54846616750646,0.00754186737961,False
34.504553561634296,75.5527309688331,0.00643520265407,False
34.56111694942074,75.56215160097481,0.004605940112489999,False
34.5188060556259,75.53354893001143,0.00385224359409,False
34.529999615383,75.54192034383435,0.0021691341629100002,False
34.534608435890185,75.52825419306082,0.000217118574345,False
34.49473851233993,75.63864708343596,0.0614897200283,False
34.54708426368649,75.49600803331731,0.0163118763216,False
34.51214748447742,75.58651161741446,0.000996766755183,False
34.5116926664963,75.58729725131096,0.000517447113646,False
34.51221739929222,75.58849374576708,0.00111666042122,False
34.53867879609591,75.49166956480161,0.00602636213735,False
34.49147137524173,75.61200650335834,0.018373336256300003,False
34.487044307859136,75.64243181010005,0.00174517199289,False
34.50055950658664,75.64281006184663,0.00788598991678,False
34.49520448882539,75.64245330229643,0.00021139616649600002,False
34.519749724435556,75.632012289534,0.0032266660354,False
34.519110386911464,75.62461760750612,0.0050934643838,False
34.50554370105205,75.74348736631363,0.00569551461126,False
34.511551440573456,75.74944934539371,0.0916005053957,False
34.512111517752196,75.7544475090306,0.0015950882548699998,False
34.52307980626465,75.77152949087058,0.0723771068795,False
34.51931914784405,75.77134386948484,0.000598890806303,False
34.52051081365266,75.78498550307584,0.00305901108189,False
34.52720240263316,75.76998592035878,0.000874892130331,False
34.497676609375105,75.78202495869063,0.0006009462090550001,False
34.509120802455506,75.8084761482646,0.0125650567123,False
34.77251569362829,75.86015137936357,0.012946637881,False
34.77449802395071,75.86699421886361,0.00774150643101,False
34.77569667939593,75.87148657228978,0.00787392783561,False
34.840814067400984,75.92291056847135,0.0066641334308,False
34.83544766228943,75.92007259076824,0.00250034662523,False
35.04461408639378,75.7248699890792,0.0286003257711,False
35.039488717815765,75.72757563763922,0.008202917158370002,False
35.05330562038119,75.72342331866585,0.0040942745444799995,False
35.23008246746566,75.63054642554606,2.2134785607599996,True
35.17175878926208,75.50716048627636,0.0329287199157,False
35.171460016332844,75.52085630431712,0.119347695767,False
35.16571958647172,75.5381634127397,0.0108514462273,False
35.16319391161386,75.53621694280866,0.00545852724987,False
35.16334391865999,75.53242919727263,0.014053437266,False
35.159253478396884,75.54006657160599,0.005133740149670001,False
35.15300687528343,75.53677016904646,0.045771231998800004,False
35.14745053051682,75.54634077556294,0.08902834202320001,False
35.1516544162588,75.55402718493353,0.0033107854724099997,False
35.15556994836815,75.56064471417118,0.0032964710442599998,False
35.13966168327928,75.54107781208769,0.00720021990446,False
35.13862871620818,75.54743201391676,0.0124882362677,False
35.25924102863405,75.42723962886448,0.0167304375532,False
34.726981670108685,75.56428879105923,0.038111470522299996,False
34.760770011290354,75.5665011223099,0.00618701048792,False
34.82987942092768,75.57457167095444,0.012212478060400002,False
34.74775246884139,75.26003840434541,0.00138841851139,False
34.565326898499364,75.37094159357025,0.000552041370652,False
34.786372841405324,75.42047360172998,0.00124005168697,False
35.0382292864065,75.55596973776579,0.00183641882095,False
35.09572151242193,75.57936407593085,0.10933338822199999,False
35.098886859587864,75.5786831101531,0.0012413462560600002,False
34.990024414349904,75.61730230588562,0.0048631045600400005,False
34.702296953289526,75.555407443299,0.00619280890852,False
34.51977456045182,75.43280622512921,0.0019269969985299998,False
34.53095101904498,75.61934878963251,0.0006601691886470001,False
34.52644442365996,75.63708221308205,0.0012059925609500001,False
34.48265639936962,75.76625101374977,0.0044312489608,False
34.94041560180491,75.81150631611354,0.000412071587489,False
34.93557614670101,75.79889887461982,0.000719809857121,False
34.93658128723486,75.79802745048228,0.0007601014052739999,False
34.93853776926596,75.79799565485918,0.000488684642099,False
34.93899477469225,75.79229658713946,0.00120663843046,False
34.942640684200065,75.78891479977435,0.0015379836543,False
34.94487786744567,75.78449571832745,0.00015804199798100002,False
34.946870126455146,75.84336833588586,0.000441151037899,False
34.971000263394764,75.83154816088226,0.00118101948557,False
34.9575187978332,75.81383802220002,0.00104618837369,False
34.92818443774745,75.90024522281266,0.00171728963878,False
35.03406743593213,75.86436024958157,0.00227691603633,False
35.03120164143835,75.84599734132439,0.0016301746723,False
35.02442348902911,75.83287072419458,0.00381933758321,False
35.022533249092,75.83140560569724,0.005990727502,False
35.03143850759758,75.82252925898862,0.00142434168428,False
35.01600359683668,75.80363799502561,0.0122239834982,False
35.05243708011335,75.81836717303096,0.00038942701695,False
35.02327023482867,75.57145841213024,0.0167081677517,False
35.00068642722369,75.77055295074672,0.026604538138299997,False
35.0015929585869,75.76948837193066,0.000113072705361,False
35.202268483411,75.5057911732008,0.00307027199497,False
35.215835000548545,75.50332865293292,0.000343688729549,False
35.17229033642101,75.39340621068555,0.0028868162413099997,False
35.1727624699818,75.41102643858746,0.0007818131994579999,False
34.81308001525164,75.50041607795966,0.0137475038845,False
34.73518667424298,75.67943360897695,0.000767425104874,False
34.73512663198153,75.67731591047225,0.00345262792666,False
34.73578111835928,75.67622098633582,0.000511174841236,False
34.603023043386656,75.6808465344128,0.000776176584435,False
34.49118072870207,75.64901573896944,0.13695650131,True
34.91439684303946,75.73958829515753,0.0120540363332,False
34.9193317966917,75.71908388116306,0.0068848096237299995,False
35.00461364972113,75.81543943506442,0.00113385793754,False
34.744122913343624,75.84552375232508,0.00979465956912,False
34.89643605848557,75.89526030165838,0.000645792254953,False
34.92165896611362,75.95485835095727,0.00121511560562,False
34.84099568610929,75.96577750260528,0.0028938174249399998,False
34.82375072204274,75.9588681191447,0.00174815666691,False
34.793717912646784,75.97468377093153,0.00236522700354,False
34.9783866774733,73.53707521066504,0.0300013363706,False
34.97984678028536,73.5346699558499,0.00100091941113,False
34.98051504585303,73.5327608429717,0.000162179189027,False
34.965471524581,73.54184966734476,0.00489753555158,False
34.96691568461853,73.53875790744044,0.000372187652545,False
34.92172495838284,73.52951911341053,0.000532171140586,False
34.92672556215247,73.53621031748938,9.53751151175e-05,False
34.952326351800124,73.54152394984013,0.00960354426856,False
34.98116662961113,73.51543429452255,0.000736571539967,False
34.930860457756566,73.50511528871125,0.000100027917595,False
34.910189157465574,73.4904933362706,0.0032115840330299997,False
34.90655778858417,73.48909588913594,0.0037671193237,False
34.910079732297675,73.49563959822171,0.00125796247648,False
34.913477222427915,73.49816354976454,0.000367350202301,False
34.914384772182466,73.49812946357765,0.000236929329423,False
34.78599940799681,73.58031285701728,0.028800059673,False
34.82068111079795,73.61496901169544,0.0124372876349,False
34.96342879759705,73.63426471612665,0.00771099921595,False
34.96082567170472,73.63505734389436,0.0029159815994,False
34.961103489289194,73.63265738136855,0.0010948792941500001,False
34.96497263948574,73.63262325615557,0.0010300083767500001,False
34.955752131079294,73.61925099498325,0.00875240309435,False
34.959689203811195,73.61781411676132,0.00038072412819999997,False
34.97215872581304,73.64307131275525,0.00661356590423,False
34.983161111285106,73.6348773437864,0.0113274500304,False
34.98476542900898,73.6200144068915,0.0033854609333600003,False
34.99223334439086,73.65603676134212,0.0566843262962,False
34.99700276037197,73.65042927481075,0.0190319381092,False
34.996159190739384,73.65515600973698,0.010628923644000001,False
34.99761266555564,73.65568623449694,0.000183934642599,False
34.994224236360054,73.65624720526199,0.00352989545699,False
35.00850128777633,73.64478903787217,0.00624774952907,False
35.014098651413995,73.6379383238515,0.000956845320365,False
35.00572770731451,73.66826631040882,0.00824789213253,False
35.006373529267556,73.67042892021938,0.00533545876914,False
35.02327466708471,73.65181770786396,0.0767285606513,False
35.01614069053117,73.66033164380042,0.00164712197522,False
35.01509532394037,73.6607095051476,0.000450509962454,False
35.01560722965369,73.66096920554675,0.000542667848931,False
34.97613921718858,73.60459305300276,0.00031009517904299997,False
35.017230558615246,73.51837479990593,0.00608880063896,False
35.019174500598076,73.51420653006222,0.0594259598431,False
35.01957664392544,73.51114104992092,0.00390056201002,False
35.02067117502467,73.50421862484914,0.0036187260994399997,False
35.37174050383105,73.49566766159941,0.07435047482269999,False
35.361410536944256,73.50910123707669,0.0568305584943,False
35.36738242649441,73.51331259243739,0.00160819058841,False
35.36212783373137,73.46872497510314,0.0606207131993,False
35.357741306331334,73.47322460902997,0.0976319904716,False
35.365497873256615,73.4745250228647,0.004779180505649999,False
35.33197548411154,73.4852986293568,0.061304597171399994,False
35.332420328176696,73.48851002335212,0.00137546410541,False
35.32089774443727,73.45463882308243,0.0943563736699,False
35.307265626489134,73.44885304525394,0.084981563461,False
35.316524831693876,73.47821950355024,0.0267339047101,False
35.27675178498777,73.49488830050095,0.005803192093949999,False
35.26339872596718,73.48812313613217,0.0179655163813,False
35.34588423274552,73.51408055230957,0.0437425597727,False
35.34242735678677,73.5141222501503,0.00246225850921,False
35.33792281541695,73.52369906713344,0.155443872048,True
35.344212727542846,73.52917913433154,0.0113429530129,False
35.342524857294414,73.52935831966833,0.000591609228814,False
35.34584238346456,73.54184467758886,0.019428253240499998,False
35.34427729035658,73.54604406589773,0.106223830111,False
35.34351194038967,73.55346277517046,0.00888573328858,False
35.35054668500879,73.54994065991438,0.0231380873392,False
35.344090020583586,73.5588056048543,0.0015387243789,False
35.34491959438402,73.56619503416903,0.0597172501706,False
35.347440755526655,73.57734012597831,0.016941413251499997,False
35.34943406462153,73.59014364666069,0.00538186034705,False
35.3492048652896,73.58895112481963,0.00301137841868,False
35.33160589596714,73.54042731059563,0.139099959756,True
35.32546293114764,73.52010735625713,0.0203451032121,False
35.356086972561556,73.54403417945618,0.00693471672623,False
35.35615298040421,73.69262679744621,0.0523996409614,False
35.34573314602486,73.6823587211429,0.0192122732813,False
35.33439138141385,73.6824479010614,0.0232518732062,False
35.345486261272036,73.69541739024241,0.00536656880782,False
35.344926887887944,73.69994972499745,0.029920240222799998,False
35.338178804401984,73.67232952391956,0.0188467350109,False
35.33546521097138,73.67114012850477,0.0193642144721,False
35.33430598212445,73.66960814061643,0.00133597551133,False
35.332879185863526,73.6677068531243,0.0011632444385900002,False
35.336774417447465,73.66718037476726,0.000534784666524,False
35.32459144121094,73.65048102249685,0.0124439058593,False
35.32301678060594,73.65312630015322,0.000433723314094,False
35.33789780884495,73.64480058526419,0.012660215113,False
35.30747774119213,73.60417338511354,0.025106944460599998,False
35.317826091142976,73.61024568831995,0.00422484791967,False
35.32918708435138,73.59337005032091,0.00840276144774,False
35.33141788218826,73.58832711398243,0.022177887060299998,False
35.33245069571589,73.58596778799344,0.00240805268913,False
35.33634793013917,73.59994353401251,0.0029748663888699996,False
35.35666683195337,73.3674169897293,0.059433661135399996,False
35.36212611367068,73.3767274007736,0.053178376862600005,False
35.3572033592697,73.38224517905503,0.0264012049362,False
35.358672104053085,73.38490796124397,0.013193473365100001,False
35.36191999393356,73.38711099057878,0.0323976747152,False
35.35409528193175,73.38767974220676,0.0250493775775,False
35.35539421777628,73.39315676655174,0.06441156186909999,False
35.353565002981824,73.40117150480368,0.112414796051,False
35.351615458729526,73.40828505168444,0.00476994963668,False
35.353603857632805,73.40830655004109,0.0033637147094799998,False
35.35290478533937,73.40786692195617,0.00116938321026,False
35.35026184462197,73.3968962060118,0.0118717810228,False
35.34949288150725,73.3951914069445,0.0042209352884,False
35.35962243508228,73.4047954717831,0.0669797800133,False
35.36607316095502,73.42282204059192,0.0405035253304,False
35.36959474710597,73.42107734260713,0.0730222578406,False
35.37075210824293,73.42287319274203,0.000134651707856,False
35.36302046787251,73.43177634928635,0.00298496261028,False
35.36848336776957,73.43417535453838,0.00140663367777,False
35.338857991223186,73.43835728992136,0.0766036387483,False
35.24347693506784,73.69256276416961,0.0955317837545,False
35.24844972877347,73.7016780105036,0.06622215537920001,False
35.242127675584655,73.72052783434495,0.0237932058283,False
35.245697621402726,73.72646315804917,0.00803734518243,False
35.23957143297369,73.73268633299624,0.0754475619722,False
35.24173566449146,73.73474319860934,0.00493328226521,False
35.24348486010847,73.73874874212025,0.0240979757804,False
35.23944768640499,73.74128709871495,0.030879133434799998,False
35.24276601382717,73.74338380280977,0.0108772538939,False
35.24228000094425,73.73963193628887,0.00039800552306999996,False
35.230555137263714,73.70942201453076,0.0040509150565,False
35.23947035542153,73.70114498718883,0.00822682678345,False
35.23981156326554,73.70386947588341,0.00105880924613,False
35.2396230670612,73.70347828833464,7.73091670389e-05,False
35.23379133354349,73.6746811559649,0.00912334140278,False
35.2328464790337,73.67539626981176,0.00596337284966,False
35.23982719391743,73.67122888106707,0.00144670342376,False
35.241497523449844,73.64532489730743,0.0202338194265,False
35.234027270918396,73.63543399416004,0.152889996112,True
35.2386480543486,73.63078783608826,0.00849854249414,False
35.23827544027777,73.63172678815779,0.000215069544167,False
35.23933296361236,73.6269922084811,0.00043190846337699996,False
35.24837747814177,73.63867886689374,0.030395279978899997,False
35.22030265809065,73.61973361119931,0.13032756279399998,True
35.225526381760176,73.62673853579248,0.004528785774449999,False
35.248388623158185,73.61220315285681,0.0348791000803,False
35.24933245537857,73.61344630580778,0.00815866736915,False
35.24164956508446,73.63441322772695,0.00360349882727,False
35.28221476378131,73.71919185690432,0.0192457477789,False
35.292859361339275,73.70112772096984,0.027274629809900003,False
35.294488367016626,73.70215196758788,0.00194445844526,False
35.30485440650052,73.69811894225555,0.0687604832807,False
35.301855906461874,73.69967699557556,0.000260331872972,False
35.29025552412998,73.69972998625893,0.000724939731943,False
35.2582159045433,73.6617456989963,0.0292878735586,False
35.26016942166265,73.66149086899492,0.00281405146652,False
35.08799865311936,73.29164085614104,0.36375752632,True
35.09137312909351,73.28548710803842,0.011743840432,False
34.92837785338622,73.22070805079173,0.020087139829,False
34.923890460344985,73.22441806308413,0.0115284400997,False
34.94899276568195,73.21055877908819,0.00958520581847,False
34.93950983971037,73.22044504019308,0.0028207041879499996,False
34.96209376448343,73.16702607584782,0.014094083154600002,False
34.96481033865158,73.16051872721847,0.007622842312990001,False
34.95567396438236,73.1822155330564,0.004318971669679999,False
35.378858862349276,73.39499167638199,0.0399421067177,False
35.376195984564305,73.38985446300572,0.0014827196488500002,False
35.37352319171781,73.39219966858111,0.00267909707678,False
35.38509461212669,73.38705873125474,0.038575473589,False
35.3868866531042,73.38317700031004,0.016537919465899997,False
35.380475305017505,73.37892816487083,0.0278108242102,False
35.38173987067739,73.38129806815178,0.0271211543016,False
35.37308860251261,73.3824802971039,0.005495869259230001,False
35.333945046406136,73.33580425204357,0.022524739376099997,False
35.332825345895905,73.33546238421371,0.00046194483555,False
35.20338575592429,73.63002879861816,0.0253007640213,False
35.21675619244129,73.64898650467096,0.10938338915200001,False
35.212637387760076,73.65074478828764,0.048627830574599996,False
35.216135936399944,73.65500272958607,0.00489032953991,False
35.21548409302334,73.65364648334979,0.00200259512862,False
35.16432397094917,73.54315900030174,0.019092515848399997,False
35.16057527871134,73.54820761688609,0.0009587827558149999,False
35.1609041998826,73.54746501696707,0.00100998799963,False
35.16178099549032,73.54885682914448,0.008148579520000001,False
35.350699184818396,73.41683474301976,0.0269288583067,False
35.3664298829681,73.41389034764593,0.00362630131329,False
35.36782842275204,73.41464506802643,0.00036968788299900004,False
35.338629719682935,73.41928714515255,0.0182584432873,False
35.33610574081379,73.41904524193421,0.00870662323497,False
35.34260344043284,73.42931590888293,0.00797760909498,False
35.346103732771965,73.44640295659258,0.0024583472561200003,False
35.3587805413329,73.44849179934879,0.00342591733475,False
35.359849066759125,73.44757918847343,0.00202216575508,False
35.36761987048207,73.4569824758653,0.00110127259796,False
35.35225519003477,73.46153239053189,0.0014029107612299999,False
35.35254167382623,73.46125676927215,0.000155290356068,False
35.35424167322569,73.46476408778666,0.0016950371144099999,False
35.35424425985884,73.46438766753506,8.749801124939999e-05,False
35.228918033664826,73.7540948408671,0.0431088252164,False
35.22522586620456,73.74823935949449,0.013441110836100001,False
35.24561157371806,73.73195291100265,0.00303328062014,False
35.14097229569296,73.65513106706335,0.0279301953086,False
35.1545879860867,73.57862339459683,0.022652229484,False
35.12943103451515,73.5616736510858,0.0180466592632,False
35.08300763019317,73.31701881001528,0.050630698613,False
35.10540030626684,73.5703029329071,0.0372070845394,False
35.10680266878068,73.57142583879344,0.0026812331481,False
35.10676294512275,73.57167067217668,0.000311126841491,False
35.13038853609734,73.55196057633853,0.021339195925100002,False
35.14288190291132,73.53933677825631,0.0581354697694,False
35.14686150025267,73.52694606406843,0.00595699914986,False
35.14489043893108,73.5285514304489,0.0021683011777299996,False
35.09338443926365,73.67329822221814,0.050789499606700005,False
35.087929610842664,73.67190345474881,0.0355710533222,False
35.083142527189736,73.66735189202869,0.0053980662739,False
35.09260573460512,73.65781356610998,0.0118365834617,False
35.07977017900418,73.70567139275205,0.0122947868524,False
35.07680813977599,73.69623591387428,0.00489638794876,False
35.067833272728215,73.7001591805958,0.00258373933757,False
35.099162582441025,73.65995559365076,0.0033312684582,False
35.1126742666038,73.64233114933973,0.00381777451461,False
35.10994364434457,73.52058581333024,0.0115335105231,False
35.13306566161778,73.64865616258585,0.00819165852649,False
35.12894467045561,73.64462875073518,0.00523004328878,False
35.129947711466734,73.64558396053283,0.00469934792531,False
35.13062259564613,73.64839042390496,0.00189879656138,False
35.03862985735221,73.70305934949593,0.0123743895916,False
35.027022983893055,73.60114167621636,0.0151424708696,False
35.02464419390805,73.60126302481932,0.021089244094400002,False
35.02275934512698,73.60130901059618,0.00423403350778,False
35.055788936207215,73.56813582181736,0.0114783743478,False
35.0127275484544,73.59132925125172,0.0151539417593,False
35.00056775538584,73.58574890138858,0.0057598797493900004,False
35.04970497866658,73.69926939580442,0.00486323185209,False
35.10696704019601,73.69468335137178,0.00537972527367,False
35.107560335413616,73.68894162053995,0.009420281898200001,False
35.109833784320976,73.68898128865052,0.00140092596556,False
35.2108216377124,73.73963807666048,0.0123761763815,False
35.28478364920628,73.71273247506224,0.0396131067214,False
35.34068169167118,73.42296126416782,0.004987772181680001,False
35.34340963521153,73.42079217510933,0.00635867144656,False
35.37330309407666,73.43821638878413,0.00412209634442,False
35.101813568103765,73.325008736356,0.00178708634568,False
34.87185925746189,73.42193230898809,0.000251524254473,False
34.87104555932654,73.4226334660565,0.00420853626844,False
34.86901525765366,73.42534211485507,0.00646793664214,False
34.867909578654846,73.42652134535746,0.00438487921867,False
34.88244417743082,73.44917223964697,0.00180086810289,False
34.883939947692625,73.44545554400437,0.000440162597762,False
34.91310036250174,73.4256748069077,0.0017727983357799999,False
34.9051289901297,73.45666082099918,0.0030616081046,False
34.9054789359446,73.45077001957185,0.0009688629886889999,False
34.908322920988255,73.44562969890147,0.00331464846581,False
35.07299398080298,73.45822502533376,0.00277911274256,False
35.123175926128404,73.54013815116052,0.00713042491087,False
35.10792829690031,73.53358637633676,0.00906013614094,False
35.10900472236965,73.52204920402983,0.00262533571731,False
35.11524518584411,73.51618909852621,0.000892667512247,False
35.11473792946758,73.516057392052,0.000399628895637,False
35.094679495674164,73.5283239322035,0.0128560733808,False
35.09260809410075,73.52496584443261,0.00908900492381,False
35.07952768682597,73.50813895229612,0.00268440730338,False
35.073656127834816,73.50976813957817,0.000603430033102,False
35.06845028141744,73.52637162868929,0.0386386092822,False
35.006365931328794,73.53583825648772,0.00126307664463,False
35.00620843799975,73.53495067990123,0.00161353672642,False
35.0047643263021,73.55261762446297,0.0016948934671899998,False
35.00318688104765,73.55719194281596,0.000472202433114,False
35.00259622158122,73.56291488648785,0.00247116496371,False
35.12950787600285,73.57212608396438,0.00599042604383,False
35.13046740947526,73.56892042250996,0.00464595283112,False
35.15732677783994,73.57860487816042,0.000790614351248,False
35.32585119254589,73.56154065341168,0.00327859862724,False
35.34431403203479,73.5760556111168,0.00108857144904,False
35.347717130937454,73.57319752255763,0.000326833438353,False
35.360507206460476,73.65105412313697,0.00200211254424,False
35.229960537039304,73.63635660012923,0.000638190272104,False
35.21568267805945,73.62934937221127,0.00156138523695,False
35.20361868963896,73.63413728937404,0.00129134930026,False
35.203353847321395,73.62745053398383,0.000317069499776,False
35.152248372437725,74.08050517552115,0.0651866510889,False
35.15760867370802,74.0700397785648,0.0140776117884,False
35.15985280962111,74.06643615956605,0.00497236269476,False
35.160451903777854,74.06598852665834,0.00248096142056,False
35.15817210682742,74.05004279263105,0.0015604250046100001,False
35.12681441438698,74.09872522206457,0.0211323073834,False
35.09894255466789,74.09747240429128,0.14647219425900002,True
35.09026840757271,74.09027714360917,0.0279045694249,False
35.10379808287243,74.1041773670441,0.045184033592,False
35.155040405945485,74.07049293242696,0.0427961432927,False
35.16887357545352,74.02527107074819,0.00043234545433599997,False
35.16676874328945,74.02362677188802,0.00225398347261,False
35.165861029897286,74.0222120170616,0.000784473724241,False
35.1664953236247,73.98980726814438,0.010586363809099998,False
35.183673278209966,73.957660416081,0.10588559988900001,False
35.185266231938265,73.94667858259054,0.0532568657787,False
35.01785774261376,74.09028865470769,0.300895351726,True
35.109377037050585,74.04120838056126,0.0190966961433,False
35.09972156458014,74.03513279246238,0.0410965574148,False
35.09813430221831,74.03864682575072,0.0260134303613,False
35.0873959537529,73.99742028246698,0.0296838207377,False
35.08568781449752,74.00176229681198,0.037888832676700006,False
35.08520294633756,73.99882803823175,0.00703833872156,False
35.08265419534686,74.00273205947649,0.0221371149648,False
35.0823022372424,73.99146186608725,0.0975767414835,False
35.07932734909171,73.97951146438713,0.00523780778947,False
35.07955907904384,73.97461843235392,0.018346565461900003,False
35.08342242550204,73.97573764315763,0.044511694488,False
35.083879069462284,73.97243128177826,0.00470321287747,False
35.07893203525028,73.98200119789762,0.00739390120308,False
35.08110910282416,73.95979166798111,0.0075826354471300005,False
35.077655914455434,73.96103102721322,0.0358591120037,False
35.0767341723806,73.9626778986244,0.00264737252975,False
35.0817962806663,73.92884111383685,0.950687387171,True
35.076389032695175,73.93206442531604,0.00581212477206,False
35.0693336576871,73.92675878741774,0.00928067385646,False
35.177744071622655,73.95832674923768,0.0380327377409,False
35.17367651196989,73.95385932083788,0.013176096843400001,False
35.17641317962224,73.95964629568026,0.0022378293329500002,False
35.17054406484533,73.95759527432425,0.00429141368884,False
35.16906070259622,73.95746802452356,0.00525858961887,False
35.18921227566641,73.90182971788744,0.0105826152645,False
35.17430251865743,73.91770279623283,0.016588895493299997,False
35.08092548214984,74.00585188834536,0.0516403406918,False
35.12780917603043,73.8112689398013,0.0285557541988,False
35.119756532409774,73.81227906192325,0.0031185431616300003,False
35.11863846731782,73.8132215415593,0.00359629564004,False
35.15564818685615,73.88085156516256,0.0138926929974,False
35.09073211958893,74.04758730155609,0.0428143103566,False
35.100380738087495,74.04918267970582,0.008919365183440001,False
35.08376868829235,74.08105011131923,0.0132609542867,False
35.073095944573716,74.10487046645937,0.020910954685600003,False
35.07012647054364,74.11421965489527,0.0440789123436,False
34.95910662328768,74.05816157350571,0.157880167281,True
34.949633519119566,74.08404979422178,0.0135483004141,False
34.94941958664607,74.08106058673481,0.00144394262572,False
34.97605913360833,74.07297194182,0.009068540008669999,False
34.9555785931321,74.00982228445427,0.018881239660700003,False
34.93425417989931,73.96840842969712,0.0354375074474,False
34.930564556647354,73.95666361156711,0.0320387809976,False
34.92755528774696,73.93469004608102,0.0479222706579,False
34.91956168871708,73.9421721293933,0.0123430637379,False
34.91611676732158,73.93782315710767,0.010956456526800001,False
34.92647900842944,73.99041939155548,0.0705764375842,False
34.916101678974094,74.00969402935478,0.021137708834799998,False
34.91556084882633,74.01324270236651,0.0203751516812,False
34.9110360720342,74.00812177186215,0.0269206543971,False
34.90873111451952,74.0256290614099,0.144770351886,True
34.93591185528337,74.02033647576984,0.0337834415982,False
34.93595033010378,73.98275363149666,0.030093926740200002,False
34.967014887036115,73.95455873834989,0.0209431832835,False
35.01798851101989,73.99886842300836,0.0269430324709,False
35.01223603446881,74.0239333356584,0.015493840235,False
35.003299387187134,74.03014643336827,0.052327744268299996,False
34.998019814731904,74.04729931289175,0.041041515998399995,False
35.04387395836841,74.05899904860165,0.0449010993536,False
35.05252763038119,74.04068847882587,0.020135376863199998,False
35.066348730918996,74.00975947002739,0.0130156150824,False
35.075643510354865,74.01495324722579,0.0058728619939,False
35.06433177239669,74.0339691590606,0.017357209257400003,False
35.037690037705396,73.95980464099932,0.041224103500800004,False
35.14798694584903,74.03340497426814,0.00660178722502,False
35.13738386154852,73.93256240678483,0.020428158589400003,False
35.12631852992253,73.93880845961951,0.0154183760806,False
35.09916513186213,74.00141327082665,0.026163595822,False
35.117136901622,73.94700013635706,0.0117765347473,False
35.10749713530408,73.92123484623943,0.040782885423899996,False
35.10502853096526,73.90992677713264,0.00802852931948,False
35.101286535640455,73.91117274606792,0.025782638549399998,False
35.065808146947376,74.06556253511039,0.0126660986331,False
35.063352064178126,74.06764101637752,0.0218287254007,False
35.061062408775626,74.08523016475525,0.00750582926907,False
35.03990081302773,74.08670096235974,0.0744726695604,False
35.04199281362611,74.09652700779088,0.0271114411024,False
35.054176330291085,74.08965790685242,0.0120169615154,False
34.90182139689979,74.04843800541951,0.18358703193,True
34.893449655978436,74.03143952727828,0.0171517272522,False
34.865711033873765,74.05037583493024,0.0597623485779,False
34.872243055506566,74.05975160269205,0.0433546961287,False
34.86952539596918,73.97028718417467,0.025596704838099997,False
34.85339080416477,73.98871417577844,0.0198390798947,False
34.83786960019214,73.94803935625399,0.011325663246300001,False
34.83654426539847,73.94717741852159,0.00524629241997,False
34.79778615238868,73.88161388826802,0.0287427619559,False
34.80555164126015,73.87867657223106,0.023912477701799998,False
34.793641906420056,73.90077333066044,0.0120711452251,False
35.0810200961146,73.87904046435855,0.018938335392799998,False
35.088300890135464,73.84484728389633,0.0259091830023,False
35.01850420119226,73.87495423459187,0.014571391685099999,False
35.0092111086396,73.84937418749502,0.008515281359000001,False
35.0168922565295,73.8279801499424,0.0405161005399,False
35.0196307775802,73.80679916421681,0.137911332704,True
35.00970974411795,73.81542846616419,0.044016699127699996,False
34.78439406477886,73.76250932761495,0.0496631792083,False
34.88467429032587,73.84336765900579,0.0220040984765,False
35.249144229155846,73.89828660854627,0.0344044006563,False
35.23333610171074,73.8331418606357,0.06588539117139999,False
35.23082352432242,73.84587383684512,0.00344392596623,False
35.25688338257425,73.80403872054795,0.00834336423739,False
35.24996332794095,73.77994256650645,0.0449839002048,False
35.242307231006535,73.78987377218711,0.0438994225392,False
35.2531180412229,73.77816666358628,0.00329239828638,False
35.21216932754855,73.90269128923762,0.00450280336585,False
35.20425654638001,73.92233274923468,0.000741771125549,False
35.228509131666534,73.92915312789086,0.00926366954447,False
35.0284416129558,73.86033366029069,0.00937959509341,False
35.03960374016297,73.82753803206893,0.011217107697,False
35.03707586400531,73.8315673874252,0.017143095709599997,False
35.0341875403563,73.81792920663904,0.0107815086537,False
34.99811859017472,73.81500764214685,0.00675481791771,False
35.00053693017745,73.80704363189788,0.00736959819166,False
34.98728223732925,73.80501726849691,0.012350956973,False
35.00141159264396,73.80438254201012,0.0151256572969,False
35.20984851594056,73.86278989396259,0.033698701294500005,False
35.22010041068062,73.84044270501529,0.00255726009349,False
35.215526648667435,73.84144330577593,0.0018345230608300001,False
35.21998772865887,73.85504295104255,0.006072017770770001,False
35.19500233507932,73.9453989826623,0.00697188177997,False
35.178671348726546,73.96765241424274,0.019655152010500002,False
34.77999187785487,73.83072448216772,0.027887070686800002,False
34.814068032047274,73.67636752372246,0.0109727996826,False
34.830484800155695,73.66807769496762,0.00240801739313,False
34.83307968869992,73.66067605339697,0.0105546905157,False
35.06782678799234,73.7002102010869,0.00288626810588,False
35.07681167456734,73.69628253106255,0.00496601171846,False
35.079768243538744,73.7057125544544,0.0132599674713,False
35.08322034825068,73.72114217975576,0.109488617621,False
35.21087295934961,73.73966695715305,0.0119872534643,False
35.22520374931887,73.74828993681048,0.013822479994900001,False
35.228877978910305,73.75415349812505,0.0439910105528,False
35.06477630119809,73.73797837880394,0.6082041718419999,True
35.07744957689964,73.74593142113237,0.00221056335809,False
35.08317045680287,73.75589762836024,0.00106886548966,False
35.08239433584872,73.75597598540656,0.00130761592277,False
35.20809400756093,73.7823657607667,0.0580804713393,False
35.21575190650631,73.78288821991515,0.00692772403492,False
35.212280287425834,73.77920537183903,0.005489201425989999,False
35.2319094660561,73.76995361696979,0.0204071229178,False
35.235858567275336,73.77122944664572,0.00169288650281,False
35.23428227883775,73.77806986703091,0.000407145736945,False
35.22679217173459,73.7894318741159,0.00165669718029,False
35.24997261793846,73.79856574316095,0.00291803851877,False
35.2470600493277,73.79930404086024,0.187438557343,True
35.25565081728932,73.78403154390955,0.00200716273291,False
35.21995590905622,73.9004124466985,0.00657398262531,False
35.2124543434773,73.90339146448589,0.00101331738961,False
35.21435851025338,73.90770078718548,0.00757632037848,False
35.035295074255245,73.81419130954,0.00154244597609,False
35.037597450241165,73.80885201920417,0.0017855386274,False
34.87689933864525,73.69019885337002,0.00034582500400700004,False
34.87927817149989,73.68989342783354,0.000840193908857,False
34.87685378656301,73.69427016626159,0.472248522583,True
34.88395929523278,73.68560664317472,0.00134576755176,False
34.88298302516207,73.68615626851195,0.00126869499561,False
34.8853210171628,73.68585615361889,0.000441063117634,False
34.80193847428111,73.8327244252414,0.00128906468438,False
34.802254345624526,73.83262243912945,0.00038054545906200004,False
34.80142441984138,73.8471493163427,0.00753966185263,False
34.79753643819459,73.85139657971587,0.0052398347682100005,False
34.77898963251679,73.78852357400048,0.011104553839399999,False
34.84304021147077,73.79100268840861,0.006165274972899999,False
34.97113668455009,73.8057711924315,0.00287781947082,False
34.96773344737667,73.79901173727586,0.00561030805272,False
34.961589655905485,73.79704429930092,0.00416863218237,False
35.084480412948146,73.7753104558503,0.000988488731156,False
35.08475537490147,73.77468068103359,0.0036800325583600003,False
35.14759573267352,73.75968060046458,0.00220525778907,False
35.15043168454586,73.76458893495897,0.00048757454534700004,False
35.14975865387001,73.76364047503824,0.0035190177735799997,False
35.10325985831716,73.82856621122613,0.0035039741523299997,False
34.83879233741876,73.85664741998708,0.00172995679077,False
34.783396030081065,73.87137485617752,0.007018945516900001,False
34.78297419752844,73.87044458800894,0.00041792652,False
34.863378107916894,73.85717352182103,0.000810957163308,False
35.00256975082395,73.86675186503825,0.0066944605049000004,False
35.029596325970566,73.8607796563171,0.00449867011182,False
35.142471046773146,73.8727167629151,0.00228303554716,False
35.141400525968635,73.87216031804618,0.00300955097823,False
35.14263436378777,73.86880482264625,0.00530691757248,False
35.20727512021002,73.85052243061543,0.0013679337817200001,False
35.216177219997014,73.84311884501896,0.000927210556119,False
35.1959526477924,73.94005067109316,0.017390506086699998,False
35.19737926289779,73.94375413044388,0.000610432182394,False
34.96353842829134,73.95151147262723,0.00594437941579,False
34.93958214059233,73.95225969056308,0.0048882812233499995,False
34.93595133629163,73.9506201457124,0.00637098307234,False
34.94249618714421,73.96148629352321,0.000493672821323,False
34.93970066833192,73.96376260420011,0.00320533121157,False
34.939494884163594,73.96540277642413,0.000921669951303,False
34.928657552725326,73.97547706421936,0.00249720651222,False
34.928873041782516,73.97450051943395,0.0005818779990169999,False
34.85853360771207,73.98227491105585,0.006145983478199999,False
34.85738818390372,73.98186695771714,0.00019265332911999998,False
34.86070971192381,73.9930893633946,0.00229547815467,False
34.83969335430064,73.9547543417084,0.0053872470171599995,False
34.836131814046944,73.94560383550957,0.0009795170216740001,False
34.8367421537337,73.95436986484212,0.0006542625574569999,False
34.83763359940374,73.9538785862474,0.008924612591310001,False
34.821099195692234,73.93918239766276,0.00022401408181299998,False
34.820839238117344,73.93957949745673,0.0007675907030380001,False
34.82046400419745,73.93946122706538,0.00137099603064,False
34.830445923521935,73.98455231477801,0.204847204112,True
34.92229104110292,73.9967398656804,0.000151446959268,False
34.92238436572992,73.99832256731375,0.0046959347905,False
34.935373237942414,74.01863635855108,0.00174801730204,False
34.94204699083845,74.01573824634723,0.013698814758599999,False
34.95474872248515,74.01490663106074,0.0061016729133500005,False
35.0162919982154,73.99405900512915,0.0036711460197599998,False
35.02043062571481,74.0025206975761,0.0035028942665099997,False
35.018938679283714,73.9999863817127,0.000326221941075,False
35.01397610116091,74.01093808957529,0.0041055075786199996,False
35.00879480134391,74.03006883569887,0.0013534700444299999,False
35.00822292844239,74.03478611921938,0.00536823347626,False
35.00137350876042,74.04551331190164,0.00113817147982,False
35.00099326445915,74.04561728423914,0.00133820781064,False
35.000539437626436,74.0476449481466,0.00844287290585,False
35.00462915428252,74.04957670862312,0.00518272228318,False
35.00211527185753,74.05482885647066,0.004314053981039999,False
35.00140096835757,74.05657612149672,0.000187831238863,False
35.00291921146034,74.0565256502911,0.000418348556907,False
35.003816732122715,74.05789912558248,0.00016144782728199999,False
35.00454761270861,74.05620573659644,0.0005997659909310001,False
35.004213580388054,74.05479711230049,0.000257021790815,False
35.003813151225714,74.0548121382913,0.00013419899500899998,False
35.00709561811212,74.05556386939949,0.0013676429467800002,False
35.06660266977445,74.02266049879165,0.00777919496755,False
35.06582557050132,74.02254967586781,0.000368503764441,False
35.07500831138997,74.01456297489524,0.000898739931617,False
35.083820176554326,74.0611301687331,0.00623475294161,False
35.05823132746508,74.07944818217231,0.0022027404012900003,False
35.04771905978317,74.07649541313867,0.0035466625135499997,False
35.0357855628071,74.09052659831192,0.00032120008285400003,False
35.035782647994715,74.09022432654808,0.000144931111525,False
35.03581225104733,74.0899021143803,0.000143891622179,False
35.03501131522226,74.08991974917878,0.012237140257999999,False
34.98223072597594,74.05591030675177,0.00747102723344,False
34.981400371692445,74.0527683364113,0.0012487075018999998,False
34.97230523986382,74.04804319181238,0.00326681088238,False
34.97083020802889,74.0465782244951,0.00138062409691,False
34.943082724064524,74.05913490522467,0.0026002315524199997,False
34.939827450568295,74.07303769627246,0.00142924821701,False
34.94210887791651,74.07008408989405,0.000960988519055,False
34.954397739170304,74.08693609113367,0.00747550719638,False
34.95676377729665,74.07402870328669,0.00154382057968,False
34.95644760359938,74.07542315219314,0.0171647044965,False
34.87182457028486,73.97075393802504,0.00045940573203600004,False
34.871274907994064,73.99269985864761,0.0009759642952770001,False
34.87096340859178,73.99115898689678,0.0006934833787280001,False
34.87715350186842,74.00774194524635,0.0008300795803160001,False
34.877175291922704,74.0084783911255,0.000382434286394,False
34.883106606716446,74.00713289276048,0.00117120795609,False
34.890556671596904,74.03077164649109,0.00214017242364,False
34.89360993946321,74.03515640547766,0.000545856457648,False
34.87179857057931,74.05585515156962,0.00344940628951,False
34.9197915192584,74.00619116324573,0.00229783202562,False
34.92027964253478,74.00564084376752,0.000395668076682,False
35.10439501431385,74.12442695233845,0.00686367650316,False
35.331931720941284,74.94134472921141,0.100527901845,False
35.33076079626239,74.9527195931844,0.0199062799279,False
35.33362688776485,74.95109679010723,0.00264768662271,False
35.464400002185215,74.96247308473552,0.0112192545033,False
35.46454325168101,74.96489634986285,0.00867266142724,False
35.45853412124661,74.99941907352542,0.00532532651996,False
35.31442647118316,74.93514332787359,0.07024191354350001,False
35.3010495315264,74.92377362726394,0.0027414848414200003,False
35.213757382033144,74.80445950572437,0.00249463891349,False
35.214256240893484,74.80303065344327,0.0011044095375,False
35.46686903547415,74.97326485482071,0.00572839565618,False
35.42541909765775,75.22907927392716,0.00434610796413,False
35.393677140043785,75.19846087415408,0.0056045701215199995,False
35.39269841578494,75.19263565756967,0.00386224830752,False
35.34313256126714,75.18516975109529,0.0228703621105,False
35.32921977364332,75.18232326178664,0.011437291306799999,False
35.32329497611068,75.18296354291348,0.0153341158648,False
35.32075770686011,75.18978577558204,0.00695211747431,False
35.31379087830361,75.15402591451063,0.0105578356541,False
35.281381755879735,75.20591536305164,0.0457976615926,False
35.27815265527503,75.20776388139222,0.0314678284711,False
35.27128418681681,75.16291312214298,0.0461477233027,False
35.263451863824336,75.19349000042625,0.191462157213,True
35.25716294944663,75.16101115746359,0.008803974977609999,False
35.24865934576701,75.15006722794413,0.0156137371228,False
35.24854980048703,75.1480056170277,0.012608029997,False
35.249797625939344,75.14575790662606,0.00457425211092,False
35.25642841132746,75.13291261695863,0.0118127846703,False
35.253618300131365,75.11114273277573,0.0100878642879,False
35.25210206755386,75.09767790572883,0.0027881417614,False
35.271108837924565,75.07059690012812,0.036904157848199996,False
35.27611589445748,75.07491459194462,0.0178867323741,False
35.28453065235173,75.0699513238611,0.0112302672822,False
35.302634350046134,75.07387563319217,0.0377607408106,False
35.30495874452199,74.93780592958363,0.00628809423736,False
35.230485766105744,75.18247191485723,0.114757754889,False
35.23474746915067,75.17754063237341,0.0399147311233,False
35.22825751983881,75.15295162490943,0.00524552367056,False
35.248767797222484,75.16593761097855,0.0167150768701,False
35.24668124827219,75.10912768133055,0.00569855886229,False
35.30226390281613,75.1596023940638,0.011186553589200001,False
35.31377380700006,75.15736929673386,0.00342287080375,False
35.312712271054664,75.15180463438953,0.0011947910302299999,False
35.32469176064365,75.15577158407986,0.0074749710612400004,False
35.33349608793027,75.15264661027588,0.00781842025818,False
35.33636431326279,75.14790986543332,0.009626355833129999,False
35.33403004442949,75.15055994590018,0.0029920215232700003,False
35.3756066405103,75.09087456010847,0.0355664020264,False
35.371388193032985,75.09266556910897,0.035559545389200004,False
35.371951903869146,75.12026197521338,0.0108520899149,False
35.37110763458491,75.10505811650542,0.00691178608737,False
35.36580354149392,75.13067412042834,0.0091493009425,False
35.37110951878063,75.12959263386813,0.00815233201409,False
35.373570961537354,75.14001806820772,0.00922907158999,False
35.391775876475485,75.09606675016182,0.00640397705803,False
35.408555821237684,75.09492475128621,0.018424127029,False
35.40587498149153,75.09453514914642,0.009036370472480001,False
35.40346475327849,75.09638065333036,0.00548143372635,False
35.42760489145456,75.04547276511875,0.027454155316,False
35.426118324110675,75.03692244904057,0.00768553051729,False
35.30008861360381,75.19001786414857,0.0683670290494,False
35.30597630842684,75.17150711987433,0.0052541491879100006,False
35.30379489913647,75.17118518405665,0.00353167377671,False
35.29824157424585,75.16295140860647,0.0226320692967,False
35.29541378581985,75.15344448951976,0.009808863935240001,False
34.99102589573781,75.23636950972455,1.27767632562,True
35.013094520062296,75.27982340601964,0.0276365213006,False
35.048474330758104,75.23794973331776,0.0507127615968,False
35.05009989826917,75.231367529825,0.0194921683825,False
35.0564387813836,75.23894081495727,0.0158839708111,False
35.066934334409126,75.23140494454988,0.0314340600438,False
35.06959308510612,75.22180359397295,0.0119086662839,False
35.08407214350748,75.18137615607266,0.0259197885305,False
35.1042096475541,75.19882969920624,0.0220772376171,False
35.11222599993738,75.2122448469126,0.0194690922414,False
35.119008422264564,75.2281654051747,0.160543628443,True
35.10223737767977,75.23303173521813,0.0608172158969,False
35.10467937657573,75.22494602029366,0.0167046479799,False
35.13115635467539,75.25649998740064,0.0162633330231,False
35.12803813093273,75.26134505558542,0.0129807724796,False
35.143293559843364,75.26120535170413,0.122810012521,True
35.082015317439776,74.9612253995973,0.287427968305,True
35.0743296936064,74.95810906877524,0.10008732757700001,False
35.0969872816799,74.93500630687379,0.0831449185331,False
35.101018533045576,74.92343613784789,0.0166515408022,False
35.105192361119194,74.90687567221642,0.0125717715728,False
35.09555061322254,74.90147127446288,0.11718488163,False
35.096133653264076,74.89313657756395,0.005698983358159999,False
35.09275896920656,74.88222858467826,0.019988849827400002,False
35.098789376617496,74.89890022561416,0.00703450163484,False
35.105602827710946,74.9201963209557,0.0198741662998,False
35.12254949007377,74.90600336244817,0.013185676634199998,False
35.11762698780703,74.92460946752315,0.0105720327301,False
35.10387312985801,74.92731002102764,0.0269347567641,False
35.08673577017642,74.94296677243976,0.0235060438941,False
35.089411692801995,74.9474753344061,0.00976971538621,False
35.26889043941386,74.97171299712865,0.0155923104158,False
35.287570640991916,75.00165986824373,0.0075670984565099995,False
35.28791252909246,75.02277247501002,0.0147176576024,False
35.01330100046516,74.91687257518078,0.0388604319187,False
35.011399173881806,74.93745013042385,0.0757552961294,False
35.0040905877656,74.9406726436694,0.00901711150226,False
35.00084086011507,74.94129323927463,0.0262928496065,False
35.01623814435975,75.00107694693796,0.11130815899799999,False
34.97202857982095,75.05052523027337,0.142059178331,True
34.979924265292325,75.03921352952032,0.08333999624510001,False
34.963096610257146,75.05271813564575,0.0185220297402,False
34.92037688987825,75.17717417917814,0.1462530316,True
34.91935623253565,75.18874182759926,0.159779290845,True
34.91962537375839,75.14307296800706,0.051252700659200005,False
34.84182275101665,74.73479777952628,0.0249699045917,False
34.8361407122734,74.7281522059916,0.049612746648,False
34.83048297020362,74.71863915276951,0.020103030412299997,False
34.82534369452915,74.7170451704903,0.044980261238599994,False
34.8196129853921,74.70242844615886,0.0173720987837,False
34.83439457747932,74.74222982734342,0.00577764646786,False
34.81264207462175,74.72238757021368,0.00967143150997,False
34.843861116381014,74.73759350937843,0.00987398974803,False
34.839399049575505,74.76112387372345,0.244955786233,True
34.84665102130072,74.7705885717158,0.040645502065200005,False
34.84644723043779,74.78665258482825,0.121590222291,True
34.85308407275404,74.79631324656505,0.045985494974,False
34.84501715462898,74.80872037632845,0.477171417365,True
35.04873111525789,75.19819800374064,0.119556853339,True
35.11980059212006,75.1362120544009,0.0419789346676,False
35.12144139691376,75.14211692915647,0.019044434448700003,False
35.12642553840941,75.14537740368733,0.0432096412375,False
35.13275494028076,75.11239110793638,0.00772906614095,False
35.161111540833346,75.09736988205904,0.0123128846087,False
35.16862014646632,75.09820398350051,0.054534932700999995,False
35.176004236582045,75.11353084586472,0.0468048748673,False
35.16581995722109,75.13332838984527,0.0190732158508,False
35.28253356701926,75.15481711589968,0.0245433305466,False
35.22727157871228,75.213199548176,0.0234775073405,False
35.228444553177184,75.21726151918132,0.041114102466900004,False
35.231987586225365,75.2397828351235,0.0112366961152,False
35.23316498607242,75.2414982338137,0.00300540294817,False
35.21948916661732,75.22271697368889,0.0228105408584,False
34.708481744442835,75.12640379677389,0.0428792487871,False
34.718911751772744,75.11837739456934,0.0176529149431,False
34.718676874668866,75.1165560878813,0.0023673148123,False
34.726664246126234,75.09675771268694,0.0741402005149,False
34.723695989122426,75.09668285097491,0.0113822661415,False
34.69649681330133,75.13706676530413,0.6318467357890001,True
34.68356332329532,75.14044082000812,0.210102899447,True
34.6779578272117,75.15732648115292,0.0583979871983,False
34.6813734928038,75.16474858033514,0.0257912187757,False
34.674339129474816,75.1697043327493,0.0458681158012,False
34.82303427483804,75.1572418992596,0.0322292721571,False
34.82612836869679,75.15451974638111,0.0133691067101,False
34.82768856041989,75.19705946721935,0.0236961174196,False
34.84493187879021,75.16881172339869,0.00878056150541,False
34.85419136931707,75.14884350058018,0.0216404263192,False
34.895544258246225,75.0787656465517,0.0222851735868,False
34.89166040719776,75.08893687762901,0.026960173131999998,False
34.87957658711573,75.03348715771433,0.018459070379600002,False
34.857000791878995,74.99187371161868,0.0629402747172,False
35.10119912703665,74.97615474533784,0.0689760813153,False
35.06040318963617,74.98092734973288,0.012951905647600001,False
35.15063861671683,75.15451484536202,0.0561603062231,False
35.14475213956856,75.28849208455165,0.07570057742450001,False
34.64338242216581,75.23511774525561,0.00381721111289,False
34.64217130361868,75.23306139909157,0.00278674313184,False
34.64139750218523,75.22925812219911,0.0113855535896,False
34.64045546558608,75.22517870338564,0.0157306010618,False
34.643905628878834,75.22409007714614,0.0027985025645199998,False
34.644310658315966,75.21784117781169,0.0317767776856,False
34.64739221315703,75.22167776468427,0.0300298795887,False
34.64490698289118,75.22772722218775,0.0037483302288,False
34.64817342250574,75.2291624630792,0.0439571641705,False
34.621632442081264,75.14670737438503,0.0705252770249,False
34.63339890795679,75.1851874221252,0.0068162108617200005,False
34.64055837215375,75.19149993851121,0.0210831493941,False
34.64584531679358,75.17725702280225,0.0971241458061,False
34.65249639597443,75.18625348192747,0.00623951169336,False
34.65336776501373,75.17538789219216,0.041823417254,False
34.655561436351235,75.18112405104623,0.00768343553256,False
34.658213641569446,75.17851414633328,0.0145938132348,False
34.68469897424276,75.15700228915695,0.00371454963326,False
34.679881568365495,75.15925156366025,0.013699067988,False
34.67454943493926,75.1616436285815,0.0112234842633,False
34.670601446826204,75.16482264698881,0.00748891047603,False
34.67212255260634,75.16954212320614,0.007226159956079999,False
34.66612349485322,75.17942178678103,0.737230102596,True
34.66293593300558,75.1973134404862,0.043609100333100004,False
34.660121734135004,75.20016954312433,0.00946378378637,False
34.655173883781316,75.19829390108112,0.0060339061329899996,False
34.65314741424711,75.20319590769726,0.00789498040888,False
34.651510478024804,75.20560415008049,0.038404815108,False
34.66072534636662,75.20748461267446,0.028090956084599997,False
34.85165212754038,75.13937063574903,0.010878578849999999,False
34.842547809315626,75.13826493017605,0.00626716850533,False
34.837673779466364,75.14061230486233,0.00306578627057,False
34.83994842667053,75.14969694209576,0.012109120232200002,False
34.838271596899006,75.14991576529111,0.0062484704144400004,False
34.84220182966869,75.15445248114989,0.00542363538465,False
34.84420382164476,75.15685892877426,0.000981840170078,False
34.84690594582903,75.16100074336256,0.021776477231,False
34.88872473466258,75.0895218729575,0.00764362895636,False
34.86411551065948,75.28204276120027,0.0143905687286,False
34.92174310099675,75.24978356363142,0.142811343144,True
34.93597351100503,75.07094737726042,0.00416122743381,False
34.97459682166705,75.12277200527213,0.0153285955771,False
34.966739881487,75.12269400846213,0.00864385310456,False
34.95098458090799,75.13694833738968,0.0148317992514,False
34.94125288948026,75.14765617369643,0.004385926399840001,False
34.939913759948034,75.1552352041655,0.015836995347,False
34.93830664800402,75.15519148711822,0.0264610505337,False
34.94128995094721,75.16965264641314,0.00406707462037,False
34.914655921417044,75.12187645716918,0.0116819157911,False
34.91629124349915,75.13308247754335,0.009035422659669999,False
34.92047127351148,75.15444566334477,0.00468466933998,False
34.91877915649364,75.1526308598651,0.00367408664392,False
34.92664441489155,75.1479666163045,0.000697244922493,False
34.9267064131296,75.14622754120737,0.00384652196391,False
34.910183532257385,75.20360780722208,0.00156547666763,False
35.10477284716344,75.33220027010921,0.027706151372399998,False
35.09629300684068,75.33541139491842,0.0236593266098,False
35.097343607200585,75.340188029374,0.00896549038752,False
35.11418646924992,75.342198459624,0.0047782414120200005,False
35.132403408663095,75.32122844822963,0.197876597884,True
35.141508037771665,75.33150808930209,0.0771955253182,False
35.126294465957116,75.37521955752017,0.00928681721493,False
35.12366806772041,75.36976239220967,0.034971725602,False
35.11402503952892,75.27173659135157,0.0229424123689,False
35.10700718230461,75.27711279325976,0.013231424272000001,False
35.12422125912353,75.2930059880278,0.00170307149928,False
35.1222176123772,75.28862961808812,0.00426699822485,False
35.11929798560325,75.25847792383537,0.00217518743765,False
35.12761442766576,75.23148030283444,0.00272135816959,False
35.13905447871667,75.22865411683479,0.00821755659888,False
35.14252948517426,75.26529738867667,0.00429981963249,False
35.138086057479946,75.2509490382782,0.0111533104777,False
35.15387479551019,75.22011732319068,0.0125945372157,False
35.15475949251768,75.21954973580964,0.000520098873285,False
35.14639844853898,75.21003640525129,0.000872293407939,False
35.20130078567615,75.1842705364441,0.0108579914884,False
35.185801803800196,75.1874571353777,0.00417619885563,False
35.19033430958952,75.19395067910146,0.016813993813,False
35.1910955506931,75.20298741481704,0.00038716154389,False
35.18915523798396,75.20035078430784,0.000924586650195,False
35.141015730555196,75.2863662657606,0.00271246111349,False
35.150592916941626,75.28021567836657,0.000777471437697,False
35.151261441660694,75.27964618393005,0.00202857549459,False
35.15192613631713,75.27039686717798,0.00692641151965,False
35.14661381151049,75.28290252611669,0.000791648130176,False
35.16103652566995,75.29973437100719,0.00110782086776,False
35.163215833384115,75.29651532193978,0.0021007912780800003,False
35.1690910648203,75.2967315619483,0.013718492466,False
35.165840843471805,75.3096602638522,0.00164258931034,False
35.166908867020496,75.30906094502562,0.0024386832100199997,False
35.17435658597223,75.31288136207702,0.0115615781317,False
35.163716158171894,75.32924193267273,0.00133030782688,False
35.159278850408505,75.3436980414284,0.000979712290021,False
35.16031298780842,75.34009215074816,0.00431200302035,False
35.1678116399363,75.33451734513791,0.001823340905,False
35.17328130031538,75.33373771213813,0.0844384924811,False
35.17194788916423,75.33722188882011,0.000599633247825,False
35.18936881790643,75.30634235393005,0.00541205798354,False
35.19266293996009,75.3128559268857,0.000498432710769,False
35.18790815920518,75.32861339312652,0.0222776638519,False
35.1850492933708,75.3428780175535,0.0267259522047,False
35.183116851817815,75.34724251720634,0.00318192974894,False
35.17870971285473,75.34085392696335,0.0122799006274,False
35.17432064971522,75.35113765998946,0.000393565776872,False
35.17426702900803,75.35018869441404,0.00061660211856,False
35.17413096653894,75.34921451216728,0.00379732629079,False
35.17643546223767,75.35961982335593,0.00165098980475,False
35.17763564618523,75.35362510031801,0.0573981048026,False
35.17649174967144,75.36326160255304,0.00509305581228,False
35.181390219640484,75.37731463119896,0.0019528511482300001,False
35.16905297922597,75.37762498003032,0.0478551677445,False
35.16655651753657,75.38093536296711,0.0215401389182,False
35.207137469765655,75.36899472438168,0.0343677911162,False
35.20578393492837,75.36389434886063,0.0056119692243299995,False
35.19437526117395,75.35289902130627,0.0456869780247,False
35.19762094653914,75.3489573839419,0.0036086785575099997,False
35.19864934101714,75.33487740689384,0.0052558027133300005,False
35.20127604884883,75.33653190778209,0.017371429069,False
35.20655700532429,75.33425991646072,0.0309432982995,False
35.209216228142466,75.33355440110202,0.00267193525531,False
35.212574097879454,75.33566477501594,0.0152818939216,False
35.20953531640738,75.35598390446539,0.000362669003566,False
35.220273053538634,75.34716546985,0.0026220918387,False
35.223617431261,75.34600095535868,0.032405415611699996,False
35.230470843753864,75.37183452408983,0.0021594669433,False
35.23485833808393,75.36399771413136,0.00123173172497,False
35.240459663800046,75.37564720585829,0.00427609504031,False
35.24476324665471,75.38277635451398,0.00259059142016,False
35.24249305567385,75.35034319531903,0.0110395864624,False
35.25541548614204,75.29603522867386,0.0173484068248,False
35.25177713332056,75.28356786762959,0.00081212324875,False
35.249601089310936,75.28386589034814,0.0166978038787,False
35.242672809190985,75.25420036755092,0.00633628440799,False
35.246895283822866,75.28905232138338,0.000497906652963,False
35.26477939022479,75.29238430622605,0.0015682673127800002,False
35.26417855253134,75.29024763897381,0.0014470717970600001,False
35.26390509950312,75.28935462457729,0.0115171264214,False
35.26393792488357,75.28675642158633,0.000943486829828,False
35.26439300097734,75.28436744816783,0.00329539511802,False
35.26545782605217,75.28129288275075,0.0130029404378,False
35.18882271317823,75.24787774601823,0.0287308720566,False
35.1925357017762,75.25147277263855,0.0130368220182,False
35.19192704792375,75.24363390621846,0.0056697162896800005,False
35.19655875913526,75.24227665220275,0.0061713376551299996,False
35.198173521404236,75.24671397905172,0.0116601107005,False
35.19379014432474,75.23155609673502,0.0105361845173,False
35.19058364539297,75.23181210612547,0.0174371842268,False
35.202690293363226,75.24856777297279,0.037246618084599996,False
35.20368395763291,75.23023073352923,0.0128974268877,False
35.21356479640102,75.18838276633613,0.00836293294553,False
35.21462507510861,75.17946480760634,0.0017340335624100001,False
35.21445440174688,75.1971807860247,0.0010432873087299998,False
35.21815452850966,75.20692142457824,0.00124944104599,False
35.21212542651117,75.21796797269678,0.0117189966828,False
35.21302685897789,75.22146036603449,0.0130364282934,False
35.21251967861405,75.22539008532549,0.0338248300357,False
35.219257411417814,75.22648821788755,0.0137104071229,False
35.2204510380534,75.15332341489174,0.00308580463684,False
35.22876387057681,75.1615757720468,0.000942541294981,False
35.22794069411339,75.16296371859332,0.010330478430200001,False
35.22658798848047,75.18587712179985,0.00204021317822,False
35.22527248185424,75.18244662589973,0.0009027797998639999,False
35.258825352059134,75.13761328931193,0.0025267490757400002,False
35.24213542830512,75.13356368019863,0.0012182988429300001,False
35.368261121992695,75.13394235069855,0.00427196204134,False
35.37499754659623,75.14153081342687,0.00117103794878,False
35.37343145428559,75.14252181968445,0.00104614849472,False
35.3471219298658,75.19779352561966,0.0024526841221599997,False
35.34539578874888,75.19670771939735,0.00784751521727,False
35.345130925487126,75.19552087578899,0.00255097196219,False
35.3731638304942,75.23675035345097,0.0175901326585,False
35.36722554060357,75.27451292953786,0.0161314697064,False
35.350798934605656,75.4029568547088,0.022839011662500002,False
35.36733741826479,75.38366383688573,0.045867243450200004,False
35.383468859931114,75.19551004208651,0.00780074983964,False
35.38285580720855,75.1971068975332,0.000740367790115,False
35.38451406181298,75.20214856931953,0.00484958815647,False
35.38131935245153,75.20362285426143,0.0013521292815300001,False
35.3887586584892,75.2543038747136,0.00128080614776,False
35.38590403786593,75.253474816974,0.00284723969482,False
35.4036327396796,75.27982617910112,0.0571029875245,False
35.425865180758905,75.04919707564245,0.00353396996265,False
35.4252354130609,75.04213919167913,0.00025839607027699997,False
35.424708316570296,75.04236894066051,0.000291236628209,False
35.338208221101105,75.1812437754472,0.00252576804488,False
35.286693306526146,75.16048762057156,0.004349911627329999,False
34.859018572883315,74.69562190653198,0.051468052309699995,False
34.858143052395064,74.73363952126739,0.00527577892892,False
34.84460395963485,74.76836353694151,0.00850358927914,False
34.84349516503569,74.76049889202231,0.00131214822974,False
34.85093011369206,74.81542454330486,0.00523564376522,False
34.850975680794036,74.81271298705911,0.011456674498,False
34.826742496675514,74.82984017307238,0.00561087020853,False
34.807800999246474,74.84781361684635,0.0613973949356,False
34.810179339163824,74.84970487972168,0.000668217022266,False
34.80949158543312,74.8502563271782,0.012150453264,False
34.80922625501613,74.85519352999238,0.00143892526732,False
34.80010066467104,74.83613007895262,0.00199061635549,False
34.800431902275264,74.83559965876343,0.000258947483438,False
34.692111967471085,75.19845757881298,0.0119707889527,False
34.69252195795184,75.1945680727814,0.00700571050294,False
34.69164013023889,75.19494014512485,0.00401979974183,False
34.72034771623394,75.23855202406077,0.0070678371281,False
34.71249248981225,75.18947980254815,0.025968263494300002,False
34.71544723578368,75.04310300913731,0.00582494755127,False
34.726646921598025,75.02914133355735,0.0032637491626699997,False
34.72382557226387,75.02792770486651,0.019172486340600002,False
34.702103191117025,75.14081175175087,0.00231933979856,False
34.689748612597946,75.12844176988497,0.00261813923049,False
34.68861166938152,75.12834707048692,0.00630324941485,False
34.81035397259894,74.98108242967318,0.0310572735393,False
34.80940710068497,74.9770283312064,0.015877676366399997,False
34.80754081670349,74.95896833384279,0.00116039367307,False
34.84351079221145,75.0212072388485,0.00772874264338,False
34.84432826658655,75.00554150351999,0.0129534197295,False
34.816825000492706,74.8813366455281,0.00107019560741,False
34.861599661254395,74.80654480135942,0.0860869877432,False
34.922218902825705,74.91025537600939,0.010056933292,False
34.91852459804634,74.91401491355323,0.0333863704433,False
34.915253981282454,74.91818239628317,0.00608336837188,False
34.90862740530546,74.92001471164397,0.0319410602587,False
34.90501907737952,74.92022595234513,0.0166924803767,False
34.90817721640011,74.93016302263881,0.013798604680599999,False
34.902840553851775,74.93605865606645,0.021595765703599997,False
34.90278504286751,74.94357640482345,0.0368174236862,False
34.892823634357185,74.94300707578121,0.0032432918287900003,False
34.88882445104193,74.9395024145567,0.0198634350119,False
34.88572818328669,74.93864940160434,0.0166510882695,False
34.87843155754347,74.94901938007794,0.0206303969894,False
34.86786720866056,74.97973311650637,0.00320439010186,False
34.92037766534429,74.95203678423671,0.0127407067016,False
34.917735196032076,74.95529379966402,0.0188703731845,False
34.91565567701322,74.94832868119339,0.00227494011683,False
34.91408549897741,74.94811569778155,0.0214576367305,False
34.907864454213446,74.94524889086911,0.00519652843664,False
34.91026466509765,74.93236087764267,0.00595514943956,False
34.87986200937138,74.95530862731437,0.00475964652836,False
34.92566264063212,75.07032539722798,0.0081070883115,False
34.92603425312704,75.0678915500863,0.00179078809048,False
34.91408238007346,74.7881917469621,0.0452149289576,False
34.92242387695732,74.77171908641326,0.028195208960899998,False
34.94500986373819,74.73143592014506,0.0027450206067399997,False
34.94261238696695,74.72853550204323,0.0066022823498600005,False
34.94242837875958,74.72522778509992,0.0028534029177500002,False
34.946874926344464,74.72651744378774,0.0572424256789,False
34.94396625086557,74.72366429363154,0.0006519183237570001,False
34.94255799064043,74.72375050275305,0.00044086576393799996,False
34.97307363430798,74.74873967296351,0.00150105371137,False
34.974373355237795,74.75061937520013,0.000164346922115,False
34.974968769031356,74.75193465179103,0.000212967461674,False
34.97556961418408,74.7507132404496,0.014495989585900001,False
34.9773254154764,74.7494026744552,0.00058519523197,False
34.974742160434836,74.75394891828213,0.0227423705889,False
34.96667234676485,74.71840838612425,0.0027495034862900004,False
34.96833758193306,74.71880595326459,0.0018813017999599999,False
34.96002546840509,74.75231350300339,0.00162673143552,False
34.98921721779787,74.7265529505778,0.0470596989892,False
34.99483734630367,74.73970034690326,0.0172641626961,False
34.99424324822312,74.7265875040564,0.00286654813265,False
34.987227234272666,74.75880093957895,0.0028741263229800002,False
34.98792460099794,74.7689849219969,9.660673042509999e-05,False
34.988055737535,74.7669428536701,0.0197788285349,False
34.97978908274787,74.77278576560172,0.0005232501004660001,False
34.98039044895562,74.77214694654877,0.0010576811519800002,False
34.98022207000478,74.7708605902879,0.000540338253074,False
34.98073775507593,74.76936253566517,0.0029750535415099997,False
34.98313829658026,74.77605113467742,0.00068705910581,False
34.98401796805336,74.77320244787454,0.014329385534900001,False
34.98768417759935,74.77552961805559,0.0178224127317,False
34.99256660988184,74.78086854577242,0.0013571094587699999,False
34.96986772500595,75.07879337405616,0.00363869313509,False
35.00068776018147,74.98716274307836,0.00985611384393,False
34.99100535179952,74.97288650609627,0.00393075526004,False
34.989962218043736,74.98493349440649,0.00246177945649,False
34.9948499541006,74.99573470581655,0.000882058576879,False
34.99462027719458,74.99351748434286,0.00192988630263,False
35.00443845835533,75.00789229460432,0.005209184929209999,False
35.01298101784357,74.75441415051863,0.00259474775039,False
35.01243837896803,74.75450029537913,0.00221964035691,False
35.018185788058155,74.89969076101016,0.009225313617539999,False
35.015885920527865,74.91693989288525,0.00263665653387,False
35.01495611348071,74.91825773803816,0.00261831083701,False
35.01409961538501,74.91559610059744,0.000987485536674,False
35.02117435081634,74.91651341846307,0.00436408864396,False
35.00702428952431,74.99734602129033,0.000661857979823,False
35.05291047801399,74.82736756610363,0.315539571703,True
35.07340428859667,75.02367521624991,0.014349201957900001,False
35.08125951064187,75.01633651019489,0.00262254956349,False
35.05536231210749,74.95705769415518,0.0619152036369,False
35.06700755809162,74.96967722320842,0.00304985286402,False
35.047649123045936,75.00281531242075,0.00578000042561,False
35.06144242920953,74.9800834960081,0.000704818848372,False
35.0669347158707,75.1150246134624,0.00331431441568,False
35.067385297113,75.14694936570174,0.0015636573867100002,False
35.06353234222324,75.16491457057252,0.0031793312645,False
35.056795283218314,75.1716291718388,0.00476521121191,False
35.052099122215374,75.19347617131915,0.00227319046251,False
35.061118857052705,75.20412939530665,0.0035168951125899997,False
35.04847123282343,75.19024531685449,0.000671625331585,False
35.044782861666555,75.24241838389045,0.00793152315067,False
35.07935349804781,75.22181744885697,0.00192616562148,False
35.07848591321908,75.21578030668262,0.0203730212037,False
35.06880977353702,75.21641708466267,0.00155336734111,False
35.06523604705544,75.22470393331788,0.00241953187897,False
35.09099264558657,75.19958661392592,0.014852354537699999,False
35.10254558035464,75.19692324607294,0.010493032246099999,False
35.097920996382534,75.18280334366858,0.0014112488680700001,False
35.12005522593666,75.16331726944358,0.010597534313100001,False
35.11587809458528,75.16489787120763,0.004326506599479999,False
35.117284230732814,75.11356635833772,0.00405003171498,False
35.10912383180029,75.14216270740724,0.00160043544141,False
35.104664829882054,75.15111522414615,0.00749700472636,False
35.117470921660825,75.32420457691654,0.00216010019702,False
35.117614382041566,75.3280530619846,0.00105783927687,False
35.1635746549582,74.85152172173514,0.007070722345920001,False
35.167064418447275,75.12103064080016,0.00331416036469,False
35.16638709239494,75.11914024555246,0.0007329497818889999,False
35.18031158931283,75.09293120178474,0.0020995788872899997,False
35.21097357621049,75.26367495933272,0.0110707269269,False
35.301376660439324,74.92572158235778,0.00085686891642,False
35.26479139350717,75.09173794512856,0.00266353554057,False
35.25130395282502,75.09609642204566,0.0007497305371920001,False
35.279678907945325,75.1846703891288,0.0105700949998,False
35.295190852908505,75.19898284170952,0.0062474594398500005,False
35.33534274737966,74.94311346126496,0.0012429785956000001,False
35.42786363985966,74.9719295594936,0.0140335623596,False
