sample_id,geographic_group_025deg,label,partition
1,139_296,0,train
2,139_296,0,train
3,139_296,0,train
4,139_296,0,train
5,139_296,0,train
6,139_296,0,train
7,139_296,0,train
8,139_296,0,train
9,139_296,0,train
10,139_296,0,train
11,139_296,0,train
12,139_296,0,train
13,139_296,0,train
14,139_296,0,train
15,139_296,0,train
16,139_296,0,train
17,139_296,0,train
18,139_296,0,train
19,139_296,0,train
20,139_296,0,train
21,139_296,0,train
22,139_296,0,train
23,140_296,0,test
24,140_296,0,test
25,140_296,0,test
26,140_296,0,test
27,140_296,0,test
28,140_296,0,test
29,140_296,0,test
30,140_296,0,test
31,140_296,0,test
32,140_296,0,test
33,140_296,0,test
34,140_296,0,test
35,140_296,0,test
36,140_296,0,test
37,140_296,0,test
38,140_296,0,test
39,140_296,0,test
40,140_296,0,test
41,140_296,0,test
42,140_296,0,test
43,140_296,0,test
44,139_297,0,test
45,139_297,0,test
46,139_297,0,test
47,139_297,0,test
48,139_297,0,test
49,139_297,0,test
50,139_297,0,test
51,139_297,0,test
52,139_297,0,test
53,139_297,0,test
54,139_297,0,test
55,139_297,0,test
56,139_297,0,test
57,139_296,0,train
58,139_297,0,test
59,139_297,0,test
60,139_297,0,test
61,140_297,0,validation
62,140_297,0,validation
63,140_297,0,validation
64,140_297,0,validation
65,140_297,0,validation
66,140_297,0,validation
67,140_297,0,validation
68,140_297,0,validation
69,140_297,0,validation
70,140_297,0,validation
71,140_297,0,validation
72,140_297,0,validation
73,139_297,0,test
74,139_297,0,test
75,139_297,0,test
76,139_297,0,test
77,139_297,0,test
78,139_297,0,test
79,139_297,0,test
80,139_297,0,test
81,139_297,0,test
82,139_297,0,test
83,139_298,0,train
84,139_298,0,train
85,139_298,0,train
86,139_298,0,train
87,139_298,0,train
88,139_298,0,train
89,139_298,0,train
90,139_298,0,train
91,139_298,0,train
92,139_298,0,train
93,139_298,0,train
94,139_298,0,train
95,139_298,0,train
96,139_298,0,train
97,139_298,0,train
98,139_298,0,train
99,139_298,0,train
100,139_298,0,train
101,139_298,0,train
102,139_298,0,train
103,139_298,0,train
104,139_298,0,train
105,139_298,0,train
106,139_298,0,train
107,139_298,0,train
108,139_298,0,train
109,139_298,0,train
110,139_298,0,train
111,139_298,0,train
112,139_298,0,train
113,139_298,0,train
114,139_298,0,train
115,139_298,0,train
116,139_298,0,train
117,139_298,0,train
118,139_298,0,train
119,139_298,0,train
120,139_298,0,train
121,139_298,0,train
122,139_298,0,train
123,139_298,0,train
124,139_298,0,train
125,139_298,0,train
126,139_298,0,train
127,140_298,0,train
128,140_298,0,train
129,140_298,0,train
130,140_298,0,train
131,140_297,0,validation
132,140_297,0,validation
133,140_297,0,validation
134,140_298,0,train
135,140_298,0,train
136,140_298,0,train
137,140_298,0,train
138,140_298,0,train
139,140_298,0,train
140,140_298,0,train
141,141_299,0,train
142,141_299,0,train
143,141_299,0,train
144,141_299,0,train
145,141_299,0,train
146,141_298,0,test
147,141_298,0,test
148,139_296,0,train
149,139_296,0,train
150,139_296,0,train
151,139_296,0,train
152,139_296,0,train
153,139_296,0,train
154,139_296,0,train
155,139_296,0,train
156,140_296,0,test
157,140_296,0,test
158,140_296,0,test
159,140_296,0,test
160,140_296,0,test
161,140_296,0,test
162,139_296,0,train
163,140_296,0,test
164,140_296,0,test
165,140_296,0,test
166,140_296,0,test
167,140_296,0,test
168,140_296,0,test
169,140_296,0,test
170,139_297,0,test
171,140_297,0,validation
172,140_297,0,validation
173,140_297,0,validation
174,141_297,0,validation
175,141_297,0,validation
176,141_297,0,validation
177,141_297,0,validation
178,141_297,0,validation
179,141_297,0,validation
180,141_297,0,validation
181,141_297,0,validation
182,140_297,0,validation
183,139_298,0,train
184,139_298,0,train
185,139_298,0,train
186,140_298,0,train
187,141_298,0,test
188,141_298,0,test
189,140_298,0,train
190,139_298,0,train
191,141_299,0,train
192,141_299,0,train
193,141_299,0,train
194,141_299,0,train
195,141_298,0,test
196,141_298,0,test
197,141_298,0,test
198,141_298,0,test
199,139_298,0,train
200,139_298,0,train
201,139_298,0,train
202,140_298,0,train
203,140_298,0,train
204,140_298,0,train
205,140_298,0,train
206,140_298,0,train
207,140_298,0,train
208,140_297,0,validation
209,139_297,0,test
210,145_288,0,test
211,145_288,0,test
212,145_288,0,test
213,145_288,0,test
214,145_288,0,test
215,145_288,0,test
216,145_288,0,test
217,145_288,0,test
218,145_288,0,test
219,145_288,0,test
220,145_288,0,test
221,145_288,0,test
222,145_288,0,test
223,145_287,0,train
224,145_287,0,train
225,145_288,0,test
226,145_288,0,test
227,145_288,0,test
228,145_288,0,test
229,145_288,0,test
230,145_288,0,test
231,145_288,0,test
232,145_288,0,test
233,145_288,0,test
234,145_288,0,test
235,145_288,0,test
236,145_288,0,test
237,145_287,0,train
238,145_287,0,train
239,145_287,0,train
240,145_287,0,train
241,145_287,0,train
242,145_287,0,train
243,145_287,0,train
244,145_287,0,train
245,145_287,0,train
246,145_287,0,train
247,145_287,0,train
248,145_287,0,train
249,145_287,0,train
250,145_287,0,train
251,145_287,0,train
252,145_287,0,train
253,145_287,0,train
254,145_287,0,train
255,145_287,0,train
256,145_287,0,train
257,145_287,0,train
258,145_287,0,train
259,145_287,0,train
260,145_287,0,train
261,145_287,0,train
262,145_287,0,train
263,145_287,0,train
264,145_287,0,train
265,145_287,0,train
266,145_287,0,train
267,145_287,0,train
268,145_287,0,train
269,145_287,0,train
270,145_287,0,train
271,145_287,0,train
272,145_287,0,train
273,145_287,0,train
274,145_287,0,train
275,145_287,0,train
276,145_287,0,train
277,145_287,0,train
278,145_287,0,train
279,145_287,0,train
280,145_287,0,train
281,145_287,0,train
282,145_287,0,train
283,145_287,0,train
284,145_287,0,train
285,145_287,0,train
286,145_287,0,train
287,145_287,0,train
288,145_287,0,train
289,145_287,0,train
290,145_287,0,train
291,145_287,0,train
292,145_287,0,train
293,145_287,0,train
294,145_287,0,train
295,145_287,0,train
296,145_287,0,train
297,145_287,0,train
298,145_287,0,train
299,145_287,0,train
300,145_287,0,train
301,145_287,0,train
302,145_287,0,train
303,145_287,0,train
304,145_287,0,train
305,145_287,0,train
306,145_287,0,train
307,145_287,0,train
308,145_287,0,train
309,145_287,0,train
310,145_287,0,train
311,145_287,0,train
312,145_287,0,train
313,145_287,0,train
314,145_287,0,train
315,145_287,0,train
316,145_287,0,train
317,145_287,0,train
318,145_287,0,train
319,145_287,0,train
320,145_287,0,train
321,145_287,0,train
322,145_287,0,train
323,145_287,0,train
324,145_287,0,train
325,145_287,0,train
326,145_287,0,train
327,145_287,0,train
328,145_287,0,train
329,145_287,0,train
330,145_287,0,train
331,145_287,0,train
332,145_287,0,train
333,145_287,0,train
334,145_287,0,train
335,145_287,0,train
336,145_287,0,train
337,145_287,0,train
338,145_287,0,train
339,145_287,0,train
340,145_287,0,train
341,145_287,0,train
342,145_287,0,train
343,145_287,0,train
344,145_287,0,train
345,145_287,0,train
346,145_287,0,train
347,145_287,0,train
348,145_287,0,train
349,145_287,0,train
350,145_287,0,train
351,145_287,0,train
352,145_287,0,train
353,145_287,0,train
354,145_287,0,train
355,145_287,0,train
356,145_287,0,train
357,145_287,0,train
358,145_287,0,train
359,145_287,0,train
360,145_287,0,train
361,145_287,0,train
362,145_287,0,train
363,145_287,0,train
364,145_287,0,train
365,145_287,0,train
366,145_287,0,train
367,145_287,0,train
368,145_287,0,train
369,145_287,0,train
370,145_287,0,train
371,145_287,0,train
372,145_287,0,train
373,145_287,0,train
374,145_287,0,train
375,145_287,0,train
376,145_287,0,train
377,145_287,0,train
378,145_287,0,train
379,145_287,0,train
380,145_287,0,train
381,145_287,0,train
382,145_287,0,train
383,145_287,0,train
384,145_287,0,train
385,145_287,0,train
386,145_287,0,train
387,145_287,0,train
388,145_287,0,train
389,145_287,0,train
390,145_287,0,train
391,145_287,0,train
392,145_287,0,train
393,145_287,0,train
394,145_286,0,train
395,145_286,0,train
396,145_286,0,train
397,145_286,0,train
398,145_287,0,train
399,145_287,0,train
400,145_287,0,train
401,145_287,0,train
402,144_287,1,test
403,144_287,0,test
404,144_287,0,test
405,144_287,0,test
406,144_287,0,test
407,144_287,0,test
408,144_287,0,test
409,144_287,0,test
410,144_287,0,test
411,144_287,0,test
412,144_287,0,test
413,144_287,0,test
414,144_287,0,test
415,144_287,0,test
416,144_287,0,test
417,144_287,1,test
418,144_287,1,test
419,144_287,1,test
420,144_287,0,test
421,144_287,0,test
422,144_287,0,test
423,144_287,0,test
424,144_287,0,test
425,144_287,0,test
426,144_287,0,test
427,144_287,0,test
428,144_287,0,test
429,144_287,0,test
430,144_287,0,test
431,144_287,0,test
432,144_287,0,test
433,144_287,0,test
434,144_287,1,test
435,144_287,1,test
436,144_287,1,test
437,143_285,0,validation
438,143_285,0,validation
439,143_285,0,validation
440,143_285,0,validation
441,143_285,0,validation
442,143_285,0,validation
443,143_285,0,validation
444,143_285,0,validation
445,143_285,0,validation
446,143_285,0,validation
447,143_285,0,validation
448,143_285,0,validation
449,143_285,0,validation
450,143_285,0,validation
451,143_285,0,validation
452,143_285,0,validation
453,143_285,0,validation
454,143_285,0,validation
455,143_285,0,validation
456,143_285,0,validation
457,143_285,0,validation
458,144_285,0,validation
459,144_285,0,validation
460,144_285,0,validation
461,144_285,0,validation
462,144_285,0,validation
463,144_285,0,validation
464,144_285,0,validation
465,144_285,0,validation
466,144_285,0,validation
467,144_285,0,validation
468,144_285,0,validation
469,144_285,0,validation
470,144_285,0,validation
471,144_285,0,validation
472,144_285,0,validation
473,144_285,0,validation
474,144_285,0,validation
475,144_285,0,validation
476,144_285,0,validation
477,144_285,0,validation
478,144_285,0,validation
479,144_285,0,validation
480,144_285,0,validation
481,144_285,0,validation
482,144_285,0,validation
483,143_285,0,validation
484,144_285,0,validation
485,144_285,0,validation
486,144_285,0,validation
487,144_285,0,validation
488,144_285,0,validation
489,144_285,0,validation
490,144_285,0,validation
491,144_285,0,validation
492,144_285,0,validation
493,144_285,0,validation
494,144_285,0,validation
495,144_285,0,validation
496,144_285,0,validation
497,144_285,0,validation
498,144_285,0,validation
499,143_285,0,validation
500,143_285,0,validation
501,143_285,0,validation
502,143_285,0,validation
503,143_285,0,validation
504,143_285,0,validation
505,143_286,0,test
506,143_286,0,test
507,143_286,0,test
508,143_285,0,validation
509,143_285,0,validation
510,143_285,0,validation
511,143_285,0,validation
512,143_285,0,validation
513,142_285,0,train
514,142_286,0,train
515,142_286,0,train
516,142_286,0,train
517,142_286,0,train
518,142_286,0,train
519,142_286,0,train
520,142_286,0,train
521,142_286,0,train
522,142_286,0,train
523,142_286,0,train
524,142_286,0,train
525,142_286,0,train
526,142_286,0,train
527,142_286,0,train
528,142_286,0,train
529,142_286,0,train
530,142_286,0,train
531,142_286,0,train
532,142_286,0,train
533,142_286,0,train
534,142_286,0,train
535,142_286,0,train
536,142_286,0,train
537,142_285,0,train
538,142_285,0,train
539,142_285,0,train
540,142_285,0,train
541,142_285,0,train
542,142_285,0,train
543,142_285,0,train
544,142_285,0,train
545,142_285,0,train
546,142_285,0,train
547,142_285,0,train
548,142_285,0,train
549,142_285,0,train
550,142_286,0,train
551,142_286,0,train
552,142_286,0,train
553,143_286,0,test
554,143_286,0,test
555,143_286,0,test
556,143_286,0,test
557,143_286,0,test
558,143_286,0,test
559,143_286,0,test
560,143_286,0,test
561,143_286,0,test
562,143_286,0,test
563,143_286,0,test
564,144_287,1,test
565,144_287,0,test
566,144_287,0,test
567,142_286,0,train
568,142_286,0,train
569,143_286,0,test
570,143_286,0,test
571,143_286,0,test
572,142_286,0,train
573,142_286,0,train
574,142_286,0,train
575,142_286,0,train
576,142_285,0,train
577,144_285,0,validation
578,144_285,0,validation
579,144_285,0,validation
580,144_285,0,validation
581,145_285,0,validation
582,145_285,0,validation
583,145_285,0,validation
584,145_285,0,validation
585,145_285,0,validation
586,145_285,0,validation
587,145_285,0,validation
588,145_285,0,validation
589,145_285,0,validation
590,145_285,0,validation
591,143_285,0,validation
592,144_285,0,validation
593,144_285,0,validation
594,144_285,0,validation
595,144_285,0,validation
596,144_285,0,validation
597,144_285,0,validation
598,144_285,0,validation
599,144_285,0,validation
600,144_285,0,validation
601,144_285,0,validation
602,144_285,0,validation
603,145_285,0,validation
604,145_285,0,validation
605,144_285,0,validation
606,144_285,0,validation
607,144_285,0,validation
608,144_285,0,validation
609,144_285,0,validation
610,144_285,0,validation
611,144_285,0,validation
612,144_284,0,test
613,144_284,0,test
614,144_284,0,test
615,144_284,0,test
616,144_284,0,test
617,144_284,0,test
618,144_284,0,test
619,144_284,0,test
620,144_284,0,test
621,144_284,0,test
622,144_284,0,test
623,144_284,0,test
624,144_284,0,test
625,143_285,0,validation
626,144_285,0,validation
627,144_285,0,validation
628,144_285,0,validation
629,144_285,0,validation
630,144_285,0,validation
631,144_285,0,validation
632,144_284,0,test
633,144_284,0,test
634,144_284,0,test
635,144_284,0,test
636,144_284,0,test
637,144_284,0,test
638,144_284,0,test
639,144_284,0,test
640,144_284,0,test
641,144_284,0,test
642,144_285,0,validation
643,144_285,0,validation
644,144_284,0,test
645,144_285,0,validation
646,144_284,0,test
647,144_284,0,test
648,144_284,0,test
649,144_284,0,test
650,144_284,0,test
651,144_284,0,test
652,144_284,0,test
653,144_284,0,test
654,144_284,0,test
655,144_284,0,test
656,144_284,0,test
657,144_284,0,test
658,144_284,0,test
659,144_284,0,test
660,144_284,0,test
661,144_284,0,test
662,144_284,0,test
663,144_284,0,test
664,144_284,0,test
665,144_284,0,test
666,144_284,0,test
667,143_286,0,test
668,143_286,0,test
669,143_286,0,test
670,143_286,0,test
671,143_286,0,test
672,144_284,0,test
673,144_284,0,test
674,144_284,0,test
675,144_284,0,test
676,144_284,0,test
677,144_284,0,test
678,144_284,0,test
679,144_284,0,test
680,144_285,0,validation
681,144_285,0,validation
682,144_285,0,validation
683,144_285,0,validation
684,144_285,0,validation
685,144_285,0,validation
686,144_285,0,validation
687,144_285,0,validation
688,144_285,0,validation
689,144_285,0,validation
690,144_285,0,validation
691,144_285,0,validation
692,144_285,0,validation
693,143_285,0,validation
694,143_285,0,validation
695,144_285,0,validation
696,144_285,0,validation
697,144_285,0,validation
698,144_285,0,validation
699,144_285,0,validation
700,144_285,0,validation
701,144_285,0,validation
702,144_285,0,validation
703,144_285,0,validation
704,144_285,0,validation
705,145_286,0,train
706,145_286,0,train
707,145_286,0,train
708,144_285,0,validation
709,143_285,0,validation
710,143_286,0,test
711,143_286,0,test
712,145_287,0,train
713,145_286,0,train
714,145_286,0,train
715,145_287,0,train
716,145_287,0,train
717,145_287,0,train
718,145_287,0,train
719,145_287,0,train
720,145_287,0,train
721,145_287,0,train
722,141_288,0,train
723,141_288,0,train
724,141_288,0,train
725,141_288,0,train
726,141_288,0,train
727,141_288,0,train
728,141_288,0,train
729,141_288,0,train
730,141_288,0,train
731,141_288,0,train
732,141_288,0,train
733,141_288,0,train
734,141_288,0,train
735,141_288,0,train
736,141_288,0,train
737,141_288,0,train
738,141_288,0,train
739,141_288,0,train
740,141_288,0,train
741,141_288,0,train
742,141_288,0,train
743,141_288,0,train
744,141_288,0,train
745,141_288,0,train
746,141_288,0,train
747,141_288,0,train
748,142_288,0,train
749,142_288,0,train
750,142_288,0,train
751,142_288,0,train
752,142_288,0,train
753,142_288,0,train
754,142_288,0,train
755,142_289,0,validation
756,142_289,0,validation
757,142_289,0,validation
758,142_289,0,validation
759,142_289,0,validation
760,142_289,0,validation
761,142_289,0,validation
762,142_289,0,validation
763,142_289,0,validation
764,142_289,0,validation
765,142_289,0,validation
766,142_289,0,validation
767,142_289,0,validation
768,142_289,0,validation
769,142_289,0,validation
770,142_289,0,validation
771,142_289,0,validation
772,142_289,0,validation
773,142_289,0,validation
774,142_289,0,validation
775,142_288,0,train
776,142_288,0,train
777,142_288,0,train
778,142_288,0,train
779,142_288,0,train
780,142_289,0,validation
781,142_289,0,validation
782,142_289,0,validation
783,142_289,0,validation
784,142_289,0,validation
785,142_289,0,validation
786,142_289,0,validation
787,142_289,0,validation
788,142_289,0,validation
789,142_288,0,train
790,142_288,0,train
791,142_288,0,train
792,142_288,0,train
793,142_288,0,train
794,142_288,0,train
795,142_288,0,train
796,142_288,0,train
797,142_287,0,train
798,142_288,0,train
799,142_288,0,train
800,142_288,0,train
801,142_288,0,train
802,142_288,0,train
803,142_288,0,train
804,142_288,0,train
805,142_288,0,train
806,142_288,0,train
807,142_288,0,train
808,143_287,1,train
809,143_287,1,train
810,143_288,1,train
811,143_288,1,train
812,143_288,1,train
813,143_288,1,train
814,143_288,1,train
815,143_288,0,train
816,143_288,0,train
817,143_288,0,train
818,143_288,0,train
819,143_288,0,train
820,143_288,0,train
821,143_288,0,train
822,143_288,0,train
823,143_288,0,train
824,143_288,0,train
825,143_288,0,train
826,143_288,0,train
827,143_289,0,train
828,143_289,0,train
829,143_289,0,train
830,143_289,1,train
831,143_289,1,train
832,143_289,0,train
833,143_289,1,train
834,143_288,1,train
835,143_288,1,train
836,143_287,0,train
837,142_289,0,validation
838,142_289,0,validation
839,142_289,0,validation
840,142_289,0,validation
841,142_289,0,validation
842,142_289,0,validation
843,142_288,0,train
844,142_288,0,train
845,142_288,0,train
846,142_288,0,train
847,142_288,0,train
848,142_289,0,validation
849,142_289,0,validation
850,142_289,0,validation
851,142_287,0,train
852,141_289,0,test
853,141_289,0,test
854,141_289,0,test
855,141_289,0,test
856,141_289,0,test
857,141_289,0,test
858,140_289,0,train
859,140_289,0,train
860,140_289,0,train
861,140_289,0,train
862,140_289,0,train
863,140_289,0,train
864,140_289,0,train
865,140_289,0,train
866,140_289,0,train
867,140_289,0,train
868,140_289,0,train
869,140_289,0,train
870,140_289,0,train
871,141_289,0,test
872,141_289,0,test
873,141_289,0,test
874,141_289,0,test
875,141_289,0,test
876,141_289,0,test
877,141_289,0,test
878,141_289,0,test
879,141_289,0,test
880,141_289,0,test
881,141_289,0,test
882,141_289,0,test
883,141_289,0,test
884,141_289,0,test
885,141_289,0,test
886,141_289,0,test
887,141_289,0,test
888,141_290,0,train
889,141_290,0,train
890,141_290,0,train
891,141_290,0,train
892,141_289,0,test
893,141_289,0,test
894,141_289,0,test
895,141_289,0,test
896,141_289,0,test
897,141_289,0,test
898,141_289,0,test
899,141_289,0,test
900,141_289,0,test
901,141_289,0,test
902,141_289,0,test
903,141_289,0,test
904,141_289,0,test
905,141_289,0,test
906,141_289,0,test
907,141_289,0,test
908,141_289,0,test
909,141_289,0,test
910,141_289,0,test
911,141_290,0,train
912,141_290,0,train
913,141_289,0,test
914,141_290,0,train
915,142_289,0,validation
916,142_289,0,validation
917,142_289,0,validation
918,142_289,0,validation
919,142_289,0,validation
920,142_290,0,train
921,142_290,0,train
922,142_290,0,train
923,142_290,0,train
924,142_290,0,train
925,142_290,0,train
926,142_290,0,train
927,142_289,0,validation
928,143_290,0,train
929,143_290,0,train
930,143_290,0,train
931,143_290,0,train
932,143_290,0,train
933,143_290,0,train
934,143_290,0,train
935,142_290,0,train
936,142_290,0,train
937,142_290,0,train
938,142_290,0,train
939,142_290,0,train
940,142_290,0,train
941,142_290,0,train
942,144_290,0,validation
943,144_290,0,validation
944,143_290,0,train
945,143_290,0,train
946,143_290,0,train
947,143_290,0,train
948,143_290,0,train
949,143_290,0,train
950,142_292,0,test
951,142_292,0,test
952,142_292,0,test
953,142_290,0,train
954,142_290,0,train
955,142_290,0,train
956,142_290,0,train
957,144_290,0,validation
958,144_290,0,validation
959,142_292,1,test
960,142_292,0,test
961,142_292,0,test
962,142_292,0,test
963,142_292,0,test
964,142_292,0,test
965,142_292,0,test
966,142_292,0,test
967,142_292,0,test
968,142_292,0,test
969,142_292,0,test
970,142_292,0,test
971,142_292,0,test
972,142_292,0,test
973,142_292,0,test
974,142_292,0,test
975,142_292,0,test
976,142_292,0,test
977,142_292,0,test
978,142_292,0,test
979,142_292,0,test
980,142_292,0,test
981,142_292,0,test
982,142_292,0,test
983,142_292,0,test
984,142_292,0,test
985,142_292,0,test
986,142_292,0,test
987,142_292,0,test
988,142_292,0,test
989,142_292,0,test
990,142_292,0,test
991,142_292,0,test
992,142_292,0,test
993,142_292,0,test
994,142_292,1,test
995,142_292,1,test
996,142_292,1,test
997,142_292,1,test
998,142_292,1,test
999,142_292,1,test
1000,142_292,1,test
1001,142_292,1,test
1002,143_292,0,train
1003,143_292,0,train
1004,143_292,0,train
1005,143_292,0,train
1006,143_292,0,train
1007,143_292,0,train
1008,143_292,0,train
1009,143_291,0,test
1010,143_291,0,test
1011,143_292,0,train
1012,143_292,0,train
1013,143_292,0,train
1014,143_291,0,test
1015,143_291,0,test
1016,143_291,0,test
1017,143_291,0,test
1018,143_291,0,test
1019,143_291,0,test
1020,143_291,0,test
1021,143_291,0,test
1022,143_291,0,test
1023,143_291,0,test
1024,143_291,0,test
1025,143_291,0,test
1026,143_292,0,train
1027,143_292,0,train
1028,143_292,0,train
1029,143_292,0,train
1030,143_292,0,train
1031,143_292,0,train
1032,143_292,0,train
1033,143_292,0,train
1034,143_292,0,train
1035,143_292,0,train
1036,143_292,0,train
1037,143_292,0,train
1038,143_292,0,train
1039,143_292,0,train
1040,143_292,0,train
1041,143_292,0,train
1042,143_292,0,train
1043,143_292,0,train
1044,143_292,0,train
1045,143_292,0,train
1046,143_292,0,train
1047,143_292,0,train
1048,143_292,0,train
1049,143_292,0,train
1050,142_292,0,test
1051,142_292,0,test
1052,142_292,0,test
1053,142_292,0,test
1054,142_292,0,test
1055,142_292,0,test
1056,143_292,0,train
1057,143_292,0,train
1058,143_292,0,train
1059,143_292,0,train
1060,143_292,0,train
1061,143_292,0,train
1062,143_292,0,train
1063,143_292,0,train
1064,143_292,0,train
1065,143_292,0,train
1066,143_292,0,train
1067,143_292,0,train
1068,143_292,0,train
1069,143_292,0,train
1070,143_292,0,train
1071,143_292,0,train
1072,143_292,0,train
1073,143_292,0,train
1074,143_292,0,train
1075,143_292,0,train
1076,143_292,0,train
1077,143_292,0,train
1078,143_292,0,train
1079,143_292,0,train
1080,143_292,0,train
1081,143_292,0,train
1082,143_292,0,train
1083,143_292,0,train
1084,143_292,0,train
1085,143_292,0,train
1086,143_292,0,train
1087,143_292,0,train
1088,143_292,0,train
1089,143_292,0,train
1090,143_292,0,train
1091,143_292,0,train
1092,143_292,0,train
1093,143_292,0,train
1094,143_291,0,test
1095,143_291,0,test
1096,143_292,0,train
1097,143_292,0,train
1098,143_292,0,train
1099,143_292,0,train
1100,143_292,0,train
1101,143_292,0,train
1102,143_292,0,train
1103,143_292,0,train
1104,143_292,0,train
1105,143_292,0,train
1106,143_292,0,train
1107,143_292,0,train
1108,143_292,0,train
1109,143_292,0,train
1110,143_292,0,train
1111,143_292,0,train
1112,143_292,0,train
1113,143_292,0,train
1114,143_292,0,train
1115,143_292,0,train
1116,143_292,0,train
1117,143_292,0,train
1118,143_292,0,train
1119,143_292,0,train
1120,143_292,0,train
1121,143_292,0,train
1122,143_292,0,train
1123,143_292,0,train
1124,143_292,0,train
1125,143_292,0,train
1126,143_292,0,train
1127,143_292,0,train
1128,143_292,0,train
1129,143_292,0,train
1130,143_292,0,train
1131,143_292,0,train
1132,143_292,0,train
1133,143_292,0,train
1134,143_292,0,train
1135,143_293,0,train
1136,143_293,0,train
1137,143_292,0,train
1138,143_293,0,train
1139,143_293,0,train
1140,143_293,0,train
1141,143_292,0,train
1142,143_292,0,train
1143,143_292,0,train
1144,143_292,0,train
1145,143_292,0,train
1146,143_292,0,train
1147,143_292,0,train
1148,143_292,0,train
1149,143_292,0,train
1150,143_292,0,train
1151,143_292,0,train
1152,143_292,0,train
1153,143_293,0,train
1154,143_293,0,train
1155,144_293,0,validation
1156,144_292,1,test
1157,144_292,1,test
1158,144_293,0,validation
1159,144_293,0,validation
1160,144_293,0,validation
1161,144_293,0,validation
1162,144_292,1,test
1163,144_292,1,test
1164,144_292,1,test
1165,144_292,1,test
1166,144_292,1,test
1167,144_292,1,test
1168,144_292,1,test
1169,144_292,1,test
1170,144_292,1,test
1171,144_292,1,test
1172,144_292,1,test
1173,144_292,0,test
1174,144_292,0,test
1175,144_292,0,test
1176,144_292,1,test
1177,144_293,0,validation
1178,144_292,0,test
1179,144_292,0,test
1180,144_292,0,test
1181,144_292,0,test
1182,144_292,0,test
1183,145_292,0,validation
1184,145_292,0,validation
1185,145_292,0,validation
1186,145_292,0,validation
1187,145_292,0,validation
1188,145_292,0,validation
1189,145_292,0,validation
1190,145_292,0,validation
1191,145_292,0,validation
1192,145_292,0,validation
1193,145_292,0,validation
1194,144_292,0,test
1195,145_293,0,train
1196,145_293,0,train
1197,145_292,0,validation
1198,145_292,0,validation
1199,145_292,0,validation
1200,145_292,0,validation
1201,142_291,0,train
1202,142_291,0,train
1203,142_291,0,train
1204,142_291,0,train
1205,143_291,0,test
1206,143_291,0,test
1207,143_291,0,test
1208,143_291,0,test
1209,143_291,0,test
1210,143_291,0,test
1211,143_291,0,test
1212,143_291,0,test
1213,143_291,0,test
1214,143_291,0,test
1215,143_290,0,train
1216,143_291,0,test
1217,143_291,0,test
1218,143_291,0,test
1219,143_291,0,test
1220,143_291,0,test
1221,143_291,0,test
1222,143_291,0,test
1223,144_291,0,train
1224,144_291,0,train
1225,143_291,0,test
1226,143_290,0,train
1227,143_290,0,train
1228,143_291,0,test
1229,143_291,0,test
1230,143_291,0,test
1231,144_291,0,train
1232,144_291,0,train
1233,144_291,0,train
1234,144_291,0,train
1235,144_291,0,train
1236,143_291,0,test
1237,143_291,0,test
1238,143_291,0,test
1239,143_291,0,test
1240,143_291,0,test
1241,143_291,0,test
1242,143_291,0,test
1243,143_290,0,train
1244,143_291,0,test
1245,143_291,0,test
1246,144_291,0,train
1247,144_291,0,train
1248,144_290,0,validation
1249,144_291,0,train
1250,144_292,0,test
1251,144_292,0,test
1252,144_292,0,test
1253,145_292,0,validation
1254,145_292,0,validation
1255,145_292,0,validation
1256,145_292,0,validation
1257,145_292,0,validation
1258,145_292,0,validation
1259,145_292,0,validation
1260,145_292,0,validation
1261,145_292,0,validation
1262,145_291,0,validation
1263,145_292,0,validation
1264,145_292,0,validation
1265,143_292,0,train
1266,143_292,0,train
1267,143_292,0,train
1268,143_292,0,train
1269,143_292,0,train
1270,143_292,0,train
1271,144_294,0,train
1272,144_294,0,train
1273,144_294,0,train
1274,144_294,0,train
1275,144_294,0,train
1276,144_294,0,train
1277,144_295,0,test
1278,144_294,0,train
1279,144_294,0,train
1280,144_294,0,train
1281,144_294,0,train
1282,144_294,0,train
1283,144_294,0,train
1284,144_294,0,train
1285,144_294,0,train
1286,144_294,0,train
1287,143_294,0,train
1288,144_294,0,train
1289,144_294,0,train
1290,143_294,0,train
1291,144_294,0,train
1292,144_294,0,train
1293,144_294,0,train
1294,144_294,0,train
1295,144_295,0,test
1296,144_295,0,test
1297,144_295,0,test
1298,144_295,0,test
1299,143_295,0,train
1300,143_295,0,train
1301,143_295,0,train
1302,143_295,0,train
1303,143_295,0,train
1304,143_295,0,train
1305,143_295,0,train
1306,143_295,0,train
1307,143_295,0,train
1308,143_295,0,train
1309,143_295,0,train
1310,143_295,0,train
1311,143_295,0,train
1312,143_295,0,train
1313,143_295,0,train
1314,143_295,0,train
1315,143_295,0,train
1316,143_295,0,train
1317,143_295,0,train
1318,143_295,0,train
1319,143_295,0,train
1320,143_295,0,train
1321,143_295,0,train
1322,143_294,0,train
1323,143_294,0,train
1324,143_294,0,train
1325,143_294,0,train
1326,143_294,0,train
1327,143_294,0,train
1328,143_294,0,train
1329,143_294,0,train
1330,143_294,0,train
1331,143_294,0,train
1332,143_294,0,train
1333,143_294,0,train
1334,143_294,0,train
1335,143_294,0,train
1336,143_294,0,train
1337,143_294,0,train
1338,143_294,0,train
1339,143_294,0,train
1340,143_294,0,train
1341,143_294,0,train
1342,143_294,0,train
1343,143_294,0,train
1344,143_294,0,train
1345,143_295,0,train
1346,143_295,0,train
1347,143_295,0,train
1348,143_295,0,train
1349,143_295,0,train
1350,143_295,0,train
1351,143_294,0,train
1352,143_294,0,train
1353,143_294,0,train
1354,143_294,0,train
1355,143_294,0,train
1356,143_294,0,train
1357,143_294,0,train
1358,143_294,0,train
1359,144_294,0,train
1360,144_294,0,train
1361,144_294,0,train
1362,144_294,0,train
1363,144_294,0,train
1364,144_295,0,test
1365,144_294,0,train
1366,144_294,0,train
1367,144_294,0,train
1368,144_295,0,test
1369,144_294,0,train
1370,144_294,0,train
1371,143_295,0,train
1372,143_295,0,train
1373,143_295,0,train
1374,143_294,0,train
1375,143_295,0,train
1376,143_295,0,train
1377,143_295,0,train
1378,143_294,0,train
1379,143_295,0,train
1380,143_294,0,train
1381,143_294,0,train
1382,143_294,0,train
1383,143_294,0,train
1384,143_294,0,train
1385,143_294,0,train
1386,144_295,0,test
1387,144_294,0,train
1388,144_294,0,train
1389,143_294,0,train
1390,143_294,0,train
1391,143_294,0,train
1392,143_295,0,train
1393,143_295,0,train
1394,143_295,0,train
1395,143_295,0,train
1396,143_295,0,train
1397,143_295,0,train
1398,143_295,0,train
1399,143_296,0,train
1400,143_296,0,train
1401,143_296,0,train
1402,143_296,0,train
1403,143_296,0,train
1404,143_296,0,train
1405,143_296,0,train
1406,143_296,0,train
1407,143_296,0,train
1408,143_296,0,train
1409,143_296,0,train
1410,143_296,0,train
1411,143_296,0,train
1412,143_296,0,train
1413,143_296,0,train
1414,143_296,0,train
1415,143_296,0,train
1416,143_296,0,train
1417,143_296,0,train
1418,143_296,0,train
1419,143_296,0,train
1420,143_296,0,train
1421,143_296,0,train
1422,142_296,0,train
1423,142_296,0,train
1424,143_296,0,train
1425,142_296,0,train
1426,142_296,0,train
1427,142_296,0,train
1428,142_296,0,train
1429,143_295,0,train
1430,143_295,0,train
1431,143_295,0,train
1432,143_295,0,train
1433,143_295,0,train
1434,143_295,0,train
1435,143_295,0,train
1436,143_295,0,train
1437,143_295,0,train
1438,143_295,0,train
1439,143_295,0,train
1440,143_295,0,train
1441,143_295,0,train
1442,143_295,0,train
1443,143_295,0,train
1444,143_295,0,train
1445,143_295,0,train
1446,143_295,0,train
1447,143_295,0,train
1448,143_295,0,train
1449,143_295,0,train
1450,143_295,0,train
1451,143_295,0,train
1452,143_295,0,train
1453,143_295,0,train
1454,143_295,0,train
1455,143_295,0,train
1456,143_295,0,train
1457,143_295,0,train
1458,143_295,0,train
1459,143_296,0,train
1460,143_295,0,train
1461,143_296,0,train
1462,143_296,0,train
1463,143_295,0,train
1464,143_295,0,train
1465,143_296,0,train
1466,143_296,0,train
1467,143_296,0,train
1468,143_296,0,train
1469,143_296,0,train
1470,142_293,0,train
1471,142_293,0,train
1472,142_293,0,train
1473,142_293,0,train
1474,142_293,0,train
1475,142_293,0,train
1476,145_294,0,validation
1477,145_294,0,validation
1478,145_294,0,validation
1479,145_294,0,validation
1480,145_294,0,validation
1481,145_294,0,validation
1482,145_294,0,validation
1483,145_294,0,validation
1484,145_294,0,validation
1485,145_294,0,validation
1486,145_294,0,validation
1487,145_294,0,validation
1488,145_294,0,validation
1489,145_294,0,validation
1490,145_294,0,validation
1491,145_294,0,validation
1492,145_294,0,validation
1493,145_294,0,validation
1494,145_294,0,validation
1495,145_294,0,validation
1496,145_294,0,validation
1497,145_294,0,validation
1498,145_294,0,validation
1499,145_294,0,validation
1500,145_294,0,validation
1501,145_294,0,validation
1502,144_294,1,train
1503,144_294,1,train
1504,145_294,0,validation
1505,145_294,0,validation
1506,144_294,1,train
1507,144_294,1,train
1508,144_294,1,train
1509,144_293,1,validation
1510,144_293,1,validation
1511,144_293,1,validation
1512,144_293,1,validation
1513,144_293,1,validation
1514,144_293,1,validation
1515,144_293,0,validation
1516,144_293,0,validation
1517,144_293,1,validation
1518,144_294,0,train
1519,144_294,0,train
1520,144_293,0,validation
1521,144_294,0,train
1522,144_294,0,train
1523,144_294,0,train
1524,144_294,0,train
1525,144_294,0,train
1526,144_294,0,train
1527,144_294,0,train
1528,144_294,0,train
1529,144_294,0,train
1530,144_294,0,train
1531,144_294,0,train
1532,144_294,0,train
1533,144_294,0,train
1534,144_294,0,train
1535,144_294,0,train
1536,144_294,0,train
1537,144_294,0,train
1538,144_294,0,train
1539,144_294,0,train
1540,144_294,0,train
1541,144_294,0,train
1542,144_294,0,train
1543,144_294,0,train
1544,144_294,0,train
1545,144_294,0,train
1546,144_294,0,train
1547,144_294,0,train
1548,144_293,0,validation
1549,144_293,0,validation
1550,142_294,0,train
1551,142_294,0,train
1552,143_294,0,train
1553,143_294,0,train
1554,143_294,0,train
1555,143_294,0,train
1556,143_294,0,train
1557,143_294,0,train
1558,143_294,0,train
1559,143_294,0,train
1560,143_294,0,train
1561,143_294,0,train
1562,143_294,0,train
1563,143_294,0,train
1564,143_294,0,train
1565,143_294,0,train
1566,143_294,0,train
1567,143_294,0,train
1568,143_294,0,train
1569,143_293,0,train
1570,143_293,0,train
1571,143_293,0,train
1572,143_293,0,train
1573,143_293,0,train
1574,143_293,0,train
1575,143_293,0,train
1576,143_293,0,train
1577,143_293,0,train
1578,143_293,0,train
1579,143_293,0,train
1580,143_293,0,train
1581,143_293,0,train
1582,143_293,0,train
1583,143_293,0,train
1584,143_294,0,train
1585,143_294,0,train
1586,143_294,0,train
1587,143_293,0,train
1588,143_293,0,train
1589,143_293,0,train
1590,143_293,0,train
1591,143_294,0,train
1592,143_294,0,train
1593,143_293,0,train
1594,143_294,0,train
1595,143_294,0,train
1596,143_294,0,train
1597,143_294,0,train
1598,143_294,0,train
1599,143_294,0,train
1600,143_294,0,train
1601,143_294,0,train
1602,143_294,0,train
1603,143_294,0,train
1604,143_294,0,train
1605,143_294,0,train
1606,143_294,0,train
1607,143_294,0,train
1608,143_293,0,train
1609,143_293,0,train
1610,143_293,0,train
1611,143_293,0,train
1612,143_293,0,train
1613,143_293,0,train
1614,143_293,0,train
1615,143_293,0,train
1616,143_293,0,train
1617,143_293,0,train
1618,143_293,0,train
1619,143_294,0,train
1620,143_294,0,train
1621,143_293,0,train
1622,143_293,0,train
1623,143_293,0,train
1624,143_293,0,train
1625,143_293,0,train
1626,143_293,0,train
1627,143_293,0,train
1628,143_293,0,train
1629,143_293,0,train
1630,143_293,0,train
1631,143_293,0,train
1632,143_293,0,train
1633,143_293,0,train
1634,143_293,0,train
1635,143_293,0,train
1636,143_293,0,train
1637,143_293,0,train
1638,143_294,0,train
1639,144_294,0,train
1640,144_294,0,train
1641,144_294,0,train
1642,144_294,0,train
1643,144_294,0,train
1644,143_294,0,train
1645,144_294,0,train
1646,143_294,0,train
1647,144_294,0,train
1648,144_294,0,train
1649,144_294,0,train
1650,144_294,0,train
1651,144_294,0,train
1652,144_294,0,train
1653,144_294,0,train
1654,144_294,0,train
1655,144_294,0,train
1656,144_294,0,train
1657,144_294,0,train
1658,144_294,0,train
1659,144_293,0,validation
1660,144_293,0,validation
1661,144_293,1,validation
1662,144_293,1,validation
1663,144_294,0,train
1664,144_294,0,train
1665,143_294,0,train
1666,143_294,0,train
1667,143_294,0,train
1668,143_294,0,train
1669,143_294,0,train
1670,143_294,0,train
1671,142_294,0,train
1672,143_293,0,train
1673,143_293,0,train
1674,143_293,0,train
1675,143_293,0,train
1676,143_293,0,train
1677,143_293,0,train
1678,143_293,0,train
1679,143_293,0,train
1680,143_293,0,train
1681,143_293,0,train
1682,144_294,0,train
1683,142_293,0,train
1684,142_293,0,train
1685,142_293,0,train
1686,142_293,0,train
1687,142_293,0,train
1688,143_293,0,train
1689,143_293,0,train
1690,143_293,0,train
1691,143_293,0,train
1692,143_293,0,train
1693,143_293,0,train
1694,143_293,0,train
1695,143_293,0,train
1696,143_293,0,train
1697,143_293,0,train
1698,143_293,0,train
1699,143_293,0,train
1700,143_293,0,train
1701,143_293,0,train
1702,143_293,0,train
1703,143_293,0,train
1704,143_293,0,train
1705,143_293,0,train
1706,143_293,0,train
1707,143_293,0,train
1708,143_293,0,train
1709,143_293,0,train
1710,143_293,0,train
1711,143_293,0,train
1712,143_293,0,train
1713,143_293,0,train
1714,143_293,0,train
1715,143_293,0,train
1716,143_293,0,train
1717,143_293,0,train
1718,143_293,0,train
1719,143_293,0,train
1720,143_293,0,train
1721,143_293,0,train
1722,143_293,0,train
1723,143_293,0,train
1724,143_293,0,train
1725,143_293,0,train
1726,143_293,0,train
1727,143_293,0,train
1728,143_293,0,train
1729,143_293,0,train
1730,143_293,0,train
1731,143_293,0,train
1732,143_293,0,train
1733,143_293,0,train
1734,143_293,0,train
1735,144_293,0,validation
1736,144_293,0,validation
1737,144_293,0,validation
1738,144_293,0,validation
1739,144_293,0,validation
1740,144_293,0,validation
1741,144_293,0,validation
1742,144_293,0,validation
1743,144_293,1,validation
1744,144_293,1,validation
1745,144_293,1,validation
1746,144_293,1,validation
1747,144_293,1,validation
1748,144_293,1,validation
1749,144_293,1,validation
1750,144_293,1,validation
1751,144_293,1,validation
1752,144_293,1,validation
1753,144_293,1,validation
1754,144_293,1,validation
1755,144_293,1,validation
1756,145_290,0,train
1757,145_290,0,train
1758,145_290,0,train
1759,142_291,0,train
1760,142_291,0,train
1761,142_291,0,train
1762,142_291,0,train
1763,142_291,0,train
1764,142_291,0,train
1765,142_291,0,train
1766,142_291,0,train
1767,142_291,0,train
1768,142_291,0,train
1769,142_291,0,train
1770,142_291,0,train
1771,142_291,0,train
1772,142_291,0,train
1773,142_291,0,train
1774,142_291,0,train
1775,142_291,0,train
1776,142_291,0,train
1777,142_291,0,train
1778,142_291,0,train
1779,142_291,0,train
1780,142_291,0,train
1781,142_291,0,train
1782,142_291,0,train
1783,142_291,0,train
1784,143_293,0,train
1785,143_293,0,train
1786,143_293,0,train
1787,143_293,0,train
1788,143_293,0,train
1789,143_293,0,train
1790,141_289,0,test
1791,141_289,0,test
1792,141_289,0,test
1793,144_290,0,validation
1794,142_292,0,test
1795,142_292,0,test
1796,143_292,0,train
1797,143_292,0,train
1798,143_292,0,train
1799,143_292,0,train
1800,143_292,0,train
1801,143_292,0,train
1802,143_292,0,train
1803,143_292,0,train
1804,143_292,0,train
1805,143_292,0,train
1806,143_292,0,train
1807,143_292,0,train
1808,143_292,0,train
1809,143_292,0,train
1810,143_292,0,train
1811,143_292,0,train
1812,143_292,0,train
1813,143_292,0,train
1814,143_292,0,train
1815,143_292,0,train
1816,143_293,0,train
1817,143_293,0,train
1818,143_293,0,train
1819,143_292,0,train
1820,143_293,0,train
1821,144_292,1,test
1822,144_292,1,test
1823,144_292,1,test
1824,144_292,0,test
1825,144_292,0,test
1826,144_292,0,test
1827,145_293,0,train
1828,144_292,0,test
1829,145_293,0,train
1830,144_292,0,test
1831,144_292,0,test
1832,144_292,0,test
1833,144_292,0,test
1834,145_292,0,validation
1835,145_292,0,validation
1836,145_292,0,validation
1837,145_292,0,validation
1838,143_291,0,test
1839,143_291,0,test
1840,144_291,0,train
1841,144_291,0,train
1842,144_291,0,train
1843,144_291,0,train
1844,144_291,0,train
1845,144_291,0,train
1846,144_291,0,train
1847,145_292,0,validation
1848,145_292,0,validation
1849,143_294,0,train
1850,143_295,0,train
1851,144_295,0,test
1852,144_295,0,test
1853,142_296,0,train
1854,142_296,0,train
1855,143_295,0,train
1856,143_296,0,train
1857,143_296,0,train
1858,143_295,0,train
1859,143_295,0,train
1860,143_296,0,train
1861,143_296,0,train
1862,143_296,0,train
1863,143_295,0,train
1864,143_295,0,train
1865,143_295,0,train
1866,143_295,0,train
1867,143_295,0,train
1868,143_295,0,train
1869,143_296,0,train
1870,143_294,0,train
1871,143_294,0,train
1872,143_294,0,train
1873,143_294,0,train
1874,143_294,0,train
1875,143_294,0,train
1876,144_294,0,train
1877,144_294,0,train
1878,144_294,0,train
1879,145_294,0,validation
1880,145_294,0,validation
1881,142_291,0,train
1882,142_291,0,train
1883,142_291,0,train
1884,142_291,0,train
1885,143_288,0,train
1886,141_289,0,test
1887,141_289,0,test
1888,141_289,0,test
1889,141_289,0,test
1890,141_289,0,test
1891,141_289,0,test
1892,141_289,0,test
1893,140_289,0,train
1894,140_289,0,train
1895,140_289,0,train
1896,141_289,0,test
1897,141_289,0,test
1898,141_289,0,test
1899,141_289,0,test
1900,141_289,0,test
1901,141_289,0,test
1902,141_289,0,test
1903,141_289,0,test
1904,141_289,0,test
1905,141_289,0,test
1906,141_289,0,test
1907,141_289,0,test
1908,141_289,0,test
1909,141_289,0,test
1910,141_289,0,test
1911,141_289,0,test
1912,141_289,0,test
1913,143_289,0,train
1914,143_289,0,train
1915,141_290,0,train
1916,141_289,0,test
1917,141_289,0,test
1918,141_289,0,test
1919,141_289,0,test
1920,141_289,0,test
1921,141_289,0,test
1922,141_289,0,test
1923,141_289,0,test
1924,141_289,0,test
1925,141_289,0,test
1926,141_289,0,test
1927,141_289,0,test
1928,141_289,0,test
1929,141_289,0,test
1930,141_289,0,test
1931,141_289,0,test
1932,141_290,0,train
1933,141_289,0,test
1934,141_290,0,train
1935,141_289,0,test
1936,141_289,0,test
1937,141_289,0,test
1938,142_289,0,validation
1939,142_289,0,validation
1940,143_289,0,train
1941,143_289,0,train
1942,143_289,0,train
1943,143_289,0,train
1944,143_289,0,train
1945,143_289,0,train
1946,143_289,0,train
1947,143_289,0,train
1948,143_289,0,train
1949,143_289,0,train
1950,143_289,0,train
1951,143_289,0,train
1952,143_289,0,train
1953,143_289,0,train
1954,143_289,0,train
1955,143_289,0,train
1956,143_289,0,train
1957,143_289,0,train
1958,143_289,0,train
1959,143_289,0,train
1960,143_289,0,train
1961,143_290,0,train
1962,143_290,0,train
1963,143_290,0,train
1964,143_290,0,train
1965,143_290,0,train
1966,143_290,0,train
1967,143_290,0,train
1968,143_290,0,train
1969,143_290,0,train
1970,143_290,0,train
1971,143_290,0,train
1972,143_290,0,train
1973,143_290,0,train
1974,143_290,0,train
1975,143_290,0,train
1976,143_290,0,train
1977,143_290,0,train
1978,143_290,0,train
1979,143_290,0,train
1980,143_290,0,train
1981,142_290,0,train
1982,142_290,0,train
1983,142_290,0,train
1984,142_290,0,train
1985,142_290,0,train
1986,143_290,0,train
1987,143_291,0,test
1988,143_291,0,test
1989,142_291,0,train
1990,142_291,0,train
1991,142_291,0,train
1992,143_291,0,test
1993,143_291,0,test
1994,143_291,0,test
1995,143_291,0,test
1996,143_291,0,test
1997,143_291,0,test
1998,144_291,0,train
1999,144_291,0,train
2000,144_291,0,train
2001,144_291,0,train
2002,144_291,0,train
2003,144_291,0,train
2004,144_291,0,train
2005,144_291,0,train
2006,144_291,0,train
2007,144_291,0,train
2008,142_296,0,train
2009,142_296,0,train
2010,142_296,0,train
2011,142_296,0,train
2012,142_296,0,train
2013,142_296,0,train
2014,142_296,0,train
2015,142_296,0,train
2016,142_296,0,train
2017,142_296,0,train
2018,142_296,0,train
2019,142_296,0,train
2020,142_296,0,train
2021,142_296,0,train
2022,142_296,0,train
2023,142_296,0,train
2024,142_296,0,train
2025,142_296,0,train
2026,142_296,0,train
2027,142_296,0,train
2028,142_296,0,train
2029,142_296,0,train
2030,143_296,0,train
2031,143_296,0,train
2032,142_296,0,train
2033,143_296,0,train
2034,143_297,0,train
2035,143_297,0,train
2036,143_297,0,train
2037,143_297,0,train
2038,143_296,0,train
2039,143_296,0,train
2040,143_296,0,train
2041,143_296,0,train
2042,143_296,0,train
2043,143_296,0,train
2044,143_296,0,train
2045,143_295,0,train
2046,143_295,0,train
2047,143_295,0,train
2048,143_295,0,train
2049,143_295,0,train
2050,143_296,0,train
2051,143_296,0,train
2052,143_296,0,train
2053,143_295,0,train
2054,143_295,0,train
2055,143_295,0,train
2056,144_294,0,train
2057,144_294,0,train
2058,144_294,0,train
2059,144_294,0,train
2060,144_294,0,train
2061,144_294,0,train
2062,142_292,1,test
2063,142_292,1,test
2064,142_292,1,test
2065,142_292,1,test
2066,143_292,0,train
2067,143_292,0,train
2068,143_292,0,train
2069,143_292,0,train
2070,143_292,0,train
2071,143_292,0,train
2072,143_292,0,train
2073,143_292,0,train
2074,143_292,0,train
2075,143_292,0,train
2076,143_292,0,train
2077,143_292,0,train
2078,143_292,0,train
2079,143_292,0,train
2080,143_291,0,test
2081,143_291,0,test
2082,143_291,0,test
2083,143_291,0,test
2084,143_291,0,test
2085,143_292,0,train
2086,143_292,0,train
2087,143_292,0,train
2088,143_292,0,train
2089,143_292,0,train
2090,144_292,0,test
2091,144_292,0,test
2092,145_292,0,validation
2093,141_304,0,validation
2094,141_304,0,validation
2095,141_306,0,test
2096,141_306,0,test
2097,141_306,0,test
2098,141_306,0,test
2099,141_306,0,test
2100,141_306,0,test
2101,141_306,0,test
2102,141_306,0,test
2103,141_306,0,test
2104,141_306,0,test
2105,141_306,0,test
2106,141_306,0,test
2107,141_306,0,test
2108,141_306,0,test
2109,141_306,0,test
2110,141_306,0,test
2111,141_306,0,test
2112,141_306,0,test
2113,141_306,0,test
2114,141_306,0,test
2115,141_306,0,test
2116,141_306,0,test
2117,141_306,0,test
2118,141_306,0,test
2119,141_306,0,test
2120,141_306,0,test
2121,141_306,0,test
2122,141_304,0,validation
2123,141_304,0,validation
2124,141_304,0,validation
2125,141_304,0,validation
2126,141_304,0,validation
2127,141_304,0,validation
2128,141_304,0,validation
2129,141_303,0,train
2130,141_304,0,validation
2131,141_304,0,validation
2132,141_304,0,validation
2133,141_303,0,train
2134,141_303,0,train
2135,141_303,0,train
2136,141_304,0,validation
2137,141_304,0,validation
2138,141_304,0,validation
2139,141_304,0,validation
2140,141_304,0,validation
2141,141_304,0,validation
2142,141_304,0,validation
2143,141_304,0,validation
2144,141_304,0,validation
2145,141_304,0,validation
2146,141_304,0,validation
2147,141_304,0,validation
2148,141_304,0,validation
2149,141_304,0,validation
2150,141_304,0,validation
2151,141_304,0,validation
2152,141_304,0,validation
2153,141_304,0,validation
2154,141_306,0,test
2155,141_306,0,test
2156,141_306,0,test
2157,141_306,0,test
2158,141_306,0,test
2159,141_306,0,test
2160,141_306,0,test
2161,141_306,0,test
2162,141_306,0,test
2163,141_306,0,test
2164,141_306,0,test
2165,141_306,0,test
2166,139_304,0,test
2167,140_305,0,train
2168,139_305,0,test
2169,139_305,0,test
2170,139_305,0,test
2171,139_305,0,test
2172,139_305,0,test
2173,140_305,0,train
2174,140_305,0,train
2175,140_305,0,train
2176,140_305,0,train
2177,140_305,0,train
2178,140_305,0,train
2179,140_305,0,train
2180,140_305,0,train
2181,140_305,0,train
2182,140_305,0,train
2183,140_305,0,train
2184,140_305,0,train
2185,140_305,0,train
2186,140_305,0,train
2187,140_305,0,train
2188,140_305,0,train
2189,140_305,0,train
2190,139_305,0,test
2191,139_305,0,test
2192,140_305,0,train
2193,140_305,0,train
2194,140_305,0,train
2195,140_305,0,train
2196,140_305,0,train
2197,140_305,0,train
2198,140_305,0,train
2199,140_306,0,train
2200,141_308,0,train
2201,141_308,0,train
2202,141_308,0,train
2203,141_308,0,train
2204,141_308,0,train
2205,141_308,0,train
2206,141_308,0,train
2207,140_308,0,test
2208,140_308,0,test
2209,140_308,0,test
2210,140_308,0,test
2211,140_308,0,test
2212,140_308,0,test
2213,140_308,0,test
2214,140_308,0,test
2215,140_308,0,test
2216,140_308,0,test
2217,140_308,0,test
2218,140_308,0,test
2219,140_308,0,test
2220,140_308,0,test
2221,140_308,0,test
2222,140_304,0,validation
2223,140_304,0,validation
2224,140_308,0,test
2225,140_308,0,test
2226,140_308,0,test
2227,140_308,0,test
2228,140_304,0,validation
2229,140_305,0,train
2230,140_305,0,train
2231,140_305,0,train
2232,140_305,0,train
2233,140_304,0,validation
2234,140_304,0,validation
2235,140_304,0,validation
2236,140_304,0,validation
2237,140_304,0,validation
2238,140_305,0,train
2239,140_305,0,train
2240,139_307,0,train
2241,140_307,0,train
2242,139_307,0,train
2243,139_305,0,test
2244,139_305,0,test
2245,139_305,0,test
2246,139_305,0,test
2247,139_305,0,test
2248,139_305,0,test
2249,139_305,0,test
2250,139_305,0,test
2251,139_305,0,test
2252,139_305,0,test
2253,139_305,0,test
2254,139_305,0,test
2255,139_305,0,test
2256,139_305,0,test
2257,139_305,0,test
2258,139_305,0,test
2259,139_305,0,test
2260,139_305,0,test
2261,139_305,0,test
2262,139_305,0,test
2263,139_308,0,train
2264,139_308,0,train
2265,139_308,0,train
2266,139_308,0,train
2267,139_305,0,test
2268,139_305,0,test
2269,139_305,0,test
2270,139_305,0,test
2271,139_305,0,test
2272,139_305,0,test
2273,139_305,0,test
2274,139_305,0,test
2275,139_305,0,test
2276,139_305,0,test
2277,139_305,0,test
2278,139_305,0,test
2279,139_305,0,test
2280,139_305,0,test
2281,139_305,0,test
2282,139_306,0,train
2283,139_306,0,train
2284,139_305,0,test
2285,139_305,0,test
2286,139_306,0,train
2287,139_306,0,train
2288,139_306,0,train
2289,139_305,0,test
2290,139_305,0,test
2291,139_305,0,test
2292,139_305,0,test
2293,139_306,0,train
2294,139_306,0,train
2295,139_305,0,test
2296,139_305,0,test
2297,139_305,0,test
2298,139_305,0,test
2299,139_305,0,test
2300,139_305,0,test
2301,139_305,0,test
2302,139_305,0,test
2303,139_305,0,test
2304,139_305,0,test
2305,139_305,0,test
2306,139_306,0,train
2307,139_306,0,train
2308,139_305,0,test
2309,139_305,0,test
2310,139_305,0,test
2311,139_305,0,test
2312,139_305,0,test
2313,139_305,0,test
2314,139_305,0,test
2315,139_305,0,test
2316,139_305,0,test
2317,139_305,0,test
2318,139_305,0,test
2319,139_305,0,test
2320,139_305,0,test
2321,139_305,0,test
2322,139_305,0,test
2323,139_305,0,test
2324,139_305,0,test
2325,139_305,0,test
2326,139_305,0,test
2327,139_305,0,test
2328,139_305,0,test
2329,139_305,0,test
2330,139_305,0,test
2331,139_305,0,test
2332,139_305,0,test
2333,139_305,0,test
2334,139_305,0,test
2335,139_306,0,train
2336,139_306,0,train
2337,139_306,0,train
2338,139_306,0,train
2339,139_306,0,train
2340,139_306,0,train
2341,139_306,0,train
2342,139_306,0,train
2343,139_306,0,train
2344,139_306,0,train
2345,139_306,0,train
2346,139_306,0,train
2347,139_306,0,train
2348,139_306,0,train
2349,139_306,0,train
2350,138_307,0,validation
2351,138_307,0,validation
2352,138_305,0,train
2353,138_305,0,train
2354,139_305,0,test
2355,139_305,0,test
2356,139_305,0,test
2357,138_305,0,train
2358,138_305,0,train
2359,139_305,0,test
2360,139_305,0,test
2361,138_305,0,train
2362,138_306,0,validation
2363,138_306,0,validation
2364,138_306,0,validation
2365,138_306,0,validation
2366,138_306,0,validation
2367,138_306,0,validation
2368,138_306,0,validation
2369,138_306,0,validation
2370,138_306,0,validation
2371,138_306,0,validation
2372,138_306,0,validation
2373,138_306,0,validation
2374,138_306,0,validation
2375,138_306,0,validation
2376,138_306,0,validation
2377,138_306,0,validation
2378,138_306,0,validation
2379,138_306,0,validation
2380,138_306,0,validation
2381,138_307,0,validation
2382,138_307,0,validation
2383,138_307,0,validation
2384,138_307,0,validation
2385,138_307,0,validation
2386,138_307,0,validation
2387,138_307,0,validation
2388,138_307,0,validation
2389,138_307,0,validation
2390,138_307,0,validation
2391,138_306,0,validation
2392,138_307,0,validation
2393,138_307,0,validation
2394,138_308,0,validation
2395,138_308,0,validation
2396,138_308,0,validation
2397,138_308,0,validation
2398,138_308,0,validation
2399,138_308,0,validation
2400,138_308,0,validation
2401,138_308,0,validation
2402,138_308,0,validation
2403,138_308,0,validation
2404,138_308,0,validation
2405,138_308,0,validation
2406,138_308,0,validation
2407,138_307,0,validation
2408,138_307,0,validation
2409,138_307,0,validation
2410,138_307,0,validation
2411,138_307,0,validation
2412,138_307,0,validation
2413,138_307,0,validation
2414,138_306,0,validation
2415,138_306,0,validation
2416,138_306,0,validation
2417,138_307,0,validation
2418,138_307,0,validation
2419,138_307,0,validation
2420,138_307,0,validation
2421,138_307,0,validation
2422,138_307,0,validation
2423,138_307,0,validation
2424,138_307,0,validation
2425,138_307,0,validation
2426,138_307,0,validation
2427,138_306,0,validation
2428,138_307,0,validation
2429,138_307,0,validation
2430,138_307,0,validation
2431,138_307,0,validation
2432,138_307,0,validation
2433,138_307,0,validation
2434,138_307,0,validation
2435,138_307,0,validation
2436,138_307,0,validation
2437,138_307,0,validation
2438,138_307,0,validation
2439,138_307,0,validation
2440,138_307,0,validation
2441,138_307,0,validation
2442,138_307,0,validation
2443,138_307,0,validation
2444,138_307,0,validation
2445,138_307,0,validation
2446,138_307,0,validation
2447,138_307,0,validation
2448,138_307,0,validation
2449,138_307,0,validation
2450,141_304,0,validation
2451,141_304,0,validation
2452,141_304,0,validation
2453,141_304,0,validation
2454,141_304,0,validation
2455,141_304,0,validation
2456,141_304,0,validation
2457,141_304,0,validation
2458,141_304,0,validation
2459,140_304,0,validation
2460,140_304,0,validation
2461,140_304,0,validation
2462,140_304,0,validation
2463,140_304,0,validation
2464,140_304,0,validation
2465,140_304,0,validation
2466,140_304,0,validation
2467,140_304,0,validation
2468,140_305,0,train
2469,140_305,0,train
2470,140_305,0,train
2471,140_305,0,train
2472,140_305,0,train
2473,140_305,0,train
2474,140_305,0,train
2475,140_305,0,train
2476,140_305,0,train
2477,140_305,0,train
2478,140_305,0,train
2479,140_305,0,train
2480,139_305,0,test
2481,139_305,0,test
2482,139_305,0,test
2483,139_305,0,test
2484,139_305,0,test
2485,139_305,0,test
2486,139_305,0,test
2487,139_305,0,test
2488,139_305,0,test
2489,139_305,0,test
2490,139_305,0,test
2491,139_305,0,test
2492,139_305,0,test
2493,139_305,0,test
2494,139_305,0,test
2495,139_305,0,test
2496,139_305,0,test
2497,139_305,0,test
2498,139_305,0,test
2499,139_305,0,test
2500,139_305,0,test
2501,139_305,0,test
2502,139_305,0,test
2503,139_305,0,test
2504,139_305,0,test
2505,139_305,0,test
2506,139_305,0,test
2507,142_306,0,train
2508,141_306,0,test
2509,141_306,0,test
2510,141_306,0,test
2511,141_306,0,test
2512,141_306,0,test
2513,141_306,0,test
2514,141_306,0,test
2515,141_306,0,test
2516,141_306,0,test
2517,141_306,0,test
2518,141_306,0,test
2519,141_306,0,test
2520,141_306,0,test
2521,141_306,0,test
2522,141_306,0,test
2523,141_306,0,test
2524,141_306,0,test
2525,141_306,0,test
2526,141_306,0,test
2527,141_306,0,test
2528,141_306,0,test
2529,141_306,0,test
2530,141_306,0,test
2531,141_306,0,test
2532,141_306,0,test
2533,141_306,0,test
2534,141_306,0,test
2535,141_306,0,test
2536,141_306,0,test
2537,141_306,0,test
2538,141_306,0,test
2539,141_306,0,test
2540,141_306,0,test
2541,141_306,0,test
2542,141_306,0,test
2543,141_306,0,test
2544,141_306,0,test
2545,141_306,0,test
2546,141_306,0,test
2547,141_306,0,test
2548,141_307,0,test
2549,141_307,0,test
2550,141_307,0,test
2551,141_307,0,test
2552,141_307,0,test
2553,141_307,0,test
2554,141_307,0,test
2555,141_307,0,test
2556,141_307,0,test
2557,141_307,0,test
2558,140_307,0,train
2559,140_307,0,train
2560,140_307,0,train
2561,140_307,0,train
2562,140_307,0,train
2563,140_307,0,train
2564,140_307,0,train
2565,140_307,0,train
2566,140_307,0,train
2567,140_307,0,train
2568,140_307,0,train
2569,140_307,0,train
2570,141_307,0,test
2571,141_307,0,test
2572,141_307,0,test
2573,141_307,0,test
2574,141_306,0,test
2575,138_308,0,validation
2576,138_308,0,validation
2577,138_308,0,validation
2578,138_308,0,validation
2579,138_308,0,validation
2580,138_308,0,validation
2581,138_307,0,validation
2582,138_307,0,validation
2583,138_307,0,validation
2584,138_307,0,validation
2585,138_307,0,validation
2586,138_307,0,validation
2587,138_307,0,validation
2588,138_307,0,validation
2589,138_307,0,validation
2590,138_308,0,validation
2591,138_308,0,validation
2592,138_308,0,validation
2593,138_307,0,validation
2594,138_307,0,validation
2595,138_307,0,validation
2596,138_307,0,validation
2597,138_307,0,validation
2598,138_307,0,validation
2599,138_307,0,validation
2600,138_307,0,validation
2601,138_307,0,validation
2602,138_307,0,validation
2603,138_307,0,validation
2604,138_307,0,validation
2605,138_307,0,validation
2606,138_308,0,validation
2607,139_308,0,train
2608,140_306,0,train
2609,139_308,0,train
2610,139_308,0,train
2611,139_308,0,train
2612,139_308,0,train
2613,139_308,0,train
2614,139_308,0,train
2615,139_308,0,train
2616,139_308,0,train
2617,139_308,0,train
2618,139_308,0,train
2619,139_308,0,train
2620,139_308,0,train
2621,139_308,0,train
2622,139_308,0,train
2623,139_308,0,train
2624,139_308,0,train
2625,139_308,0,train
2626,139_308,0,train
2627,139_308,0,train
2628,140_308,0,test
2629,140_308,0,test
2630,140_308,0,test
2631,140_308,0,test
2632,140_308,0,test
2633,140_308,0,test
2634,140_308,0,test
2635,140_308,0,test
2636,140_308,0,test
2637,140_308,0,test
2638,140_308,0,test
2639,140_308,0,test
2640,140_308,0,test
2641,140_308,0,test
2642,140_308,0,test
2643,140_308,0,test
2644,140_308,0,test
2645,140_308,0,test
2646,140_308,0,test
2647,140_308,0,test
2648,140_308,0,test
2649,140_308,0,test
2650,140_308,0,test
2651,140_308,0,test
2652,140_308,0,test
2653,140_308,0,test
2654,140_308,0,test
2655,140_308,0,test
2656,140_308,0,test
2657,140_308,0,test
2658,140_308,0,test
2659,140_308,0,test
2660,140_308,0,test
2661,140_308,0,test
2662,140_308,0,test
2663,140_308,0,test
2664,140_308,0,test
2665,140_308,0,test
2666,140_308,0,test
2667,140_308,0,test
2668,140_308,0,test
2669,140_308,0,test
2670,140_308,0,test
2671,140_308,0,test
2672,140_308,0,test
2673,140_308,0,test
2674,140_308,0,test
2675,140_308,0,test
2676,140_308,0,test
2677,140_308,0,test
2678,140_308,0,test
2679,140_308,0,test
2680,140_308,0,test
2681,140_308,0,test
2682,140_308,0,test
2683,140_308,0,test
2684,140_308,0,test
2685,140_308,0,test
2686,140_308,0,test
2687,140_308,0,test
2688,140_307,0,train
2689,140_308,0,test
2690,140_308,0,test
2691,140_308,0,test
2692,140_308,0,test
2693,140_308,0,test
2694,140_308,0,test
2695,140_308,0,test
2696,140_308,0,test
2697,140_308,0,test
2698,140_308,0,test
2699,140_308,0,test
2700,140_308,0,test
2701,140_308,0,test
2702,140_308,0,test
2703,140_308,0,test
2704,140_308,0,test
2705,141_308,0,train
2706,141_308,0,train
2707,141_308,0,train
2708,141_308,0,train
2709,140_308,0,test
2710,140_308,0,test
2711,140_308,0,test
2712,140_308,0,test
2713,140_308,0,test
2714,140_308,0,test
2715,140_308,0,test
2716,140_308,0,test
2717,140_308,0,test
2718,140_308,0,test
2719,140_308,0,test
2720,140_308,0,test
2721,140_308,0,test
2722,140_308,0,test
2723,140_308,0,test
2724,140_308,0,test
2725,140_308,0,test
2726,140_308,0,test
2727,140_308,0,test
2728,140_308,0,test
2729,140_308,0,test
2730,140_308,0,test
2731,140_308,0,test
2732,140_308,0,test
2733,140_308,0,test
2734,140_308,0,test
2735,140_308,0,test
2736,140_308,0,test
2737,140_308,0,test
2738,140_308,0,test
2739,141_308,0,train
2740,141_308,0,train
2741,141_307,0,test
2742,140_308,0,test
2743,140_308,0,test
2744,140_308,0,test
2745,140_308,0,test
2746,139_307,0,train
2747,139_307,0,train
2748,139_307,0,train
2749,139_307,0,train
2750,139_306,0,train
2751,138_307,0,validation
2752,138_307,0,validation
2753,138_307,0,validation
2754,138_307,0,validation
2755,138_307,0,validation
2756,138_307,0,validation
2757,138_307,0,validation
2758,138_307,0,validation
2759,139_307,0,train
2760,139_305,0,test
2761,139_305,0,test
2762,142_305,0,train
2763,143_305,0,train
2764,142_305,0,train
2765,142_305,0,train
2766,142_305,0,train
2767,142_305,0,train
2768,142_305,0,train
2769,142_305,0,train
2770,142_305,0,train
2771,142_305,0,train
2772,142_305,0,train
2773,142_305,0,train
2774,142_305,0,train
2775,142_305,0,train
2776,142_305,0,train
2777,142_305,0,train
2778,142_305,0,train
2779,142_305,0,train
2780,142_305,0,train
2781,142_305,0,train
2782,142_305,0,train
2783,142_305,0,train
2784,142_305,0,train
2785,142_305,0,train
2786,142_305,0,train
2787,142_305,0,train
2788,142_305,0,train
2789,142_305,0,train
2790,142_305,0,train
2791,142_305,0,train
2792,142_305,0,train
2793,142_305,0,train
2794,142_305,0,train
2795,142_305,0,train
2796,142_305,0,train
2797,142_305,0,train
2798,142_305,0,train
2799,142_305,0,train
2800,142_305,0,train
2801,142_305,0,train
2802,142_305,0,train
2803,142_305,0,train
2804,142_305,0,train
2805,142_305,0,train
2806,142_305,0,train
2807,142_305,0,train
2808,142_305,0,train
2809,142_305,0,train
2810,142_305,0,train
2811,142_305,0,train
2812,142_305,0,train
2813,142_305,0,train
2814,142_305,0,train
2815,142_305,0,train
2816,142_305,0,train
2817,142_305,0,train
2818,143_305,0,train
2819,143_305,0,train
2820,142_305,0,train
2821,142_305,0,train
2822,142_305,0,train
2823,142_305,0,train
2824,143_305,0,train
2825,143_305,0,train
2826,143_305,0,train
2827,143_305,0,train
2828,143_305,0,train
2829,143_305,0,train
2830,143_305,0,train
2831,142_305,0,train
2832,143_305,0,train
2833,143_305,0,train
2834,143_305,0,train
2835,142_305,0,train
2836,142_305,0,train
2837,143_305,0,train
2838,142_305,0,train
2839,142_305,0,train
2840,142_305,0,train
2841,142_305,0,train
2842,142_305,0,train
2843,142_305,0,train
2844,142_305,0,train
2845,143_305,0,train
2846,143_305,0,train
2847,143_305,0,train
2848,143_305,0,train
2849,143_305,0,train
2850,143_305,0,train
2851,143_305,0,train
2852,143_305,0,train
2853,143_305,0,train
2854,143_305,0,train
2855,143_305,0,train
2856,143_305,0,train
2857,142_305,0,train
2858,143_305,0,train
2859,143_305,0,train
2860,143_305,0,train
2861,142_305,0,train
2862,142_305,0,train
2863,142_305,0,train
2864,142_305,0,train
2865,142_305,0,train
2866,142_305,0,train
2867,142_305,0,train
2868,143_305,0,train
2869,142_305,0,train
2870,142_305,0,train
2871,142_305,0,train
2872,142_305,0,train
2873,142_305,0,train
2874,142_305,0,train
2875,142_305,0,train
2876,142_305,0,train
2877,142_305,0,train
2878,142_305,0,train
2879,142_305,0,train
2880,142_305,0,train
2881,143_305,0,train
2882,142_305,0,train
2883,142_305,0,train
2884,142_305,0,train
2885,142_305,0,train
2886,142_305,0,train
2887,142_305,0,train
2888,142_305,0,train
2889,142_305,0,train
2890,142_305,0,train
2891,142_305,0,train
2892,142_305,0,train
2893,142_305,0,train
2894,142_305,0,train
2895,142_305,0,train
2896,142_305,0,train
2897,142_305,0,train
2898,142_305,0,train
2899,142_305,0,train
2900,142_305,0,train
2901,142_305,0,train
2902,142_305,0,train
2903,142_305,0,train
2904,142_305,0,train
2905,142_305,0,train
2906,142_305,0,train
2907,142_305,0,train
2908,142_305,0,train
2909,142_305,0,train
2910,142_305,0,train
2911,142_305,0,train
2912,142_305,0,train
2913,142_305,0,train
2914,142_305,0,train
2915,142_305,0,train
2916,142_305,0,train
2917,142_305,0,train
2918,142_305,0,train
2919,142_305,0,train
2920,142_305,0,train
2921,142_305,0,train
2922,142_305,0,train
2923,142_305,0,train
2924,142_305,0,train
2925,142_305,0,train
2926,142_305,0,train
2927,142_305,0,train
2928,142_305,0,train
2929,142_305,0,train
2930,142_305,0,train
2931,142_305,0,train
2932,142_305,0,train
2933,142_305,0,train
2934,142_305,0,train
2935,142_305,0,train
2936,142_305,0,train
2937,142_305,0,train
2938,142_305,0,train
2939,142_305,0,train
2940,142_305,0,train
2941,142_305,0,train
2942,142_305,0,train
2943,142_305,0,train
2944,142_305,0,train
2945,142_305,0,train
2946,142_305,0,train
2947,142_305,0,train
2948,142_305,0,train
2949,142_305,0,train
2950,142_305,0,train
2951,142_305,0,train
2952,142_305,0,train
2953,142_305,0,train
2954,142_305,0,train
2955,142_305,0,train
2956,142_305,0,train
2957,142_305,0,train
2958,142_305,0,train
2959,142_305,0,train
2960,142_305,0,train
2961,142_305,0,train
2962,142_305,0,train
2963,142_305,0,train
2964,142_305,0,train
2965,142_305,0,train
2966,142_305,0,train
2967,142_305,0,train
2968,142_305,0,train
2969,142_305,0,train
2970,142_305,0,train
2971,142_305,0,train
2972,142_305,0,train
2973,142_305,0,train
2974,142_305,0,train
2975,142_305,0,train
2976,142_305,0,train
2977,142_305,0,train
2978,142_305,0,train
2979,142_305,0,train
2980,142_305,0,train
2981,142_305,0,train
2982,142_305,0,train
2983,142_305,0,train
2984,142_305,0,train
2985,142_305,0,train
2986,142_305,0,train
2987,142_305,0,train
2988,142_305,0,train
2989,142_305,0,train
2990,142_305,0,train
2991,142_305,0,train
2992,142_305,0,train
2993,142_305,0,train
2994,142_305,0,train
2995,142_305,0,train
2996,142_305,0,train
2997,142_305,0,train
2998,142_305,0,train
2999,143_305,0,train
3000,143_305,0,train
3001,143_305,0,train
3002,142_305,0,train
3003,142_305,0,train
3004,142_305,0,train
3005,142_305,0,train
3006,142_305,0,train
3007,142_305,0,train
3008,142_305,0,train
3009,142_305,0,train
3010,142_305,0,train
3011,142_305,0,train
3012,142_305,0,train
3013,142_305,0,train
3014,142_305,0,train
3015,142_305,0,train
3016,142_305,0,train
3017,142_305,0,train
3018,142_305,0,train
3019,142_305,0,train
3020,142_305,0,train
3021,142_305,0,train
3022,143_305,0,train
3023,143_305,0,train
3024,143_305,0,train
3025,143_305,0,train
3026,142_305,0,train
3027,142_305,0,train
3028,142_305,0,train
3029,142_305,0,train
3030,142_305,0,train
3031,142_305,0,train
3032,142_305,0,train
3033,142_305,0,train
3034,142_305,0,train
3035,142_305,0,train
3036,142_305,0,train
3037,142_305,0,train
3038,142_305,0,train
3039,142_305,0,train
3040,142_305,0,train
3041,142_305,0,train
3042,142_305,0,train
3043,142_305,0,train
3044,143_305,0,train
3045,143_305,0,train
3046,143_305,0,train
3047,143_305,0,train
3048,143_305,0,train
3049,142_305,0,train
3050,142_305,0,train
3051,142_305,0,train
3052,142_305,0,train
3053,143_305,0,train
3054,142_305,0,train
3055,143_305,0,train
3056,142_305,0,train
3057,142_305,0,train
3058,142_305,0,train
3059,142_305,0,train
3060,142_305,0,train
3061,143_305,0,train
3062,143_305,0,train
3063,142_305,0,train
3064,142_305,0,train
3065,142_305,0,train
3066,142_305,0,train
3067,142_305,0,train
3068,142_305,0,train
3069,142_305,0,train
3070,142_305,0,train
3071,142_305,0,train
3072,142_305,0,train
3073,142_305,0,train
3074,142_305,0,train
3075,142_305,0,train
3076,142_305,0,train
3077,142_305,0,train
3078,142_305,0,train
3079,142_305,0,train
3080,142_305,0,train
3081,142_305,0,train
3082,142_305,0,train
3083,142_305,0,train
3084,143_305,0,train
3085,143_305,0,train
3086,142_305,0,train
3087,142_305,0,train
3088,142_305,0,train
3089,142_305,0,train
3090,142_305,0,train
3091,142_305,0,train
3092,142_305,0,train
3093,142_305,0,train
3094,142_305,0,train
3095,142_305,0,train
3096,142_305,0,train
3097,142_305,0,train
3098,142_305,0,train
3099,142_305,0,train
3100,142_305,0,train
3101,142_305,0,train
3102,142_305,0,train
3103,142_305,0,train
3104,142_305,0,train
3105,142_305,0,train
3106,142_305,0,train
3107,142_305,0,train
3108,142_305,0,train
3109,142_305,0,train
3110,142_305,0,train
3111,142_305,0,train
3112,142_305,0,train
3113,142_305,0,train
3114,142_305,0,train
3115,142_305,0,train
3116,142_305,0,train
3117,142_305,0,train
3118,142_305,0,train
3119,142_305,0,train
3120,142_305,0,train
3121,142_305,0,train
3122,142_305,0,train
3123,142_305,0,train
3124,142_305,0,train
3125,142_305,0,train
3126,142_305,0,train
3127,142_305,0,train
3128,142_305,0,train
3129,142_305,0,train
3130,142_305,0,train
3131,142_305,0,train
3132,142_305,0,train
3133,142_305,0,train
3134,142_305,0,train
3135,142_305,0,train
3136,142_305,0,train
3137,142_305,0,train
3138,142_305,0,train
3139,142_305,0,train
3140,142_305,0,train
3141,142_305,0,train
3142,142_305,0,train
3143,142_305,0,train
3144,142_305,0,train
3145,142_305,0,train
3146,142_305,0,train
3147,142_305,0,train
3148,142_305,0,train
3149,142_305,0,train
3150,142_305,0,train
3151,142_305,0,train
3152,142_305,0,train
3153,142_305,0,train
3154,142_305,0,train
3155,142_305,0,train
3156,142_305,0,train
3157,142_305,0,train
3158,142_305,0,train
3159,142_305,0,train
3160,142_305,0,train
3161,142_305,0,train
3162,142_305,0,train
3163,142_305,0,train
3164,142_305,0,train
3165,142_305,0,train
3166,142_305,0,train
3167,142_305,0,train
3168,142_305,0,train
3169,142_305,0,train
3170,142_305,0,train
3171,142_305,0,train
3172,142_305,0,train
3173,142_304,0,train
3174,142_304,0,train
3175,142_305,0,train
3176,142_305,0,train
3177,142_305,0,train
3178,142_305,0,train
3179,142_305,0,train
3180,142_305,0,train
3181,142_305,0,train
3182,142_305,0,train
3183,142_304,0,train
3184,142_304,0,train
3185,142_304,0,train
3186,142_304,0,train
3187,142_304,0,train
3188,142_304,0,train
3189,142_304,0,train
3190,142_304,0,train
3191,142_304,0,train
3192,142_304,0,train
3193,142_304,0,train
3194,142_304,0,train
3195,142_304,0,train
3196,142_304,0,train
3197,142_304,0,train
3198,142_304,0,train
3199,142_304,0,train
3200,142_304,0,train
3201,142_304,0,train
3202,142_304,0,train
3203,142_304,0,train
3204,142_304,0,train
3205,142_304,0,train
3206,142_304,0,train
3207,142_304,0,train
3208,142_304,0,train
3209,142_304,0,train
3210,142_304,0,train
3211,142_304,0,train
3212,142_304,0,train
3213,142_304,0,train
3214,142_304,0,train
3215,142_304,0,train
3216,142_304,0,train
3217,142_304,0,train
3218,142_304,0,train
3219,142_304,0,train
3220,142_304,0,train
3221,142_304,0,train
3222,142_304,0,train
3223,142_304,0,train
3224,142_304,0,train
3225,142_304,0,train
3226,142_304,0,train
3227,142_304,0,train
3228,142_304,0,train
3229,142_304,0,train
3230,142_304,0,train
3231,142_304,0,train
3232,142_304,0,train
3233,142_304,0,train
3234,142_304,0,train
3235,142_304,0,train
3236,142_304,0,train
3237,142_304,0,train
3238,142_304,0,train
3239,142_304,0,train
3240,142_304,0,train
3241,142_304,0,train
3242,142_304,0,train
3243,142_304,0,train
3244,142_304,0,train
3245,142_304,0,train
3246,142_304,0,train
3247,142_304,0,train
3248,142_304,0,train
3249,142_304,0,train
3250,142_304,0,train
3251,142_304,0,train
3252,142_304,0,train
3253,142_304,0,train
3254,142_304,0,train
3255,142_304,0,train
3256,142_304,0,train
3257,142_304,0,train
3258,142_304,0,train
3259,142_304,0,train
3260,142_304,0,train
3261,142_304,0,train
3262,142_304,0,train
3263,142_304,0,train
3264,142_304,0,train
3265,142_304,0,train
3266,142_304,0,train
3267,142_304,0,train
3268,142_304,0,train
3269,142_304,0,train
3270,142_304,0,train
3271,142_304,0,train
3272,142_304,0,train
3273,142_304,0,train
3274,142_304,0,train
3275,142_304,0,train
3276,142_304,0,train
3277,142_304,0,train
3278,142_304,0,train
3279,142_304,0,train
3280,142_304,0,train
3281,142_304,0,train
3282,142_304,0,train
3283,142_304,0,train
3284,142_304,0,train
3285,142_304,0,train
3286,142_304,0,train
3287,142_304,0,train
3288,142_304,0,train
3289,142_304,0,train
3290,142_304,0,train
3291,142_304,0,train
3292,142_304,0,train
3293,142_304,0,train
3294,142_304,0,train
3295,142_304,0,train
3296,142_304,0,train
3297,142_304,0,train
3298,142_304,0,train
3299,142_304,0,train
3300,142_304,0,train
3301,142_304,0,train
3302,142_304,0,train
3303,142_304,0,train
3304,142_304,0,train
3305,142_304,0,train
3306,142_304,0,train
3307,142_304,0,train
3308,142_304,0,train
3309,142_304,0,train
3310,142_304,0,train
3311,142_304,0,train
3312,142_304,0,train
3313,142_304,0,train
3314,142_304,0,train
3315,142_304,0,train
3316,142_304,0,train
3317,142_304,0,train
3318,142_304,0,train
3319,142_304,0,train
3320,142_304,0,train
3321,142_304,0,train
3322,142_304,0,train
3323,142_304,0,train
3324,142_304,0,train
3325,142_304,0,train
3326,142_304,0,train
3327,142_304,0,train
3328,142_304,0,train
3329,142_304,0,train
3330,142_304,0,train
3331,142_304,0,train
3332,142_304,0,train
3333,142_304,0,train
3334,142_304,0,train
3335,142_304,0,train
3336,142_304,0,train
3337,142_304,0,train
3338,142_304,0,train
3339,142_304,0,train
3340,142_304,0,train
3341,142_304,0,train
3342,142_304,0,train
3343,142_304,0,train
3344,142_304,0,train
3345,142_304,0,train
3346,142_304,0,train
3347,142_304,0,train
3348,142_304,0,train
3349,142_304,0,train
3350,142_304,0,train
3351,142_304,0,train
3352,142_304,0,train
3353,142_304,0,train
3354,142_304,0,train
3355,142_304,0,train
3356,142_304,0,train
3357,142_304,0,train
3358,142_304,0,train
3359,142_304,0,train
3360,142_304,0,train
3361,142_304,0,train
3362,142_304,0,train
3363,142_304,0,train
3364,142_304,0,train
3365,142_304,0,train
3366,142_304,0,train
3367,142_304,0,train
3368,142_304,0,train
3369,142_304,0,train
3370,142_304,0,train
3371,142_304,0,train
3372,142_304,0,train
3373,142_304,0,train
3374,142_304,0,train
3375,142_304,0,train
3376,142_304,0,train
3377,142_304,0,train
3378,142_304,0,train
3379,142_304,0,train
3380,142_304,0,train
3381,142_304,0,train
3382,142_304,0,train
3383,142_304,0,train
3384,142_304,0,train
3385,142_304,0,train
3386,142_304,0,train
3387,142_304,0,train
3388,142_304,0,train
3389,142_304,0,train
3390,142_304,0,train
3391,142_304,0,train
3392,144_301,0,test
3393,144_301,0,test
3394,144_301,0,test
3395,144_301,0,test
3396,144_301,0,test
3397,144_301,0,test
3398,144_301,0,test
3399,144_301,0,test
3400,144_301,0,test
3401,144_301,0,test
3402,144_301,0,test
3403,144_301,0,test
3404,144_301,0,test
3405,144_301,0,test
3406,144_301,0,test
3407,144_301,0,test
3408,144_301,0,test
3409,144_301,0,test
3410,144_301,0,test
3411,144_301,0,test
3412,144_301,0,test
3413,144_301,0,test
3414,144_301,0,test
3415,144_301,0,test
3416,144_301,0,test
3417,144_301,0,test
3418,144_301,0,test
3419,144_301,0,test
3420,144_301,0,test
3421,144_301,0,test
3422,144_301,0,test
3423,144_301,0,test
3424,144_301,0,test
3425,144_301,0,test
3426,144_301,0,test
3427,144_301,0,test
3428,144_301,0,test
3429,144_301,0,test
3430,144_301,0,test
3431,144_301,0,test
3432,144_301,0,test
3433,144_301,0,test
3434,144_301,0,test
3435,144_301,0,test
3436,144_301,0,test
3437,144_301,0,test
3438,144_301,0,test
3439,144_301,0,test
3440,144_301,0,test
3441,144_301,0,test
3442,144_301,0,test
3443,144_301,0,test
3444,144_301,0,test
3445,144_301,0,test
3446,144_301,0,test
3447,144_301,0,test
3448,144_301,0,test
3449,144_301,0,test
3450,144_301,0,test
3451,144_301,0,test
3452,144_301,0,test
3453,144_301,0,test
3454,144_301,0,test
3455,144_301,0,test
3456,144_301,0,test
3457,144_301,0,test
3458,144_301,0,test
3459,144_301,0,test
3460,144_301,0,test
3461,144_301,0,test
3462,144_301,0,test
3463,144_301,0,test
3464,144_301,0,test
3465,144_301,0,test
3466,144_301,0,test
3467,144_301,0,test
3468,144_301,0,test
3469,144_301,0,test
3470,144_301,0,test
3471,144_301,0,test
3472,144_301,0,test
3473,144_301,0,test
3474,144_301,0,test
3475,144_301,0,test
3476,144_301,0,test
3477,144_301,0,test
3478,144_301,0,test
3479,144_301,0,test
3480,144_301,0,test
3481,144_301,0,test
3482,144_301,0,test
3483,144_301,0,test
3484,144_301,0,test
3485,144_301,0,test
3486,144_301,0,test
3487,144_301,0,test
3488,144_301,0,test
3489,144_301,0,test
3490,144_301,0,test
3491,144_301,0,test
3492,144_301,0,test
3493,144_301,0,test
3494,144_301,0,test
3495,144_301,0,test
3496,144_301,0,test
3497,144_301,0,test
3498,144_301,0,test
3499,144_301,0,test
3500,144_301,0,test
3501,144_301,0,test
3502,144_301,0,test
3503,144_301,0,test
3504,144_301,0,test
3505,144_301,0,test
3506,144_301,0,test
3507,144_301,0,test
3508,144_301,0,test
3509,144_301,0,test
3510,144_301,0,test
3511,144_301,0,test
3512,144_301,0,test
3513,144_301,0,test
3514,144_301,0,test
3515,144_301,0,test
3516,144_301,0,test
3517,144_301,0,test
3518,144_301,0,test
3519,144_301,0,test
3520,144_301,0,test
3521,144_301,0,test
3522,144_301,0,test
3523,144_301,0,test
3524,144_301,0,test
3525,144_301,0,test
3526,144_301,0,test
3527,144_301,0,test
3528,144_301,0,test
3529,144_301,0,test
3530,144_301,0,test
3531,144_301,0,test
3532,144_301,0,test
3533,144_301,0,test
3534,144_301,0,test
3535,144_301,0,test
3536,144_301,0,test
3537,144_301,0,test
3538,144_301,0,test
3539,144_301,0,test
3540,144_301,0,test
3541,144_301,0,test
3542,144_301,0,test
3543,144_301,0,test
3544,144_301,0,test
3545,144_301,0,test
3546,144_301,0,test
3547,144_301,0,test
3548,144_301,0,test
3549,144_301,0,test
3550,144_301,0,test
3551,144_301,0,test
3552,144_301,0,test
3553,144_301,0,test
3554,144_301,0,test
3555,144_301,0,test
3556,144_301,0,test
3557,144_301,0,test
3558,144_301,0,test
3559,144_301,0,test
3560,144_301,0,test
3561,144_301,0,test
3562,144_301,0,test
3563,144_301,0,test
3564,144_301,0,test
3565,144_301,0,test
3566,144_301,0,test
3567,144_301,0,test
3568,144_301,0,test
3569,144_301,0,test
3570,144_301,0,test
3571,144_301,0,test
3572,144_301,0,test
3573,144_301,0,test
3574,144_301,0,test
3575,144_301,0,test
3576,144_301,0,test
3577,144_301,0,test
3578,144_301,0,test
3579,144_301,0,test
3580,144_301,0,test
3581,144_301,0,test
3582,144_301,0,test
3583,144_301,0,test
3584,144_301,0,test
3585,144_301,0,test
3586,144_301,0,test
3587,144_301,0,test
3588,144_301,0,test
3589,144_301,0,test
3590,144_301,0,test
3591,144_301,0,test
3592,144_301,0,test
3593,144_301,0,test
3594,144_301,0,test
3595,144_301,0,test
3596,144_301,0,test
3597,144_301,0,test
3598,144_301,0,test
3599,144_301,0,test
3600,144_301,0,test
3601,144_301,0,test
3602,144_301,0,test
3603,144_301,0,test
3604,144_301,0,test
3605,144_301,0,test
3606,144_301,0,test
3607,144_301,0,test
3608,144_301,0,test
3609,144_301,0,test
3610,144_301,0,test
3611,144_301,0,test
3612,144_301,0,test
3613,144_300,0,validation
3614,144_301,0,test
3615,144_301,0,test
3616,144_301,0,test
3617,144_300,0,validation
3618,144_300,0,validation
3619,144_300,0,validation
3620,144_301,0,test
3621,144_301,0,test
3622,144_301,0,test
3623,144_301,0,test
3624,144_301,0,test
3625,144_301,0,test
3626,144_300,0,validation
3627,144_300,0,validation
3628,144_300,0,validation
3629,144_300,0,validation
3630,144_300,0,validation
3631,144_300,0,validation
3632,144_300,0,validation
3633,144_300,0,validation
3634,144_301,0,test
3635,144_300,0,validation
3636,144_300,0,validation
3637,144_300,0,validation
3638,144_300,0,validation
3639,144_300,0,validation
3640,144_300,0,validation
3641,144_300,0,validation
3642,144_300,0,validation
3643,144_301,0,test
3644,144_300,0,validation
3645,144_300,0,validation
3646,144_301,0,test
3647,144_301,0,test
3648,144_301,0,test
3649,144_301,0,test
3650,144_301,0,test
3651,144_301,0,test
3652,144_301,0,test
3653,144_301,0,test
3654,144_301,0,test
3655,144_301,0,test
3656,144_301,0,test
3657,144_301,0,test
3658,144_301,0,test
3659,144_301,0,test
3660,144_301,0,test
3661,144_301,0,test
3662,144_301,0,test
3663,144_301,0,test
3664,144_301,0,test
3665,144_301,0,test
3666,144_301,0,test
3667,144_300,0,validation
3668,144_300,0,validation
3669,144_300,0,validation
3670,144_300,0,validation
3671,144_300,0,validation
3672,144_300,0,validation
3673,144_301,0,test
3674,144_301,0,test
3675,144_301,0,test
3676,144_301,0,test
3677,144_301,0,test
3678,144_301,0,test
3679,144_300,0,validation
3680,144_300,0,validation
3681,144_300,0,validation
3682,144_300,0,validation
3683,144_300,0,validation
3684,144_300,0,validation
3685,144_301,0,test
3686,144_301,0,test
3687,144_301,0,test
3688,144_301,0,test
3689,144_301,0,test
3690,144_301,0,test
3691,144_301,0,test
3692,144_301,0,test
3693,144_301,0,test
3694,144_301,0,test
3695,144_301,0,test
3696,144_301,0,test
3697,144_301,0,test
3698,144_300,0,validation
3699,144_300,0,validation
3700,144_300,0,validation
3701,144_300,0,validation
3702,144_300,0,validation
3703,144_300,0,validation
3704,144_300,0,validation
3705,144_301,0,test
3706,144_300,0,validation
3707,144_300,0,validation
3708,144_300,0,validation
3709,144_300,0,validation
3710,144_300,0,validation
3711,144_300,0,validation
3712,144_300,0,validation
3713,144_300,0,validation
3714,144_300,0,validation
3715,144_300,0,validation
3716,144_300,0,validation
3717,144_300,0,validation
3718,144_300,0,validation
3719,144_300,0,validation
3720,144_300,0,validation
3721,144_300,0,validation
3722,144_300,0,validation
3723,144_300,0,validation
3724,144_300,0,validation
3725,144_300,0,validation
3726,144_300,0,validation
3727,144_300,0,validation
3728,144_300,0,validation
3729,144_300,0,validation
3730,144_300,0,validation
3731,144_300,0,validation
3732,144_300,0,validation
3733,144_300,0,validation
3734,144_300,0,validation
3735,144_300,0,validation
3736,144_300,0,validation
3737,144_300,0,validation
3738,144_300,0,validation
3739,144_300,0,validation
3740,144_300,0,validation
3741,144_300,0,validation
3742,144_300,0,validation
3743,144_300,0,validation
3744,144_300,0,validation
3745,144_300,0,validation
3746,144_300,0,validation
3747,144_300,0,validation
3748,144_300,0,validation
3749,144_300,0,validation
3750,144_300,0,validation
3751,144_300,0,validation
3752,144_300,0,validation
3753,144_300,0,validation
3754,144_300,0,validation
3755,144_300,0,validation
3756,144_300,0,validation
3757,144_300,0,validation
3758,144_300,0,validation
3759,144_300,0,validation
3760,144_300,0,validation
3761,144_300,0,validation
3762,144_300,0,validation
3763,144_300,0,validation
3764,144_300,0,validation
3765,144_300,0,validation
3766,144_300,0,validation
3767,144_300,0,validation
3768,144_300,0,validation
3769,144_300,0,validation
3770,144_300,0,validation
3771,144_300,0,validation
3772,144_300,0,validation
3773,144_300,0,validation
3774,144_300,0,validation
3775,144_300,0,validation
3776,144_300,0,validation
3777,144_300,0,validation
3778,144_300,0,validation
3779,144_300,0,validation
3780,144_300,0,validation
3781,144_300,0,validation
3782,144_300,0,validation
3783,144_300,0,validation
3784,144_300,0,validation
3785,144_300,0,validation
3786,144_300,0,validation
3787,144_300,0,validation
3788,144_300,0,validation
3789,144_300,0,validation
3790,144_300,0,validation
3791,144_300,0,validation
3792,144_300,0,validation
3793,144_300,0,validation
3794,144_300,0,validation
3795,144_300,0,validation
3796,144_300,0,validation
3797,144_300,0,validation
3798,144_300,0,validation
3799,144_300,0,validation
3800,144_300,0,validation
3801,144_300,0,validation
3802,144_300,0,validation
3803,144_300,0,validation
3804,144_300,0,validation
3805,144_300,0,validation
3806,144_300,0,validation
3807,144_300,0,validation
3808,144_300,0,validation
3809,144_300,0,validation
3810,144_300,0,validation
3811,144_300,0,validation
3812,144_300,0,validation
3813,144_300,0,validation
3814,144_300,0,validation
3815,144_300,0,validation
3816,144_300,0,validation
3817,144_300,0,validation
3818,144_300,0,validation
3819,144_300,0,validation
3820,144_300,0,validation
3821,144_300,0,validation
3822,144_300,0,validation
3823,144_300,0,validation
3824,144_300,0,validation
3825,144_300,0,validation
3826,144_300,0,validation
3827,144_300,0,validation
3828,144_300,0,validation
3829,144_300,0,validation
3830,144_300,0,validation
3831,144_300,0,validation
3832,144_300,0,validation
3833,144_300,0,validation
3834,144_300,0,validation
3835,144_300,0,validation
3836,144_300,0,validation
3837,144_300,0,validation
3838,144_300,0,validation
3839,144_300,0,validation
3840,144_300,0,validation
3841,144_300,0,validation
3842,144_300,0,validation
3843,144_300,0,validation
3844,144_300,0,validation
3845,144_300,0,validation
3846,144_300,0,validation
3847,144_300,0,validation
3848,144_300,0,validation
3849,144_300,0,validation
3850,144_300,0,validation
3851,144_300,0,validation
3852,144_300,0,validation
3853,144_300,0,validation
3854,144_300,0,validation
3855,144_300,0,validation
3856,144_300,0,validation
3857,144_300,0,validation
3858,144_300,0,validation
3859,144_300,0,validation
3860,144_300,0,validation
3861,144_300,0,validation
3862,144_300,0,validation
3863,144_300,0,validation
3864,144_300,0,validation
3865,144_300,0,validation
3866,144_300,0,validation
3867,144_300,0,validation
3868,144_300,0,validation
3869,144_300,0,validation
3870,144_300,0,validation
3871,144_300,0,validation
3872,144_300,0,validation
3873,144_300,0,validation
3874,144_300,0,validation
3875,144_300,0,validation
3876,144_300,0,validation
3877,144_300,0,validation
3878,144_300,0,validation
3879,144_300,0,validation
3880,144_300,0,validation
3881,144_300,0,validation
3882,144_300,0,validation
3883,144_300,0,validation
3884,144_300,0,validation
3885,144_300,0,validation
3886,144_300,0,validation
3887,144_300,0,validation
3888,144_300,0,validation
3889,144_300,0,validation
3890,144_300,0,validation
3891,144_300,0,validation
3892,144_300,0,validation
3893,144_300,0,validation
3894,144_300,0,validation
3895,144_300,0,validation
3896,144_300,0,validation
3897,144_300,0,validation
3898,144_300,0,validation
3899,144_300,0,validation
3900,144_300,0,validation
3901,144_300,0,validation
3902,144_300,0,validation
3903,144_300,0,validation
3904,144_300,0,validation
3905,144_300,0,validation
3906,144_300,0,validation
3907,144_300,0,validation
3908,144_300,0,validation
3909,144_300,0,validation
3910,144_300,0,validation
3911,144_300,0,validation
3912,144_300,0,validation
3913,144_300,0,validation
3914,144_300,0,validation
3915,144_300,0,validation
3916,144_300,0,validation
3917,144_300,0,validation
3918,144_300,0,validation
3919,144_300,0,validation
3920,144_300,0,validation
3921,144_300,0,validation
3922,144_300,0,validation
3923,144_300,0,validation
3924,144_300,0,validation
3925,144_300,0,validation
3926,144_300,0,validation
3927,144_300,0,validation
3928,144_300,0,validation
3929,144_300,0,validation
3930,144_300,0,validation
3931,144_300,0,validation
3932,144_300,0,validation
3933,144_300,0,validation
3934,144_300,0,validation
3935,144_300,0,validation
3936,144_300,0,validation
3937,144_300,0,validation
3938,144_300,0,validation
3939,144_300,0,validation
3940,144_300,0,validation
3941,144_300,0,validation
3942,144_300,0,validation
3943,144_300,0,validation
3944,144_300,0,validation
3945,144_300,0,validation
3946,144_300,0,validation
3947,144_300,0,validation
3948,144_300,0,validation
3949,144_300,0,validation
3950,144_300,0,validation
3951,144_300,0,validation
3952,144_300,0,validation
3953,144_300,0,validation
3954,144_300,0,validation
3955,144_300,0,validation
3956,144_300,0,validation
3957,144_300,0,validation
3958,144_300,0,validation
3959,144_300,0,validation
3960,144_300,0,validation
3961,144_300,0,validation
3962,144_300,0,validation
3963,144_300,0,validation
3964,144_300,0,validation
3965,144_300,0,validation
3966,144_300,0,validation
3967,144_300,0,validation
3968,144_300,0,validation
3969,144_300,0,validation
3970,144_300,0,validation
3971,144_300,0,validation
3972,144_300,0,validation
3973,144_300,0,validation
3974,144_300,0,validation
3975,144_300,0,validation
3976,144_300,0,validation
3977,144_300,0,validation
3978,144_300,0,validation
3979,144_300,0,validation
3980,144_300,0,validation
3981,144_300,0,validation
3982,144_300,0,validation
3983,144_300,0,validation
3984,144_300,0,validation
3985,144_300,0,validation
3986,144_300,0,validation
3987,144_300,0,validation
3988,144_300,0,validation
3989,144_300,0,validation
3990,144_300,0,validation
3991,144_300,0,validation
3992,144_300,0,validation
3993,144_300,0,validation
3994,144_300,0,validation
3995,144_300,0,validation
3996,144_300,0,validation
3997,144_300,0,validation
3998,144_300,0,validation
3999,144_300,0,validation
4000,144_300,0,validation
4001,144_300,0,validation
4002,144_300,0,validation
4003,144_300,0,validation
4004,144_300,0,validation
4005,144_300,0,validation
4006,144_300,0,validation
4007,144_300,0,validation
4008,144_300,0,validation
4009,144_300,0,validation
4010,144_300,0,validation
4011,144_300,0,validation
4012,144_300,0,validation
4013,144_300,0,validation
4014,144_300,0,validation
4015,144_300,0,validation
4016,144_300,0,validation
4017,144_300,0,validation
4018,144_300,0,validation
4019,144_300,0,validation
4020,144_300,0,validation
4021,144_300,0,validation
4022,144_300,0,validation
4023,144_300,0,validation
4024,144_300,0,validation
4025,144_300,0,validation
4026,144_300,0,validation
4027,144_300,0,validation
4028,144_300,0,validation
4029,144_300,0,validation
4030,144_300,0,validation
4031,144_300,0,validation
4032,144_300,0,validation
4033,144_300,0,validation
4034,144_300,0,validation
4035,144_300,0,validation
4036,144_300,0,validation
4037,144_300,0,validation
4038,144_300,0,validation
4039,144_300,0,validation
4040,144_300,0,validation
4041,144_300,0,validation
4042,144_300,0,validation
4043,144_300,0,validation
4044,144_300,0,validation
4045,144_300,0,validation
4046,144_300,0,validation
4047,144_300,0,validation
4048,144_300,0,validation
4049,144_300,0,validation
4050,144_300,0,validation
4051,144_300,0,validation
4052,144_300,0,validation
4053,144_300,0,validation
4054,144_300,0,validation
4055,144_300,0,validation
4056,144_300,0,validation
4057,144_300,0,validation
4058,144_300,0,validation
4059,144_300,0,validation
4060,144_300,0,validation
4061,144_300,0,validation
4062,144_300,0,validation
4063,144_300,0,validation
4064,144_300,0,validation
4065,144_300,0,validation
4066,144_300,0,validation
4067,144_300,0,validation
4068,144_300,0,validation
4069,144_300,0,validation
4070,144_300,0,validation
4071,144_300,0,validation
4072,144_300,0,validation
4073,144_300,0,validation
4074,144_300,0,validation
4075,144_300,0,validation
4076,144_300,0,validation
4077,144_300,0,validation
4078,144_300,0,validation
4079,144_300,0,validation
4080,144_300,0,validation
4081,144_300,0,validation
4082,144_300,0,validation
4083,144_300,0,validation
4084,144_300,0,validation
4085,144_300,0,validation
4086,144_300,0,validation
4087,144_300,0,validation
4088,144_300,0,validation
4089,144_300,0,validation
4090,144_300,0,validation
4091,144_300,0,validation
4092,144_300,0,validation
4093,144_300,0,validation
4094,144_300,0,validation
4095,144_300,0,validation
4096,144_300,0,validation
4097,144_300,0,validation
4098,144_300,0,validation
4099,144_300,0,validation
4100,144_300,0,validation
4101,144_300,0,validation
4102,144_300,0,validation
4103,144_300,0,validation
4104,144_300,0,validation
4105,144_300,0,validation
4106,144_300,0,validation
4107,144_300,0,validation
4108,144_300,0,validation
4109,144_300,0,validation
4110,144_300,0,validation
4111,144_300,0,validation
4112,144_300,0,validation
4113,144_300,0,validation
4114,144_300,0,validation
4115,144_300,0,validation
4116,144_300,0,validation
4117,144_300,0,validation
4118,144_300,0,validation
4119,144_300,0,validation
4120,144_300,0,validation
4121,144_300,0,validation
4122,144_300,0,validation
4123,144_300,0,validation
4124,144_300,0,validation
4125,144_300,0,validation
4126,144_300,0,validation
4127,144_300,0,validation
4128,144_300,0,validation
4129,144_300,0,validation
4130,144_300,0,validation
4131,144_300,0,validation
4132,144_300,0,validation
4133,144_300,0,validation
4134,144_300,0,validation
4135,144_300,0,validation
4136,144_300,0,validation
4137,144_300,0,validation
4138,144_300,0,validation
4139,144_300,0,validation
4140,144_300,0,validation
4141,144_300,0,validation
4142,144_300,0,validation
4143,144_300,0,validation
4144,144_300,0,validation
4145,144_300,0,validation
4146,144_300,0,validation
4147,144_300,0,validation
4148,144_300,0,validation
4149,144_300,0,validation
4150,144_300,0,validation
4151,144_300,0,validation
4152,144_300,0,validation
4153,144_300,0,validation
4154,144_300,0,validation
4155,144_300,0,validation
4156,144_300,0,validation
4157,144_300,0,validation
4158,144_300,0,validation
4159,144_300,0,validation
4160,144_300,0,validation
4161,144_300,0,validation
4162,144_300,0,validation
4163,144_300,0,validation
4164,144_300,0,validation
4165,144_300,0,validation
4166,144_300,0,validation
4167,144_300,0,validation
4168,144_300,0,validation
4169,144_300,0,validation
4170,144_300,0,validation
4171,144_300,0,validation
4172,144_300,0,validation
4173,144_300,0,validation
4174,144_300,0,validation
4175,144_300,0,validation
4176,144_300,0,validation
4177,144_300,0,validation
4178,144_300,0,validation
4179,144_300,0,validation
4180,144_300,0,validation
4181,144_300,0,validation
4182,144_300,0,validation
4183,144_300,0,validation
4184,144_300,0,validation
4185,144_300,0,validation
4186,144_300,0,validation
4187,144_300,0,validation
4188,144_300,0,validation
4189,144_300,0,validation
4190,144_300,0,validation
4191,144_300,0,validation
4192,144_300,0,validation
4193,144_300,0,validation
4194,144_300,0,validation
4195,144_300,0,validation
4196,144_300,0,validation
4197,144_300,0,validation
4198,144_300,0,validation
4199,144_300,0,validation
4200,144_300,0,validation
4201,144_300,0,validation
4202,144_300,0,validation
4203,144_300,0,validation
4204,144_300,0,validation
4205,144_300,0,validation
4206,144_300,0,validation
4207,144_300,0,validation
4208,144_300,0,validation
4209,144_300,0,validation
4210,144_300,0,validation
4211,144_300,0,validation
4212,144_300,0,validation
4213,144_300,0,validation
4214,144_300,0,validation
4215,144_300,0,validation
4216,144_300,0,validation
4217,144_300,0,validation
4218,144_300,0,validation
4219,144_300,0,validation
4220,144_300,0,validation
4221,144_300,0,validation
4222,144_300,0,validation
4223,144_300,0,validation
4224,144_300,0,validation
4225,144_300,0,validation
4226,144_300,0,validation
4227,144_300,0,validation
4228,144_300,0,validation
4229,144_300,0,validation
4230,143_305,0,train
4231,143_305,0,train
4232,142_305,0,train
4233,143_305,0,train
4234,143_305,0,train
4235,143_305,0,train
4236,143_305,0,train
4237,143_305,0,train
4238,143_305,0,train
4239,142_304,0,train
4240,142_304,0,train
4241,142_304,0,train
4242,142_304,0,train
4243,142_305,0,train
4244,142_305,0,train
4245,142_305,0,train
4246,142_305,0,train
4247,142_304,0,train
4248,142_304,0,train
4249,142_304,0,train
4250,142_304,0,train
4251,142_304,0,train
4252,142_304,0,train
4253,142_304,0,train
4254,142_304,0,train
4255,142_304,0,train
4256,142_304,0,train
4257,142_304,0,train
4258,142_304,0,train
4259,142_304,0,train
4260,142_304,0,train
4261,143_304,0,train
4262,143_304,0,train
4263,143_304,0,train
4264,143_304,0,train
4265,143_304,0,train
4266,143_304,0,train
4267,143_304,0,train
4268,143_304,0,train
4269,143_304,0,train
4270,143_304,0,train
4271,143_304,0,train
4272,143_304,0,train
4273,143_304,0,train
4274,143_304,0,train
4275,143_304,0,train
4276,143_304,0,train
4277,143_304,0,train
4278,143_304,0,train
4279,143_304,0,train
4280,143_304,0,train
4281,143_304,0,train
4282,143_304,0,train
4283,142_304,0,train
4284,143_304,0,train
4285,143_304,0,train
4286,143_304,0,train
4287,143_304,0,train
4288,143_304,0,train
4289,143_304,0,train
4290,143_304,0,train
4291,143_304,0,train
4292,143_304,0,train
4293,143_304,0,train
4294,143_304,0,train
4295,143_304,0,train
4296,143_304,0,train
4297,143_304,0,train
4298,143_304,0,train
4299,143_304,0,train
4300,143_304,0,train
4301,143_304,0,train
4302,143_304,0,train
4303,143_304,0,train
4304,143_304,0,train
4305,143_304,0,train
4306,143_304,0,train
4307,143_304,0,train
4308,143_304,0,train
4309,143_304,0,train
4310,143_304,0,train
4311,143_304,0,train
4312,143_304,0,train
4313,143_304,0,train
4314,143_304,0,train
4315,143_304,0,train
4316,143_304,0,train
4317,143_304,0,train
4318,143_304,0,train
4319,143_304,0,train
4320,143_304,0,train
4321,143_304,0,train
4322,143_304,0,train
4323,143_304,0,train
4324,143_304,0,train
4325,143_304,0,train
4326,143_304,0,train
4327,143_304,0,train
4328,143_304,0,train
4329,143_304,0,train
4330,143_304,0,train
4331,143_304,0,train
4332,143_304,0,train
4333,143_304,0,train
4334,143_304,0,train
4335,143_304,0,train
4336,143_304,0,train
4337,143_304,0,train
4338,143_304,0,train
4339,143_304,0,train
4340,143_304,0,train
4341,143_304,0,train
4342,143_304,0,train
4343,143_304,0,train
4344,143_304,0,train
4345,143_303,0,train
4346,143_303,0,train
4347,143_303,0,train
4348,143_304,0,train
4349,143_304,0,train
4350,143_304,0,train
4351,143_304,0,train
4352,143_304,0,train
4353,143_304,0,train
4354,142_303,1,train
4355,142_303,1,train
4356,142_303,1,train
4357,142_303,1,train
4358,142_303,1,train
4359,142_303,1,train
4360,142_303,1,train
4361,142_303,1,train
4362,142_303,1,train
4363,142_303,1,train
4364,142_303,0,train
4365,142_303,0,train
4366,142_303,0,train
4367,142_303,0,train
4368,142_303,0,train
4369,142_303,0,train
4370,142_303,0,train
4371,142_303,0,train
4372,142_303,0,train
4373,142_303,0,train
4374,142_303,0,train
4375,142_303,0,train
4376,142_303,0,train
4377,142_303,0,train
4378,142_303,0,train
4379,142_303,0,train
4380,142_303,0,train
4381,142_303,0,train
4382,142_303,0,train
4383,142_303,0,train
4384,142_303,0,train
4385,142_303,0,train
4386,142_303,0,train
4387,142_303,0,train
4388,142_303,0,train
4389,142_303,0,train
4390,142_303,0,train
4391,143_303,0,train
4392,143_303,0,train
4393,143_303,0,train
4394,142_303,0,train
4395,142_303,0,train
4396,142_303,0,train
4397,142_303,0,train
4398,142_303,0,train
4399,142_303,0,train
4400,142_303,0,train
4401,142_303,0,train
4402,142_303,0,train
4403,142_303,0,train
4404,142_303,0,train
4405,142_303,0,train
4406,142_303,0,train
4407,142_303,0,train
4408,142_303,0,train
4409,142_303,0,train
4410,142_303,0,train
4411,142_303,0,train
4412,142_303,0,train
4413,143_303,0,train
4414,143_303,0,train
4415,143_303,0,train
4416,143_303,0,train
4417,143_303,0,train
4418,143_303,0,train
4419,143_303,0,train
4420,143_303,0,train
4421,143_303,0,train
4422,143_303,0,train
4423,143_303,0,train
4424,143_302,0,train
4425,143_302,0,train
4426,143_302,0,train
4427,143_302,0,train
4428,143_302,0,train
4429,143_302,0,train
4430,143_302,0,train
4431,143_302,0,train
4432,143_302,0,train
4433,143_303,0,train
4434,143_303,0,train
4435,143_303,0,train
4436,143_303,0,train
4437,143_303,0,train
4438,143_303,0,train
4439,143_303,0,train
4440,143_303,0,train
4441,143_303,0,train
4442,143_303,0,train
4443,143_303,0,train
4444,143_303,0,train
4445,143_303,0,train
4446,143_303,0,train
4447,143_303,0,train
4448,143_303,0,train
4449,143_303,0,train
4450,143_303,0,train
4451,143_303,0,train
4452,143_303,0,train
4453,142_303,0,train
4454,142_303,0,train
4455,143_303,0,train
4456,143_303,0,train
4457,143_303,0,train
4458,143_303,0,train
4459,143_303,0,train
4460,143_303,0,train
4461,143_303,0,train
4462,143_303,0,train
4463,143_303,0,train
4464,143_303,0,train
4465,143_303,0,train
4466,143_303,0,train
4467,143_303,0,train
4468,143_303,0,train
4469,143_303,0,train
4470,143_303,0,train
4471,143_303,0,train
4472,143_303,0,train
4473,143_303,0,train
4474,143_303,0,train
4475,143_303,0,train
4476,143_303,0,train
4477,143_303,0,train
4478,143_303,0,train
4479,143_303,0,train
4480,143_302,0,train
4481,143_302,0,train
4482,143_302,0,train
4483,143_302,0,train
4484,143_302,0,train
4485,143_303,0,train
4486,143_303,0,train
4487,143_303,0,train
4488,143_303,0,train
4489,143_302,0,train
4490,143_302,0,train
4491,143_302,0,train
4492,143_302,0,train
4493,143_302,0,train
4494,143_302,0,train
4495,143_303,0,train
4496,143_303,0,train
4497,143_303,0,train
4498,143_303,0,train
4499,143_303,0,train
4500,143_303,0,train
4501,143_303,0,train
4502,143_303,0,train
4503,143_303,0,train
4504,143_303,0,train
4505,143_303,0,train
4506,143_303,0,train
4507,143_303,0,train
4508,143_303,0,train
4509,143_303,0,train
4510,143_303,0,train
4511,143_303,0,train
4512,143_303,0,train
4513,143_303,0,train
4514,143_303,0,train
4515,143_303,0,train
4516,143_303,0,train
4517,143_302,0,train
4518,143_302,0,train
4519,143_302,0,train
4520,143_302,0,train
4521,143_302,0,train
4522,143_302,0,train
4523,143_302,0,train
4524,143_302,0,train
4525,143_302,0,train
4526,143_302,0,train
4527,143_302,0,train
4528,143_302,0,train
4529,143_302,0,train
4530,143_302,0,train
4531,143_302,0,train
4532,143_303,0,train
4533,143_303,0,train
4534,143_303,0,train
4535,143_303,0,train
4536,143_303,0,train
4537,143_303,0,train
4538,143_303,0,train
4539,143_303,0,train
4540,143_303,0,train
4541,143_303,0,train
4542,143_303,0,train
4543,143_303,0,train
4544,143_303,0,train
4545,143_303,0,train
4546,143_303,0,train
4547,143_303,0,train
4548,143_303,0,train
4549,143_303,0,train
4550,143_303,0,train
4551,143_303,0,train
4552,143_303,0,train
4553,143_303,0,train
4554,143_303,0,train
4555,143_303,0,train
4556,143_303,0,train
4557,143_303,0,train
4558,143_303,0,train
4559,143_303,0,train
4560,143_303,0,train
4561,143_303,0,train
4562,143_303,0,train
4563,143_303,0,train
4564,143_303,0,train
4565,143_303,0,train
4566,143_303,0,train
4567,143_303,0,train
4568,143_303,0,train
4569,143_303,0,train
4570,143_303,0,train
4571,143_303,0,train
4572,143_303,0,train
4573,143_303,0,train
4574,143_303,0,train
4575,143_303,0,train
4576,143_303,0,train
4577,143_303,0,train
4578,143_303,0,train
4579,143_303,0,train
4580,143_303,0,train
4581,143_303,0,train
4582,143_303,0,train
4583,143_303,0,train
4584,143_303,0,train
4585,143_303,0,train
4586,143_303,0,train
4587,143_303,0,train
4588,143_303,0,train
4589,143_303,0,train
4590,143_303,0,train
4591,143_303,0,train
4592,143_303,0,train
4593,143_303,0,train
4594,143_303,0,train
4595,143_303,0,train
4596,143_303,0,train
4597,143_303,0,train
4598,143_303,0,train
4599,143_302,0,train
4600,143_302,0,train
4601,143_302,0,train
4602,143_302,0,train
4603,143_302,0,train
4604,143_302,0,train
4605,143_302,0,train
4606,143_302,0,train
4607,143_302,0,train
4608,143_302,0,train
4609,143_302,0,train
4610,143_302,0,train
4611,143_302,0,train
4612,143_302,0,train
4613,143_302,0,train
4614,143_302,0,train
4615,143_302,0,train
4616,143_302,0,train
4617,143_302,0,train
4618,143_302,0,train
4619,143_302,0,train
4620,143_302,0,train
4621,143_302,0,train
4622,143_302,0,train
4623,143_302,0,train
4624,143_302,0,train
4625,143_302,0,train
4626,143_302,0,train
4627,143_302,0,train
4628,143_302,0,train
4629,143_302,0,train
4630,143_302,0,train
4631,143_302,0,train
4632,143_302,0,train
4633,144_299,0,train
4634,144_300,0,validation
4635,144_300,0,validation
4636,144_300,0,validation
4637,144_300,0,validation
4638,144_299,0,train
4639,144_300,0,validation
4640,144_298,1,train
4641,144_298,1,train
4642,144_299,0,train
4643,143_300,0,train
4644,143_300,1,train
4645,143_300,1,train
4646,143_300,1,train
4647,143_300,1,train
4648,143_300,1,train
4649,143_300,1,train
4650,143_300,1,train
4651,143_300,1,train
4652,143_299,0,train
4653,143_300,1,train
4654,143_300,1,train
4655,143_300,1,train
4656,143_300,1,train
4657,143_300,1,train
4658,143_300,1,train
4659,143_300,1,train
4660,143_300,1,train
4661,143_300,1,train
4662,143_300,0,train
4663,143_300,0,train
4664,143_300,0,train
4665,143_300,0,train
4666,143_300,0,train
4667,143_300,0,train
4668,143_300,0,train
4669,143_300,0,train
4670,143_300,0,train
4671,143_300,0,train
4672,143_300,0,train
4673,142_301,0,train
4674,142_303,0,train
4675,142_302,0,validation
4676,142_302,0,validation
4677,143_299,0,train
4678,143_300,0,train
4679,143_300,0,train
4680,143_300,0,train
4681,143_300,0,train
4682,143_300,0,train
4683,143_300,0,train
4684,143_300,0,train
4685,143_300,0,train
4686,143_300,0,train
4687,143_300,0,train
4688,143_300,0,train
4689,143_300,0,train
4690,143_300,0,train
4691,143_300,0,train
4692,143_300,0,train
4693,143_300,0,train
4694,143_300,0,train
4695,143_300,0,train
4696,143_300,0,train
4697,143_300,0,train
4698,143_300,0,train
4699,143_300,0,train
4700,143_300,0,train
4701,143_300,0,train
4702,143_300,0,train
4703,143_300,0,train
4704,143_300,0,train
4705,143_300,0,train
4706,143_300,0,train
4707,143_300,0,train
4708,143_300,0,train
4709,143_300,0,train
4710,143_300,0,train
4711,143_300,0,train
4712,143_300,0,train
4713,143_300,0,train
4714,143_300,0,train
4715,143_300,0,train
4716,143_300,0,train
4717,143_300,0,train
4718,143_300,0,train
4719,143_300,0,train
4720,143_300,0,train
4721,143_300,0,train
4722,143_300,0,train
4723,143_300,0,train
4724,143_300,0,train
4725,143_300,0,train
4726,143_300,0,train
4727,143_300,0,train
4728,143_300,0,train
4729,143_300,0,train
4730,143_300,0,train
4731,143_300,0,train
4732,143_300,0,train
4733,143_300,0,train
4734,143_300,0,train
4735,143_300,0,train
4736,143_300,0,train
4737,143_300,0,train
4738,143_300,0,train
4739,143_300,0,train
4740,143_300,0,train
4741,143_300,0,train
4742,143_300,0,train
4743,143_300,0,train
4744,143_300,0,train
4745,143_300,0,train
4746,143_300,0,train
4747,143_300,0,train
4748,143_300,0,train
4749,143_300,0,train
4750,143_300,0,train
4751,144_300,0,validation
4752,144_300,0,validation
4753,144_300,0,validation
4754,144_300,0,validation
4755,144_300,0,validation
4756,144_300,0,validation
4757,144_300,0,validation
4758,143_300,0,train
4759,143_300,0,train
4760,144_300,0,validation
4761,144_300,0,validation
4762,144_300,0,validation
4763,144_300,0,validation
4764,144_300,0,validation
4765,144_300,0,validation
4766,144_300,0,validation
4767,144_300,0,validation
4768,144_300,0,validation
4769,144_300,0,validation
4770,144_300,0,validation
4771,144_300,0,validation
4772,144_300,0,validation
4773,144_300,0,validation
4774,144_300,0,validation
4775,144_300,0,validation
4776,144_300,0,validation
4777,144_300,0,validation
4778,144_300,0,validation
4779,144_300,0,validation
4780,144_300,0,validation
4781,144_300,0,validation
4782,144_300,0,validation
4783,144_300,0,validation
4784,144_300,0,validation
4785,144_300,0,validation
4786,144_300,0,validation
4787,144_300,0,validation
4788,144_300,0,validation
4789,144_300,0,validation
4790,144_300,0,validation
4791,144_300,0,validation
4792,144_300,0,validation
4793,144_300,0,validation
4794,144_300,0,validation
4795,144_300,0,validation
4796,144_300,0,validation
4797,144_300,0,validation
4798,144_300,0,validation
4799,144_300,0,validation
4800,144_300,0,validation
4801,144_300,0,validation
4802,144_300,0,validation
4803,144_300,0,validation
4804,144_300,0,validation
4805,144_300,0,validation
4806,144_300,0,validation
4807,144_300,0,validation
4808,144_300,0,validation
4809,144_300,0,validation
4810,144_300,0,validation
4811,144_300,0,validation
4812,144_300,0,validation
4813,144_300,0,validation
4814,144_300,0,validation
4815,144_300,0,validation
4816,144_300,0,validation
4817,144_300,0,validation
4818,144_301,0,test
4819,144_301,0,test
4820,144_301,0,test
4821,144_301,0,test
4822,144_301,0,test
4823,144_301,0,test
4824,144_301,0,test
4825,144_301,0,test
4826,144_301,0,test
4827,144_301,0,test
4828,144_301,0,test
4829,144_301,0,test
4830,144_301,0,test
4831,144_301,0,test
4832,144_301,0,test
4833,144_301,0,test
4834,144_301,0,test
4835,144_301,0,test
4836,144_301,0,test
4837,144_301,0,test
4838,144_301,0,test
4839,144_301,0,test
4840,144_301,0,test
4841,144_301,0,test
4842,144_301,0,test
4843,144_301,0,test
4844,144_301,0,test
4845,144_301,0,test
4846,144_301,0,test
4847,144_301,0,test
4848,144_301,0,test
4849,144_301,0,test
4850,144_301,0,test
4851,144_301,0,test
4852,144_301,0,test
4853,144_301,0,test
4854,144_301,0,test
4855,144_301,0,test
4856,144_301,0,test
4857,144_301,0,test
4858,144_301,0,test
4859,144_301,0,test
4860,144_301,0,test
4861,144_301,0,test
4862,144_301,0,test
4863,144_301,0,test
4864,144_301,0,test
4865,144_301,0,test
4866,144_301,0,test
4867,144_301,0,test
4868,144_301,0,test
4869,144_301,0,test
4870,144_301,0,test
4871,144_301,0,test
4872,144_301,0,test
4873,144_301,0,test
4874,144_301,0,test
4875,144_301,0,test
4876,144_301,0,test
4877,144_301,0,test
4878,144_301,0,test
4879,144_301,0,test
4880,144_301,0,test
4881,144_301,0,test
4882,144_301,0,test
4883,144_301,0,test
4884,144_301,0,test
4885,144_301,0,test
4886,144_301,0,test
4887,144_301,0,test
4888,144_301,0,test
4889,144_301,0,test
4890,144_301,0,test
4891,144_301,0,test
4892,144_301,0,test
4893,144_301,0,test
4894,144_301,0,test
4895,144_301,0,test
4896,144_301,0,test
4897,144_301,0,test
4898,144_300,0,validation
4899,144_300,0,validation
4900,144_300,0,validation
4901,143_301,0,train
4902,143_301,0,train
4903,144_301,0,test
4904,144_301,0,test
4905,144_300,0,validation
4906,144_300,0,validation
4907,144_301,0,test
4908,144_301,0,test
4909,144_301,0,test
4910,144_300,0,validation
4911,144_300,0,validation
4912,144_300,0,validation
4913,144_300,0,validation
4914,144_300,0,validation
4915,143_301,0,train
4916,143_301,0,train
4917,143_300,0,train
4918,143_300,0,train
4919,143_300,0,train
4920,143_300,0,train
4921,143_300,0,train
4922,143_300,0,train
4923,143_300,0,train
4924,143_300,0,train
4925,143_300,0,train
4926,143_300,0,train
4927,143_300,0,train
4928,143_300,0,train
4929,143_300,0,train
4930,143_300,0,train
4931,143_300,0,train
4932,143_300,0,train
4933,143_300,0,train
4934,143_300,0,train
4935,143_300,0,train
4936,143_300,0,train
4937,143_300,0,train
4938,143_300,0,train
4939,143_300,0,train
4940,143_300,0,train
4941,143_300,0,train
4942,143_300,0,train
4943,143_300,0,train
4944,143_300,0,train
4945,143_300,0,train
4946,143_300,0,train
4947,143_300,0,train
4948,143_300,0,train
4949,143_300,0,train
4950,143_300,0,train
4951,143_300,0,train
4952,143_300,0,train
4953,143_300,0,train
4954,143_300,0,train
4955,143_300,0,train
4956,143_300,0,train
4957,143_300,0,train
4958,143_300,0,train
4959,143_300,0,train
4960,143_300,0,train
4961,143_300,0,train
4962,143_300,0,train
4963,143_300,0,train
4964,143_300,0,train
4965,143_300,0,train
4966,143_300,0,train
4967,143_300,0,train
4968,143_300,0,train
4969,144_301,0,test
4970,144_301,0,test
4971,144_301,0,test
4972,144_301,0,test
4973,144_301,0,test
4974,144_301,0,test
4975,144_301,0,test
4976,144_301,0,test
4977,144_301,0,test
4978,144_301,0,test
4979,144_301,0,test
4980,144_301,0,test
4981,144_301,0,test
4982,144_301,0,test
4983,144_301,0,test
4984,144_301,0,test
4985,144_301,0,test
4986,144_301,0,test
4987,144_301,0,test
4988,144_301,0,test
4989,144_301,0,test
4990,144_301,0,test
4991,144_301,0,test
4992,144_301,0,test
4993,144_301,0,test
4994,144_301,0,test
4995,144_301,0,test
4996,144_301,0,test
4997,144_301,0,test
4998,144_301,0,test
4999,144_301,0,test
5000,144_301,0,test
5001,144_301,0,test
5002,144_301,0,test
5003,144_301,0,test
5004,144_301,0,test
5005,144_301,0,test
5006,144_301,0,test
5007,144_301,0,test
5008,144_301,0,test
5009,144_301,0,test
5010,144_301,0,test
5011,144_301,0,test
5012,143_301,0,train
5013,143_301,0,train
5014,143_301,0,train
5015,143_301,0,train
5016,143_301,0,train
5017,143_301,0,train
5018,143_301,0,train
5019,143_301,0,train
5020,143_301,0,train
5021,143_301,0,train
5022,143_301,0,train
5023,143_301,0,train
5024,143_301,0,train
5025,143_302,0,train
5026,143_302,0,train
5027,143_302,0,train
5028,143_302,0,train
5029,143_302,0,train
5030,143_302,0,train
5031,143_302,0,train
5032,143_302,0,train
5033,143_302,0,train
5034,143_302,0,train
5035,143_302,0,train
5036,143_302,0,train
5037,143_302,0,train
5038,143_302,0,train
5039,143_302,0,train
5040,143_302,0,train
5041,143_302,0,train
5042,143_302,0,train
5043,143_302,0,train
5044,143_302,0,train
5045,143_302,0,train
5046,143_302,0,train
5047,143_302,0,train
5048,143_302,0,train
5049,143_302,0,train
5050,143_302,0,train
5051,143_302,0,train
5052,143_302,0,train
5053,143_302,0,train
5054,143_302,0,train
5055,143_302,0,train
5056,143_302,0,train
5057,143_302,0,train
5058,143_302,0,train
5059,143_302,0,train
5060,143_302,0,train
5061,143_302,0,train
5062,143_302,0,train
5063,143_302,0,train
5064,143_302,0,train
5065,143_302,0,train
5066,143_302,0,train
5067,143_302,0,train
5068,143_302,0,train
5069,143_302,0,train
5070,143_302,0,train
5071,143_302,0,train
5072,143_302,0,train
5073,143_302,0,train
5074,143_302,0,train
5075,143_302,0,train
5076,143_302,0,train
5077,143_302,0,train
5078,143_302,0,train
5079,143_302,0,train
5080,143_302,0,train
5081,143_302,0,train
5082,143_302,0,train
5083,143_302,0,train
5084,143_302,0,train
5085,143_302,0,train
5086,143_302,0,train
5087,143_302,0,train
5088,143_302,0,train
5089,143_302,0,train
5090,143_302,0,train
5091,143_302,0,train
5092,143_302,0,train
5093,143_302,0,train
5094,143_302,0,train
5095,143_302,0,train
5096,143_302,0,train
5097,143_302,0,train
5098,143_302,0,train
5099,143_302,0,train
5100,143_302,0,train
5101,143_302,0,train
5102,143_302,0,train
5103,143_302,0,train
5104,143_302,0,train
5105,143_302,0,train
5106,143_302,0,train
5107,143_302,0,train
5108,143_302,0,train
5109,143_302,0,train
5110,143_302,0,train
5111,143_302,0,train
5112,143_302,0,train
5113,143_302,0,train
5114,143_302,0,train
5115,143_302,0,train
5116,143_302,0,train
5117,143_302,0,train
5118,143_302,0,train
5119,143_302,0,train
5120,143_302,0,train
5121,143_302,0,train
5122,143_302,0,train
5123,143_302,0,train
5124,143_302,0,train
5125,143_302,0,train
5126,143_302,0,train
5127,143_302,0,train
5128,143_302,0,train
5129,143_302,0,train
5130,143_302,0,train
5131,143_302,0,train
5132,143_302,0,train
5133,143_302,0,train
5134,143_302,0,train
5135,143_302,0,train
5136,143_302,0,train
5137,143_302,0,train
5138,143_302,0,train
5139,143_302,0,train
5140,143_302,0,train
5141,143_302,0,train
5142,143_302,0,train
5143,143_302,0,train
5144,143_302,0,train
5145,143_302,0,train
5146,143_302,0,train
5147,143_302,0,train
5148,143_302,0,train
5149,143_302,0,train
5150,143_302,0,train
5151,143_302,0,train
5152,143_302,0,train
5153,143_302,0,train
5154,143_302,0,train
5155,143_302,0,train
5156,143_302,0,train
5157,143_302,0,train
5158,143_302,0,train
5159,143_302,0,train
5160,143_302,0,train
5161,143_302,0,train
5162,143_302,0,train
5163,143_302,0,train
5164,143_302,0,train
5165,143_302,0,train
5166,143_302,0,train
5167,143_302,0,train
5168,143_302,0,train
5169,143_302,0,train
5170,143_302,0,train
5171,143_302,0,train
5172,143_302,0,train
5173,143_302,0,train
5174,143_302,0,train
5175,143_302,0,train
5176,143_302,0,train
5177,143_302,0,train
5178,143_302,0,train
5179,143_302,0,train
5180,143_302,0,train
5181,143_302,0,train
5182,143_302,0,train
5183,143_302,0,train
5184,143_302,0,train
5185,143_302,0,train
5186,143_302,0,train
5187,143_302,0,train
5188,143_302,0,train
5189,143_302,0,train
5190,143_302,0,train
5191,143_302,0,train
5192,143_302,0,train
5193,143_302,0,train
5194,143_302,0,train
5195,143_302,0,train
5196,143_302,0,train
5197,143_302,0,train
5198,143_302,0,train
5199,143_302,0,train
5200,143_302,0,train
5201,143_302,0,train
5202,143_302,0,train
5203,143_302,0,train
5204,143_302,0,train
5205,143_302,0,train
5206,143_302,0,train
5207,143_302,0,train
5208,143_302,0,train
5209,143_302,0,train
5210,143_302,0,train
5211,143_302,0,train
5212,143_302,0,train
5213,143_302,0,train
5214,143_302,0,train
5215,143_302,0,train
5216,143_302,0,train
5217,143_302,0,train
5218,143_302,0,train
5219,143_302,0,train
5220,143_302,0,train
5221,143_302,0,train
5222,143_302,0,train
5223,143_302,0,train
5224,143_302,0,train
5225,143_302,0,train
5226,142_303,1,train
5227,142_303,1,train
5228,142_303,1,train
5229,142_303,1,train
5230,142_303,1,train
5231,142_303,1,train
5232,142_303,1,train
5233,142_303,1,train
5234,142_303,1,train
5235,142_303,1,train
5236,142_303,1,train
5237,142_303,1,train
5238,142_303,1,train
5239,142_303,1,train
5240,142_303,1,train
5241,142_303,1,train
5242,142_303,1,train
5243,142_303,1,train
5244,142_303,1,train
5245,142_303,1,train
5246,142_303,1,train
5247,142_303,1,train
5248,142_303,1,train
5249,142_303,1,train
5250,142_303,1,train
5251,142_303,1,train
5252,142_303,1,train
5253,142_303,1,train
5254,142_303,1,train
5255,142_303,1,train
5256,142_303,1,train
5257,142_303,1,train
5258,142_303,1,train
5259,142_303,1,train
5260,142_303,1,train
5261,142_303,1,train
5262,142_303,1,train
5263,142_303,1,train
5264,142_303,1,train
5265,142_303,1,train
5266,142_303,1,train
5267,142_303,1,train
5268,142_303,1,train
5269,142_303,1,train
5270,142_303,1,train
5271,142_303,1,train
5272,142_303,1,train
5273,142_303,1,train
5274,142_303,1,train
5275,142_303,1,train
5276,142_303,1,train
5277,142_303,1,train
5278,142_303,1,train
5279,142_303,1,train
5280,142_303,1,train
5281,142_303,1,train
5282,142_303,1,train
5283,142_303,1,train
5284,142_303,1,train
5285,142_303,1,train
5286,142_303,1,train
5287,142_303,1,train
5288,142_303,1,train
5289,142_303,1,train
5290,143_303,0,train
5291,143_303,0,train
5292,143_303,0,train
5293,143_303,0,train
5294,143_303,0,train
5295,143_303,0,train
5296,143_303,0,train
5297,143_303,0,train
5298,142_303,0,train
5299,142_303,0,train
5300,142_303,0,train
5301,142_303,0,train
5302,142_303,0,train
5303,142_303,0,train
5304,142_303,0,train
5305,142_303,1,train
5306,142_303,1,train
5307,142_303,1,train
5308,142_303,0,train
5309,142_303,0,train
5310,142_303,0,train
5311,142_303,1,train
5312,142_303,1,train
5313,142_303,1,train
5314,142_303,1,train
5315,142_303,1,train
5316,142_303,1,train
5317,142_303,1,train
5318,142_303,1,train
5319,142_303,1,train
5320,142_303,1,train
5321,142_303,1,train
5322,142_303,1,train
5323,142_303,1,train
5324,142_303,1,train
5325,143_303,0,train
5326,143_303,0,train
5327,143_303,0,train
5328,143_303,0,train
5329,143_303,0,train
5330,143_303,0,train
5331,143_303,0,train
5332,143_303,0,train
5333,143_303,0,train
5334,143_303,0,train
5335,143_303,0,train
5336,143_303,0,train
5337,143_303,0,train
5338,143_303,0,train
5339,143_303,0,train
5340,143_303,0,train
5341,143_303,0,train
5342,143_303,0,train
5343,143_303,0,train
5344,143_303,0,train
5345,143_303,0,train
5346,143_303,0,train
5347,143_303,0,train
5348,143_303,0,train
5349,143_303,0,train
5350,143_303,0,train
5351,143_303,0,train
5352,143_303,0,train
5353,143_303,0,train
5354,143_303,0,train
5355,143_303,0,train
5356,143_303,0,train
5357,143_303,0,train
5358,143_303,0,train
5359,143_303,0,train
5360,143_303,0,train
5361,143_303,0,train
5362,143_303,0,train
5363,143_303,0,train
5364,143_303,0,train
5365,143_303,0,train
5366,143_303,0,train
5367,143_303,0,train
5368,143_303,0,train
5369,143_303,0,train
5370,143_303,0,train
5371,143_303,0,train
5372,143_303,0,train
5373,143_303,0,train
5374,143_303,0,train
5375,143_303,0,train
5376,143_303,0,train
5377,143_303,0,train
5378,143_303,0,train
5379,143_303,0,train
5380,143_303,0,train
5381,143_303,0,train
5382,143_303,0,train
5383,143_303,0,train
5384,143_303,0,train
5385,143_303,0,train
5386,143_303,0,train
5387,143_303,0,train
5388,143_303,0,train
5389,143_303,0,train
5390,143_303,0,train
5391,143_303,0,train
5392,143_303,0,train
5393,143_303,0,train
5394,143_303,0,train
5395,143_303,0,train
5396,143_303,0,train
5397,143_303,0,train
5398,143_303,0,train
5399,143_303,0,train
5400,143_303,0,train
5401,143_303,0,train
5402,143_303,0,train
5403,143_303,0,train
5404,143_303,0,train
5405,143_303,0,train
5406,143_303,0,train
5407,143_303,0,train
5408,143_303,0,train
5409,143_303,0,train
5410,143_303,0,train
5411,143_303,0,train
5412,143_303,0,train
5413,143_303,0,train
5414,143_303,0,train
5415,143_303,0,train
5416,143_303,0,train
5417,143_303,0,train
5418,143_303,0,train
5419,143_303,0,train
5420,143_303,0,train
5421,143_303,0,train
5422,143_303,0,train
5423,143_303,0,train
5424,143_303,0,train
5425,143_303,0,train
5426,143_303,0,train
5427,143_303,0,train
5428,143_303,0,train
5429,143_303,0,train
5430,143_303,0,train
5431,143_303,0,train
5432,143_303,0,train
5433,143_303,0,train
5434,143_303,0,train
5435,143_304,0,train
5436,143_304,0,train
5437,143_304,0,train
5438,143_304,0,train
5439,143_303,0,train
5440,143_303,0,train
5441,143_303,0,train
5442,143_303,0,train
5443,143_303,0,train
5444,143_303,0,train
5445,143_303,0,train
5446,143_304,0,train
5447,143_304,0,train
5448,143_304,0,train
5449,143_303,0,train
5450,143_303,0,train
5451,143_303,0,train
5452,143_303,0,train
5453,143_303,0,train
5454,143_303,0,train
5455,143_303,0,train
5456,143_303,0,train
5457,143_303,0,train
5458,143_303,0,train
5459,143_303,0,train
5460,143_303,0,train
5461,143_303,0,train
5462,143_303,0,train
5463,143_303,0,train
5464,143_303,0,train
5465,143_303,0,train
5466,143_303,0,train
5467,143_303,0,train
5468,143_303,0,train
5469,143_303,0,train
5470,143_303,0,train
5471,143_303,0,train
5472,143_303,0,train
5473,143_303,0,train
5474,143_303,0,train
5475,143_303,0,train
5476,143_303,0,train
5477,143_303,0,train
5478,143_303,0,train
5479,143_303,0,train
5480,143_303,0,train
5481,143_303,0,train
5482,143_303,0,train
5483,143_303,0,train
5484,143_303,0,train
5485,143_303,0,train
5486,143_303,0,train
5487,143_303,0,train
5488,143_303,0,train
5489,143_303,0,train
5490,143_303,0,train
5491,143_303,0,train
5492,143_303,0,train
5493,143_303,0,train
5494,143_303,0,train
5495,143_303,0,train
5496,143_303,0,train
5497,143_303,0,train
5498,143_303,0,train
5499,143_303,0,train
5500,143_303,0,train
5501,143_303,0,train
5502,143_303,0,train
5503,143_303,0,train
5504,143_303,0,train
5505,143_303,0,train
5506,143_303,0,train
5507,143_303,0,train
5508,143_303,0,train
5509,143_303,0,train
5510,143_303,0,train
5511,143_303,0,train
5512,143_303,0,train
5513,143_303,0,train
5514,143_303,0,train
5515,143_303,0,train
5516,143_303,0,train
5517,143_303,0,train
5518,143_303,0,train
5519,143_303,0,train
5520,143_303,0,train
5521,143_303,0,train
5522,143_303,0,train
5523,143_303,0,train
5524,143_303,0,train
5525,143_303,0,train
5526,143_303,0,train
5527,143_303,0,train
5528,143_303,0,train
5529,143_303,0,train
5530,143_303,0,train
5531,143_303,0,train
5532,143_303,0,train
5533,143_303,0,train
5534,143_303,0,train
5535,143_303,0,train
5536,143_303,0,train
5537,143_303,0,train
5538,143_303,0,train
5539,143_305,0,train
5540,142_303,1,train
5541,142_303,1,train
5542,142_303,1,train
5543,142_303,0,train
5544,143_303,0,train
5545,143_302,0,train
5546,143_302,0,train
5547,143_302,0,train
5548,143_302,0,train
5549,143_302,0,train
5550,144_301,0,test
5551,144_301,0,test
5552,144_301,0,test
5553,143_300,0,train
5554,144_300,0,validation
5555,143_299,0,train
5556,144_299,0,train
5557,144_299,0,train
5558,145_299,0,test
5559,145_299,1,test
5560,146_303,0,train
5561,146_303,0,train
5562,146_303,0,train
5563,146_303,0,train
5564,146_303,0,train
5565,146_303,0,train
5566,146_303,0,train
5567,146_303,0,train
5568,146_303,0,train
5569,146_303,0,train
5570,146_303,0,train
5571,146_303,0,train
5572,146_303,0,train
5573,146_303,0,train
5574,146_303,0,train
5575,146_303,0,train
5576,146_303,0,train
5577,146_303,0,train
5578,146_303,0,train
5579,146_303,0,train
5580,146_303,0,train
5581,145_303,0,test
5582,145_303,0,test
5583,145_303,0,test
5584,145_303,0,test
5585,145_303,0,test
5586,145_303,0,test
5587,145_303,0,test
5588,145_303,0,test
5589,145_303,0,test
5590,145_303,0,test
5591,145_303,0,test
5592,145_303,0,test
5593,145_303,0,test
5594,145_303,0,test
5595,145_303,0,test
5596,145_303,0,test
5597,145_302,0,train
5598,145_302,0,train
5599,146_302,0,validation
5600,146_302,0,validation
5601,146_302,0,validation
5602,146_302,0,validation
5603,146_302,0,validation
5604,146_302,0,validation
5605,146_302,0,validation
5606,146_302,0,validation
5607,146_302,0,validation
5608,146_302,0,validation
5609,146_302,0,validation
5610,146_302,0,validation
5611,146_302,0,validation
5612,145_302,0,train
5613,145_302,0,train
5614,145_302,0,train
5615,145_302,0,train
5616,145_302,0,train
5617,145_302,0,train
5618,145_302,0,train
5619,145_302,0,train
5620,145_302,0,train
5621,145_302,0,train
5622,145_302,0,train
5623,145_302,0,train
5624,145_302,0,train
5625,145_302,0,train
5626,145_302,0,train
5627,145_302,0,train
5628,145_302,0,train
5629,145_302,0,train
5630,145_302,0,train
5631,145_302,0,train
5632,145_302,0,train
5633,145_302,0,train
5634,145_302,0,train
5635,145_302,0,train
5636,145_302,0,train
5637,145_302,0,train
5638,145_302,0,train
5639,145_302,0,train
5640,145_302,0,train
5641,145_302,0,train
5642,145_302,0,train
5643,145_302,0,train
5644,145_302,0,train
5645,145_302,0,train
5646,145_302,0,train
5647,145_302,0,train
5648,145_302,0,train
5649,145_302,0,train
5650,145_302,0,train
5651,145_302,0,train
5652,145_302,0,train
5653,145_302,0,train
5654,145_302,0,train
5655,145_302,0,train
5656,145_302,0,train
5657,145_302,0,train
5658,145_302,0,train
5659,145_302,0,train
5660,145_302,0,train
5661,145_302,0,train
5662,145_302,0,train
5663,145_302,0,train
5664,145_302,0,train
5665,145_302,0,train
5666,145_302,0,train
5667,145_302,0,train
5668,145_302,0,train
5669,145_302,0,train
5670,145_302,0,train
5671,145_302,0,train
5672,145_302,0,train
5673,145_302,0,train
5674,145_302,0,train
5675,145_302,0,train
5676,145_302,0,train
5677,145_302,0,train
5678,145_302,0,train
5679,145_302,0,train
5680,145_302,0,train
5681,145_302,0,train
5682,145_302,0,train
5683,145_302,0,train
5684,145_302,0,train
5685,145_302,0,train
5686,145_302,0,train
5687,145_302,0,train
5688,145_302,0,train
5689,145_302,0,train
5690,145_302,0,train
5691,145_302,0,train
5692,145_302,0,train
5693,145_302,0,train
5694,145_302,0,train
5695,145_302,0,train
5696,145_302,0,train
5697,145_302,0,train
5698,145_302,0,train
5699,145_302,0,train
5700,145_302,0,train
5701,145_302,0,train
5702,145_302,0,train
5703,145_302,0,train
5704,145_302,0,train
5705,146_302,0,validation
5706,146_302,0,validation
5707,146_302,0,validation
5708,146_302,0,validation
5709,145_302,0,train
5710,145_301,1,train
5711,145_301,1,train
5712,145_301,1,train
5713,145_301,1,train
5714,145_301,1,train
5715,145_301,1,train
5716,145_301,1,train
5717,145_301,1,train
5718,145_301,1,train
5719,145_301,1,train
5720,145_301,1,train
5721,145_301,1,train
5722,145_301,1,train
5723,145_301,1,train
5724,145_301,1,train
5725,145_301,1,train
5726,146_301,0,validation
5727,146_301,0,validation
5728,146_301,0,validation
5729,145_300,0,train
5730,145_300,0,train
5731,146_300,0,train
5732,146_300,0,train
5733,146_300,0,train
5734,146_300,0,train
5735,146_300,0,train
5736,146_300,0,train
5737,146_300,0,train
5738,146_300,0,train
5739,146_300,0,train
5740,146_300,0,train
5741,146_300,0,train
5742,146_300,0,train
5743,146_300,0,train
5744,146_300,0,train
5745,146_300,0,train
5746,146_300,0,train
5747,146_300,0,train
5748,146_300,0,train
5749,146_300,0,train
5750,146_300,0,train
5751,146_298,0,train
5752,146_298,0,train
5753,146_298,0,train
5754,146_298,0,train
5755,146_298,0,train
5756,146_298,0,train
5757,146_298,0,train
5758,146_298,0,train
5759,146_298,0,train
5760,146_298,0,train
5761,146_298,0,train
5762,146_298,0,train
5763,146_298,0,train
5764,146_298,0,train
5765,146_298,0,train
5766,146_298,0,train
5767,146_298,0,train
5768,146_298,0,train
5769,146_298,0,train
5770,146_298,0,train
5771,146_298,0,train
5772,146_298,0,train
5773,146_298,0,train
5774,146_298,0,train
5775,146_298,0,train
5776,146_298,0,train
5777,146_298,0,train
5778,146_298,0,train
5779,146_298,0,train
5780,146_298,0,train
5781,146_298,0,train
5782,146_298,0,train
5783,146_298,0,train
5784,146_298,0,train
5785,146_298,0,train
5786,146_298,0,train
5787,146_298,0,train
5788,146_298,0,train
5789,146_298,0,train
5790,146_298,0,train
5791,146_298,0,train
5792,146_298,0,train
5793,146_298,0,train
5794,146_298,0,train
5795,146_298,0,train
5796,146_298,0,train
5797,146_298,0,train
5798,146_298,0,train
5799,146_298,0,train
5800,146_298,0,train
5801,146_298,0,train
5802,146_298,0,train
5803,146_298,0,train
5804,146_298,0,train
5805,146_298,0,train
5806,146_298,0,train
5807,146_298,0,train
5808,146_298,0,train
5809,146_298,0,train
5810,146_298,0,train
5811,146_298,0,train
5812,146_298,0,train
5813,146_298,0,train
5814,146_298,0,train
5815,146_298,0,train
5816,146_298,0,train
5817,146_299,0,train
5818,146_299,0,train
5819,146_299,0,train
5820,146_298,0,train
5821,146_299,0,train
5822,146_299,0,train
5823,146_299,0,train
5824,146_299,0,train
5825,146_298,0,train
5826,146_298,0,train
5827,146_298,0,train
5828,146_298,0,train
5829,146_299,0,train
5830,146_299,0,train
5831,146_299,0,train
5832,146_299,0,train
5833,146_299,0,train
5834,146_299,0,train
5835,146_299,0,train
5836,146_299,0,train
5837,146_299,0,train
5838,146_299,0,train
5839,146_299,0,train
5840,146_299,0,train
5841,146_299,0,train
5842,146_299,0,train
5843,146_299,0,train
5844,146_299,0,train
5845,146_299,0,train
5846,146_299,0,train
5847,146_299,0,train
5848,146_299,0,train
5849,146_299,0,train
5850,146_299,0,train
5851,146_299,0,train
5852,146_299,0,train
5853,146_299,0,train
5854,146_299,0,train
5855,146_299,0,train
5856,146_299,0,train
5857,146_299,0,train
5858,146_299,0,train
5859,146_299,1,train
5860,146_299,1,train
5861,146_299,1,train
5862,146_299,1,train
5863,145_299,1,test
5864,145_299,1,test
5865,145_299,1,test
5866,145_299,1,test
5867,146_299,1,train
5868,146_299,1,train
5869,145_299,1,test
5870,145_299,1,test
5871,145_299,1,test
5872,145_299,1,test
5873,145_299,1,test
5874,145_299,1,test
5875,145_299,1,test
5876,145_299,1,test
5877,145_299,1,test
5878,145_299,1,test
5879,145_299,1,test
5880,145_299,1,test
5881,145_299,1,test
5882,145_299,1,test
5883,145_299,1,test
5884,145_299,1,test
5885,146_299,1,train
5886,146_299,1,train
5887,146_299,1,train
5888,146_299,1,train
5889,146_299,1,train
5890,146_299,1,train
5891,146_299,1,train
5892,145_299,1,test
5893,145_299,1,test
5894,145_299,1,test
5895,146_299,0,train
5896,146_299,1,train
5897,146_299,1,train
5898,146_299,1,train
5899,146_299,1,train
5900,146_299,1,train
5901,146_299,1,train
5902,146_299,1,train
5903,146_299,1,train
5904,146_299,1,train
5905,146_299,0,train
5906,146_299,0,train
5907,146_299,0,train
5908,146_299,0,train
5909,146_299,0,train
5910,146_299,0,train
5911,146_299,0,train
5912,146_299,0,train
5913,146_299,0,train
5914,146_299,0,train
5915,146_299,0,train
5916,146_299,0,train
5917,146_299,0,train
5918,146_299,0,train
5919,146_299,0,train
5920,146_299,0,train
5921,146_299,0,train
5922,146_299,0,train
5923,146_299,0,train
5924,146_299,0,train
5925,146_299,0,train
5926,146_299,0,train
5927,146_299,0,train
5928,146_299,0,train
5929,146_299,0,train
5930,145_300,0,train
5931,145_299,1,test
5932,145_299,0,test
5933,145_299,0,test
5934,145_299,0,test
5935,145_299,0,test
5936,145_299,0,test
5937,145_299,0,test
5938,145_299,0,test
5939,145_298,0,test
5940,145_298,0,test
5941,145_298,0,test
5942,145_298,0,test
5943,145_298,0,test
5944,146_298,0,train
5945,146_298,0,train
5946,146_298,0,train
5947,146_299,1,train
5948,146_301,0,validation
5949,145_302,0,train
5950,145_302,0,train
5951,146_302,0,validation
5952,147_293,0,test
5953,147_293,0,test
5954,147_293,0,test
5955,147_293,0,test
5956,147_293,0,test
5957,147_293,0,test
5958,147_293,0,test
5959,147_293,0,test
5960,147_293,0,test
5961,147_293,0,test
5962,147_293,0,test
5963,147_293,0,test
5964,147_293,0,test
5965,147_293,0,test
5966,147_293,0,test
5967,147_293,0,test
5968,147_293,0,test
5969,147_293,0,test
5970,147_293,0,test
5971,147_293,0,test
5972,147_293,0,test
5973,147_293,0,test
5974,147_293,0,test
5975,147_293,0,test
5976,147_293,0,test
5977,147_293,0,test
5978,147_293,0,test
5979,147_293,0,test
5980,147_293,0,test
5981,147_293,0,test
5982,147_294,0,train
5983,147_294,0,train
5984,147_293,0,test
5985,147_294,0,train
5986,147_294,0,train
5987,147_294,0,train
5988,147_294,0,train
5989,147_294,0,train
5990,147_294,0,train
5991,147_294,0,train
5992,147_294,0,train
5993,147_294,0,train
5994,147_294,0,train
5995,147_294,0,train
5996,147_294,0,train
5997,147_293,0,test
5998,147_293,1,test
5999,147_293,0,test
6000,147_293,0,test
6001,147_293,0,test
6002,147_294,0,train
6003,147_294,0,train
6004,147_294,0,train
6005,147_294,0,train
6006,147_294,0,train
6007,147_294,0,train
6008,147_294,0,train
6009,147_295,0,train
6010,147_295,0,train
6011,147_295,0,train
6012,147_295,0,train
6013,147_295,0,train
6014,147_294,0,train
6015,147_294,0,train
6016,147_294,0,train
6017,147_294,0,train
6018,147_295,1,train
6019,147_295,1,train
6020,147_295,1,train
6021,147_295,1,train
6022,147_295,1,train
6023,147_295,1,train
6024,147_296,1,train
6025,147_296,1,train
6026,147_296,1,train
6027,147_296,1,train
6028,147_296,1,train
6029,147_296,1,train
6030,147_296,1,train
6031,147_297,0,validation
6032,147_296,0,train
6033,146_297,0,train
6034,146_295,1,train
6035,146_295,1,train
6036,146_295,1,train
6037,146_295,1,train
6038,146_294,0,train
6039,146_294,0,train
6040,146_294,0,train
6041,146_294,0,train
6042,146_294,0,train
6043,146_294,0,train
6044,146_293,0,train
6045,146_294,0,train
6046,146_294,0,train
6047,146_293,0,train
6048,147_295,0,train
6049,147_295,0,train
6050,147_295,0,train
6051,146_294,0,train
6052,146_294,0,train
6053,146_293,0,train
6054,146_293,0,train
6055,146_293,0,train
6056,147_294,0,train
6057,147_293,0,test
6058,147_293,0,test
6059,147_293,0,test
6060,147_293,0,test
6061,147_293,0,test
6062,147_294,0,train
6063,146_294,0,train
6064,146_294,0,train
6065,147_294,0,train
6066,146_294,0,train
6067,146_294,0,train
6068,146_294,0,train
6069,146_294,0,train
6070,146_294,0,train
6071,146_294,0,train
6072,146_294,0,train
6073,146_294,0,train
6074,146_294,0,train
6075,146_295,0,train
6076,146_295,0,train
6077,146_295,1,train
6078,146_295,1,train
6079,147_294,0,train
6080,147_294,0,train
6081,146_294,0,train
6082,146_294,0,train
6083,146_294,0,train
6084,146_294,0,train
6085,147_295,1,train
6086,147_296,0,train
6087,147_296,1,train
6088,147_296,1,train
6089,147_296,1,train
6090,147_296,1,train
6091,147_296,1,train
6092,147_296,1,train
6093,147_296,1,train
6094,147_296,1,train
6095,147_297,0,validation
6096,147_297,0,validation
6097,146_297,0,train
6098,146_297,0,train
6099,146_297,0,train
6100,147_295,1,train
6101,147_295,1,train
6102,147_295,1,train
6103,147_295,1,train
6104,147_295,1,train
6105,147_295,1,train
6106,147_295,1,train
6107,147_295,1,train
6108,147_295,1,train
6109,147_295,1,train
6110,147_295,1,train
6111,147_295,1,train
6112,147_295,0,train
6113,147_295,0,train
6114,146_293,0,train
6115,146_294,0,train
6116,146_294,0,train
6117,146_294,0,train
6118,146_295,0,train
6119,146_295,0,train
6120,146_295,0,train
6121,146_296,0,train
6122,146_296,0,train
6123,144_303,0,validation
6124,145_303,0,test
6125,145_303,0,test
6126,145_303,0,test
6127,145_303,0,test
6128,145_303,0,test
6129,145_303,0,test
6130,145_303,0,test
6131,145_303,0,test
6132,145_303,0,test
6133,145_303,0,test
6134,145_303,0,test
6135,145_303,0,test
6136,145_303,0,test
6137,145_303,0,test
6138,145_303,0,test
6139,145_303,0,test
6140,145_303,0,test
6141,145_303,0,test
6142,145_303,0,test
6143,145_303,0,test
6144,145_303,0,test
6145,145_303,0,test
6146,145_303,0,test
6147,145_303,0,test
6148,145_303,0,test
6149,145_303,0,test
6150,145_303,0,test
6151,145_303,0,test
6152,145_303,0,test
6153,145_303,0,test
6154,145_303,0,test
6155,145_303,0,test
6156,145_303,0,test
6157,145_303,0,test
6158,145_303,0,test
6159,145_303,0,test
6160,145_303,0,test
6161,145_303,0,test
6162,145_303,0,test
6163,145_303,0,test
6164,145_303,0,test
6165,145_303,0,test
6166,145_303,0,test
6167,145_303,0,test
6168,145_303,0,test
6169,145_303,0,test
6170,145_303,0,test
6171,145_303,0,test
6172,145_303,0,test
6173,145_303,0,test
6174,145_303,0,test
6175,145_303,0,test
6176,145_303,0,test
6177,145_303,0,test
6178,145_303,0,test
6179,145_303,0,test
6180,145_303,0,test
6181,145_303,0,test
6182,145_303,0,test
6183,145_303,0,test
6184,145_303,0,test
6185,145_303,0,test
6186,145_303,0,test
6187,145_303,0,test
6188,145_303,0,test
6189,145_303,0,test
6190,145_303,0,test
6191,145_303,0,test
6192,145_303,0,test
6193,145_303,0,test
6194,145_303,0,test
6195,145_303,0,test
6196,145_303,0,test
6197,145_303,0,test
6198,145_303,0,test
6199,145_303,0,test
6200,145_303,0,test
6201,144_303,0,validation
6202,144_302,0,train
6203,145_303,0,test
6204,145_303,0,test
6205,145_303,0,test
6206,145_303,0,test
6207,145_303,0,test
6208,145_303,0,test
6209,144_303,0,validation
6210,144_303,0,validation
6211,144_303,0,validation
6212,144_303,0,validation
6213,144_303,0,validation
6214,144_303,0,validation
6215,144_303,0,validation
6216,144_303,0,validation
6217,144_303,0,validation
6218,144_303,0,validation
6219,144_303,0,validation
6220,144_303,0,validation
6221,144_303,0,validation
6222,144_303,0,validation
6223,144_303,0,validation
6224,144_303,0,validation
6225,144_303,0,validation
6226,144_303,0,validation
6227,144_303,0,validation
6228,144_303,0,validation
6229,144_303,0,validation
6230,144_303,0,validation
6231,144_303,0,validation
6232,144_303,0,validation
6233,144_303,0,validation
6234,144_303,0,validation
6235,144_303,0,validation
6236,144_303,0,validation
6237,144_303,0,validation
6238,144_303,0,validation
6239,144_303,0,validation
6240,144_303,0,validation
6241,144_303,0,validation
6242,144_303,0,validation
6243,144_303,0,validation
6244,144_303,0,validation
6245,144_303,0,validation
6246,144_303,0,validation
6247,144_303,0,validation
6248,145_302,0,train
6249,145_302,0,train
6250,144_303,0,validation
6251,144_303,0,validation
6252,144_303,0,validation
6253,144_303,0,validation
6254,144_303,0,validation
6255,144_303,0,validation
6256,144_303,0,validation
6257,144_303,0,validation
6258,144_303,0,validation
6259,144_303,0,validation
6260,144_303,0,validation
6261,144_303,0,validation
6262,144_303,0,validation
6263,144_303,0,validation
6264,144_303,0,validation
6265,144_303,0,validation
6266,144_303,0,validation
6267,144_303,0,validation
6268,144_303,0,validation
6269,144_303,0,validation
6270,144_303,0,validation
6271,144_303,0,validation
6272,144_303,0,validation
6273,144_303,0,validation
6274,144_303,0,validation
6275,144_303,0,validation
6276,144_303,0,validation
6277,145_302,0,train
6278,145_302,0,train
6279,145_303,0,test
6280,145_303,0,test
6281,145_303,0,test
6282,145_303,0,test
6283,145_303,0,test
6284,145_303,0,test
6285,145_303,0,test
6286,145_303,0,test
6287,145_303,0,test
6288,145_303,0,test
6289,145_303,0,test
6290,145_303,0,test
6291,145_303,0,test
6292,145_303,0,test
6293,145_303,0,test
6294,145_303,0,test
6295,145_303,0,test
6296,145_303,0,test
6297,145_303,0,test
6298,145_303,0,test
6299,145_303,0,test
6300,145_303,0,test
6301,145_303,0,test
6302,145_303,0,test
6303,145_303,0,test
6304,145_303,0,test
6305,145_303,0,test
6306,145_303,0,test
6307,145_303,0,test
6308,145_303,0,test
6309,144_303,0,validation
6310,144_303,0,validation
6311,144_303,0,validation
6312,145_303,0,test
6313,145_303,0,test
6314,145_303,0,test
6315,145_303,0,test
6316,145_303,0,test
6317,145_303,0,test
6318,145_303,0,test
6319,144_303,0,validation
6320,144_303,0,validation
6321,144_303,0,validation
6322,144_303,0,validation
6323,144_303,0,validation
6324,144_303,0,validation
6325,144_303,0,validation
6326,144_303,0,validation
6327,144_303,0,validation
6328,144_303,0,validation
6329,144_303,0,validation
6330,144_303,0,validation
6331,144_303,0,validation
6332,144_303,0,validation
6333,144_303,0,validation
6334,144_303,0,validation
6335,144_303,0,validation
6336,144_303,0,validation
6337,144_303,0,validation
6338,144_303,0,validation
6339,144_303,0,validation
6340,144_303,0,validation
6341,144_303,0,validation
6342,144_303,0,validation
6343,144_303,0,validation
6344,144_303,0,validation
6345,144_303,0,validation
6346,144_302,0,train
6347,145_303,0,test
6348,145_303,0,test
6349,145_303,0,test
6350,145_303,0,test
6351,145_303,0,test
6352,145_303,0,test
6353,145_303,0,test
6354,145_303,0,test
6355,145_303,0,test
6356,145_303,0,test
6357,145_303,0,test
6358,145_303,0,test
6359,145_303,0,test
6360,145_303,0,test
6361,145_303,0,test
6362,145_303,0,test
6363,143_296,0,train
6364,143_296,0,train
6365,143_296,0,train
6366,143_296,0,train
6367,143_296,0,train
6368,143_296,0,train
6369,143_296,0,train
6370,143_296,0,train
6371,143_296,0,train
6372,143_296,0,train
6373,143_296,0,train
6374,143_296,0,train
6375,143_296,0,train
6376,143_296,0,train
6377,143_296,0,train
6378,143_296,0,train
6379,143_296,0,train
6380,143_296,0,train
6381,143_296,0,train
6382,143_296,0,train
6383,143_296,0,train
6384,143_296,0,train
6385,143_296,0,train
6386,143_296,0,train
6387,143_296,0,train
6388,143_296,0,train
6389,143_296,0,train
6390,143_296,0,train
6391,143_296,0,train
6392,143_296,0,train
6393,143_296,0,train
6394,143_296,0,train
6395,142_296,0,train
6396,142_296,0,train
6397,142_296,0,train
6398,142_296,0,train
6399,142_296,0,train
6400,142_296,0,train
6401,142_296,0,train
6402,142_296,0,train
6403,142_296,0,train
6404,142_296,0,train
6405,142_296,0,train
6406,142_296,0,train
6407,142_296,0,train
6408,142_296,0,train
6409,142_296,0,train
6410,142_296,0,train
6411,142_296,0,train
6412,142_296,0,train
6413,142_296,0,train
6414,143_296,0,train
6415,143_296,0,train
6416,143_296,0,train
6417,143_296,0,train
6418,143_296,0,train
6419,143_296,0,train
6420,143_296,0,train
6421,143_296,0,train
6422,143_296,0,train
6423,143_296,0,train
6424,143_296,0,train
6425,143_296,0,train
6426,143_296,0,train
6427,143_296,0,train
6428,143_296,0,train
6429,143_296,0,train
6430,143_296,0,train
6431,143_296,0,train
6432,143_296,0,train
6433,143_296,0,train
6434,143_296,0,train
6435,143_296,0,train
6436,143_296,0,train
6437,143_296,0,train
6438,143_296,0,train
6439,143_296,0,train
6440,142_296,0,train
6441,142_296,0,train
6442,142_296,0,train
6443,142_296,0,train
6444,142_296,0,train
6445,142_296,0,train
6446,142_296,0,train
6447,142_296,0,train
6448,142_296,0,train
6449,142_296,0,train
6450,142_296,0,train
6451,142_296,0,train
6452,142_296,0,train
6453,142_296,0,train
6454,142_296,0,train
6455,142_296,0,train
6456,142_296,0,train
6457,142_296,0,train
6458,142_297,0,validation
6459,142_296,0,train
6460,142_296,0,train
6461,142_296,0,train
6462,142_296,0,train
6463,142_296,0,train
6464,142_296,0,train
6465,142_296,0,train
6466,142_297,0,validation
6467,142_297,0,validation
6468,142_297,0,validation
6469,142_297,0,validation
6470,142_296,0,train
6471,142_296,0,train
6472,142_296,0,train
6473,142_296,0,train
6474,142_296,0,train
6475,142_296,0,train
6476,142_296,0,train
6477,142_296,0,train
6478,142_296,0,train
6479,142_296,0,train
6480,142_296,0,train
6481,142_296,0,train
6482,142_296,0,train
6483,142_296,0,train
6484,142_296,0,train
6485,142_296,0,train
6486,142_296,0,train
6487,142_296,0,train
6488,142_296,0,train
6489,142_296,0,train
6490,142_296,0,train
6491,142_296,0,train
6492,142_296,0,train
6493,143_296,0,train
6494,143_296,0,train
6495,143_296,0,train
6496,143_296,0,train
6497,143_296,0,train
6498,143_296,0,train
6499,143_296,0,train
6500,143_296,0,train
6501,143_296,0,train
6502,143_296,0,train
6503,143_296,0,train
6504,143_296,0,train
6505,143_296,0,train
6506,143_296,0,train
6507,143_296,0,train
6508,143_296,0,train
6509,143_296,0,train
6510,143_297,0,train
6511,143_297,0,train
6512,143_297,0,train
6513,143_297,0,train
6514,143_297,0,train
6515,143_297,0,train
6516,143_297,0,train
6517,143_297,0,train
6518,143_297,0,train
6519,143_297,0,train
6520,142_297,0,validation
6521,142_297,0,validation
6522,142_297,0,validation
6523,142_297,0,validation
6524,142_297,0,validation
6525,142_297,0,validation
6526,142_297,0,validation
6527,142_297,0,validation
6528,142_297,0,validation
6529,142_297,0,validation
6530,142_297,0,validation
6531,142_297,0,validation
6532,142_297,0,validation
6533,142_297,0,validation
6534,142_297,0,validation
6535,142_297,0,validation
6536,142_297,0,validation
6537,142_297,0,validation
6538,143_296,0,train
6539,142_296,0,train
6540,142_296,0,train
6541,143_296,0,train
6542,143_296,0,train
6543,143_296,0,train
6544,142_296,0,train
6545,142_296,0,train
6546,142_296,0,train
6547,142_296,0,train
6548,143_296,0,train
6549,143_296,0,train
6550,143_297,0,train
6551,142_297,0,validation
6552,142_297,0,validation
6553,142_297,0,validation
6554,147_297,1,validation
6555,147_297,1,validation
6556,147_297,1,validation
6557,147_297,1,validation
6558,147_297,1,validation
6559,147_297,1,validation
6560,147_297,1,validation
6561,147_297,1,validation
6562,147_297,1,validation
6563,147_297,1,validation
6564,147_297,1,validation
6565,147_297,1,validation
6566,147_297,1,validation
6567,147_297,1,validation
6568,147_297,1,validation
6569,147_297,1,validation
6570,147_297,1,validation
6571,147_297,1,validation
6572,147_297,1,validation
6573,147_297,1,validation
6574,147_297,1,validation
6575,147_297,1,validation
6576,147_297,1,validation
6577,147_297,1,validation
6578,147_297,1,validation
6579,147_297,1,validation
6580,147_297,1,validation
6581,147_297,1,validation
6582,147_297,1,validation
6583,147_297,0,validation
6584,147_297,0,validation
6585,147_297,0,validation
6586,147_297,0,validation
6587,147_297,0,validation
6588,147_297,0,validation
6589,147_297,0,validation
6590,147_297,0,validation
6591,147_297,0,validation
6592,147_297,0,validation
6593,147_297,0,validation
6594,147_297,0,validation
6595,147_297,0,validation
6596,147_297,0,validation
6597,147_297,0,validation
6598,147_297,0,validation
6599,147_297,0,validation
6600,147_297,0,validation
6601,147_297,0,validation
6602,147_297,0,validation
6603,147_297,0,validation
6604,147_297,0,validation
6605,147_297,0,validation
6606,147_297,0,validation
6607,147_297,0,validation
6608,147_297,0,validation
6609,147_297,0,validation
6610,147_297,0,validation
6611,147_297,0,validation
6612,147_297,0,validation
6613,147_297,0,validation
6614,147_297,0,validation
6615,147_297,0,validation
6616,147_297,0,validation
6617,147_297,0,validation
6618,147_297,0,validation
6619,147_297,0,validation
6620,147_297,0,validation
6621,147_297,0,validation
6622,147_297,0,validation
6623,147_297,0,validation
6624,147_297,0,validation
6625,147_297,0,validation
6626,147_297,0,validation
6627,147_297,0,validation
6628,147_297,0,validation
6629,147_297,0,validation
6630,147_297,0,validation
6631,147_297,0,validation
6632,147_297,0,validation
6633,147_297,0,validation
6634,147_297,0,validation
6635,147_297,0,validation
6636,147_297,0,validation
6637,147_297,0,validation
6638,147_297,0,validation
6639,147_297,0,validation
6640,147_297,0,validation
6641,147_297,0,validation
6642,147_297,0,validation
6643,147_297,0,validation
6644,147_297,0,validation
6645,147_297,0,validation
6646,147_297,0,validation
6647,147_297,0,validation
6648,147_297,0,validation
6649,147_297,0,validation
6650,147_297,0,validation
6651,147_297,0,validation
6652,147_297,0,validation
6653,147_297,0,validation
6654,147_297,0,validation
6655,147_297,0,validation
6656,147_297,0,validation
6657,147_297,0,validation
6658,147_297,0,validation
6659,147_297,0,validation
6660,147_297,0,validation
6661,147_297,0,validation
6662,147_297,0,validation
6663,147_297,0,validation
6664,147_297,0,validation
6665,147_297,0,validation
6666,147_297,0,validation
6667,147_297,0,validation
6668,147_297,0,validation
6669,147_297,0,validation
6670,147_297,0,validation
6671,147_297,0,validation
6672,147_297,0,validation
6673,147_297,0,validation
6674,147_297,0,validation
6675,147_297,0,validation
6676,147_297,0,validation
6677,146_297,0,train
6678,147_297,0,validation
6679,147_297,0,validation
6680,147_297,0,validation
6681,147_297,0,validation
6682,146_297,0,train
6683,146_297,0,train
6684,146_297,0,train
6685,146_297,0,train
6686,146_297,0,train
6687,146_297,0,train
6688,146_297,0,train
6689,146_297,0,train
6690,146_297,0,train
6691,146_297,0,train
6692,146_297,0,train
6693,146_297,0,train
6694,146_297,0,train
6695,146_297,0,train
6696,146_297,0,train
6697,146_297,0,train
6698,146_297,0,train
6699,146_297,0,train
6700,146_297,0,train
6701,146_297,0,train
6702,146_297,0,train
6703,146_297,0,train
6704,146_297,0,train
6705,146_297,0,train
6706,146_297,0,train
6707,146_297,0,train
6708,146_297,0,train
6709,146_297,0,train
6710,146_297,0,train
6711,146_297,0,train
6712,146_297,0,train
6713,146_297,0,train
6714,146_297,0,train
6715,146_297,0,train
6716,146_297,0,train
6717,146_297,0,train
6718,146_297,0,train
6719,146_297,0,train
6720,146_297,0,train
6721,146_297,0,train
6722,146_297,0,train
6723,146_297,0,train
6724,146_297,0,train
6725,146_297,0,train
6726,146_297,0,train
6727,146_297,0,train
6728,146_297,0,train
6729,147_296,0,train
6730,147_297,0,validation
6731,147_296,1,train
6732,147_297,1,validation
6733,147_297,1,validation
6734,147_297,1,validation
6735,147_297,1,validation
6736,147_297,1,validation
6737,147_297,0,validation
6738,147_297,0,validation
6739,147_297,0,validation
6740,147_297,0,validation
6741,147_297,0,validation
6742,147_297,0,validation
6743,147_297,0,validation
6744,147_297,0,validation
6745,147_297,0,validation
6746,147_297,0,validation
6747,147_297,0,validation
6748,147_297,0,validation
6749,147_297,0,validation
6750,147_297,0,validation
6751,147_297,0,validation
6752,147_297,0,validation
6753,147_297,0,validation
6754,147_297,0,validation
6755,147_297,0,validation
6756,147_297,0,validation
6757,147_297,0,validation
6758,147_297,0,validation
6759,147_297,0,validation
6760,147_297,0,validation
6761,147_297,0,validation
6762,147_297,0,validation
6763,147_297,0,validation
6764,147_297,0,validation
6765,147_297,0,validation
6766,147_297,0,validation
6767,147_297,0,validation
6768,147_297,0,validation
6769,147_297,0,validation
6770,147_297,0,validation
6771,147_297,0,validation
6772,147_297,0,validation
6773,147_297,0,validation
6774,147_297,0,validation
6775,147_297,0,validation
6776,147_297,0,validation
6777,147_297,0,validation
6778,147_297,0,validation
6779,147_297,0,validation
6780,147_297,0,validation
6781,147_297,0,validation
6782,147_297,0,validation
6783,147_297,0,validation
6784,147_297,0,validation
6785,147_297,0,validation
6786,147_297,0,validation
6787,147_297,0,validation
6788,147_297,0,validation
6789,147_297,0,validation
6790,147_297,0,validation
6791,147_297,0,validation
6792,147_297,0,validation
6793,147_297,0,validation
6794,147_297,0,validation
6795,147_297,0,validation
6796,147_297,0,validation
6797,147_297,0,validation
6798,147_297,0,validation
6799,147_297,0,validation
6800,147_297,0,validation
6801,147_297,0,validation
6802,147_297,0,validation
6803,146_297,0,train
6804,146_297,0,train
6805,146_297,0,train
6806,146_297,0,train
6807,146_297,0,train
6808,146_297,0,train
6809,146_297,0,train
6810,146_297,0,train
6811,146_297,0,train
6812,146_297,0,train
6813,146_297,0,train
6814,146_297,0,train
6815,146_297,0,train
6816,146_297,0,train
6817,146_297,0,train
6818,146_297,0,train
6819,146_297,0,train
6820,146_297,0,train
6821,146_297,0,train
6822,146_297,0,train
6823,146_297,0,train
6824,146_297,0,train
6825,146_297,0,train
6826,146_297,0,train
6827,146_297,0,train
6828,146_297,0,train
6829,146_297,0,train
6830,146_297,0,train
6831,146_297,0,train
6832,146_297,0,train
6833,146_297,0,train
6834,146_297,0,train
6835,146_297,0,train
6836,146_297,0,train
6837,146_297,0,train
6838,147_296,1,train
6839,147_297,1,validation
6840,147_297,1,validation
6841,147_297,1,validation
6842,147_297,1,validation
6843,147_297,1,validation
6844,147_297,1,validation
6845,147_297,1,validation
6846,147_297,1,validation
6847,147_297,1,validation
6848,147_297,1,validation
6849,147_297,1,validation
6850,147_297,1,validation
6851,147_297,1,validation
6852,147_297,1,validation
6853,147_297,1,validation
6854,146_297,0,train
6855,147_297,1,validation
6856,147_297,1,validation
6857,147_297,1,validation
6858,147_297,1,validation
6859,147_297,0,validation
6860,147_297,0,validation
6861,147_297,0,validation
6862,147_297,0,validation
6863,147_297,0,validation
6864,147_297,0,validation
6865,147_297,0,validation
6866,147_297,0,validation
6867,147_297,0,validation
6868,146_297,0,train
6869,146_297,0,train
6870,146_297,0,train
6871,146_297,0,train
6872,147_297,0,validation
6873,146_297,0,train
6874,146_297,0,train
6875,147_297,0,validation
6876,146_297,0,train
6877,146_297,0,train
6878,145_295,0,train
6879,145_295,0,train
6880,145_295,0,train
6881,144_295,0,test
6882,144_295,0,test
6883,145_296,0,train
6884,145_296,0,train
6885,145_296,0,train
6886,145_296,0,train
6887,145_296,0,train
6888,146_296,0,train
6889,146_296,0,train
6890,146_296,0,train
6891,146_296,0,train
6892,146_296,1,train
6893,146_296,0,train
6894,146_297,0,train
6895,146_297,0,train
6896,146_296,0,train
6897,146_296,0,train
6898,146_296,0,train
6899,145_296,0,train
6900,145_297,0,train
6901,145_296,0,train
6902,145_296,0,train
6903,145_296,0,train
6904,145_297,0,train
6905,145_297,0,train
6906,145_297,0,train
6907,145_297,0,train
6908,145_297,0,train
6909,145_297,0,train
6910,145_297,0,train
6911,145_297,0,train
6912,145_297,0,train
6913,145_297,0,train
6914,145_297,0,train
6915,145_297,0,train
6916,145_297,0,train
6917,145_297,0,train
6918,145_297,0,train
6919,145_297,0,train
6920,145_297,0,train
6921,145_297,0,train
6922,145_297,0,train
6923,145_297,0,train
6924,145_297,0,train
6925,145_297,0,train
6926,145_297,0,train
6927,145_297,0,train
6928,145_297,0,train
6929,145_297,0,train
6930,145_297,0,train
6931,146_297,0,train
6932,146_297,0,train
6933,146_297,0,train
6934,146_297,0,train
6935,146_297,0,train
6936,146_297,0,train
6937,146_297,0,train
6938,146_297,0,train
6939,146_297,0,train
6940,146_297,0,train
6941,146_297,0,train
6942,146_297,0,train
6943,146_297,0,train
6944,145_297,0,train
6945,144_297,0,train
6946,146_296,0,train
6947,145_296,0,train
6948,145_296,0,train
6949,145_296,0,train
6950,144_296,0,validation
6951,144_296,0,validation
6952,144_296,0,validation
6953,144_296,0,validation
6954,144_296,0,validation
6955,144_296,0,validation
6956,144_296,0,validation
6957,145_296,0,train
6958,145_296,0,train
6959,145_296,0,train
6960,146_296,0,train
6961,146_296,0,train
6962,145_296,0,train
6963,145_296,0,train
6964,146_296,0,train
6965,146_296,0,train
6966,144_296,0,validation
6967,146_296,0,train
6968,146_296,0,train
6969,146_296,0,train
6970,146_296,0,train
6971,146_296,0,train
6972,146_296,0,train
6973,145_296,0,train
6974,144_296,0,validation
6975,145_296,0,train
6976,145_296,0,train
6977,144_296,0,validation
6978,145_296,0,train
6979,145_296,0,train
6980,146_297,0,train
6981,146_297,0,train
6982,146_297,0,train
6983,145_296,0,train
6984,144_296,0,validation
6985,146_297,0,train
6986,146_297,0,train
6987,146_297,0,train
6988,146_297,0,train
6989,146_297,0,train
6990,146_297,0,train
6991,146_297,0,train
6992,146_297,0,train
6993,146_297,0,train
6994,146_291,0,train
6995,146_291,0,train
6996,146_291,0,train
6997,146_291,0,train
6998,146_291,0,train
6999,146_291,0,train
7000,146_292,0,train
7001,146_292,0,train
7002,146_292,0,train
7003,146_292,0,train
7004,146_292,0,train
7005,146_292,0,train
7006,146_292,0,train
7007,146_292,0,train
7008,146_292,0,train
7009,146_292,0,train
7010,146_292,0,train
7011,146_292,0,train
7012,146_292,0,train
7013,146_292,0,train
7014,146_292,0,train
7015,146_292,0,train
7016,146_292,0,train
7017,146_292,0,train
7018,146_292,0,train
7019,146_292,0,train
7020,146_292,0,train
7021,146_292,0,train
7022,146_292,0,train
7023,146_292,0,train
7024,146_292,0,train
7025,146_291,0,train
7026,146_292,0,train
7027,146_292,0,train
7028,146_291,0,train
7029,146_291,0,train
7030,146_292,0,train
7031,146_292,0,train
7032,146_292,0,train
7033,146_292,0,train
7034,146_292,0,train
7035,146_292,0,train
7036,146_292,0,train
7037,146_292,0,train
7038,146_292,0,train
7039,146_292,0,train
7040,146_292,0,train
7041,146_292,0,train
7042,146_292,0,train
7043,146_292,0,train
7044,146_292,0,train
7045,146_292,0,train
7046,146_292,0,train
7047,146_292,0,train
7048,146_292,0,train
7049,146_292,0,train
7050,146_292,0,train
7051,146_292,0,train
7052,146_292,0,train
7053,146_292,0,train
7054,146_292,0,train
7055,146_292,0,train
7056,146_292,0,train
7057,146_292,0,train
7058,146_292,0,train
7059,146_292,0,train
7060,146_292,0,train
7061,146_292,0,train
7062,146_292,0,train
7063,146_292,0,train
7064,146_292,0,train
7065,146_292,0,train
7066,146_292,0,train
7067,146_292,0,train
7068,146_292,0,train
7069,146_292,0,train
7070,146_292,0,train
7071,146_292,0,train
7072,146_292,0,train
7073,146_292,0,train
7074,146_292,0,train
7075,146_292,0,train
7076,146_292,0,train
7077,146_292,0,train
7078,146_292,0,train
7079,146_292,0,train
7080,141_290,0,train
7081,141_290,0,train
7082,141_290,0,train
7083,141_290,0,train
7084,140_290,0,test
7085,140_290,0,test
7086,140_290,0,test
7087,140_290,0,test
7088,140_290,0,test
7089,140_290,0,test
7090,140_290,0,test
7091,140_290,0,test
7092,140_290,0,test
7093,141_290,0,train
7094,141_290,0,train
7095,141_290,0,train
7096,141_291,0,validation
7097,141_290,0,train
7098,141_291,0,validation
7099,141_291,0,validation
7100,141_291,0,validation
7101,141_291,0,validation
7102,141_291,0,validation
7103,141_291,0,validation
7104,141_291,0,validation
7105,141_291,0,validation
7106,141_291,0,validation
7107,141_291,0,validation
7108,141_291,0,validation
7109,141_291,0,validation
7110,141_291,0,validation
7111,141_291,0,validation
7112,141_291,0,validation
7113,141_291,0,validation
7114,141_291,0,validation
7115,140_291,0,train
7116,140_291,0,train
7117,140_291,0,train
7118,141_291,0,validation
7119,141_291,0,validation
7120,141_291,0,validation
7121,140_290,0,test
7122,140_291,0,train
7123,140_290,0,test
7124,140_290,0,test
7125,140_290,0,test
7126,141_290,0,train
7127,140_290,0,test
7128,140_290,0,test
7129,141_290,0,train
7130,140_290,0,test
7131,141_290,0,train
7132,141_290,0,train
7133,141_290,0,train
7134,140_290,0,test
7135,141_290,0,train
7136,141_291,0,validation
7137,140_291,0,train
7138,140_291,0,train
7139,140_291,0,train
7140,138_300,0,test
7141,138_301,0,train
7142,138_301,0,train
7143,138_300,0,test
7144,138_300,0,test
7145,138_300,0,test
7146,138_301,0,train
7147,138_301,0,train
7148,138_301,0,train
7149,138_301,0,train
7150,138_301,0,train
7151,138_301,0,train
7152,138_301,0,train
7153,138_301,0,train
7154,138_301,0,train
7155,138_301,0,train
7156,138_301,0,train
7157,138_301,0,train
7158,138_301,0,train
7159,138_301,0,train
7160,138_301,0,train
7161,138_301,0,train
7162,138_301,0,train
7163,138_301,0,train
7164,138_301,0,train
7165,138_301,0,train
7166,138_301,0,train
7167,138_301,0,train
7168,138_301,0,train
7169,138_301,0,train
7170,138_300,0,test
7171,138_300,0,test
7172,138_301,0,train
7173,138_301,0,train
7174,138_301,0,train
7175,138_301,0,train
7176,138_301,0,train
7177,138_301,0,train
7178,138_301,0,train
7179,138_301,0,train
7180,138_301,0,train
7181,138_301,0,train
7182,138_301,0,train
7183,138_301,0,train
7184,138_301,0,train
7185,138_301,0,train
7186,138_301,0,train
7187,138_301,0,train
7188,138_301,0,train
7189,138_301,0,train
7190,138_301,0,train
7191,138_301,0,train
7192,138_301,0,train
7193,138_301,0,train
7194,138_301,0,train
7195,139_301,0,validation
7196,139_301,0,validation
7197,139_301,0,validation
7198,139_301,0,validation
7199,139_301,0,validation
7200,139_301,0,validation
7201,139_301,0,validation
7202,139_301,0,validation
7203,139_301,0,validation
7204,139_301,0,validation
7205,139_301,0,validation
7206,139_301,0,validation
7207,139_301,0,validation
7208,139_301,0,validation
7209,139_301,0,validation
7210,139_301,0,validation
7211,139_301,0,validation
7212,139_301,0,validation
7213,139_301,0,validation
7214,139_301,0,validation
7215,139_301,0,validation
7216,139_301,0,validation
7217,139_301,0,validation
7218,139_301,0,validation
7219,139_301,0,validation
7220,139_301,0,validation
7221,139_301,0,validation
7222,139_301,0,validation
7223,139_301,0,validation
7224,139_301,0,validation
7225,139_301,0,validation
7226,139_301,0,validation
7227,139_301,0,validation
7228,139_301,0,validation
7229,139_301,0,validation
7230,139_301,0,validation
7231,139_301,0,validation
7232,139_301,0,validation
7233,139_301,0,validation
7234,139_301,0,validation
7235,139_301,0,validation
7236,139_301,0,validation
7237,139_301,0,validation
7238,139_301,0,validation
7239,139_301,0,validation
7240,139_301,0,validation
7241,139_301,0,validation
7242,139_301,0,validation
7243,139_302,0,train
7244,139_301,0,validation
7245,139_301,0,validation
7246,139_301,0,validation
7247,139_301,0,validation
7248,139_301,0,validation
7249,139_301,0,validation
7250,139_301,0,validation
7251,139_301,0,validation
7252,139_301,0,validation
7253,139_301,0,validation
7254,139_301,0,validation
7255,139_302,0,train
7256,139_302,0,train
7257,139_302,0,train
7258,139_302,0,train
7259,139_302,0,train
7260,139_302,0,train
7261,139_302,0,train
7262,139_302,0,train
7263,139_302,0,train
7264,139_302,0,train
7265,139_302,0,train
7266,139_302,0,train
7267,139_302,0,train
7268,139_302,0,train
7269,139_302,0,train
7270,140_302,0,train
7271,140_302,0,train
7272,140_302,0,train
7273,139_302,0,train
7274,139_302,0,train
7275,139_302,0,train
7276,139_302,0,train
7277,139_302,0,train
7278,139_302,0,train
7279,139_302,0,train
7280,139_302,0,train
7281,139_302,0,train
7282,139_302,0,train
7283,139_302,0,train
7284,139_302,0,train
7285,139_302,0,train
7286,139_302,0,train
7287,139_302,0,train
7288,139_302,0,train
7289,139_302,0,train
7290,139_302,0,train
7291,139_302,0,train
7292,139_302,0,train
7293,139_302,0,train
7294,139_302,0,train
7295,139_302,0,train
7296,139_302,0,train
7297,139_302,0,train
7298,139_302,0,train
7299,139_302,0,train
7300,139_302,0,train
7301,139_302,0,train
7302,139_302,0,train
7303,139_302,0,train
7304,139_302,0,train
7305,139_302,0,train
7306,139_302,0,train
7307,139_302,0,train
7308,139_302,0,train
7309,139_302,0,train
7310,139_302,0,train
7311,139_302,0,train
7312,139_303,0,train
7313,139_303,0,train
7314,139_303,0,train
7315,139_303,0,train
7316,139_303,0,train
7317,140_303,0,train
7318,140_303,0,train
7319,140_303,0,train
7320,140_303,0,train
7321,140_303,0,train
7322,140_303,0,train
7323,140_303,0,train
7324,140_303,0,train
7325,140_303,0,train
7326,140_302,0,train
7327,140_302,0,train
7328,140_302,0,train
7329,140_302,0,train
7330,140_302,0,train
7331,140_302,0,train
7332,139_302,0,train
7333,139_302,0,train
7334,139_302,0,train
7335,139_302,0,train
7336,139_302,0,train
7337,139_302,0,train
7338,139_302,0,train
7339,139_302,0,train
7340,139_302,0,train
7341,139_302,0,train
7342,139_302,0,train
7343,139_302,0,train
7344,139_302,0,train
7345,139_302,0,train
7346,139_302,0,train
7347,139_302,0,train
7348,139_302,0,train
7349,139_302,0,train
7350,139_302,0,train
7351,139_302,0,train
7352,139_302,0,train
7353,139_302,0,train
7354,139_302,0,train
7355,139_302,0,train
7356,139_302,0,train
7357,139_302,0,train
7358,139_302,0,train
7359,139_302,0,train
7360,139_302,0,train
7361,139_302,0,train
7362,139_302,0,train
7363,139_302,0,train
7364,139_302,0,train
7365,139_302,0,train
7366,139_302,0,train
7367,139_302,0,train
7368,139_302,0,train
7369,139_302,0,train
7370,139_302,0,train
7371,139_302,0,train
7372,139_302,0,train
7373,139_302,0,train
7374,139_302,0,train
7375,139_302,0,train
7376,139_302,0,train
7377,139_302,0,train
7378,139_302,0,train
7379,139_302,0,train
7380,139_302,0,train
7381,139_302,0,train
7382,139_302,0,train
7383,139_302,0,train
7384,139_302,0,train
7385,139_302,0,train
7386,139_302,0,train
7387,139_302,0,train
7388,139_302,0,train
7389,139_302,0,train
7390,139_302,0,train
7391,138_302,0,train
7392,138_302,0,train
7393,138_302,0,train
7394,138_302,0,train
7395,138_302,0,train
7396,138_302,0,train
7397,138_302,0,train
7398,138_302,0,train
7399,139_302,0,train
7400,139_302,0,train
7401,139_302,0,train
7402,139_302,0,train
7403,138_302,0,train
7404,139_302,0,train
7405,139_302,0,train
7406,138_302,0,train
7407,138_302,0,train
7408,138_302,0,train
7409,138_302,0,train
7410,138_302,0,train
7411,138_302,0,train
7412,138_302,0,train
7413,138_302,0,train
7414,138_302,0,train
7415,138_302,0,train
7416,138_302,0,train
7417,138_302,0,train
7418,138_302,0,train
7419,138_302,0,train
7420,139_303,0,train
7421,139_303,0,train
7422,139_303,0,train
7423,139_303,0,train
7424,139_303,0,train
7425,139_303,0,train
7426,139_303,0,train
7427,139_303,0,train
7428,139_303,0,train
7429,139_303,0,train
7430,139_303,0,train
7431,139_303,0,train
7432,139_303,0,train
7433,139_303,0,train
7434,139_303,0,train
7435,139_303,0,train
7436,139_303,0,train
7437,139_303,0,train
7438,139_303,0,train
7439,139_303,0,train
7440,139_303,0,train
7441,139_303,0,train
7442,139_303,0,train
7443,139_303,0,train
7444,139_304,0,test
7445,139_303,0,train
7446,139_303,0,train
7447,139_303,0,train
7448,139_303,0,train
7449,139_303,0,train
7450,139_303,0,train
7451,139_304,0,test
7452,139_304,0,test
7453,139_304,0,test
7454,139_304,0,test
7455,139_304,0,test
7456,139_304,0,test
7457,139_304,0,test
7458,138_304,0,train
7459,138_303,0,train
7460,138_303,0,train
7461,139_303,0,train
7462,139_303,0,train
7463,139_303,0,train
7464,139_303,0,train
7465,139_304,0,test
7466,138_304,0,train
7467,139_304,0,test
7468,139_304,0,test
7469,138_303,0,train
7470,138_303,0,train
7471,139_303,0,train
7472,138_303,0,train
7473,138_303,0,train
7474,138_303,0,train
7475,138_303,0,train
7476,139_303,0,train
7477,139_303,0,train
7478,139_303,0,train
7479,139_303,0,train
7480,139_303,0,train
7481,139_303,0,train
7482,139_303,0,train
7483,139_303,0,train
7484,139_303,0,train
7485,139_303,0,train
7486,139_303,0,train
7487,139_303,0,train
7488,139_303,0,train
7489,139_303,0,train
7490,139_303,0,train
7491,139_303,0,train
7492,139_303,0,train
7493,139_303,0,train
7494,139_303,0,train
7495,139_303,0,train
7496,139_303,0,train
7497,139_303,0,train
7498,139_303,0,train
7499,139_303,0,train
7500,139_303,0,train
7501,139_303,0,train
7502,139_303,0,train
7503,139_303,0,train
7504,139_303,0,train
7505,139_303,0,train
7506,139_303,0,train
7507,139_303,0,train
7508,139_303,0,train
7509,139_303,0,train
7510,139_303,0,train
7511,139_303,0,train
7512,139_303,0,train
7513,139_303,0,train
7514,138_302,0,train
7515,138_302,0,train
7516,138_302,0,train
7517,138_302,0,train
7518,140_301,0,test
7519,140_301,0,test
7520,140_301,0,test
7521,140_301,0,test
7522,140_301,0,test
7523,139_303,0,train
7524,139_303,0,train
7525,140_301,0,test
7526,140_301,0,test
7527,140_301,0,test
7528,140_301,0,test
7529,140_301,0,test
7530,140_301,0,test
7531,138_300,0,test
7532,138_300,0,test
7533,138_300,0,test
7534,139_303,0,train
7535,140_303,0,train
7536,140_303,0,train
7537,138_302,0,train
7538,140_301,0,test
7539,141_301,0,train
7540,141_301,0,train
7541,141_301,0,train
7542,140_301,0,test
7543,140_301,0,test
7544,140_301,0,test
7545,140_301,0,test
7546,140_301,0,test
7547,140_301,0,test
7548,140_301,0,test
7549,139_301,0,validation
7550,139_301,0,validation
7551,139_301,0,validation
7552,139_301,0,validation
7553,139_301,0,validation
7554,139_301,0,validation
7555,139_304,0,test
7556,139_304,0,test
7557,139_304,0,test
7558,139_304,0,test
7559,139_304,0,test
7560,139_304,0,test
7561,139_304,0,test
7562,139_304,0,test
7563,139_304,0,test
7564,139_304,0,test
7565,139_304,0,test
7566,138_303,0,train
7567,138_303,0,train
7568,138_303,0,train
7569,138_303,0,train
7570,138_303,0,train
7571,138_303,0,train
7572,138_303,0,train
7573,138_303,0,train
7574,139_303,0,train
7575,139_303,0,train
7576,139_303,0,train
7577,139_303,0,train
7578,139_303,0,train
7579,139_303,0,train
7580,139_303,0,train
7581,139_303,0,train
7582,139_303,0,train
7583,139_303,0,train
7584,139_303,0,train
7585,139_303,0,train
7586,139_303,0,train
7587,139_303,0,train
7588,139_303,0,train
7589,139_303,0,train
7590,139_303,0,train
7591,139_303,0,train
7592,139_303,0,train
7593,139_303,0,train
7594,139_303,0,train
7595,139_303,0,train
7596,139_303,0,train
7597,139_303,0,train
7598,139_303,0,train
7599,139_303,0,train
7600,139_303,0,train
7601,139_303,0,train
7602,139_303,0,train
7603,139_303,0,train
7604,139_303,0,train
7605,139_303,0,train
7606,139_302,0,train
7607,139_302,0,train
7608,139_302,0,train
7609,139_302,0,train
7610,139_302,0,train
7611,139_302,0,train
7612,139_302,0,train
7613,139_302,0,train
7614,139_303,0,train
7615,139_303,0,train
7616,139_303,0,train
7617,139_302,0,train
7618,139_302,0,train
7619,139_302,0,train
7620,139_302,0,train
7621,139_302,0,train
7622,139_302,0,train
7623,139_302,0,train
7624,139_302,0,train
7625,140_302,0,train
7626,140_302,0,train
7627,140_302,0,train
7628,140_302,0,train
7629,140_302,0,train
7630,140_302,0,train
7631,140_302,0,train
7632,140_302,0,train
7633,140_302,0,train
7634,140_302,0,train
7635,140_302,0,train
7636,140_302,0,train
7637,140_302,0,train
7638,140_302,0,train
7639,140_302,0,train
7640,140_302,0,train
7641,140_302,0,train
7642,140_302,0,train
7643,140_302,0,train
7644,140_302,0,train
7645,140_302,0,train
7646,140_302,0,train
7647,140_302,0,train
7648,140_302,0,train
7649,140_302,0,train
7650,140_302,0,train
7651,139_302,0,train
7652,139_302,0,train
7653,139_302,0,train
7654,139_302,0,train
7655,139_302,0,train
7656,139_302,0,train
7657,138_301,0,train
7658,138_301,0,train
7659,138_301,0,train
7660,138_301,0,train
7661,138_301,0,train
7662,138_301,0,train
7663,138_301,0,train
7664,138_301,0,train
7665,138_301,0,train
7666,138_302,0,train
7667,138_302,0,train
7668,138_302,0,train
7669,138_302,0,train
7670,138_302,0,train
7671,138_302,0,train
7672,137_302,0,train
7673,138_301,0,train
7674,138_302,0,train
7675,138_302,0,train
7676,138_302,0,train
7677,138_301,0,train
7678,137_302,0,train
7679,137_302,0,train
7680,138_302,0,train
7681,137_302,0,train
7682,138_302,0,train
7683,138_302,0,train
7684,138_302,0,train
7685,138_302,0,train
7686,138_303,0,train
7687,138_303,0,train
7688,138_303,0,train
7689,138_303,0,train
7690,138_303,0,train
7691,137_303,0,validation
7692,138_303,0,train
7693,139_303,0,train
7694,139_303,0,train
7695,139_303,0,train
7696,139_303,0,train
7697,139_303,0,train
7698,140_302,0,train
7699,140_302,0,train
7700,140_302,0,train
7701,140_302,0,train
7702,140_302,0,train
7703,140_302,0,train
7704,140_302,0,train
7705,140_302,0,train
7706,140_302,0,train
7707,140_302,0,train
7708,140_302,0,train
7709,140_302,0,train
7710,140_302,0,train
7711,140_302,0,train
7712,140_302,0,train
7713,140_302,0,train
7714,141_301,0,train
7715,138_302,0,train
7716,139_302,0,train
7717,139_302,0,train
7718,138_301,0,train
7719,138_301,0,train
7720,139_301,0,validation
7721,140_302,0,train
7722,140_302,0,train
7723,140_302,0,train
7724,139_302,0,train
7725,138_302,0,train
7726,138_301,0,train
7727,138_302,0,train
7728,138_302,0,train
7729,137_303,0,validation
7730,139_303,0,train
7731,139_303,0,train
7732,139_303,0,train
7733,139_303,0,train
7734,139_303,0,train
7735,139_303,0,train
7736,139_303,0,train
7737,139_303,0,train
7738,139_303,0,train
7739,139_303,0,train
7740,139_303,0,train
7741,140_303,0,train
7742,140_303,0,train
7743,140_303,0,train
7744,140_303,0,train
7745,140_303,0,train
7746,140_303,0,train
7747,140_303,0,train
7748,140_302,0,train
7749,140_303,0,train
7750,140_303,0,train
7751,140_302,0,train
7752,140_302,0,train
7753,140_301,0,test
7754,140_301,0,test
7755,139_302,0,train
7756,138_302,0,train
7757,138_302,0,train
7758,138_302,0,train
7759,138_302,0,train
7760,137_302,0,train
7761,139_302,0,train
7762,139_302,0,train
7763,140_303,0,train
7764,138_303,0,train
7765,139_303,0,train
7766,139_303,0,train
7767,139_303,0,train
7768,139_303,0,train
7769,139_303,0,train
7770,139_294,0,test
7771,139_294,0,test
7772,139_294,0,test
7773,139_294,0,test
7774,139_294,0,test
7775,139_294,0,test
7776,139_294,0,test
7777,139_294,0,test
7778,139_294,0,test
7779,139_294,0,test
7780,139_293,0,train
7781,139_293,0,train
7782,139_293,0,train
7783,139_293,0,train
7784,139_293,0,train
7785,139_294,0,test
7786,139_294,0,test
7787,139_294,0,test
7788,139_294,0,test
7789,139_294,0,test
7790,139_294,0,test
7791,139_294,0,test
7792,139_294,0,test
7793,139_294,0,test
7794,139_294,0,test
7795,139_294,0,test
7796,139_294,0,test
7797,139_294,0,test
7798,139_294,0,test
7799,139_294,0,test
7800,139_294,0,test
7801,140_294,0,train
7802,140_294,0,train
7803,140_294,0,train
7804,140_294,0,train
7805,140_294,0,train
7806,140_294,0,train
7807,140_294,0,train
7808,140_294,0,train
7809,139_294,0,test
7810,140_294,0,train
7811,140_294,0,train
7812,140_294,0,train
7813,140_294,0,train
7814,141_293,0,train
7815,141_294,0,train
7816,141_294,0,train
7817,141_293,0,train
7818,141_293,0,train
7819,141_293,0,train
7820,141_293,0,train
7821,141_293,0,train
7822,141_293,0,train
7823,141_293,0,train
7824,141_293,0,train
7825,141_293,0,train
7826,141_293,0,train
7827,141_294,0,train
7828,141_294,0,train
7829,141_294,0,train
7830,141_294,0,train
7831,141_294,0,train
7832,141_294,0,train
7833,141_294,0,train
7834,141_294,0,train
7835,141_294,0,train
7836,141_294,0,train
7837,141_294,0,train
7838,141_294,0,train
7839,141_294,0,train
7840,141_294,0,train
7841,141_294,0,train
7842,141_294,0,train
7843,141_294,0,train
7844,141_294,0,train
7845,141_294,0,train
7846,141_294,0,train
7847,141_294,0,train
7848,141_294,0,train
7849,141_294,0,train
7850,141_294,0,train
7851,141_294,0,train
7852,141_294,0,train
7853,141_294,0,train
7854,141_294,0,train
7855,141_294,0,train
7856,141_294,0,train
7857,141_294,0,train
7858,141_294,0,train
7859,141_294,0,train
7860,141_294,0,train
7861,141_294,0,train
7862,141_294,0,train
7863,141_293,0,train
7864,141_293,0,train
7865,141_293,0,train
7866,141_293,0,train
7867,141_293,0,train
7868,141_293,0,train
7869,141_293,0,train
7870,141_293,0,train
7871,141_293,0,train
7872,141_293,0,train
7873,141_293,0,train
7874,141_293,0,train
7875,141_293,0,train
7876,141_293,0,train
7877,141_293,0,train
7878,141_293,0,train
7879,141_293,0,train
7880,141_293,0,train
7881,141_293,0,train
7882,141_293,0,train
7883,140_294,0,train
7884,140_294,0,train
7885,140_294,0,train
7886,140_294,0,train
7887,140_294,0,train
7888,140_294,0,train
7889,140_294,0,train
7890,140_294,0,train
7891,140_294,0,train
7892,140_294,0,train
7893,140_294,0,train
7894,140_294,0,train
7895,140_294,0,train
7896,140_294,0,train
7897,140_294,0,train
7898,140_294,0,train
7899,140_294,0,train
7900,140_294,0,train
7901,140_294,0,train
7902,140_294,0,train
7903,140_294,0,train
7904,140_294,0,train
7905,140_294,0,train
7906,140_294,0,train
7907,140_294,0,train
7908,140_294,0,train
7909,140_294,0,train
7910,140_294,0,train
7911,141_294,0,train
7912,141_294,0,train
7913,141_294,0,train
7914,141_294,0,train
7915,141_294,0,train
7916,141_294,0,train
7917,141_294,0,train
7918,141_294,0,train
7919,140_293,0,validation
7920,140_293,0,validation
7921,139_292,0,test
7922,139_292,0,test
7923,139_292,0,test
7924,139_292,0,test
7925,139_292,0,test
7926,139_292,0,test
7927,139_292,0,test
7928,141_293,0,train
7929,141_293,0,train
7930,141_293,0,train
7931,141_293,0,train
7932,141_293,0,train
7933,141_293,0,train
7934,141_293,0,train
7935,141_293,0,train
7936,141_293,0,train
7937,141_293,0,train
7938,140_294,0,train
7939,140_294,0,train
7940,140_294,0,train
7941,140_294,0,train
7942,140_294,0,train
7943,140_294,0,train
7944,140_294,0,train
7945,140_294,0,train
7946,140_294,0,train
7947,141_293,0,train
7948,141_293,0,train
7949,141_293,0,train
7950,141_293,0,train
7951,141_293,0,train
7952,141_293,0,train
7953,141_293,0,train
7954,141_293,0,train
7955,141_293,0,train
7956,141_293,0,train
7957,141_293,0,train
7958,141_293,0,train
7959,141_293,0,train
7960,141_293,0,train
7961,140_295,0,train
7962,140_294,0,train
7963,140_294,0,train
7964,140_294,0,train
7965,140_294,0,train
7966,140_294,0,train
7967,140_293,0,validation
7968,140_294,0,train
7969,140_294,0,train
7970,140_294,0,train
7971,140_294,0,train
7972,140_294,0,train
7973,140_294,0,train
7974,140_294,0,train
7975,140_294,0,train
7976,140_294,0,train
7977,140_294,0,train
7978,140_294,0,train
7979,140_294,0,train
7980,140_294,0,train
7981,140_294,0,train
7982,140_294,0,train
7983,140_294,0,train
7984,140_294,0,train
7985,140_294,0,train
7986,140_294,0,train
7987,140_294,0,train
7988,140_294,0,train
7989,140_294,0,train
7990,140_294,0,train
7991,140_294,0,train
7992,140_294,0,train
7993,140_294,0,train
7994,140_294,0,train
7995,140_294,0,train
7996,140_294,0,train
7997,140_294,0,train
7998,140_294,0,train
7999,140_294,0,train
8000,140_294,0,train
8001,141_294,0,train
8002,141_293,0,train
8003,141_293,0,train
8004,141_293,0,train
8005,140_293,0,validation
8006,139_293,0,train
8007,139_293,0,train
8008,139_293,0,train
8009,139_293,0,train
8010,139_293,0,train
8011,139_293,0,train
8012,139_293,0,train
8013,139_293,0,train
8014,139_293,0,train
8015,139_293,0,train
8016,140_293,0,validation
8017,140_294,0,train
8018,140_294,0,train
8019,140_294,0,train
8020,140_294,0,train
8021,140_294,0,train
8022,140_294,0,train
8023,140_294,0,train
8024,140_294,0,train
8025,140_294,0,train
8026,140_294,0,train
8027,140_294,0,train
8028,140_294,0,train
8029,140_294,0,train
8030,140_294,0,train
8031,140_294,0,train
8032,140_294,0,train
8033,140_294,0,train
8034,140_294,0,train
8035,141_294,0,train
8036,141_294,0,train
8037,141_294,0,train
8038,141_294,0,train
8039,140_294,0,train
8040,140_294,0,train
8041,140_294,0,train
8042,140_294,0,train
8043,140_296,0,test
8044,140_296,0,test
8045,140_296,0,test
8046,140_296,0,test
8047,140_296,0,test
8048,140_296,0,test
8049,140_296,0,test
8050,140_296,0,test
8051,140_296,0,test
8052,140_296,0,test
8053,140_296,0,test
8054,140_296,0,test
8055,140_296,0,test
8056,140_295,0,train
8057,140_295,0,train
8058,140_295,0,train
8059,140_296,0,test
8060,140_296,0,test
8061,140_296,0,test
8062,140_296,0,test
8063,140_295,0,train
8064,140_296,0,test
8065,140_295,0,train
8066,140_296,0,test
8067,140_295,0,train
8068,140_295,0,train
8069,140_295,0,train
8070,140_295,0,train
8071,140_295,0,train
8072,140_295,0,train
8073,140_295,0,train
8074,140_295,0,train
8075,140_295,0,train
8076,140_295,0,train
8077,140_295,0,train
8078,140_295,0,train
8079,140_295,0,train
8080,140_295,0,train
8081,140_295,0,train
8082,140_295,0,train
8083,140_295,0,train
8084,140_295,0,train
8085,140_295,0,train
8086,140_296,0,test
8087,140_295,0,train
8088,140_295,0,train
8089,140_295,0,train
8090,140_295,0,train
8091,140_296,0,test
8092,140_296,0,test
8093,140_296,0,test
8094,140_296,0,test
8095,140_296,0,test
8096,139_296,0,train
8097,139_296,0,train
8098,139_296,0,train
8099,139_296,0,train
8100,139_296,0,train
8101,139_295,0,validation
8102,139_295,0,validation
8103,139_295,0,validation
8104,139_295,0,validation
8105,139_295,0,validation
8106,139_295,0,validation
8107,139_296,0,train
8108,139_296,0,train
8109,139_296,0,train
8110,139_296,0,train
8111,139_296,0,train
8112,139_295,0,validation
8113,139_295,0,validation
8114,140_295,0,train
8115,140_296,0,test
8116,140_296,0,test
8117,139_296,0,train
8118,140_296,0,test
8119,140_296,0,test
8120,140_296,0,test
8121,140_296,0,test
8122,140_296,0,test
8123,140_295,0,train
8124,140_296,0,test
8125,140_295,0,train
8126,140_295,0,train
8127,140_296,0,test
8128,140_295,0,train
8129,140_295,0,train
8130,140_295,0,train
8131,140_295,0,train
8132,140_296,0,test
8133,140_296,0,test
8134,140_296,0,test
8135,140_296,0,test
8136,140_296,0,test
8137,140_296,0,test
8138,139_296,0,train
8139,139_296,0,train
8140,139_296,0,train
8141,139_296,0,train
8142,139_295,0,validation
8143,139_295,0,validation
8144,139_295,0,validation
8145,139_295,0,validation
8146,139_295,0,validation
8147,139_295,0,validation
8148,139_295,0,validation
8149,140_295,0,train
8150,140_295,0,train
8151,140_295,0,train
8152,140_295,0,train
8153,140_295,0,train
8154,140_295,0,train
8155,140_295,0,train
8156,139_295,0,validation
8157,139_295,0,validation
8158,140_295,0,train
8159,140_295,0,train
8160,140_295,0,train
8161,141_295,0,validation
8162,140_295,0,train
8163,140_295,0,train
8164,141_295,0,validation
8165,140_295,0,train
8166,140_295,0,train
8167,140_295,0,train
8168,140_295,0,train
8169,140_295,0,train
8170,140_295,0,train
8171,140_295,0,train
8172,139_295,0,validation
8173,140_295,0,train
8174,139_295,0,validation
8175,140_295,0,train
8176,140_295,0,train
8177,140_295,0,train
8178,140_295,0,train
8179,140_295,0,train
8180,140_295,0,train
8181,140_295,0,train
8182,139_295,0,validation
8183,139_294,0,test
8184,139_294,0,test
8185,139_294,0,test
8186,140_294,0,train
8187,140_294,0,train
8188,140_294,0,train
8189,140_294,0,train
8190,140_294,0,train
8191,140_294,0,train
8192,140_295,0,train
8193,140_294,0,train
8194,140_294,0,train
8195,140_295,0,train
8196,140_295,0,train
8197,140_295,0,train
8198,140_295,0,train
8199,140_295,0,train
8200,140_295,0,train
8201,140_295,0,train
8202,140_295,0,train
8203,140_295,0,train
8204,140_295,0,train
8205,140_295,0,train
8206,141_295,0,validation
8207,140_295,0,train
8208,140_295,0,train
8209,140_295,0,train
8210,140_295,0,train
8211,140_295,0,train
8212,139_294,0,test
8213,139_294,0,test
8214,139_294,0,test
8215,139_294,0,test
8216,139_294,0,test
8217,139_294,0,test
8218,139_295,0,validation
8219,139_295,0,validation
8220,139_295,0,validation
8221,139_295,0,validation
8222,139_295,0,validation
8223,139_295,0,validation
8224,139_295,0,validation
8225,139_295,0,validation
8226,139_295,0,validation
8227,140_295,0,train
8228,140_295,0,train
8229,140_295,0,train
8230,140_295,0,train
8231,140_295,0,train
8232,140_295,0,train
8233,139_295,0,validation
8234,139_295,0,validation
8235,139_295,0,validation
8236,139_295,0,validation
8237,140_295,0,train
8238,140_295,0,train
8239,140_295,0,train
8240,140_295,0,train
8241,140_295,0,train
8242,140_295,0,train
8243,140_295,0,train
8244,140_295,0,train
8245,140_295,0,train
8246,139_295,0,validation
8247,139_295,0,validation
8248,139_295,0,validation
8249,139_295,0,validation
8250,139_295,0,validation
8251,139_295,0,validation
8252,139_295,0,validation
8253,139_295,0,validation
8254,139_295,0,validation
8255,139_295,0,validation
8256,139_295,0,validation
8257,139_295,0,validation
8258,139_295,0,validation
8259,139_295,0,validation
8260,139_295,0,validation
8261,139_295,0,validation
8262,139_295,0,validation
8263,139_295,0,validation
8264,139_295,0,validation
8265,139_295,0,validation
8266,139_295,0,validation
8267,139_296,0,train
8268,139_296,0,train
8269,139_296,0,train
8270,140_295,0,train
8271,140_296,0,test
8272,140_295,0,train
8273,140_296,0,test
8274,140_296,0,test
8275,140_296,0,test
8276,140_296,0,test
8277,140_296,0,test
8278,140_296,0,test
8279,140_296,0,test
8280,140_296,0,test
8281,140_296,0,test
8282,140_296,0,test
8283,140_296,0,test
8284,140_296,0,test
8285,140_296,0,test
8286,140_296,0,test
8287,140_296,0,test
8288,140_296,0,test
8289,140_296,0,test
8290,140_296,0,test
8291,140_296,0,test
8292,140_296,0,test
8293,140_296,0,test
8294,140_296,0,test
8295,140_296,0,test
8296,140_296,0,test
8297,140_296,0,test
8298,139_296,0,train
8299,139_296,0,train
8300,139_296,0,train
8301,139_296,0,train
8302,139_296,0,train
8303,139_296,0,train
8304,139_296,0,train
8305,139_296,0,train
8306,139_296,0,train
8307,139_296,0,train
8308,139_295,0,validation
8309,139_295,0,validation
8310,139_295,0,validation
8311,139_296,0,train
8312,139_296,0,train
8313,139_296,0,train
8314,139_296,0,train
8315,139_296,0,train
8316,139_296,0,train
8317,139_296,0,train
8318,139_296,0,train
8319,140_296,0,test
8320,141_299,0,train
8321,141_299,0,train
8322,141_299,0,train
8323,141_299,0,train
8324,141_299,0,train
8325,141_299,0,train
8326,141_299,0,train
8327,141_299,0,train
8328,140_299,0,train
8329,140_299,0,train
8330,141_299,0,train
8331,141_300,0,validation
8332,141_300,0,validation
8333,141_300,0,validation
8334,141_300,0,validation
8335,141_300,0,validation
8336,141_300,0,validation
8337,141_300,0,validation
8338,141_300,0,validation
8339,141_300,0,validation
8340,141_300,0,validation
8341,141_300,0,validation
8342,141_300,0,validation
8343,141_300,0,validation
8344,140_300,0,train
8345,140_300,0,train
8346,140_300,0,train
8347,141_300,0,validation
8348,141_300,0,validation
8349,141_300,0,validation
8350,141_300,0,validation
8351,141_300,0,validation
8352,141_300,0,validation
8353,141_300,0,validation
8354,141_299,0,train
8355,140_300,0,train
8356,140_300,0,train
8357,140_300,0,train
8358,140_300,0,train
8359,140_300,0,train
8360,141_300,0,validation
8361,141_300,0,validation
8362,141_300,0,validation
8363,141_300,0,validation
8364,141_300,0,validation
8365,141_300,0,validation
8366,141_300,0,validation
8367,141_300,0,validation
8368,141_300,0,validation
8369,141_300,0,validation
8370,141_300,0,validation
8371,141_300,0,validation
8372,141_300,0,validation
8373,141_300,0,validation
8374,141_300,0,validation
8375,141_300,0,validation
8376,141_300,0,validation
8377,141_300,0,validation
8378,141_300,0,validation
8379,141_300,0,validation
8380,141_300,0,validation
8381,141_300,0,validation
8382,141_300,0,validation
8383,141_300,0,validation
8384,141_300,0,validation
8385,139_300,0,train
8386,140_301,0,test
8387,140_300,0,train
8388,140_300,0,train
8389,140_300,0,train
8390,140_300,0,train
8391,140_300,0,train
8392,140_300,0,train
8393,140_300,0,train
8394,140_300,0,train
8395,140_300,0,train
8396,140_300,0,train
8397,140_300,0,train
8398,140_301,0,test
8399,140_301,0,test
8400,140_301,0,test
8401,140_299,0,train
8402,140_299,0,train
8403,140_299,0,train
8404,140_299,0,train
8405,140_299,0,train
8406,140_299,0,train
8407,140_299,0,train
8408,140_299,0,train
8409,140_299,0,train
8410,140_299,0,train
8411,140_299,0,train
8412,140_299,0,train
8413,140_299,0,train
8414,140_299,0,train
8415,140_299,0,train
8416,141_299,0,train
8417,141_300,0,validation
8418,141_300,0,validation
8419,140_299,0,train
8420,140_299,0,train
8421,140_299,0,train
8422,140_299,0,train
8423,140_300,0,train
8424,139_300,0,train
8425,139_300,0,train
8426,139_300,0,train
8427,139_300,0,train
8428,139_300,0,train
8429,139_300,0,train
8430,139_298,0,train
8431,139_298,0,train
8432,139_298,0,train
8433,139_298,0,train
8434,139_298,0,train
8435,139_298,0,train
8436,139_298,0,train
8437,139_298,0,train
8438,139_299,0,train
8439,139_299,0,train
8440,139_299,0,train
8441,139_299,0,train
8442,139_299,0,train
8443,140_300,0,train
8444,140_300,0,train
8445,140_300,0,train
8446,140_300,0,train
8447,140_300,0,train
8448,140_300,0,train
8449,140_300,0,train
8450,140_300,0,train
8451,140_300,0,train
8452,141_300,0,validation
8453,140_300,0,train
8454,140_300,0,train
8455,140_300,0,train
8456,140_300,0,train
8457,140_300,0,train
8458,138_300,0,test
8459,138_300,0,test
8460,138_300,0,test
8461,138_300,0,test
8462,138_300,0,test
8463,138_300,0,test
8464,138_300,0,test
8465,138_300,0,test
8466,138_300,0,test
8467,138_300,0,test
8468,139_300,0,train
8469,139_300,0,train
8470,139_300,0,train
8471,139_300,0,train
8472,139_300,0,train
8473,139_300,0,train
8474,139_300,0,train
8475,139_300,0,train
8476,139_299,0,train
8477,140_299,0,train
8478,140_299,0,train
8479,140_300,0,train
8480,140_301,0,test
8481,138_300,0,test
8482,138_300,0,test
8483,138_300,0,test
8484,138_300,0,test
8485,138_300,0,test
8486,138_300,0,test
8487,138_300,0,test
8488,138_300,0,test
8489,138_300,0,test
8490,138_300,0,test
8491,138_300,0,test
8492,138_300,0,test
8493,138_300,0,test
8494,138_300,0,test
8495,138_300,0,test
8496,138_300,0,test
8497,138_300,0,test
8498,138_300,0,test
8499,138_300,0,test
8500,138_300,0,test
8501,138_300,0,test
8502,138_300,0,test
8503,138_300,0,test
8504,138_300,0,test
8505,138_300,0,test
8506,138_300,0,test
8507,138_300,0,test
8508,138_300,0,test
8509,138_300,0,test
8510,139_300,0,train
8511,139_300,0,train
8512,139_300,0,train
8513,139_300,0,train
8514,139_300,0,train
8515,139_300,0,train
8516,139_300,0,train
8517,139_300,0,train
8518,139_300,0,train
8519,139_301,0,validation
8520,139_300,0,train
8521,139_300,0,train
8522,139_300,0,train
8523,139_300,0,train
8524,139_300,0,train
8525,139_300,0,train
8526,139_300,0,train
8527,139_300,0,train
8528,139_300,0,train
8529,139_300,0,train
8530,139_300,0,train
8531,139_300,0,train
8532,139_300,0,train
8533,139_300,0,train
8534,139_300,0,train
8535,139_300,0,train
8536,140_301,0,test
8537,140_301,0,test
8538,140_301,0,test
8539,140_301,0,test
8540,140_301,0,test
8541,140_301,0,test
8542,140_301,0,test
8543,140_301,0,test
8544,140_301,0,test
8545,140_301,0,test
8546,140_301,0,test
8547,140_301,0,test
8548,140_301,0,test
8549,140_300,0,train
8550,140_300,0,train
8551,140_301,0,test
8552,140_301,0,test
8553,140_300,0,train
8554,140_300,0,train
8555,140_300,0,train
8556,140_300,0,train
8557,140_300,0,train
8558,140_300,0,train
8559,140_300,0,train
8560,140_300,0,train
8561,140_301,0,test
8562,140_301,0,test
8563,140_301,0,test
8564,140_301,0,test
8565,140_301,0,test
8566,140_301,0,test
8567,140_301,0,test
8568,140_301,0,test
8569,140_301,0,test
8570,140_301,0,test
8571,140_301,0,test
8572,140_301,0,test
8573,140_301,0,test
8574,140_301,0,test
8575,140_301,0,test
8576,140_301,0,test
8577,140_301,0,test
8578,140_301,0,test
8579,140_301,0,test
8580,140_301,0,test
8581,140_301,0,test
8582,140_301,0,test
8583,140_301,0,test
8584,140_301,0,test
8585,140_301,0,test
8586,140_301,0,test
8587,140_301,0,test
8588,140_301,0,test
8589,140_301,0,test
8590,140_301,0,test
8591,140_301,0,test
8592,140_301,0,test
8593,140_301,0,test
8594,140_301,0,test
8595,140_301,0,test
8596,140_301,0,test
8597,140_301,0,test
8598,140_301,0,test
8599,140_301,0,test
8600,140_301,0,test
8601,140_301,0,test
8602,140_301,0,test
8603,140_301,0,test
8604,140_301,0,test
8605,140_301,0,test
8606,140_301,0,test
8607,140_301,0,test
8608,140_301,0,test
8609,140_301,0,test
8610,141_301,0,train
8611,141_301,0,train
8612,140_301,0,test
8613,140_301,0,test
8614,140_301,0,test
8615,141_301,0,train
8616,141_301,0,train
8617,141_301,0,train
8618,141_301,0,train
8619,141_301,0,train
8620,141_301,0,train
8621,140_300,0,train
8622,140_301,0,test
8623,140_300,0,train
8624,140_300,0,train
8625,140_300,0,train
8626,140_300,0,train
8627,140_300,0,train
8628,140_300,0,train
8629,140_300,0,train
8630,140_300,0,train
8631,140_300,0,train
8632,140_300,0,train
8633,140_300,0,train
8634,140_300,0,train
8635,140_300,0,train
8636,140_300,0,train
8637,140_300,0,train
8638,140_300,0,train
8639,140_300,0,train
8640,140_300,0,train
8641,140_300,0,train
8642,140_300,0,train
8643,141_300,0,validation
8644,140_300,0,train
8645,141_300,0,validation
8646,141_300,0,validation
8647,141_300,0,validation
8648,141_300,0,validation
8649,141_300,0,validation
8650,141_300,0,validation
8651,141_300,0,validation
8652,141_301,0,train
8653,141_301,0,train
8654,141_301,0,train
8655,141_300,0,validation
8656,141_300,0,validation
8657,141_300,0,validation
8658,141_300,0,validation
8659,141_301,0,train
8660,141_301,0,train
8661,141_301,0,train
8662,141_300,0,validation
8663,141_300,0,validation
8664,141_300,0,validation
8665,141_300,0,validation
8666,141_300,0,validation
8667,139_298,0,train
8668,139_298,0,train
8669,139_299,0,train
8670,139_299,0,train
8671,139_299,0,train
8672,139_299,0,train
8673,139_299,0,train
8674,139_299,0,train
8675,139_299,0,train
8676,139_299,0,train
8677,139_299,0,train
8678,139_299,0,train
8679,139_299,0,train
8680,138_300,0,test
8681,138_300,0,test
8682,138_300,0,test
8683,138_300,0,test
8684,138_300,0,test
8685,138_300,0,test
8686,138_300,0,test
8687,138_300,0,test
8688,138_300,0,test
8689,138_300,0,test
8690,138_300,0,test
8691,139_299,0,train
8692,139_299,0,train
8693,139_299,0,train
8694,139_300,0,train
8695,139_300,0,train
8696,139_299,0,train
8697,139_299,0,train
8698,139_299,0,train
8699,139_299,0,train
8700,139_299,0,train
8701,139_299,0,train
8702,139_299,0,train
8703,139_299,0,train
8704,139_299,0,train
8705,139_299,0,train
8706,139_299,0,train
8707,139_299,0,train
8708,139_299,0,train
8709,139_299,0,train
8710,139_299,0,train
8711,139_299,0,train
8712,139_299,0,train
8713,139_299,0,train
8714,139_299,0,train
8715,139_299,0,train
8716,139_299,0,train
8717,139_299,0,train
8718,139_300,0,train
8719,139_300,0,train
8720,139_299,0,train
8721,139_299,0,train
8722,139_298,0,train
8723,139_298,0,train
8724,139_298,0,train
8725,139_298,0,train
8726,139_298,0,train
8727,139_298,0,train
8728,139_298,0,train
8729,139_299,0,train
8730,139_299,0,train
8731,139_299,0,train
8732,139_298,0,train
8733,139_299,0,train
8734,139_298,0,train
8735,139_298,0,train
8736,139_299,0,train
8737,139_298,0,train
8738,139_298,0,train
8739,139_298,0,train
8740,139_299,0,train
8741,139_299,0,train
8742,139_299,0,train
8743,139_299,0,train
8744,139_299,0,train
8745,139_299,0,train
8746,139_299,0,train
8747,139_299,0,train
8748,139_299,0,train
8749,139_299,0,train
8750,139_299,0,train
8751,139_300,0,train
8752,140_299,0,train
8753,139_299,0,train
8754,139_299,0,train
8755,139_299,0,train
8756,139_299,0,train
8757,140_300,0,train
8758,140_299,0,train
8759,140_299,0,train
8760,140_299,0,train
8761,140_299,0,train
8762,140_299,0,train
8763,140_299,0,train
8764,140_299,0,train
8765,140_299,0,train
8766,140_299,0,train
8767,140_300,0,train
8768,140_300,0,train
8769,140_299,0,train
8770,140_299,0,train
8771,140_300,0,train
8772,140_299,0,train
8773,140_300,0,train
8774,140_300,0,train
8775,140_300,0,train
8776,140_300,0,train
8777,140_300,0,train
8778,140_300,0,train
8779,140_300,0,train
8780,140_300,0,train
8781,140_300,0,train
8782,140_300,0,train
8783,140_300,0,train
8784,140_300,0,train
8785,140_300,0,train
8786,140_300,0,train
8787,140_300,0,train
8788,140_300,0,train
8789,140_300,0,train
8790,140_300,0,train
8791,140_300,0,train
8792,140_300,0,train
8793,140_301,0,test
8794,140_301,0,test
8795,140_299,0,train
8796,140_300,0,train
8797,140_300,0,train
8798,140_300,0,train
8799,140_301,0,test
8800,141_299,0,train
8801,141_300,0,validation
8802,141_300,0,validation
8803,141_300,0,validation
8804,141_300,0,validation
8805,141_299,0,train
8806,141_299,0,train
